t,scenario,true_x,true_y,wifi_degraded,vlp_blocked,mixed_dynamic,method,pred_cell_id,pred_x,pred_y,max_prob,signal_variant
0,s1_clean,3.50146586178358,2.794545781008381,False,False,False,wifi_only,22,2.5,2.5,0.21204515754376208,raw
0,s1_clean,3.50146586178358,2.794545781008381,False,False,False,vlp_only,23,3.5,2.5,0.9999999999010003,raw
0,s1_clean,3.50146586178358,2.794545781008381,False,False,False,static_fusion,23,3.5,2.5,0.5240049126319464,raw
1,s1_clean,3.8334314692961406,3.0879105600798664,False,False,False,wifi_only,24,4.5,2.5,0.17465187226501744,raw
1,s1_clean,3.8334314692961406,3.0879105600798664,False,False,False,vlp_only,33,3.5,3.5,0.9999999999010002,raw
1,s1_clean,3.8334314692961406,3.0879105600798664,False,False,False,static_fusion,33,3.5,3.5,0.5153860649333832,raw
2,s1_clean,4.0456173120900445,3.1263296245930507,False,False,False,wifi_only,14,4.5,1.5,0.1966353879610293,raw
2,s1_clean,4.0456173120900445,3.1263296245930507,False,False,False,vlp_only,33,3.5,3.5,0.7415492548638819,raw
2,s1_clean,4.0456173120900445,3.1263296245930507,False,False,False,static_fusion,33,3.5,3.5,0.4018576102586017,raw
3,s1_clean,4.42592581634721,3.113695449768073,False,False,False,wifi_only,43,3.5,4.5,0.13382183234931458,raw
3,s1_clean,4.42592581634721,3.113695449768073,False,False,False,vlp_only,24,4.5,2.5,0.9999999999010002,raw
3,s1_clean,4.42592581634721,3.113695449768073,False,False,False,static_fusion,24,4.5,2.5,0.521990692669944,raw
4,s1_clean,4.708255729915193,3.19039433570727,False,False,False,wifi_only,34,4.5,3.5,0.19404618107292934,raw
4,s1_clean,4.708255729915193,3.19039433570727,False,False,False,vlp_only,34,4.5,3.5,0.9999999999010002,raw
4,s1_clean,4.708255729915193,3.19039433570727,False,False,False,static_fusion,34,4.5,3.5,0.5970230904869649,raw
5,s1_clean,4.978762662726669,3.137730843885924,False,False,False,wifi_only,34,4.5,3.5,0.17713119203490285,raw
5,s1_clean,4.978762662726669,3.137730843885924,False,False,False,vlp_only,34,4.5,3.5,0.9999999999010002,raw
5,s1_clean,4.978762662726669,3.137730843885924,False,False,False,static_fusion,34,4.5,3.5,0.5885655959679514,raw
6,s1_clean,5.202025987228208,3.1529819162085304,False,False,False,wifi_only,34,4.5,3.5,0.19498413989530594,raw
6,s1_clean,5.202025987228208,3.1529819162085304,False,False,False,vlp_only,35,5.5,3.5,0.9999999999010002,raw
6,s1_clean,5.202025987228208,3.1529819162085304,False,False,False,static_fusion,35,5.5,3.5,0.5717660657013046,raw
7,s1_clean,5.347337808465035,3.292281793156062,False,False,False,wifi_only,34,4.5,3.5,0.19672344102249018,raw
7,s1_clean,5.347337808465035,3.292281793156062,False,False,False,vlp_only,35,5.5,3.5,0.9999999999010002,raw
7,s1_clean,5.347337808465035,3.292281793156062,False,False,False,static_fusion,35,5.5,3.5,0.554513100417879,raw
8,s1_clean,5.716827179474,3.58088982297864,False,False,False,wifi_only,45,5.5,4.5,0.17614953945185388,raw
8,s1_clean,5.716827179474,3.58088982297864,False,False,False,vlp_only,35,5.5,3.5,0.9999999999010002,raw
8,s1_clean,5.716827179474,3.58088982297864,False,False,False,static_fusion,35,5.5,3.5,0.5528321428172696,raw
9,s1_clean,5.862414412197704,3.68421178879823,False,False,False,wifi_only,46,6.5,4.5,0.20246672492699785,raw
9,s1_clean,5.862414412197704,3.68421178879823,False,False,False,vlp_only,35,5.5,3.5,0.9999999999010002,raw
9,s1_clean,5.862414412197704,3.68421178879823,False,False,False,static_fusion,35,5.5,3.5,0.5455571974122512,raw
10,s1_clean,6.2621648807209205,3.865009897723677,False,False,False,wifi_only,59,9.5,5.5,0.14930054220354125,raw
10,s1_clean,6.2621648807209205,3.865009897723677,False,False,False,vlp_only,46,6.5,4.5,0.9999999998848731,raw
10,s1_clean,6.2621648807209205,3.865009897723677,False,False,False,static_fusion,46,6.5,4.5,0.5325592527285552,raw
11,s1_clean,6.386402797469953,4.000359969380765,False,False,False,wifi_only,37,7.5,3.5,0.16409861367932596,raw
11,s1_clean,6.386402797469953,4.000359969380765,False,False,False,vlp_only,46,6.5,4.5,0.9999999999010002,raw
11,s1_clean,6.386402797469953,4.000359969380765,False,False,False,static_fusion,46,6.5,4.5,0.5018917449483689,raw
12,s1_clean,6.486403725025359,4.131792507959473,False,False,False,wifi_only,36,6.5,3.5,0.19895689788343726,raw
12,s1_clean,6.486403725025359,4.131792507959473,False,False,False,vlp_only,46,6.5,4.5,0.9999999999010002,raw
12,s1_clean,6.486403725025359,4.131792507959473,False,False,False,static_fusion,46,6.5,4.5,0.5220511117637596,raw
13,s1_clean,6.594101310260236,4.146666699824417,False,False,False,wifi_only,47,7.5,4.5,0.16611304050669307,raw
13,s1_clean,6.594101310260236,4.146666699824417,False,False,False,vlp_only,47,7.5,4.5,0.9999999866358638,raw
13,s1_clean,6.594101310260236,4.146666699824417,False,False,False,static_fusion,47,7.5,4.5,0.5830565135712784,raw
14,s1_clean,6.938536691705024,4.190811224101229,False,False,False,wifi_only,56,6.5,5.5,0.1898047614990281,raw
14,s1_clean,6.938536691705024,4.190811224101229,False,False,False,vlp_only,47,7.5,4.5,0.9999999999010002,raw
14,s1_clean,6.938536691705024,4.190811224101229,False,False,False,static_fusion,47,7.5,4.5,0.5253005016094435,raw
15,s1_clean,7.095444556622987,4.3190830854397095,False,False,False,wifi_only,59,9.5,5.5,0.20885114410317665,raw
15,s1_clean,7.095444556622987,4.3190830854397095,False,False,False,vlp_only,47,7.5,4.5,0.9999999999010002,raw
15,s1_clean,7.095444556622987,4.3190830854397095,False,False,False,static_fusion,47,7.5,4.5,0.5195753187983705,raw
16,s1_clean,7.322508343984496,4.588300078241882,False,False,False,wifi_only,47,7.5,4.5,0.16024133495635728,raw
16,s1_clean,7.322508343984496,4.588300078241882,False,False,False,vlp_only,47,7.5,4.5,0.9999999999010002,raw
16,s1_clean,7.322508343984496,4.588300078241882,False,False,False,static_fusion,47,7.5,4.5,0.5801206674286787,raw
17,s1_clean,7.446193242310456,4.675563891349093,False,False,False,wifi_only,58,8.5,5.5,0.15856753459936695,raw
17,s1_clean,7.446193242310456,4.675563891349093,False,False,False,vlp_only,47,7.5,4.5,0.9999999998976559,raw
17,s1_clean,7.446193242310456,4.675563891349093,False,False,False,static_fusion,47,7.5,4.5,0.5516923071461467,raw
18,s1_clean,7.634031718409139,4.77391982605946,False,False,False,wifi_only,5,5.5,0.5,0.22782686453407117,raw
18,s1_clean,7.634031718409139,4.77391982605946,False,False,False,vlp_only,47,7.5,4.5,0.9999999989921325,raw
18,s1_clean,7.634031718409139,4.77391982605946,False,False,False,static_fusion,47,7.5,4.5,0.5033093670561499,raw
19,s1_clean,7.862727723450558,4.97492979510894,False,False,False,wifi_only,46,6.5,4.5,0.1552861398467632,raw
19,s1_clean,7.862727723450558,4.97492979510894,False,False,False,vlp_only,57,7.5,5.5,0.978811607846991,raw
19,s1_clean,7.862727723450558,4.97492979510894,False,False,False,static_fusion,57,7.5,5.5,0.5569636893364045,raw
20,s1_clean,7.939266457295782,5.129541394281456,False,False,False,wifi_only,68,8.5,6.5,0.16024845349749145,raw
20,s1_clean,7.939266457295782,5.129541394281456,False,False,False,vlp_only,58,8.5,5.5,0.954514699387597,raw
20,s1_clean,7.939266457295782,5.129541394281456,False,False,False,static_fusion,58,8.5,5.5,0.5350527578598486,raw
21,s1_clean,8.011102297567714,5.276303396065385,False,False,False,wifi_only,47,7.5,4.5,0.15992053155127017,raw
21,s1_clean,8.011102297567714,5.276303396065385,False,False,False,vlp_only,57,7.5,5.5,0.6539681363704387,raw
21,s1_clean,8.011102297567714,5.276303396065385,False,False,False,static_fusion,57,7.5,5.5,0.3860465420700821,raw
22,s1_clean,8.343062278059984,5.445902988798278,False,False,False,wifi_only,68,8.5,6.5,0.17319067227102958,raw
22,s1_clean,8.343062278059984,5.445902988798278,False,False,False,vlp_only,58,8.5,5.5,0.9997563040062983,raw
22,s1_clean,8.343062278059984,5.445902988798278,False,False,False,static_fusion,58,8.5,5.5,0.5467021312821174,raw
23,s1_clean,8.52052164720882,5.6027346910434765,False,False,False,wifi_only,58,8.5,5.5,0.1945684262397035,raw
23,s1_clean,8.52052164720882,5.6027346910434765,False,False,False,vlp_only,58,8.5,5.5,0.9999999997879983,raw
23,s1_clean,8.52052164720882,5.6027346910434765,False,False,False,static_fusion,58,8.5,5.5,0.5972842130138508,raw
24,s1_clean,8.840063415262575,5.876328672083288,False,False,False,wifi_only,68,8.5,6.5,0.15762341260818138,raw
24,s1_clean,8.840063415262575,5.876328672083288,False,False,False,vlp_only,58,8.5,5.5,0.9999997365440262,raw
24,s1_clean,8.840063415262575,5.876328672083288,False,False,False,static_fusion,58,8.5,5.5,0.5724969404967893,raw
25,s1_clean,9.133542118122302,6.275738550131283,False,False,False,wifi_only,89,9.5,8.5,0.24825354023186932,raw
25,s1_clean,9.133542118122302,6.275738550131283,False,False,False,vlp_only,69,9.5,6.5,0.9999999999010001,raw
25,s1_clean,9.133542118122302,6.275738550131283,False,False,False,static_fusion,69,9.5,6.5,0.558436530190587,raw
26,s1_clean,9.35618800793218,6.65718067016028,False,False,False,wifi_only,89,9.5,8.5,0.2341819675444655,raw
26,s1_clean,9.35618800793218,6.65718067016028,False,False,False,vlp_only,69,9.5,6.5,0.9999999999010001,raw
26,s1_clean,9.35618800793218,6.65718067016028,False,False,False,static_fusion,69,9.5,6.5,0.5597065478069073,raw
27,s1_clean,9.561103088027537,7.107641397521033,False,False,False,wifi_only,48,8.5,4.5,0.1744449650232271,raw
27,s1_clean,9.561103088027537,7.107641397521033,False,False,False,vlp_only,79,9.5,7.5,0.9999999999010001,raw
27,s1_clean,9.561103088027537,7.107641397521033,False,False,False,static_fusion,79,9.5,7.5,0.5002228400916658,raw
28,s1_clean,9.62294450389752,7.287936096739562,False,False,False,wifi_only,59,9.5,5.5,0.3991819965746391,raw
28,s1_clean,9.62294450389752,7.287936096739562,False,False,False,vlp_only,79,9.5,7.5,0.9999999999010001,raw
28,s1_clean,9.62294450389752,7.287936096739562,False,False,False,static_fusion,79,9.5,7.5,0.5498659889852573,raw
29,s1_clean,9.567042849149868,7.590650497286169,False,False,False,wifi_only,79,9.5,7.5,0.19389877966122362,raw
29,s1_clean,9.567042849149868,7.590650497286169,False,False,False,vlp_only,79,9.5,7.5,0.9999999998497598,raw
29,s1_clean,9.567042849149868,7.590650497286169,False,False,False,static_fusion,79,9.5,7.5,0.5969493897554917,raw
30,s1_clean,9.368809486427658,7.926124173973704,False,False,False,wifi_only,89,9.5,8.5,0.13928548567563018,raw
30,s1_clean,9.368809486427658,7.926124173973704,False,False,False,vlp_only,89,9.5,8.5,0.8213921001079297,raw
30,s1_clean,9.368809486427658,7.926124173973704,False,False,False,static_fusion,89,9.5,8.5,0.48033879289177994,raw
31,s1_clean,9.317903367352146,8.04732779879347,False,False,False,wifi_only,98,8.5,9.5,0.2681628083417428,raw
31,s1_clean,9.317903367352146,8.04732779879347,False,False,False,vlp_only,89,9.5,8.5,0.5773922584224901,raw
31,s1_clean,9.317903367352146,8.04732779879347,False,False,False,static_fusion,89,9.5,8.5,0.31650710046743463,raw
32,s1_clean,9.186332412855084,8.43241929333643,False,False,False,wifi_only,68,8.5,6.5,0.17058016223742117,raw
32,s1_clean,9.186332412855084,8.43241929333643,False,False,False,vlp_only,89,9.5,8.5,0.999445830423715,raw
32,s1_clean,9.186332412855084,8.43241929333643,False,False,False,static_fusion,89,9.5,8.5,0.521654325900771,raw
33,s1_clean,9.112727671229193,8.796655767469591,False,False,False,wifi_only,98,8.5,9.5,0.17522584086667245,raw
33,s1_clean,9.112727671229193,8.796655767469591,False,False,False,vlp_only,89,9.5,8.5,0.9935560850305557,raw
33,s1_clean,9.112727671229193,8.796655767469591,False,False,False,static_fusion,89,9.5,8.5,0.5096232351673995,raw
34,s1_clean,9.270799859312152,9.22745450829668,False,False,False,wifi_only,79,9.5,7.5,0.24531161702458157,raw
34,s1_clean,9.270799859312152,9.22745450829668,False,False,False,vlp_only,89,9.5,8.5,0.95679794368039,raw
34,s1_clean,9.270799859312152,9.22745450829668,False,False,False,static_fusion,89,9.5,8.5,0.5593346007476261,raw
35,s1_clean,9.423420837008932,9.422997081607893,False,False,False,wifi_only,99,9.5,9.5,0.40174127030556567,raw
35,s1_clean,9.423420837008932,9.422997081607893,False,False,False,vlp_only,99,9.5,9.5,0.9999999999010001,raw
35,s1_clean,9.423420837008932,9.422997081607893,False,False,False,static_fusion,99,9.5,9.5,0.7008706351032828,raw
36,s1_clean,9.481110661263054,9.62212971253768,False,False,False,wifi_only,99,9.5,9.5,0.25552973023616693,raw
36,s1_clean,9.481110661263054,9.62212971253768,False,False,False,vlp_only,99,9.5,9.5,0.9999999999010001,raw
36,s1_clean,9.481110661263054,9.62212971253768,False,False,False,static_fusion,99,9.5,9.5,0.6277648650685834,raw
37,s1_clean,9.541752579513968,9.92203908827878,False,False,False,wifi_only,89,9.5,8.5,0.20171563910522447,raw
37,s1_clean,9.541752579513968,9.92203908827878,False,False,False,vlp_only,99,9.5,9.5,0.9999999999010001,raw
37,s1_clean,9.541752579513968,9.92203908827878,False,False,False,static_fusion,99,9.5,9.5,0.5684212881848028,raw
38,s1_clean,9.402562603553038,9.543991147418636,False,False,False,wifi_only,79,9.5,7.5,0.15399617760329015,raw
38,s1_clean,9.402562603553038,9.543991147418636,False,False,False,vlp_only,99,9.5,9.5,0.9999999999010001,raw
38,s1_clean,9.402562603553038,9.543991147418636,False,False,False,static_fusion,99,9.5,9.5,0.5359987088071794,raw
39,s1_clean,9.44479730227728,9.391504817262849,False,False,False,wifi_only,98,8.5,9.5,0.316781327640295,raw
39,s1_clean,9.44479730227728,9.391504817262849,False,False,False,vlp_only,99,9.5,9.5,0.9999999999010001,raw
39,s1_clean,9.44479730227728,9.391504817262849,False,False,False,static_fusion,99,9.5,9.5,0.5941474129916265,raw
40,s1_clean,9.525454359161255,8.940867722935458,False,False,False,wifi_only,69,9.5,6.5,0.27686790691948726,raw
40,s1_clean,9.525454359161255,8.940867722935458,False,False,False,vlp_only,89,9.5,8.5,0.999010720467248,raw
40,s1_clean,9.525454359161255,8.940867722935458,False,False,False,static_fusion,89,9.5,8.5,0.5521877272467014,raw
41,s1_clean,9.823585243977655,8.584999463128653,False,False,False,wifi_only,89,9.5,8.5,0.13946265887009454,raw
41,s1_clean,9.823585243977655,8.584999463128653,False,False,False,vlp_only,99,9.5,9.5,0.9999999999010001,raw
41,s1_clean,9.823585243977655,8.584999463128653,False,False,False,static_fusion,99,9.5,9.5,0.5464160416368283,raw
42,s1_clean,9.694700842723162,8.966546447675274,False,False,False,wifi_only,89,9.5,8.5,0.2579934700858272,raw
42,s1_clean,9.694700842723162,8.966546447675274,False,False,False,vlp_only,99,9.5,9.5,0.9999999999010001,raw
42,s1_clean,9.694700842723162,8.966546447675274,False,False,False,static_fusion,99,9.5,9.5,0.6118791893513404,raw
43,s1_clean,9.569223421271444,9.326938465999294,False,False,False,wifi_only,99,9.5,9.5,0.454541756302066,raw
43,s1_clean,9.569223421271444,9.326938465999294,False,False,False,vlp_only,99,9.5,9.5,0.9999999999010001,raw
43,s1_clean,9.569223421271444,9.326938465999294,False,False,False,static_fusion,99,9.5,9.5,0.727270878101533,raw
44,s1_clean,9.534535416987817,9.784343768551336,False,False,False,wifi_only,99,9.5,9.5,0.35335083292890973,raw
44,s1_clean,9.534535416987817,9.784343768551336,False,False,False,vlp_only,99,9.5,9.5,0.9999999999010001,raw
44,s1_clean,9.534535416987817,9.784343768551336,False,False,False,static_fusion,99,9.5,9.5,0.6766754164149549,raw
45,s1_clean,9.54487381028695,9.92332836828298,False,False,False,wifi_only,99,9.5,9.5,0.3251865952343748,raw
45,s1_clean,9.54487381028695,9.92332836828298,False,False,False,vlp_only,99,9.5,9.5,0.9999999999010001,raw
45,s1_clean,9.54487381028695,9.92332836828298,False,False,False,static_fusion,99,9.5,9.5,0.6625932975676875,raw
46,s1_clean,9.558162041417896,9.663482828106742,False,False,False,wifi_only,99,9.5,9.5,0.2558912781570866,raw
46,s1_clean,9.558162041417896,9.663482828106742,False,False,False,vlp_only,99,9.5,9.5,0.9999999999010001,raw
46,s1_clean,9.558162041417896,9.663482828106742,False,False,False,static_fusion,99,9.5,9.5,0.6279456390290433,raw
47,s1_clean,9.5646528065164,9.424365913186056,False,False,False,wifi_only,80,0.5,8.5,0.14395345268788223,raw
47,s1_clean,9.5646528065164,9.424365913186056,False,False,False,vlp_only,99,9.5,9.5,0.9999999999010001,raw
47,s1_clean,9.5646528065164,9.424365913186056,False,False,False,static_fusion,99,9.5,9.5,0.5221278162686191,raw
48,s1_clean,9.50103939557558,9.114055937821927,False,False,False,wifi_only,98,8.5,9.5,0.31968917081342524,raw
48,s1_clean,9.50103939557558,9.114055937821927,False,False,False,vlp_only,99,9.5,9.5,0.9999999534591489,raw
48,s1_clean,9.50103939557558,9.114055937821927,False,False,False,static_fusion,99,9.5,9.5,0.6019731399244066,raw
49,s1_clean,9.414656161118282,8.731094504017625,False,False,False,wifi_only,79,9.5,7.5,0.20635662809341013,raw
49,s1_clean,9.414656161118282,8.731094504017625,False,False,False,vlp_only,89,9.5,8.5,0.9999948907451675,raw
49,s1_clean,9.414656161118282,8.731094504017625,False,False,False,static_fusion,89,9.5,8.5,0.5563656765525038,raw
50,s1_clean,9.21633605588256,8.49062670552971,False,False,False,wifi_only,99,9.5,9.5,0.29165805103795,raw
50,s1_clean,9.21633605588256,8.49062670552971,False,False,False,vlp_only,89,9.5,8.5,0.9999888504558988,raw
50,s1_clean,9.21633605588256,8.49062670552971,False,False,False,static_fusion,89,9.5,8.5,0.6373336594500197,raw
51,s1_clean,9.11760935449355,8.438577566893754,False,False,False,wifi_only,88,8.5,8.5,0.13590235050086732,raw
51,s1_clean,9.11760935449355,8.438577566893754,False,False,False,vlp_only,89,9.5,8.5,0.9999968720946576,raw
51,s1_clean,9.11760935449355,8.438577566893754,False,False,False,static_fusion,89,9.5,8.5,0.5164916270349693,raw
52,s1_clean,8.922779282926651,8.205081914366874,False,False,False,wifi_only,79,9.5,7.5,0.23851612729258678,raw
52,s1_clean,8.922779282926651,8.205081914366874,False,False,False,vlp_only,88,8.5,8.5,0.9999999853752488,raw
52,s1_clean,8.922779282926651,8.205081914366874,False,False,False,static_fusion,88,8.5,8.5,0.5226182202611239,raw
53,s1_clean,8.733693244154269,8.016610598714413,False,False,False,wifi_only,98,8.5,9.5,0.20055789659256107,raw
53,s1_clean,8.733693244154269,8.016610598714413,False,False,False,vlp_only,88,8.5,8.5,0.9983753983110878,raw
53,s1_clean,8.733693244154269,8.016610598714413,False,False,False,static_fusion,88,8.5,8.5,0.5890605681790851,raw
54,s1_clean,8.604067606013617,7.71418254806786,False,False,False,wifi_only,90,0.5,9.5,0.29259067054216037,raw
54,s1_clean,8.604067606013617,7.71418254806786,False,False,False,vlp_only,78,8.5,7.5,0.9999997760581192,raw
54,s1_clean,8.604067606013617,7.71418254806786,False,False,False,static_fusion,78,8.5,7.5,0.5018231337063942,raw
55,s1_clean,8.380292121918876,7.508518197183664,False,False,False,wifi_only,68,8.5,6.5,0.16432082550523233,raw
55,s1_clean,8.380292121918876,7.508518197183664,False,False,False,vlp_only,78,8.5,7.5,0.9999999010618577,raw
55,s1_clean,8.380292121918876,7.508518197183664,False,False,False,static_fusion,78,8.5,7.5,0.5388131309743265,raw
56,s1_clean,8.261298236940235,7.032237617033076,False,False,False,wifi_only,57,7.5,5.5,0.15984139510998271,raw
56,s1_clean,8.261298236940235,7.032237617033076,False,False,False,vlp_only,78,8.5,7.5,0.9999999986340598,raw
56,s1_clean,8.261298236940235,7.032237617033076,False,False,False,static_fusion,78,8.5,7.5,0.5179210382004824,raw
57,s1_clean,8.367834526148913,6.700942345233571,False,False,False,wifi_only,78,8.5,7.5,0.1587607105405408,raw
57,s1_clean,8.367834526148913,6.700942345233571,False,False,False,vlp_only,68,8.5,6.5,0.9999999999010001,raw
57,s1_clean,8.367834526148913,6.700942345233571,False,False,False,static_fusion,68,8.5,6.5,0.5361756203225642,raw
58,s1_clean,8.353958878788386,6.494196804329148,False,False,False,wifi_only,68,8.5,6.5,0.14137846419611697,raw
58,s1_clean,8.353958878788386,6.494196804329148,False,False,False,vlp_only,68,8.5,6.5,0.9999971538340477,raw
58,s1_clean,8.353958878788386,6.494196804329148,False,False,False,static_fusion,68,8.5,6.5,0.5706878090150824,raw
59,s1_clean,8.336546429042226,6.293616283957347,False,False,False,wifi_only,67,7.5,6.5,0.18877877227492718,raw
59,s1_clean,8.336546429042226,6.293616283957347,False,False,False,vlp_only,68,8.5,6.5,0.9999999998056593,raw
59,s1_clean,8.336546429042226,6.293616283957347,False,False,False,static_fusion,68,8.5,6.5,0.5518911350065212,raw
60,s1_clean,8.40346815147133,6.116995442632617,False,False,False,wifi_only,58,8.5,5.5,0.18270158437548403,raw
60,s1_clean,8.40346815147133,6.116995442632617,False,False,False,vlp_only,69,9.5,6.5,0.9999999999010001,raw
60,s1_clean,8.40346815147133,6.116995442632617,False,False,False,static_fusion,69,9.5,6.5,0.5219545458598918,raw
61,s1_clean,8.546844700935843,5.924881887661858,False,False,False,wifi_only,47,7.5,4.5,0.1475856133344296,raw
61,s1_clean,8.546844700935843,5.924881887661858,False,False,False,vlp_only,69,9.5,6.5,0.9999999999010001,raw
61,s1_clean,8.546844700935843,5.924881887661858,False,False,False,static_fusion,69,9.5,6.5,0.5151673610214128,raw
62,s1_clean,8.729904160776496,5.547744951919951,False,False,False,wifi_only,49,9.5,4.5,0.3711948886590173,raw
62,s1_clean,8.729904160776496,5.547744951919951,False,False,False,vlp_only,58,8.5,5.5,0.9999999999010002,raw
62,s1_clean,8.729904160776496,5.547744951919951,False,False,False,static_fusion,58,8.5,5.5,0.517209125187846,raw
63,s1_clean,8.77202584280195,5.143629060389316,False,False,False,wifi_only,48,8.5,4.5,0.1617315683141232,raw
63,s1_clean,8.77202584280195,5.143629060389316,False,False,False,vlp_only,59,9.5,5.5,0.9999999999010002,raw
63,s1_clean,8.77202584280195,5.143629060389316,False,False,False,static_fusion,59,9.5,5.5,0.5448891436339517,raw
64,s1_clean,8.718437609453172,4.97610578105409,False,False,False,wifi_only,69,9.5,6.5,0.16604354916014535,raw
64,s1_clean,8.718437609453172,4.97610578105409,False,False,False,vlp_only,49,9.5,4.5,0.9999999999010002,raw
64,s1_clean,8.718437609453172,4.97610578105409,False,False,False,static_fusion,49,9.5,4.5,0.5039409339397638,raw
65,s1_clean,8.667563530000693,4.866630764710654,False,False,False,wifi_only,48,8.5,4.5,0.1921558071239412,raw
65,s1_clean,8.667563530000693,4.866630764710654,False,False,False,vlp_only,49,9.5,4.5,0.9999999998970994,raw
65,s1_clean,8.667563530000693,4.866630764710654,False,False,False,static_fusion,49,9.5,4.5,0.5942222460071879,raw
66,s1_clean,8.542366419283344,4.760216825616967,False,False,False,wifi_only,48,8.5,4.5,0.16472495019225275,raw
66,s1_clean,8.542366419283344,4.760216825616967,False,False,False,vlp_only,48,8.5,4.5,0.9999999998944985,raw
66,s1_clean,8.542366419283344,4.760216825616967,False,False,False,static_fusion,48,8.5,4.5,0.5823624750433757,raw
67,s1_clean,8.382687489621802,4.499553999003734,False,False,False,wifi_only,47,7.5,4.5,0.1450647602364354,raw
67,s1_clean,8.382687489621802,4.499553999003734,False,False,False,vlp_only,48,8.5,4.5,0.9999999997675282,raw
67,s1_clean,8.382687489621802,4.499553999003734,False,False,False,static_fusion,48,8.5,4.5,0.5452642894477984,raw
68,s1_clean,8.31381336958047,4.356990528873265,False,False,False,wifi_only,49,9.5,4.5,0.24002028955192298,raw
68,s1_clean,8.31381336958047,4.356990528873265,False,False,False,vlp_only,48,8.5,4.5,0.9997091649605394,raw
68,s1_clean,8.31381336958047,4.356990528873265,False,False,False,static_fusion,48,8.5,4.5,0.593306401468272,raw
69,s1_clean,8.173199902177743,4.055129301838792,False,False,False,wifi_only,26,6.5,2.5,0.14529524048374648,raw
69,s1_clean,8.173199902177743,4.055129301838792,False,False,False,vlp_only,39,9.5,3.5,0.9999999999010002,raw
69,s1_clean,8.173199902177743,4.055129301838792,False,False,False,static_fusion,39,9.5,3.5,0.5362186221285434,raw
70,s1_clean,7.958876024659174,3.799783052657366,False,False,False,wifi_only,38,8.5,3.5,0.2192352420536235,raw
70,s1_clean,7.958876024659174,3.799783052657366,False,False,False,vlp_only,38,8.5,3.5,0.8401106449153339,raw
70,s1_clean,7.958876024659174,3.799783052657366,False,False,False,static_fusion,38,8.5,3.5,0.5296729434844786,raw
71,s1_clean,7.833669525191001,3.638141757452688,False,False,False,wifi_only,38,8.5,3.5,0.2635135491501777,raw
71,s1_clean,7.833669525191001,3.638141757452688,False,False,False,vlp_only,37,7.5,3.5,0.999959502788135,raw
71,s1_clean,7.833669525191001,3.638141757452688,False,False,False,static_fusion,37,7.5,3.5,0.5894716679837656,raw
72,s1_clean,7.664684483724226,3.3337804086327285,False,False,False,wifi_only,37,7.5,3.5,0.21920794634166163,raw
72,s1_clean,7.664684483724226,3.3337804086327285,False,False,False,vlp_only,37,7.5,3.5,0.999999316995701,raw
72,s1_clean,7.664684483724226,3.3337804086327285,False,False,False,static_fusion,37,7.5,3.5,0.6096036316686813,raw
73,s1_clean,7.325126662205962,3.0900072935102134,False,False,False,wifi_only,37,7.5,3.5,0.15345165021530616,raw
73,s1_clean,7.325126662205962,3.0900072935102134,False,False,False,vlp_only,37,7.5,3.5,0.9999999999010002,raw
73,s1_clean,7.325126662205962,3.0900072935102134,False,False,False,static_fusion,37,7.5,3.5,0.5767258250581532,raw
74,s1_clean,7.295614884999138,2.9887682845800643,False,False,False,wifi_only,37,7.5,3.5,0.19270011492410927,raw
74,s1_clean,7.295614884999138,2.9887682845800643,False,False,False,vlp_only,37,7.5,3.5,0.9999999999010002,raw
74,s1_clean,7.295614884999138,2.9887682845800643,False,False,False,static_fusion,37,7.5,3.5,0.5963500574125548,raw
75,s1_clean,7.296351451677773,2.798195708361908,False,False,False,wifi_only,46,6.5,4.5,0.1911054564136278,raw
75,s1_clean,7.296351451677773,2.798195708361908,False,False,False,vlp_only,27,7.5,2.5,0.9999999999010002,raw
75,s1_clean,7.296351451677773,2.798195708361908,False,False,False,static_fusion,27,7.5,2.5,0.5003144567454432,raw
76,s1_clean,7.251642624966383,2.337893241987238,False,False,False,wifi_only,17,7.5,1.5,0.3215959663431631,raw
76,s1_clean,7.251642624966383,2.337893241987238,False,False,False,vlp_only,27,7.5,2.5,0.9999996628030654,raw
76,s1_clean,7.251642624966383,2.337893241987238,False,False,False,static_fusion,27,7.5,2.5,0.5558360880359217,raw
77,s1_clean,7.191112638050282,2.11104971712342,False,False,False,wifi_only,16,6.5,1.5,0.2939965562248686,raw
77,s1_clean,7.191112638050282,2.11104971712342,False,False,False,vlp_only,27,7.5,2.5,0.9944753852602457,raw
77,s1_clean,7.191112638050282,2.11104971712342,False,False,False,static_fusion,27,7.5,2.5,0.5770354289010143,raw
78,s1_clean,7.088997127565227,1.8280730412017787,False,False,False,wifi_only,7,7.5,0.5,0.40697342174676876,raw
78,s1_clean,7.088997127565227,1.8280730412017787,False,False,False,vlp_only,17,7.5,1.5,0.9999996866586995,raw
78,s1_clean,7.088997127565227,1.8280730412017787,False,False,False,static_fusion,17,7.5,1.5,0.5620646492608427,raw
79,s1_clean,7.114586335383993,1.531713950324241,False,False,False,wifi_only,7,7.5,0.5,0.22986017952032523,raw
79,s1_clean,7.114586335383993,1.531713950324241,False,False,False,vlp_only,17,7.5,1.5,0.9999999999010003,raw
79,s1_clean,7.114586335383993,1.531713950324241,False,False,False,static_fusion,17,7.5,1.5,0.6134588263690199,raw
80,s1_clean,7.170157133048356,1.3067743629177078,False,False,False,wifi_only,6,6.5,0.5,0.2976179494944489,raw
80,s1_clean,7.170157133048356,1.3067743629177078,False,False,False,vlp_only,17,7.5,1.5,0.9999999999010003,raw
80,s1_clean,7.170157133048356,1.3067743629177078,False,False,False,static_fusion,17,7.5,1.5,0.5392391179281952,raw
81,s1_clean,7.201631077444322,1.1339839347561254,False,False,False,wifi_only,7,7.5,0.5,0.3926843853274727,raw
81,s1_clean,7.201631077444322,1.1339839347561254,False,False,False,vlp_only,7,7.5,0.5,0.9999999999010003,raw
81,s1_clean,7.201631077444322,1.1339839347561254,False,False,False,static_fusion,7,7.5,0.5,0.6963421926142362,raw
82,s1_clean,7.155776983713249,0.8528139925624313,False,False,False,wifi_only,27,7.5,2.5,0.2737359435530893,raw
82,s1_clean,7.155776983713249,0.8528139925624313,False,False,False,vlp_only,7,7.5,0.5,0.9999999999010003,raw
82,s1_clean,7.155776983713249,0.8528139925624313,False,False,False,static_fusion,7,7.5,0.5,0.5458787038634456,raw
83,s1_clean,6.976127786010122,0.4956267479912126,False,False,False,wifi_only,7,7.5,0.5,0.31625062548377597,raw
83,s1_clean,6.976127786010122,0.4956267479912126,False,False,False,vlp_only,7,7.5,0.5,0.9999999999010003,raw
83,s1_clean,6.976127786010122,0.4956267479912126,False,False,False,static_fusion,7,7.5,0.5,0.6581253126923882,raw
84,s1_clean,6.74255867268218,0.0843728881784015,False,False,False,wifi_only,29,9.5,2.5,0.23402566074210654,raw
84,s1_clean,6.74255867268218,0.0843728881784015,False,False,False,vlp_only,6,6.5,0.5,0.9999999999010003,raw
84,s1_clean,6.74255867268218,0.0843728881784015,False,False,False,static_fusion,6,6.5,0.5,0.5186274246935944,raw
85,s1_clean,7.064294392948221,0.3942671783051067,False,False,False,wifi_only,27,7.5,2.5,0.27361173786736775,raw
85,s1_clean,7.064294392948221,0.3942671783051067,False,False,False,vlp_only,7,7.5,0.5,0.9999995704365345,raw
85,s1_clean,7.064294392948221,0.3942671783051067,False,False,False,static_fusion,7,7.5,0.5,0.5441531949914072,raw
86,s1_clean,7.176188436555574,0.5060043216815018,False,False,False,wifi_only,27,7.5,2.5,0.2448523570655679,raw
86,s1_clean,7.176188436555574,0.5060043216815018,False,False,False,vlp_only,7,7.5,0.5,0.9999999999008067,raw
86,s1_clean,7.176188436555574,0.5060043216815018,False,False,False,static_fusion,7,7.5,0.5,0.5374955293715448,raw
87,s1_clean,7.307226017604519,0.5668144077417742,False,False,False,wifi_only,28,8.5,2.5,0.3239186594567572,raw
87,s1_clean,7.307226017604519,0.5668144077417742,False,False,False,vlp_only,7,7.5,0.5,0.9999999998986426,raw
87,s1_clean,7.307226017604519,0.5668144077417742,False,False,False,static_fusion,7,7.5,0.5,0.5804475489233222,raw
88,s1_clean,7.687860172244926,0.7189120364284933,False,False,False,wifi_only,28,8.5,2.5,0.3195522260467557,raw
88,s1_clean,7.687860172244926,0.7189120364284933,False,False,False,vlp_only,7,7.5,0.5,0.9999997644262896,raw
88,s1_clean,7.687860172244926,0.7189120364284933,False,False,False,static_fusion,7,7.5,0.5,0.5741068955584196,raw
89,s1_clean,7.983386792676343,0.8375621710500243,False,False,False,wifi_only,9,9.5,0.5,0.22552529309138628,raw
89,s1_clean,7.983386792676343,0.8375621710500243,False,False,False,vlp_only,7,7.5,0.5,0.9999998136408963,raw
89,s1_clean,7.983386792676343,0.8375621710500243,False,False,False,static_fusion,7,7.5,0.5,0.5342930589480134,raw
90,s1_clean,8.256293406597695,0.875446755726633,False,False,False,wifi_only,8,8.5,0.5,0.3438501466292803,raw
90,s1_clean,8.256293406597695,0.875446755726633,False,False,False,vlp_only,18,8.5,1.5,0.9999505579359592,raw
90,s1_clean,8.256293406597695,0.875446755726633,False,False,False,static_fusion,18,8.5,1.5,0.6195374873452536,raw
91,s1_clean,8.425989160054677,0.93045254740169,False,False,False,wifi_only,8,8.5,0.5,0.3341516379189668,raw
91,s1_clean,8.425989160054677,0.93045254740169,False,False,False,vlp_only,18,8.5,1.5,0.9999999999010003,raw
91,s1_clean,8.425989160054677,0.93045254740169,False,False,False,static_fusion,18,8.5,1.5,0.6275149278648628,raw
92,s1_clean,8.863055882305986,1.1231286812777777,False,False,False,wifi_only,9,9.5,0.5,0.2774010286426048,raw
92,s1_clean,8.863055882305986,1.1231286812777777,False,False,False,vlp_only,8,8.5,0.5,0.9431818632702057,raw
92,s1_clean,8.863055882305986,1.1231286812777777,False,False,False,static_fusion,8,8.5,0.5,0.5980514604291004,raw
93,s1_clean,9.23021965860404,1.1465464090231468,False,False,False,wifi_only,9,9.5,0.5,0.3371097287232457,raw
93,s1_clean,9.23021965860404,1.1465464090231468,False,False,False,vlp_only,19,9.5,1.5,0.9999973557166122,raw
93,s1_clean,9.23021965860404,1.1465464090231468,False,False,False,static_fusion,19,9.5,1.5,0.6657582866370368,raw
94,s1_clean,9.37371170551081,1.169754508811914,False,False,False,wifi_only,18,8.5,1.5,0.2773172509760843,raw
94,s1_clean,9.37371170551081,1.169754508811914,False,False,False,vlp_only,19,9.5,1.5,0.9996396380270735,raw
94,s1_clean,9.37371170551081,1.169754508811914,False,False,False,static_fusion,19,9.5,1.5,0.6213574916551714,raw
95,s1_clean,9.770217154834045,1.159649324523821,False,False,False,wifi_only,19,9.5,1.5,0.36277529274591985,raw
95,s1_clean,9.770217154834045,1.159649324523821,False,False,False,vlp_only,9,9.5,0.5,0.9999999999010003,raw
95,s1_clean,9.770217154834045,1.159649324523821,False,False,False,static_fusion,9,9.5,0.5,0.6542057708908415,raw
96,s1_clean,9.5806362152392,1.1294724581913531,False,False,False,wifi_only,19,9.5,1.5,0.3913334298453376,raw
96,s1_clean,9.5806362152392,1.1294724581913531,False,False,False,vlp_only,19,9.5,1.5,0.9991640876057456,raw
96,s1_clean,9.5806362152392,1.1294724581913531,False,False,False,static_fusion,19,9.5,1.5,0.6952487587255415,raw
97,s1_clean,9.431952925308204,0.9654622254894044,False,False,False,wifi_only,18,8.5,1.5,0.3338591781804765,raw
97,s1_clean,9.431952925308204,0.9654622254894044,False,False,False,vlp_only,19,9.5,1.5,0.9999224030014869,raw
97,s1_clean,9.431952925308204,0.9654622254894044,False,False,False,static_fusion,19,9.5,1.5,0.6335632925608597,raw
98,s1_clean,9.360595724435434,0.6120686019402459,False,False,False,wifi_only,19,9.5,1.5,0.35556458652406114,raw
98,s1_clean,9.360595724435434,0.6120686019402459,False,False,False,vlp_only,9,9.5,0.5,0.9999999999010003,raw
98,s1_clean,9.360595724435434,0.6120686019402459,False,False,False,static_fusion,9,9.5,0.5,0.6772449769649417,raw
99,s1_clean,9.26764607580253,0.4010204672213302,False,False,False,wifi_only,19,9.5,1.5,0.3180707621352132,raw
99,s1_clean,9.26764607580253,0.4010204672213302,False,False,False,vlp_only,9,9.5,0.5,0.9999999999010003,raw
99,s1_clean,9.26764607580253,0.4010204672213302,False,False,False,static_fusion,9,9.5,0.5,0.6389999613603705,raw
0,s1_clean,3.50146586178358,2.794545781008381,False,False,False,wifi_only,22,2.5,2.5,0.21204515754376208,moving_average
0,s1_clean,3.50146586178358,2.794545781008381,False,False,False,vlp_only,23,3.5,2.5,0.9999999999010003,moving_average
0,s1_clean,3.50146586178358,2.794545781008381,False,False,False,static_fusion,23,3.5,2.5,0.5240049126319464,moving_average
1,s1_clean,3.8334314692961406,3.0879105600798664,False,False,False,wifi_only,23,3.5,2.5,0.2059017036981481,moving_average
1,s1_clean,3.8334314692961406,3.0879105600798664,False,False,False,vlp_only,33,3.5,3.5,0.9999999999010002,moving_average
1,s1_clean,3.8334314692961406,3.0879105600798664,False,False,False,static_fusion,33,3.5,3.5,0.5369904886037387,moving_average
2,s1_clean,4.0456173120900445,3.1263296245930507,False,False,False,wifi_only,23,3.5,2.5,0.1818921501810167,moving_average
2,s1_clean,4.0456173120900445,3.1263296245930507,False,False,False,vlp_only,33,3.5,3.5,0.9999999999010002,moving_average
2,s1_clean,4.0456173120900445,3.1263296245930507,False,False,False,static_fusion,33,3.5,3.5,0.5371301566933,moving_average
3,s1_clean,4.42592581634721,3.113695449768073,False,False,False,wifi_only,23,3.5,2.5,0.1562241671118848,moving_average
3,s1_clean,4.42592581634721,3.113695449768073,False,False,False,vlp_only,33,3.5,3.5,0.9999999999010002,moving_average
3,s1_clean,4.42592581634721,3.113695449768073,False,False,False,static_fusion,33,3.5,3.5,0.5633538952359505,moving_average
4,s1_clean,4.708255729915193,3.19039433570727,False,False,False,wifi_only,24,4.5,2.5,0.16636936653697848,moving_average
4,s1_clean,4.708255729915193,3.19039433570727,False,False,False,vlp_only,24,4.5,2.5,0.999999995539201,moving_average
4,s1_clean,4.708255729915193,3.19039433570727,False,False,False,static_fusion,24,4.5,2.5,0.5831846810380897,moving_average
5,s1_clean,4.978762662726669,3.137730843885924,False,False,False,wifi_only,34,4.5,3.5,0.1887583244498248,moving_average
5,s1_clean,4.978762662726669,3.137730843885924,False,False,False,vlp_only,24,4.5,2.5,0.9999999999010002,moving_average
5,s1_clean,4.978762662726669,3.137730843885924,False,False,False,static_fusion,24,4.5,2.5,0.5830253338710834,moving_average
6,s1_clean,5.202025987228208,3.1529819162085304,False,False,False,wifi_only,34,4.5,3.5,0.2002709478925718,moving_average
6,s1_clean,5.202025987228208,3.1529819162085304,False,False,False,vlp_only,34,4.5,3.5,0.9999999999010002,moving_average
6,s1_clean,5.202025987228208,3.1529819162085304,False,False,False,static_fusion,34,4.5,3.5,0.600135473896786,moving_average
7,s1_clean,5.347337808465035,3.292281793156062,False,False,False,wifi_only,34,4.5,3.5,0.20079393606394513,moving_average
7,s1_clean,5.347337808465035,3.292281793156062,False,False,False,vlp_only,34,4.5,3.5,0.9999999999010002,moving_average
7,s1_clean,5.347337808465035,3.292281793156062,False,False,False,static_fusion,34,4.5,3.5,0.6003969679824727,moving_average
8,s1_clean,5.716827179474,3.58088982297864,False,False,False,wifi_only,34,4.5,3.5,0.18768311136396013,moving_average
8,s1_clean,5.716827179474,3.58088982297864,False,False,False,vlp_only,35,5.5,3.5,0.9999999999010002,moving_average
8,s1_clean,5.716827179474,3.58088982297864,False,False,False,static_fusion,35,5.5,3.5,0.5703016862488486,moving_average
9,s1_clean,5.862414412197704,3.68421178879823,False,False,False,wifi_only,35,5.5,3.5,0.17000850228082068,moving_average
9,s1_clean,5.862414412197704,3.68421178879823,False,False,False,vlp_only,35,5.5,3.5,0.9999999999010002,moving_average
9,s1_clean,5.862414412197704,3.68421178879823,False,False,False,static_fusion,35,5.5,3.5,0.5850042510909105,moving_average
10,s1_clean,6.2621648807209205,3.865009897723677,False,False,False,wifi_only,35,5.5,3.5,0.17050646519279497,moving_average
10,s1_clean,6.2621648807209205,3.865009897723677,False,False,False,vlp_only,35,5.5,3.5,0.9999999999010002,moving_average
10,s1_clean,6.2621648807209205,3.865009897723677,False,False,False,static_fusion,35,5.5,3.5,0.5852532325468975,moving_average
11,s1_clean,6.386402797469953,4.000359969380765,False,False,False,wifi_only,35,5.5,3.5,0.17066077699942783,moving_average
11,s1_clean,6.386402797469953,4.000359969380765,False,False,False,vlp_only,35,5.5,3.5,0.9999999999010002,moving_average
11,s1_clean,6.386402797469953,4.000359969380765,False,False,False,static_fusion,35,5.5,3.5,0.585330388450214,moving_average
12,s1_clean,6.486403725025359,4.131792507959473,False,False,False,wifi_only,36,6.5,3.5,0.1717964402180513,moving_average
12,s1_clean,6.486403725025359,4.131792507959473,False,False,False,vlp_only,35,5.5,3.5,0.9999999738549079,moving_average
12,s1_clean,6.486403725025359,4.131792507959473,False,False,False,static_fusion,35,5.5,3.5,0.56402983502538,moving_average
13,s1_clean,6.594101310260236,4.146666699824417,False,False,False,wifi_only,36,6.5,3.5,0.18092403474554605,moving_average
13,s1_clean,6.594101310260236,4.146666699824417,False,False,False,vlp_only,46,6.5,4.5,0.9999999999010002,moving_average
13,s1_clean,6.594101310260236,4.146666699824417,False,False,False,static_fusion,46,6.5,4.5,0.546949147963505,moving_average
14,s1_clean,6.938536691705024,4.190811224101229,False,False,False,wifi_only,47,7.5,4.5,0.15585662506374426,moving_average
14,s1_clean,6.938536691705024,4.190811224101229,False,False,False,vlp_only,46,6.5,4.5,0.9999999365314065,moving_average
14,s1_clean,6.938536691705024,4.190811224101229,False,False,False,static_fusion,46,6.5,4.5,0.5573709156359368,moving_average
15,s1_clean,7.095444556622987,4.3190830854397095,False,False,False,wifi_only,36,6.5,3.5,0.15504601241534358,moving_average
15,s1_clean,7.095444556622987,4.3190830854397095,False,False,False,vlp_only,47,7.5,4.5,0.9999999999010002,moving_average
15,s1_clean,7.095444556622987,4.3190830854397095,False,False,False,static_fusion,47,7.5,4.5,0.574517933775881,moving_average
16,s1_clean,7.322508343984496,4.588300078241882,False,False,False,wifi_only,47,7.5,4.5,0.16039962738905814,moving_average
16,s1_clean,7.322508343984496,4.588300078241882,False,False,False,vlp_only,47,7.5,4.5,0.9999999999010002,moving_average
16,s1_clean,7.322508343984496,4.588300078241882,False,False,False,static_fusion,47,7.5,4.5,0.5801998136450291,moving_average
17,s1_clean,7.446193242310456,4.675563891349093,False,False,False,wifi_only,47,7.5,4.5,0.1373770749998312,moving_average
17,s1_clean,7.446193242310456,4.675563891349093,False,False,False,vlp_only,47,7.5,4.5,0.9999999999010002,moving_average
17,s1_clean,7.446193242310456,4.675563891349093,False,False,False,static_fusion,47,7.5,4.5,0.5686885374504157,moving_average
18,s1_clean,7.634031718409139,4.77391982605946,False,False,False,wifi_only,47,7.5,4.5,0.13768111515168488,moving_average
18,s1_clean,7.634031718409139,4.77391982605946,False,False,False,vlp_only,47,7.5,4.5,0.9999999999010002,moving_average
18,s1_clean,7.634031718409139,4.77391982605946,False,False,False,static_fusion,47,7.5,4.5,0.5688405575263425,moving_average
19,s1_clean,7.862727723450558,4.97492979510894,False,False,False,wifi_only,47,7.5,4.5,0.13613423826384202,moving_average
19,s1_clean,7.862727723450558,4.97492979510894,False,False,False,vlp_only,47,7.5,4.5,0.9999999998847281,moving_average
19,s1_clean,7.862727723450558,4.97492979510894,False,False,False,static_fusion,47,7.5,4.5,0.5680671190742849,moving_average
20,s1_clean,7.939266457295782,5.129541394281456,False,False,False,wifi_only,47,7.5,4.5,0.1426065077948056,moving_average
20,s1_clean,7.939266457295782,5.129541394281456,False,False,False,vlp_only,47,7.5,4.5,0.9999998588420198,moving_average
20,s1_clean,7.939266457295782,5.129541394281456,False,False,False,static_fusion,47,7.5,4.5,0.5713031833184127,moving_average
21,s1_clean,8.011102297567714,5.276303396065385,False,False,False,wifi_only,47,7.5,4.5,0.1421696572755151,moving_average
21,s1_clean,8.011102297567714,5.276303396065385,False,False,False,vlp_only,47,7.5,4.5,0.9999094278528701,moving_average
21,s1_clean,8.011102297567714,5.276303396065385,False,False,False,static_fusion,47,7.5,4.5,0.5710395425641923,moving_average
22,s1_clean,8.343062278059984,5.445902988798278,False,False,False,wifi_only,58,8.5,5.5,0.14448042805772776,moving_average
22,s1_clean,8.343062278059984,5.445902988798278,False,False,False,vlp_only,57,7.5,5.5,0.9394541221282259,moving_average
22,s1_clean,8.343062278059984,5.445902988798278,False,False,False,static_fusion,57,7.5,5.5,0.5283672034280134,moving_average
23,s1_clean,8.52052164720882,5.6027346910434765,False,False,False,wifi_only,58,8.5,5.5,0.16537392285696068,moving_average
23,s1_clean,8.52052164720882,5.6027346910434765,False,False,False,vlp_only,58,8.5,5.5,0.9974208370092842,moving_average
23,s1_clean,8.52052164720882,5.6027346910434765,False,False,False,static_fusion,58,8.5,5.5,0.5813973799331225,moving_average
24,s1_clean,8.840063415262575,5.876328672083288,False,False,False,wifi_only,58,8.5,5.5,0.1667910529239448,moving_average
24,s1_clean,8.840063415262575,5.876328672083288,False,False,False,vlp_only,58,8.5,5.5,0.9999944777995732,moving_average
24,s1_clean,8.840063415262575,5.876328672083288,False,False,False,static_fusion,58,8.5,5.5,0.583392765361759,moving_average
25,s1_clean,9.133542118122302,6.275738550131283,False,False,False,wifi_only,68,8.5,6.5,0.15137575698274422,moving_average
25,s1_clean,9.133542118122302,6.275738550131283,False,False,False,vlp_only,58,8.5,5.5,0.9999999962994055,moving_average
25,s1_clean,9.133542118122302,6.275738550131283,False,False,False,static_fusion,58,8.5,5.5,0.5740814111844441,moving_average
26,s1_clean,9.35618800793218,6.65718067016028,False,False,False,wifi_only,69,9.5,6.5,0.1804274803374596,moving_average
26,s1_clean,9.35618800793218,6.65718067016028,False,False,False,vlp_only,69,9.5,6.5,0.9999999999010001,moving_average
26,s1_clean,9.35618800793218,6.65718067016028,False,False,False,static_fusion,69,9.5,6.5,0.5902137401192298,moving_average
27,s1_clean,9.561103088027537,7.107641397521033,False,False,False,wifi_only,69,9.5,6.5,0.17481054238275348,moving_average
27,s1_clean,9.561103088027537,7.107641397521033,False,False,False,vlp_only,69,9.5,6.5,0.9999999999010001,moving_average
27,s1_clean,9.561103088027537,7.107641397521033,False,False,False,static_fusion,69,9.5,6.5,0.5874052711418769,moving_average
28,s1_clean,9.62294450389752,7.287936096739562,False,False,False,wifi_only,69,9.5,6.5,0.26541843366160983,moving_average
28,s1_clean,9.62294450389752,7.287936096739562,False,False,False,vlp_only,69,9.5,6.5,0.9999999999010001,moving_average
28,s1_clean,9.62294450389752,7.287936096739562,False,False,False,static_fusion,69,9.5,6.5,0.6327092167813049,moving_average
29,s1_clean,9.567042849149868,7.590650497286169,False,False,False,wifi_only,69,9.5,6.5,0.27799938251696726,moving_average
29,s1_clean,9.567042849149868,7.590650497286169,False,False,False,vlp_only,79,9.5,7.5,0.9999997482173264,moving_average
29,s1_clean,9.567042849149868,7.590650497286169,False,False,False,static_fusion,79,9.5,7.5,0.5905544332342028,moving_average
30,s1_clean,9.368809486427658,7.926124173973704,False,False,False,wifi_only,69,9.5,6.5,0.2536979245974988,moving_average
30,s1_clean,9.368809486427658,7.926124173973704,False,False,False,vlp_only,79,9.5,7.5,0.9999999999010001,moving_average
30,s1_clean,9.368809486427658,7.926124173973704,False,False,False,static_fusion,79,9.5,7.5,0.5880156132296289,moving_average
31,s1_clean,9.317903367352146,8.04732779879347,False,False,False,wifi_only,79,9.5,7.5,0.22852159322886487,moving_average
31,s1_clean,9.317903367352146,8.04732779879347,False,False,False,vlp_only,79,9.5,7.5,0.9999999946646211,moving_average
31,s1_clean,9.317903367352146,8.04732779879347,False,False,False,static_fusion,79,9.5,7.5,0.6142607939467429,moving_average
32,s1_clean,9.186332412855084,8.43241929333643,False,False,False,wifi_only,89,9.5,8.5,0.2192931790493404,moving_average
32,s1_clean,9.186332412855084,8.43241929333643,False,False,False,vlp_only,79,9.5,7.5,0.9999664579641319,moving_average
32,s1_clean,9.186332412855084,8.43241929333643,False,False,False,static_fusion,79,9.5,7.5,0.6083511789940487,moving_average
33,s1_clean,9.112727671229193,8.796655767469591,False,False,False,wifi_only,89,9.5,8.5,0.15234258987473429,moving_average
33,s1_clean,9.112727671229193,8.796655767469591,False,False,False,vlp_only,89,9.5,8.5,0.9644399655670338,moving_average
33,s1_clean,9.112727671229193,8.796655767469591,False,False,False,static_fusion,89,9.5,8.5,0.558391277720884,moving_average
34,s1_clean,9.270799859312152,9.22745450829668,False,False,False,wifi_only,89,9.5,8.5,0.1684934301039947,moving_average
34,s1_clean,9.270799859312152,9.22745450829668,False,False,False,vlp_only,89,9.5,8.5,0.9999998387321725,moving_average
34,s1_clean,9.270799859312152,9.22745450829668,False,False,False,static_fusion,89,9.5,8.5,0.5842466344180836,moving_average
35,s1_clean,9.423420837008932,9.422997081607893,False,False,False,wifi_only,99,9.5,9.5,0.21712670402523446,moving_average
35,s1_clean,9.423420837008932,9.422997081607893,False,False,False,vlp_only,89,9.5,8.5,0.9999800561080285,moving_average
35,s1_clean,9.423420837008932,9.422997081607893,False,False,False,static_fusion,89,9.5,8.5,0.5898317943745613,moving_average
36,s1_clean,9.481110661263054,9.62212971253768,False,False,False,wifi_only,89,9.5,8.5,0.20075814315634807,moving_average
36,s1_clean,9.481110661263054,9.62212971253768,False,False,False,vlp_only,89,9.5,8.5,0.9916208916564836,moving_average
36,s1_clean,9.481110661263054,9.62212971253768,False,False,False,static_fusion,89,9.5,8.5,0.5961895174064158,moving_average
37,s1_clean,9.541752579513968,9.92203908827878,False,False,False,wifi_only,99,9.5,9.5,0.24728099461939332,moving_average
37,s1_clean,9.541752579513968,9.92203908827878,False,False,False,vlp_only,99,9.5,9.5,0.9999999999010001,moving_average
37,s1_clean,9.541752579513968,9.92203908827878,False,False,False,static_fusion,99,9.5,9.5,0.6236404972601968,moving_average
38,s1_clean,9.402562603553038,9.543991147418636,False,False,False,wifi_only,89,9.5,8.5,0.24253253215110965,moving_average
38,s1_clean,9.402562603553038,9.543991147418636,False,False,False,vlp_only,99,9.5,9.5,0.9999999999010001,moving_average
38,s1_clean,9.402562603553038,9.543991147418636,False,False,False,static_fusion,99,9.5,9.5,0.6180653214727541,moving_average
39,s1_clean,9.44479730227728,9.391504817262849,False,False,False,wifi_only,99,9.5,9.5,0.2644665204331301,moving_average
39,s1_clean,9.44479730227728,9.391504817262849,False,False,False,vlp_only,99,9.5,9.5,0.9999999999010001,moving_average
39,s1_clean,9.44479730227728,9.391504817262849,False,False,False,static_fusion,99,9.5,9.5,0.632233260167065,moving_average
40,s1_clean,9.525454359161255,8.940867722935458,False,False,False,wifi_only,89,9.5,8.5,0.23298322805992855,moving_average
40,s1_clean,9.525454359161255,8.940867722935458,False,False,False,vlp_only,99,9.5,9.5,0.9999999999010001,moving_average
40,s1_clean,9.525454359161255,8.940867722935458,False,False,False,static_fusion,99,9.5,9.5,0.6035363168467076,moving_average
41,s1_clean,9.823585243977655,8.584999463128653,False,False,False,wifi_only,89,9.5,8.5,0.21070360713223013,moving_average
41,s1_clean,9.823585243977655,8.584999463128653,False,False,False,vlp_only,99,9.5,9.5,0.9999999999010001,moving_average
41,s1_clean,9.823585243977655,8.584999463128653,False,False,False,static_fusion,99,9.5,9.5,0.5804920507451581,moving_average
42,s1_clean,9.694700842723162,8.966546447675274,False,False,False,wifi_only,89,9.5,8.5,0.22393127624177883,moving_average
42,s1_clean,9.694700842723162,8.966546447675274,False,False,False,vlp_only,99,9.5,9.5,0.9999999999010001,moving_average
42,s1_clean,9.694700842723162,8.966546447675274,False,False,False,static_fusion,99,9.5,9.5,0.589853202628265,moving_average
43,s1_clean,9.569223421271444,9.326938465999294,False,False,False,wifi_only,99,9.5,9.5,0.28620499477896616,moving_average
43,s1_clean,9.569223421271444,9.326938465999294,False,False,False,vlp_only,99,9.5,9.5,0.9999999999010001,moving_average
43,s1_clean,9.569223421271444,9.326938465999294,False,False,False,static_fusion,99,9.5,9.5,0.643102497339983,moving_average
44,s1_clean,9.534535416987817,9.784343768551336,False,False,False,wifi_only,99,9.5,9.5,0.27731462795772416,moving_average
44,s1_clean,9.534535416987817,9.784343768551336,False,False,False,vlp_only,99,9.5,9.5,0.9999999999010001,moving_average
44,s1_clean,9.534535416987817,9.784343768551336,False,False,False,static_fusion,99,9.5,9.5,0.6386573139293621,moving_average
45,s1_clean,9.54487381028695,9.92332836828298,False,False,False,wifi_only,99,9.5,9.5,0.34884491076051444,moving_average
45,s1_clean,9.54487381028695,9.92332836828298,False,False,False,vlp_only,99,9.5,9.5,0.9999999999010001,moving_average
45,s1_clean,9.54487381028695,9.92332836828298,False,False,False,static_fusion,99,9.5,9.5,0.6744224553307573,moving_average
46,s1_clean,9.558162041417896,9.663482828106742,False,False,False,wifi_only,99,9.5,9.5,0.405776079731525,moving_average
46,s1_clean,9.558162041417896,9.663482828106742,False,False,False,vlp_only,99,9.5,9.5,0.9999999999010001,moving_average
46,s1_clean,9.558162041417896,9.663482828106742,False,False,False,static_fusion,99,9.5,9.5,0.7028880398162626,moving_average
47,s1_clean,9.5646528065164,9.424365913186056,False,False,False,wifi_only,99,9.5,9.5,0.3949913962713803,moving_average
47,s1_clean,9.5646528065164,9.424365913186056,False,False,False,vlp_only,99,9.5,9.5,0.9999999999010001,moving_average
47,s1_clean,9.5646528065164,9.424365913186056,False,False,False,static_fusion,99,9.5,9.5,0.6974956980861902,moving_average
48,s1_clean,9.50103939557558,9.114055937821927,False,False,False,wifi_only,99,9.5,9.5,0.4086198918055591,moving_average
48,s1_clean,9.50103939557558,9.114055937821927,False,False,False,vlp_only,99,9.5,9.5,0.9999999999010001,moving_average
48,s1_clean,9.50103939557558,9.114055937821927,False,False,False,static_fusion,99,9.5,9.5,0.7043099458532796,moving_average
49,s1_clean,9.414656161118282,8.731094504017625,False,False,False,wifi_only,99,9.5,9.5,0.3292639294155436,moving_average
49,s1_clean,9.414656161118282,8.731094504017625,False,False,False,vlp_only,99,9.5,9.5,0.9999999999010001,moving_average
49,s1_clean,9.414656161118282,8.731094504017625,False,False,False,static_fusion,99,9.5,9.5,0.6646319646582719,moving_average
50,s1_clean,9.21633605588256,8.49062670552971,False,False,False,wifi_only,99,9.5,9.5,0.2747979314270269,moving_average
50,s1_clean,9.21633605588256,8.49062670552971,False,False,False,vlp_only,89,9.5,8.5,0.9988704902301399,moving_average
50,s1_clean,9.21633605588256,8.49062670552971,False,False,False,static_fusion,89,9.5,8.5,0.5992821588129335,moving_average
51,s1_clean,9.11760935449355,8.438577566893754,False,False,False,wifi_only,99,9.5,9.5,0.20967841379960309,moving_average
51,s1_clean,9.11760935449355,8.438577566893754,False,False,False,vlp_only,89,9.5,8.5,0.9999075928799511,moving_average
51,s1_clean,9.11760935449355,8.438577566893754,False,False,False,static_fusion,89,9.5,8.5,0.5874265898986525,moving_average
52,s1_clean,8.922779282926651,8.205081914366874,False,False,False,wifi_only,99,9.5,9.5,0.23040112708804894,moving_average
52,s1_clean,8.922779282926651,8.205081914366874,False,False,False,vlp_only,89,9.5,8.5,0.9999941045477677,moving_average
52,s1_clean,8.922779282926651,8.205081914366874,False,False,False,static_fusion,89,9.5,8.5,0.609502495976485,moving_average
53,s1_clean,8.733693244154269,8.016610598714413,False,False,False,wifi_only,89,9.5,8.5,0.19245170011936436,moving_average
53,s1_clean,8.733693244154269,8.016610598714413,False,False,False,vlp_only,89,9.5,8.5,0.9999913016334879,moving_average
53,s1_clean,8.733693244154269,8.016610598714413,False,False,False,static_fusion,89,9.5,8.5,0.5962215008764261,moving_average
54,s1_clean,8.604067606013617,7.71418254806786,False,False,False,wifi_only,99,9.5,9.5,0.1953413181839116,moving_average
54,s1_clean,8.604067606013617,7.71418254806786,False,False,False,vlp_only,88,8.5,8.5,0.9999953329794874,moving_average
54,s1_clean,8.604067606013617,7.71418254806786,False,False,False,static_fusion,88,8.5,8.5,0.5636358733918968,moving_average
55,s1_clean,8.380292121918876,7.508518197183664,False,False,False,wifi_only,88,8.5,8.5,0.15642654065238895,moving_average
55,s1_clean,8.380292121918876,7.508518197183664,False,False,False,vlp_only,88,8.5,8.5,0.9842782500898731,moving_average
55,s1_clean,8.380292121918876,7.508518197183664,False,False,False,static_fusion,88,8.5,8.5,0.5703523953711309,moving_average
56,s1_clean,8.261298236940235,7.032237617033076,False,False,False,wifi_only,78,8.5,7.5,0.14666168877351735,moving_average
56,s1_clean,8.261298236940235,7.032237617033076,False,False,False,vlp_only,78,8.5,7.5,0.9999987513281056,moving_average
56,s1_clean,8.261298236940235,7.032237617033076,False,False,False,static_fusion,78,8.5,7.5,0.5733302200508115,moving_average
57,s1_clean,8.367834526148913,6.700942345233571,False,False,False,wifi_only,78,8.5,7.5,0.15493090218548083,moving_average
57,s1_clean,8.367834526148913,6.700942345233571,False,False,False,vlp_only,78,8.5,7.5,0.9999999999010001,moving_average
57,s1_clean,8.367834526148913,6.700942345233571,False,False,False,static_fusion,78,8.5,7.5,0.5774654510432404,moving_average
58,s1_clean,8.353958878788386,6.494196804329148,False,False,False,wifi_only,78,8.5,7.5,0.15083047754806822,moving_average
58,s1_clean,8.353958878788386,6.494196804329148,False,False,False,vlp_only,78,8.5,7.5,0.9999999998996572,moving_average
58,s1_clean,8.353958878788386,6.494196804329148,False,False,False,static_fusion,78,8.5,7.5,0.5754152387238627,moving_average
59,s1_clean,8.336546429042226,6.293616283957347,False,False,False,wifi_only,68,8.5,6.5,0.15533284377978157,moving_average
59,s1_clean,8.336546429042226,6.293616283957347,False,False,False,vlp_only,68,8.5,6.5,0.9999999986925405,moving_average
59,s1_clean,8.336546429042226,6.293616283957347,False,False,False,static_fusion,68,8.5,6.5,0.5776664212361611,moving_average
60,s1_clean,8.40346815147133,6.116995442632617,False,False,False,wifi_only,68,8.5,6.5,0.1585878207097626,moving_average
60,s1_clean,8.40346815147133,6.116995442632617,False,False,False,vlp_only,68,8.5,6.5,0.9999999997481029,moving_average
60,s1_clean,8.40346815147133,6.116995442632617,False,False,False,static_fusion,68,8.5,6.5,0.5792939102289327,moving_average
61,s1_clean,8.546844700935843,5.924881887661858,False,False,False,wifi_only,68,8.5,6.5,0.1548096445917471,moving_average
61,s1_clean,8.546844700935843,5.924881887661858,False,False,False,vlp_only,68,8.5,6.5,0.9999999998752986,moving_average
61,s1_clean,8.546844700935843,5.924881887661858,False,False,False,static_fusion,68,8.5,6.5,0.5774048222335229,moving_average
62,s1_clean,8.729904160776496,5.547744951919951,False,False,False,wifi_only,58,8.5,5.5,0.17312938222030397,moving_average
62,s1_clean,8.729904160776496,5.547744951919951,False,False,False,vlp_only,69,9.5,6.5,0.9999999999010001,moving_average
62,s1_clean,8.729904160776496,5.547744951919951,False,False,False,static_fusion,69,9.5,6.5,0.53983263435015,moving_average
63,s1_clean,8.77202584280195,5.143629060389316,False,False,False,wifi_only,58,8.5,5.5,0.16894496654773372,moving_average
63,s1_clean,8.77202584280195,5.143629060389316,False,False,False,vlp_only,69,9.5,6.5,0.9999999998178557,moving_average
63,s1_clean,8.77202584280195,5.143629060389316,False,False,False,static_fusion,69,9.5,6.5,0.526152267610297,moving_average
64,s1_clean,8.718437609453172,4.97610578105409,False,False,False,wifi_only,58,8.5,5.5,0.167670834527945,moving_average
64,s1_clean,8.718437609453172,4.97610578105409,False,False,False,vlp_only,58,8.5,5.5,0.9999999998984148,moving_average
64,s1_clean,8.718437609453172,4.97610578105409,False,False,False,static_fusion,58,8.5,5.5,0.5838354172131799,moving_average
65,s1_clean,8.667563530000693,4.866630764710654,False,False,False,wifi_only,59,9.5,5.5,0.16065094503337568,moving_average
65,s1_clean,8.667563530000693,4.866630764710654,False,False,False,vlp_only,58,8.5,5.5,0.9999999999001045,moving_average
65,s1_clean,8.667563530000693,4.866630764710654,False,False,False,static_fusion,58,8.5,5.5,0.5702415456091817,moving_average
66,s1_clean,8.542366419283344,4.760216825616967,False,False,False,wifi_only,59,9.5,5.5,0.16447666165181046,moving_average
66,s1_clean,8.542366419283344,4.760216825616967,False,False,False,vlp_only,59,9.5,5.5,0.9999999999010002,moving_average
66,s1_clean,8.542366419283344,4.760216825616967,False,False,False,static_fusion,59,9.5,5.5,0.5822383307764053,moving_average
67,s1_clean,8.382687489621802,4.499553999003734,False,False,False,wifi_only,58,8.5,5.5,0.15428577002711197,moving_average
67,s1_clean,8.382687489621802,4.499553999003734,False,False,False,vlp_only,49,9.5,4.5,0.9999857741863635,moving_average
67,s1_clean,8.382687489621802,4.499553999003734,False,False,False,static_fusion,49,9.5,4.5,0.5463146541459706,moving_average
68,s1_clean,8.31381336958047,4.356990528873265,False,False,False,wifi_only,48,8.5,4.5,0.16439718060604516,moving_average
68,s1_clean,8.31381336958047,4.356990528873265,False,False,False,vlp_only,48,8.5,4.5,0.9999999988874583,moving_average
68,s1_clean,8.31381336958047,4.356990528873265,False,False,False,static_fusion,48,8.5,4.5,0.5821985897467518,moving_average
69,s1_clean,8.173199902177743,4.055129301838792,False,False,False,wifi_only,48,8.5,4.5,0.18698042313489183,moving_average
69,s1_clean,8.173199902177743,4.055129301838792,False,False,False,vlp_only,48,8.5,4.5,0.9999999845602975,moving_average
69,s1_clean,8.173199902177743,4.055129301838792,False,False,False,static_fusion,48,8.5,4.5,0.5934902038475947,moving_average
70,s1_clean,7.958876024659174,3.799783052657366,False,False,False,wifi_only,48,8.5,4.5,0.16400526726191486,moving_average
70,s1_clean,7.958876024659174,3.799783052657366,False,False,False,vlp_only,48,8.5,4.5,0.999997428551322,moving_average
70,s1_clean,7.958876024659174,3.799783052657366,False,False,False,static_fusion,48,8.5,4.5,0.5820013479066183,moving_average
71,s1_clean,7.833669525191001,3.638141757452688,False,False,False,wifi_only,37,7.5,3.5,0.18947596869380212,moving_average
71,s1_clean,7.833669525191001,3.638141757452688,False,False,False,vlp_only,39,9.5,3.5,0.9999999999010002,moving_average
71,s1_clean,7.833669525191001,3.638141757452688,False,False,False,static_fusion,39,9.5,3.5,0.5576182184845219,moving_average
72,s1_clean,7.664684483724226,3.3337804086327285,False,False,False,wifi_only,38,8.5,3.5,0.2278254634931733,moving_average
72,s1_clean,7.664684483724226,3.3337804086327285,False,False,False,vlp_only,37,7.5,3.5,0.5144143478463095,moving_average
72,s1_clean,7.664684483724226,3.3337804086327285,False,False,False,static_fusion,38,8.5,3.5,0.3567055577744321,moving_average
73,s1_clean,7.325126662205962,3.0900072935102134,False,False,False,wifi_only,38,8.5,3.5,0.19904338963709073,moving_average
73,s1_clean,7.325126662205962,3.0900072935102134,False,False,False,vlp_only,37,7.5,3.5,0.9998254455621249,moving_average
73,s1_clean,7.325126662205962,3.0900072935102134,False,False,False,static_fusion,37,7.5,3.5,0.5921935835109201,moving_average
74,s1_clean,7.295614884999138,2.9887682845800643,False,False,False,wifi_only,37,7.5,3.5,0.2149396388045835,moving_average
74,s1_clean,7.295614884999138,2.9887682845800643,False,False,False,vlp_only,37,7.5,3.5,0.9999999923504955,moving_average
74,s1_clean,7.295614884999138,2.9887682845800643,False,False,False,static_fusion,37,7.5,3.5,0.6074698155775395,moving_average
75,s1_clean,7.296351451677773,2.798195708361908,False,False,False,wifi_only,37,7.5,3.5,0.2113464296209027,moving_average
75,s1_clean,7.296351451677773,2.798195708361908,False,False,False,vlp_only,37,7.5,3.5,0.9999999999010002,moving_average
75,s1_clean,7.296351451677773,2.798195708361908,False,False,False,static_fusion,37,7.5,3.5,0.6056732147609515,moving_average
76,s1_clean,7.251642624966383,2.337893241987238,False,False,False,wifi_only,37,7.5,3.5,0.20623420434214854,moving_average
76,s1_clean,7.251642624966383,2.337893241987238,False,False,False,vlp_only,37,7.5,3.5,0.9999999999010002,moving_average
76,s1_clean,7.251642624966383,2.337893241987238,False,False,False,static_fusion,37,7.5,3.5,0.6031171021215743,moving_average
77,s1_clean,7.191112638050282,2.11104971712342,False,False,False,wifi_only,26,6.5,2.5,0.19461473374641075,moving_average
77,s1_clean,7.191112638050282,2.11104971712342,False,False,False,vlp_only,27,7.5,2.5,0.9999999999010002,moving_average
77,s1_clean,7.191112638050282,2.11104971712342,False,False,False,static_fusion,27,7.5,2.5,0.5539241830432386,moving_average
78,s1_clean,7.088997127565227,1.8280730412017787,False,False,False,wifi_only,27,7.5,2.5,0.24313379683829603,moving_average
78,s1_clean,7.088997127565227,1.8280730412017787,False,False,False,vlp_only,27,7.5,2.5,0.9999999998835087,moving_average
78,s1_clean,7.088997127565227,1.8280730412017787,False,False,False,static_fusion,27,7.5,2.5,0.6215668983609026,moving_average
79,s1_clean,7.114586335383993,1.531713950324241,False,False,False,wifi_only,27,7.5,2.5,0.2266286841093598,moving_average
79,s1_clean,7.114586335383993,1.531713950324241,False,False,False,vlp_only,27,7.5,2.5,0.9990016997182165,moving_average
79,s1_clean,7.114586335383993,1.531713950324241,False,False,False,static_fusion,27,7.5,2.5,0.6128151919137882,moving_average
80,s1_clean,7.170157133048356,1.3067743629177078,False,False,False,wifi_only,7,7.5,0.5,0.2720052282334126,moving_average
80,s1_clean,7.170157133048356,1.3067743629177078,False,False,False,vlp_only,17,7.5,1.5,0.9999909929585602,moving_average
80,s1_clean,7.170157133048356,1.3067743629177078,False,False,False,static_fusion,17,7.5,1.5,0.6263230929082577,moving_average
81,s1_clean,7.201631077444322,1.1339839347561254,False,False,False,wifi_only,7,7.5,0.5,0.3411296743113278,moving_average
81,s1_clean,7.201631077444322,1.1339839347561254,False,False,False,vlp_only,17,7.5,1.5,0.9999999998247756,moving_average
81,s1_clean,7.201631077444322,1.1339839347561254,False,False,False,static_fusion,17,7.5,1.5,0.6462349618590562,moving_average
82,s1_clean,7.155776983713249,0.8528139925624313,False,False,False,wifi_only,7,7.5,0.5,0.348621789916871,moving_average
82,s1_clean,7.155776983713249,0.8528139925624313,False,False,False,vlp_only,17,7.5,1.5,0.9999999999010003,moving_average
82,s1_clean,7.155776983713249,0.8528139925624313,False,False,False,static_fusion,17,7.5,1.5,0.6489418152423692,moving_average
83,s1_clean,6.976127786010122,0.4956267479912126,False,False,False,wifi_only,17,7.5,1.5,0.27812290475755935,moving_average
83,s1_clean,6.976127786010122,0.4956267479912126,False,False,False,vlp_only,7,7.5,0.5,0.9999999999004907,moving_average
83,s1_clean,6.976127786010122,0.4956267479912126,False,False,False,static_fusion,7,7.5,0.5,0.6390337299955582,moving_average
84,s1_clean,6.74255867268218,0.0843728881784015,False,False,False,wifi_only,7,7.5,0.5,0.2632788245045132,moving_average
84,s1_clean,6.74255867268218,0.0843728881784015,False,False,False,vlp_only,7,7.5,0.5,0.9999999999010003,moving_average
84,s1_clean,6.74255867268218,0.0843728881784015,False,False,False,static_fusion,7,7.5,0.5,0.6316394122027568,moving_average
85,s1_clean,7.064294392948221,0.3942671783051067,False,False,False,wifi_only,17,7.5,1.5,0.24198562321448672,moving_average
85,s1_clean,7.064294392948221,0.3942671783051067,False,False,False,vlp_only,7,7.5,0.5,0.9999999999010003,moving_average
85,s1_clean,7.064294392948221,0.3942671783051067,False,False,False,static_fusion,7,7.5,0.5,0.61456572944417,moving_average
86,s1_clean,7.176188436555574,0.5060043216815018,False,False,False,wifi_only,27,7.5,2.5,0.20997791750055983,moving_average
86,s1_clean,7.176188436555574,0.5060043216815018,False,False,False,vlp_only,7,7.5,0.5,0.9999999999010003,moving_average
86,s1_clean,7.176188436555574,0.5060043216815018,False,False,False,static_fusion,7,7.5,0.5,0.5688307595183242,moving_average
87,s1_clean,7.307226017604519,0.5668144077417742,False,False,False,wifi_only,17,7.5,1.5,0.21432110955938577,moving_average
87,s1_clean,7.307226017604519,0.5668144077417742,False,False,False,vlp_only,7,7.5,0.5,0.9997486497023641,moving_average
87,s1_clean,7.307226017604519,0.5668144077417742,False,False,False,static_fusion,7,7.5,0.5,0.5900998206517569,moving_average
88,s1_clean,7.687860172244926,0.7189120364284933,False,False,False,wifi_only,28,8.5,2.5,0.23003353917431638,moving_average
88,s1_clean,7.687860172244926,0.7189120364284933,False,False,False,vlp_only,7,7.5,0.5,0.9999999999010003,moving_average
88,s1_clean,7.687860172244926,0.7189120364284933,False,False,False,static_fusion,7,7.5,0.5,0.5769298104969829,moving_average
89,s1_clean,7.983386792676343,0.8375621710500243,False,False,False,wifi_only,17,7.5,1.5,0.277309588126987,moving_average
89,s1_clean,7.983386792676343,0.8375621710500243,False,False,False,vlp_only,7,7.5,0.5,0.9999999998070163,moving_average
89,s1_clean,7.983386792676343,0.8375621710500243,False,False,False,static_fusion,7,7.5,0.5,0.5985682998205972,moving_average
90,s1_clean,8.256293406597695,0.875446755726633,False,False,False,wifi_only,17,7.5,1.5,0.274702048785492,moving_average
90,s1_clean,8.256293406597695,0.875446755726633,False,False,False,vlp_only,7,7.5,0.5,0.9999999611238836,moving_average
90,s1_clean,8.256293406597695,0.875446755726633,False,False,False,static_fusion,7,7.5,0.5,0.6245379382992692,moving_average
91,s1_clean,8.425989160054677,0.93045254740169,False,False,False,wifi_only,18,8.5,1.5,0.21559451242019778,moving_average
91,s1_clean,8.425989160054677,0.93045254740169,False,False,False,vlp_only,7,7.5,0.5,0.9987194429382015,moving_average
91,s1_clean,8.425989160054677,0.93045254740169,False,False,False,static_fusion,7,7.5,0.5,0.5413186309399518,moving_average
92,s1_clean,8.863055882305986,1.1231286812777777,False,False,False,wifi_only,8,8.5,0.5,0.2890301118171445,moving_average
92,s1_clean,8.863055882305986,1.1231286812777777,False,False,False,vlp_only,8,8.5,0.5,0.9921893182573783,moving_average
92,s1_clean,8.863055882305986,1.1231286812777777,False,False,False,static_fusion,8,8.5,0.5,0.6406097150372612,moving_average
93,s1_clean,9.23021965860404,1.1465464090231468,False,False,False,wifi_only,8,8.5,0.5,0.27384449159258695,moving_average
93,s1_clean,9.23021965860404,1.1465464090231468,False,False,False,vlp_only,8,8.5,0.5,0.9999937483376495,moving_average
93,s1_clean,9.23021965860404,1.1465464090231468,False,False,False,static_fusion,8,8.5,0.5,0.6369191199651183,moving_average
94,s1_clean,9.37371170551081,1.169754508811914,False,False,False,wifi_only,8,8.5,0.5,0.27405325941392383,moving_average
94,s1_clean,9.37371170551081,1.169754508811914,False,False,False,vlp_only,8,8.5,0.5,0.9740457155663533,moving_average
94,s1_clean,9.37371170551081,1.169754508811914,False,False,False,static_fusion,8,8.5,0.5,0.6240494874901383,moving_average
95,s1_clean,9.770217154834045,1.159649324523821,False,False,False,wifi_only,19,9.5,1.5,0.27792440848552713,moving_average
95,s1_clean,9.770217154834045,1.159649324523821,False,False,False,vlp_only,19,9.5,1.5,0.9990680740974407,moving_average
95,s1_clean,9.770217154834045,1.159649324523821,False,False,False,static_fusion,19,9.5,1.5,0.6384962412914839,moving_average
96,s1_clean,9.5806362152392,1.1294724581913531,False,False,False,wifi_only,19,9.5,1.5,0.3212251240650926,moving_average
96,s1_clean,9.5806362152392,1.1294724581913531,False,False,False,vlp_only,19,9.5,1.5,0.999966724056274,moving_average
96,s1_clean,9.5806362152392,1.1294724581913531,False,False,False,static_fusion,19,9.5,1.5,0.6605959240606832,moving_average
97,s1_clean,9.431952925308204,0.9654622254894044,False,False,False,wifi_only,19,9.5,1.5,0.32704339441967084,moving_average
97,s1_clean,9.431952925308204,0.9654622254894044,False,False,False,vlp_only,19,9.5,1.5,0.9999971416781629,moving_average
97,s1_clean,9.431952925308204,0.9654622254894044,False,False,False,static_fusion,19,9.5,1.5,0.6635202680489168,moving_average
98,s1_clean,9.360595724435434,0.6120686019402459,False,False,False,wifi_only,19,9.5,1.5,0.33260179147228275,moving_average
98,s1_clean,9.360595724435434,0.6120686019402459,False,False,False,vlp_only,19,9.5,1.5,0.9998821561877566,moving_average
98,s1_clean,9.360595724435434,0.6120686019402459,False,False,False,static_fusion,19,9.5,1.5,0.6662419738300196,moving_average
99,s1_clean,9.26764607580253,0.4010204672213302,False,False,False,wifi_only,19,9.5,1.5,0.34684148927282504,moving_average
99,s1_clean,9.26764607580253,0.4010204672213302,False,False,False,vlp_only,9,9.5,0.5,0.9999999999010003,moving_average
99,s1_clean,9.26764607580253,0.4010204672213302,False,False,False,static_fusion,9,9.5,0.5,0.6479369011574307,moving_average
0,s1_clean,3.50146586178358,2.794545781008381,False,False,False,wifi_only,22,2.5,2.5,0.21204515754376208,median
0,s1_clean,3.50146586178358,2.794545781008381,False,False,False,vlp_only,23,3.5,2.5,0.9999999999010003,median
0,s1_clean,3.50146586178358,2.794545781008381,False,False,False,static_fusion,23,3.5,2.5,0.5240049126319464,median
1,s1_clean,3.8334314692961406,3.0879105600798664,False,False,False,wifi_only,23,3.5,2.5,0.2059017036981481,median
1,s1_clean,3.8334314692961406,3.0879105600798664,False,False,False,vlp_only,33,3.5,3.5,0.9999999999010002,median
1,s1_clean,3.8334314692961406,3.0879105600798664,False,False,False,static_fusion,33,3.5,3.5,0.5369904886037387,median
2,s1_clean,4.0456173120900445,3.1263296245930507,False,False,False,wifi_only,14,4.5,1.5,0.1966353879610293,median
2,s1_clean,4.0456173120900445,3.1263296245930507,False,False,False,vlp_only,33,3.5,3.5,0.9999999999010002,median
2,s1_clean,4.0456173120900445,3.1263296245930507,False,False,False,static_fusion,33,3.5,3.5,0.5310829827771608,median
3,s1_clean,4.42592581634721,3.113695449768073,False,False,False,wifi_only,33,3.5,3.5,0.15440502192046665,median
3,s1_clean,4.42592581634721,3.113695449768073,False,False,False,vlp_only,33,3.5,3.5,0.9999999999010002,median
3,s1_clean,4.42592581634721,3.113695449768073,False,False,False,static_fusion,33,3.5,3.5,0.5772025109107333,median
4,s1_clean,4.708255729915193,3.19039433570727,False,False,False,wifi_only,24,4.5,2.5,0.17963612693411402,median
4,s1_clean,4.708255729915193,3.19039433570727,False,False,False,vlp_only,33,3.5,3.5,0.7415492548638819,median
4,s1_clean,4.708255729915193,3.19039433570727,False,False,False,static_fusion,33,3.5,3.5,0.43525058521275384,median
5,s1_clean,4.978762662726669,3.137730843885924,False,False,False,wifi_only,34,4.5,3.5,0.1963470312364395,median
5,s1_clean,4.978762662726669,3.137730843885924,False,False,False,vlp_only,24,4.5,2.5,0.9999999998533974,median
5,s1_clean,4.978762662726669,3.137730843885924,False,False,False,static_fusion,24,4.5,2.5,0.5708687205849929,median
6,s1_clean,5.202025987228208,3.1529819162085304,False,False,False,wifi_only,34,4.5,3.5,0.1963470312364395,median
6,s1_clean,5.202025987228208,3.1529819162085304,False,False,False,vlp_only,34,4.5,3.5,0.9999999999010002,median
6,s1_clean,5.202025987228208,3.1529819162085304,False,False,False,static_fusion,34,4.5,3.5,0.5981735155687198,median
7,s1_clean,5.347337808465035,3.292281793156062,False,False,False,wifi_only,34,4.5,3.5,0.19584747978244177,median
7,s1_clean,5.347337808465035,3.292281793156062,False,False,False,vlp_only,34,4.5,3.5,0.9999999999010002,median
7,s1_clean,5.347337808465035,3.292281793156062,False,False,False,static_fusion,34,4.5,3.5,0.597923739841721,median
8,s1_clean,5.716827179474,3.58088982297864,False,False,False,wifi_only,34,4.5,3.5,0.19079238858078965,median
8,s1_clean,5.716827179474,3.58088982297864,False,False,False,vlp_only,35,5.5,3.5,0.9999999999010002,median
8,s1_clean,5.716827179474,3.58088982297864,False,False,False,static_fusion,35,5.5,3.5,0.5599708065598403,median
9,s1_clean,5.862414412197704,3.68421178879823,False,False,False,wifi_only,34,4.5,3.5,0.17713119203490285,median
9,s1_clean,5.862414412197704,3.68421178879823,False,False,False,vlp_only,35,5.5,3.5,0.9999999999010002,median
9,s1_clean,5.862414412197704,3.68421178879823,False,False,False,static_fusion,35,5.5,3.5,0.569295768828303,median
10,s1_clean,6.2621648807209205,3.865009897723677,False,False,False,wifi_only,45,5.5,4.5,0.15985131099778369,median
10,s1_clean,6.2621648807209205,3.865009897723677,False,False,False,vlp_only,35,5.5,3.5,0.9999999999010002,median
10,s1_clean,6.2621648807209205,3.865009897723677,False,False,False,static_fusion,35,5.5,3.5,0.5707572558343129,median
11,s1_clean,6.386402797469953,4.000359969380765,False,False,False,wifi_only,35,5.5,3.5,0.1664458532193209,median
11,s1_clean,6.386402797469953,4.000359969380765,False,False,False,vlp_only,35,5.5,3.5,0.9999999999010002,median
11,s1_clean,6.386402797469953,4.000359969380765,False,False,False,static_fusion,35,5.5,3.5,0.5832229265601605,median
12,s1_clean,6.486403725025359,4.131792507959473,False,False,False,wifi_only,36,6.5,3.5,0.19879433137186836,median
12,s1_clean,6.486403725025359,4.131792507959473,False,False,False,vlp_only,46,6.5,4.5,0.9999999998848731,median
12,s1_clean,6.486403725025359,4.131792507959473,False,False,False,static_fusion,46,6.5,4.5,0.5534886640911424,median
13,s1_clean,6.594101310260236,4.146666699824417,False,False,False,wifi_only,36,6.5,3.5,0.16070918944054072,median
13,s1_clean,6.594101310260236,4.146666699824417,False,False,False,vlp_only,46,6.5,4.5,0.9999999999010002,median
13,s1_clean,6.594101310260236,4.146666699824417,False,False,False,static_fusion,46,6.5,4.5,0.5469151373052059,median
14,s1_clean,6.938536691705024,4.190811224101229,False,False,False,wifi_only,47,7.5,4.5,0.16611304050669307,median
14,s1_clean,6.938536691705024,4.190811224101229,False,False,False,vlp_only,46,6.5,4.5,0.9999999998893097,median
14,s1_clean,6.938536691705024,4.190811224101229,False,False,False,static_fusion,46,6.5,4.5,0.5421614813993244,median
15,s1_clean,7.095444556622987,4.3190830854397095,False,False,False,wifi_only,47,7.5,4.5,0.16611304050669307,median
15,s1_clean,7.095444556622987,4.3190830854397095,False,False,False,vlp_only,47,7.5,4.5,0.9999999866358638,median
15,s1_clean,7.095444556622987,4.3190830854397095,False,False,False,static_fusion,47,7.5,4.5,0.5830565135712784,median
16,s1_clean,7.322508343984496,4.588300078241882,False,False,False,wifi_only,47,7.5,4.5,0.17201265478801453,median
16,s1_clean,7.322508343984496,4.588300078241882,False,False,False,vlp_only,47,7.5,4.5,0.9999999999010002,median
16,s1_clean,7.322508343984496,4.588300078241882,False,False,False,static_fusion,47,7.5,4.5,0.5860063273445074,median
17,s1_clean,7.446193242310456,4.675563891349093,False,False,False,wifi_only,46,6.5,4.5,0.14472439713925203,median
17,s1_clean,7.446193242310456,4.675563891349093,False,False,False,vlp_only,47,7.5,4.5,0.9999999999010002,median
17,s1_clean,7.446193242310456,4.675563891349093,False,False,False,static_fusion,47,7.5,4.5,0.5683549205379043,median
18,s1_clean,7.634031718409139,4.77391982605946,False,False,False,wifi_only,46,6.5,4.5,0.14472439713925203,median
18,s1_clean,7.634031718409139,4.77391982605946,False,False,False,vlp_only,47,7.5,4.5,0.9999999999010002,median
18,s1_clean,7.634031718409139,4.77391982605946,False,False,False,static_fusion,47,7.5,4.5,0.5683549205379043,median
19,s1_clean,7.862727723450558,4.97492979510894,False,False,False,wifi_only,46,6.5,4.5,0.14358046492069879,median
19,s1_clean,7.862727723450558,4.97492979510894,False,False,False,vlp_only,47,7.5,4.5,0.9999999998976559,median
19,s1_clean,7.862727723450558,4.97492979510894,False,False,False,static_fusion,47,7.5,4.5,0.5644259902952506,median
20,s1_clean,7.939266457295782,5.129541394281456,False,False,False,wifi_only,57,7.5,5.5,0.14557421473366977,median
20,s1_clean,7.939266457295782,5.129541394281456,False,False,False,vlp_only,47,7.5,4.5,0.999999992945023,median
20,s1_clean,7.939266457295782,5.129541394281456,False,False,False,static_fusion,47,7.5,4.5,0.5600671224013132,median
21,s1_clean,8.011102297567714,5.276303396065385,False,False,False,wifi_only,57,7.5,5.5,0.1415829245157499,median
21,s1_clean,8.011102297567714,5.276303396065385,False,False,False,vlp_only,57,7.5,5.5,0.9991999580368094,median
21,s1_clean,8.011102297567714,5.276303396065385,False,False,False,static_fusion,57,7.5,5.5,0.5703914412762796,median
22,s1_clean,8.343062278059984,5.445902988798278,False,False,False,wifi_only,57,7.5,5.5,0.1476955500329648,median
22,s1_clean,8.343062278059984,5.445902988798278,False,False,False,vlp_only,57,7.5,5.5,0.9788118644405277,median
22,s1_clean,8.343062278059984,5.445902988798278,False,False,False,static_fusion,57,7.5,5.5,0.5632537072367462,median
23,s1_clean,8.52052164720882,5.6027346910434765,False,False,False,wifi_only,58,8.5,5.5,0.17996476244989587,median
23,s1_clean,8.52052164720882,5.6027346910434765,False,False,False,vlp_only,58,8.5,5.5,0.9837843608653161,median
23,s1_clean,8.52052164720882,5.6027346910434765,False,False,False,static_fusion,58,8.5,5.5,0.581874561657606,median
24,s1_clean,8.840063415262575,5.876328672083288,False,False,False,wifi_only,68,8.5,6.5,0.15762341260818138,median
24,s1_clean,8.840063415262575,5.876328672083288,False,False,False,vlp_only,58,8.5,5.5,0.9999989349358602,median
24,s1_clean,8.840063415262575,5.876328672083288,False,False,False,static_fusion,58,8.5,5.5,0.5724965396927064,median
25,s1_clean,9.133542118122302,6.275738550131283,False,False,False,wifi_only,68,8.5,6.5,0.15985654252574544,median
25,s1_clean,9.133542118122302,6.275738550131283,False,False,False,vlp_only,58,8.5,5.5,0.9999999926031771,median
25,s1_clean,9.133542118122302,6.275738550131283,False,False,False,static_fusion,58,8.5,5.5,0.5710325661339338,median
26,s1_clean,9.35618800793218,6.65718067016028,False,False,False,wifi_only,68,8.5,6.5,0.16637910780555287,median
26,s1_clean,9.35618800793218,6.65718067016028,False,False,False,vlp_only,58,8.5,5.5,0.9999983893538589,median
26,s1_clean,9.35618800793218,6.65718067016028,False,False,False,static_fusion,58,8.5,5.5,0.545914253928701,median
27,s1_clean,9.561103088027537,7.107641397521033,False,False,False,wifi_only,59,9.5,5.5,0.2333067078423279,median
27,s1_clean,9.561103088027537,7.107641397521033,False,False,False,vlp_only,69,9.5,6.5,0.9999999999010001,median
27,s1_clean,9.561103088027537,7.107641397521033,False,False,False,static_fusion,69,9.5,6.5,0.6018380599374908,median
28,s1_clean,9.62294450389752,7.287936096739562,False,False,False,wifi_only,79,9.5,7.5,0.23048067230444216,median
28,s1_clean,9.62294450389752,7.287936096739562,False,False,False,vlp_only,69,9.5,6.5,0.9999999999010001,median
28,s1_clean,9.62294450389752,7.287936096739562,False,False,False,static_fusion,69,9.5,6.5,0.6100817980945717,median
29,s1_clean,9.567042849149868,7.590650497286169,False,False,False,wifi_only,79,9.5,7.5,0.24375638093343246,median
29,s1_clean,9.567042849149868,7.590650497286169,False,False,False,vlp_only,79,9.5,7.5,0.9999999999010001,median
29,s1_clean,9.567042849149868,7.590650497286169,False,False,False,static_fusion,79,9.5,7.5,0.6218781904172165,median
30,s1_clean,9.368809486427658,7.926124173973704,False,False,False,wifi_only,79,9.5,7.5,0.20228174257213338,median
30,s1_clean,9.368809486427658,7.926124173973704,False,False,False,vlp_only,79,9.5,7.5,0.9999999999010001,median
30,s1_clean,9.368809486427658,7.926124173973704,False,False,False,static_fusion,79,9.5,7.5,0.6011408712365667,median
31,s1_clean,9.317903367352146,8.04732779879347,False,False,False,wifi_only,79,9.5,7.5,0.2003708383114298,median
31,s1_clean,9.317903367352146,8.04732779879347,False,False,False,vlp_only,79,9.5,7.5,0.9999999998781883,median
31,s1_clean,9.317903367352146,8.04732779879347,False,False,False,static_fusion,79,9.5,7.5,0.600185419094809,median
32,s1_clean,9.186332412855084,8.43241929333643,False,False,False,wifi_only,79,9.5,7.5,0.1732118492770494,median
32,s1_clean,9.186332412855084,8.43241929333643,False,False,False,vlp_only,79,9.5,7.5,0.7501984317417029,median
32,s1_clean,9.186332412855084,8.43241929333643,False,False,False,static_fusion,79,9.5,7.5,0.46170514050937617,median
33,s1_clean,9.112727671229193,8.796655767469591,False,False,False,wifi_only,89,9.5,8.5,0.15493215476998934,median
33,s1_clean,9.112727671229193,8.796655767469591,False,False,False,vlp_only,89,9.5,8.5,0.9623221442859902,median
33,s1_clean,9.112727671229193,8.796655767469591,False,False,False,static_fusion,89,9.5,8.5,0.5586271495279896,median
34,s1_clean,9.270799859312152,9.22745450829668,False,False,False,wifi_only,89,9.5,8.5,0.15493215476998934,median
34,s1_clean,9.270799859312152,9.22745450829668,False,False,False,vlp_only,89,9.5,8.5,0.9994461111736088,median
34,s1_clean,9.270799859312152,9.22745450829668,False,False,False,static_fusion,89,9.5,8.5,0.5771891329717991,median
35,s1_clean,9.423420837008932,9.422997081607893,False,False,False,wifi_only,98,8.5,9.5,0.18428619509928967,median
35,s1_clean,9.423420837008932,9.422997081607893,False,False,False,vlp_only,89,9.5,8.5,0.9935560850305556,median
35,s1_clean,9.423420837008932,9.422997081607893,False,False,False,static_fusion,89,9.5,8.5,0.5691277600944102,median
36,s1_clean,9.481110661263054,9.62212971253768,False,False,False,wifi_only,99,9.5,9.5,0.22918346750167964,median
36,s1_clean,9.481110661263054,9.62212971253768,False,False,False,vlp_only,89,9.5,8.5,0.8562654166396327,median
36,s1_clean,9.481110661263054,9.62212971253768,False,False,False,static_fusion,89,9.5,8.5,0.5207298201607478,median
37,s1_clean,9.541752579513968,9.92203908827878,False,False,False,wifi_only,99,9.5,9.5,0.24272240601272893,median
37,s1_clean,9.541752579513968,9.92203908827878,False,False,False,vlp_only,99,9.5,9.5,0.9999999999010001,median
37,s1_clean,9.541752579513968,9.92203908827878,False,False,False,static_fusion,99,9.5,9.5,0.6213612029568645,median
38,s1_clean,9.402562603553038,9.543991147418636,False,False,False,wifi_only,89,9.5,8.5,0.22645616045840392,median
38,s1_clean,9.402562603553038,9.543991147418636,False,False,False,vlp_only,99,9.5,9.5,0.9999999999010001,median
38,s1_clean,9.402562603553038,9.543991147418636,False,False,False,static_fusion,99,9.5,9.5,0.5854685463535053,median
39,s1_clean,9.44479730227728,9.391504817262849,False,False,False,wifi_only,99,9.5,9.5,0.34165732475862,median
39,s1_clean,9.44479730227728,9.391504817262849,False,False,False,vlp_only,99,9.5,9.5,0.9999999999010001,median
39,s1_clean,9.44479730227728,9.391504817262849,False,False,False,static_fusion,99,9.5,9.5,0.67082866232981,median
40,s1_clean,9.525454359161255,8.940867722935458,False,False,False,wifi_only,89,9.5,8.5,0.2104742722193698,median
40,s1_clean,9.525454359161255,8.940867722935458,False,False,False,vlp_only,99,9.5,9.5,0.9999999999010001,median
40,s1_clean,9.525454359161255,8.940867722935458,False,False,False,static_fusion,99,9.5,9.5,0.5875554735410355,median
41,s1_clean,9.823585243977655,8.584999463128653,False,False,False,wifi_only,89,9.5,8.5,0.2104742722193698,median
41,s1_clean,9.823585243977655,8.584999463128653,False,False,False,vlp_only,99,9.5,9.5,0.9999999999010001,median
41,s1_clean,9.823585243977655,8.584999463128653,False,False,False,static_fusion,99,9.5,9.5,0.5875554735410355,median
42,s1_clean,9.694700842723162,8.966546447675274,False,False,False,wifi_only,89,9.5,8.5,0.22830802840442435,median
42,s1_clean,9.694700842723162,8.966546447675274,False,False,False,vlp_only,99,9.5,9.5,0.9999999999010001,median
42,s1_clean,9.694700842723162,8.966546447675274,False,False,False,static_fusion,99,9.5,9.5,0.5949741615935741,median
43,s1_clean,9.569223421271444,9.326938465999294,False,False,False,wifi_only,99,9.5,9.5,0.2408497865216933,median
43,s1_clean,9.569223421271444,9.326938465999294,False,False,False,vlp_only,99,9.5,9.5,0.9999999999010001,median
43,s1_clean,9.569223421271444,9.326938465999294,False,False,False,static_fusion,99,9.5,9.5,0.6204248932113468,median
44,s1_clean,9.534535416987817,9.784343768551336,False,False,False,wifi_only,99,9.5,9.5,0.27870597067288255,median
44,s1_clean,9.534535416987817,9.784343768551336,False,False,False,vlp_only,99,9.5,9.5,0.9999999999010001,median
44,s1_clean,9.534535416987817,9.784343768551336,False,False,False,static_fusion,99,9.5,9.5,0.6393529852869413,median
45,s1_clean,9.54487381028695,9.92332836828298,False,False,False,wifi_only,99,9.5,9.5,0.3391419968412218,median
45,s1_clean,9.54487381028695,9.92332836828298,False,False,False,vlp_only,99,9.5,9.5,0.9999999999010001,median
45,s1_clean,9.54487381028695,9.92332836828298,False,False,False,static_fusion,99,9.5,9.5,0.6695709983711109,median
46,s1_clean,9.558162041417896,9.663482828106742,False,False,False,wifi_only,99,9.5,9.5,0.34914743438238427,median
46,s1_clean,9.558162041417896,9.663482828106742,False,False,False,vlp_only,99,9.5,9.5,0.9999999999010001,median
46,s1_clean,9.558162041417896,9.663482828106742,False,False,False,static_fusion,99,9.5,9.5,0.6745737171416921,median
47,s1_clean,9.5646528065164,9.424365913186056,False,False,False,wifi_only,99,9.5,9.5,0.41544656881936454,median
47,s1_clean,9.5646528065164,9.424365913186056,False,False,False,vlp_only,99,9.5,9.5,0.9999999999010001,median
47,s1_clean,9.5646528065164,9.424365913186056,False,False,False,static_fusion,99,9.5,9.5,0.7077232843601823,median
48,s1_clean,9.50103939557558,9.114055937821927,False,False,False,wifi_only,99,9.5,9.5,0.3830203881304347,median
48,s1_clean,9.50103939557558,9.114055937821927,False,False,False,vlp_only,99,9.5,9.5,0.9999999999010001,median
48,s1_clean,9.50103939557558,9.114055937821927,False,False,False,static_fusion,99,9.5,9.5,0.6915101940157173,median
49,s1_clean,9.414656161118282,8.731094504017625,False,False,False,wifi_only,99,9.5,9.5,0.28765687170175147,median
49,s1_clean,9.414656161118282,8.731094504017625,False,False,False,vlp_only,99,9.5,9.5,0.9999999999010001,median
49,s1_clean,9.414656161118282,8.731094504017625,False,False,False,static_fusion,99,9.5,9.5,0.6438284358013757,median
50,s1_clean,9.21633605588256,8.49062670552971,False,False,False,wifi_only,99,9.5,9.5,0.2664486683488119,median
50,s1_clean,9.21633605588256,8.49062670552971,False,False,False,vlp_only,99,9.5,9.5,0.9999999703045124,median
50,s1_clean,9.21633605588256,8.49062670552971,False,False,False,static_fusion,99,9.5,9.5,0.6332243193266621,median
51,s1_clean,9.11760935449355,8.438577566893754,False,False,False,wifi_only,89,9.5,8.5,0.18184307694316953,median
51,s1_clean,9.11760935449355,8.438577566893754,False,False,False,vlp_only,89,9.5,8.5,0.9999182977592226,median
51,s1_clean,9.11760935449355,8.438577566893754,False,False,False,static_fusion,89,9.5,8.5,0.590880687351196,median
52,s1_clean,8.922779282926651,8.205081914366874,False,False,False,wifi_only,89,9.5,8.5,0.2553894746574439,median
52,s1_clean,8.922779282926651,8.205081914366874,False,False,False,vlp_only,89,9.5,8.5,0.9999969363013319,median
52,s1_clean,8.922779282926651,8.205081914366874,False,False,False,static_fusion,89,9.5,8.5,0.6276932054793879,median
53,s1_clean,8.733693244154269,8.016610598714413,False,False,False,wifi_only,89,9.5,8.5,0.2436388976609618,median
53,s1_clean,8.733693244154269,8.016610598714413,False,False,False,vlp_only,89,9.5,8.5,0.9999460605973968,median
53,s1_clean,8.733693244154269,8.016610598714413,False,False,False,static_fusion,89,9.5,8.5,0.6217924791291793,median
54,s1_clean,8.604067606013617,7.71418254806786,False,False,False,wifi_only,89,9.5,8.5,0.17333618107992435,median
54,s1_clean,8.604067606013617,7.71418254806786,False,False,False,vlp_only,88,8.5,8.5,0.9999999934372622,median
54,s1_clean,8.604067606013617,7.71418254806786,False,False,False,static_fusion,88,8.5,8.5,0.5694622609854552,median
55,s1_clean,8.380292121918876,7.508518197183664,False,False,False,wifi_only,89,9.5,8.5,0.14912229340666672,median
55,s1_clean,8.380292121918876,7.508518197183664,False,False,False,vlp_only,88,8.5,8.5,0.9983753983537508,median
55,s1_clean,8.380292121918876,7.508518197183664,False,False,False,static_fusion,88,8.5,8.5,0.571266157229416,median
56,s1_clean,8.261298236940235,7.032237617033076,False,False,False,wifi_only,78,8.5,7.5,0.15075802381431874,median
56,s1_clean,8.261298236940235,7.032237617033076,False,False,False,vlp_only,78,8.5,7.5,0.9999997760466612,median
56,s1_clean,8.261298236940235,7.032237617033076,False,False,False,static_fusion,78,8.5,7.5,0.5753788999304899,median
57,s1_clean,8.367834526148913,6.700942345233571,False,False,False,wifi_only,78,8.5,7.5,0.1542650431964414,median
57,s1_clean,8.367834526148913,6.700942345233571,False,False,False,vlp_only,78,8.5,7.5,0.9999999948342884,median
57,s1_clean,8.367834526148913,6.700942345233571,False,False,False,static_fusion,78,8.5,7.5,0.5771325190153649,median
58,s1_clean,8.353958878788386,6.494196804329148,False,False,False,wifi_only,68,8.5,6.5,0.14899444948643414,median
58,s1_clean,8.353958878788386,6.494196804329148,False,False,False,vlp_only,78,8.5,7.5,0.999999999714008,median
58,s1_clean,8.353958878788386,6.494196804329148,False,False,False,static_fusion,78,8.5,7.5,0.5661795890447224,median
59,s1_clean,8.336546429042226,6.293616283957347,False,False,False,wifi_only,68,8.5,6.5,0.1530263227142099,median
59,s1_clean,8.336546429042226,6.293616283957347,False,False,False,vlp_only,68,8.5,6.5,0.9999999953964571,median
59,s1_clean,8.336546429042226,6.293616283957347,False,False,False,static_fusion,68,8.5,6.5,0.5765131590553335,median
60,s1_clean,8.40346815147133,6.116995442632617,False,False,False,wifi_only,68,8.5,6.5,0.14900059973135701,median
60,s1_clean,8.40346815147133,6.116995442632617,False,False,False,vlp_only,68,8.5,6.5,0.9999999998056593,median
60,s1_clean,8.40346815147133,6.116995442632617,False,False,False,static_fusion,68,8.5,6.5,0.5745002997685082,median
61,s1_clean,8.546844700935843,5.924881887661858,False,False,False,wifi_only,68,8.5,6.5,0.14885085510784052,median
61,s1_clean,8.546844700935843,5.924881887661858,False,False,False,vlp_only,68,8.5,6.5,0.9999999998996263,median
61,s1_clean,8.546844700935843,5.924881887661858,False,False,False,static_fusion,68,8.5,6.5,0.5744254275037334,median
62,s1_clean,8.729904160776496,5.547744951919951,False,False,False,wifi_only,58,8.5,5.5,0.1646656347964918,median
62,s1_clean,8.729904160776496,5.547744951919951,False,False,False,vlp_only,69,9.5,6.5,0.9999999999010001,median
62,s1_clean,8.729904160776496,5.547744951919951,False,False,False,static_fusion,69,9.5,6.5,0.5241805622929309,median
63,s1_clean,8.77202584280195,5.143629060389316,False,False,False,wifi_only,58,8.5,5.5,0.1706383302215096,median
63,s1_clean,8.77202584280195,5.143629060389316,False,False,False,vlp_only,69,9.5,6.5,0.9999999999010001,median
63,s1_clean,8.77202584280195,5.143629060389316,False,False,False,static_fusion,69,9.5,6.5,0.5254132885439718,median
64,s1_clean,8.718437609453172,4.97610578105409,False,False,False,wifi_only,58,8.5,5.5,0.1706383302215096,median
64,s1_clean,8.718437609453172,4.97610578105409,False,False,False,vlp_only,58,8.5,5.5,0.9999999998611545,median
64,s1_clean,8.718437609453172,4.97610578105409,False,False,False,static_fusion,58,8.5,5.5,0.5853191650413322,median
65,s1_clean,8.667563530000693,4.866630764710654,False,False,False,wifi_only,58,8.5,5.5,0.15702069540692154,median
65,s1_clean,8.667563530000693,4.866630764710654,False,False,False,vlp_only,59,9.5,5.5,0.9999999999010002,median
65,s1_clean,8.667563530000693,4.866630764710654,False,False,False,static_fusion,59,9.5,5.5,0.5534805679911136,median
66,s1_clean,8.542366419283344,4.760216825616967,False,False,False,wifi_only,48,8.5,4.5,0.16538253777420928,median
66,s1_clean,8.542366419283344,4.760216825616967,False,False,False,vlp_only,49,9.5,4.5,0.9999999999010002,median
66,s1_clean,8.542366419283344,4.760216825616967,False,False,False,static_fusion,49,9.5,4.5,0.5534959567376402,median
67,s1_clean,8.382687489621802,4.499553999003734,False,False,False,wifi_only,48,8.5,4.5,0.1617315683141232,median
67,s1_clean,8.382687489621802,4.499553999003734,False,False,False,vlp_only,49,9.5,4.5,0.9999999998986148,median
67,s1_clean,8.382687489621802,4.499553999003734,False,False,False,static_fusion,49,9.5,4.5,0.5471658885365493,median
68,s1_clean,8.31381336958047,4.356990528873265,False,False,False,wifi_only,48,8.5,4.5,0.19383866860536467,median
68,s1_clean,8.31381336958047,4.356990528873265,False,False,False,vlp_only,48,8.5,4.5,0.9999999998489747,median
68,s1_clean,8.31381336958047,4.356990528873265,False,False,False,static_fusion,48,8.5,4.5,0.5969193342271697,median
69,s1_clean,8.173199902177743,4.055129301838792,False,False,False,wifi_only,48,8.5,4.5,0.19247763939922086,median
69,s1_clean,8.173199902177743,4.055129301838792,False,False,False,vlp_only,48,8.5,4.5,0.9999999997675282,median
69,s1_clean,8.173199902177743,4.055129301838792,False,False,False,static_fusion,48,8.5,4.5,0.5962388195833745,median
70,s1_clean,7.958876024659174,3.799783052657366,False,False,False,wifi_only,48,8.5,4.5,0.16937481769435023,median
70,s1_clean,7.958876024659174,3.799783052657366,False,False,False,vlp_only,48,8.5,4.5,0.9998999183900387,median
70,s1_clean,7.958876024659174,3.799783052657366,False,False,False,static_fusion,48,8.5,4.5,0.5846373680421945,median
71,s1_clean,7.833669525191001,3.638141757452688,False,False,False,wifi_only,37,7.5,3.5,0.1879122113592967,median
71,s1_clean,7.833669525191001,3.638141757452688,False,False,False,vlp_only,39,9.5,3.5,0.9999999999010002,median
71,s1_clean,7.833669525191001,3.638141757452688,False,False,False,static_fusion,39,9.5,3.5,0.5464615539602073,median
72,s1_clean,7.664684483724226,3.3337804086327285,False,False,False,wifi_only,38,8.5,3.5,0.20332112269139382,median
72,s1_clean,7.664684483724226,3.3337804086327285,False,False,False,vlp_only,38,8.5,3.5,0.9665875115972813,median
72,s1_clean,7.664684483724226,3.3337804086327285,False,False,False,static_fusion,38,8.5,3.5,0.5849543171443374,median
73,s1_clean,7.325126662205962,3.0900072935102134,False,False,False,wifi_only,37,7.5,3.5,0.20613606892881003,median
73,s1_clean,7.325126662205962,3.0900072935102134,False,False,False,vlp_only,37,7.5,3.5,0.9929850290147118,median
73,s1_clean,7.325126662205962,3.0900072935102134,False,False,False,static_fusion,37,7.5,3.5,0.5995605489717609,median
74,s1_clean,7.295614884999138,2.9887682845800643,False,False,False,wifi_only,37,7.5,3.5,0.21916196455733408,median
74,s1_clean,7.295614884999138,2.9887682845800643,False,False,False,vlp_only,37,7.5,3.5,0.9999999884866885,median
74,s1_clean,7.295614884999138,2.9887682845800643,False,False,False,static_fusion,37,7.5,3.5,0.6095809765220112,median
75,s1_clean,7.296351451677773,2.798195708361908,False,False,False,wifi_only,37,7.5,3.5,0.20722970267679663,median
75,s1_clean,7.296351451677773,2.798195708361908,False,False,False,vlp_only,37,7.5,3.5,0.9999999999010002,median
75,s1_clean,7.296351451677773,2.798195708361908,False,False,False,static_fusion,37,7.5,3.5,0.6036148512888984,median
76,s1_clean,7.251642624966383,2.337893241987238,False,False,False,wifi_only,37,7.5,3.5,0.20206353147169356,median
76,s1_clean,7.251642624966383,2.337893241987238,False,False,False,vlp_only,37,7.5,3.5,0.9999999999010002,median
76,s1_clean,7.251642624966383,2.337893241987238,False,False,False,static_fusion,37,7.5,3.5,0.6010317656863469,median
77,s1_clean,7.191112638050282,2.11104971712342,False,False,False,wifi_only,26,6.5,2.5,0.18762394851994454,median
77,s1_clean,7.191112638050282,2.11104971712342,False,False,False,vlp_only,27,7.5,2.5,0.9999999999010002,median
77,s1_clean,7.191112638050282,2.11104971712342,False,False,False,static_fusion,27,7.5,2.5,0.530290743527492,median
78,s1_clean,7.088997127565227,1.8280730412017787,False,False,False,wifi_only,27,7.5,2.5,0.2713256838474579,median
78,s1_clean,7.088997127565227,1.8280730412017787,False,False,False,vlp_only,27,7.5,2.5,0.9999997023567851,median
78,s1_clean,7.088997127565227,1.8280730412017787,False,False,False,static_fusion,27,7.5,2.5,0.6356626931021215,median
79,s1_clean,7.114586335383993,1.531713950324241,False,False,False,wifi_only,17,7.5,1.5,0.2504809590277231,median
79,s1_clean,7.114586335383993,1.531713950324241,False,False,False,vlp_only,27,7.5,2.5,0.99374557207654,median
79,s1_clean,7.114586335383993,1.531713950324241,False,False,False,static_fusion,27,7.5,2.5,0.5809441857121355,median
80,s1_clean,7.170157133048356,1.3067743629177078,False,False,False,wifi_only,17,7.5,1.5,0.2278723553158016,median
80,s1_clean,7.170157133048356,1.3067743629177078,False,False,False,vlp_only,17,7.5,1.5,0.9999996866586995,median
80,s1_clean,7.170157133048356,1.3067743629177078,False,False,False,static_fusion,17,7.5,1.5,0.6139360209872506,median
81,s1_clean,7.201631077444322,1.1339839347561254,False,False,False,wifi_only,7,7.5,0.5,0.22986017952032523,median
81,s1_clean,7.201631077444322,1.1339839347561254,False,False,False,vlp_only,17,7.5,1.5,0.9999999999005735,median
81,s1_clean,7.201631077444322,1.1339839347561254,False,False,False,static_fusion,17,7.5,1.5,0.6134588263688066,median
82,s1_clean,7.155776983713249,0.8528139925624313,False,False,False,wifi_only,7,7.5,0.5,0.2527946881432805,median
82,s1_clean,7.155776983713249,0.8528139925624313,False,False,False,vlp_only,17,7.5,1.5,0.9999999999010003,median
82,s1_clean,7.155776983713249,0.8528139925624313,False,False,False,static_fusion,17,7.5,1.5,0.6247792840414886,median
83,s1_clean,6.976127786010122,0.4956267479912126,False,False,False,wifi_only,7,7.5,0.5,0.22056620025565743,median
83,s1_clean,6.976127786010122,0.4956267479912126,False,False,False,vlp_only,7,7.5,0.5,0.9999999998999916,median
83,s1_clean,6.976127786010122,0.4956267479912126,False,False,False,static_fusion,7,7.5,0.5,0.6102831000778245,median
84,s1_clean,6.74255867268218,0.0843728881784015,False,False,False,wifi_only,7,7.5,0.5,0.2612616708549929,median
84,s1_clean,6.74255867268218,0.0843728881784015,False,False,False,vlp_only,7,7.5,0.5,0.9999999999010003,median
84,s1_clean,6.74255867268218,0.0843728881784015,False,False,False,static_fusion,7,7.5,0.5,0.6306308353779966,median
85,s1_clean,7.064294392948221,0.3942671783051067,False,False,False,wifi_only,7,7.5,0.5,0.2726901901187365,median
85,s1_clean,7.064294392948221,0.3942671783051067,False,False,False,vlp_only,7,7.5,0.5,0.9999999999010003,median
85,s1_clean,7.064294392948221,0.3942671783051067,False,False,False,static_fusion,7,7.5,0.5,0.6363450950098684,median
86,s1_clean,7.176188436555574,0.5060043216815018,False,False,False,wifi_only,27,7.5,2.5,0.22678173020476816,median
86,s1_clean,7.176188436555574,0.5060043216815018,False,False,False,vlp_only,7,7.5,0.5,0.9999999999010003,median
86,s1_clean,7.176188436555574,0.5060043216815018,False,False,False,static_fusion,7,7.5,0.5,0.5668318686725468,median
87,s1_clean,7.307226017604519,0.5668144077417742,False,False,False,wifi_only,27,7.5,2.5,0.22043843425615242,median
87,s1_clean,7.307226017604519,0.5668144077417742,False,False,False,vlp_only,7,7.5,0.5,0.9999999999010003,median
87,s1_clean,7.307226017604519,0.5668144077417742,False,False,False,static_fusion,7,7.5,0.5,0.5706126269637517,median
88,s1_clean,7.687860172244926,0.7189120364284933,False,False,False,wifi_only,27,7.5,2.5,0.22175054351435308,median
88,s1_clean,7.687860172244926,0.7189120364284933,False,False,False,vlp_only,7,7.5,0.5,0.9999999999008067,median
88,s1_clean,7.687860172244926,0.7189120364284933,False,False,False,static_fusion,7,7.5,0.5,0.557098678199411,median
89,s1_clean,7.983386792676343,0.8375621710500243,False,False,False,wifi_only,17,7.5,1.5,0.2922929947574408,median
89,s1_clean,7.983386792676343,0.8375621710500243,False,False,False,vlp_only,7,7.5,0.5,0.9999999998742103,median
89,s1_clean,7.983386792676343,0.8375621710500243,False,False,False,static_fusion,7,7.5,0.5,0.5910180869987819,median
90,s1_clean,8.256293406597695,0.875446755726633,False,False,False,wifi_only,17,7.5,1.5,0.3035310024948635,median
90,s1_clean,8.256293406597695,0.875446755726633,False,False,False,vlp_only,7,7.5,0.5,0.9999998185083588,median
90,s1_clean,8.256293406597695,0.875446755726633,False,False,False,static_fusion,7,7.5,0.5,0.6076807862662625,median
91,s1_clean,8.425989160054677,0.93045254740169,False,False,False,wifi_only,8,8.5,0.5,0.22744105202537518,median
91,s1_clean,8.425989160054677,0.93045254740169,False,False,False,vlp_only,7,7.5,0.5,0.9999996911285075,median
91,s1_clean,8.425989160054677,0.93045254740169,False,False,False,static_fusion,7,7.5,0.5,0.5656725814260314,median
92,s1_clean,8.863055882305986,1.1231286812777777,False,False,False,wifi_only,8,8.5,0.5,0.30182050435269275,median
92,s1_clean,8.863055882305986,1.1231286812777777,False,False,False,vlp_only,7,7.5,0.5,0.661287407174397,median
92,s1_clean,8.863055882305986,1.1231286812777777,False,False,False,static_fusion,7,7.5,0.5,0.331282984917653,median
93,s1_clean,9.23021965860404,1.1465464090231468,False,False,False,wifi_only,9,9.5,0.5,0.2823102617670205,median
93,s1_clean,9.23021965860404,1.1465464090231468,False,False,False,vlp_only,8,8.5,0.5,0.9999306276753769,median
93,s1_clean,9.23021965860404,1.1465464090231468,False,False,False,static_fusion,8,8.5,0.5,0.6334998595137638,median
94,s1_clean,9.37371170551081,1.169754508811914,False,False,False,wifi_only,8,8.5,0.5,0.2848252625628273,median
94,s1_clean,9.37371170551081,1.169754508811914,False,False,False,vlp_only,8,8.5,0.5,0.9431818632702057,median
94,s1_clean,9.37371170551081,1.169754508811914,False,False,False,static_fusion,8,8.5,0.5,0.6140035629165165,median
95,s1_clean,9.770217154834045,1.159649324523821,False,False,False,wifi_only,9,9.5,0.5,0.26833418041583706,median
95,s1_clean,9.770217154834045,1.159649324523821,False,False,False,vlp_only,19,9.5,1.5,0.9994639063708297,median
95,s1_clean,9.770217154834045,1.159649324523821,False,False,False,static_fusion,19,9.5,1.5,0.6316740627654265,median
96,s1_clean,9.5806362152392,1.1294724581913531,False,False,False,wifi_only,19,9.5,1.5,0.33819676536696486,median
96,s1_clean,9.5806362152392,1.1294724581913531,False,False,False,vlp_only,19,9.5,1.5,0.9996203981571371,median
96,s1_clean,9.5806362152392,1.1294724581913531,False,False,False,static_fusion,19,9.5,1.5,0.6689085817620508,median
97,s1_clean,9.431952925308204,0.9654622254894044,False,False,False,wifi_only,19,9.5,1.5,0.348216579069994,median
97,s1_clean,9.431952925308204,0.9654622254894044,False,False,False,vlp_only,19,9.5,1.5,0.9999287088483438,median
97,s1_clean,9.431952925308204,0.9654622254894044,False,False,False,static_fusion,19,9.5,1.5,0.6740726439591689,median
98,s1_clean,9.360595724435434,0.6120686019402459,False,False,False,wifi_only,19,9.5,1.5,0.36030291329140834,median
98,s1_clean,9.360595724435434,0.6120686019402459,False,False,False,vlp_only,19,9.5,1.5,0.9996203981571371,median
98,s1_clean,9.360595724435434,0.6120686019402459,False,False,False,static_fusion,19,9.5,1.5,0.6799616557242725,median
99,s1_clean,9.26764607580253,0.4010204672213302,False,False,False,wifi_only,19,9.5,1.5,0.359797148258116,median
99,s1_clean,9.26764607580253,0.4010204672213302,False,False,False,vlp_only,9,9.5,0.5,0.9999999999010003,median
99,s1_clean,9.26764607580253,0.4010204672213302,False,False,False,static_fusion,9,9.5,0.5,0.6572347906855229,median
0,s1_clean,3.50146586178358,2.794545781008381,False,False,False,wifi_only,22,2.5,2.5,0.21204515754376208,ema
0,s1_clean,3.50146586178358,2.794545781008381,False,False,False,vlp_only,23,3.5,2.5,0.9999999999010003,ema
0,s1_clean,3.50146586178358,2.794545781008381,False,False,False,static_fusion,23,3.5,2.5,0.5240049126319464,ema
1,s1_clean,3.8334314692961406,3.0879105600798664,False,False,False,wifi_only,13,3.5,1.5,0.2103723880900434,ema
1,s1_clean,3.8334314692961406,3.0879105600798664,False,False,False,vlp_only,23,3.5,2.5,0.999672519677042,ema
1,s1_clean,3.8334314692961406,3.0879105600798664,False,False,False,static_fusion,23,3.5,2.5,0.5950390165285305,ema
2,s1_clean,4.0456173120900445,3.1263296245930507,False,False,False,wifi_only,23,3.5,2.5,0.19446561909743443,ema
2,s1_clean,4.0456173120900445,3.1263296245930507,False,False,False,vlp_only,33,3.5,3.5,0.9999999999010002,ema
2,s1_clean,4.0456173120900445,3.1263296245930507,False,False,False,static_fusion,33,3.5,3.5,0.5302247075907677,ema
3,s1_clean,4.42592581634721,3.113695449768073,False,False,False,wifi_only,23,3.5,2.5,0.15802099366025427,ema
3,s1_clean,4.42592581634721,3.113695449768073,False,False,False,vlp_only,33,3.5,3.5,0.9999999999010002,ema
3,s1_clean,4.42592581634721,3.113695449768073,False,False,False,static_fusion,33,3.5,3.5,0.5706364717096427,ema
4,s1_clean,4.708255729915193,3.19039433570727,False,False,False,wifi_only,24,4.5,2.5,0.15980571232584345,ema
4,s1_clean,4.708255729915193,3.19039433570727,False,False,False,vlp_only,24,4.5,2.5,0.9999999999010002,ema
4,s1_clean,4.708255729915193,3.19039433570727,False,False,False,static_fusion,24,4.5,2.5,0.5799028561134218,ema
5,s1_clean,4.978762662726669,3.137730843885924,False,False,False,wifi_only,34,4.5,3.5,0.18553283493243625,ema
5,s1_clean,4.978762662726669,3.137730843885924,False,False,False,vlp_only,24,4.5,2.5,0.9999999999010002,ema
5,s1_clean,4.978762662726669,3.137730843885924,False,False,False,static_fusion,24,4.5,2.5,0.576635762317747,ema
6,s1_clean,5.202025987228208,3.1529819162085304,False,False,False,wifi_only,34,4.5,3.5,0.20412580955201673,ema
6,s1_clean,5.202025987228208,3.1529819162085304,False,False,False,vlp_only,34,4.5,3.5,0.9999999999010002,ema
6,s1_clean,5.202025987228208,3.1529819162085304,False,False,False,static_fusion,34,4.5,3.5,0.6020629047265083,ema
7,s1_clean,5.347337808465035,3.292281793156062,False,False,False,wifi_only,34,4.5,3.5,0.20274846797656035,ema
7,s1_clean,5.347337808465035,3.292281793156062,False,False,False,vlp_only,34,4.5,3.5,0.9999999999010002,ema
7,s1_clean,5.347337808465035,3.292281793156062,False,False,False,static_fusion,34,4.5,3.5,0.6013742339387803,ema
8,s1_clean,5.716827179474,3.58088982297864,False,False,False,wifi_only,34,4.5,3.5,0.1939995320282068,ema
8,s1_clean,5.716827179474,3.58088982297864,False,False,False,vlp_only,35,5.5,3.5,0.9999999999010002,ema
8,s1_clean,5.716827179474,3.58088982297864,False,False,False,static_fusion,35,5.5,3.5,0.5627560896138315,ema
9,s1_clean,5.862414412197704,3.68421178879823,False,False,False,wifi_only,35,5.5,3.5,0.17785887162170197,ema
9,s1_clean,5.862414412197704,3.68421178879823,False,False,False,vlp_only,35,5.5,3.5,0.9999999999010002,ema
9,s1_clean,5.862414412197704,3.68421178879823,False,False,False,static_fusion,35,5.5,3.5,0.588929435761351,ema
10,s1_clean,6.2621648807209205,3.865009897723677,False,False,False,wifi_only,35,5.5,3.5,0.16245843224741166,ema
10,s1_clean,6.2621648807209205,3.865009897723677,False,False,False,vlp_only,35,5.5,3.5,0.9999999999010002,ema
10,s1_clean,6.2621648807209205,3.865009897723677,False,False,False,static_fusion,35,5.5,3.5,0.5812292160742059,ema
11,s1_clean,6.386402797469953,4.000359969380765,False,False,False,wifi_only,36,6.5,3.5,0.1696737562120198,ema
11,s1_clean,6.386402797469953,4.000359969380765,False,False,False,vlp_only,35,5.5,3.5,0.9999999999010002,ema
11,s1_clean,6.386402797469953,4.000359969380765,False,False,False,static_fusion,35,5.5,3.5,0.5668823922123116,ema
12,s1_clean,6.486403725025359,4.131792507959473,False,False,False,wifi_only,36,6.5,3.5,0.1933203302251338,ema
12,s1_clean,6.486403725025359,4.131792507959473,False,False,False,vlp_only,35,5.5,3.5,0.9999999999010002,ema
12,s1_clean,6.486403725025359,4.131792507959473,False,False,False,static_fusion,35,5.5,3.5,0.5613733328077282,ema
13,s1_clean,6.594101310260236,4.146666699824417,False,False,False,wifi_only,36,6.5,3.5,0.19113505005339143,ema
13,s1_clean,6.594101310260236,4.146666699824417,False,False,False,vlp_only,46,6.5,4.5,0.9999999999010002,ema
13,s1_clean,6.594101310260236,4.146666699824417,False,False,False,static_fusion,46,6.5,4.5,0.5465196114562003,ema
14,s1_clean,6.938536691705024,4.190811224101229,False,False,False,wifi_only,46,6.5,4.5,0.1709332058478814,ema
14,s1_clean,6.938536691705024,4.190811224101229,False,False,False,vlp_only,46,6.5,4.5,0.9999999999010002,ema
14,s1_clean,6.938536691705024,4.190811224101229,False,False,False,static_fusion,46,6.5,4.5,0.5854666028744409,ema
15,s1_clean,7.095444556622987,4.3190830854397095,False,False,False,wifi_only,46,6.5,4.5,0.13361857963153229,ema
15,s1_clean,7.095444556622987,4.3190830854397095,False,False,False,vlp_only,47,7.5,4.5,0.9999999999010002,ema
15,s1_clean,7.095444556622987,4.3190830854397095,False,False,False,static_fusion,47,7.5,4.5,0.5642229935741664,ema
16,s1_clean,7.322508343984496,4.588300078241882,False,False,False,wifi_only,47,7.5,4.5,0.14865794627361634,ema
16,s1_clean,7.322508343984496,4.588300078241882,False,False,False,vlp_only,47,7.5,4.5,0.9999999999010002,ema
16,s1_clean,7.322508343984496,4.588300078241882,False,False,False,static_fusion,47,7.5,4.5,0.5743289730873082,ema
17,s1_clean,7.446193242310456,4.675563891349093,False,False,False,wifi_only,47,7.5,4.5,0.14089679756788506,ema
17,s1_clean,7.446193242310456,4.675563891349093,False,False,False,vlp_only,47,7.5,4.5,0.9999999999010002,ema
17,s1_clean,7.446193242310456,4.675563891349093,False,False,False,static_fusion,47,7.5,4.5,0.5704483987344425,ema
18,s1_clean,7.634031718409139,4.77391982605946,False,False,False,wifi_only,36,6.5,3.5,0.13628899471974557,ema
18,s1_clean,7.634031718409139,4.77391982605946,False,False,False,vlp_only,47,7.5,4.5,0.9999999999010002,ema
18,s1_clean,7.634031718409139,4.77391982605946,False,False,False,static_fusion,47,7.5,4.5,0.5663075032280087,ema
19,s1_clean,7.862727723450558,4.97492979510894,False,False,False,wifi_only,47,7.5,4.5,0.14727143490744987,ema
19,s1_clean,7.862727723450558,4.97492979510894,False,False,False,vlp_only,47,7.5,4.5,0.9999999998972261,ema
19,s1_clean,7.862727723450558,4.97492979510894,False,False,False,static_fusion,47,7.5,4.5,0.5736357174023379,ema
20,s1_clean,7.939266457295782,5.129541394281456,False,False,False,wifi_only,58,8.5,5.5,0.13779032295495489,ema
20,s1_clean,7.939266457295782,5.129541394281456,False,False,False,vlp_only,47,7.5,4.5,0.9999999288079302,ema
20,s1_clean,7.939266457295782,5.129541394281456,False,False,False,static_fusion,47,7.5,4.5,0.5593430165030023,ema
21,s1_clean,8.011102297567714,5.276303396065385,False,False,False,wifi_only,58,8.5,5.5,0.1345643698165838,ema
21,s1_clean,8.011102297567714,5.276303396065385,False,False,False,vlp_only,57,7.5,5.5,0.9999350122586405,ema
21,s1_clean,8.011102297567714,5.276303396065385,False,False,False,static_fusion,57,7.5,5.5,0.559448466832195,ema
22,s1_clean,8.343062278059984,5.445902988798278,False,False,False,wifi_only,58,8.5,5.5,0.16259992648072014,ema
22,s1_clean,8.343062278059984,5.445902988798278,False,False,False,vlp_only,57,7.5,5.5,0.9662695132774347,ema
22,s1_clean,8.343062278059984,5.445902988798278,False,False,False,static_fusion,57,7.5,5.5,0.5530780400028685,ema
23,s1_clean,8.52052164720882,5.6027346910434765,False,False,False,wifi_only,58,8.5,5.5,0.17993655241134623,ema
23,s1_clean,8.52052164720882,5.6027346910434765,False,False,False,vlp_only,58,8.5,5.5,0.9970775479007769,ema
23,s1_clean,8.52052164720882,5.6027346910434765,False,False,False,static_fusion,58,8.5,5.5,0.5885070501560614,ema
24,s1_clean,8.840063415262575,5.876328672083288,False,False,False,wifi_only,58,8.5,5.5,0.17556589844604056,ema
24,s1_clean,8.840063415262575,5.876328672083288,False,False,False,vlp_only,58,8.5,5.5,0.9999981683895365,ema
24,s1_clean,8.840063415262575,5.876328672083288,False,False,False,static_fusion,58,8.5,5.5,0.5877820334177886,ema
25,s1_clean,9.133542118122302,6.275738550131283,False,False,False,wifi_only,69,9.5,6.5,0.17816281753696284,ema
25,s1_clean,9.133542118122302,6.275738550131283,False,False,False,vlp_only,58,8.5,5.5,0.9999999997307828,ema
25,s1_clean,9.133542118122302,6.275738550131283,False,False,False,static_fusion,58,8.5,5.5,0.5569173685569134,ema
26,s1_clean,9.35618800793218,6.65718067016028,False,False,False,wifi_only,69,9.5,6.5,0.19710384951877616,ema
26,s1_clean,9.35618800793218,6.65718067016028,False,False,False,vlp_only,69,9.5,6.5,0.9999999999010001,ema
26,s1_clean,9.35618800793218,6.65718067016028,False,False,False,static_fusion,69,9.5,6.5,0.598551924709888,ema
27,s1_clean,9.561103088027537,7.107641397521033,False,False,False,wifi_only,58,8.5,5.5,0.16305010244935977,ema
27,s1_clean,9.561103088027537,7.107641397521033,False,False,False,vlp_only,69,9.5,6.5,0.9999999999010001,ema
27,s1_clean,9.561103088027537,7.107641397521033,False,False,False,static_fusion,69,9.5,6.5,0.5754895166757279,ema
28,s1_clean,9.62294450389752,7.287936096739562,False,False,False,wifi_only,59,9.5,5.5,0.2802731938612885,ema
28,s1_clean,9.62294450389752,7.287936096739562,False,False,False,vlp_only,69,9.5,6.5,0.9999999999010001,ema
28,s1_clean,9.62294450389752,7.287936096739562,False,False,False,static_fusion,69,9.5,6.5,0.6228474737127633,ema
29,s1_clean,9.567042849149868,7.590650497286169,False,False,False,wifi_only,69,9.5,6.5,0.2641171002920778,ema
29,s1_clean,9.567042849149868,7.590650497286169,False,False,False,vlp_only,79,9.5,7.5,0.9999340220129093,ema
29,s1_clean,9.567042849149868,7.590650497286169,False,False,False,static_fusion,79,9.5,7.5,0.573594219147958,ema
30,s1_clean,9.368809486427658,7.926124173973704,False,False,False,wifi_only,69,9.5,6.5,0.20484783726537373,ema
30,s1_clean,9.368809486427658,7.926124173973704,False,False,False,vlp_only,79,9.5,7.5,0.9999999999010001,ema
30,s1_clean,9.368809486427658,7.926124173973704,False,False,False,static_fusion,79,9.5,7.5,0.5999192661085835,ema
31,s1_clean,9.317903367352146,8.04732779879347,False,False,False,wifi_only,89,9.5,8.5,0.22655754336459027,ema
31,s1_clean,9.317903367352146,8.04732779879347,False,False,False,vlp_only,79,9.5,7.5,0.9999999998978376,ema
31,s1_clean,9.317903367352146,8.04732779879347,False,False,False,static_fusion,79,9.5,7.5,0.5746428258933437,ema
32,s1_clean,9.186332412855084,8.43241929333643,False,False,False,wifi_only,79,9.5,7.5,0.17784511081689758,ema
32,s1_clean,9.186332412855084,8.43241929333643,False,False,False,vlp_only,79,9.5,7.5,0.999999447442224,ema
32,s1_clean,9.186332412855084,8.43241929333643,False,False,False,static_fusion,79,9.5,7.5,0.5889222791295607,ema
33,s1_clean,9.112727671229193,8.796655767469591,False,False,False,wifi_only,88,8.5,8.5,0.15782735200805673,ema
33,s1_clean,9.112727671229193,8.796655767469591,False,False,False,vlp_only,89,9.5,8.5,0.8066744244293358,ema
33,s1_clean,9.112727671229193,8.796655767469591,False,False,False,static_fusion,89,9.5,8.5,0.47347213349240835,ema
34,s1_clean,9.270799859312152,9.22745450829668,False,False,False,wifi_only,89,9.5,8.5,0.18662376369936412,ema
34,s1_clean,9.270799859312152,9.22745450829668,False,False,False,vlp_only,89,9.5,8.5,0.9999997832294858,ema
34,s1_clean,9.270799859312152,9.22745450829668,False,False,False,static_fusion,89,9.5,8.5,0.593311773464425,ema
35,s1_clean,9.423420837008932,9.422997081607893,False,False,False,wifi_only,99,9.5,9.5,0.25524452488225063,ema
35,s1_clean,9.423420837008932,9.422997081607893,False,False,False,vlp_only,89,9.5,8.5,0.9999857785005132,ema
35,s1_clean,9.423420837008932,9.422997081607893,False,False,False,static_fusion,89,9.5,8.5,0.6073037291795192,ema
36,s1_clean,9.481110661263054,9.62212971253768,False,False,False,wifi_only,99,9.5,9.5,0.26923212352261094,ema
36,s1_clean,9.481110661263054,9.62212971253768,False,False,False,vlp_only,99,9.5,9.5,0.9999999999010001,ema
36,s1_clean,9.481110661263054,9.62212971253768,False,False,False,static_fusion,99,9.5,9.5,0.6346160617118055,ema
37,s1_clean,9.541752579513968,9.92203908827878,False,False,False,wifi_only,99,9.5,9.5,0.2342898128940461,ema
37,s1_clean,9.541752579513968,9.92203908827878,False,False,False,vlp_only,99,9.5,9.5,0.9999999999010001,ema
37,s1_clean,9.541752579513968,9.92203908827878,False,False,False,static_fusion,99,9.5,9.5,0.6171449063975231,ema
38,s1_clean,9.402562603553038,9.543991147418636,False,False,False,wifi_only,89,9.5,8.5,0.20894405154870083,ema
38,s1_clean,9.402562603553038,9.543991147418636,False,False,False,vlp_only,99,9.5,9.5,0.9999999999010001,ema
38,s1_clean,9.402562603553038,9.543991147418636,False,False,False,static_fusion,99,9.5,9.5,0.5835314147497199,ema
39,s1_clean,9.44479730227728,9.391504817262849,False,False,False,wifi_only,99,9.5,9.5,0.21231012424289059,ema
39,s1_clean,9.44479730227728,9.391504817262849,False,False,False,vlp_only,99,9.5,9.5,0.9999999999010001,ema
39,s1_clean,9.44479730227728,9.391504817262849,False,False,False,static_fusion,99,9.5,9.5,0.6061550620719454,ema
40,s1_clean,9.525454359161255,8.940867722935458,False,False,False,wifi_only,89,9.5,8.5,0.23991730480288204,ema
40,s1_clean,9.525454359161255,8.940867722935458,False,False,False,vlp_only,99,9.5,9.5,0.9999999999010001,ema
40,s1_clean,9.525454359161255,8.940867722935458,False,False,False,static_fusion,99,9.5,9.5,0.6031176824027443,ema
41,s1_clean,9.823585243977655,8.584999463128653,False,False,False,wifi_only,89,9.5,8.5,0.21090383669518611,ema
41,s1_clean,9.823585243977655,8.584999463128653,False,False,False,vlp_only,99,9.5,9.5,0.9999999999010001,ema
41,s1_clean,9.823585243977655,8.584999463128653,False,False,False,static_fusion,99,9.5,9.5,0.5828866441680975,ema
42,s1_clean,9.694700842723162,8.966546447675274,False,False,False,wifi_only,89,9.5,8.5,0.2343360844597137,ema
42,s1_clean,9.694700842723162,8.966546447675274,False,False,False,vlp_only,99,9.5,9.5,0.9999999999010001,ema
42,s1_clean,9.694700842723162,8.966546447675274,False,False,False,static_fusion,99,9.5,9.5,0.5953231592587755,ema
43,s1_clean,9.569223421271444,9.326938465999294,False,False,False,wifi_only,99,9.5,9.5,0.33074266778153594,ema
43,s1_clean,9.569223421271444,9.326938465999294,False,False,False,vlp_only,99,9.5,9.5,0.9999999999010001,ema
43,s1_clean,9.569223421271444,9.326938465999294,False,False,False,static_fusion,99,9.5,9.5,0.665371333841268,ema
44,s1_clean,9.534535416987817,9.784343768551336,False,False,False,wifi_only,99,9.5,9.5,0.35451782759204475,ema
44,s1_clean,9.534535416987817,9.784343768551336,False,False,False,vlp_only,99,9.5,9.5,0.9999999999010001,ema
44,s1_clean,9.534535416987817,9.784343768551336,False,False,False,static_fusion,99,9.5,9.5,0.6772589137465224,ema
45,s1_clean,9.54487381028695,9.92332836828298,False,False,False,wifi_only,99,9.5,9.5,0.3659668260681156,ema
45,s1_clean,9.54487381028695,9.92332836828298,False,False,False,vlp_only,99,9.5,9.5,0.9999999999010001,ema
45,s1_clean,9.54487381028695,9.92332836828298,False,False,False,static_fusion,99,9.5,9.5,0.6829834129845578,ema
46,s1_clean,9.558162041417896,9.663482828106742,False,False,False,wifi_only,99,9.5,9.5,0.37063987472354865,ema
46,s1_clean,9.558162041417896,9.663482828106742,False,False,False,vlp_only,99,9.5,9.5,0.9999999999010001,ema
46,s1_clean,9.558162041417896,9.663482828106742,False,False,False,static_fusion,99,9.5,9.5,0.6853199373122744,ema
47,s1_clean,9.5646528065164,9.424365913186056,False,False,False,wifi_only,99,9.5,9.5,0.2963538130782738,ema
47,s1_clean,9.5646528065164,9.424365913186056,False,False,False,vlp_only,99,9.5,9.5,0.9999999999010001,ema
47,s1_clean,9.5646528065164,9.424365913186056,False,False,False,static_fusion,99,9.5,9.5,0.648176906489637,ema
48,s1_clean,9.50103939557558,9.114055937821927,False,False,False,wifi_only,99,9.5,9.5,0.34059213929348675,ema
48,s1_clean,9.50103939557558,9.114055937821927,False,False,False,vlp_only,99,9.5,9.5,0.9999999999010001,ema
48,s1_clean,9.50103939557558,9.114055937821927,False,False,False,static_fusion,99,9.5,9.5,0.6702960695972434,ema
49,s1_clean,9.414656161118282,8.731094504017625,False,False,False,wifi_only,99,9.5,9.5,0.28410304676212833,ema
49,s1_clean,9.414656161118282,8.731094504017625,False,False,False,vlp_only,99,9.5,9.5,0.9999999999010001,ema
49,s1_clean,9.414656161118282,8.731094504017625,False,False,False,static_fusion,99,9.5,9.5,0.6420515233315642,ema
50,s1_clean,9.21633605588256,8.49062670552971,False,False,False,wifi_only,99,9.5,9.5,0.3014905710898556,ema
50,s1_clean,9.21633605588256,8.49062670552971,False,False,False,vlp_only,89,9.5,8.5,0.9999511702325576,ema
50,s1_clean,9.21633605588256,8.49062670552971,False,False,False,static_fusion,89,9.5,8.5,0.6281825474073199,ema
51,s1_clean,9.11760935449355,8.438577566893754,False,False,False,wifi_only,99,9.5,9.5,0.1890683610647896,ema
51,s1_clean,9.11760935449355,8.438577566893754,False,False,False,vlp_only,89,9.5,8.5,0.9999814952780345,ema
51,s1_clean,9.11760935449355,8.438577566893754,False,False,False,static_fusion,89,9.5,8.5,0.5943987565739273,ema
52,s1_clean,8.922779282926651,8.205081914366874,False,False,False,wifi_only,89,9.5,8.5,0.21961892395969138,ema
52,s1_clean,8.922779282926651,8.205081914366874,False,False,False,vlp_only,89,9.5,8.5,0.9999865332910356,ema
52,s1_clean,8.922779282926651,8.205081914366874,False,False,False,static_fusion,89,9.5,8.5,0.6098027286253634,ema
53,s1_clean,8.733693244154269,8.016610598714413,False,False,False,wifi_only,89,9.5,8.5,0.17678893209063753,ema
53,s1_clean,8.733693244154269,8.016610598714413,False,False,False,vlp_only,88,8.5,8.5,0.9999999997514982,ema
53,s1_clean,8.733693244154269,8.016610598714413,False,False,False,static_fusion,88,8.5,8.5,0.5707693368290278,ema
54,s1_clean,8.604067606013617,7.71418254806786,False,False,False,wifi_only,99,9.5,9.5,0.20345792743271848,ema
54,s1_clean,8.604067606013617,7.71418254806786,False,False,False,vlp_only,88,8.5,8.5,0.9999123233749093,ema
54,s1_clean,8.604067606013617,7.71418254806786,False,False,False,static_fusion,88,8.5,8.5,0.5598358985158362,ema
55,s1_clean,8.380292121918876,7.508518197183664,False,False,False,wifi_only,89,9.5,8.5,0.14981175786519305,ema
55,s1_clean,8.380292121918876,7.508518197183664,False,False,False,vlp_only,88,8.5,8.5,0.5384522064668754,ema
55,s1_clean,8.380292121918876,7.508518197183664,False,False,False,static_fusion,88,8.5,8.5,0.3373265272483363,ema
56,s1_clean,8.261298236940235,7.032237617033076,False,False,False,wifi_only,78,8.5,7.5,0.14774208784579465,ema
56,s1_clean,8.261298236940235,7.032237617033076,False,False,False,vlp_only,78,8.5,7.5,0.9999999991245224,ema
56,s1_clean,8.261298236940235,7.032237617033076,False,False,False,static_fusion,78,8.5,7.5,0.5738710434851585,ema
57,s1_clean,8.367834526148913,6.700942345233571,False,False,False,wifi_only,78,8.5,7.5,0.1579374912538567,ema
57,s1_clean,8.367834526148913,6.700942345233571,False,False,False,vlp_only,78,8.5,7.5,0.9999999999010001,ema
57,s1_clean,8.367834526148913,6.700942345233571,False,False,False,static_fusion,78,8.5,7.5,0.5789687455774284,ema
58,s1_clean,8.353958878788386,6.494196804329148,False,False,False,wifi_only,78,8.5,7.5,0.14610051910706498,ema
58,s1_clean,8.353958878788386,6.494196804329148,False,False,False,vlp_only,68,8.5,6.5,0.999999999467857,ema
58,s1_clean,8.353958878788386,6.494196804329148,False,False,False,static_fusion,68,8.5,6.5,0.564945509261052,ema
59,s1_clean,8.336546429042226,6.293616283957347,False,False,False,wifi_only,68,8.5,6.5,0.13701255775693222,ema
59,s1_clean,8.336546429042226,6.293616283957347,False,False,False,vlp_only,68,8.5,6.5,0.9999999998355069,ema
59,s1_clean,8.336546429042226,6.293616283957347,False,False,False,static_fusion,68,8.5,6.5,0.5685062787962196,ema
60,s1_clean,8.40346815147133,6.116995442632617,False,False,False,wifi_only,68,8.5,6.5,0.16045941680686082,ema
60,s1_clean,8.40346815147133,6.116995442632617,False,False,False,vlp_only,68,8.5,6.5,0.9999999998810442,ema
60,s1_clean,8.40346815147133,6.116995442632617,False,False,False,static_fusion,68,8.5,6.5,0.5802297083439525,ema
61,s1_clean,8.546844700935843,5.924881887661858,False,False,False,wifi_only,57,7.5,5.5,0.15351754912169066,ema
61,s1_clean,8.546844700935843,5.924881887661858,False,False,False,vlp_only,68,8.5,6.5,0.9999999998922219,ema
61,s1_clean,8.546844700935843,5.924881887661858,False,False,False,static_fusion,68,8.5,6.5,0.564098473493324,ema
62,s1_clean,8.729904160776496,5.547744951919951,False,False,False,wifi_only,59,9.5,5.5,0.17541149237920922,ema
62,s1_clean,8.729904160776496,5.547744951919951,False,False,False,vlp_only,69,9.5,6.5,0.9999999999010001,ema
62,s1_clean,8.729904160776496,5.547744951919951,False,False,False,static_fusion,69,9.5,6.5,0.5437462096319395,ema
63,s1_clean,8.77202584280195,5.143629060389316,False,False,False,wifi_only,58,8.5,5.5,0.16254983697286787,ema
63,s1_clean,8.77202584280195,5.143629060389316,False,False,False,vlp_only,58,8.5,5.5,0.9999999999010002,ema
63,s1_clean,8.77202584280195,5.143629060389316,False,False,False,static_fusion,58,8.5,5.5,0.581274918436934,ema
64,s1_clean,8.718437609453172,4.97610578105409,False,False,False,wifi_only,58,8.5,5.5,0.17938021305909752,ema
64,s1_clean,8.718437609453172,4.97610578105409,False,False,False,vlp_only,58,8.5,5.5,0.9999999998931471,ema
64,s1_clean,8.718437609453172,4.97610578105409,False,False,False,static_fusion,58,8.5,5.5,0.5896901064761223,ema
65,s1_clean,8.667563530000693,4.866630764710654,False,False,False,wifi_only,59,9.5,5.5,0.16104674973695252,ema
65,s1_clean,8.667563530000693,4.866630764710654,False,False,False,vlp_only,58,8.5,5.5,0.9999999998938456,ema
65,s1_clean,8.667563530000693,4.866630764710654,False,False,False,static_fusion,58,8.5,5.5,0.578955240920146,ema
66,s1_clean,8.542366419283344,4.760216825616967,False,False,False,wifi_only,58,8.5,5.5,0.15601064433968295,ema
66,s1_clean,8.542366419283344,4.760216825616967,False,False,False,vlp_only,59,9.5,5.5,0.5143230008873988,ema
66,s1_clean,8.542366419283344,4.760216825616967,False,False,False,static_fusion,59,9.5,5.5,0.32690346506825135,ema
67,s1_clean,8.382687489621802,4.499553999003734,False,False,False,wifi_only,58,8.5,5.5,0.14228147392980242,ema
67,s1_clean,8.382687489621802,4.499553999003734,False,False,False,vlp_only,48,8.5,4.5,0.9999999998731022,ema
67,s1_clean,8.382687489621802,4.499553999003734,False,False,False,static_fusion,48,8.5,4.5,0.5677569665892438,ema
68,s1_clean,8.31381336958047,4.356990528873265,False,False,False,wifi_only,48,8.5,4.5,0.18815141360329454,ema
68,s1_clean,8.31381336958047,4.356990528873265,False,False,False,vlp_only,48,8.5,4.5,0.9999999952832401,ema
68,s1_clean,8.31381336958047,4.356990528873265,False,False,False,static_fusion,48,8.5,4.5,0.5940757044432673,ema
69,s1_clean,8.173199902177743,4.055129301838792,False,False,False,wifi_only,48,8.5,4.5,0.1751034139094169,ema
69,s1_clean,8.173199902177743,4.055129301838792,False,False,False,vlp_only,48,8.5,4.5,0.9999998272947617,ema
69,s1_clean,8.173199902177743,4.055129301838792,False,False,False,static_fusion,48,8.5,4.5,0.5875516206020893,ema
70,s1_clean,7.958876024659174,3.799783052657366,False,False,False,wifi_only,38,8.5,3.5,0.18318918716518726,ema
70,s1_clean,7.958876024659174,3.799783052657366,False,False,False,vlp_only,48,8.5,4.5,0.9999401987136373,ema
70,s1_clean,7.958876024659174,3.799783052657366,False,False,False,static_fusion,48,8.5,4.5,0.558505670060378,ema
71,s1_clean,7.833669525191001,3.638141757452688,False,False,False,wifi_only,38,8.5,3.5,0.2264445687183879,ema
71,s1_clean,7.833669525191001,3.638141757452688,False,False,False,vlp_only,39,9.5,3.5,0.9999999999010002,ema
71,s1_clean,7.833669525191001,3.638141757452688,False,False,False,static_fusion,39,9.5,3.5,0.5678957542509442,ema
72,s1_clean,7.664684483724226,3.3337804086327285,False,False,False,wifi_only,37,7.5,3.5,0.2056731458831743,ema
72,s1_clean,7.664684483724226,3.3337804086327285,False,False,False,vlp_only,37,7.5,3.5,0.8193016732143855,ema
72,s1_clean,7.664684483724226,3.3337804086327285,False,False,False,static_fusion,37,7.5,3.5,0.5124874095487797,ema
73,s1_clean,7.325126662205962,3.0900072935102134,False,False,False,wifi_only,37,7.5,3.5,0.19771555966125096,ema
73,s1_clean,7.325126662205962,3.0900072935102134,False,False,False,vlp_only,37,7.5,3.5,0.9999932217363073,ema
73,s1_clean,7.325126662205962,3.0900072935102134,False,False,False,static_fusion,37,7.5,3.5,0.5988543906987791,ema
74,s1_clean,7.295614884999138,2.9887682845800643,False,False,False,wifi_only,37,7.5,3.5,0.21206862359282055,ema
74,s1_clean,7.295614884999138,2.9887682845800643,False,False,False,vlp_only,37,7.5,3.5,0.9999999994926094,ema
74,s1_clean,7.295614884999138,2.9887682845800643,False,False,False,static_fusion,37,7.5,3.5,0.606034311542715,ema
75,s1_clean,7.296351451677773,2.798195708361908,False,False,False,wifi_only,37,7.5,3.5,0.16896802372900344,ema
75,s1_clean,7.296351451677773,2.798195708361908,False,False,False,vlp_only,37,7.5,3.5,0.9999999999010002,ema
75,s1_clean,7.296351451677773,2.798195708361908,False,False,False,static_fusion,37,7.5,3.5,0.5844840118150018,ema
76,s1_clean,7.251642624966383,2.337893241987238,False,False,False,wifi_only,37,7.5,3.5,0.17960330346131273,ema
76,s1_clean,7.251642624966383,2.337893241987238,False,False,False,vlp_only,27,7.5,2.5,0.9998681194612393,ema
76,s1_clean,7.251642624966383,2.337893241987238,False,False,False,static_fusion,27,7.5,2.5,0.5752375047108309,ema
77,s1_clean,7.191112638050282,2.11104971712342,False,False,False,wifi_only,27,7.5,2.5,0.18496757157482746,ema
77,s1_clean,7.191112638050282,2.11104971712342,False,False,False,vlp_only,27,7.5,2.5,0.9999999999010002,ema
77,s1_clean,7.191112638050282,2.11104971712342,False,False,False,static_fusion,27,7.5,2.5,0.5924837857379138,ema
78,s1_clean,7.088997127565227,1.8280730412017787,False,False,False,wifi_only,27,7.5,2.5,0.20466689559168563,ema
78,s1_clean,7.088997127565227,1.8280730412017787,False,False,False,vlp_only,27,7.5,2.5,0.9999999994596654,ema
78,s1_clean,7.088997127565227,1.8280730412017787,False,False,False,static_fusion,27,7.5,2.5,0.6023334475256755,ema
79,s1_clean,7.114586335383993,1.531713950324241,False,False,False,wifi_only,17,7.5,1.5,0.19393760793780812,ema
79,s1_clean,7.114586335383993,1.531713950324241,False,False,False,vlp_only,27,7.5,2.5,0.9742389780611311,ema
79,s1_clean,7.114586335383993,1.531713950324241,False,False,False,static_fusion,27,7.5,2.5,0.5769017109366315,ema
80,s1_clean,7.170157133048356,1.3067743629177078,False,False,False,wifi_only,6,6.5,0.5,0.18468250903542807,ema
80,s1_clean,7.170157133048356,1.3067743629177078,False,False,False,vlp_only,17,7.5,1.5,0.9999167562004337,ema
80,s1_clean,7.170157133048356,1.3067743629177078,False,False,False,static_fusion,17,7.5,1.5,0.578996323138046,ema
81,s1_clean,7.201631077444322,1.1339839347561254,False,False,False,wifi_only,7,7.5,0.5,0.32092872904321534,ema
81,s1_clean,7.201631077444322,1.1339839347561254,False,False,False,vlp_only,17,7.5,1.5,0.9999999993440528,ema
81,s1_clean,7.201631077444322,1.1339839347561254,False,False,False,static_fusion,17,7.5,1.5,0.6529520917130398,ema
82,s1_clean,7.155776983713249,0.8528139925624313,False,False,False,wifi_only,17,7.5,1.5,0.27570204878038584,ema
82,s1_clean,7.155776983713249,0.8528139925624313,False,False,False,vlp_only,7,7.5,0.5,0.9999999995642499,ema
82,s1_clean,7.155776983713249,0.8528139925624313,False,False,False,static_fusion,7,7.5,0.5,0.6144440560959916,ema
83,s1_clean,6.976127786010122,0.4956267479912126,False,False,False,wifi_only,7,7.5,0.5,0.2609375725678867,ema
83,s1_clean,6.976127786010122,0.4956267479912126,False,False,False,vlp_only,7,7.5,0.5,0.9999999999007257,ema
83,s1_clean,6.976127786010122,0.4956267479912126,False,False,False,static_fusion,7,7.5,0.5,0.6304687862343062,ema
84,s1_clean,6.74255867268218,0.0843728881784015,False,False,False,wifi_only,7,7.5,0.5,0.22793711316016943,ema
84,s1_clean,6.74255867268218,0.0843728881784015,False,False,False,vlp_only,7,7.5,0.5,0.9999999999010003,ema
84,s1_clean,6.74255867268218,0.0843728881784015,False,False,False,static_fusion,7,7.5,0.5,0.6139685565305849,ema
85,s1_clean,7.064294392948221,0.3942671783051067,False,False,False,wifi_only,17,7.5,1.5,0.19708398740176652,ema
85,s1_clean,7.064294392948221,0.3942671783051067,False,False,False,vlp_only,7,7.5,0.5,0.9999999999010003,ema
85,s1_clean,7.064294392948221,0.3942671783051067,False,False,False,static_fusion,7,7.5,0.5,0.5852950470426432,ema
86,s1_clean,7.176188436555574,0.5060043216815018,False,False,False,wifi_only,27,7.5,2.5,0.21622653449750498,ema
86,s1_clean,7.176188436555574,0.5060043216815018,False,False,False,vlp_only,7,7.5,0.5,0.9999999999010003,ema
86,s1_clean,7.176188436555574,0.5060043216815018,False,False,False,static_fusion,7,7.5,0.5,0.5676480094876928,ema
87,s1_clean,7.307226017604519,0.5668144077417742,False,False,False,wifi_only,17,7.5,1.5,0.2594681223324738,ema
87,s1_clean,7.307226017604519,0.5668144077417742,False,False,False,vlp_only,7,7.5,0.5,0.9999999999010003,ema
87,s1_clean,7.307226017604519,0.5668144077417742,False,False,False,static_fusion,7,7.5,0.5,0.5904951929646719,ema
88,s1_clean,7.687860172244926,0.7189120364284933,False,False,False,wifi_only,17,7.5,1.5,0.2616033472438949,ema
88,s1_clean,7.687860172244926,0.7189120364284933,False,False,False,vlp_only,7,7.5,0.5,0.9999999999005876,ema
88,s1_clean,7.687860172244926,0.7189120364284933,False,False,False,static_fusion,7,7.5,0.5,0.5876906978404047,ema
89,s1_clean,7.983386792676343,0.8375621710500243,False,False,False,wifi_only,28,8.5,2.5,0.2587929956664669,ema
89,s1_clean,7.983386792676343,0.8375621710500243,False,False,False,vlp_only,7,7.5,0.5,0.9999999998152949,ema
89,s1_clean,7.983386792676343,0.8375621710500243,False,False,False,static_fusion,7,7.5,0.5,0.6167805534885455,ema
90,s1_clean,8.256293406597695,0.875446755726633,False,False,False,wifi_only,7,7.5,0.5,0.23345931839129808,ema
90,s1_clean,8.256293406597695,0.875446755726633,False,False,False,vlp_only,7,7.5,0.5,0.9999997718498018,ema
90,s1_clean,8.256293406597695,0.875446755726633,False,False,False,static_fusion,7,7.5,0.5,0.6167295451205499,ema
91,s1_clean,8.425989160054677,0.93045254740169,False,False,False,wifi_only,8,8.5,0.5,0.27251160536593855,ema
91,s1_clean,8.425989160054677,0.93045254740169,False,False,False,vlp_only,7,7.5,0.5,0.7923076366629275,ema
91,s1_clean,8.425989160054677,0.93045254740169,False,False,False,static_fusion,7,7.5,0.5,0.41706647359632987,ema
92,s1_clean,8.863055882305986,1.1231286812777777,False,False,False,wifi_only,8,8.5,0.5,0.29112089172830263,ema
92,s1_clean,8.863055882305986,1.1231286812777777,False,False,False,vlp_only,8,8.5,0.5,0.9999552212722029,ema
92,s1_clean,8.863055882305986,1.1231286812777777,False,False,False,static_fusion,8,8.5,0.5,0.6455380565002525,ema
93,s1_clean,9.23021965860404,1.1465464090231468,False,False,False,wifi_only,9,9.5,0.5,0.26684354143409106,ema
93,s1_clean,9.23021965860404,1.1465464090231468,False,False,False,vlp_only,8,8.5,0.5,0.9992174935424025,ema
93,s1_clean,9.23021965860404,1.1465464090231468,False,False,False,static_fusion,8,8.5,0.5,0.6246822940194565,ema
94,s1_clean,9.37371170551081,1.169754508811914,False,False,False,wifi_only,19,9.5,1.5,0.25728693590016705,ema
94,s1_clean,9.37371170551081,1.169754508811914,False,False,False,vlp_only,8,8.5,0.5,0.8669356901314645,ema
94,s1_clean,9.37371170551081,1.169754508811914,False,False,False,static_fusion,8,8.5,0.5,0.562050797363241,ema
95,s1_clean,9.770217154834045,1.159649324523821,False,False,False,wifi_only,19,9.5,1.5,0.2942105855423781,ema
95,s1_clean,9.770217154834045,1.159649324523821,False,False,False,vlp_only,19,9.5,1.5,0.9996837517283624,ema
95,s1_clean,9.770217154834045,1.159649324523821,False,False,False,static_fusion,19,9.5,1.5,0.6469471686353703,ema
96,s1_clean,9.5806362152392,1.1294724581913531,False,False,False,wifi_only,19,9.5,1.5,0.3322236358832143,ema
96,s1_clean,9.5806362152392,1.1294724581913531,False,False,False,vlp_only,19,9.5,1.5,0.9995555755831387,ema
96,s1_clean,9.5806362152392,1.1294724581913531,False,False,False,static_fusion,19,9.5,1.5,0.6658896057331763,ema
97,s1_clean,9.431952925308204,0.9654622254894044,False,False,False,wifi_only,19,9.5,1.5,0.3153146497631781,ema
97,s1_clean,9.431952925308204,0.9654622254894044,False,False,False,vlp_only,19,9.5,1.5,0.9997587058667986,ema
97,s1_clean,9.431952925308204,0.9654622254894044,False,False,False,static_fusion,19,9.5,1.5,0.6575366778149883,ema
98,s1_clean,9.360595724435434,0.6120686019402459,False,False,False,wifi_only,19,9.5,1.5,0.3324146750680021,ema
98,s1_clean,9.360595724435434,0.6120686019402459,False,False,False,vlp_only,19,9.5,1.5,0.9677165915558074,ema
98,s1_clean,9.360595724435434,0.6120686019402459,False,False,False,static_fusion,19,9.5,1.5,0.6500656333119046,ema
99,s1_clean,9.26764607580253,0.4010204672213302,False,False,False,wifi_only,19,9.5,1.5,0.3274389741922084,ema
99,s1_clean,9.26764607580253,0.4010204672213302,False,False,False,vlp_only,9,9.5,0.5,0.9999999999010003,ema
99,s1_clean,9.26764607580253,0.4010204672213302,False,False,False,static_fusion,9,9.5,0.5,0.6432344555896314,ema
0,s2_wifi_degraded,3.50146586178358,2.794545781008381,False,False,False,wifi_only,33,3.5,3.5,0.16476705506152547,raw
0,s2_wifi_degraded,3.50146586178358,2.794545781008381,False,False,False,vlp_only,23,3.5,2.5,0.9999999999010003,raw
0,s2_wifi_degraded,3.50146586178358,2.794545781008381,False,False,False,static_fusion,23,3.5,2.5,0.5359233934762211,raw
1,s2_wifi_degraded,3.8334314692961406,3.0879105600798664,False,False,False,wifi_only,23,3.5,2.5,0.24529090886235785,raw
1,s2_wifi_degraded,3.8334314692961406,3.0879105600798664,False,False,False,vlp_only,33,3.5,3.5,0.9999999999010002,raw
1,s2_wifi_degraded,3.8334314692961406,3.0879105600798664,False,False,False,static_fusion,33,3.5,3.5,0.5451685184157022,raw
2,s2_wifi_degraded,4.0456173120900445,3.1263296245930507,False,False,False,wifi_only,43,3.5,4.5,0.13379269755961112,raw
2,s2_wifi_degraded,4.0456173120900445,3.1263296245930507,False,False,False,vlp_only,33,3.5,3.5,0.9999999999010002,raw
2,s2_wifi_degraded,4.0456173120900445,3.1263296245930507,False,False,False,static_fusion,33,3.5,3.5,0.5141778678637635,raw
3,s2_wifi_degraded,4.42592581634721,3.113695449768073,False,False,False,wifi_only,23,3.5,2.5,0.21261481475684313,raw
3,s2_wifi_degraded,4.42592581634721,3.113695449768073,False,False,False,vlp_only,34,4.5,3.5,0.9999999982294966,raw
3,s2_wifi_degraded,4.42592581634721,3.113695449768073,False,False,False,static_fusion,34,4.5,3.5,0.5178548113561072,raw
4,s2_wifi_degraded,4.708255729915193,3.19039433570727,False,False,False,wifi_only,24,4.5,2.5,0.23324843663697428,raw
4,s2_wifi_degraded,4.708255729915193,3.19039433570727,False,False,False,vlp_only,34,4.5,3.5,0.9999999999010002,raw
4,s2_wifi_degraded,4.708255729915193,3.19039433570727,False,False,False,static_fusion,34,4.5,3.5,0.545062318372642,raw
5,s2_wifi_degraded,4.978762662726669,3.137730843885924,False,False,False,wifi_only,15,5.5,1.5,0.22901878603191997,raw
5,s2_wifi_degraded,4.978762662726669,3.137730843885924,False,False,False,vlp_only,34,4.5,3.5,0.9999999057870588,raw
5,s2_wifi_degraded,4.978762662726669,3.137730843885924,False,False,False,static_fusion,34,4.5,3.5,0.5023894396334213,raw
6,s2_wifi_degraded,5.202025987228208,3.1529819162085304,False,False,False,wifi_only,25,5.5,2.5,0.1762115690268413,raw
6,s2_wifi_degraded,5.202025987228208,3.1529819162085304,False,False,False,vlp_only,35,5.5,3.5,0.9999999999010002,raw
6,s2_wifi_degraded,5.202025987228208,3.1529819162085304,False,False,False,static_fusion,35,5.5,3.5,0.5660685279636224,raw
7,s2_wifi_degraded,5.347337808465035,3.292281793156062,False,False,False,wifi_only,46,6.5,4.5,0.10806036960660416,raw
7,s2_wifi_degraded,5.347337808465035,3.292281793156062,False,False,False,vlp_only,35,5.5,3.5,0.9999999999010002,raw
7,s2_wifi_degraded,5.347337808465035,3.292281793156062,False,False,False,static_fusion,35,5.5,3.5,0.5539749683709848,raw
8,s2_wifi_degraded,5.716827179474,3.58088982297864,False,False,False,wifi_only,34,4.5,3.5,0.17896001618348223,raw
8,s2_wifi_degraded,5.716827179474,3.58088982297864,False,False,False,vlp_only,35,5.5,3.5,0.9999999999010002,raw
8,s2_wifi_degraded,5.716827179474,3.58088982297864,False,False,False,static_fusion,35,5.5,3.5,0.5405746613713379,raw
9,s2_wifi_degraded,5.862414412197704,3.68421178879823,False,False,False,wifi_only,37,7.5,3.5,0.15612947267916988,raw
9,s2_wifi_degraded,5.862414412197704,3.68421178879823,False,False,False,vlp_only,35,5.5,3.5,0.9999999999010002,raw
9,s2_wifi_degraded,5.862414412197704,3.68421178879823,False,False,False,static_fusion,35,5.5,3.5,0.5042659527893555,raw
10,s2_wifi_degraded,6.2621648807209205,3.865009897723677,True,False,False,wifi_only,39,9.5,3.5,0.6723857853994533,raw
10,s2_wifi_degraded,6.2621648807209205,3.865009897723677,True,False,False,vlp_only,46,6.5,4.5,0.9999999999010002,raw
10,s2_wifi_degraded,6.2621648807209205,3.865009897723677,True,False,False,static_fusion,46,6.5,4.5,0.5000000761071413,raw
11,s2_wifi_degraded,6.386402797469953,4.000359969380765,True,False,False,wifi_only,66,6.5,6.5,0.17409999566793624,raw
11,s2_wifi_degraded,6.386402797469953,4.000359969380765,True,False,False,vlp_only,46,6.5,4.5,0.9999999999010002,raw
11,s2_wifi_degraded,6.386402797469953,4.000359969380765,True,False,False,static_fusion,46,6.5,4.5,0.5112266514881119,raw
12,s2_wifi_degraded,6.486403725025359,4.131792507959473,True,False,False,wifi_only,59,9.5,5.5,0.39454839978784984,raw
12,s2_wifi_degraded,6.486403725025359,4.131792507959473,True,False,False,vlp_only,46,6.5,4.5,0.9999999999010002,raw
12,s2_wifi_degraded,6.486403725025359,4.131792507959473,True,False,False,static_fusion,46,6.5,4.5,0.5005639638824718,raw
13,s2_wifi_degraded,6.594101310260236,4.146666699824417,True,False,False,wifi_only,13,3.5,1.5,0.2945432765601355,raw
13,s2_wifi_degraded,6.594101310260236,4.146666699824417,True,False,False,vlp_only,46,6.5,4.5,0.9999974740449153,raw
13,s2_wifi_degraded,6.594101310260236,4.146666699824417,True,False,False,static_fusion,46,6.5,4.5,0.4999987984709216,raw
14,s2_wifi_degraded,6.938536691705024,4.190811224101229,True,False,False,wifi_only,6,6.5,0.5,0.710301422048979,raw
14,s2_wifi_degraded,6.938536691705024,4.190811224101229,True,False,False,vlp_only,47,7.5,4.5,0.9999999999010002,raw
14,s2_wifi_degraded,6.938536691705024,4.190811224101229,True,False,False,static_fusion,47,7.5,4.5,0.5000000087592751,raw
15,s2_wifi_degraded,7.095444556622987,4.3190830854397095,True,False,False,wifi_only,48,8.5,4.5,0.18914856858199597,raw
15,s2_wifi_degraded,7.095444556622987,4.3190830854397095,True,False,False,vlp_only,47,7.5,4.5,0.9999999999010002,raw
15,s2_wifi_degraded,7.095444556622987,4.3190830854397095,True,False,False,static_fusion,47,7.5,4.5,0.52855198271191,raw
16,s2_wifi_degraded,7.322508343984496,4.588300078241882,True,False,False,wifi_only,34,4.5,3.5,0.15416664799590327,raw
16,s2_wifi_degraded,7.322508343984496,4.588300078241882,True,False,False,vlp_only,47,7.5,4.5,0.9999999999010002,raw
16,s2_wifi_degraded,7.322508343984496,4.588300078241882,True,False,False,static_fusion,47,7.5,4.5,0.5045226168768676,raw
17,s2_wifi_degraded,7.446193242310456,4.675563891349093,True,False,False,wifi_only,37,7.5,3.5,0.21220531523889033,raw
17,s2_wifi_degraded,7.446193242310456,4.675563891349093,True,False,False,vlp_only,47,7.5,4.5,0.9991251049149242,raw
17,s2_wifi_degraded,7.446193242310456,4.675563891349093,True,False,False,static_fusion,47,7.5,4.5,0.537510954088831,raw
18,s2_wifi_degraded,7.634031718409139,4.77391982605946,True,False,False,wifi_only,66,6.5,6.5,0.19392243521274538,raw
18,s2_wifi_degraded,7.634031718409139,4.77391982605946,True,False,False,vlp_only,47,7.5,4.5,0.9999964364858009,raw
18,s2_wifi_degraded,7.634031718409139,4.77391982605946,True,False,False,static_fusion,47,7.5,4.5,0.5000952513940379,raw
19,s2_wifi_degraded,7.862727723450558,4.97492979510894,True,False,False,wifi_only,49,9.5,4.5,0.5064439656648475,raw
19,s2_wifi_degraded,7.862727723450558,4.97492979510894,True,False,False,vlp_only,49,9.5,4.5,0.9974151088268731,raw
19,s2_wifi_degraded,7.862727723450558,4.97492979510894,True,False,False,static_fusion,49,9.5,4.5,0.7519295372458603,raw
20,s2_wifi_degraded,7.939266457295782,5.129541394281456,True,False,False,wifi_only,69,9.5,6.5,0.27936963964548966,raw
20,s2_wifi_degraded,7.939266457295782,5.129541394281456,True,False,False,vlp_only,58,8.5,5.5,0.9988176949746332,raw
20,s2_wifi_degraded,7.939266457295782,5.129541394281456,True,False,False,static_fusion,58,8.5,5.5,0.5026015597896429,raw
21,s2_wifi_degraded,8.011102297567714,5.276303396065385,True,False,False,wifi_only,3,3.5,0.5,0.36580966585066255,raw
21,s2_wifi_degraded,8.011102297567714,5.276303396065385,True,False,False,vlp_only,58,8.5,5.5,0.9757218328257377,raw
21,s2_wifi_degraded,8.011102297567714,5.276303396065385,True,False,False,static_fusion,58,8.5,5.5,0.4878609166886043,raw
22,s2_wifi_degraded,8.343062278059984,5.445902988798278,False,False,False,wifi_only,57,7.5,5.5,0.15362780786484967,raw
22,s2_wifi_degraded,8.343062278059984,5.445902988798278,False,False,False,vlp_only,58,8.5,5.5,0.9999999655106672,raw
22,s2_wifi_degraded,8.343062278059984,5.445902988798278,False,False,False,static_fusion,58,8.5,5.5,0.5716455197568804,raw
23,s2_wifi_degraded,8.52052164720882,5.6027346910434765,False,False,False,wifi_only,58,8.5,5.5,0.15763455663495943,raw
23,s2_wifi_degraded,8.52052164720882,5.6027346910434765,False,False,False,vlp_only,58,8.5,5.5,0.9999999999010002,raw
23,s2_wifi_degraded,8.52052164720882,5.6027346910434765,False,False,False,static_fusion,58,8.5,5.5,0.5788172782679798,raw
24,s2_wifi_degraded,8.840063415262575,5.876328672083288,False,False,False,wifi_only,58,8.5,5.5,0.15687865444381144,raw
24,s2_wifi_degraded,8.840063415262575,5.876328672083288,False,False,False,vlp_only,69,9.5,6.5,0.9999999999010001,raw
24,s2_wifi_degraded,8.840063415262575,5.876328672083288,False,False,False,static_fusion,69,9.5,6.5,0.5150069781392044,raw
25,s2_wifi_degraded,9.133542118122302,6.275738550131283,False,False,False,wifi_only,58,8.5,5.5,0.13256336813335065,raw
25,s2_wifi_degraded,9.133542118122302,6.275738550131283,False,False,False,vlp_only,69,9.5,6.5,0.9999999999010001,raw
25,s2_wifi_degraded,9.133542118122302,6.275738550131283,False,False,False,static_fusion,69,9.5,6.5,0.5387060042721843,raw
26,s2_wifi_degraded,9.35618800793218,6.65718067016028,False,False,False,wifi_only,58,8.5,5.5,0.17211434933497882,raw
26,s2_wifi_degraded,9.35618800793218,6.65718067016028,False,False,False,vlp_only,69,9.5,6.5,0.9999999999010001,raw
26,s2_wifi_degraded,9.35618800793218,6.65718067016028,False,False,False,static_fusion,69,9.5,6.5,0.5251675312502164,raw
27,s2_wifi_degraded,9.561103088027537,7.107641397521033,False,False,False,wifi_only,88,8.5,8.5,0.17117771073642665,raw
27,s2_wifi_degraded,9.561103088027537,7.107641397521033,False,False,False,vlp_only,79,9.5,7.5,0.9999999999010001,raw
27,s2_wifi_degraded,9.561103088027537,7.107641397521033,False,False,False,static_fusion,79,9.5,7.5,0.5369790651392077,raw
28,s2_wifi_degraded,9.62294450389752,7.287936096739562,False,False,False,wifi_only,68,8.5,6.5,0.10711038090748949,raw
28,s2_wifi_degraded,9.62294450389752,7.287936096739562,False,False,False,vlp_only,79,9.5,7.5,0.9999999999010001,raw
28,s2_wifi_degraded,9.62294450389752,7.287936096739562,False,False,False,static_fusion,79,9.5,7.5,0.5249553633058932,raw
29,s2_wifi_degraded,9.567042849149868,7.590650497286169,False,False,False,wifi_only,69,9.5,6.5,0.28053663255357986,raw
29,s2_wifi_degraded,9.567042849149868,7.590650497286169,False,False,False,vlp_only,79,9.5,7.5,0.9998570918446317,raw
29,s2_wifi_degraded,9.567042849149868,7.590650497286169,False,False,False,static_fusion,79,9.5,7.5,0.5723852379487289,raw
30,s2_wifi_degraded,9.368809486427658,7.926124173973704,False,False,False,wifi_only,99,9.5,9.5,0.22621439452478515,raw
30,s2_wifi_degraded,9.368809486427658,7.926124173973704,False,False,False,vlp_only,79,9.5,7.5,0.9984903892075687,raw
30,s2_wifi_degraded,9.368809486427658,7.926124173973704,False,False,False,static_fusion,79,9.5,7.5,0.5474521865510078,raw
31,s2_wifi_degraded,9.317903367352146,8.04732779879347,False,False,False,wifi_only,99,9.5,9.5,0.16683133345961576,raw
31,s2_wifi_degraded,9.317903367352146,8.04732779879347,False,False,False,vlp_only,89,9.5,8.5,0.9999613680000715,raw
31,s2_wifi_degraded,9.317903367352146,8.04732779879347,False,False,False,static_fusion,89,9.5,8.5,0.577546317367073,raw
32,s2_wifi_degraded,9.186332412855084,8.43241929333643,False,False,False,wifi_only,98,8.5,9.5,0.21050878851342542,raw
32,s2_wifi_degraded,9.186332412855084,8.43241929333643,False,False,False,vlp_only,89,9.5,8.5,0.9999953636731747,raw
32,s2_wifi_degraded,9.186332412855084,8.43241929333643,False,False,False,static_fusion,89,9.5,8.5,0.5508626505897789,raw
33,s2_wifi_degraded,9.112727671229193,8.796655767469591,False,False,False,wifi_only,99,9.5,9.5,0.37169819102548934,raw
33,s2_wifi_degraded,9.112727671229193,8.796655767469591,False,False,False,vlp_only,98,8.5,9.5,0.9995053501523813,raw
33,s2_wifi_degraded,9.112727671229193,8.796655767469591,False,False,False,static_fusion,98,8.5,9.5,0.5185379720935571,raw
34,s2_wifi_degraded,9.270799859312152,9.22745450829668,False,False,False,wifi_only,92,2.5,9.5,0.2984738847551288,raw
34,s2_wifi_degraded,9.270799859312152,9.22745450829668,False,False,False,vlp_only,98,8.5,9.5,0.9412728818985737,raw
34,s2_wifi_degraded,9.270799859312152,9.22745450829668,False,False,False,static_fusion,98,8.5,9.5,0.4912888209381661,raw
35,s2_wifi_degraded,9.423420837008932,9.422997081607893,True,False,False,wifi_only,99,9.5,9.5,0.5507936976445593,raw
35,s2_wifi_degraded,9.423420837008932,9.422997081607893,True,False,False,vlp_only,99,9.5,9.5,0.9999999999010001,raw
35,s2_wifi_degraded,9.423420837008932,9.422997081607893,True,False,False,static_fusion,99,9.5,9.5,0.7753968487727797,raw
36,s2_wifi_degraded,9.481110661263054,9.62212971253768,True,False,False,wifi_only,82,2.5,8.5,0.24600060118039702,raw
36,s2_wifi_degraded,9.481110661263054,9.62212971253768,True,False,False,vlp_only,99,9.5,9.5,0.9999999999010001,raw
36,s2_wifi_degraded,9.481110661263054,9.62212971253768,True,False,False,static_fusion,99,9.5,9.5,0.5000000006407292,raw
37,s2_wifi_degraded,9.541752579513968,9.92203908827878,True,False,False,wifi_only,98,8.5,9.5,0.37238031834768615,raw
37,s2_wifi_degraded,9.541752579513968,9.92203908827878,True,False,False,vlp_only,99,9.5,9.5,0.9999999999010001,raw
37,s2_wifi_degraded,9.541752579513968,9.92203908827878,True,False,False,static_fusion,99,9.5,9.5,0.6341285305936644,raw
38,s2_wifi_degraded,9.402562603553038,9.543991147418636,True,False,False,wifi_only,39,9.5,3.5,0.6220409158043838,raw
38,s2_wifi_degraded,9.402562603553038,9.543991147418636,True,False,False,vlp_only,99,9.5,9.5,0.9999999999010001,raw
38,s2_wifi_degraded,9.402562603553038,9.543991147418636,True,False,False,static_fusion,99,9.5,9.5,0.5000000011888137,raw
39,s2_wifi_degraded,9.44479730227728,9.391504817262849,True,False,False,wifi_only,77,7.5,7.5,0.22212866398615433,raw
39,s2_wifi_degraded,9.44479730227728,9.391504817262849,True,False,False,vlp_only,99,9.5,9.5,0.9999999999010001,raw
39,s2_wifi_degraded,9.44479730227728,9.391504817262849,True,False,False,static_fusion,99,9.5,9.5,0.50026153020316,raw
40,s2_wifi_degraded,9.525454359161255,8.940867722935458,True,False,False,wifi_only,99,9.5,9.5,0.3978394564041676,raw
40,s2_wifi_degraded,9.525454359161255,8.940867722935458,True,False,False,vlp_only,89,9.5,8.5,0.9998539847563436,raw
40,s2_wifi_degraded,9.525454359161255,8.940867722935458,True,False,False,static_fusion,89,9.5,8.5,0.6183394866352353,raw
41,s2_wifi_degraded,9.823585243977655,8.584999463128653,True,False,False,wifi_only,99,9.5,9.5,0.7847018240796644,raw
41,s2_wifi_degraded,9.823585243977655,8.584999463128653,True,False,False,vlp_only,99,9.5,9.5,0.9999999999010001,raw
41,s2_wifi_degraded,9.823585243977655,8.584999463128653,True,False,False,static_fusion,99,9.5,9.5,0.8923509119903322,raw
42,s2_wifi_degraded,9.694700842723162,8.966546447675274,True,False,False,wifi_only,69,9.5,6.5,0.2959474599515785,raw
42,s2_wifi_degraded,9.694700842723162,8.966546447675274,True,False,False,vlp_only,99,9.5,9.5,0.9999999999010001,raw
42,s2_wifi_degraded,9.694700842723162,8.966546447675274,True,False,False,static_fusion,99,9.5,9.5,0.5151092880460175,raw
43,s2_wifi_degraded,9.569223421271444,9.326938465999294,True,False,False,wifi_only,98,8.5,9.5,0.26825924446294774,raw
43,s2_wifi_degraded,9.569223421271444,9.326938465999294,True,False,False,vlp_only,99,9.5,9.5,0.9999999999010001,raw
43,s2_wifi_degraded,9.569223421271444,9.326938465999294,True,False,False,static_fusion,99,9.5,9.5,0.5611602253438596,raw
44,s2_wifi_degraded,9.534535416987817,9.784343768551336,True,False,False,wifi_only,5,5.5,0.5,0.3038113662015124,raw
44,s2_wifi_degraded,9.534535416987817,9.784343768551336,True,False,False,vlp_only,99,9.5,9.5,0.9999999999010001,raw
44,s2_wifi_degraded,9.534535416987817,9.784343768551336,True,False,False,static_fusion,99,9.5,9.5,0.5000000003267406,raw
45,s2_wifi_degraded,9.54487381028695,9.92332836828298,False,False,False,wifi_only,99,9.5,9.5,0.26116084471206275,raw
45,s2_wifi_degraded,9.54487381028695,9.92332836828298,False,False,False,vlp_only,99,9.5,9.5,0.9999999999010001,raw
45,s2_wifi_degraded,9.54487381028695,9.92332836828298,False,False,False,static_fusion,99,9.5,9.5,0.6305804223065314,raw
46,s2_wifi_degraded,9.558162041417896,9.663482828106742,False,False,False,wifi_only,98,8.5,9.5,0.36998796325322497,raw
46,s2_wifi_degraded,9.558162041417896,9.663482828106742,False,False,False,vlp_only,99,9.5,9.5,0.9999999999010001,raw
46,s2_wifi_degraded,9.558162041417896,9.663482828106742,False,False,False,static_fusion,99,9.5,9.5,0.5883261887946926,raw
47,s2_wifi_degraded,9.5646528065164,9.424365913186056,False,False,False,wifi_only,89,9.5,8.5,0.2479291399695637,raw
47,s2_wifi_degraded,9.5646528065164,9.424365913186056,False,False,False,vlp_only,99,9.5,9.5,0.9999999999010001,raw
47,s2_wifi_degraded,9.5646528065164,9.424365913186056,False,False,False,static_fusion,99,9.5,9.5,0.6115135681660204,raw
48,s2_wifi_degraded,9.50103939557558,9.114055937821927,False,False,False,wifi_only,89,9.5,8.5,0.12103151994726409,raw
48,s2_wifi_degraded,9.50103939557558,9.114055937821927,False,False,False,vlp_only,99,9.5,9.5,0.9999999999010001,raw
48,s2_wifi_degraded,9.50103939557558,9.114055937821927,False,False,False,static_fusion,99,9.5,9.5,0.5525290892323247,raw
49,s2_wifi_degraded,9.414656161118282,8.731094504017625,False,False,False,wifi_only,70,0.5,7.5,0.09718152763581611,raw
49,s2_wifi_degraded,9.414656161118282,8.731094504017625,False,False,False,vlp_only,89,9.5,8.5,0.9999826923832925,raw
49,s2_wifi_degraded,9.414656161118282,8.731094504017625,False,False,False,static_fusion,89,9.5,8.5,0.5299662091777485,raw
50,s2_wifi_degraded,9.21633605588256,8.49062670552971,False,False,False,wifi_only,99,9.5,9.5,0.21719886110012399,raw
50,s2_wifi_degraded,9.21633605588256,8.49062670552971,False,False,False,vlp_only,89,9.5,8.5,0.9571208474417634,raw
50,s2_wifi_degraded,9.21633605588256,8.49062670552971,False,False,False,static_fusion,89,9.5,8.5,0.5486502447365978,raw
51,s2_wifi_degraded,9.11760935449355,8.438577566893754,False,False,False,wifi_only,57,7.5,5.5,0.18039753816778364,raw
51,s2_wifi_degraded,9.11760935449355,8.438577566893754,False,False,False,vlp_only,89,9.5,8.5,0.9999920957932568,raw
51,s2_wifi_degraded,9.11760935449355,8.438577566893754,False,False,False,static_fusion,89,9.5,8.5,0.5011435904132157,raw
52,s2_wifi_degraded,8.922779282926651,8.205081914366874,False,False,False,wifi_only,97,7.5,9.5,0.14864712943934896,raw
52,s2_wifi_degraded,8.922779282926651,8.205081914366874,False,False,False,vlp_only,88,8.5,8.5,0.9999999992609364,raw
52,s2_wifi_degraded,8.922779282926651,8.205081914366874,False,False,False,static_fusion,88,8.5,8.5,0.5536134397851693,raw
53,s2_wifi_degraded,8.733693244154269,8.016610598714413,False,False,False,wifi_only,77,7.5,7.5,0.14959750481311132,raw
53,s2_wifi_degraded,8.733693244154269,8.016610598714413,False,False,False,vlp_only,88,8.5,8.5,0.7071492317288642,raw
53,s2_wifi_degraded,8.733693244154269,8.016610598714413,False,False,False,static_fusion,88,8.5,8.5,0.37942217416963336,raw
54,s2_wifi_degraded,8.604067606013617,7.71418254806786,False,False,False,wifi_only,63,3.5,6.5,0.09439593188729176,raw
54,s2_wifi_degraded,8.604067606013617,7.71418254806786,False,False,False,vlp_only,78,8.5,7.5,0.999999999710449,raw
54,s2_wifi_degraded,8.604067606013617,7.71418254806786,False,False,False,static_fusion,78,8.5,7.5,0.511747954765162,raw
55,s2_wifi_degraded,8.380292121918876,7.508518197183664,False,False,False,wifi_only,98,8.5,9.5,0.22066811019395383,raw
55,s2_wifi_degraded,8.380292121918876,7.508518197183664,False,False,False,vlp_only,78,8.5,7.5,0.9999998665373401,raw
55,s2_wifi_degraded,8.380292121918876,7.508518197183664,False,False,False,static_fusion,78,8.5,7.5,0.5239027080883237,raw
56,s2_wifi_degraded,8.261298236940235,7.032237617033076,False,False,False,wifi_only,57,7.5,5.5,0.17444172750402173,raw
56,s2_wifi_degraded,8.261298236940235,7.032237617033076,False,False,False,vlp_only,78,8.5,7.5,0.999999999898921,raw
56,s2_wifi_degraded,8.261298236940235,7.032237617033076,False,False,False,static_fusion,78,8.5,7.5,0.5037911867557293,raw
57,s2_wifi_degraded,8.367834526148913,6.700942345233571,False,False,False,wifi_only,57,7.5,5.5,0.1730844786978703,raw
57,s2_wifi_degraded,8.367834526148913,6.700942345233571,False,False,False,vlp_only,68,8.5,6.5,0.9999999998570175,raw
57,s2_wifi_degraded,8.367834526148913,6.700942345233571,False,False,False,static_fusion,68,8.5,6.5,0.53710130525205,raw
58,s2_wifi_degraded,8.353958878788386,6.494196804329148,False,False,False,wifi_only,57,7.5,5.5,0.15235799118649787,raw
58,s2_wifi_degraded,8.353958878788386,6.494196804329148,False,False,False,vlp_only,68,8.5,6.5,0.9999999998646977,raw
58,s2_wifi_degraded,8.353958878788386,6.494196804329148,False,False,False,static_fusion,68,8.5,6.5,0.5320871630590955,raw
59,s2_wifi_degraded,8.336546429042226,6.293616283957347,False,False,False,wifi_only,47,7.5,4.5,0.15591124563518527,raw
59,s2_wifi_degraded,8.336546429042226,6.293616283957347,False,False,False,vlp_only,68,8.5,6.5,0.9999999997233506,raw
59,s2_wifi_degraded,8.336546429042226,6.293616283957347,False,False,False,static_fusion,68,8.5,6.5,0.5170186627620507,raw
60,s2_wifi_degraded,8.40346815147133,6.116995442632617,True,False,False,wifi_only,40,0.5,4.5,0.5137628955476501,raw
60,s2_wifi_degraded,8.40346815147133,6.116995442632617,True,False,False,vlp_only,69,9.5,6.5,0.9999999999010001,raw
60,s2_wifi_degraded,8.40346815147133,6.116995442632617,True,False,False,static_fusion,69,9.5,6.5,0.5000000434187313,raw
61,s2_wifi_degraded,8.546844700935843,5.924881887661858,True,False,False,wifi_only,39,9.5,3.5,0.629279026543033,raw
61,s2_wifi_degraded,8.546844700935843,5.924881887661858,True,False,False,vlp_only,69,9.5,6.5,0.9999999999010001,raw
61,s2_wifi_degraded,8.546844700935843,5.924881887661858,True,False,False,static_fusion,69,9.5,6.5,0.5000365812720338,raw
62,s2_wifi_degraded,8.729904160776496,5.547744951919951,True,False,False,wifi_only,5,5.5,0.5,0.3594718252605274,raw
62,s2_wifi_degraded,8.729904160776496,5.547744951919951,True,False,False,vlp_only,58,8.5,5.5,0.9999999999010002,raw
62,s2_wifi_degraded,8.729904160776496,5.547744951919951,True,False,False,static_fusion,58,8.5,5.5,0.49999999995679784,raw
63,s2_wifi_degraded,8.77202584280195,5.143629060389316,True,False,False,wifi_only,79,9.5,7.5,0.21394070774549892,raw
63,s2_wifi_degraded,8.77202584280195,5.143629060389316,True,False,False,vlp_only,59,9.5,5.5,0.9999999999010002,raw
63,s2_wifi_degraded,8.77202584280195,5.143629060389316,True,False,False,static_fusion,59,9.5,5.5,0.5244403068762005,raw
64,s2_wifi_degraded,8.718437609453172,4.97610578105409,True,False,False,wifi_only,79,9.5,7.5,0.22120651118096935,raw
64,s2_wifi_degraded,8.718437609453172,4.97610578105409,True,False,False,vlp_only,49,9.5,4.5,0.9999999999010002,raw
64,s2_wifi_degraded,8.718437609453172,4.97610578105409,True,False,False,static_fusion,49,9.5,4.5,0.500689992359291,raw
65,s2_wifi_degraded,8.667563530000693,4.866630764710654,True,False,False,wifi_only,88,8.5,8.5,0.1884932850740853,raw
65,s2_wifi_degraded,8.667563530000693,4.866630764710654,True,False,False,vlp_only,49,9.5,4.5,0.9999999999010002,raw
65,s2_wifi_degraded,8.667563530000693,4.866630764710654,True,False,False,static_fusion,49,9.5,4.5,0.5000276152293827,raw
66,s2_wifi_degraded,8.542366419283344,4.760216825616967,True,False,False,wifi_only,29,9.5,2.5,0.6984261995649214,raw
66,s2_wifi_degraded,8.542366419283344,4.760216825616967,True,False,False,vlp_only,48,8.5,4.5,0.9999991208702294,raw
66,s2_wifi_degraded,8.542366419283344,4.760216825616967,True,False,False,static_fusion,48,8.5,4.5,0.5000056751709047,raw
67,s2_wifi_degraded,8.382687489621802,4.499553999003734,True,False,False,wifi_only,56,6.5,5.5,0.1760840859446374,raw
67,s2_wifi_degraded,8.382687489621802,4.499553999003734,True,False,False,vlp_only,48,8.5,4.5,0.9999993290600495,raw
67,s2_wifi_degraded,8.382687489621802,4.499553999003734,True,False,False,static_fusion,48,8.5,4.5,0.5018089587275437,raw
68,s2_wifi_degraded,8.31381336958047,4.356990528873265,False,False,False,wifi_only,38,8.5,3.5,0.2542260740953626,raw
68,s2_wifi_degraded,8.31381336958047,4.356990528873265,False,False,False,vlp_only,48,8.5,4.5,0.9999999998858237,raw
68,s2_wifi_degraded,8.31381336958047,4.356990528873265,False,False,False,static_fusion,48,8.5,4.5,0.5509379602275131,raw
69,s2_wifi_degraded,8.173199902177743,4.055129301838792,False,False,False,wifi_only,37,7.5,3.5,0.2027141549036358,raw
69,s2_wifi_degraded,8.173199902177743,4.055129301838792,False,False,False,vlp_only,39,9.5,3.5,0.9999999999010002,raw
69,s2_wifi_degraded,8.173199902177743,4.055129301838792,False,False,False,static_fusion,39,9.5,3.5,0.5179310349801909,raw
70,s2_wifi_degraded,7.958876024659174,3.799783052657366,False,False,False,wifi_only,48,8.5,4.5,0.1478603494145591,raw
70,s2_wifi_degraded,7.958876024659174,3.799783052657366,False,False,False,vlp_only,37,7.5,3.5,0.9889636668742948,raw
70,s2_wifi_degraded,7.958876024659174,3.799783052657366,False,False,False,static_fusion,37,7.5,3.5,0.5590161542160605,raw
71,s2_wifi_degraded,7.833669525191001,3.638141757452688,False,False,False,wifi_only,26,6.5,2.5,0.23302956801217464,raw
71,s2_wifi_degraded,7.833669525191001,3.638141757452688,False,False,False,vlp_only,37,7.5,3.5,0.9999992906003344,raw
71,s2_wifi_degraded,7.833669525191001,3.638141757452688,False,False,False,static_fusion,37,7.5,3.5,0.5645876825014463,raw
72,s2_wifi_degraded,7.664684483724226,3.3337804086327285,False,False,False,wifi_only,37,7.5,3.5,0.17061877355946647,raw
72,s2_wifi_degraded,7.664684483724226,3.3337804086327285,False,False,False,vlp_only,38,8.5,3.5,0.9896761744972284,raw
72,s2_wifi_degraded,7.664684483724226,3.3337804086327285,False,False,False,static_fusion,38,8.5,3.5,0.579023764136358,raw
73,s2_wifi_degraded,7.325126662205962,3.0900072935102134,False,False,False,wifi_only,37,7.5,3.5,0.23471736381072314,raw
73,s2_wifi_degraded,7.325126662205962,3.0900072935102134,False,False,False,vlp_only,37,7.5,3.5,0.9999999999010002,raw
73,s2_wifi_degraded,7.325126662205962,3.0900072935102134,False,False,False,static_fusion,37,7.5,3.5,0.6173586818558616,raw
74,s2_wifi_degraded,7.295614884999138,2.9887682845800643,False,False,False,wifi_only,47,7.5,4.5,0.19383078003804805,raw
74,s2_wifi_degraded,7.295614884999138,2.9887682845800643,False,False,False,vlp_only,37,7.5,3.5,0.992916985797838,raw
74,s2_wifi_degraded,7.295614884999138,2.9887682845800643,False,False,False,static_fusion,37,7.5,3.5,0.5704969852680087,raw
75,s2_wifi_degraded,7.296351451677773,2.798195708361908,False,False,False,wifi_only,27,7.5,2.5,0.2055107895673829,raw
75,s2_wifi_degraded,7.296351451677773,2.798195708361908,False,False,False,vlp_only,27,7.5,2.5,0.9999999999010002,raw
75,s2_wifi_degraded,7.296351451677773,2.798195708361908,False,False,False,static_fusion,27,7.5,2.5,0.6027553947341915,raw
76,s2_wifi_degraded,7.251642624966383,2.337893241987238,False,False,False,wifi_only,39,9.5,3.5,0.2565463187567683,raw
76,s2_wifi_degraded,7.251642624966383,2.337893241987238,False,False,False,vlp_only,27,7.5,2.5,0.9999984046927926,raw
76,s2_wifi_degraded,7.251642624966383,2.337893241987238,False,False,False,static_fusion,27,7.5,2.5,0.553299768544868,raw
77,s2_wifi_degraded,7.191112638050282,2.11104971712342,False,False,False,wifi_only,26,6.5,2.5,0.23285042858132432,raw
77,s2_wifi_degraded,7.191112638050282,2.11104971712342,False,False,False,vlp_only,27,7.5,2.5,0.9999788271314795,raw
77,s2_wifi_degraded,7.191112638050282,2.11104971712342,False,False,False,static_fusion,27,7.5,2.5,0.5213605002151607,raw
78,s2_wifi_degraded,7.088997127565227,1.8280730412017787,False,False,False,wifi_only,6,6.5,0.5,0.34508220831609576,raw
78,s2_wifi_degraded,7.088997127565227,1.8280730412017787,False,False,False,vlp_only,17,7.5,1.5,0.9999999994188971,raw
78,s2_wifi_degraded,7.088997127565227,1.8280730412017787,False,False,False,static_fusion,17,7.5,1.5,0.5161146096324698,raw
79,s2_wifi_degraded,7.114586335383993,1.531713950324241,False,False,False,wifi_only,28,8.5,2.5,0.17535702699161163,raw
79,s2_wifi_degraded,7.114586335383993,1.531713950324241,False,False,False,vlp_only,17,7.5,1.5,0.9999999998940635,raw
79,s2_wifi_degraded,7.114586335383993,1.531713950324241,False,False,False,static_fusion,17,7.5,1.5,0.5822974226124238,raw
80,s2_wifi_degraded,7.170157133048356,1.3067743629177078,False,False,False,wifi_only,6,6.5,0.5,0.6083590130301785,raw
80,s2_wifi_degraded,7.170157133048356,1.3067743629177078,False,False,False,vlp_only,17,7.5,1.5,0.9999999999010003,raw
80,s2_wifi_degraded,7.170157133048356,1.3067743629177078,False,False,False,static_fusion,17,7.5,1.5,0.5093973272284996,raw
81,s2_wifi_degraded,7.201631077444322,1.1339839347561254,False,False,False,wifi_only,17,7.5,1.5,0.2556480882076834,raw
81,s2_wifi_degraded,7.201631077444322,1.1339839347561254,False,False,False,vlp_only,7,7.5,0.5,0.77642734599917,raw
81,s2_wifi_degraded,7.201631077444322,1.1339839347561254,False,False,False,static_fusion,7,7.5,0.5,0.5039581289605786,raw
82,s2_wifi_degraded,7.155776983713249,0.8528139925624313,False,False,False,wifi_only,17,7.5,1.5,0.3488864233854503,raw
82,s2_wifi_degraded,7.155776983713249,0.8528139925624313,False,False,False,vlp_only,7,7.5,0.5,0.9999999999010003,raw
82,s2_wifi_degraded,7.155776983713249,0.8528139925624313,False,False,False,static_fusion,7,7.5,0.5,0.6404655540587162,raw
83,s2_wifi_degraded,6.976127786010122,0.4956267479912126,False,False,False,wifi_only,7,7.5,0.5,0.319623677021792,raw
83,s2_wifi_degraded,6.976127786010122,0.4956267479912126,False,False,False,vlp_only,7,7.5,0.5,0.9999999999010003,raw
83,s2_wifi_degraded,6.976127786010122,0.4956267479912126,False,False,False,static_fusion,7,7.5,0.5,0.659811838461396,raw
84,s2_wifi_degraded,6.74255867268218,0.0843728881784015,False,False,False,wifi_only,6,6.5,0.5,0.3785348220716608,raw
84,s2_wifi_degraded,6.74255867268218,0.0843728881784015,False,False,False,vlp_only,6,6.5,0.5,0.9999999999010003,raw
84,s2_wifi_degraded,6.74255867268218,0.0843728881784015,False,False,False,static_fusion,6,6.5,0.5,0.6892674109863305,raw
85,s2_wifi_degraded,7.064294392948221,0.3942671783051067,True,False,False,wifi_only,46,6.5,4.5,0.18491713964488485,raw
85,s2_wifi_degraded,7.064294392948221,0.3942671783051067,True,False,False,vlp_only,6,6.5,0.5,0.9999999999010003,raw
85,s2_wifi_degraded,7.064294392948221,0.3942671783051067,True,False,False,static_fusion,6,6.5,0.5,0.5000094745099262,raw
86,s2_wifi_degraded,7.176188436555574,0.5060043216815018,True,False,False,wifi_only,39,9.5,3.5,0.6322078385490131,raw
86,s2_wifi_degraded,7.176188436555574,0.5060043216815018,True,False,False,vlp_only,7,7.5,0.5,0.9999999999010003,raw
86,s2_wifi_degraded,7.176188436555574,0.5060043216815018,True,False,False,static_fusion,7,7.5,0.5,0.5001455357466145,raw
87,s2_wifi_degraded,7.307226017604519,0.5668144077417742,True,False,False,wifi_only,7,7.5,0.5,0.7382371580172307,raw
87,s2_wifi_degraded,7.307226017604519,0.5668144077417742,True,False,False,vlp_only,7,7.5,0.5,0.9999999999010003,raw
87,s2_wifi_degraded,7.307226017604519,0.5668144077417742,True,False,False,static_fusion,7,7.5,0.5,0.8691185789591155,raw
88,s2_wifi_degraded,7.687860172244926,0.7189120364284933,True,False,False,wifi_only,8,8.5,0.5,0.5074650563434542,raw
88,s2_wifi_degraded,7.687860172244926,0.7189120364284933,True,False,False,vlp_only,7,7.5,0.5,0.9999978545148617,raw
88,s2_wifi_degraded,7.687860172244926,0.7189120364284933,True,False,False,static_fusion,7,7.5,0.5,0.670779371301183,raw
89,s2_wifi_degraded,7.983386792676343,0.8375621710500243,True,False,False,wifi_only,9,9.5,0.5,0.9334128573974739,raw
89,s2_wifi_degraded,7.983386792676343,0.8375621710500243,True,False,False,vlp_only,8,8.5,0.5,0.9992255703891734,raw
89,s2_wifi_degraded,7.983386792676343,0.8375621710500243,True,False,False,static_fusion,8,8.5,0.5,0.517329255493302,raw
90,s2_wifi_degraded,8.256293406597695,0.875446755726633,True,False,False,wifi_only,19,9.5,1.5,0.5360127962376535,raw
90,s2_wifi_degraded,8.256293406597695,0.875446755726633,True,False,False,vlp_only,8,8.5,0.5,0.999981027596953,raw
90,s2_wifi_degraded,8.256293406597695,0.875446755726633,True,False,False,static_fusion,8,8.5,0.5,0.5107847787848491,raw
91,s2_wifi_degraded,8.425989160054677,0.93045254740169,True,False,False,wifi_only,19,9.5,1.5,0.4069510782911073,raw
91,s2_wifi_degraded,8.425989160054677,0.93045254740169,True,False,False,vlp_only,8,8.5,0.5,0.999894448330834,raw
91,s2_wifi_degraded,8.425989160054677,0.93045254740169,True,False,False,static_fusion,8,8.5,0.5,0.5674099830750341,raw
92,s2_wifi_degraded,8.863055882305986,1.1231286812777777,True,False,False,wifi_only,9,9.5,0.5,0.5404853639607936,raw
92,s2_wifi_degraded,8.863055882305986,1.1231286812777777,True,False,False,vlp_only,8,8.5,0.5,0.8824146626056084,raw
92,s2_wifi_degraded,8.863055882305986,1.1231286812777777,True,False,False,static_fusion,8,8.5,0.5,0.5531947332899305,raw
93,s2_wifi_degraded,9.23021965860404,1.1465464090231468,True,False,False,wifi_only,8,8.5,0.5,0.4090571855291242,raw
93,s2_wifi_degraded,9.23021965860404,1.1465464090231468,True,False,False,vlp_only,19,9.5,1.5,0.787403762970162,raw
93,s2_wifi_degraded,9.23021965860404,1.1465464090231468,True,False,False,static_fusion,19,9.5,1.5,0.45935056991037554,raw
94,s2_wifi_degraded,9.37371170551081,1.169754508811914,False,False,False,wifi_only,9,9.5,0.5,0.3269398347239106,raw
94,s2_wifi_degraded,9.37371170551081,1.169754508811914,False,False,False,vlp_only,19,9.5,1.5,0.9820200697013678,raw
94,s2_wifi_degraded,9.37371170551081,1.169754508811914,False,False,False,static_fusion,19,9.5,1.5,0.6292386690731708,raw
95,s2_wifi_degraded,9.770217154834045,1.159649324523821,False,False,False,wifi_only,9,9.5,0.5,0.3119074311123965,raw
95,s2_wifi_degraded,9.770217154834045,1.159649324523821,False,False,False,vlp_only,9,9.5,0.5,0.9999999999010003,raw
95,s2_wifi_degraded,9.770217154834045,1.159649324523821,False,False,False,static_fusion,9,9.5,0.5,0.6559537155066983,raw
96,s2_wifi_degraded,9.5806362152392,1.1294724581913531,False,False,False,wifi_only,9,9.5,0.5,0.4152899825143861,raw
96,s2_wifi_degraded,9.5806362152392,1.1294724581913531,False,False,False,vlp_only,8,8.5,0.5,0.7627236550435665,raw
96,s2_wifi_degraded,9.5806362152392,1.1294724581913531,False,False,False,static_fusion,8,8.5,0.5,0.47686953358318296,raw
97,s2_wifi_degraded,9.431952925308204,0.9654622254894044,False,False,False,wifi_only,9,9.5,0.5,0.31450975879492926,raw
97,s2_wifi_degraded,9.431952925308204,0.9654622254894044,False,False,False,vlp_only,8,8.5,0.5,0.8191509951913689,raw
97,s2_wifi_degraded,9.431952925308204,0.9654622254894044,False,False,False,static_fusion,8,8.5,0.5,0.5637187440348361,raw
98,s2_wifi_degraded,9.360595724435434,0.6120686019402459,False,False,False,wifi_only,8,8.5,0.5,0.2862209608554719,raw
98,s2_wifi_degraded,9.360595724435434,0.6120686019402459,False,False,False,vlp_only,9,9.5,0.5,0.9999999999010003,raw
98,s2_wifi_degraded,9.360595724435434,0.6120686019402459,False,False,False,static_fusion,9,9.5,0.5,0.6186339988233833,raw
99,s2_wifi_degraded,9.26764607580253,0.4010204672213302,False,False,False,wifi_only,19,9.5,1.5,0.2718186744788537,raw
99,s2_wifi_degraded,9.26764607580253,0.4010204672213302,False,False,False,vlp_only,9,9.5,0.5,0.9999999999010003,raw
99,s2_wifi_degraded,9.26764607580253,0.4010204672213302,False,False,False,static_fusion,9,9.5,0.5,0.6189763603952201,raw
0,s2_wifi_degraded,3.50146586178358,2.794545781008381,False,False,False,wifi_only,33,3.5,3.5,0.16476705506152547,moving_average
0,s2_wifi_degraded,3.50146586178358,2.794545781008381,False,False,False,vlp_only,23,3.5,2.5,0.9999999999010003,moving_average
0,s2_wifi_degraded,3.50146586178358,2.794545781008381,False,False,False,static_fusion,23,3.5,2.5,0.5359233934762211,moving_average
1,s2_wifi_degraded,3.8334314692961406,3.0879105600798664,False,False,False,wifi_only,23,3.5,2.5,0.17427842544870578,moving_average
1,s2_wifi_degraded,3.8334314692961406,3.0879105600798664,False,False,False,vlp_only,33,3.5,3.5,0.9999999999010002,moving_average
1,s2_wifi_degraded,3.8334314692961406,3.0879105600798664,False,False,False,static_fusion,33,3.5,3.5,0.5800824479614748,moving_average
2,s2_wifi_degraded,4.0456173120900445,3.1263296245930507,False,False,False,wifi_only,33,3.5,3.5,0.1865151517992341,moving_average
2,s2_wifi_degraded,4.0456173120900445,3.1263296245930507,False,False,False,vlp_only,33,3.5,3.5,0.9999999999010002,moving_average
2,s2_wifi_degraded,4.0456173120900445,3.1263296245930507,False,False,False,static_fusion,33,3.5,3.5,0.5932575758501172,moving_average
3,s2_wifi_degraded,4.42592581634721,3.113695449768073,False,False,False,wifi_only,33,3.5,3.5,0.19380371858564324,moving_average
3,s2_wifi_degraded,4.42592581634721,3.113695449768073,False,False,False,vlp_only,33,3.5,3.5,0.9999999999010002,moving_average
3,s2_wifi_degraded,4.42592581634721,3.113695449768073,False,False,False,static_fusion,33,3.5,3.5,0.5969018592433217,moving_average
4,s2_wifi_degraded,4.708255729915193,3.19039433570727,False,False,False,wifi_only,33,3.5,3.5,0.1770368051165738,moving_average
4,s2_wifi_degraded,4.708255729915193,3.19039433570727,False,False,False,vlp_only,24,4.5,2.5,0.9999709781346946,moving_average
4,s2_wifi_degraded,4.708255729915193,3.19039433570727,False,False,False,static_fusion,24,4.5,2.5,0.5756864142215511,moving_average
5,s2_wifi_degraded,4.978762662726669,3.137730843885924,False,False,False,wifi_only,24,4.5,2.5,0.21286631821927507,moving_average
5,s2_wifi_degraded,4.978762662726669,3.137730843885924,False,False,False,vlp_only,24,4.5,2.5,0.9999999999010002,moving_average
5,s2_wifi_degraded,4.978762662726669,3.137730843885924,False,False,False,static_fusion,24,4.5,2.5,0.6064331590601374,moving_average
6,s2_wifi_degraded,5.202025987228208,3.1529819162085304,False,False,False,wifi_only,24,4.5,2.5,0.1868320958103732,moving_average
6,s2_wifi_degraded,5.202025987228208,3.1529819162085304,False,False,False,vlp_only,34,4.5,3.5,0.9999999999010002,moving_average
6,s2_wifi_degraded,5.202025987228208,3.1529819162085304,False,False,False,static_fusion,34,4.5,3.5,0.5713772004915777,moving_average
7,s2_wifi_degraded,5.347337808465035,3.292281793156062,False,False,False,wifi_only,25,5.5,2.5,0.17832302445192846,moving_average
7,s2_wifi_degraded,5.347337808465035,3.292281793156062,False,False,False,vlp_only,34,4.5,3.5,0.9999999999010002,moving_average
7,s2_wifi_degraded,5.347337808465035,3.292281793156062,False,False,False,static_fusion,34,4.5,3.5,0.5455369991448765,moving_average
8,s2_wifi_degraded,5.716827179474,3.58088982297864,False,False,False,wifi_only,25,5.5,2.5,0.18981475882179483,moving_average
8,s2_wifi_degraded,5.716827179474,3.58088982297864,False,False,False,vlp_only,35,5.5,3.5,0.9999999999010002,moving_average
8,s2_wifi_degraded,5.716827179474,3.58088982297864,False,False,False,static_fusion,35,5.5,3.5,0.5759805887077056,moving_average
9,s2_wifi_degraded,5.862414412197704,3.68421178879823,False,False,False,wifi_only,25,5.5,2.5,0.16094835094992266,moving_average
9,s2_wifi_degraded,5.862414412197704,3.68421178879823,False,False,False,vlp_only,35,5.5,3.5,0.9999999999010002,moving_average
9,s2_wifi_degraded,5.862414412197704,3.68421178879823,False,False,False,static_fusion,35,5.5,3.5,0.569437429214827,moving_average
10,s2_wifi_degraded,6.2621648807209205,3.865009897723677,True,False,False,wifi_only,36,6.5,3.5,0.1160497040811929,moving_average
10,s2_wifi_degraded,6.2621648807209205,3.865009897723677,True,False,False,vlp_only,35,5.5,3.5,0.9999999999010002,moving_average
10,s2_wifi_degraded,6.2621648807209205,3.865009897723677,True,False,False,static_fusion,35,5.5,3.5,0.52253705139615,moving_average
11,s2_wifi_degraded,6.386402797469953,4.000359969380765,True,False,False,wifi_only,48,8.5,4.5,0.1320649148247857,moving_average
11,s2_wifi_degraded,6.386402797469953,4.000359969380765,True,False,False,vlp_only,35,5.5,3.5,0.9999999999010002,moving_average
11,s2_wifi_degraded,6.386402797469953,4.000359969380765,True,False,False,static_fusion,35,5.5,3.5,0.5240421459204084,moving_average
12,s2_wifi_degraded,6.486403725025359,4.131792507959473,True,False,False,wifi_only,49,9.5,4.5,0.19115708430828196,moving_average
12,s2_wifi_degraded,6.486403725025359,4.131792507959473,True,False,False,vlp_only,46,6.5,4.5,0.9040365365756978,moving_average
12,s2_wifi_degraded,6.486403725025359,4.131792507959473,True,False,False,static_fusion,46,6.5,4.5,0.4702861223640326,moving_average
13,s2_wifi_degraded,6.594101310260236,4.146666699824417,True,False,False,wifi_only,48,8.5,4.5,0.12399521319561552,moving_average
13,s2_wifi_degraded,6.594101310260236,4.146666699824417,True,False,False,vlp_only,46,6.5,4.5,0.9999999999010002,moving_average
13,s2_wifi_degraded,6.594101310260236,4.146666699824417,True,False,False,static_fusion,46,6.5,4.5,0.5194860510190596,moving_average
14,s2_wifi_degraded,6.938536691705024,4.190811224101229,True,False,False,wifi_only,5,5.5,0.5,0.15735957759383876,moving_average
14,s2_wifi_degraded,6.938536691705024,4.190811224101229,True,False,False,vlp_only,46,6.5,4.5,0.8552667617121793,moving_average
14,s2_wifi_degraded,6.938536691705024,4.190811224101229,True,False,False,static_fusion,46,6.5,4.5,0.4303834198872342,moving_average
15,s2_wifi_degraded,7.095444556622987,4.3190830854397095,True,False,False,wifi_only,36,6.5,3.5,0.13440189272950046,moving_average
15,s2_wifi_degraded,7.095444556622987,4.3190830854397095,True,False,False,vlp_only,47,7.5,4.5,0.9999999999010002,moving_average
15,s2_wifi_degraded,7.095444556622987,4.3190830854397095,True,False,False,static_fusion,47,7.5,4.5,0.5545894078052028,moving_average
16,s2_wifi_degraded,7.322508343984496,4.588300078241882,True,False,False,wifi_only,36,6.5,3.5,0.1363500499814578,moving_average
16,s2_wifi_degraded,7.322508343984496,4.588300078241882,True,False,False,vlp_only,47,7.5,4.5,0.9999999999010002,moving_average
16,s2_wifi_degraded,7.322508343984496,4.588300078241882,True,False,False,static_fusion,47,7.5,4.5,0.5309460746785971,moving_average
17,s2_wifi_degraded,7.446193242310456,4.675563891349093,True,False,False,wifi_only,36,6.5,3.5,0.17249095592457475,moving_average
17,s2_wifi_degraded,7.446193242310456,4.675563891349093,True,False,False,vlp_only,47,7.5,4.5,0.9999999999010002,moving_average
17,s2_wifi_degraded,7.446193242310456,4.675563891349093,True,False,False,static_fusion,47,7.5,4.5,0.5193390037693433,moving_average
18,s2_wifi_degraded,7.634031718409139,4.77391982605946,True,False,False,wifi_only,47,7.5,4.5,0.1810871617099709,moving_average
18,s2_wifi_degraded,7.634031718409139,4.77391982605946,True,False,False,vlp_only,47,7.5,4.5,0.9999999999010002,moving_average
18,s2_wifi_degraded,7.634031718409139,4.77391982605946,True,False,False,static_fusion,47,7.5,4.5,0.5905435808054855,moving_average
19,s2_wifi_degraded,7.862727723450558,4.97492979510894,True,False,False,wifi_only,47,7.5,4.5,0.17181560675846702,moving_average
19,s2_wifi_degraded,7.862727723450558,4.97492979510894,True,False,False,vlp_only,47,7.5,4.5,0.9999999955114118,moving_average
19,s2_wifi_degraded,7.862727723450558,4.97492979510894,True,False,False,static_fusion,47,7.5,4.5,0.5859078011349395,moving_average
20,s2_wifi_degraded,7.939266457295782,5.129541394281456,True,False,False,wifi_only,58,8.5,5.5,0.17389956117519814,moving_average
20,s2_wifi_degraded,7.939266457295782,5.129541394281456,True,False,False,vlp_only,47,7.5,4.5,0.9996996004739436,moving_average
20,s2_wifi_degraded,7.939266457295782,5.129541394281456,True,False,False,static_fusion,47,7.5,4.5,0.5585213545312399,moving_average
21,s2_wifi_degraded,8.011102297567714,5.276303396065385,True,False,False,wifi_only,58,8.5,5.5,0.14508019030343328,moving_average
21,s2_wifi_degraded,8.011102297567714,5.276303396065385,True,False,False,vlp_only,47,7.5,4.5,0.6989230825016228,moving_average
21,s2_wifi_degraded,8.011102297567714,5.276303396065385,True,False,False,static_fusion,47,7.5,4.5,0.41840424275554633,moving_average
22,s2_wifi_degraded,8.343062278059984,5.445902988798278,False,False,False,wifi_only,59,9.5,5.5,0.2337895285636305,moving_average
22,s2_wifi_degraded,8.343062278059984,5.445902988798278,False,False,False,vlp_only,58,8.5,5.5,0.9860217703645262,moving_average
22,s2_wifi_degraded,8.343062278059984,5.445902988798278,False,False,False,static_fusion,58,8.5,5.5,0.572033208461402,moving_average
23,s2_wifi_degraded,8.52052164720882,5.6027346910434765,False,False,False,wifi_only,59,9.5,5.5,0.268131510984897,moving_average
23,s2_wifi_degraded,8.52052164720882,5.6027346910434765,False,False,False,vlp_only,58,8.5,5.5,0.9999946628598716,moving_average
23,s2_wifi_degraded,8.52052164720882,5.6027346910434765,False,False,False,static_fusion,58,8.5,5.5,0.5605284365536944,moving_average
24,s2_wifi_degraded,8.840063415262575,5.876328672083288,False,False,False,wifi_only,59,9.5,5.5,0.17219430262346308,moving_average
24,s2_wifi_degraded,8.840063415262575,5.876328672083288,False,False,False,vlp_only,58,8.5,5.5,0.999999973913337,moving_average
24,s2_wifi_degraded,8.840063415262575,5.876328672083288,False,False,False,static_fusion,58,8.5,5.5,0.5787220265488207,moving_average
25,s2_wifi_degraded,9.133542118122302,6.275738550131283,False,False,False,wifi_only,46,6.5,4.5,0.15041987962378103,moving_average
25,s2_wifi_degraded,9.133542118122302,6.275738550131283,False,False,False,vlp_only,58,8.5,5.5,0.9999999998975745,moving_average
25,s2_wifi_degraded,9.133542118122302,6.275738550131283,False,False,False,static_fusion,58,8.5,5.5,0.5387029429016768,moving_average
26,s2_wifi_degraded,9.35618800793218,6.65718067016028,False,False,False,wifi_only,58,8.5,5.5,0.16730977335490232,moving_average
26,s2_wifi_degraded,9.35618800793218,6.65718067016028,False,False,False,vlp_only,69,9.5,6.5,0.9999999999010001,moving_average
26,s2_wifi_degraded,9.35618800793218,6.65718067016028,False,False,False,static_fusion,69,9.5,6.5,0.5220547357838309,moving_average
27,s2_wifi_degraded,9.561103088027537,7.107641397521033,False,False,False,wifi_only,58,8.5,5.5,0.1678412686657277,moving_average
27,s2_wifi_degraded,9.561103088027537,7.107641397521033,False,False,False,vlp_only,69,9.5,6.5,0.9999999999010001,moving_average
27,s2_wifi_degraded,9.561103088027537,7.107641397521033,False,False,False,static_fusion,69,9.5,6.5,0.5445752183615215,moving_average
28,s2_wifi_degraded,9.62294450389752,7.287936096739562,False,False,False,wifi_only,68,8.5,6.5,0.146127451238998,moving_average
28,s2_wifi_degraded,9.62294450389752,7.287936096739562,False,False,False,vlp_only,69,9.5,6.5,0.9999999999010001,moving_average
28,s2_wifi_degraded,9.62294450389752,7.287936096739562,False,False,False,static_fusion,69,9.5,6.5,0.5487708393972263,moving_average
29,s2_wifi_degraded,9.567042849149868,7.590650497286169,False,False,False,wifi_only,68,8.5,6.5,0.1597554614263962,moving_average
29,s2_wifi_degraded,9.567042849149868,7.590650497286169,False,False,False,vlp_only,69,9.5,6.5,0.6255730031331269,moving_average
29,s2_wifi_degraded,9.567042849149868,7.590650497286169,False,False,False,static_fusion,69,9.5,6.5,0.390544268565104,moving_average
30,s2_wifi_degraded,9.368809486427658,7.926124173973704,False,False,False,wifi_only,79,9.5,7.5,0.15590281095544958,moving_average
30,s2_wifi_degraded,9.368809486427658,7.926124173973704,False,False,False,vlp_only,79,9.5,7.5,0.9999999999010001,moving_average
30,s2_wifi_degraded,9.368809486427658,7.926124173973704,False,False,False,static_fusion,79,9.5,7.5,0.5779514054282249,moving_average
31,s2_wifi_degraded,9.317903367352146,8.04732779879347,False,False,False,wifi_only,79,9.5,7.5,0.17842675669734198,moving_average
31,s2_wifi_degraded,9.317903367352146,8.04732779879347,False,False,False,vlp_only,79,9.5,7.5,0.9999997431561891,moving_average
31,s2_wifi_degraded,9.317903367352146,8.04732779879347,False,False,False,static_fusion,79,9.5,7.5,0.5892132499267655,moving_average
32,s2_wifi_degraded,9.186332412855084,8.43241929333643,False,False,False,wifi_only,89,9.5,8.5,0.17864740197762252,moving_average
32,s2_wifi_degraded,9.186332412855084,8.43241929333643,False,False,False,vlp_only,79,9.5,7.5,0.9951105692885361,moving_average
32,s2_wifi_degraded,9.186332412855084,8.43241929333643,False,False,False,static_fusion,79,9.5,7.5,0.5827885337122445,moving_average
33,s2_wifi_degraded,9.112727671229193,8.796655767469591,False,False,False,wifi_only,89,9.5,8.5,0.24220287214261,moving_average
33,s2_wifi_degraded,9.112727671229193,8.796655767469591,False,False,False,vlp_only,89,9.5,8.5,0.9994390697820287,moving_average
33,s2_wifi_degraded,9.112727671229193,8.796655767469591,False,False,False,static_fusion,89,9.5,8.5,0.6208209709623194,moving_average
34,s2_wifi_degraded,9.270799859312152,9.22745450829668,False,False,False,wifi_only,99,9.5,9.5,0.20267629043585694,moving_average
34,s2_wifi_degraded,9.270799859312152,9.22745450829668,False,False,False,vlp_only,89,9.5,8.5,0.9999489696051982,moving_average
34,s2_wifi_degraded,9.270799859312152,9.22745450829668,False,False,False,static_fusion,89,9.5,8.5,0.5760423638083676,moving_average
35,s2_wifi_degraded,9.423420837008932,9.422997081607893,True,False,False,wifi_only,99,9.5,9.5,0.3987695535374033,moving_average
35,s2_wifi_degraded,9.423420837008932,9.422997081607893,True,False,False,vlp_only,89,9.5,8.5,0.9862036906056798,moving_average
35,s2_wifi_degraded,9.423420837008932,9.422997081607893,True,False,False,static_fusion,89,9.5,8.5,0.621185901154693,moving_average
36,s2_wifi_degraded,9.481110661263054,9.62212971253768,True,False,False,wifi_only,99,9.5,9.5,0.22338339068736643,moving_average
36,s2_wifi_degraded,9.481110661263054,9.62212971253768,True,False,False,vlp_only,98,8.5,9.5,0.6262871783077412,moving_average
36,s2_wifi_degraded,9.481110661263054,9.62212971253768,True,False,False,static_fusion,98,8.5,9.5,0.4020648804414238,moving_average
37,s2_wifi_degraded,9.541752579513968,9.92203908827878,True,False,False,wifi_only,99,9.5,9.5,0.34955670603512257,moving_average
37,s2_wifi_degraded,9.541752579513968,9.92203908827878,True,False,False,vlp_only,99,9.5,9.5,0.9999999999010001,moving_average
37,s2_wifi_degraded,9.541752579513968,9.92203908827878,True,False,False,static_fusion,99,9.5,9.5,0.6747783529680613,moving_average
38,s2_wifi_degraded,9.402562603553038,9.543991147418636,True,False,False,wifi_only,99,9.5,9.5,0.33548537712201837,moving_average
38,s2_wifi_degraded,9.402562603553038,9.543991147418636,True,False,False,vlp_only,99,9.5,9.5,0.9999999999010001,moving_average
38,s2_wifi_degraded,9.402562603553038,9.543991147418636,True,False,False,static_fusion,99,9.5,9.5,0.6677426885115092,moving_average
39,s2_wifi_degraded,9.44479730227728,9.391504817262849,True,False,False,wifi_only,89,9.5,8.5,0.23730510817168005,moving_average
39,s2_wifi_degraded,9.44479730227728,9.391504817262849,True,False,False,vlp_only,99,9.5,9.5,0.9999999999010001,moving_average
39,s2_wifi_degraded,9.44479730227728,9.391504817262849,True,False,False,static_fusion,99,9.5,9.5,0.5997055811484461,moving_average
40,s2_wifi_degraded,9.525454359161255,8.940867722935458,True,False,False,wifi_only,89,9.5,8.5,0.17402545660851387,moving_average
40,s2_wifi_degraded,9.525454359161255,8.940867722935458,True,False,False,vlp_only,99,9.5,9.5,0.9999999999010001,moving_average
40,s2_wifi_degraded,9.525454359161255,8.940867722935458,True,False,False,static_fusion,99,9.5,9.5,0.5670848668468489,moving_average
41,s2_wifi_degraded,9.823585243977655,8.584999463128653,True,False,False,wifi_only,79,9.5,7.5,0.2620591911263914,moving_average
41,s2_wifi_degraded,9.823585243977655,8.584999463128653,True,False,False,vlp_only,99,9.5,9.5,0.9999999999010001,moving_average
41,s2_wifi_degraded,9.823585243977655,8.584999463128653,True,False,False,static_fusion,99,9.5,9.5,0.5740315782611334,moving_average
42,s2_wifi_degraded,9.694700842723162,8.966546447675274,True,False,False,wifi_only,69,9.5,6.5,0.29641824574263576,moving_average
42,s2_wifi_degraded,9.694700842723162,8.966546447675274,True,False,False,vlp_only,99,9.5,9.5,0.9999999999010001,moving_average
42,s2_wifi_degraded,9.694700842723162,8.966546447675274,True,False,False,static_fusion,99,9.5,9.5,0.5248467755119455,moving_average
43,s2_wifi_degraded,9.569223421271444,9.326938465999294,True,False,False,wifi_only,89,9.5,8.5,0.263916919133159,moving_average
43,s2_wifi_degraded,9.569223421271444,9.326938465999294,True,False,False,vlp_only,99,9.5,9.5,0.9999999999010001,moving_average
43,s2_wifi_degraded,9.569223421271444,9.326938465999294,True,False,False,static_fusion,99,9.5,9.5,0.6139713935947654,moving_average
44,s2_wifi_degraded,9.534535416987817,9.784343768551336,True,False,False,wifi_only,79,9.5,7.5,0.26710773469202476,moving_average
44,s2_wifi_degraded,9.534535416987817,9.784343768551336,True,False,False,vlp_only,99,9.5,9.5,0.9999999999010001,moving_average
44,s2_wifi_degraded,9.534535416987817,9.784343768551336,True,False,False,static_fusion,99,9.5,9.5,0.5724321062514739,moving_average
45,s2_wifi_degraded,9.54487381028695,9.92332836828298,False,False,False,wifi_only,79,9.5,7.5,0.2620734099820332,moving_average
45,s2_wifi_degraded,9.54487381028695,9.92332836828298,False,False,False,vlp_only,99,9.5,9.5,0.9999999999010001,moving_average
45,s2_wifi_degraded,9.54487381028695,9.92332836828298,False,False,False,static_fusion,99,9.5,9.5,0.5706043075235011,moving_average
46,s2_wifi_degraded,9.558162041417896,9.663482828106742,False,False,False,wifi_only,79,9.5,7.5,0.22442108535099975,moving_average
46,s2_wifi_degraded,9.558162041417896,9.663482828106742,False,False,False,vlp_only,99,9.5,9.5,0.9999999999010001,moving_average
46,s2_wifi_degraded,9.558162041417896,9.663482828106742,False,False,False,static_fusion,99,9.5,9.5,0.5538939776278244,moving_average
47,s2_wifi_degraded,9.5646528065164,9.424365913186056,False,False,False,wifi_only,89,9.5,8.5,0.20785239510641867,moving_average
47,s2_wifi_degraded,9.5646528065164,9.424365913186056,False,False,False,vlp_only,99,9.5,9.5,0.9999999999010001,moving_average
47,s2_wifi_degraded,9.5646528065164,9.424365913186056,False,False,False,static_fusion,99,9.5,9.5,0.5714319080380279,moving_average
48,s2_wifi_degraded,9.50103939557558,9.114055937821927,False,False,False,wifi_only,79,9.5,7.5,0.2011726747504434,moving_average
48,s2_wifi_degraded,9.50103939557558,9.114055937821927,False,False,False,vlp_only,99,9.5,9.5,0.9999999999010001,moving_average
48,s2_wifi_degraded,9.50103939557558,9.114055937821927,False,False,False,static_fusion,99,9.5,9.5,0.5610021263294256,moving_average
49,s2_wifi_degraded,9.414656161118282,8.731094504017625,False,False,False,wifi_only,99,9.5,9.5,0.21178566613943253,moving_average
49,s2_wifi_degraded,9.414656161118282,8.731094504017625,False,False,False,vlp_only,99,9.5,9.5,0.9999999999010001,moving_average
49,s2_wifi_degraded,9.414656161118282,8.731094504017625,False,False,False,static_fusion,99,9.5,9.5,0.6058928330202163,moving_average
50,s2_wifi_degraded,9.21633605588256,8.49062670552971,False,False,False,wifi_only,99,9.5,9.5,0.1989931939488607,moving_average
50,s2_wifi_degraded,9.21633605588256,8.49062670552971,False,False,False,vlp_only,89,9.5,8.5,0.9987190874756406,moving_average
50,s2_wifi_degraded,9.21633605588256,8.49062670552971,False,False,False,static_fusion,89,9.5,8.5,0.5905574511260324,moving_average
51,s2_wifi_degraded,9.11760935449355,8.438577566893754,False,False,False,wifi_only,79,9.5,7.5,0.14555943658442236,moving_average
51,s2_wifi_degraded,9.11760935449355,8.438577566893754,False,False,False,vlp_only,89,9.5,8.5,0.9999351586760885,moving_average
51,s2_wifi_degraded,9.11760935449355,8.438577566893754,False,False,False,static_fusion,89,9.5,8.5,0.5714582277141023,moving_average
52,s2_wifi_degraded,8.922779282926651,8.205081914366874,False,False,False,wifi_only,78,8.5,7.5,0.13560777395653026,moving_average
52,s2_wifi_degraded,8.922779282926651,8.205081914366874,False,False,False,vlp_only,89,9.5,8.5,0.9999904425537157,moving_average
52,s2_wifi_degraded,8.922779282926651,8.205081914366874,False,False,False,static_fusion,89,9.5,8.5,0.551562751738397,moving_average
53,s2_wifi_degraded,8.733693244154269,8.016610598714413,False,False,False,wifi_only,78,8.5,7.5,0.14392438114784745,moving_average
53,s2_wifi_degraded,8.733693244154269,8.016610598714413,False,False,False,vlp_only,89,9.5,8.5,0.9999921437318847,moving_average
53,s2_wifi_degraded,8.733693244154269,8.016610598714413,False,False,False,static_fusion,89,9.5,8.5,0.5317971383247173,moving_average
54,s2_wifi_degraded,8.604067606013617,7.71418254806786,False,False,False,wifi_only,78,8.5,7.5,0.11988982696715075,moving_average
54,s2_wifi_degraded,8.604067606013617,7.71418254806786,False,False,False,vlp_only,88,8.5,8.5,0.9999965626773035,moving_average
54,s2_wifi_degraded,8.604067606013617,7.71418254806786,False,False,False,static_fusion,88,8.5,8.5,0.555890343141184,moving_average
55,s2_wifi_degraded,8.380292121918876,7.508518197183664,False,False,False,wifi_only,77,7.5,7.5,0.15596744082631148,moving_average
55,s2_wifi_degraded,8.380292121918876,7.508518197183664,False,False,False,vlp_only,78,8.5,7.5,0.7728410945125487,moving_average
55,s2_wifi_degraded,8.380292121918876,7.508518197183664,False,False,False,static_fusion,78,8.5,7.5,0.44166878086221456,moving_average
56,s2_wifi_degraded,8.261298236940235,7.032237617033076,False,False,False,wifi_only,77,7.5,7.5,0.15166397129498027,moving_average
56,s2_wifi_degraded,8.261298236940235,7.032237617033076,False,False,False,vlp_only,78,8.5,7.5,0.9999999805036337,moving_average
56,s2_wifi_degraded,8.261298236940235,7.032237617033076,False,False,False,static_fusion,78,8.5,7.5,0.5565899317839006,moving_average
57,s2_wifi_degraded,8.367834526148913,6.700942345233571,False,False,False,wifi_only,67,7.5,6.5,0.17415501437851338,moving_average
57,s2_wifi_degraded,8.367834526148913,6.700942345233571,False,False,False,vlp_only,78,8.5,7.5,0.9999999998937174,moving_average
57,s2_wifi_degraded,8.367834526148913,6.700942345233571,False,False,False,static_fusion,78,8.5,7.5,0.5550912826452583,moving_average
58,s2_wifi_degraded,8.353958878788386,6.494196804329148,False,False,False,wifi_only,67,7.5,6.5,0.16248650352800298,moving_average
58,s2_wifi_degraded,8.353958878788386,6.494196804329148,False,False,False,vlp_only,78,8.5,7.5,0.9999999998725667,moving_average
58,s2_wifi_degraded,8.353958878788386,6.494196804329148,False,False,False,static_fusion,78,8.5,7.5,0.5441360432000678,moving_average
59,s2_wifi_degraded,8.336546429042226,6.293616283957347,False,False,False,wifi_only,57,7.5,5.5,0.15948101648100363,moving_average
59,s2_wifi_degraded,8.336546429042226,6.293616283957347,False,False,False,vlp_only,68,8.5,6.5,0.9999999994333605,moving_average
59,s2_wifi_degraded,8.336546429042226,6.293616283957347,False,False,False,static_fusion,68,8.5,6.5,0.5680605549891282,moving_average
60,s2_wifi_degraded,8.40346815147133,6.116995442632617,True,False,False,wifi_only,58,8.5,5.5,0.126513724425706,moving_average
60,s2_wifi_degraded,8.40346815147133,6.116995442632617,True,False,False,vlp_only,68,8.5,6.5,0.9999999998079598,moving_average
60,s2_wifi_degraded,8.40346815147133,6.116995442632617,True,False,False,static_fusion,68,8.5,6.5,0.5307923529280665,moving_average
61,s2_wifi_degraded,8.546844700935843,5.924881887661858,True,False,False,wifi_only,59,9.5,5.5,0.17046690908308065,moving_average
61,s2_wifi_degraded,8.546844700935843,5.924881887661858,True,False,False,vlp_only,68,8.5,6.5,0.999999999895638,moving_average
61,s2_wifi_degraded,8.546844700935843,5.924881887661858,True,False,False,static_fusion,68,8.5,6.5,0.5183103152324303,moving_average
62,s2_wifi_degraded,8.729904160776496,5.547744951919951,True,False,False,wifi_only,36,6.5,3.5,0.136124946422015,moving_average
62,s2_wifi_degraded,8.729904160776496,5.547744951919951,True,False,False,vlp_only,69,9.5,6.5,0.9999999999010001,moving_average
62,s2_wifi_degraded,8.729904160776496,5.547744951919951,True,False,False,static_fusion,69,9.5,6.5,0.5016058025770657,moving_average
63,s2_wifi_degraded,8.77202584280195,5.143629060389316,True,False,False,wifi_only,49,9.5,4.5,0.17856067714822696,moving_average
63,s2_wifi_degraded,8.77202584280195,5.143629060389316,True,False,False,vlp_only,69,9.5,6.5,0.935795693324365,moving_average
63,s2_wifi_degraded,8.77202584280195,5.143629060389316,True,False,False,static_fusion,69,9.5,6.5,0.4770518231338522,moving_average
64,s2_wifi_degraded,8.718437609453172,4.97610578105409,True,False,False,wifi_only,59,9.5,5.5,0.21312853079533078,moving_average
64,s2_wifi_degraded,8.718437609453172,4.97610578105409,True,False,False,vlp_only,58,8.5,5.5,0.9999999999010002,moving_average
64,s2_wifi_degraded,8.718437609453172,4.97610578105409,True,False,False,static_fusion,58,8.5,5.5,0.5425815507713371,moving_average
65,s2_wifi_degraded,8.667563530000693,4.866630764710654,True,False,False,wifi_only,59,9.5,5.5,0.24018214442896443,moving_average
65,s2_wifi_degraded,8.667563530000693,4.866630764710654,True,False,False,vlp_only,58,8.5,5.5,0.9999999999010002,moving_average
65,s2_wifi_degraded,8.667563530000693,4.866630764710654,True,False,False,static_fusion,58,8.5,5.5,0.5641532371659037,moving_average
66,s2_wifi_degraded,8.542366419283344,4.760216825616967,True,False,False,wifi_only,49,9.5,4.5,0.24561269650443637,moving_average
66,s2_wifi_degraded,8.542366419283344,4.760216825616967,True,False,False,vlp_only,59,9.5,5.5,0.9999999999010002,moving_average
66,s2_wifi_degraded,8.542366419283344,4.760216825616967,True,False,False,static_fusion,59,9.5,5.5,0.5796224568903439,moving_average
67,s2_wifi_degraded,8.382687489621802,4.499553999003734,True,False,False,wifi_only,58,8.5,5.5,0.19290268663293764,moving_average
67,s2_wifi_degraded,8.382687489621802,4.499553999003734,True,False,False,vlp_only,49,9.5,4.5,0.9999998368131174,moving_average
67,s2_wifi_degraded,8.382687489621802,4.499553999003734,True,False,False,static_fusion,49,9.5,4.5,0.5385478232857913,moving_average
68,s2_wifi_degraded,8.31381336958047,4.356990528873265,False,False,False,wifi_only,48,8.5,4.5,0.19599525461227715,moving_average
68,s2_wifi_degraded,8.31381336958047,4.356990528873265,False,False,False,vlp_only,48,8.5,4.5,0.9999999998940922,moving_average
68,s2_wifi_degraded,8.31381336958047,4.356990528873265,False,False,False,static_fusion,48,8.5,4.5,0.5979976272531845,moving_average
69,s2_wifi_degraded,8.173199902177743,4.055129301838792,False,False,False,wifi_only,48,8.5,4.5,0.2056699973865619,moving_average
69,s2_wifi_degraded,8.173199902177743,4.055129301838792,False,False,False,vlp_only,48,8.5,4.5,0.9999999984785751,moving_average
69,s2_wifi_degraded,8.173199902177743,4.055129301838792,False,False,False,static_fusion,48,8.5,4.5,0.6028349979325685,moving_average
70,s2_wifi_degraded,7.958876024659174,3.799783052657366,False,False,False,wifi_only,37,7.5,3.5,0.21776510339375713,moving_average
70,s2_wifi_degraded,7.958876024659174,3.799783052657366,False,False,False,vlp_only,48,8.5,4.5,0.9999970889018005,moving_average
70,s2_wifi_degraded,7.958876024659174,3.799783052657366,False,False,False,static_fusion,48,8.5,4.5,0.5463277087732392,moving_average
71,s2_wifi_degraded,7.833669525191001,3.638141757452688,False,False,False,wifi_only,37,7.5,3.5,0.19787600528982924,moving_average
71,s2_wifi_degraded,7.833669525191001,3.638141757452688,False,False,False,vlp_only,39,9.5,3.5,0.9999999999010002,moving_average
71,s2_wifi_degraded,7.833669525191001,3.638141757452688,False,False,False,static_fusion,39,9.5,3.5,0.5080156146031735,moving_average
72,s2_wifi_degraded,7.664684483724226,3.3337804086327285,False,False,False,wifi_only,37,7.5,3.5,0.209093655892475,moving_average
72,s2_wifi_degraded,7.664684483724226,3.3337804086327285,False,False,False,vlp_only,38,8.5,3.5,0.9819474185512005,moving_average
72,s2_wifi_degraded,7.664684483724226,3.3337804086327285,False,False,False,static_fusion,38,8.5,3.5,0.5540130125680625,moving_average
73,s2_wifi_degraded,7.325126662205962,3.0900072935102134,False,False,False,wifi_only,37,7.5,3.5,0.2088404656223654,moving_average
73,s2_wifi_degraded,7.325126662205962,3.0900072935102134,False,False,False,vlp_only,37,7.5,3.5,0.9999367556382306,moving_average
73,s2_wifi_degraded,7.325126662205962,3.0900072935102134,False,False,False,static_fusion,37,7.5,3.5,0.604388610630298,moving_average
74,s2_wifi_degraded,7.295614884999138,2.9887682845800643,False,False,False,wifi_only,37,7.5,3.5,0.21356028596599974,moving_average
74,s2_wifi_degraded,7.295614884999138,2.9887682845800643,False,False,False,vlp_only,37,7.5,3.5,0.9999999967758434,moving_average
74,s2_wifi_degraded,7.295614884999138,2.9887682845800643,False,False,False,static_fusion,37,7.5,3.5,0.6067801413709215,moving_average
75,s2_wifi_degraded,7.296351451677773,2.798195708361908,False,False,False,wifi_only,37,7.5,3.5,0.22034651155853577,moving_average
75,s2_wifi_degraded,7.296351451677773,2.798195708361908,False,False,False,vlp_only,37,7.5,3.5,0.9999999999010002,moving_average
75,s2_wifi_degraded,7.296351451677773,2.798195708361908,False,False,False,static_fusion,37,7.5,3.5,0.610173255729768,moving_average
76,s2_wifi_degraded,7.251642624966383,2.337893241987238,False,False,False,wifi_only,38,8.5,3.5,0.2195320681595512,moving_average
76,s2_wifi_degraded,7.251642624966383,2.337893241987238,False,False,False,vlp_only,27,7.5,2.5,0.9999999999010002,moving_average
76,s2_wifi_degraded,7.251642624966383,2.337893241987238,False,False,False,static_fusion,27,7.5,2.5,0.5517267142393433,moving_average
77,s2_wifi_degraded,7.191112638050282,2.11104971712342,False,False,False,wifi_only,37,7.5,3.5,0.20387401214319295,moving_average
77,s2_wifi_degraded,7.191112638050282,2.11104971712342,False,False,False,vlp_only,27,7.5,2.5,0.9999999999010002,moving_average
77,s2_wifi_degraded,7.191112638050282,2.11104971712342,False,False,False,static_fusion,27,7.5,2.5,0.563808685655946,moving_average
78,s2_wifi_degraded,7.088997127565227,1.8280730412017787,False,False,False,wifi_only,27,7.5,2.5,0.16413648608323186,moving_average
78,s2_wifi_degraded,7.088997127565227,1.8280730412017787,False,False,False,vlp_only,27,7.5,2.5,0.9999999752899377,moving_average
78,s2_wifi_degraded,7.088997127565227,1.8280730412017787,False,False,False,static_fusion,27,7.5,2.5,0.5820682306865848,moving_average
79,s2_wifi_degraded,7.114586335383993,1.531713950324241,False,False,False,wifi_only,27,7.5,2.5,0.2194436319867354,moving_average
79,s2_wifi_degraded,7.114586335383993,1.531713950324241,False,False,False,vlp_only,27,7.5,2.5,0.9590227510665047,moving_average
79,s2_wifi_degraded,7.114586335383993,1.531713950324241,False,False,False,static_fusion,27,7.5,2.5,0.58923319152662,moving_average
80,s2_wifi_degraded,7.170157133048356,1.3067743629177078,False,False,False,wifi_only,6,6.5,0.5,0.23690784450177307,moving_average
80,s2_wifi_degraded,7.170157133048356,1.3067743629177078,False,False,False,vlp_only,17,7.5,1.5,0.9999815029536312,moving_average
80,s2_wifi_degraded,7.170157133048356,1.3067743629177078,False,False,False,static_fusion,17,7.5,1.5,0.5229686789772067,moving_average
81,s2_wifi_degraded,7.201631077444322,1.1339839347561254,False,False,False,wifi_only,6,6.5,0.5,0.27002121561807396,moving_average
81,s2_wifi_degraded,7.201631077444322,1.1339839347561254,False,False,False,vlp_only,17,7.5,1.5,0.9999999978647164,moving_average
81,s2_wifi_degraded,7.201631077444322,1.1339839347561254,False,False,False,static_fusion,17,7.5,1.5,0.5381056980755973,moving_average
82,s2_wifi_degraded,7.155776983713249,0.8528139925624313,False,False,False,wifi_only,6,6.5,0.5,0.19996245312570743,moving_average
82,s2_wifi_degraded,7.155776983713249,0.8528139925624313,False,False,False,vlp_only,17,7.5,1.5,0.9999999999010003,moving_average
82,s2_wifi_degraded,7.155776983713249,0.8528139925624313,False,False,False,static_fusion,17,7.5,1.5,0.5797159477615115,moving_average
83,s2_wifi_degraded,6.976127786010122,0.4956267479912126,False,False,False,wifi_only,7,7.5,0.5,0.26251344259236886,moving_average
83,s2_wifi_degraded,6.976127786010122,0.4956267479912126,False,False,False,vlp_only,7,7.5,0.5,0.9999999997238919,moving_average
83,s2_wifi_degraded,6.976127786010122,0.4956267479912126,False,False,False,static_fusion,7,7.5,0.5,0.6312567211581304,moving_average
84,s2_wifi_degraded,6.74255867268218,0.0843728881784015,False,False,False,wifi_only,6,6.5,0.5,0.22673264803349658,moving_average
84,s2_wifi_degraded,6.74255867268218,0.0843728881784015,False,False,False,vlp_only,7,7.5,0.5,0.9999999999010003,moving_average
84,s2_wifi_degraded,6.74255867268218,0.0843728881784015,False,False,False,static_fusion,7,7.5,0.5,0.6028116972469898,moving_average
85,s2_wifi_degraded,7.064294392948221,0.3942671783051067,True,False,False,wifi_only,27,7.5,2.5,0.26620758049253607,moving_average
85,s2_wifi_degraded,7.064294392948221,0.3942671783051067,True,False,False,vlp_only,7,7.5,0.5,0.9999999999010003,moving_average
85,s2_wifi_degraded,7.064294392948221,0.3942671783051067,True,False,False,static_fusion,7,7.5,0.5,0.5361788028093157,moving_average
86,s2_wifi_degraded,7.176188436555574,0.5060043216815018,True,False,False,wifi_only,27,7.5,2.5,0.24763336142384876,moving_average
86,s2_wifi_degraded,7.176188436555574,0.5060043216815018,True,False,False,vlp_only,7,7.5,0.5,0.9999999999010003,moving_average
86,s2_wifi_degraded,7.176188436555574,0.5060043216815018,True,False,False,static_fusion,7,7.5,0.5,0.5213932812926338,moving_average
87,s2_wifi_degraded,7.307226017604519,0.5668144077417742,True,False,False,wifi_only,27,7.5,2.5,0.21342702411749548,moving_average
87,s2_wifi_degraded,7.307226017604519,0.5668144077417742,True,False,False,vlp_only,6,6.5,0.5,0.8637971034749028,moving_average
87,s2_wifi_degraded,7.307226017604519,0.5668144077417742,True,False,False,static_fusion,6,6.5,0.5,0.45631391092250967,moving_average
88,s2_wifi_degraded,7.687860172244926,0.7189120364284933,True,False,False,wifi_only,7,7.5,0.5,0.2827732161884673,moving_average
88,s2_wifi_degraded,7.687860172244926,0.7189120364284933,True,False,False,vlp_only,7,7.5,0.5,0.9999999999010003,moving_average
88,s2_wifi_degraded,7.687860172244926,0.7189120364284933,True,False,False,static_fusion,7,7.5,0.5,0.6413866080447337,moving_average
89,s2_wifi_degraded,7.983386792676343,0.8375621710500243,True,False,False,wifi_only,7,7.5,0.5,0.5244619034161022,moving_average
89,s2_wifi_degraded,7.983386792676343,0.8375621710500243,True,False,False,vlp_only,7,7.5,0.5,0.9999999998898976,moving_average
89,s2_wifi_degraded,7.983386792676343,0.8375621710500243,True,False,False,static_fusion,7,7.5,0.5,0.7622309516529997,moving_average
90,s2_wifi_degraded,8.256293406597695,0.875446755726633,True,False,False,wifi_only,9,9.5,0.5,0.4525355455720502,moving_average
90,s2_wifi_degraded,8.256293406597695,0.875446755726633,True,False,False,vlp_only,7,7.5,0.5,0.9999990754167919,moving_average
90,s2_wifi_degraded,8.256293406597695,0.875446755726633,True,False,False,static_fusion,7,7.5,0.5,0.5402503060865865,moving_average
91,s2_wifi_degraded,8.425989160054677,0.93045254740169,True,False,False,wifi_only,9,9.5,0.5,0.498630837368551,moving_average
91,s2_wifi_degraded,8.425989160054677,0.93045254740169,True,False,False,vlp_only,7,7.5,0.5,0.6699151891298465,moving_average
91,s2_wifi_degraded,8.425989160054677,0.93045254740169,True,False,False,static_fusion,7,7.5,0.5,0.33500466630536596,moving_average
92,s2_wifi_degraded,8.863055882305986,1.1231286812777777,True,False,False,wifi_only,9,9.5,0.5,0.5429978849627807,moving_average
92,s2_wifi_degraded,8.863055882305986,1.1231286812777777,True,False,False,vlp_only,8,8.5,0.5,0.9999969482552644,moving_average
92,s2_wifi_degraded,8.863055882305986,1.1231286812777777,True,False,False,static_fusion,8,8.5,0.5,0.6118214697852484,moving_average
93,s2_wifi_degraded,9.23021965860404,1.1465464090231468,True,False,False,wifi_only,9,9.5,0.5,0.6062729056786608,moving_average
93,s2_wifi_degraded,9.23021965860404,1.1465464090231468,True,False,False,vlp_only,8,8.5,0.5,0.9964123608544782,moving_average
93,s2_wifi_degraded,9.23021965860404,1.1465464090231468,True,False,False,static_fusion,8,8.5,0.5,0.564734181338706,moving_average
94,s2_wifi_degraded,9.37371170551081,1.169754508811914,False,False,False,wifi_only,9,9.5,0.5,0.42064025668289406,moving_average
94,s2_wifi_degraded,9.37371170551081,1.169754508811914,False,False,False,vlp_only,8,8.5,0.5,0.9675173542990023,moving_average
94,s2_wifi_degraded,9.37371170551081,1.169754508811914,False,False,False,static_fusion,8,8.5,0.5,0.5664038828141904,moving_average
95,s2_wifi_degraded,9.770217154834045,1.159649324523821,False,False,False,wifi_only,9,9.5,0.5,0.36447737232690575,moving_average
95,s2_wifi_degraded,9.770217154834045,1.159649324523821,False,False,False,vlp_only,19,9.5,1.5,0.9266313256879164,moving_average
95,s2_wifi_degraded,9.770217154834045,1.159649324523821,False,False,False,static_fusion,19,9.5,1.5,0.5851519117694066,moving_average
96,s2_wifi_degraded,9.5806362152392,1.1294724581913531,False,False,False,wifi_only,9,9.5,0.5,0.38983705335622887,moving_average
96,s2_wifi_degraded,9.5806362152392,1.1294724581913531,False,False,False,vlp_only,19,9.5,1.5,0.9842304878120428,moving_average
96,s2_wifi_degraded,9.5806362152392,1.1294724581913531,False,False,False,static_fusion,19,9.5,1.5,0.6032369506371463,moving_average
97,s2_wifi_degraded,9.431952925308204,0.9654622254894044,False,False,False,wifi_only,9,9.5,0.5,0.3448994837339294,moving_average
97,s2_wifi_degraded,9.431952925308204,0.9654622254894044,False,False,False,vlp_only,19,9.5,1.5,0.9857234849280386,moving_average
97,s2_wifi_degraded,9.431952925308204,0.9654622254894044,False,False,False,static_fusion,19,9.5,1.5,0.6057248700550079,moving_average
98,s2_wifi_degraded,9.360595724435434,0.6120686019402459,False,False,False,wifi_only,9,9.5,0.5,0.32120980217447215,moving_average
98,s2_wifi_degraded,9.360595724435434,0.6120686019402459,False,False,False,vlp_only,19,9.5,1.5,0.9877265409160156,moving_average
98,s2_wifi_degraded,9.360595724435434,0.6120686019402459,False,False,False,static_fusion,19,9.5,1.5,0.6193521207386515,moving_average
99,s2_wifi_degraded,9.26764607580253,0.4010204672213302,False,False,False,wifi_only,9,9.5,0.5,0.3038959215968681,moving_average
99,s2_wifi_degraded,9.26764607580253,0.4010204672213302,False,False,False,vlp_only,9,9.5,0.5,0.9999999999010003,moving_average
99,s2_wifi_degraded,9.26764607580253,0.4010204672213302,False,False,False,static_fusion,9,9.5,0.5,0.6519479607489339,moving_average
0,s2_wifi_degraded,3.50146586178358,2.794545781008381,False,False,False,wifi_only,33,3.5,3.5,0.16476705506152547,median
0,s2_wifi_degraded,3.50146586178358,2.794545781008381,False,False,False,vlp_only,23,3.5,2.5,0.9999999999010003,median
0,s2_wifi_degraded,3.50146586178358,2.794545781008381,False,False,False,static_fusion,23,3.5,2.5,0.5359233934762211,median
1,s2_wifi_degraded,3.8334314692961406,3.0879105600798664,False,False,False,wifi_only,23,3.5,2.5,0.17427842544870578,median
1,s2_wifi_degraded,3.8334314692961406,3.0879105600798664,False,False,False,vlp_only,33,3.5,3.5,0.9999999999010002,median
1,s2_wifi_degraded,3.8334314692961406,3.0879105600798664,False,False,False,static_fusion,33,3.5,3.5,0.5800824479614748,median
2,s2_wifi_degraded,4.0456173120900445,3.1263296245930507,False,False,False,wifi_only,33,3.5,3.5,0.16746780963135968,median
2,s2_wifi_degraded,4.0456173120900445,3.1263296245930507,False,False,False,vlp_only,33,3.5,3.5,0.9999999999010002,median
2,s2_wifi_degraded,4.0456173120900445,3.1263296245930507,False,False,False,static_fusion,33,3.5,3.5,0.5837339047661798,median
3,s2_wifi_degraded,4.42592581634721,3.113695449768073,False,False,False,wifi_only,33,3.5,3.5,0.17989344049367184,median
3,s2_wifi_degraded,4.42592581634721,3.113695449768073,False,False,False,vlp_only,33,3.5,3.5,0.9999999999010002,median
3,s2_wifi_degraded,4.42592581634721,3.113695449768073,False,False,False,static_fusion,33,3.5,3.5,0.5899467201973361,median
4,s2_wifi_degraded,4.708255729915193,3.19039433570727,False,False,False,wifi_only,23,3.5,2.5,0.2068268742879963,median
4,s2_wifi_degraded,4.708255729915193,3.19039433570727,False,False,False,vlp_only,33,3.5,3.5,0.9999999999010002,median
4,s2_wifi_degraded,4.708255729915193,3.19039433570727,False,False,False,static_fusion,33,3.5,3.5,0.5749216408021588,median
5,s2_wifi_degraded,4.978762662726669,3.137730843885924,False,False,False,wifi_only,23,3.5,2.5,0.20815715483760042,median
5,s2_wifi_degraded,4.978762662726669,3.137730843885924,False,False,False,vlp_only,34,4.5,3.5,0.9999754742783796,median
5,s2_wifi_degraded,4.978762662726669,3.137730843885924,False,False,False,static_fusion,34,4.5,3.5,0.5280923047510312,median
6,s2_wifi_degraded,5.202025987228208,3.1529819162085304,False,False,False,wifi_only,25,5.5,2.5,0.1730215997979531,median
6,s2_wifi_degraded,5.202025987228208,3.1529819162085304,False,False,False,vlp_only,34,4.5,3.5,0.9999999999010002,median
6,s2_wifi_degraded,5.202025987228208,3.1529819162085304,False,False,False,static_fusion,34,4.5,3.5,0.5526556609756595,median
7,s2_wifi_degraded,5.347337808465035,3.292281793156062,False,False,False,wifi_only,25,5.5,2.5,0.17367330429834768,median
7,s2_wifi_degraded,5.347337808465035,3.292281793156062,False,False,False,vlp_only,34,4.5,3.5,0.9999999321994262,median
7,s2_wifi_degraded,5.347337808465035,3.292281793156062,False,False,False,static_fusion,34,4.5,3.5,0.5452083151791788,median
8,s2_wifi_degraded,5.716827179474,3.58088982297864,False,False,False,wifi_only,25,5.5,2.5,0.18978482394375462,median
8,s2_wifi_degraded,5.716827179474,3.58088982297864,False,False,False,vlp_only,35,5.5,3.5,0.9999999999010002,median
8,s2_wifi_degraded,5.716827179474,3.58088982297864,False,False,False,static_fusion,35,5.5,3.5,0.5659047575760655,median
9,s2_wifi_degraded,5.862414412197704,3.68421178879823,False,False,False,wifi_only,25,5.5,2.5,0.1762115690268413,median
9,s2_wifi_degraded,5.862414412197704,3.68421178879823,False,False,False,vlp_only,35,5.5,3.5,0.9999999999010002,median
9,s2_wifi_degraded,5.862414412197704,3.68421178879823,False,False,False,static_fusion,35,5.5,3.5,0.5660685279636224,median
10,s2_wifi_degraded,6.2621648807209205,3.865009897723677,True,False,False,wifi_only,36,6.5,3.5,0.14077072348442182,median
10,s2_wifi_degraded,6.2621648807209205,3.865009897723677,True,False,False,vlp_only,35,5.5,3.5,0.9999999999010002,median
10,s2_wifi_degraded,6.2621648807209205,3.865009897723677,True,False,False,static_fusion,35,5.5,3.5,0.53869159628048,median
11,s2_wifi_degraded,6.386402797469953,4.000359969380765,True,False,False,wifi_only,36,6.5,3.5,0.11806479565011677,median
11,s2_wifi_degraded,6.386402797469953,4.000359969380765,True,False,False,vlp_only,35,5.5,3.5,0.9999999999010002,median
11,s2_wifi_degraded,6.386402797469953,4.000359969380765,True,False,False,static_fusion,35,5.5,3.5,0.5455597510971949,median
12,s2_wifi_degraded,6.486403725025359,4.131792507959473,True,False,False,wifi_only,49,9.5,4.5,0.12994357288776665,median
12,s2_wifi_degraded,6.486403725025359,4.131792507959473,True,False,False,vlp_only,46,6.5,4.5,0.9999999999010002,median
12,s2_wifi_degraded,6.486403725025359,4.131792507959473,True,False,False,static_fusion,46,6.5,4.5,0.5292386789611939,median
13,s2_wifi_degraded,6.594101310260236,4.146666699824417,True,False,False,wifi_only,49,9.5,4.5,0.14836691501652685,median
13,s2_wifi_degraded,6.594101310260236,4.146666699824417,True,False,False,vlp_only,46,6.5,4.5,0.9999999999010002,median
13,s2_wifi_degraded,6.594101310260236,4.146666699824417,True,False,False,static_fusion,46,6.5,4.5,0.5240859509212948,median
14,s2_wifi_degraded,6.938536691705024,4.190811224101229,True,False,False,wifi_only,36,6.5,3.5,0.11706220688622203,median
14,s2_wifi_degraded,6.938536691705024,4.190811224101229,True,False,False,vlp_only,46,6.5,4.5,0.9999701821829855,median
14,s2_wifi_degraded,6.938536691705024,4.190811224101229,True,False,False,static_fusion,46,6.5,4.5,0.5232608651737515,median
15,s2_wifi_degraded,7.095444556622987,4.3190830854397095,True,False,False,wifi_only,36,6.5,3.5,0.12106209418067175,median
15,s2_wifi_degraded,7.095444556622987,4.3190830854397095,True,False,False,vlp_only,47,7.5,4.5,0.9994116996596001,median
15,s2_wifi_degraded,7.095444556622987,4.3190830854397095,True,False,False,static_fusion,47,7.5,4.5,0.54355468638384,median
16,s2_wifi_degraded,7.322508343984496,4.588300078241882,True,False,False,wifi_only,25,5.5,2.5,0.16976650204328,median
16,s2_wifi_degraded,7.322508343984496,4.588300078241882,True,False,False,vlp_only,47,7.5,4.5,0.9999999999010002,median
16,s2_wifi_degraded,7.322508343984496,4.588300078241882,True,False,False,static_fusion,47,7.5,4.5,0.5113373278692999,median
17,s2_wifi_degraded,7.446193242310456,4.675563891349093,True,False,False,wifi_only,36,6.5,3.5,0.1968212086850536,median
17,s2_wifi_degraded,7.446193242310456,4.675563891349093,True,False,False,vlp_only,47,7.5,4.5,0.9999999999010002,median
17,s2_wifi_degraded,7.446193242310456,4.675563891349093,True,False,False,static_fusion,47,7.5,4.5,0.5159653449045587,median
18,s2_wifi_degraded,7.634031718409139,4.77391982605946,True,False,False,wifi_only,46,6.5,4.5,0.22075780843333426,median
18,s2_wifi_degraded,7.634031718409139,4.77391982605946,True,False,False,vlp_only,47,7.5,4.5,0.9999999998989687,median
18,s2_wifi_degraded,7.634031718409139,4.77391982605946,True,False,False,static_fusion,47,7.5,4.5,0.5654257672855006,median
19,s2_wifi_degraded,7.862727723450558,4.97492979510894,True,False,False,wifi_only,56,6.5,5.5,0.1679244249606722,median
19,s2_wifi_degraded,7.862727723450558,4.97492979510894,True,False,False,vlp_only,47,7.5,4.5,0.9999964364858009,median
19,s2_wifi_degraded,7.862727723450558,4.97492979510894,True,False,False,static_fusion,47,7.5,4.5,0.5124689322594503,median
20,s2_wifi_degraded,7.939266457295782,5.129541394281456,True,False,False,wifi_only,57,7.5,5.5,0.1443486361388897,median
20,s2_wifi_degraded,7.939266457295782,5.129541394281456,True,False,False,vlp_only,47,7.5,4.5,0.9998077532502209,median
20,s2_wifi_degraded,7.939266457295782,5.129541394281456,True,False,False,static_fusion,47,7.5,4.5,0.5354881853618372,median
21,s2_wifi_degraded,8.011102297567714,5.276303396065385,True,False,False,wifi_only,59,9.5,5.5,0.22313774395052394,median
21,s2_wifi_degraded,8.011102297567714,5.276303396065385,True,False,False,vlp_only,49,9.5,4.5,0.9943269497065383,median
21,s2_wifi_degraded,8.011102297567714,5.276303396065385,True,False,False,static_fusion,49,9.5,4.5,0.5621045074322242,median
22,s2_wifi_degraded,8.343062278059984,5.445902988798278,False,False,False,wifi_only,59,9.5,5.5,0.2492869219236364,median
22,s2_wifi_degraded,8.343062278059984,5.445902988798278,False,False,False,vlp_only,58,8.5,5.5,0.9954847772797061,median
22,s2_wifi_degraded,8.343062278059984,5.445902988798278,False,False,False,static_fusion,58,8.5,5.5,0.5605444443905236,median
23,s2_wifi_degraded,8.52052164720882,5.6027346910434765,False,False,False,wifi_only,49,9.5,4.5,0.2107979970549672,median
23,s2_wifi_degraded,8.52052164720882,5.6027346910434765,False,False,False,vlp_only,58,8.5,5.5,0.9988176949746332,median
23,s2_wifi_degraded,8.52052164720882,5.6027346910434765,False,False,False,static_fusion,58,8.5,5.5,0.546128354740036,median
24,s2_wifi_degraded,8.840063415262575,5.876328672083288,False,False,False,wifi_only,58,8.5,5.5,0.16236834993709887,median
24,s2_wifi_degraded,8.840063415262575,5.876328672083288,False,False,False,vlp_only,58,8.5,5.5,0.9999999655106672,median
24,s2_wifi_degraded,8.840063415262575,5.876328672083288,False,False,False,static_fusion,58,8.5,5.5,0.581184157723883,median
25,s2_wifi_degraded,9.133542118122302,6.275738550131283,False,False,False,wifi_only,58,8.5,5.5,0.15763455663495943,median
25,s2_wifi_degraded,9.133542118122302,6.275738550131283,False,False,False,vlp_only,58,8.5,5.5,0.9999999998963,median
25,s2_wifi_degraded,9.133542118122302,6.275738550131283,False,False,False,static_fusion,58,8.5,5.5,0.5788172782656296,median
26,s2_wifi_degraded,9.35618800793218,6.65718067016028,False,False,False,wifi_only,47,7.5,4.5,0.15308483623878164,median
26,s2_wifi_degraded,9.35618800793218,6.65718067016028,False,False,False,vlp_only,69,9.5,6.5,0.9999999999010001,median
26,s2_wifi_degraded,9.35618800793218,6.65718067016028,False,False,False,static_fusion,69,9.5,6.5,0.5138101433722382,median
27,s2_wifi_degraded,9.561103088027537,7.107641397521033,False,False,False,wifi_only,58,8.5,5.5,0.16663482023366216,median
27,s2_wifi_degraded,9.561103088027537,7.107641397521033,False,False,False,vlp_only,69,9.5,6.5,0.9999999999010001,median
27,s2_wifi_degraded,9.561103088027537,7.107641397521033,False,False,False,static_fusion,69,9.5,6.5,0.5239166686518538,median
28,s2_wifi_degraded,9.62294450389752,7.287936096739562,False,False,False,wifi_only,68,8.5,6.5,0.13988487949813544,median
28,s2_wifi_degraded,9.62294450389752,7.287936096739562,False,False,False,vlp_only,69,9.5,6.5,0.9999999999010001,median
28,s2_wifi_degraded,9.62294450389752,7.287936096739562,False,False,False,static_fusion,69,9.5,6.5,0.5459466414223746,median
29,s2_wifi_degraded,9.567042849149868,7.590650497286169,False,False,False,wifi_only,69,9.5,6.5,0.17089155831885117,median
29,s2_wifi_degraded,9.567042849149868,7.590650497286169,False,False,False,vlp_only,79,9.5,7.5,0.9999999999010001,median
29,s2_wifi_degraded,9.567042849149868,7.590650497286169,False,False,False,static_fusion,79,9.5,7.5,0.5587575530033296,median
30,s2_wifi_degraded,9.368809486427658,7.926124173973704,False,False,False,wifi_only,79,9.5,7.5,0.17996417076318882,median
30,s2_wifi_degraded,9.368809486427658,7.926124173973704,False,False,False,vlp_only,79,9.5,7.5,0.9999999999010001,median
30,s2_wifi_degraded,9.368809486427658,7.926124173973704,False,False,False,static_fusion,79,9.5,7.5,0.5899820853320944,median
31,s2_wifi_degraded,9.317903367352146,8.04732779879347,False,False,False,wifi_only,79,9.5,7.5,0.18299501198800752,median
31,s2_wifi_degraded,9.317903367352146,8.04732779879347,False,False,False,vlp_only,79,9.5,7.5,0.9996972418620101,median
31,s2_wifi_degraded,9.317903367352146,8.04732779879347,False,False,False,static_fusion,79,9.5,7.5,0.5913461269250089,median
32,s2_wifi_degraded,9.186332412855084,8.43241929333643,False,False,False,wifi_only,89,9.5,8.5,0.20539069152527845,median
32,s2_wifi_degraded,9.186332412855084,8.43241929333643,False,False,False,vlp_only,79,9.5,7.5,0.9985715576708644,median
32,s2_wifi_degraded,9.186332412855084,8.43241929333643,False,False,False,static_fusion,79,9.5,7.5,0.5645767248750743,median
33,s2_wifi_degraded,9.112727671229193,8.796655767469591,False,False,False,wifi_only,99,9.5,9.5,0.2592051040181436,median
33,s2_wifi_degraded,9.112727671229193,8.796655767469591,False,False,False,vlp_only,89,9.5,8.5,0.99991471186326,median
33,s2_wifi_degraded,9.112727671229193,8.796655767469591,False,False,False,static_fusion,89,9.5,8.5,0.6193634907927525,median
34,s2_wifi_degraded,9.270799859312152,9.22745450829668,False,False,False,wifi_only,99,9.5,9.5,0.21992622246086324,median
34,s2_wifi_degraded,9.270799859312152,9.22745450829668,False,False,False,vlp_only,89,9.5,8.5,0.9999955956912225,median
34,s2_wifi_degraded,9.270799859312152,9.22745450829668,False,False,False,static_fusion,89,9.5,8.5,0.5935719817141569,median
35,s2_wifi_degraded,9.423420837008932,9.422997081607893,True,False,False,wifi_only,99,9.5,9.5,0.2538830304792148,median
35,s2_wifi_degraded,9.423420837008932,9.422997081607893,True,False,False,vlp_only,89,9.5,8.5,0.9000301088115786,median
35,s2_wifi_degraded,9.423420837008932,9.422997081607893,True,False,False,static_fusion,89,9.5,8.5,0.5669695082587878,median
36,s2_wifi_degraded,9.481110661263054,9.62212971253768,True,False,False,wifi_only,98,8.5,9.5,0.21050878851342542,median
36,s2_wifi_degraded,9.481110661263054,9.62212971253768,True,False,False,vlp_only,98,8.5,9.5,0.9412728818985734,median
36,s2_wifi_degraded,9.481110661263054,9.62212971253768,True,False,False,static_fusion,98,8.5,9.5,0.5758908352059994,median
37,s2_wifi_degraded,9.541752579513968,9.92203908827878,True,False,False,wifi_only,98,8.5,9.5,0.26716214869896787,median
37,s2_wifi_degraded,9.541752579513968,9.92203908827878,True,False,False,vlp_only,99,9.5,9.5,0.9999999999010001,median
37,s2_wifi_degraded,9.541752579513968,9.92203908827878,True,False,False,static_fusion,99,9.5,9.5,0.5410310113828601,median
38,s2_wifi_degraded,9.402562603553038,9.543991147418636,True,False,False,wifi_only,98,8.5,9.5,0.19351199643879544,median
38,s2_wifi_degraded,9.402562603553038,9.543991147418636,True,False,False,vlp_only,99,9.5,9.5,0.9999999999010001,median
38,s2_wifi_degraded,9.402562603553038,9.543991147418636,True,False,False,static_fusion,99,9.5,9.5,0.5247503471962116,median
39,s2_wifi_degraded,9.44479730227728,9.391504817262849,True,False,False,wifi_only,98,8.5,9.5,0.25677364626354027,median
39,s2_wifi_degraded,9.44479730227728,9.391504817262849,True,False,False,vlp_only,99,9.5,9.5,0.9999999999010001,median
39,s2_wifi_degraded,9.44479730227728,9.391504817262849,True,False,False,static_fusion,99,9.5,9.5,0.5489316591238569,median
40,s2_wifi_degraded,9.525454359161255,8.940867722935458,True,False,False,wifi_only,98,8.5,9.5,0.19351199643879544,median
40,s2_wifi_degraded,9.525454359161255,8.940867722935458,True,False,False,vlp_only,99,9.5,9.5,0.9999999999010001,median
40,s2_wifi_degraded,9.525454359161255,8.940867722935458,True,False,False,static_fusion,99,9.5,9.5,0.5247503471962116,median
41,s2_wifi_degraded,9.823585243977655,8.584999463128653,True,False,False,wifi_only,99,9.5,9.5,0.3799483721277774,median
41,s2_wifi_degraded,9.823585243977655,8.584999463128653,True,False,False,vlp_only,99,9.5,9.5,0.9999999999010001,median
41,s2_wifi_degraded,9.823585243977655,8.584999463128653,True,False,False,static_fusion,99,9.5,9.5,0.6899741860143888,median
42,s2_wifi_degraded,9.694700842723162,8.966546447675274,True,False,False,wifi_only,59,9.5,5.5,0.3698140136401828,median
42,s2_wifi_degraded,9.694700842723162,8.966546447675274,True,False,False,vlp_only,99,9.5,9.5,0.9999999999010001,median
42,s2_wifi_degraded,9.694700842723162,8.966546447675274,True,False,False,static_fusion,99,9.5,9.5,0.5058650435118768,median
43,s2_wifi_degraded,9.569223421271444,9.326938465999294,True,False,False,wifi_only,99,9.5,9.5,0.34961299692213216,median
43,s2_wifi_degraded,9.569223421271444,9.326938465999294,True,False,False,vlp_only,99,9.5,9.5,0.9999999999010001,median
43,s2_wifi_degraded,9.569223421271444,9.326938465999294,True,False,False,static_fusion,99,9.5,9.5,0.674806498411566,median
44,s2_wifi_degraded,9.534535416987817,9.784343768551336,True,False,False,wifi_only,99,9.5,9.5,0.28945469936438306,median
44,s2_wifi_degraded,9.534535416987817,9.784343768551336,True,False,False,vlp_only,99,9.5,9.5,0.9999999999010001,median
44,s2_wifi_degraded,9.534535416987817,9.784343768551336,True,False,False,static_fusion,99,9.5,9.5,0.6447273496326915,median
45,s2_wifi_degraded,9.54487381028695,9.92332836828298,False,False,False,wifi_only,99,9.5,9.5,0.32579726729607683,median
45,s2_wifi_degraded,9.54487381028695,9.92332836828298,False,False,False,vlp_only,99,9.5,9.5,0.9999999999010001,median
45,s2_wifi_degraded,9.54487381028695,9.92332836828298,False,False,False,static_fusion,99,9.5,9.5,0.6628986335985385,median
46,s2_wifi_degraded,9.558162041417896,9.663482828106742,False,False,False,wifi_only,99,9.5,9.5,0.3252794748129353,median
46,s2_wifi_degraded,9.558162041417896,9.663482828106742,False,False,False,vlp_only,99,9.5,9.5,0.9999999999010001,median
46,s2_wifi_degraded,9.558162041417896,9.663482828106742,False,False,False,static_fusion,99,9.5,9.5,0.6626397373569678,median
47,s2_wifi_degraded,9.5646528065164,9.424365913186056,False,False,False,wifi_only,89,9.5,8.5,0.2479291399695637,median
47,s2_wifi_degraded,9.5646528065164,9.424365913186056,False,False,False,vlp_only,99,9.5,9.5,0.9999999999010001,median
47,s2_wifi_degraded,9.5646528065164,9.424365913186056,False,False,False,static_fusion,99,9.5,9.5,0.6115135681660204,median
48,s2_wifi_degraded,9.50103939557558,9.114055937821927,False,False,False,wifi_only,99,9.5,9.5,0.21884973867629287,median
48,s2_wifi_degraded,9.50103939557558,9.114055937821927,False,False,False,vlp_only,99,9.5,9.5,0.9999999999010001,median
48,s2_wifi_degraded,9.50103939557558,9.114055937821927,False,False,False,static_fusion,99,9.5,9.5,0.6094248692886465,median
49,s2_wifi_degraded,9.414656161118282,8.731094504017625,False,False,False,wifi_only,99,9.5,9.5,0.21884973867629287,median
49,s2_wifi_degraded,9.414656161118282,8.731094504017625,False,False,False,vlp_only,99,9.5,9.5,0.9999999999010001,median
49,s2_wifi_degraded,9.414656161118282,8.731094504017625,False,False,False,static_fusion,99,9.5,9.5,0.6094248692886465,median
50,s2_wifi_degraded,9.21633605588256,8.49062670552971,False,False,False,wifi_only,99,9.5,9.5,0.2143670957753067,median
50,s2_wifi_degraded,9.21633605588256,8.49062670552971,False,False,False,vlp_only,99,9.5,9.5,0.9999999999010001,median
50,s2_wifi_degraded,9.21633605588256,8.49062670552971,False,False,False,static_fusion,99,9.5,9.5,0.6071835478381534,median
51,s2_wifi_degraded,9.11760935449355,8.438577566893754,False,False,False,wifi_only,89,9.5,8.5,0.15422481654477355,median
51,s2_wifi_degraded,9.11760935449355,8.438577566893754,False,False,False,vlp_only,89,9.5,8.5,0.9999826923846883,median
51,s2_wifi_degraded,9.11760935449355,8.438577566893754,False,False,False,static_fusion,89,9.5,8.5,0.577103754464731,median
52,s2_wifi_degraded,8.922779282926651,8.205081914366874,False,False,False,wifi_only,89,9.5,8.5,0.1314218632603897,median
52,s2_wifi_degraded,8.922779282926651,8.205081914366874,False,False,False,vlp_only,89,9.5,8.5,0.9997896715427429,median
52,s2_wifi_degraded,8.922779282926651,8.205081914366874,False,False,False,static_fusion,89,9.5,8.5,0.5656057674015663,median
53,s2_wifi_degraded,8.733693244154269,8.016610598714413,False,False,False,wifi_only,88,8.5,8.5,0.15190452489022305,median
53,s2_wifi_degraded,8.733693244154269,8.016610598714413,False,False,False,vlp_only,89,9.5,8.5,0.99997142835385,median
53,s2_wifi_degraded,8.733693244154269,8.016610598714413,False,False,False,static_fusion,89,9.5,8.5,0.532511765075918,median
54,s2_wifi_degraded,8.604067606013617,7.71418254806786,False,False,False,wifi_only,88,8.5,8.5,0.1424569587116498,median
54,s2_wifi_degraded,8.604067606013617,7.71418254806786,False,False,False,vlp_only,88,8.5,8.5,0.9999999823702722,median
54,s2_wifi_degraded,8.604067606013617,7.71418254806786,False,False,False,static_fusion,88,8.5,8.5,0.571228470540961,median
55,s2_wifi_degraded,8.380292121918876,7.508518197183664,False,False,False,wifi_only,77,7.5,7.5,0.13665310592011898,median
55,s2_wifi_degraded,8.380292121918876,7.508518197183664,False,False,False,vlp_only,88,8.5,8.5,0.7071492317288642,median
55,s2_wifi_degraded,8.380292121918876,7.508518197183664,False,False,False,static_fusion,88,8.5,8.5,0.40920640507951217,median
56,s2_wifi_degraded,8.261298236940235,7.032237617033076,False,False,False,wifi_only,77,7.5,7.5,0.12634606457614814,median
56,s2_wifi_degraded,8.261298236940235,7.032237617033076,False,False,False,vlp_only,78,8.5,7.5,0.9999999997344435,median
56,s2_wifi_degraded,8.261298236940235,7.032237617033076,False,False,False,static_fusion,78,8.5,7.5,0.5262782173690119,median
57,s2_wifi_degraded,8.367834526148913,6.700942345233571,False,False,False,wifi_only,67,7.5,6.5,0.1315490275944941,median
57,s2_wifi_degraded,8.367834526148913,6.700942345233571,False,False,False,vlp_only,78,8.5,7.5,0.9999999998994491,median
57,s2_wifi_degraded,8.367834526148913,6.700942345233571,False,False,False,static_fusion,78,8.5,7.5,0.5508371407034532,median
58,s2_wifi_degraded,8.353958878788386,6.494196804329148,False,False,False,wifi_only,57,7.5,5.5,0.16989720666495797,median
58,s2_wifi_degraded,8.353958878788386,6.494196804329148,False,False,False,vlp_only,78,8.5,7.5,0.9999999998990209,median
58,s2_wifi_degraded,8.353958878788386,6.494196804329148,False,False,False,static_fusion,78,8.5,7.5,0.519393960180263,median
59,s2_wifi_degraded,8.336546429042226,6.293616283957347,False,False,False,wifi_only,57,7.5,5.5,0.18829354802338655,median
59,s2_wifi_degraded,8.336546429042226,6.293616283957347,False,False,False,vlp_only,68,8.5,6.5,0.9999999998464385,median
59,s2_wifi_degraded,8.336546429042226,6.293616283957347,False,False,False,static_fusion,68,8.5,6.5,0.5421007948142643,median
60,s2_wifi_degraded,8.40346815147133,6.116995442632617,True,False,False,wifi_only,47,7.5,4.5,0.15180155666028108,median
60,s2_wifi_degraded,8.40346815147133,6.116995442632617,True,False,False,vlp_only,68,8.5,6.5,0.9999999998192406,median
60,s2_wifi_degraded,8.40346815147133,6.116995442632617,True,False,False,static_fusion,68,8.5,6.5,0.5188391776644895,median
61,s2_wifi_degraded,8.546844700935843,5.924881887661858,True,False,False,wifi_only,47,7.5,4.5,0.15479806060191864,median
61,s2_wifi_degraded,8.546844700935843,5.924881887661858,True,False,False,vlp_only,68,8.5,6.5,0.9999999998790857,median
61,s2_wifi_degraded,8.546844700935843,5.924881887661858,True,False,False,static_fusion,68,8.5,6.5,0.5178906972592379,median
62,s2_wifi_degraded,8.729904160776496,5.547744951919951,True,False,False,wifi_only,49,9.5,4.5,0.19006637488414674,median
62,s2_wifi_degraded,8.729904160776496,5.547744951919951,True,False,False,vlp_only,69,9.5,6.5,0.9999999999010001,median
62,s2_wifi_degraded,8.729904160776496,5.547744951919951,True,False,False,static_fusion,69,9.5,6.5,0.5054616089895217,median
63,s2_wifi_degraded,8.77202584280195,5.143629060389316,True,False,False,wifi_only,49,9.5,4.5,0.19006637488414674,median
63,s2_wifi_degraded,8.77202584280195,5.143629060389316,True,False,False,vlp_only,69,9.5,6.5,0.9999999999010001,median
63,s2_wifi_degraded,8.77202584280195,5.143629060389316,True,False,False,static_fusion,69,9.5,6.5,0.5054616089895217,median
64,s2_wifi_degraded,8.718437609453172,4.97610578105409,True,False,False,wifi_only,59,9.5,5.5,0.29566805094479576,median
64,s2_wifi_degraded,8.718437609453172,4.97610578105409,True,False,False,vlp_only,58,8.5,5.5,0.9999999999010002,median
64,s2_wifi_degraded,8.718437609453172,4.97610578105409,True,False,False,static_fusion,58,8.5,5.5,0.5515323168229208,median
65,s2_wifi_degraded,8.667563530000693,4.866630764710654,True,False,False,wifi_only,59,9.5,5.5,0.3429321025511187,median
65,s2_wifi_degraded,8.667563530000693,4.866630764710654,True,False,False,vlp_only,59,9.5,5.5,0.9999999999010002,median
65,s2_wifi_degraded,8.667563530000693,4.866630764710654,True,False,False,static_fusion,59,9.5,5.5,0.6714660512260595,median
66,s2_wifi_degraded,8.542366419283344,4.760216825616967,True,False,False,wifi_only,59,9.5,5.5,0.35775582383921567,median
66,s2_wifi_degraded,8.542366419283344,4.760216825616967,True,False,False,vlp_only,49,9.5,4.5,0.9999999999010002,median
66,s2_wifi_degraded,8.542366419283344,4.760216825616967,True,False,False,static_fusion,49,9.5,4.5,0.5678573479293947,median
67,s2_wifi_degraded,8.382687489621802,4.499553999003734,True,False,False,wifi_only,68,8.5,6.5,0.17471950944971912,median
67,s2_wifi_degraded,8.382687489621802,4.499553999003734,True,False,False,vlp_only,49,9.5,4.5,0.9999999999010002,median
67,s2_wifi_degraded,8.382687489621802,4.499553999003734,True,False,False,static_fusion,49,9.5,4.5,0.503452200010552,median
68,s2_wifi_degraded,8.31381336958047,4.356990528873265,False,False,False,wifi_only,48,8.5,4.5,0.18983288710833054,median
68,s2_wifi_degraded,8.31381336958047,4.356990528873265,False,False,False,vlp_only,48,8.5,4.5,0.999998174945645,median
68,s2_wifi_degraded,8.31381336958047,4.356990528873265,False,False,False,static_fusion,48,8.5,4.5,0.5949155310269878,median
69,s2_wifi_degraded,8.173199902177743,4.055129301838792,False,False,False,wifi_only,38,8.5,3.5,0.17987276862294305,median
69,s2_wifi_degraded,8.173199902177743,4.055129301838792,False,False,False,vlp_only,48,8.5,4.5,0.9999999558246883,median
69,s2_wifi_degraded,8.173199902177743,4.055129301838792,False,False,False,static_fusion,48,8.5,4.5,0.5798324767460918,median
70,s2_wifi_degraded,7.958876024659174,3.799783052657366,False,False,False,wifi_only,37,7.5,3.5,0.20728147442098077,median
70,s2_wifi_degraded,7.958876024659174,3.799783052657366,False,False,False,vlp_only,48,8.5,4.5,0.9999971560422207,median
70,s2_wifi_degraded,7.958876024659174,3.799783052657366,False,False,False,static_fusion,48,8.5,4.5,0.5532965874129613,median
71,s2_wifi_degraded,7.833669525191001,3.638141757452688,False,False,False,wifi_only,37,7.5,3.5,0.20435414615584674,median
71,s2_wifi_degraded,7.833669525191001,3.638141757452688,False,False,False,vlp_only,39,9.5,3.5,0.9999999999010002,median
71,s2_wifi_degraded,7.833669525191001,3.638141757452688,False,False,False,static_fusion,39,9.5,3.5,0.5174224303799816,median
72,s2_wifi_degraded,7.664684483724226,3.3337804086327285,False,False,False,wifi_only,37,7.5,3.5,0.21244603258711575,median
72,s2_wifi_degraded,7.664684483724226,3.3337804086327285,False,False,False,vlp_only,38,8.5,3.5,0.7599469838412141,median
72,s2_wifi_degraded,7.664684483724226,3.3337804086327285,False,False,False,static_fusion,38,8.5,3.5,0.4585439660294025,median
73,s2_wifi_degraded,7.325126662205962,3.0900072935102134,False,False,False,wifi_only,37,7.5,3.5,0.21244603258711575,median
73,s2_wifi_degraded,7.325126662205962,3.0900072935102134,False,False,False,vlp_only,37,7.5,3.5,0.9805776350667229,median
73,s2_wifi_degraded,7.325126662205962,3.0900072935102134,False,False,False,static_fusion,37,7.5,3.5,0.5965118338269193,median
74,s2_wifi_degraded,7.295614884999138,2.9887682845800643,False,False,False,wifi_only,37,7.5,3.5,0.22091077142120824,median
74,s2_wifi_degraded,7.295614884999138,2.9887682845800643,False,False,False,vlp_only,37,7.5,3.5,0.9999999887064579,median
74,s2_wifi_degraded,7.295614884999138,2.9887682845800643,False,False,False,static_fusion,37,7.5,3.5,0.6104553800638329,median
75,s2_wifi_degraded,7.296351451677773,2.798195708361908,False,False,False,wifi_only,37,7.5,3.5,0.23694244272487255,median
75,s2_wifi_degraded,7.296351451677773,2.798195708361908,False,False,False,vlp_only,37,7.5,3.5,0.9999999999010002,median
75,s2_wifi_degraded,7.296351451677773,2.798195708361908,False,False,False,static_fusion,37,7.5,3.5,0.6184712213129364,median
76,s2_wifi_degraded,7.251642624966383,2.337893241987238,False,False,False,wifi_only,38,8.5,3.5,0.20349911207806035,median
76,s2_wifi_degraded,7.251642624966383,2.337893241987238,False,False,False,vlp_only,37,7.5,3.5,0.999797205462083,median
76,s2_wifi_degraded,7.251642624966383,2.337893241987238,False,False,False,static_fusion,37,7.5,3.5,0.5738111231571346,median
77,s2_wifi_degraded,7.191112638050282,2.11104971712342,False,False,False,wifi_only,38,8.5,3.5,0.21206165411471592,median
77,s2_wifi_degraded,7.191112638050282,2.11104971712342,False,False,False,vlp_only,27,7.5,2.5,0.9999999999010002,median
77,s2_wifi_degraded,7.191112638050282,2.11104971712342,False,False,False,static_fusion,27,7.5,2.5,0.5546346416595387,median
78,s2_wifi_degraded,7.088997127565227,1.8280730412017787,False,False,False,wifi_only,38,8.5,3.5,0.1922204763808809,median
78,s2_wifi_degraded,7.088997127565227,1.8280730412017787,False,False,False,vlp_only,27,7.5,2.5,0.9999984046927926,median
78,s2_wifi_degraded,7.088997127565227,1.8280730412017787,False,False,False,static_fusion,27,7.5,2.5,0.5747651531366431,median
79,s2_wifi_degraded,7.114586335383993,1.531713950324241,False,False,False,wifi_only,27,7.5,2.5,0.21807186201968354,median
79,s2_wifi_degraded,7.114586335383993,1.531713950324241,False,False,False,vlp_only,27,7.5,2.5,0.9999788271314795,median
79,s2_wifi_degraded,7.114586335383993,1.531713950324241,False,False,False,static_fusion,27,7.5,2.5,0.6090253445755816,median
80,s2_wifi_degraded,7.170157133048356,1.3067743629177078,False,False,False,wifi_only,27,7.5,2.5,0.15254797473572757,median
80,s2_wifi_degraded,7.170157133048356,1.3067743629177078,False,False,False,vlp_only,17,7.5,1.5,0.9999999992910186,median
80,s2_wifi_degraded,7.170157133048356,1.3067743629177078,False,False,False,static_fusion,17,7.5,1.5,0.5116788688896564,median
81,s2_wifi_degraded,7.201631077444322,1.1339839347561254,False,False,False,wifi_only,16,6.5,1.5,0.2238011144496647,median
81,s2_wifi_degraded,7.201631077444322,1.1339839347561254,False,False,False,vlp_only,17,7.5,1.5,0.9999999998957246,median
81,s2_wifi_degraded,7.201631077444322,1.1339839347561254,False,False,False,static_fusion,17,7.5,1.5,0.5386256731159265,median
82,s2_wifi_degraded,7.155776983713249,0.8528139925624313,False,False,False,wifi_only,17,7.5,1.5,0.20438381538950165,median
82,s2_wifi_degraded,7.155776983713249,0.8528139925624313,False,False,False,vlp_only,17,7.5,1.5,0.9999999999010003,median
82,s2_wifi_degraded,7.155776983713249,0.8528139925624313,False,False,False,static_fusion,17,7.5,1.5,0.602191907645251,median
83,s2_wifi_degraded,6.976127786010122,0.4956267479912126,False,False,False,wifi_only,17,7.5,1.5,0.24288934334633278,median
83,s2_wifi_degraded,6.976127786010122,0.4956267479912126,False,False,False,vlp_only,7,7.5,0.5,0.999999999539488,median
83,s2_wifi_degraded,6.976127786010122,0.4956267479912126,False,False,False,static_fusion,7,7.5,0.5,0.6100337493635307,median
84,s2_wifi_degraded,6.74255867268218,0.0843728881784015,False,False,False,wifi_only,7,7.5,0.5,0.2818320986880238,median
84,s2_wifi_degraded,6.74255867268218,0.0843728881784015,False,False,False,vlp_only,7,7.5,0.5,0.9999999999010003,median
84,s2_wifi_degraded,6.74255867268218,0.0843728881784015,False,False,False,static_fusion,7,7.5,0.5,0.6409160492945121,median
85,s2_wifi_degraded,7.064294392948221,0.3942671783051067,True,False,False,wifi_only,17,7.5,1.5,0.2556480882076834,median
85,s2_wifi_degraded,7.064294392948221,0.3942671783051067,True,False,False,vlp_only,7,7.5,0.5,0.9999999999010003,median
85,s2_wifi_degraded,7.064294392948221,0.3942671783051067,True,False,False,static_fusion,7,7.5,0.5,0.6157444559114937,median
86,s2_wifi_degraded,7.176188436555574,0.5060043216815018,True,False,False,wifi_only,27,7.5,2.5,0.22578350636414804,median
86,s2_wifi_degraded,7.176188436555574,0.5060043216815018,True,False,False,vlp_only,7,7.5,0.5,0.9999999999010003,median
86,s2_wifi_degraded,7.176188436555574,0.5060043216815018,True,False,False,static_fusion,7,7.5,0.5,0.5392032930137217,median
87,s2_wifi_degraded,7.307226017604519,0.5668144077417742,True,False,False,wifi_only,6,6.5,0.5,0.1868244410284604,median
87,s2_wifi_degraded,7.307226017604519,0.5668144077417742,True,False,False,vlp_only,7,7.5,0.5,0.9999999999010003,median
87,s2_wifi_degraded,7.307226017604519,0.5668144077417742,True,False,False,static_fusion,7,7.5,0.5,0.5609950224002156,median
88,s2_wifi_degraded,7.687860172244926,0.7189120364284933,True,False,False,wifi_only,6,6.5,0.5,0.32547893583176146,median
88,s2_wifi_degraded,7.687860172244926,0.7189120364284933,True,False,False,vlp_only,7,7.5,0.5,0.9999999999010003,median
88,s2_wifi_degraded,7.687860172244926,0.7189120364284933,True,False,False,static_fusion,7,7.5,0.5,0.5741893742133606,median
89,s2_wifi_degraded,7.983386792676343,0.8375621710500243,True,False,False,wifi_only,7,7.5,0.5,0.7215319118097584,median
89,s2_wifi_degraded,7.983386792676343,0.8375621710500243,True,False,False,vlp_only,7,7.5,0.5,0.9999999999010003,median
89,s2_wifi_degraded,7.983386792676343,0.8375621710500243,True,False,False,static_fusion,7,7.5,0.5,0.8607659558553793,median
90,s2_wifi_degraded,8.256293406597695,0.875446755726633,True,False,False,wifi_only,9,9.5,0.5,0.5031797388201414,median
90,s2_wifi_degraded,8.256293406597695,0.875446755726633,True,False,False,vlp_only,7,7.5,0.5,0.9999978545148617,median
90,s2_wifi_degraded,8.256293406597695,0.875446755726633,True,False,False,static_fusion,7,7.5,0.5,0.5106119194818273,median
91,s2_wifi_degraded,8.425989160054677,0.93045254740169,True,False,False,wifi_only,9,9.5,0.5,0.615624042975814,median
91,s2_wifi_degraded,8.425989160054677,0.93045254740169,True,False,False,vlp_only,8,8.5,0.5,0.9999844246526813,median
91,s2_wifi_degraded,8.425989160054677,0.93045254740169,True,False,False,static_fusion,8,8.5,0.5,0.5737797711791783,median
92,s2_wifi_degraded,8.863055882305986,1.1231286812777777,True,False,False,wifi_only,9,9.5,0.5,0.6122378019870648,median
92,s2_wifi_degraded,8.863055882305986,1.1231286812777777,True,False,False,vlp_only,8,8.5,0.5,0.9999693408362259,median
92,s2_wifi_degraded,8.863055882305986,1.1231286812777777,True,False,False,static_fusion,8,8.5,0.5,0.5741167306117488,median
93,s2_wifi_degraded,9.23021965860404,1.1465464090231468,True,False,False,wifi_only,9,9.5,0.5,0.5704996565048932,median
93,s2_wifi_degraded,9.23021965860404,1.1465464090231468,True,False,False,vlp_only,8,8.5,0.5,0.999894448330834,median
93,s2_wifi_degraded,9.23021965860404,1.1465464090231468,True,False,False,static_fusion,8,8.5,0.5,0.5758876867761576,median
94,s2_wifi_degraded,9.37371170551081,1.169754508811914,False,False,False,wifi_only,9,9.5,0.5,0.33617290707515357,median
94,s2_wifi_degraded,9.37371170551081,1.169754508811914,False,False,False,vlp_only,8,8.5,0.5,0.7357971920608476,median
94,s2_wifi_degraded,9.37371170551081,1.169754508811914,False,False,False,static_fusion,8,8.5,0.5,0.4771812421198762,median
95,s2_wifi_degraded,9.770217154834045,1.159649324523821,False,False,False,wifi_only,9,9.5,0.5,0.3403314262792901,median
95,s2_wifi_degraded,9.770217154834045,1.159649324523821,False,False,False,vlp_only,19,9.5,1.5,0.8756732406997546,median
95,s2_wifi_degraded,9.770217154834045,1.159649324523821,False,False,False,static_fusion,19,9.5,1.5,0.5729943182168458,median
96,s2_wifi_degraded,9.5806362152392,1.1294724581913531,False,False,False,wifi_only,9,9.5,0.5,0.37356349329948546,median
96,s2_wifi_degraded,9.5806362152392,1.1294724581913531,False,False,False,vlp_only,19,9.5,1.5,0.8953776237118807,median
96,s2_wifi_degraded,9.5806362152392,1.1294724581913531,False,False,False,static_fusion,19,9.5,1.5,0.5749242551535888,median
97,s2_wifi_degraded,9.431952925308204,0.9654622254894044,False,False,False,wifi_only,9,9.5,0.5,0.3436516927879891,median
97,s2_wifi_degraded,9.431952925308204,0.9654622254894044,False,False,False,vlp_only,19,9.5,1.5,0.9807171710028432,median
97,s2_wifi_degraded,9.431952925308204,0.9654622254894044,False,False,False,static_fusion,19,9.5,1.5,0.6074060921666756,median
98,s2_wifi_degraded,9.360595724435434,0.6120686019402459,False,False,False,wifi_only,9,9.5,0.5,0.3119130504915395,median
98,s2_wifi_degraded,9.360595724435434,0.6120686019402459,False,False,False,vlp_only,19,9.5,1.5,0.9753757639858227,median
98,s2_wifi_degraded,9.360595724435434,0.6120686019402459,False,False,False,static_fusion,19,9.5,1.5,0.6115596334206029,median
99,s2_wifi_degraded,9.26764607580253,0.4010204672213302,False,False,False,wifi_only,9,9.5,0.5,0.31191222409775066,median
99,s2_wifi_degraded,9.26764607580253,0.4010204672213302,False,False,False,vlp_only,9,9.5,0.5,0.9999999999010003,median
99,s2_wifi_degraded,9.26764607580253,0.4010204672213302,False,False,False,static_fusion,9,9.5,0.5,0.6559561119993753,median
0,s2_wifi_degraded,3.50146586178358,2.794545781008381,False,False,False,wifi_only,33,3.5,3.5,0.16476705506152547,ema
0,s2_wifi_degraded,3.50146586178358,2.794545781008381,False,False,False,vlp_only,23,3.5,2.5,0.9999999999010003,ema
0,s2_wifi_degraded,3.50146586178358,2.794545781008381,False,False,False,static_fusion,23,3.5,2.5,0.5359233934762211,ema
1,s2_wifi_degraded,3.8334314692961406,3.0879105600798664,False,False,False,wifi_only,33,3.5,3.5,0.17095583706626352,ema
1,s2_wifi_degraded,3.8334314692961406,3.0879105600798664,False,False,False,vlp_only,23,3.5,2.5,0.5271588283853658,ema
1,s2_wifi_degraded,3.8334314692961406,3.0879105600798664,False,False,False,static_fusion,23,3.5,2.5,0.33427437104649627,ema
2,s2_wifi_degraded,4.0456173120900445,3.1263296245930507,False,False,False,wifi_only,33,3.5,3.5,0.17156916746357018,ema
2,s2_wifi_degraded,4.0456173120900445,3.1263296245930507,False,False,False,vlp_only,33,3.5,3.5,0.9999999999010002,ema
2,s2_wifi_degraded,4.0456173120900445,3.1263296245930507,False,False,False,static_fusion,33,3.5,3.5,0.5857845836822851,ema
3,s2_wifi_degraded,4.42592581634721,3.113695449768073,False,False,False,wifi_only,33,3.5,3.5,0.19200224119466675,ema
3,s2_wifi_degraded,4.42592581634721,3.113695449768073,False,False,False,vlp_only,33,3.5,3.5,0.9999999999010002,ema
3,s2_wifi_degraded,4.42592581634721,3.113695449768073,False,False,False,static_fusion,33,3.5,3.5,0.5960011205478334,ema
4,s2_wifi_degraded,4.708255729915193,3.19039433570727,False,False,False,wifi_only,24,4.5,2.5,0.18317764510378373,ema
4,s2_wifi_degraded,4.708255729915193,3.19039433570727,False,False,False,vlp_only,24,4.5,2.5,0.9999999999010002,ema
4,s2_wifi_degraded,4.708255729915193,3.19039433570727,False,False,False,static_fusion,24,4.5,2.5,0.591588822502392,ema
5,s2_wifi_degraded,4.978762662726669,3.137730843885924,False,False,False,wifi_only,24,4.5,2.5,0.20771374696924907,ema
5,s2_wifi_degraded,4.978762662726669,3.137730843885924,False,False,False,vlp_only,24,4.5,2.5,0.9999999999010002,ema
5,s2_wifi_degraded,4.978762662726669,3.137730843885924,False,False,False,static_fusion,24,4.5,2.5,0.6038568734351247,ema
6,s2_wifi_degraded,5.202025987228208,3.1529819162085304,False,False,False,wifi_only,25,5.5,2.5,0.172814440318219,ema
6,s2_wifi_degraded,5.202025987228208,3.1529819162085304,False,False,False,vlp_only,34,4.5,3.5,0.9999999999010002,ema
6,s2_wifi_degraded,5.202025987228208,3.1529819162085304,False,False,False,static_fusion,34,4.5,3.5,0.545726652242898,ema
7,s2_wifi_degraded,5.347337808465035,3.292281793156062,False,False,False,wifi_only,25,5.5,2.5,0.17420280802242416,ema
7,s2_wifi_degraded,5.347337808465035,3.292281793156062,False,False,False,vlp_only,34,4.5,3.5,0.9999999999010002,ema
7,s2_wifi_degraded,5.347337808465035,3.292281793156062,False,False,False,static_fusion,34,4.5,3.5,0.5473381713176132,ema
8,s2_wifi_degraded,5.716827179474,3.58088982297864,False,False,False,wifi_only,35,5.5,3.5,0.1671327278430271,ema
8,s2_wifi_degraded,5.716827179474,3.58088982297864,False,False,False,vlp_only,35,5.5,3.5,0.9999999999010002,ema
8,s2_wifi_degraded,5.716827179474,3.58088982297864,False,False,False,static_fusion,35,5.5,3.5,0.5835663638720137,ema
9,s2_wifi_degraded,5.862414412197704,3.68421178879823,False,False,False,wifi_only,35,5.5,3.5,0.15607933181912534,ema
9,s2_wifi_degraded,5.862414412197704,3.68421178879823,False,False,False,vlp_only,35,5.5,3.5,0.9999999999010002,ema
9,s2_wifi_degraded,5.862414412197704,3.68421178879823,False,False,False,static_fusion,35,5.5,3.5,0.5780396658600627,ema
10,s2_wifi_degraded,6.2621648807209205,3.865009897723677,True,False,False,wifi_only,49,9.5,4.5,0.1342647370927391,ema
10,s2_wifi_degraded,6.2621648807209205,3.865009897723677,True,False,False,vlp_only,35,5.5,3.5,0.9999999999010002,ema
10,s2_wifi_degraded,6.2621648807209205,3.865009897723677,True,False,False,static_fusion,35,5.5,3.5,0.5048794935013036,ema
11,s2_wifi_degraded,6.386402797469953,4.000359969380765,True,False,False,wifi_only,47,7.5,4.5,0.14794536739286132,ema
11,s2_wifi_degraded,6.386402797469953,4.000359969380765,True,False,False,vlp_only,35,5.5,3.5,0.9999999999010002,ema
11,s2_wifi_degraded,6.386402797469953,4.000359969380765,True,False,False,static_fusion,35,5.5,3.5,0.5221903589931925,ema
12,s2_wifi_degraded,6.486403725025359,4.131792507959473,True,False,False,wifi_only,49,9.5,4.5,0.19736266085417592,ema
12,s2_wifi_degraded,6.486403725025359,4.131792507959473,True,False,False,vlp_only,35,5.5,3.5,0.9999000027198104,ema
12,s2_wifi_degraded,6.486403725025359,4.131792507959473,True,False,False,static_fusion,35,5.5,3.5,0.5037955494570643,ema
13,s2_wifi_degraded,6.594101310260236,4.146666699824417,True,False,False,wifi_only,25,5.5,2.5,0.16934088431809627,ema
13,s2_wifi_degraded,6.594101310260236,4.146666699824417,True,False,False,vlp_only,46,6.5,4.5,0.9999999999010002,ema
13,s2_wifi_degraded,6.594101310260236,4.146666699824417,True,False,False,static_fusion,46,6.5,4.5,0.5214560562951139,ema
14,s2_wifi_degraded,6.938536691705024,4.190811224101229,True,False,False,wifi_only,5,5.5,0.5,0.41179612511135016,ema
14,s2_wifi_degraded,6.938536691705024,4.190811224101229,True,False,False,vlp_only,46,6.5,4.5,0.9999999956833776,ema
14,s2_wifi_degraded,6.938536691705024,4.190811224101229,True,False,False,static_fusion,46,6.5,4.5,0.500169740301102,ema
15,s2_wifi_degraded,7.095444556622987,4.3190830854397095,True,False,False,wifi_only,49,9.5,4.5,0.16008339992498133,ema
15,s2_wifi_degraded,7.095444556622987,4.3190830854397095,True,False,False,vlp_only,47,7.5,4.5,0.9999999999010002,ema
15,s2_wifi_degraded,7.095444556622987,4.3190830854397095,True,False,False,static_fusion,47,7.5,4.5,0.530747430605216,ema
16,s2_wifi_degraded,7.322508343984496,4.588300078241882,True,False,False,wifi_only,36,6.5,3.5,0.1654611189138619,ema
16,s2_wifi_degraded,7.322508343984496,4.588300078241882,True,False,False,vlp_only,47,7.5,4.5,0.9999999999010002,ema
16,s2_wifi_degraded,7.322508343984496,4.588300078241882,True,False,False,static_fusion,47,7.5,4.5,0.5592067696099371,ema
17,s2_wifi_degraded,7.446193242310456,4.675563891349093,True,False,False,wifi_only,36,6.5,3.5,0.2141592098258122,ema
17,s2_wifi_degraded,7.446193242310456,4.675563891349093,True,False,False,vlp_only,47,7.5,4.5,0.9999999999010002,ema
17,s2_wifi_degraded,7.446193242310456,4.675563891349093,True,False,False,static_fusion,47,7.5,4.5,0.5608515663171084,ema
18,s2_wifi_degraded,7.634031718409139,4.77391982605946,True,False,False,wifi_only,46,6.5,4.5,0.1866878991411224,ema
18,s2_wifi_degraded,7.634031718409139,4.77391982605946,True,False,False,vlp_only,47,7.5,4.5,0.9999999999010002,ema
18,s2_wifi_degraded,7.634031718409139,4.77391982605946,True,False,False,static_fusion,47,7.5,4.5,0.5581309823155908,ema
19,s2_wifi_degraded,7.862727723450558,4.97492979510894,True,False,False,wifi_only,47,7.5,4.5,0.15749868451097243,ema
19,s2_wifi_degraded,7.862727723450558,4.97492979510894,True,False,False,vlp_only,47,7.5,4.5,0.999999992747669,ema
19,s2_wifi_degraded,7.862727723450558,4.97492979510894,True,False,False,static_fusion,47,7.5,4.5,0.5787493386293205,ema
20,s2_wifi_degraded,7.939266457295782,5.129541394281456,True,False,False,wifi_only,59,9.5,5.5,0.3129131802554795,ema
20,s2_wifi_degraded,7.939266457295782,5.129541394281456,True,False,False,vlp_only,47,7.5,4.5,0.9999408333872195,ema
20,s2_wifi_degraded,7.939266457295782,5.129541394281456,True,False,False,static_fusion,47,7.5,4.5,0.511435026786559,ema
21,s2_wifi_degraded,8.011102297567714,5.276303396065385,True,False,False,wifi_only,59,9.5,5.5,0.14932958735620727,ema
21,s2_wifi_degraded,8.011102297567714,5.276303396065385,True,False,False,vlp_only,47,7.5,4.5,0.975233563629119,ema
21,s2_wifi_degraded,8.011102297567714,5.276303396065385,True,False,False,static_fusion,47,7.5,4.5,0.539891927117988,ema
22,s2_wifi_degraded,8.343062278059984,5.445902988798278,False,False,False,wifi_only,47,7.5,4.5,0.13469145480216657,ema
22,s2_wifi_degraded,8.343062278059984,5.445902988798278,False,False,False,vlp_only,58,8.5,5.5,0.9685984726053007,ema
22,s2_wifi_degraded,8.343062278059984,5.445902988798278,False,False,False,static_fusion,58,8.5,5.5,0.5477212700453004,ema
23,s2_wifi_degraded,8.52052164720882,5.6027346910434765,False,False,False,wifi_only,58,8.5,5.5,0.1405727205481278,ema
23,s2_wifi_degraded,8.52052164720882,5.6027346910434765,False,False,False,vlp_only,58,8.5,5.5,0.9999958189169581,ema
23,s2_wifi_degraded,8.52052164720882,5.6027346910434765,False,False,False,static_fusion,58,8.5,5.5,0.570284269732543,ema
24,s2_wifi_degraded,8.840063415262575,5.876328672083288,False,False,False,wifi_only,58,8.5,5.5,0.14870899887350358,ema
24,s2_wifi_degraded,8.840063415262575,5.876328672083288,False,False,False,vlp_only,58,8.5,5.5,0.9999999930076309,ema
24,s2_wifi_degraded,8.840063415262575,5.876328672083288,False,False,False,static_fusion,58,8.5,5.5,0.5743544959405672,ema
25,s2_wifi_degraded,9.133542118122302,6.275738550131283,False,False,False,wifi_only,58,8.5,5.5,0.15233591710502814,ema
25,s2_wifi_degraded,9.133542118122302,6.275738550131283,False,False,False,vlp_only,58,8.5,5.5,0.9999999999010002,ema
25,s2_wifi_degraded,9.133542118122302,6.275738550131283,False,False,False,static_fusion,58,8.5,5.5,0.5761679585030142,ema
26,s2_wifi_degraded,9.35618800793218,6.65718067016028,False,False,False,wifi_only,58,8.5,5.5,0.17146953712328467,ema
26,s2_wifi_degraded,9.35618800793218,6.65718067016028,False,False,False,vlp_only,69,9.5,6.5,0.9999999999010001,ema
26,s2_wifi_degraded,9.35618800793218,6.65718067016028,False,False,False,static_fusion,69,9.5,6.5,0.5275712509541081,ema
27,s2_wifi_degraded,9.561103088027537,7.107641397521033,False,False,False,wifi_only,68,8.5,6.5,0.15772351841043208,ema
27,s2_wifi_degraded,9.561103088027537,7.107641397521033,False,False,False,vlp_only,69,9.5,6.5,0.9999999999010001,ema
27,s2_wifi_degraded,9.561103088027537,7.107641397521033,False,False,False,static_fusion,69,9.5,6.5,0.5583090943583067,ema
28,s2_wifi_degraded,9.62294450389752,7.287936096739562,False,False,False,wifi_only,68,8.5,6.5,0.15597887839923164,ema
28,s2_wifi_degraded,9.62294450389752,7.287936096739562,False,False,False,vlp_only,69,9.5,6.5,0.9999999999010001,ema
28,s2_wifi_degraded,9.62294450389752,7.287936096739562,False,False,False,static_fusion,69,9.5,6.5,0.550581503873313,ema
29,s2_wifi_degraded,9.567042849149868,7.590650497286169,False,False,False,wifi_only,69,9.5,6.5,0.18218315543609756,ema
29,s2_wifi_degraded,9.567042849149868,7.590650497286169,False,False,False,vlp_only,79,9.5,7.5,0.9996197955596309,ema
29,s2_wifi_degraded,9.567042849149868,7.590650497286169,False,False,False,static_fusion,79,9.5,7.5,0.5526709335562777,ema
30,s2_wifi_degraded,9.368809486427658,7.926124173973704,False,False,False,wifi_only,79,9.5,7.5,0.18812949803006648,ema
30,s2_wifi_degraded,9.368809486427658,7.926124173973704,False,False,False,vlp_only,79,9.5,7.5,0.9999999999010001,ema
30,s2_wifi_degraded,9.368809486427658,7.926124173973704,False,False,False,static_fusion,79,9.5,7.5,0.5940647489655332,ema
31,s2_wifi_degraded,9.317903367352146,8.04732779879347,False,False,False,wifi_only,79,9.5,7.5,0.1896155462279577,ema
31,s2_wifi_degraded,9.317903367352146,8.04732779879347,False,False,False,vlp_only,79,9.5,7.5,0.9999999997580472,ema
31,s2_wifi_degraded,9.317903367352146,8.04732779879347,False,False,False,static_fusion,79,9.5,7.5,0.5948077729930025,ema
32,s2_wifi_degraded,9.186332412855084,8.43241929333643,False,False,False,wifi_only,89,9.5,8.5,0.17230024148235382,ema
32,s2_wifi_degraded,9.186332412855084,8.43241929333643,False,False,False,vlp_only,79,9.5,7.5,0.9999522650862152,ema
32,s2_wifi_degraded,9.186332412855084,8.43241929333643,False,False,False,static_fusion,79,9.5,7.5,0.5680575579415307,ema
33,s2_wifi_degraded,9.112727671229193,8.796655767469591,False,False,False,wifi_only,89,9.5,8.5,0.2389829482464987,ema
33,s2_wifi_degraded,9.112727671229193,8.796655767469591,False,False,False,vlp_only,89,9.5,8.5,0.975082297946264,ema
33,s2_wifi_degraded,9.112727671229193,8.796655767469591,False,False,False,static_fusion,89,9.5,8.5,0.6070326230963815,ema
34,s2_wifi_degraded,9.270799859312152,9.22745450829668,False,False,False,wifi_only,98,8.5,9.5,0.2050388207061359,ema
34,s2_wifi_degraded,9.270799859312152,9.22745450829668,False,False,False,vlp_only,89,9.5,8.5,0.9999547668172007,ema
34,s2_wifi_degraded,9.270799859312152,9.22745450829668,False,False,False,static_fusion,89,9.5,8.5,0.5632075398569427,ema
35,s2_wifi_degraded,9.423420837008932,9.422997081607893,True,False,False,wifi_only,99,9.5,9.5,0.45761338292786213,ema
35,s2_wifi_degraded,9.423420837008932,9.422997081607893,True,False,False,vlp_only,89,9.5,8.5,0.9988639727494723,ema
35,s2_wifi_degraded,9.423420837008932,9.422997081607893,True,False,False,static_fusion,89,9.5,8.5,0.6416429036797895,ema
36,s2_wifi_degraded,9.481110661263054,9.62212971253768,True,False,False,wifi_only,90,0.5,9.5,0.2767167310201117,ema
36,s2_wifi_degraded,9.481110661263054,9.62212971253768,True,False,False,vlp_only,99,9.5,9.5,0.9999999999010001,ema
36,s2_wifi_degraded,9.481110661263054,9.62212971253768,True,False,False,static_fusion,99,9.5,9.5,0.519302834417126,ema
37,s2_wifi_degraded,9.541752579513968,9.92203908827878,True,False,False,wifi_only,98,8.5,9.5,0.3337018007900666,ema
37,s2_wifi_degraded,9.541752579513968,9.92203908827878,True,False,False,vlp_only,99,9.5,9.5,0.9999999999010001,ema
37,s2_wifi_degraded,9.541752579513968,9.92203908827878,True,False,False,static_fusion,99,9.5,9.5,0.6278145891106894,ema
38,s2_wifi_degraded,9.402562603553038,9.543991147418636,True,False,False,wifi_only,79,9.5,7.5,0.23685191433249717,ema
38,s2_wifi_degraded,9.402562603553038,9.543991147418636,True,False,False,vlp_only,99,9.5,9.5,0.9999999999010001,ema
38,s2_wifi_degraded,9.402562603553038,9.543991147418636,True,False,False,static_fusion,99,9.5,9.5,0.5771558889539389,ema
39,s2_wifi_degraded,9.44479730227728,9.391504817262849,True,False,False,wifi_only,79,9.5,7.5,0.16352644512838208,ema
39,s2_wifi_degraded,9.44479730227728,9.391504817262849,True,False,False,vlp_only,99,9.5,9.5,0.9999999999010001,ema
39,s2_wifi_degraded,9.44479730227728,9.391504817262849,True,False,False,static_fusion,99,9.5,9.5,0.5202431063053056,ema
40,s2_wifi_degraded,9.525454359161255,8.940867722935458,True,False,False,wifi_only,79,9.5,7.5,0.23137572431034517,ema
40,s2_wifi_degraded,9.525454359161255,8.940867722935458,True,False,False,vlp_only,99,9.5,9.5,0.9999999999010001,ema
40,s2_wifi_degraded,9.525454359161255,8.940867722935458,True,False,False,static_fusion,99,9.5,9.5,0.5691302479025312,ema
41,s2_wifi_degraded,9.823585243977655,8.584999463128653,True,False,False,wifi_only,99,9.5,9.5,0.38400919751132934,ema
41,s2_wifi_degraded,9.823585243977655,8.584999463128653,True,False,False,vlp_only,99,9.5,9.5,0.9999999999010001,ema
41,s2_wifi_degraded,9.823585243977655,8.584999463128653,True,False,False,static_fusion,99,9.5,9.5,0.6920045987061647,ema
42,s2_wifi_degraded,9.694700842723162,8.966546447675274,True,False,False,wifi_only,89,9.5,8.5,0.2595137732706036,ema
42,s2_wifi_degraded,9.694700842723162,8.966546447675274,True,False,False,vlp_only,99,9.5,9.5,0.9999999999010001,ema
42,s2_wifi_degraded,9.694700842723162,8.966546447675274,True,False,False,static_fusion,99,9.5,9.5,0.6092081118151446,ema
43,s2_wifi_degraded,9.569223421271444,9.326938465999294,True,False,False,wifi_only,89,9.5,8.5,0.2667692190990936,ema
43,s2_wifi_degraded,9.569223421271444,9.326938465999294,True,False,False,vlp_only,99,9.5,9.5,0.9999999999010001,ema
43,s2_wifi_degraded,9.569223421271444,9.326938465999294,True,False,False,static_fusion,99,9.5,9.5,0.6268586970905055,ema
44,s2_wifi_degraded,9.534535416987817,9.784343768551336,True,False,False,wifi_only,69,9.5,6.5,0.27228501635071795,ema
44,s2_wifi_degraded,9.534535416987817,9.784343768551336,True,False,False,vlp_only,99,9.5,9.5,0.9999999999010001,ema
44,s2_wifi_degraded,9.534535416987817,9.784343768551336,True,False,False,static_fusion,99,9.5,9.5,0.5091374612704269,ema
45,s2_wifi_degraded,9.54487381028695,9.92332836828298,False,False,False,wifi_only,79,9.5,7.5,0.24453785760605218,ema
45,s2_wifi_degraded,9.54487381028695,9.92332836828298,False,False,False,vlp_only,99,9.5,9.5,0.9999999999010001,ema
45,s2_wifi_degraded,9.54487381028695,9.92332836828298,False,False,False,static_fusion,99,9.5,9.5,0.5443820277162479,ema
46,s2_wifi_degraded,9.558162041417896,9.663482828106742,False,False,False,wifi_only,89,9.5,8.5,0.2417799659849704,ema
46,s2_wifi_degraded,9.558162041417896,9.663482828106742,False,False,False,vlp_only,99,9.5,9.5,0.9999999999010001,ema
46,s2_wifi_degraded,9.558162041417896,9.663482828106742,False,False,False,static_fusion,99,9.5,9.5,0.6090908411928424,ema
47,s2_wifi_degraded,9.5646528065164,9.424365913186056,False,False,False,wifi_only,89,9.5,8.5,0.24450118366424742,ema
47,s2_wifi_degraded,9.5646528065164,9.424365913186056,False,False,False,vlp_only,99,9.5,9.5,0.9999999999010001,ema
47,s2_wifi_degraded,9.5646528065164,9.424365913186056,False,False,False,static_fusion,99,9.5,9.5,0.6101971088421432,ema
48,s2_wifi_degraded,9.50103939557558,9.114055937821927,False,False,False,wifi_only,89,9.5,8.5,0.21736823028356114,ema
48,s2_wifi_degraded,9.50103939557558,9.114055937821927,False,False,False,vlp_only,99,9.5,9.5,0.9999999999010001,ema
48,s2_wifi_degraded,9.50103939557558,9.114055937821927,False,False,False,static_fusion,99,9.5,9.5,0.5966828749971582,ema
49,s2_wifi_degraded,9.414656161118282,8.731094504017625,False,False,False,wifi_only,89,9.5,8.5,0.18344157975945166,ema
49,s2_wifi_degraded,9.414656161118282,8.731094504017625,False,False,False,vlp_only,99,9.5,9.5,0.9999999999010001,ema
49,s2_wifi_degraded,9.414656161118282,8.731094504017625,False,False,False,static_fusion,99,9.5,9.5,0.5687256960900102,ema
50,s2_wifi_degraded,9.21633605588256,8.49062670552971,False,False,False,wifi_only,89,9.5,8.5,0.1851022604872433,ema
50,s2_wifi_degraded,9.21633605588256,8.49062670552971,False,False,False,vlp_only,89,9.5,8.5,0.9946755666358111,ema
50,s2_wifi_degraded,9.21633605588256,8.49062670552971,False,False,False,static_fusion,89,9.5,8.5,0.5898889135615273,ema
51,s2_wifi_degraded,9.11760935449355,8.438577566893754,False,False,False,wifi_only,78,8.5,7.5,0.14518006006582232,ema
51,s2_wifi_degraded,9.11760935449355,8.438577566893754,False,False,False,vlp_only,89,9.5,8.5,0.9999364782037151,ema
51,s2_wifi_degraded,9.11760935449355,8.438577566893754,False,False,False,static_fusion,89,9.5,8.5,0.5503146610029686,ema
52,s2_wifi_degraded,8.922779282926651,8.205081914366874,False,False,False,wifi_only,88,8.5,8.5,0.14987748440125237,ema
52,s2_wifi_degraded,8.922779282926651,8.205081914366874,False,False,False,vlp_only,89,9.5,8.5,0.9999781671106206,ema
52,s2_wifi_degraded,8.922779282926651,8.205081914366874,False,False,False,static_fusion,89,9.5,8.5,0.5451018881352995,ema
53,s2_wifi_degraded,8.733693244154269,8.016610598714413,False,False,False,wifi_only,78,8.5,7.5,0.13523179469022795,ema
53,s2_wifi_degraded,8.733693244154269,8.016610598714413,False,False,False,vlp_only,88,8.5,8.5,0.9999999995671643,ema
53,s2_wifi_degraded,8.733693244154269,8.016610598714413,False,False,False,static_fusion,88,8.5,8.5,0.5632362497369052,ema
54,s2_wifi_degraded,8.604067606013617,7.71418254806786,False,False,False,wifi_only,77,7.5,7.5,0.10604964047543759,ema
54,s2_wifi_degraded,8.604067606013617,7.71418254806786,False,False,False,vlp_only,88,8.5,8.5,0.9981723640612585,ema
54,s2_wifi_degraded,8.604067606013617,7.71418254806786,False,False,False,static_fusion,88,8.5,8.5,0.5424595586875571,ema
55,s2_wifi_degraded,8.380292121918876,7.508518197183664,False,False,False,wifi_only,88,8.5,8.5,0.15479577393714355,ema
55,s2_wifi_degraded,8.380292121918876,7.508518197183664,False,False,False,vlp_only,78,8.5,7.5,0.9981734909397253,ema
55,s2_wifi_degraded,8.380292121918876,7.508518197183664,False,False,False,static_fusion,78,8.5,7.5,0.5529367739110993,ema
56,s2_wifi_degraded,8.261298236940235,7.032237617033076,False,False,False,wifi_only,67,7.5,6.5,0.1556326578947258,ema
56,s2_wifi_degraded,8.261298236940235,7.032237617033076,False,False,False,vlp_only,78,8.5,7.5,0.9999999998815378,ema
56,s2_wifi_degraded,8.261298236940235,7.032237617033076,False,False,False,static_fusion,78,8.5,7.5,0.5671776110507569,ema
57,s2_wifi_degraded,8.367834526148913,6.700942345233571,False,False,False,wifi_only,67,7.5,6.5,0.1672309045140418,ema
57,s2_wifi_degraded,8.367834526148913,6.700942345233571,False,False,False,vlp_only,78,8.5,7.5,0.9999999999010001,ema
57,s2_wifi_degraded,8.367834526148913,6.700942345233571,False,False,False,static_fusion,78,8.5,7.5,0.5454203506678932,ema
58,s2_wifi_degraded,8.353958878788386,6.494196804329148,False,False,False,wifi_only,57,7.5,5.5,0.15231887019702134,ema
58,s2_wifi_degraded,8.353958878788386,6.494196804329148,False,False,False,vlp_only,68,8.5,6.5,0.9999999956382566,ema
58,s2_wifi_degraded,8.353958878788386,6.494196804329148,False,False,False,static_fusion,68,8.5,6.5,0.5660281258156785,ema
59,s2_wifi_degraded,8.336546429042226,6.293616283957347,False,False,False,wifi_only,57,7.5,5.5,0.17272467070561048,ema
59,s2_wifi_degraded,8.336546429042226,6.293616283957347,False,False,False,vlp_only,68,8.5,6.5,0.9999999998798231,ema
59,s2_wifi_degraded,8.336546429042226,6.293616283957347,False,False,False,static_fusion,68,8.5,6.5,0.5500774738818448,ema
60,s2_wifi_degraded,8.40346815147133,6.116995442632617,True,False,False,wifi_only,45,5.5,4.5,0.08717565375370837,ema
60,s2_wifi_degraded,8.40346815147133,6.116995442632617,True,False,False,vlp_only,68,8.5,6.5,0.9999999998470429,ema
60,s2_wifi_degraded,8.40346815147133,6.116995442632617,True,False,False,static_fusion,68,8.5,6.5,0.5285854217661989,ema
61,s2_wifi_degraded,8.546844700935843,5.924881887661858,True,False,False,wifi_only,59,9.5,5.5,0.2438499983205696,ema
61,s2_wifi_degraded,8.546844700935843,5.924881887661858,True,False,False,vlp_only,68,8.5,6.5,0.9999999999010001,ema
61,s2_wifi_degraded,8.546844700935843,5.924881887661858,True,False,False,static_fusion,68,8.5,6.5,0.5127728123092694,ema
62,s2_wifi_degraded,8.729904160776496,5.547744951919951,True,False,False,wifi_only,26,6.5,2.5,0.1415001891642248,ema
62,s2_wifi_degraded,8.729904160776496,5.547744951919951,True,False,False,vlp_only,69,9.5,6.5,0.9999999999010001,ema
62,s2_wifi_degraded,8.729904160776496,5.547744951919951,True,False,False,static_fusion,69,9.5,6.5,0.5000614171866646,ema
63,s2_wifi_degraded,8.77202584280195,5.143629060389316,True,False,False,wifi_only,49,9.5,4.5,0.20200257181261735,ema
63,s2_wifi_degraded,8.77202584280195,5.143629060389316,True,False,False,vlp_only,58,8.5,5.5,0.9999999999010002,ema
63,s2_wifi_degraded,8.77202584280195,5.143629060389316,True,False,False,static_fusion,58,8.5,5.5,0.5487714980883374,ema
64,s2_wifi_degraded,8.718437609453172,4.97610578105409,True,False,False,wifi_only,59,9.5,5.5,0.24918526924144435,ema
64,s2_wifi_degraded,8.718437609453172,4.97610578105409,True,False,False,vlp_only,58,8.5,5.5,0.9999999999010002,ema
64,s2_wifi_degraded,8.718437609453172,4.97610578105409,True,False,False,static_fusion,58,8.5,5.5,0.5726575222195828,ema
65,s2_wifi_degraded,8.667563530000693,4.866630764710654,True,False,False,wifi_only,69,9.5,6.5,0.22257042571058977,ema
65,s2_wifi_degraded,8.667563530000693,4.866630764710654,True,False,False,vlp_only,58,8.5,5.5,0.9999999999010002,ema
65,s2_wifi_degraded,8.667563530000693,4.866630764710654,True,False,False,static_fusion,58,8.5,5.5,0.554592478373111,ema
66,s2_wifi_degraded,8.542366419283344,4.760216825616967,True,False,False,wifi_only,49,9.5,4.5,0.3250505800652993,ema
66,s2_wifi_degraded,8.542366419283344,4.760216825616967,True,False,False,vlp_only,59,9.5,5.5,0.9834661110961225,ema
66,s2_wifi_degraded,8.542366419283344,4.760216825616967,True,False,False,static_fusion,59,9.5,5.5,0.5619549637388261,ema
67,s2_wifi_degraded,8.382687489621802,4.499553999003734,True,False,False,wifi_only,48,8.5,4.5,0.19048083173373753,ema
67,s2_wifi_degraded,8.382687489621802,4.499553999003734,True,False,False,vlp_only,48,8.5,4.5,0.9999999827549668,ema
67,s2_wifi_degraded,8.382687489621802,4.499553999003734,True,False,False,static_fusion,48,8.5,4.5,0.5952404072443522,ema
68,s2_wifi_degraded,8.31381336958047,4.356990528873265,False,False,False,wifi_only,48,8.5,4.5,0.2056260887244894,ema
68,s2_wifi_degraded,8.31381336958047,4.356990528873265,False,False,False,vlp_only,48,8.5,4.5,0.9999999998858468,ema
68,s2_wifi_degraded,8.31381336958047,4.356990528873265,False,False,False,static_fusion,48,8.5,4.5,0.6028130443051681,ema
69,s2_wifi_degraded,8.173199902177743,4.055129301838792,False,False,False,wifi_only,37,7.5,3.5,0.18417973292680664,ema
69,s2_wifi_degraded,8.173199902177743,4.055129301838792,False,False,False,vlp_only,48,8.5,4.5,0.9999999663053366,ema
69,s2_wifi_degraded,8.173199902177743,4.055129301838792,False,False,False,static_fusion,48,8.5,4.5,0.5805776901714995,ema
70,s2_wifi_degraded,7.958876024659174,3.799783052657366,False,False,False,wifi_only,37,7.5,3.5,0.16727409758596198,ema
70,s2_wifi_degraded,7.958876024659174,3.799783052657366,False,False,False,vlp_only,48,8.5,4.5,0.9998827755776968,ema
70,s2_wifi_degraded,7.958876024659174,3.799783052657366,False,False,False,static_fusion,48,8.5,4.5,0.5803609187906924,ema
71,s2_wifi_degraded,7.833669525191001,3.638141757452688,False,False,False,wifi_only,37,7.5,3.5,0.20386616258850215,ema
71,s2_wifi_degraded,7.833669525191001,3.638141757452688,False,False,False,vlp_only,39,9.5,3.5,0.9999999999010002,ema
71,s2_wifi_degraded,7.833669525191001,3.638141757452688,False,False,False,static_fusion,39,9.5,3.5,0.513015509611558,ema
72,s2_wifi_degraded,7.664684483724226,3.3337804086327285,False,False,False,wifi_only,37,7.5,3.5,0.20883253730267382,ema
72,s2_wifi_degraded,7.664684483724226,3.3337804086327285,False,False,False,vlp_only,38,8.5,3.5,0.9766608084915419,ema
72,s2_wifi_degraded,7.664684483724226,3.3337804086327285,False,False,False,static_fusion,38,8.5,3.5,0.5466546289554355,ema
73,s2_wifi_degraded,7.325126662205962,3.0900072935102134,False,False,False,wifi_only,37,7.5,3.5,0.22318145304183243,ema
73,s2_wifi_degraded,7.325126662205962,3.0900072935102134,False,False,False,vlp_only,37,7.5,3.5,0.9999917062359877,ema
73,s2_wifi_degraded,7.325126662205962,3.0900072935102134,False,False,False,static_fusion,37,7.5,3.5,0.61158657963891,ema
74,s2_wifi_degraded,7.295614884999138,2.9887682845800643,False,False,False,wifi_only,37,7.5,3.5,0.2160512236881107,ema
74,s2_wifi_degraded,7.295614884999138,2.9887682845800643,False,False,False,vlp_only,37,7.5,3.5,0.9999999997787637,ema
74,s2_wifi_degraded,7.295614884999138,2.9887682845800643,False,False,False,static_fusion,37,7.5,3.5,0.6080256117334372,ema
75,s2_wifi_degraded,7.296351451677773,2.798195708361908,False,False,False,wifi_only,38,8.5,3.5,0.20371712310408616,ema
75,s2_wifi_degraded,7.296351451677773,2.798195708361908,False,False,False,vlp_only,37,7.5,3.5,0.9999999999010002,ema
75,s2_wifi_degraded,7.296351451677773,2.798195708361908,False,False,False,static_fusion,37,7.5,3.5,0.6013714192747057,ema
76,s2_wifi_degraded,7.251642624966383,2.337893241987238,False,False,False,wifi_only,38,8.5,3.5,0.22841443065298966,ema
76,s2_wifi_degraded,7.251642624966383,2.337893241987238,False,False,False,vlp_only,27,7.5,2.5,0.9999999999010002,ema
76,s2_wifi_degraded,7.251642624966383,2.337893241987238,False,False,False,static_fusion,27,7.5,2.5,0.5568476220945322,ema
77,s2_wifi_degraded,7.191112638050282,2.11104971712342,False,False,False,wifi_only,37,7.5,3.5,0.17644927536035032,ema
77,s2_wifi_degraded,7.191112638050282,2.11104971712342,False,False,False,vlp_only,27,7.5,2.5,0.9999999999010002,ema
77,s2_wifi_degraded,7.191112638050282,2.11104971712342,False,False,False,static_fusion,27,7.5,2.5,0.5655968899479171,ema
78,s2_wifi_degraded,7.088997127565227,1.8280730412017787,False,False,False,wifi_only,16,6.5,1.5,0.23466939040793938,ema
78,s2_wifi_degraded,7.088997127565227,1.8280730412017787,False,False,False,vlp_only,27,7.5,2.5,0.9999999800156387,ema
78,s2_wifi_degraded,7.088997127565227,1.8280730412017787,False,False,False,static_fusion,27,7.5,2.5,0.5702726208359586,ema
79,s2_wifi_degraded,7.114586335383993,1.531713950324241,False,False,False,wifi_only,27,7.5,2.5,0.223302204846954,ema
79,s2_wifi_degraded,7.114586335383993,1.531713950324241,False,False,False,vlp_only,27,7.5,2.5,0.9296139063774547,ema
79,s2_wifi_degraded,7.114586335383993,1.531713950324241,False,False,False,static_fusion,27,7.5,2.5,0.5764580556122043,ema
80,s2_wifi_degraded,7.170157133048356,1.3067743629177078,False,False,False,wifi_only,6,6.5,0.5,0.2802443947683218,ema
80,s2_wifi_degraded,7.170157133048356,1.3067743629177078,False,False,False,vlp_only,17,7.5,1.5,0.9999155393586574,ema
80,s2_wifi_degraded,7.170157133048356,1.3067743629177078,False,False,False,static_fusion,17,7.5,1.5,0.5255218456387571,ema
81,s2_wifi_degraded,7.201631077444322,1.1339839347561254,False,False,False,wifi_only,6,6.5,0.5,0.21441592749977786,ema
81,s2_wifi_degraded,7.201631077444322,1.1339839347561254,False,False,False,vlp_only,17,7.5,1.5,0.9999999714073405,ema
81,s2_wifi_degraded,7.201631077444322,1.1339839347561254,False,False,False,static_fusion,17,7.5,1.5,0.5523659821484649,ema
82,s2_wifi_degraded,7.155776983713249,0.8528139925624313,False,False,False,wifi_only,7,7.5,0.5,0.1850713860385896,ema
82,s2_wifi_degraded,7.155776983713249,0.8528139925624313,False,False,False,vlp_only,7,7.5,0.5,0.9999998902929408,ema
82,s2_wifi_degraded,7.155776983713249,0.8528139925624313,False,False,False,static_fusion,7,7.5,0.5,0.5925356381657652,ema
83,s2_wifi_degraded,6.976127786010122,0.4956267479912126,False,False,False,wifi_only,7,7.5,0.5,0.24607141958136866,ema
83,s2_wifi_degraded,6.976127786010122,0.4956267479912126,False,False,False,vlp_only,7,7.5,0.5,0.9999999998908218,ema
83,s2_wifi_degraded,6.976127786010122,0.4956267479912126,False,False,False,static_fusion,7,7.5,0.5,0.6230357097360952,ema
84,s2_wifi_degraded,6.74255867268218,0.0843728881784015,False,False,False,wifi_only,6,6.5,0.5,0.25547802320913604,ema
84,s2_wifi_degraded,6.74255867268218,0.0843728881784015,False,False,False,vlp_only,7,7.5,0.5,0.9999999999010003,ema
84,s2_wifi_degraded,6.74255867268218,0.0843728881784015,False,False,False,static_fusion,7,7.5,0.5,0.5678202936089923,ema
85,s2_wifi_degraded,7.064294392948221,0.3942671783051067,True,False,False,wifi_only,27,7.5,2.5,0.24039756674772378,ema
85,s2_wifi_degraded,7.064294392948221,0.3942671783051067,True,False,False,vlp_only,7,7.5,0.5,0.9999999999010003,ema
85,s2_wifi_degraded,7.064294392948221,0.3942671783051067,True,False,False,static_fusion,7,7.5,0.5,0.5068563055006766,ema
86,s2_wifi_degraded,7.176188436555574,0.5060043216815018,True,False,False,wifi_only,39,9.5,3.5,0.26517200754356635,ema
86,s2_wifi_degraded,7.176188436555574,0.5060043216815018,True,False,False,vlp_only,7,7.5,0.5,0.9999999999010003,ema
86,s2_wifi_degraded,7.176188436555574,0.5060043216815018,True,False,False,static_fusion,7,7.5,0.5,0.5054281058111106,ema
87,s2_wifi_degraded,7.307226017604519,0.5668144077417742,True,False,False,wifi_only,29,9.5,2.5,0.1566263732620892,ema
87,s2_wifi_degraded,7.307226017604519,0.5668144077417742,True,False,False,vlp_only,7,7.5,0.5,0.9999999999010003,ema
87,s2_wifi_degraded,7.307226017604519,0.5668144077417742,True,False,False,static_fusion,7,7.5,0.5,0.5779580892631851,ema
88,s2_wifi_degraded,7.687860172244926,0.7189120364284933,True,False,False,wifi_only,7,7.5,0.5,0.60199272803715,ema
88,s2_wifi_degraded,7.687860172244926,0.7189120364284933,True,False,False,vlp_only,7,7.5,0.5,0.9999999999010003,ema
88,s2_wifi_degraded,7.687860172244926,0.7189120364284933,True,False,False,static_fusion,7,7.5,0.5,0.800996363969075,ema
89,s2_wifi_degraded,7.983386792676343,0.8375621710500243,True,False,False,wifi_only,7,7.5,0.5,0.7823786309533329,ema
89,s2_wifi_degraded,7.983386792676343,0.8375621710500243,True,False,False,vlp_only,7,7.5,0.5,0.9999999271269971,ema
89,s2_wifi_degraded,7.983386792676343,0.8375621710500243,True,False,False,static_fusion,7,7.5,0.5,0.891189279040165,ema
90,s2_wifi_degraded,8.256293406597695,0.875446755726633,True,False,False,wifi_only,9,9.5,0.5,0.5549381771866514,ema
90,s2_wifi_degraded,8.256293406597695,0.875446755726633,True,False,False,vlp_only,7,7.5,0.5,0.9944692259732594,ema
90,s2_wifi_degraded,8.256293406597695,0.875446755726633,True,False,False,static_fusion,7,7.5,0.5,0.49866303742587204,ema
91,s2_wifi_degraded,8.425989160054677,0.93045254740169,True,False,False,wifi_only,9,9.5,0.5,0.46009272329199175,ema
91,s2_wifi_degraded,8.425989160054677,0.93045254740169,True,False,False,vlp_only,8,8.5,0.5,0.9582487977289937,ema
91,s2_wifi_degraded,8.425989160054677,0.93045254740169,True,False,False,static_fusion,8,8.5,0.5,0.5608689042639,ema
92,s2_wifi_degraded,8.863055882305986,1.1231286812777777,True,False,False,wifi_only,9,9.5,0.5,0.49233187302193704,ema
92,s2_wifi_degraded,8.863055882305986,1.1231286812777777,True,False,False,vlp_only,8,8.5,0.5,0.999996351690549,ema
92,s2_wifi_degraded,8.863055882305986,1.1231286812777777,True,False,False,static_fusion,8,8.5,0.5,0.5923066064341702,ema
93,s2_wifi_degraded,9.23021965860404,1.1465464090231468,True,False,False,wifi_only,9,9.5,0.5,0.44420622473432125,ema
93,s2_wifi_degraded,9.23021965860404,1.1465464090231468,True,False,False,vlp_only,8,8.5,0.5,0.9997123648301838,ema
93,s2_wifi_degraded,9.23021965860404,1.1465464090231468,True,False,False,static_fusion,8,8.5,0.5,0.6267361034021733,ema
94,s2_wifi_degraded,9.37371170551081,1.169754508811914,False,False,False,wifi_only,9,9.5,0.5,0.40354215642929325,ema
94,s2_wifi_degraded,9.37371170551081,1.169754508811914,False,False,False,vlp_only,8,8.5,0.5,0.980153348446945,ema
94,s2_wifi_degraded,9.37371170551081,1.169754508811914,False,False,False,static_fusion,8,8.5,0.5,0.6137479617372603,ema
95,s2_wifi_degraded,9.770217154834045,1.159649324523821,False,False,False,wifi_only,9,9.5,0.5,0.37089218214737185,ema
95,s2_wifi_degraded,9.770217154834045,1.159649324523821,False,False,False,vlp_only,19,9.5,1.5,0.981202280210401,ema
95,s2_wifi_degraded,9.770217154834045,1.159649324523821,False,False,False,static_fusion,19,9.5,1.5,0.6095951100835791,ema
96,s2_wifi_degraded,9.5806362152392,1.1294724581913531,False,False,False,wifi_only,9,9.5,0.5,0.3874708581196243,ema
96,s2_wifi_degraded,9.5806362152392,1.1294724581913531,False,False,False,vlp_only,19,9.5,1.5,0.8967934626006545,ema
96,s2_wifi_degraded,9.5806362152392,1.1294724581913531,False,False,False,static_fusion,19,9.5,1.5,0.5753385046480325,ema
97,s2_wifi_degraded,9.431952925308204,0.9654622254894044,False,False,False,wifi_only,9,9.5,0.5,0.362662151180604,ema
97,s2_wifi_degraded,9.431952925308204,0.9654622254894044,False,False,False,vlp_only,19,9.5,1.5,0.7061272492536828,ema
97,s2_wifi_degraded,9.431952925308204,0.9654622254894044,False,False,False,static_fusion,19,9.5,1.5,0.47185922419778903,ema
98,s2_wifi_degraded,9.360595724435434,0.6120686019402459,False,False,False,wifi_only,9,9.5,0.5,0.3166400272588891,ema
98,s2_wifi_degraded,9.360595724435434,0.6120686019402459,False,False,False,vlp_only,19,9.5,1.5,0.7851955402872943,ema
98,s2_wifi_degraded,9.360595724435434,0.6120686019402459,False,False,False,static_fusion,19,9.5,1.5,0.5116721325315199,ema
99,s2_wifi_degraded,9.26764607580253,0.4010204672213302,False,False,False,wifi_only,9,9.5,0.5,0.2906394601364616,ema
99,s2_wifi_degraded,9.26764607580253,0.4010204672213302,False,False,False,vlp_only,9,9.5,0.5,0.9999999999010003,ema
99,s2_wifi_degraded,9.26764607580253,0.4010204672213302,False,False,False,static_fusion,9,9.5,0.5,0.6453197300187307,ema
0,s3_vlp_blocked,3.50146586178358,2.794545781008381,False,False,False,wifi_only,13,3.5,1.5,0.18072719524680994,raw
0,s3_vlp_blocked,3.50146586178358,2.794545781008381,False,False,False,vlp_only,23,3.5,2.5,0.9999999999010003,raw
0,s3_vlp_blocked,3.50146586178358,2.794545781008381,False,False,False,static_fusion,23,3.5,2.5,0.5771885538128642,raw
1,s3_vlp_blocked,3.8334314692961406,3.0879105600798664,False,False,False,wifi_only,23,3.5,2.5,0.18044130282419443,raw
1,s3_vlp_blocked,3.8334314692961406,3.0879105600798664,False,False,False,vlp_only,33,3.5,3.5,0.9999999999010002,raw
1,s3_vlp_blocked,3.8334314692961406,3.0879105600798664,False,False,False,static_fusion,33,3.5,3.5,0.5533178504731179,raw
2,s3_vlp_blocked,4.0456173120900445,3.1263296245930507,False,False,False,wifi_only,33,3.5,3.5,0.16318922088323595,raw
2,s3_vlp_blocked,4.0456173120900445,3.1263296245930507,False,False,False,vlp_only,33,3.5,3.5,0.9999999999010002,raw
2,s3_vlp_blocked,4.0456173120900445,3.1263296245930507,False,False,False,static_fusion,33,3.5,3.5,0.581594610392118,raw
3,s3_vlp_blocked,4.42592581634721,3.113695449768073,False,False,False,wifi_only,33,3.5,3.5,0.16891895963342318,raw
3,s3_vlp_blocked,4.42592581634721,3.113695449768073,False,False,False,vlp_only,24,4.5,2.5,0.9997057964855106,raw
3,s3_vlp_blocked,4.42592581634721,3.113695449768073,False,False,False,static_fusion,24,4.5,2.5,0.5218225502229946,raw
4,s3_vlp_blocked,4.708255729915193,3.19039433570727,False,False,False,wifi_only,42,2.5,4.5,0.14244349953430774,raw
4,s3_vlp_blocked,4.708255729915193,3.19039433570727,False,False,False,vlp_only,34,4.5,3.5,0.9999999999010002,raw
4,s3_vlp_blocked,4.708255729915193,3.19039433570727,False,False,False,static_fusion,34,4.5,3.5,0.5274666875434982,raw
5,s3_vlp_blocked,4.978762662726669,3.137730843885924,False,False,False,wifi_only,36,6.5,3.5,0.18474026285648926,raw
5,s3_vlp_blocked,4.978762662726669,3.137730843885924,False,False,False,vlp_only,34,4.5,3.5,0.9999999999010002,raw
5,s3_vlp_blocked,4.978762662726669,3.137730843885924,False,False,False,static_fusion,34,4.5,3.5,0.5078567191076182,raw
6,s3_vlp_blocked,5.202025987228208,3.1529819162085304,False,False,False,wifi_only,35,5.5,3.5,0.16222822288178562,raw
6,s3_vlp_blocked,5.202025987228208,3.1529819162085304,False,False,False,vlp_only,35,5.5,3.5,0.9999999999010002,raw
6,s3_vlp_blocked,5.202025987228208,3.1529819162085304,False,False,False,static_fusion,35,5.5,3.5,0.5811141113913929,raw
7,s3_vlp_blocked,5.347337808465035,3.292281793156062,False,False,False,wifi_only,46,6.5,4.5,0.17143005941353043,raw
7,s3_vlp_blocked,5.347337808465035,3.292281793156062,False,False,False,vlp_only,35,5.5,3.5,0.9999999999010002,raw
7,s3_vlp_blocked,5.347337808465035,3.292281793156062,False,False,False,static_fusion,35,5.5,3.5,0.5263835029256198,raw
8,s3_vlp_blocked,5.716827179474,3.58088982297864,False,False,False,wifi_only,47,7.5,4.5,0.14656259585934486,raw
8,s3_vlp_blocked,5.716827179474,3.58088982297864,False,False,False,vlp_only,35,5.5,3.5,0.9999999999010002,raw
8,s3_vlp_blocked,5.716827179474,3.58088982297864,False,False,False,static_fusion,35,5.5,3.5,0.534435933073577,raw
9,s3_vlp_blocked,5.862414412197704,3.68421178879823,False,False,False,wifi_only,24,4.5,2.5,0.20896071538912508,raw
9,s3_vlp_blocked,5.862414412197704,3.68421178879823,False,False,False,vlp_only,35,5.5,3.5,0.9999999999010002,raw
9,s3_vlp_blocked,5.862414412197704,3.68421178879823,False,False,False,static_fusion,35,5.5,3.5,0.5390836104531406,raw
10,s3_vlp_blocked,6.2621648807209205,3.865009897723677,False,False,False,wifi_only,36,6.5,3.5,0.1783360995883685,raw
10,s3_vlp_blocked,6.2621648807209205,3.865009897723677,False,False,False,vlp_only,46,6.5,4.5,0.9999999549299804,raw
10,s3_vlp_blocked,6.2621648807209205,3.865009897723677,False,False,False,static_fusion,46,6.5,4.5,0.5241601621862579,raw
11,s3_vlp_blocked,6.386402797469953,4.000359969380765,False,False,False,wifi_only,57,7.5,5.5,0.1437228556262869,raw
11,s3_vlp_blocked,6.386402797469953,4.000359969380765,False,False,False,vlp_only,46,6.5,4.5,0.9999999999010002,raw
11,s3_vlp_blocked,6.386402797469953,4.000359969380765,False,False,False,static_fusion,46,6.5,4.5,0.5621795109470873,raw
12,s3_vlp_blocked,6.486403725025359,4.131792507959473,False,False,False,wifi_only,46,6.5,4.5,0.18404139107548434,raw
12,s3_vlp_blocked,6.486403725025359,4.131792507959473,False,False,False,vlp_only,46,6.5,4.5,0.9999999999006225,raw
12,s3_vlp_blocked,6.486403725025359,4.131792507959473,False,False,False,static_fusion,46,6.5,4.5,0.5920206954880534,raw
13,s3_vlp_blocked,6.594101310260236,4.146666699824417,False,False,False,wifi_only,45,5.5,4.5,0.15499529918522814,raw
13,s3_vlp_blocked,6.594101310260236,4.146666699824417,False,False,False,vlp_only,46,6.5,4.5,0.9994603501452587,raw
13,s3_vlp_blocked,6.594101310260236,4.146666699824417,False,False,False,static_fusion,46,6.5,4.5,0.5457690846602121,raw
14,s3_vlp_blocked,6.938536691705024,4.190811224101229,False,False,False,wifi_only,46,6.5,4.5,0.17622266903021194,raw
14,s3_vlp_blocked,6.938536691705024,4.190811224101229,False,False,False,vlp_only,47,7.5,4.5,0.9999999999010002,raw
14,s3_vlp_blocked,6.938536691705024,4.190811224101229,False,False,False,static_fusion,47,7.5,4.5,0.5659045566309923,raw
15,s3_vlp_blocked,7.095444556622987,4.3190830854397095,False,True,False,wifi_only,48,8.5,4.5,0.20267943797298704,raw
15,s3_vlp_blocked,7.095444556622987,4.3190830854397095,False,True,False,vlp_only,48,8.5,4.5,0.9999999828419225,raw
15,s3_vlp_blocked,7.095444556622987,4.3190830854397095,False,True,False,static_fusion,48,8.5,4.5,0.6013397104074547,raw
16,s3_vlp_blocked,7.322508343984496,4.588300078241882,False,True,False,wifi_only,68,8.5,6.5,0.13131275583439062,raw
16,s3_vlp_blocked,7.322508343984496,4.588300078241882,False,True,False,vlp_only,55,5.5,5.5,0.9999999999010002,raw
16,s3_vlp_blocked,7.322508343984496,4.588300078241882,False,True,False,static_fusion,55,5.5,5.5,0.513432112117792,raw
17,s3_vlp_blocked,7.446193242310456,4.675563891349093,False,True,False,wifi_only,37,7.5,3.5,0.16946540035974791,raw
17,s3_vlp_blocked,7.446193242310456,4.675563891349093,False,True,False,vlp_only,55,5.5,5.5,0.9999999999010002,raw
17,s3_vlp_blocked,7.446193242310456,4.675563891349093,False,True,False,static_fusion,55,5.5,5.5,0.5000814694779381,raw
18,s3_vlp_blocked,7.634031718409139,4.77391982605946,False,True,False,wifi_only,68,8.5,6.5,0.09685019970603048,raw
18,s3_vlp_blocked,7.634031718409139,4.77391982605946,False,True,False,vlp_only,48,8.5,4.5,0.9999999999010002,raw
18,s3_vlp_blocked,7.634031718409139,4.77391982605946,False,True,False,static_fusion,48,8.5,4.5,0.5036611550629667,raw
19,s3_vlp_blocked,7.862727723450558,4.97492979510894,False,True,False,wifi_only,46,6.5,4.5,0.1355474976001878,raw
19,s3_vlp_blocked,7.862727723450558,4.97492979510894,False,True,False,vlp_only,49,9.5,4.5,0.9999999998982771,raw
19,s3_vlp_blocked,7.862727723450558,4.97492979510894,False,True,False,static_fusion,49,9.5,4.5,0.5108438603184269,raw
20,s3_vlp_blocked,7.939266457295782,5.129541394281456,False,True,False,wifi_only,59,9.5,5.5,0.3018363799905563,raw
20,s3_vlp_blocked,7.939266457295782,5.129541394281456,False,True,False,vlp_only,95,5.5,9.5,0.9999999999010001,raw
20,s3_vlp_blocked,7.939266457295782,5.129541394281456,False,True,False,static_fusion,95,5.5,9.5,0.49999999995100003,raw
21,s3_vlp_blocked,8.011102297567714,5.276303396065385,False,True,False,wifi_only,58,8.5,5.5,0.17016261898327661,raw
21,s3_vlp_blocked,8.011102297567714,5.276303396065385,False,True,False,vlp_only,49,9.5,4.5,0.9999999999010002,raw
21,s3_vlp_blocked,8.011102297567714,5.276303396065385,False,True,False,static_fusion,49,9.5,4.5,0.5275206518297404,raw
22,s3_vlp_blocked,8.343062278059984,5.445902988798278,False,True,False,wifi_only,59,9.5,5.5,0.2382845891411432,raw
22,s3_vlp_blocked,8.343062278059984,5.445902988798278,False,True,False,vlp_only,99,9.5,9.5,0.9999999999010001,raw
22,s3_vlp_blocked,8.343062278059984,5.445902988798278,False,True,False,static_fusion,99,9.5,9.5,0.5015721154772423,raw
23,s3_vlp_blocked,8.52052164720882,5.6027346910434765,False,True,False,wifi_only,47,7.5,4.5,0.13817916242530282,raw
23,s3_vlp_blocked,8.52052164720882,5.6027346910434765,False,True,False,vlp_only,58,8.5,5.5,0.9999999999010002,raw
23,s3_vlp_blocked,8.52052164720882,5.6027346910434765,False,True,False,static_fusion,58,8.5,5.5,0.556828794758377,raw
24,s3_vlp_blocked,8.840063415262575,5.876328672083288,False,True,False,wifi_only,46,6.5,4.5,0.1485242354300614,raw
24,s3_vlp_blocked,8.840063415262575,5.876328672083288,False,True,False,vlp_only,99,9.5,9.5,0.9999999999010001,raw
24,s3_vlp_blocked,8.840063415262575,5.876328672083288,False,True,False,static_fusion,99,9.5,9.5,0.5000091935878921,raw
25,s3_vlp_blocked,9.133542118122302,6.275738550131283,False,True,False,wifi_only,59,9.5,5.5,0.2320104794910341,raw
25,s3_vlp_blocked,9.133542118122302,6.275738550131283,False,True,False,vlp_only,99,9.5,9.5,0.9999999999010001,raw
25,s3_vlp_blocked,9.133542118122302,6.275738550131283,False,True,False,static_fusion,99,9.5,9.5,0.5005270396422284,raw
26,s3_vlp_blocked,9.35618800793218,6.65718067016028,False,True,False,wifi_only,79,9.5,7.5,0.2557603261192112,raw
26,s3_vlp_blocked,9.35618800793218,6.65718067016028,False,True,False,vlp_only,99,9.5,9.5,0.9999999999010001,raw
26,s3_vlp_blocked,9.35618800793218,6.65718067016028,False,True,False,static_fusion,99,9.5,9.5,0.5413695086735962,raw
27,s3_vlp_blocked,9.561103088027537,7.107641397521033,False,True,False,wifi_only,79,9.5,7.5,0.20607126533587128,raw
27,s3_vlp_blocked,9.561103088027537,7.107641397521033,False,True,False,vlp_only,79,9.5,7.5,0.9999999999010001,raw
27,s3_vlp_blocked,9.561103088027537,7.107641397521033,False,True,False,static_fusion,79,9.5,7.5,0.6030356326184356,raw
28,s3_vlp_blocked,9.62294450389752,7.287936096739562,False,False,False,wifi_only,79,9.5,7.5,0.21215073674366106,raw
28,s3_vlp_blocked,9.62294450389752,7.287936096739562,False,False,False,vlp_only,79,9.5,7.5,0.9999999999010001,raw
28,s3_vlp_blocked,9.62294450389752,7.287936096739562,False,False,False,static_fusion,79,9.5,7.5,0.6060753683223306,raw
29,s3_vlp_blocked,9.567042849149868,7.590650497286169,False,False,False,wifi_only,89,9.5,8.5,0.22996813965960988,raw
29,s3_vlp_blocked,9.567042849149868,7.590650497286169,False,False,False,vlp_only,79,9.5,7.5,0.9997403530632067,raw
29,s3_vlp_blocked,9.567042849149868,7.590650497286169,False,False,False,static_fusion,79,9.5,7.5,0.600305121307007,raw
30,s3_vlp_blocked,9.368809486427658,7.926124173973704,False,False,False,wifi_only,89,9.5,8.5,0.2646176456258118,raw
30,s3_vlp_blocked,9.368809486427658,7.926124173973704,False,False,False,vlp_only,79,9.5,7.5,0.8591460470135427,raw
30,s3_vlp_blocked,9.368809486427658,7.926124173973704,False,False,False,static_fusion,79,9.5,7.5,0.52124775045869,raw
31,s3_vlp_blocked,9.317903367352146,8.04732779879347,False,False,False,wifi_only,79,9.5,7.5,0.1763433085813397,raw
31,s3_vlp_blocked,9.317903367352146,8.04732779879347,False,False,False,vlp_only,89,9.5,8.5,0.9822805982552968,raw
31,s3_vlp_blocked,9.317903367352146,8.04732779879347,False,False,False,static_fusion,89,9.5,8.5,0.5383659631498467,raw
32,s3_vlp_blocked,9.186332412855084,8.43241929333643,False,False,False,wifi_only,72,2.5,7.5,0.12776872540552867,raw
32,s3_vlp_blocked,9.186332412855084,8.43241929333643,False,False,False,vlp_only,89,9.5,8.5,0.9999996263273065,raw
32,s3_vlp_blocked,9.186332412855084,8.43241929333643,False,False,False,static_fusion,89,9.5,8.5,0.5013696238623678,raw
33,s3_vlp_blocked,9.112727671229193,8.796655767469591,False,False,False,wifi_only,99,9.5,9.5,0.530710194808955,raw
33,s3_vlp_blocked,9.112727671229193,8.796655767469591,False,False,False,vlp_only,89,9.5,8.5,0.9951463157708705,raw
33,s3_vlp_blocked,9.112727671229193,8.796655767469591,False,False,False,static_fusion,89,9.5,8.5,0.6271547986557349,raw
34,s3_vlp_blocked,9.270799859312152,9.22745450829668,False,False,False,wifi_only,89,9.5,8.5,0.21867274461827224,raw
34,s3_vlp_blocked,9.270799859312152,9.22745450829668,False,False,False,vlp_only,89,9.5,8.5,0.998567658634406,raw
34,s3_vlp_blocked,9.270799859312152,9.22745450829668,False,False,False,static_fusion,89,9.5,8.5,0.6086202016263391,raw
35,s3_vlp_blocked,9.423420837008932,9.422997081607893,False,False,False,wifi_only,89,9.5,8.5,0.10530925313935775,raw
35,s3_vlp_blocked,9.423420837008932,9.422997081607893,False,False,False,vlp_only,99,9.5,9.5,0.9999999999010001,raw
35,s3_vlp_blocked,9.423420837008932,9.422997081607893,False,False,False,static_fusion,99,9.5,9.5,0.5472840137953167,raw
36,s3_vlp_blocked,9.481110661263054,9.62212971253768,False,False,False,wifi_only,79,9.5,7.5,0.26290984235860426,raw
36,s3_vlp_blocked,9.481110661263054,9.62212971253768,False,False,False,vlp_only,99,9.5,9.5,0.9999999999010001,raw
36,s3_vlp_blocked,9.481110661263054,9.62212971253768,False,False,False,static_fusion,99,9.5,9.5,0.5783938502047208,raw
37,s3_vlp_blocked,9.541752579513968,9.92203908827878,False,False,False,wifi_only,99,9.5,9.5,0.472886501631324,raw
37,s3_vlp_blocked,9.541752579513968,9.92203908827878,False,False,False,vlp_only,99,9.5,9.5,0.9999999999010001,raw
37,s3_vlp_blocked,9.541752579513968,9.92203908827878,False,False,False,static_fusion,99,9.5,9.5,0.736443250766162,raw
38,s3_vlp_blocked,9.402562603553038,9.543991147418636,False,False,False,wifi_only,89,9.5,8.5,0.20210160861807092,raw
38,s3_vlp_blocked,9.402562603553038,9.543991147418636,False,False,False,vlp_only,99,9.5,9.5,0.9999999999010001,raw
38,s3_vlp_blocked,9.402562603553038,9.543991147418636,False,False,False,static_fusion,99,9.5,9.5,0.585575009748581,raw
39,s3_vlp_blocked,9.44479730227728,9.391504817262849,False,False,False,wifi_only,79,9.5,7.5,0.14720663510713625,raw
39,s3_vlp_blocked,9.44479730227728,9.391504817262849,False,False,False,vlp_only,99,9.5,9.5,0.9999999999010001,raw
39,s3_vlp_blocked,9.44479730227728,9.391504817262849,False,False,False,static_fusion,99,9.5,9.5,0.5299810356468273,raw
40,s3_vlp_blocked,9.525454359161255,8.940867722935458,False,False,False,wifi_only,98,8.5,9.5,0.1829223898421121,raw
40,s3_vlp_blocked,9.525454359161255,8.940867722935458,False,False,False,vlp_only,89,9.5,8.5,0.9997786250486493,raw
40,s3_vlp_blocked,9.525454359161255,8.940867722935458,False,False,False,static_fusion,89,9.5,8.5,0.552960436198891,raw
41,s3_vlp_blocked,9.823585243977655,8.584999463128653,False,False,False,wifi_only,69,9.5,6.5,0.2919826678306277,raw
41,s3_vlp_blocked,9.823585243977655,8.584999463128653,False,False,False,vlp_only,99,9.5,9.5,0.9999999999010001,raw
41,s3_vlp_blocked,9.823585243977655,8.584999463128653,False,False,False,static_fusion,99,9.5,9.5,0.5301649626560138,raw
42,s3_vlp_blocked,9.694700842723162,8.966546447675274,False,False,False,wifi_only,99,9.5,9.5,0.41399676559552306,raw
42,s3_vlp_blocked,9.694700842723162,8.966546447675274,False,False,False,vlp_only,99,9.5,9.5,0.9999999999010001,raw
42,s3_vlp_blocked,9.694700842723162,8.966546447675274,False,False,False,static_fusion,99,9.5,9.5,0.7069983827482617,raw
43,s3_vlp_blocked,9.569223421271444,9.326938465999294,False,False,False,wifi_only,90,0.5,9.5,0.19523344111071209,raw
43,s3_vlp_blocked,9.569223421271444,9.326938465999294,False,False,False,vlp_only,99,9.5,9.5,0.9999999999010001,raw
43,s3_vlp_blocked,9.569223421271444,9.326938465999294,False,False,False,static_fusion,99,9.5,9.5,0.5849742125667738,raw
44,s3_vlp_blocked,9.534535416987817,9.784343768551336,False,False,False,wifi_only,99,9.5,9.5,0.36841151967027225,raw
44,s3_vlp_blocked,9.534535416987817,9.784343768551336,False,False,False,vlp_only,99,9.5,9.5,0.9999999999010001,raw
44,s3_vlp_blocked,9.534535416987817,9.784343768551336,False,False,False,static_fusion,99,9.5,9.5,0.6842057597856361,raw
45,s3_vlp_blocked,9.54487381028695,9.92332836828298,False,True,False,wifi_only,78,8.5,7.5,0.131167583878654,raw
45,s3_vlp_blocked,9.54487381028695,9.92332836828298,False,True,False,vlp_only,99,9.5,9.5,0.9999999999010001,raw
45,s3_vlp_blocked,9.54487381028695,9.92332836828298,False,True,False,static_fusion,99,9.5,9.5,0.5372203613279932,raw
46,s3_vlp_blocked,9.558162041417896,9.663482828106742,False,True,False,wifi_only,99,9.5,9.5,0.35397928193258316,raw
46,s3_vlp_blocked,9.558162041417896,9.663482828106742,False,True,False,vlp_only,99,9.5,9.5,0.9999999999010001,raw
46,s3_vlp_blocked,9.558162041417896,9.663482828106742,False,True,False,static_fusion,99,9.5,9.5,0.6769896409167916,raw
47,s3_vlp_blocked,9.5646528065164,9.424365913186056,False,True,False,wifi_only,89,9.5,8.5,0.23159746179972068,raw
47,s3_vlp_blocked,9.5646528065164,9.424365913186056,False,True,False,vlp_only,99,9.5,9.5,0.9999999999010001,raw
47,s3_vlp_blocked,9.5646528065164,9.424365913186056,False,True,False,static_fusion,99,9.5,9.5,0.6098462054203517,raw
48,s3_vlp_blocked,9.50103939557558,9.114055937821927,False,True,False,wifi_only,98,8.5,9.5,0.22826656653832664,raw
48,s3_vlp_blocked,9.50103939557558,9.114055937821927,False,True,False,vlp_only,55,5.5,5.5,0.9999999999010002,raw
48,s3_vlp_blocked,9.50103939557558,9.114055937821927,False,True,False,static_fusion,55,5.5,5.5,0.5000653227486999,raw
49,s3_vlp_blocked,9.414656161118282,8.731094504017625,False,True,False,wifi_only,99,9.5,9.5,0.6112452315227963,raw
49,s3_vlp_blocked,9.414656161118282,8.731094504017625,False,True,False,vlp_only,89,9.5,8.5,0.999999999844873,raw
49,s3_vlp_blocked,9.414656161118282,8.731094504017625,False,True,False,static_fusion,89,9.5,8.5,0.6112288010931348,raw
50,s3_vlp_blocked,9.21633605588256,8.49062670552971,False,True,False,wifi_only,78,8.5,7.5,0.17059429616666918,raw
50,s3_vlp_blocked,9.21633605588256,8.49062670552971,False,True,False,vlp_only,98,8.5,9.5,0.999999999901,raw
50,s3_vlp_blocked,9.21633605588256,8.49062670552971,False,True,False,static_fusion,98,8.5,9.5,0.5190365893492785,raw
51,s3_vlp_blocked,9.11760935449355,8.438577566893754,False,True,False,wifi_only,78,8.5,7.5,0.1476963112220286,raw
51,s3_vlp_blocked,9.11760935449355,8.438577566893754,False,True,False,vlp_only,95,5.5,9.5,0.9999999999010001,raw
51,s3_vlp_blocked,9.11760935449355,8.438577566893754,False,True,False,static_fusion,95,5.5,9.5,0.499999999951,raw
52,s3_vlp_blocked,8.922779282926651,8.205081914366874,False,True,False,wifi_only,88,8.5,8.5,0.17528028877930327,raw
52,s3_vlp_blocked,8.922779282926651,8.205081914366874,False,True,False,vlp_only,55,5.5,5.5,0.9999999999010002,raw
52,s3_vlp_blocked,8.922779282926651,8.205081914366874,False,True,False,static_fusion,55,5.5,5.5,0.500910085949437,raw
53,s3_vlp_blocked,8.733693244154269,8.016610598714413,False,True,False,wifi_only,88,8.5,8.5,0.1322596800981638,raw
53,s3_vlp_blocked,8.733693244154269,8.016610598714413,False,True,False,vlp_only,88,8.5,8.5,0.9999999999010001,raw
53,s3_vlp_blocked,8.733693244154269,8.016610598714413,False,True,False,static_fusion,88,8.5,8.5,0.566129839999582,raw
54,s3_vlp_blocked,8.604067606013617,7.71418254806786,False,True,False,wifi_only,68,8.5,6.5,0.0823663976551796,raw
54,s3_vlp_blocked,8.604067606013617,7.71418254806786,False,True,False,vlp_only,59,9.5,5.5,0.9999999999010002,raw
54,s3_vlp_blocked,8.604067606013617,7.71418254806786,False,True,False,static_fusion,59,9.5,5.5,0.5060649979652159,raw
55,s3_vlp_blocked,8.380292121918876,7.508518197183664,False,True,False,wifi_only,68,8.5,6.5,0.17750657177725912,raw
55,s3_vlp_blocked,8.380292121918876,7.508518197183664,False,True,False,vlp_only,55,5.5,5.5,0.9999999999010002,raw
55,s3_vlp_blocked,8.380292121918876,7.508518197183664,False,True,False,static_fusion,55,5.5,5.5,0.5035310166554305,raw
56,s3_vlp_blocked,8.261298236940235,7.032237617033076,False,False,False,wifi_only,67,7.5,6.5,0.12349376168862981,raw
56,s3_vlp_blocked,8.261298236940235,7.032237617033076,False,False,False,vlp_only,78,8.5,7.5,0.999999999620505,raw
56,s3_vlp_blocked,8.261298236940235,7.032237617033076,False,False,False,static_fusion,78,8.5,7.5,0.5370490656837281,raw
57,s3_vlp_blocked,8.367834526148913,6.700942345233571,False,False,False,wifi_only,68,8.5,6.5,0.13114364815477775,raw
57,s3_vlp_blocked,8.367834526148913,6.700942345233571,False,False,False,vlp_only,68,8.5,6.5,0.9999999998751394,raw
57,s3_vlp_blocked,8.367834526148913,6.700942345233571,False,False,False,static_fusion,68,8.5,6.5,0.5655718240149585,raw
58,s3_vlp_blocked,8.353958878788386,6.494196804329148,False,False,False,wifi_only,59,9.5,5.5,0.2266044710934862,raw
58,s3_vlp_blocked,8.353958878788386,6.494196804329148,False,False,False,vlp_only,68,8.5,6.5,0.9999999801979008,raw
58,s3_vlp_blocked,8.353958878788386,6.494196804329148,False,False,False,static_fusion,68,8.5,6.5,0.5332732456869583,raw
59,s3_vlp_blocked,8.336546429042226,6.293616283957347,False,False,False,wifi_only,77,7.5,7.5,0.1317833537172324,raw
59,s3_vlp_blocked,8.336546429042226,6.293616283957347,False,False,False,vlp_only,68,8.5,6.5,0.9999999194083881,raw
59,s3_vlp_blocked,8.336546429042226,6.293616283957347,False,False,False,static_fusion,68,8.5,6.5,0.5202688396525269,raw
60,s3_vlp_blocked,8.40346815147133,6.116995442632617,False,False,False,wifi_only,68,8.5,6.5,0.1259181110214662,raw
60,s3_vlp_blocked,8.40346815147133,6.116995442632617,False,False,False,vlp_only,69,9.5,6.5,0.9999999999010001,raw
60,s3_vlp_blocked,8.40346815147133,6.116995442632617,False,False,False,static_fusion,69,9.5,6.5,0.5307915621091972,raw
61,s3_vlp_blocked,8.546844700935843,5.924881887661858,False,False,False,wifi_only,57,7.5,5.5,0.1694612156215301,raw
61,s3_vlp_blocked,8.546844700935843,5.924881887661858,False,False,False,vlp_only,69,9.5,6.5,0.9999999999010001,raw
61,s3_vlp_blocked,8.546844700935843,5.924881887661858,False,False,False,static_fusion,69,9.5,6.5,0.5072967152548873,raw
62,s3_vlp_blocked,8.729904160776496,5.547744951919951,False,False,False,wifi_only,69,9.5,6.5,0.236594480501422,raw
62,s3_vlp_blocked,8.729904160776496,5.547744951919951,False,False,False,vlp_only,58,8.5,5.5,0.999999999634504,raw
62,s3_vlp_blocked,8.729904160776496,5.547744951919951,False,False,False,static_fusion,58,8.5,5.5,0.5350180847146326,raw
63,s3_vlp_blocked,8.77202584280195,5.143629060389316,False,False,False,wifi_only,46,6.5,4.5,0.1312843428551616,raw
63,s3_vlp_blocked,8.77202584280195,5.143629060389316,False,False,False,vlp_only,59,9.5,5.5,0.9999999999010002,raw
63,s3_vlp_blocked,8.77202584280195,5.143629060389316,False,False,False,static_fusion,59,9.5,5.5,0.5170418002352092,raw
64,s3_vlp_blocked,8.718437609453172,4.97610578105409,False,False,False,wifi_only,69,9.5,6.5,0.19446827992066515,raw
64,s3_vlp_blocked,8.718437609453172,4.97610578105409,False,False,False,vlp_only,49,9.5,4.5,0.9999999999010002,raw
64,s3_vlp_blocked,8.718437609453172,4.97610578105409,False,False,False,static_fusion,49,9.5,4.5,0.5133108525672181,raw
65,s3_vlp_blocked,8.667563530000693,4.866630764710654,False,False,False,wifi_only,78,8.5,7.5,0.18097189298648045,raw
65,s3_vlp_blocked,8.667563530000693,4.866630764710654,False,False,False,vlp_only,49,9.5,4.5,0.9999999999010002,raw
65,s3_vlp_blocked,8.667563530000693,4.866630764710654,False,False,False,static_fusion,49,9.5,4.5,0.5001586145657934,raw
66,s3_vlp_blocked,8.542366419283344,4.760216825616967,False,False,False,wifi_only,37,7.5,3.5,0.18897349750318035,raw
66,s3_vlp_blocked,8.542366419283344,4.760216825616967,False,False,False,vlp_only,48,8.5,4.5,0.9999999365240431,raw
66,s3_vlp_blocked,8.542366419283344,4.760216825616967,False,False,False,static_fusion,48,8.5,4.5,0.5577921462070142,raw
67,s3_vlp_blocked,8.382687489621802,4.499553999003734,False,False,False,wifi_only,66,6.5,6.5,0.15136220253252405,raw
67,s3_vlp_blocked,8.382687489621802,4.499553999003734,False,False,False,vlp_only,48,8.5,4.5,0.999994278560833,raw
67,s3_vlp_blocked,8.382687489621802,4.499553999003734,False,False,False,static_fusion,48,8.5,4.5,0.5000952443366896,raw
68,s3_vlp_blocked,8.31381336958047,4.356990528873265,False,False,False,wifi_only,49,9.5,4.5,0.35634991577740915,raw
68,s3_vlp_blocked,8.31381336958047,4.356990528873265,False,False,False,vlp_only,48,8.5,4.5,0.9996760984960444,raw
68,s3_vlp_blocked,8.31381336958047,4.356990528873265,False,False,False,static_fusion,48,8.5,4.5,0.577225637928519,raw
69,s3_vlp_blocked,8.173199902177743,4.055129301838792,False,False,False,wifi_only,58,8.5,5.5,0.1681925150695495,raw
69,s3_vlp_blocked,8.173199902177743,4.055129301838792,False,False,False,vlp_only,39,9.5,3.5,0.9999999999010002,raw
69,s3_vlp_blocked,8.173199902177743,4.055129301838792,False,False,False,static_fusion,39,9.5,3.5,0.5004104273879215,raw
70,s3_vlp_blocked,7.958876024659174,3.799783052657366,False,False,False,wifi_only,27,7.5,2.5,0.19488325997290906,raw
70,s3_vlp_blocked,7.958876024659174,3.799783052657366,False,False,False,vlp_only,38,8.5,3.5,0.9968738332101968,raw
70,s3_vlp_blocked,7.958876024659174,3.799783052657366,False,False,False,static_fusion,38,8.5,3.5,0.5531636177690813,raw
71,s3_vlp_blocked,7.833669525191001,3.638141757452688,False,False,False,wifi_only,37,7.5,3.5,0.201485805926062,raw
71,s3_vlp_blocked,7.833669525191001,3.638141757452688,False,False,False,vlp_only,38,8.5,3.5,0.765052598007268,raw
71,s3_vlp_blocked,7.833669525191001,3.638141757452688,False,False,False,static_fusion,38,8.5,3.5,0.43229512722044,raw
72,s3_vlp_blocked,7.664684483724226,3.3337804086327285,False,False,False,wifi_only,49,9.5,4.5,0.2616379682315256,raw
72,s3_vlp_blocked,7.664684483724226,3.3337804086327285,False,False,False,vlp_only,37,7.5,3.5,0.999999985917726,raw
72,s3_vlp_blocked,7.664684483724226,3.3337804086327285,False,False,False,static_fusion,37,7.5,3.5,0.5196261274370322,raw
73,s3_vlp_blocked,7.325126662205962,3.0900072935102134,False,False,False,wifi_only,27,7.5,2.5,0.23137189514055434,raw
73,s3_vlp_blocked,7.325126662205962,3.0900072935102134,False,False,False,vlp_only,37,7.5,3.5,0.9999999999010002,raw
73,s3_vlp_blocked,7.325126662205962,3.0900072935102134,False,False,False,static_fusion,37,7.5,3.5,0.5579318797021148,raw
74,s3_vlp_blocked,7.295614884999138,2.9887682845800643,False,False,False,wifi_only,39,9.5,3.5,0.3059123932987291,raw
74,s3_vlp_blocked,7.295614884999138,2.9887682845800643,False,False,False,vlp_only,37,7.5,3.5,0.9999999999005814,raw
74,s3_vlp_blocked,7.295614884999138,2.9887682845800643,False,False,False,static_fusion,37,7.5,3.5,0.5334102081162229,raw
75,s3_vlp_blocked,7.296351451677773,2.798195708361908,False,True,False,wifi_only,6,6.5,0.5,0.17677717961069966,raw
75,s3_vlp_blocked,7.296351451677773,2.798195708361908,False,True,False,vlp_only,17,7.5,1.5,0.9999999999010003,raw
75,s3_vlp_blocked,7.296351451677773,2.798195708361908,False,True,False,static_fusion,17,7.5,1.5,0.520037519408675,raw
76,s3_vlp_blocked,7.251642624966383,2.337893241987238,False,True,False,wifi_only,27,7.5,2.5,0.23000169576063123,raw
76,s3_vlp_blocked,7.251642624966383,2.337893241987238,False,True,False,vlp_only,27,7.5,2.5,0.9999980685548012,raw
76,s3_vlp_blocked,7.251642624966383,2.337893241987238,False,True,False,static_fusion,27,7.5,2.5,0.6149998821577163,raw
77,s3_vlp_blocked,7.191112638050282,2.11104971712342,False,True,False,wifi_only,38,8.5,3.5,0.23118076870907192,raw
77,s3_vlp_blocked,7.191112638050282,2.11104971712342,False,True,False,vlp_only,17,7.5,1.5,0.9999999999010003,raw
77,s3_vlp_blocked,7.191112638050282,2.11104971712342,False,True,False,static_fusion,17,7.5,1.5,0.5011956187571103,raw
78,s3_vlp_blocked,7.088997127565227,1.8280730412017787,False,True,False,wifi_only,27,7.5,2.5,0.2723576692673836,raw
78,s3_vlp_blocked,7.088997127565227,1.8280730412017787,False,True,False,vlp_only,5,5.5,0.5,0.9999999999010003,raw
78,s3_vlp_blocked,7.088997127565227,1.8280730412017787,False,True,False,static_fusion,5,5.5,0.5,0.5000141366568313,raw
79,s3_vlp_blocked,7.114586335383993,1.531713950324241,False,True,False,wifi_only,27,7.5,2.5,0.28317362959528214,raw
79,s3_vlp_blocked,7.114586335383993,1.531713950324241,False,True,False,vlp_only,17,7.5,1.5,0.9999999999010003,raw
79,s3_vlp_blocked,7.114586335383993,1.531713950324241,False,True,False,static_fusion,17,7.5,1.5,0.5816783325252992,raw
80,s3_vlp_blocked,7.170157133048356,1.3067743629177078,False,True,False,wifi_only,7,7.5,0.5,0.47160466454546934,raw
80,s3_vlp_blocked,7.170157133048356,1.3067743629177078,False,True,False,vlp_only,17,7.5,1.5,0.9999999999010003,raw
80,s3_vlp_blocked,7.170157133048356,1.3067743629177078,False,True,False,static_fusion,17,7.5,1.5,0.6099281765141449,raw
81,s3_vlp_blocked,7.201631077444322,1.1339839347561254,False,True,False,wifi_only,7,7.5,0.5,0.5545962095091987,raw
81,s3_vlp_blocked,7.201631077444322,1.1339839347561254,False,True,False,vlp_only,7,7.5,0.5,0.9999999999010003,raw
81,s3_vlp_blocked,7.201631077444322,1.1339839347561254,False,True,False,static_fusion,7,7.5,0.5,0.7772981047050995,raw
82,s3_vlp_blocked,7.155776983713249,0.8528139925624313,False,True,False,wifi_only,17,7.5,1.5,0.36252613541231005,raw
82,s3_vlp_blocked,7.155776983713249,0.8528139925624313,False,True,False,vlp_only,5,5.5,0.5,0.9999999998854301,raw
82,s3_vlp_blocked,7.155776983713249,0.8528139925624313,False,True,False,static_fusion,5,5.5,0.5,0.5000208420022411,raw
83,s3_vlp_blocked,6.976127786010122,0.4956267479912126,False,False,False,wifi_only,7,7.5,0.5,0.3808426316732488,raw
83,s3_vlp_blocked,6.976127786010122,0.4956267479912126,False,False,False,vlp_only,7,7.5,0.5,0.9999999999010003,raw
83,s3_vlp_blocked,6.976127786010122,0.4956267479912126,False,False,False,static_fusion,7,7.5,0.5,0.6904213157871245,raw
84,s3_vlp_blocked,6.74255867268218,0.0843728881784015,False,False,False,wifi_only,6,6.5,0.5,0.39579602633912403,raw
84,s3_vlp_blocked,6.74255867268218,0.0843728881784015,False,False,False,vlp_only,6,6.5,0.5,0.9999999999010003,raw
84,s3_vlp_blocked,6.74255867268218,0.0843728881784015,False,False,False,static_fusion,6,6.5,0.5,0.6978980131200622,raw
85,s3_vlp_blocked,7.064294392948221,0.3942671783051067,False,False,False,wifi_only,6,6.5,0.5,0.22537342981128566,raw
85,s3_vlp_blocked,7.064294392948221,0.3942671783051067,False,False,False,vlp_only,6,6.5,0.5,0.9999999999010003,raw
85,s3_vlp_blocked,7.064294392948221,0.3942671783051067,False,False,False,static_fusion,6,6.5,0.5,0.612686714856143,raw
86,s3_vlp_blocked,7.176188436555574,0.5060043216815018,False,False,False,wifi_only,7,7.5,0.5,0.2858448818061969,raw
86,s3_vlp_blocked,7.176188436555574,0.5060043216815018,False,False,False,vlp_only,7,7.5,0.5,0.9999999999010003,raw
86,s3_vlp_blocked,7.176188436555574,0.5060043216815018,False,False,False,static_fusion,7,7.5,0.5,0.6429224408535986,raw
87,s3_vlp_blocked,7.307226017604519,0.5668144077417742,False,False,False,wifi_only,6,6.5,0.5,0.5572722182512547,raw
87,s3_vlp_blocked,7.307226017604519,0.5668144077417742,False,False,False,vlp_only,7,7.5,0.5,0.9999999998796739,raw
87,s3_vlp_blocked,7.307226017604519,0.5668144077417742,False,False,False,static_fusion,7,7.5,0.5,0.5256081081001941,raw
88,s3_vlp_blocked,7.687860172244926,0.7189120364284933,False,False,False,wifi_only,7,7.5,0.5,0.2855018228904196,raw
88,s3_vlp_blocked,7.687860172244926,0.7189120364284933,False,False,False,vlp_only,7,7.5,0.5,0.9999999948905899,raw
88,s3_vlp_blocked,7.687860172244926,0.7189120364284933,False,False,False,static_fusion,7,7.5,0.5,0.6427509088905048,raw
89,s3_vlp_blocked,7.983386792676343,0.8375621710500243,False,False,False,wifi_only,7,7.5,0.5,0.20931034673269763,raw
89,s3_vlp_blocked,7.983386792676343,0.8375621710500243,False,False,False,vlp_only,7,7.5,0.5,0.9999999985151653,raw
89,s3_vlp_blocked,7.983386792676343,0.8375621710500243,False,False,False,static_fusion,7,7.5,0.5,0.6046551726239315,raw
90,s3_vlp_blocked,8.256293406597695,0.875446755726633,False,False,False,wifi_only,8,8.5,0.5,0.2743662912689077,raw
90,s3_vlp_blocked,8.256293406597695,0.875446755726633,False,False,False,vlp_only,8,8.5,0.5,0.9997576583629837,raw
90,s3_vlp_blocked,8.256293406597695,0.875446755726633,False,False,False,static_fusion,8,8.5,0.5,0.6370619748159456,raw
91,s3_vlp_blocked,8.425989160054677,0.93045254740169,False,False,False,wifi_only,8,8.5,0.5,0.35965973793026673,raw
91,s3_vlp_blocked,8.425989160054677,0.93045254740169,False,False,False,vlp_only,8,8.5,0.5,0.9999993722161267,raw
91,s3_vlp_blocked,8.425989160054677,0.93045254740169,False,False,False,static_fusion,8,8.5,0.5,0.6798295550731966,raw
92,s3_vlp_blocked,8.863055882305986,1.1231286812777777,False,False,False,wifi_only,18,8.5,1.5,0.35669449198511044,raw
92,s3_vlp_blocked,8.863055882305986,1.1231286812777777,False,False,False,vlp_only,19,9.5,1.5,0.9991848096595429,raw
92,s3_vlp_blocked,8.863055882305986,1.1231286812777777,False,False,False,static_fusion,19,9.5,1.5,0.5796992437579738,raw
93,s3_vlp_blocked,9.23021965860404,1.1465464090231468,False,False,False,wifi_only,19,9.5,1.5,0.33809927759390573,raw
93,s3_vlp_blocked,9.23021965860404,1.1465464090231468,False,False,False,vlp_only,19,9.5,1.5,0.9943183851232628,raw
93,s3_vlp_blocked,9.23021965860404,1.1465464090231468,False,False,False,static_fusion,19,9.5,1.5,0.6662088313585841,raw
94,s3_vlp_blocked,9.37371170551081,1.169754508811914,False,False,False,wifi_only,8,8.5,0.5,0.37888547687218804,raw
94,s3_vlp_blocked,9.37371170551081,1.169754508811914,False,False,False,vlp_only,19,9.5,1.5,0.7948337182598306,raw
94,s3_vlp_blocked,9.37371170551081,1.169754508811914,False,False,False,static_fusion,19,9.5,1.5,0.47851971471269655,raw
95,s3_vlp_blocked,9.770217154834045,1.159649324523821,False,False,False,wifi_only,19,9.5,1.5,0.3455213267437958,raw
95,s3_vlp_blocked,9.770217154834045,1.159649324523821,False,False,False,vlp_only,9,9.5,0.5,0.9999999999010003,raw
95,s3_vlp_blocked,9.770217154834045,1.159649324523821,False,False,False,static_fusion,9,9.5,0.5,0.6102357067146533,raw
96,s3_vlp_blocked,9.5806362152392,1.1294724581913531,False,False,False,wifi_only,18,8.5,1.5,0.34637452155292453,raw
96,s3_vlp_blocked,9.5806362152392,1.1294724581913531,False,False,False,vlp_only,19,9.5,1.5,0.9847535415874816,raw
96,s3_vlp_blocked,9.5806362152392,1.1294724581913531,False,False,False,static_fusion,19,9.5,1.5,0.6113260369813976,raw
97,s3_vlp_blocked,9.431952925308204,0.9654622254894044,False,False,False,wifi_only,8,8.5,0.5,0.2936343129553878,raw
97,s3_vlp_blocked,9.431952925308204,0.9654622254894044,False,False,False,vlp_only,19,9.5,1.5,0.967278011844535,raw
97,s3_vlp_blocked,9.431952925308204,0.9654622254894044,False,False,False,static_fusion,19,9.5,1.5,0.5956195573808207,raw
98,s3_vlp_blocked,9.360595724435434,0.6120686019402459,False,False,False,wifi_only,9,9.5,0.5,0.31566128656833975,raw
98,s3_vlp_blocked,9.360595724435434,0.6120686019402459,False,False,False,vlp_only,9,9.5,0.5,0.9999999999010003,raw
98,s3_vlp_blocked,9.360595724435434,0.6120686019402459,False,False,False,static_fusion,9,9.5,0.5,0.6578306432346699,raw
99,s3_vlp_blocked,9.26764607580253,0.4010204672213302,False,False,False,wifi_only,9,9.5,0.5,0.46583533026593865,raw
99,s3_vlp_blocked,9.26764607580253,0.4010204672213302,False,False,False,vlp_only,9,9.5,0.5,0.9999999999010003,raw
99,s3_vlp_blocked,9.26764607580253,0.4010204672213302,False,False,False,static_fusion,9,9.5,0.5,0.7329176650834694,raw
0,s3_vlp_blocked,3.50146586178358,2.794545781008381,False,False,False,wifi_only,13,3.5,1.5,0.18072719524680994,moving_average
0,s3_vlp_blocked,3.50146586178358,2.794545781008381,False,False,False,vlp_only,23,3.5,2.5,0.9999999999010003,moving_average
0,s3_vlp_blocked,3.50146586178358,2.794545781008381,False,False,False,static_fusion,23,3.5,2.5,0.5771885538128642,moving_average
1,s3_vlp_blocked,3.8334314692961406,3.0879105600798664,False,False,False,wifi_only,23,3.5,2.5,0.18380486635293625,moving_average
1,s3_vlp_blocked,3.8334314692961406,3.0879105600798664,False,False,False,vlp_only,33,3.5,3.5,0.9999999999010002,moving_average
1,s3_vlp_blocked,3.8334314692961406,3.0879105600798664,False,False,False,static_fusion,33,3.5,3.5,0.5352381230102594,moving_average
2,s3_vlp_blocked,4.0456173120900445,3.1263296245930507,False,False,False,wifi_only,23,3.5,2.5,0.1689150147357624,moving_average
2,s3_vlp_blocked,4.0456173120900445,3.1263296245930507,False,False,False,vlp_only,33,3.5,3.5,0.9999999999010002,moving_average
2,s3_vlp_blocked,4.0456173120900445,3.1263296245930507,False,False,False,static_fusion,33,3.5,3.5,0.5694186784705402,moving_average
3,s3_vlp_blocked,4.42592581634721,3.113695449768073,False,False,False,wifi_only,23,3.5,2.5,0.16012561670791092,moving_average
3,s3_vlp_blocked,4.42592581634721,3.113695449768073,False,False,False,vlp_only,33,3.5,3.5,0.9999999999010002,moving_average
3,s3_vlp_blocked,4.42592581634721,3.113695449768073,False,False,False,static_fusion,33,3.5,3.5,0.5767112282489172,moving_average
4,s3_vlp_blocked,4.708255729915193,3.19039433570727,False,False,False,wifi_only,33,3.5,3.5,0.16654865686093734,moving_average
4,s3_vlp_blocked,4.708255729915193,3.19039433570727,False,False,False,vlp_only,33,3.5,3.5,0.8929464104294668,moving_average
4,s3_vlp_blocked,4.708255729915193,3.19039433570727,False,False,False,static_fusion,33,3.5,3.5,0.5297475336452021,moving_average
5,s3_vlp_blocked,4.978762662726669,3.137730843885924,False,False,False,wifi_only,34,4.5,3.5,0.15912626712220893,moving_average
5,s3_vlp_blocked,4.978762662726669,3.137730843885924,False,False,False,vlp_only,24,4.5,2.5,0.9999999999010002,moving_average
5,s3_vlp_blocked,4.978762662726669,3.137730843885924,False,False,False,static_fusion,24,4.5,2.5,0.5700748167438011,moving_average
6,s3_vlp_blocked,5.202025987228208,3.1529819162085304,False,False,False,wifi_only,34,4.5,3.5,0.18985079729202123,moving_average
6,s3_vlp_blocked,5.202025987228208,3.1529819162085304,False,False,False,vlp_only,34,4.5,3.5,0.9999999999010002,moving_average
6,s3_vlp_blocked,5.202025987228208,3.1529819162085304,False,False,False,static_fusion,34,4.5,3.5,0.5949253985965105,moving_average
7,s3_vlp_blocked,5.347337808465035,3.292281793156062,False,False,False,wifi_only,34,4.5,3.5,0.178856233998883,moving_average
7,s3_vlp_blocked,5.347337808465035,3.292281793156062,False,False,False,vlp_only,34,4.5,3.5,0.9999999999010002,moving_average
7,s3_vlp_blocked,5.347337808465035,3.292281793156062,False,False,False,static_fusion,34,4.5,3.5,0.5894281169499416,moving_average
8,s3_vlp_blocked,5.716827179474,3.58088982297864,False,False,False,wifi_only,35,5.5,3.5,0.17943554479514806,moving_average
8,s3_vlp_blocked,5.716827179474,3.58088982297864,False,False,False,vlp_only,35,5.5,3.5,0.9999999999010002,moving_average
8,s3_vlp_blocked,5.716827179474,3.58088982297864,False,False,False,static_fusion,35,5.5,3.5,0.5897177723480741,moving_average
9,s3_vlp_blocked,5.862414412197704,3.68421178879823,False,False,False,wifi_only,35,5.5,3.5,0.1868881437710419,moving_average
9,s3_vlp_blocked,5.862414412197704,3.68421178879823,False,False,False,vlp_only,35,5.5,3.5,0.9999999999010002,moving_average
9,s3_vlp_blocked,5.862414412197704,3.68421178879823,False,False,False,static_fusion,35,5.5,3.5,0.5934440718360209,moving_average
10,s3_vlp_blocked,6.2621648807209205,3.865009897723677,False,False,False,wifi_only,35,5.5,3.5,0.18409105623253735,moving_average
10,s3_vlp_blocked,6.2621648807209205,3.865009897723677,False,False,False,vlp_only,35,5.5,3.5,0.9999999999010002,moving_average
10,s3_vlp_blocked,6.2621648807209205,3.865009897723677,False,False,False,static_fusion,35,5.5,3.5,0.5920455280667688,moving_average
11,s3_vlp_blocked,6.386402797469953,4.000359969380765,False,False,False,wifi_only,46,6.5,4.5,0.14565690933407502,moving_average
11,s3_vlp_blocked,6.386402797469953,4.000359969380765,False,False,False,vlp_only,35,5.5,3.5,0.9999999999010002,moving_average
11,s3_vlp_blocked,6.386402797469953,4.000359969380765,False,False,False,static_fusion,35,5.5,3.5,0.571657523860291,moving_average
12,s3_vlp_blocked,6.486403725025359,4.131792507959473,False,False,False,wifi_only,36,6.5,3.5,0.16053625141148004,moving_average
12,s3_vlp_blocked,6.486403725025359,4.131792507959473,False,False,False,vlp_only,35,5.5,3.5,0.9999926392906906,moving_average
12,s3_vlp_blocked,6.486403725025359,4.131792507959473,False,False,False,static_fusion,35,5.5,3.5,0.5676730722804263,moving_average
13,s3_vlp_blocked,6.594101310260236,4.146666699824417,False,False,False,wifi_only,35,5.5,3.5,0.15851893001138753,moving_average
13,s3_vlp_blocked,6.594101310260236,4.146666699824417,False,False,False,vlp_only,46,6.5,4.5,0.9999999999010002,moving_average
13,s3_vlp_blocked,6.594101310260236,4.146666699824417,False,False,False,static_fusion,46,6.5,4.5,0.5718622734740512,moving_average
14,s3_vlp_blocked,6.938536691705024,4.190811224101229,False,False,False,wifi_only,46,6.5,4.5,0.17011400042186017,moving_average
14,s3_vlp_blocked,6.938536691705024,4.190811224101229,False,False,False,vlp_only,47,7.5,4.5,0.7311693718573106,moving_average
14,s3_vlp_blocked,6.938536691705024,4.190811224101229,False,False,False,static_fusion,47,7.5,4.5,0.43066990365310176,moving_average
15,s3_vlp_blocked,7.095444556622987,4.3190830854397095,False,True,False,wifi_only,46,6.5,4.5,0.16377662680183983,moving_average
15,s3_vlp_blocked,7.095444556622987,4.3190830854397095,False,True,False,vlp_only,47,7.5,4.5,0.9999999999010002,moving_average
15,s3_vlp_blocked,7.095444556622987,4.3190830854397095,False,True,False,static_fusion,47,7.5,4.5,0.5795596124020134,moving_average
16,s3_vlp_blocked,7.322508343984496,4.588300078241882,False,True,False,wifi_only,46,6.5,4.5,0.1608724528258714,moving_average
16,s3_vlp_blocked,7.322508343984496,4.588300078241882,False,True,False,vlp_only,46,6.5,4.5,0.9999999999010002,moving_average
16,s3_vlp_blocked,7.322508343984496,4.588300078241882,False,True,False,static_fusion,46,6.5,4.5,0.5804362263634358,moving_average
17,s3_vlp_blocked,7.446193242310456,4.675563891349093,False,True,False,wifi_only,47,7.5,4.5,0.15806978004433683,moving_average
17,s3_vlp_blocked,7.446193242310456,4.675563891349093,False,True,False,vlp_only,46,6.5,4.5,0.9999999999010002,moving_average
17,s3_vlp_blocked,7.446193242310456,4.675563891349093,False,True,False,static_fusion,46,6.5,4.5,0.5735384954977886,moving_average
18,s3_vlp_blocked,7.634031718409139,4.77391982605946,False,True,False,wifi_only,47,7.5,4.5,0.15652477044826252,moving_average
18,s3_vlp_blocked,7.634031718409139,4.77391982605946,False,True,False,vlp_only,49,9.5,4.5,0.9999999412731222,moving_average
18,s3_vlp_blocked,7.634031718409139,4.77391982605946,False,True,False,static_fusion,49,9.5,4.5,0.5187246970255484,moving_average
19,s3_vlp_blocked,7.862727723450558,4.97492979510894,False,True,False,wifi_only,47,7.5,4.5,0.14335146252217704,moving_average
19,s3_vlp_blocked,7.862727723450558,4.97492979510894,False,True,False,vlp_only,59,9.5,5.5,0.9999999999010002,moving_average
19,s3_vlp_blocked,7.862727723450558,4.97492979510894,False,True,False,static_fusion,59,9.5,5.5,0.5339929484508031,moving_average
20,s3_vlp_blocked,7.939266457295782,5.129541394281456,False,True,False,wifi_only,58,8.5,5.5,0.1485477202877139,moving_average
20,s3_vlp_blocked,7.939266457295782,5.129541394281456,False,True,False,vlp_only,59,9.5,5.5,0.9999999999010002,moving_average
20,s3_vlp_blocked,7.939266457295782,5.129541394281456,False,True,False,static_fusion,59,9.5,5.5,0.5539771931921713,moving_average
21,s3_vlp_blocked,8.011102297567714,5.276303396065385,False,True,False,wifi_only,58,8.5,5.5,0.1461914493806487,moving_average
21,s3_vlp_blocked,8.011102297567714,5.276303396065385,False,True,False,vlp_only,59,9.5,5.5,0.9999999999010002,moving_average
21,s3_vlp_blocked,8.011102297567714,5.276303396065385,False,True,False,static_fusion,59,9.5,5.5,0.555547038616618,moving_average
22,s3_vlp_blocked,8.343062278059984,5.445902988798278,False,True,False,wifi_only,58,8.5,5.5,0.1654310052583122,moving_average
22,s3_vlp_blocked,8.343062278059984,5.445902988798278,False,True,False,vlp_only,59,9.5,5.5,0.9999999999010002,moving_average
22,s3_vlp_blocked,8.343062278059984,5.445902988798278,False,True,False,static_fusion,59,9.5,5.5,0.5805183559999103,moving_average
23,s3_vlp_blocked,8.52052164720882,5.6027346910434765,False,True,False,wifi_only,59,9.5,5.5,0.1729547132399464,moving_average
23,s3_vlp_blocked,8.52052164720882,5.6027346910434765,False,True,False,vlp_only,59,9.5,5.5,0.9999999999010002,moving_average
23,s3_vlp_blocked,8.52052164720882,5.6027346910434765,False,True,False,static_fusion,59,9.5,5.5,0.5864773565704733,moving_average
24,s3_vlp_blocked,8.840063415262575,5.876328672083288,False,True,False,wifi_only,58,8.5,5.5,0.17224092059088533,moving_average
24,s3_vlp_blocked,8.840063415262575,5.876328672083288,False,True,False,vlp_only,59,9.5,5.5,0.9999999999010002,moving_average
24,s3_vlp_blocked,8.840063415262575,5.876328672083288,False,True,False,static_fusion,59,9.5,5.5,0.5722340590688649,moving_average
25,s3_vlp_blocked,9.133542118122302,6.275738550131283,False,True,False,wifi_only,58,8.5,5.5,0.1664402293053674,moving_average
25,s3_vlp_blocked,9.133542118122302,6.275738550131283,False,True,False,vlp_only,59,9.5,5.5,0.9999999999010002,moving_average
25,s3_vlp_blocked,9.133542118122302,6.275738550131283,False,True,False,static_fusion,59,9.5,5.5,0.5627891285237863,moving_average
26,s3_vlp_blocked,9.35618800793218,6.65718067016028,False,True,False,wifi_only,59,9.5,5.5,0.18301997702307585,moving_average
26,s3_vlp_blocked,9.35618800793218,6.65718067016028,False,True,False,vlp_only,99,9.5,9.5,0.9999999999010001,moving_average
26,s3_vlp_blocked,9.35618800793218,6.65718067016028,False,True,False,static_fusion,99,9.5,9.5,0.500767822657133,moving_average
27,s3_vlp_blocked,9.561103088027537,7.107641397521033,False,True,False,wifi_only,69,9.5,6.5,0.17175499228537883,moving_average
27,s3_vlp_blocked,9.561103088027537,7.107641397521033,False,True,False,vlp_only,99,9.5,9.5,0.9999999999010001,moving_average
27,s3_vlp_blocked,9.561103088027537,7.107641397521033,False,True,False,static_fusion,99,9.5,9.5,0.5016786530913957,moving_average
28,s3_vlp_blocked,9.62294450389752,7.287936096739562,False,False,False,wifi_only,69,9.5,6.5,0.22029822749196984,moving_average
28,s3_vlp_blocked,9.62294450389752,7.287936096739562,False,False,False,vlp_only,99,9.5,9.5,0.9999999999010001,moving_average
28,s3_vlp_blocked,9.62294450389752,7.287936096739562,False,False,False,static_fusion,99,9.5,9.5,0.506210201925561,moving_average
29,s3_vlp_blocked,9.567042849149868,7.590650497286169,False,False,False,wifi_only,69,9.5,6.5,0.23581907485391065,moving_average
29,s3_vlp_blocked,9.567042849149868,7.590650497286169,False,False,False,vlp_only,89,9.5,8.5,0.9999999648054693,moving_average
29,s3_vlp_blocked,9.567042849149868,7.590650497286169,False,False,False,static_fusion,89,9.5,8.5,0.5609556731990443,moving_average
30,s3_vlp_blocked,9.368809486427658,7.926124173973704,False,False,False,wifi_only,79,9.5,7.5,0.2470136810342385,moving_average
30,s3_vlp_blocked,9.368809486427658,7.926124173973704,False,False,False,vlp_only,89,9.5,8.5,0.7140371901806597,moving_average
30,s3_vlp_blocked,9.368809486427658,7.926124173973704,False,False,False,static_fusion,89,9.5,8.5,0.4590817700689748,moving_average
31,s3_vlp_blocked,9.317903367352146,8.04732779879347,False,False,False,wifi_only,79,9.5,7.5,0.23441071542170536,moving_average
31,s3_vlp_blocked,9.317903367352146,8.04732779879347,False,False,False,vlp_only,79,9.5,7.5,0.9999998100213796,moving_average
31,s3_vlp_blocked,9.317903367352146,8.04732779879347,False,False,False,static_fusion,79,9.5,7.5,0.6172052627215425,moving_average
32,s3_vlp_blocked,9.186332412855084,8.43241929333643,False,False,False,wifi_only,89,9.5,8.5,0.17109177004608295,moving_average
32,s3_vlp_blocked,9.186332412855084,8.43241929333643,False,False,False,vlp_only,79,9.5,7.5,0.9818454437168102,moving_average
32,s3_vlp_blocked,9.186332412855084,8.43241929333643,False,False,False,static_fusion,79,9.5,7.5,0.5756233991410861,moving_average
33,s3_vlp_blocked,9.112727671229193,8.796655767469591,False,False,False,wifi_only,89,9.5,8.5,0.21964148918986334,moving_average
33,s3_vlp_blocked,9.112727671229193,8.796655767469591,False,False,False,vlp_only,89,9.5,8.5,0.9998598802581921,moving_average
33,s3_vlp_blocked,9.112727671229193,8.796655767469591,False,False,False,static_fusion,89,9.5,8.5,0.6097506847240276,moving_average
34,s3_vlp_blocked,9.270799859312152,9.22745450829668,False,False,False,wifi_only,89,9.5,8.5,0.21505187516485988,moving_average
34,s3_vlp_blocked,9.270799859312152,9.22745450829668,False,False,False,vlp_only,89,9.5,8.5,0.9999993022039096,moving_average
34,s3_vlp_blocked,9.270799859312152,9.22745450829668,False,False,False,static_fusion,89,9.5,8.5,0.6075255886843848,moving_average
35,s3_vlp_blocked,9.423420837008932,9.422997081607893,False,False,False,wifi_only,89,9.5,8.5,0.18194070289316275,moving_average
35,s3_vlp_blocked,9.423420837008932,9.422997081607893,False,False,False,vlp_only,89,9.5,8.5,0.999970934321192,moving_average
35,s3_vlp_blocked,9.423420837008932,9.422997081607893,False,False,False,static_fusion,89,9.5,8.5,0.5909558186071774,moving_average
36,s3_vlp_blocked,9.481110661263054,9.62212971253768,False,False,False,wifi_only,89,9.5,8.5,0.23697683065964822,moving_average
36,s3_vlp_blocked,9.481110661263054,9.62212971253768,False,False,False,vlp_only,89,9.5,8.5,0.9976436508960839,moving_average
36,s3_vlp_blocked,9.481110661263054,9.62212971253768,False,False,False,static_fusion,89,9.5,8.5,0.617310240777866,moving_average
37,s3_vlp_blocked,9.541752579513968,9.92203908827878,False,False,False,wifi_only,99,9.5,9.5,0.32835050191064724,moving_average
37,s3_vlp_blocked,9.541752579513968,9.92203908827878,False,False,False,vlp_only,99,9.5,9.5,0.9999999999010001,moving_average
37,s3_vlp_blocked,9.541752579513968,9.92203908827878,False,False,False,static_fusion,99,9.5,9.5,0.6641752509058236,moving_average
38,s3_vlp_blocked,9.402562603553038,9.543991147418636,False,False,False,wifi_only,89,9.5,8.5,0.2682792219666871,moving_average
38,s3_vlp_blocked,9.402562603553038,9.543991147418636,False,False,False,vlp_only,99,9.5,9.5,0.9999999999010001,moving_average
38,s3_vlp_blocked,9.402562603553038,9.543991147418636,False,False,False,static_fusion,99,9.5,9.5,0.6299248732428292,moving_average
39,s3_vlp_blocked,9.44479730227728,9.391504817262849,False,False,False,wifi_only,89,9.5,8.5,0.25614430072562083,moving_average
39,s3_vlp_blocked,9.44479730227728,9.391504817262849,False,False,False,vlp_only,99,9.5,9.5,0.9999999999010001,moving_average
39,s3_vlp_blocked,9.44479730227728,9.391504817262849,False,False,False,static_fusion,99,9.5,9.5,0.6111036255144617,moving_average
40,s3_vlp_blocked,9.525454359161255,8.940867722935458,False,False,False,wifi_only,89,9.5,8.5,0.26061479261211745,moving_average
40,s3_vlp_blocked,9.525454359161255,8.940867722935458,False,False,False,vlp_only,99,9.5,9.5,0.9999999999010001,moving_average
40,s3_vlp_blocked,9.525454359161255,8.940867722935458,False,False,False,static_fusion,99,9.5,9.5,0.620653087739641,moving_average
41,s3_vlp_blocked,9.823585243977655,8.584999463128653,False,False,False,wifi_only,89,9.5,8.5,0.24513841392367308,moving_average
41,s3_vlp_blocked,9.823585243977655,8.584999463128653,False,False,False,vlp_only,99,9.5,9.5,0.9999999999010001,moving_average
41,s3_vlp_blocked,9.823585243977655,8.584999463128653,False,False,False,static_fusion,99,9.5,9.5,0.60335283080986,moving_average
42,s3_vlp_blocked,9.694700842723162,8.966546447675274,False,False,False,wifi_only,89,9.5,8.5,0.23325132583348365,moving_average
42,s3_vlp_blocked,9.694700842723162,8.966546447675274,False,False,False,vlp_only,99,9.5,9.5,0.9999999999010001,moving_average
42,s3_vlp_blocked,9.694700842723162,8.966546447675274,False,False,False,static_fusion,99,9.5,9.5,0.5969431662003069,moving_average
43,s3_vlp_blocked,9.569223421271444,9.326938465999294,False,False,False,wifi_only,99,9.5,9.5,0.24897582487649922,moving_average
43,s3_vlp_blocked,9.569223421271444,9.326938465999294,False,False,False,vlp_only,99,9.5,9.5,0.9999999999010001,moving_average
43,s3_vlp_blocked,9.569223421271444,9.326938465999294,False,False,False,static_fusion,99,9.5,9.5,0.6244879123887497,moving_average
44,s3_vlp_blocked,9.534535416987817,9.784343768551336,False,False,False,wifi_only,99,9.5,9.5,0.3222192877029608,moving_average
44,s3_vlp_blocked,9.534535416987817,9.784343768551336,False,False,False,vlp_only,99,9.5,9.5,0.9999999999010001,moving_average
44,s3_vlp_blocked,9.534535416987817,9.784343768551336,False,False,False,static_fusion,99,9.5,9.5,0.6611096438019805,moving_average
45,s3_vlp_blocked,9.54487381028695,9.92332836828298,False,True,False,wifi_only,99,9.5,9.5,0.28848055351724805,moving_average
45,s3_vlp_blocked,9.54487381028695,9.92332836828298,False,True,False,vlp_only,99,9.5,9.5,0.9999999999010001,moving_average
45,s3_vlp_blocked,9.54487381028695,9.92332836828298,False,True,False,static_fusion,99,9.5,9.5,0.6442402767091241,moving_average
46,s3_vlp_blocked,9.558162041417896,9.663482828106742,False,True,False,wifi_only,99,9.5,9.5,0.33471584081795985,moving_average
46,s3_vlp_blocked,9.558162041417896,9.663482828106742,False,True,False,vlp_only,99,9.5,9.5,0.9999999999010001,moving_average
46,s3_vlp_blocked,9.558162041417896,9.663482828106742,False,True,False,static_fusion,99,9.5,9.5,0.6673579203594799,moving_average
47,s3_vlp_blocked,9.5646528065164,9.424365913186056,False,True,False,wifi_only,99,9.5,9.5,0.28540400939559724,moving_average
47,s3_vlp_blocked,9.5646528065164,9.424365913186056,False,True,False,vlp_only,99,9.5,9.5,0.9999999999010001,moving_average
47,s3_vlp_blocked,9.5646528065164,9.424365913186056,False,True,False,static_fusion,99,9.5,9.5,0.6427020046482986,moving_average
48,s3_vlp_blocked,9.50103939557558,9.114055937821927,False,True,False,wifi_only,99,9.5,9.5,0.2720110929758141,moving_average
48,s3_vlp_blocked,9.50103939557558,9.114055937821927,False,True,False,vlp_only,99,9.5,9.5,0.9999999999010001,moving_average
48,s3_vlp_blocked,9.50103939557558,9.114055937821927,False,True,False,static_fusion,99,9.5,9.5,0.6360055464384071,moving_average
49,s3_vlp_blocked,9.414656161118282,8.731094504017625,False,True,False,wifi_only,99,9.5,9.5,0.3260128456057731,moving_average
49,s3_vlp_blocked,9.414656161118282,8.731094504017625,False,True,False,vlp_only,99,9.5,9.5,0.9999999999010001,moving_average
49,s3_vlp_blocked,9.414656161118282,8.731094504017625,False,True,False,static_fusion,99,9.5,9.5,0.6630064227533866,moving_average
50,s3_vlp_blocked,9.21633605588256,8.49062670552971,False,True,False,wifi_only,99,9.5,9.5,0.29986203007594286,moving_average
50,s3_vlp_blocked,9.21633605588256,8.49062670552971,False,True,False,vlp_only,99,9.5,9.5,0.9999999999010001,moving_average
50,s3_vlp_blocked,9.21633605588256,8.49062670552971,False,True,False,static_fusion,99,9.5,9.5,0.6499310149884714,moving_average
51,s3_vlp_blocked,9.11760935449355,8.438577566893754,False,True,False,wifi_only,89,9.5,8.5,0.19649611513043275,moving_average
51,s3_vlp_blocked,9.11760935449355,8.438577566893754,False,True,False,vlp_only,99,9.5,9.5,0.9999999999010001,moving_average
51,s3_vlp_blocked,9.11760935449355,8.438577566893754,False,True,False,static_fusion,99,9.5,9.5,0.5849523652037081,moving_average
52,s3_vlp_blocked,8.922779282926651,8.205081914366874,False,True,False,wifi_only,88,8.5,8.5,0.16171566540638738,moving_average
52,s3_vlp_blocked,8.922779282926651,8.205081914366874,False,True,False,vlp_only,99,9.5,9.5,0.9999999999010001,moving_average
52,s3_vlp_blocked,8.922779282926651,8.205081914366874,False,True,False,static_fusion,99,9.5,9.5,0.5622466991778848,moving_average
53,s3_vlp_blocked,8.733693244154269,8.016610598714413,False,True,False,wifi_only,88,8.5,8.5,0.15426239024218213,moving_average
53,s3_vlp_blocked,8.733693244154269,8.016610598714413,False,True,False,vlp_only,99,9.5,9.5,0.9999999999010001,moving_average
53,s3_vlp_blocked,8.733693244154269,8.016610598714413,False,True,False,static_fusion,99,9.5,9.5,0.5495441084522175,moving_average
54,s3_vlp_blocked,8.604067606013617,7.71418254806786,False,True,False,wifi_only,78,8.5,7.5,0.16254501435719632,moving_average
54,s3_vlp_blocked,8.604067606013617,7.71418254806786,False,True,False,vlp_only,99,9.5,9.5,0.9999999999010001,moving_average
54,s3_vlp_blocked,8.604067606013617,7.71418254806786,False,True,False,static_fusion,99,9.5,9.5,0.5152366132677659,moving_average
55,s3_vlp_blocked,8.380292121918876,7.508518197183664,False,True,False,wifi_only,78,8.5,7.5,0.15830811147949178,moving_average
55,s3_vlp_blocked,8.380292121918876,7.508518197183664,False,True,False,vlp_only,99,9.5,9.5,0.9999999999010001,moving_average
55,s3_vlp_blocked,8.380292121918876,7.508518197183664,False,True,False,static_fusion,99,9.5,9.5,0.5112049315146399,moving_average
56,s3_vlp_blocked,8.261298236940235,7.032237617033076,False,False,False,wifi_only,78,8.5,7.5,0.14753646391924755,moving_average
56,s3_vlp_blocked,8.261298236940235,7.032237617033076,False,False,False,vlp_only,99,9.5,9.5,0.9999999999010001,moving_average
56,s3_vlp_blocked,8.261298236940235,7.032237617033076,False,False,False,static_fusion,99,9.5,9.5,0.5089529708631334,moving_average
57,s3_vlp_blocked,8.367834526148913,6.700942345233571,False,False,False,wifi_only,68,8.5,6.5,0.12582777279488166,moving_average
57,s3_vlp_blocked,8.367834526148913,6.700942345233571,False,False,False,vlp_only,79,9.5,7.5,0.9999999959365681,moving_average
57,s3_vlp_blocked,8.367834526148913,6.700942345233571,False,False,False,static_fusion,79,9.5,7.5,0.5363989267759539,moving_average
58,s3_vlp_blocked,8.353958878788386,6.494196804329148,False,False,False,wifi_only,68,8.5,6.5,0.15868798034568732,moving_average
58,s3_vlp_blocked,8.353958878788386,6.494196804329148,False,False,False,vlp_only,69,9.5,6.5,0.9999999999010001,moving_average
58,s3_vlp_blocked,8.353958878788386,6.494196804329148,False,False,False,static_fusion,69,9.5,6.5,0.544250652667189,moving_average
59,s3_vlp_blocked,8.336546429042226,6.293616283957347,False,False,False,wifi_only,68,8.5,6.5,0.1570850419439584,moving_average
59,s3_vlp_blocked,8.336546429042226,6.293616283957347,False,False,False,vlp_only,68,8.5,6.5,0.9999999895416317,moving_average
59,s3_vlp_blocked,8.336546429042226,6.293616283957347,False,False,False,static_fusion,68,8.5,6.5,0.578542515742795,moving_average
60,s3_vlp_blocked,8.40346815147133,6.116995442632617,False,False,False,wifi_only,68,8.5,6.5,0.14812298457591772,moving_average
60,s3_vlp_blocked,8.40346815147133,6.116995442632617,False,False,False,vlp_only,68,8.5,6.5,0.9999999811865574,moving_average
60,s3_vlp_blocked,8.40346815147133,6.116995442632617,False,False,False,static_fusion,68,8.5,6.5,0.5740614828812376,moving_average
61,s3_vlp_blocked,8.546844700935843,5.924881887661858,False,False,False,wifi_only,68,8.5,6.5,0.15280546713971394,moving_average
61,s3_vlp_blocked,8.546844700935843,5.924881887661858,False,False,False,vlp_only,68,8.5,6.5,0.9999999971571324,moving_average
61,s3_vlp_blocked,8.546844700935843,5.924881887661858,False,False,False,static_fusion,68,8.5,6.5,0.5764027321484231,moving_average
62,s3_vlp_blocked,8.729904160776496,5.547744951919951,False,False,False,wifi_only,68,8.5,6.5,0.16950679480098124,moving_average
62,s3_vlp_blocked,8.729904160776496,5.547744951919951,False,False,False,vlp_only,69,9.5,6.5,0.9999999999010001,moving_average
62,s3_vlp_blocked,8.729904160776496,5.547744951919951,False,False,False,static_fusion,69,9.5,6.5,0.5534281671585742,moving_average
63,s3_vlp_blocked,8.77202584280195,5.143629060389316,False,False,False,wifi_only,68,8.5,6.5,0.1459362338314169,moving_average
63,s3_vlp_blocked,8.77202584280195,5.143629060389316,False,False,False,vlp_only,58,8.5,5.5,0.9999999983174314,moving_average
63,s3_vlp_blocked,8.77202584280195,5.143629060389316,False,False,False,static_fusion,58,8.5,5.5,0.5540524762929778,moving_average
64,s3_vlp_blocked,8.718437609453172,4.97610578105409,False,False,False,wifi_only,58,8.5,5.5,0.15442385559875177,moving_average
64,s3_vlp_blocked,8.718437609453172,4.97610578105409,False,False,False,vlp_only,58,8.5,5.5,0.9999999998713909,moving_average
64,s3_vlp_blocked,8.718437609453172,4.97610578105409,False,False,False,static_fusion,58,8.5,5.5,0.5772119277350714,moving_average
65,s3_vlp_blocked,8.667563530000693,4.866630764710654,False,False,False,wifi_only,58,8.5,5.5,0.15017132488368795,moving_average
65,s3_vlp_blocked,8.667563530000693,4.866630764710654,False,False,False,vlp_only,58,8.5,5.5,0.9999999999010002,moving_average
65,s3_vlp_blocked,8.667563530000693,4.866630764710654,False,False,False,static_fusion,58,8.5,5.5,0.575085662392344,moving_average
66,s3_vlp_blocked,8.542366419283344,4.760216825616967,False,False,False,wifi_only,58,8.5,5.5,0.18166130699497313,moving_average
66,s3_vlp_blocked,8.542366419283344,4.760216825616967,False,False,False,vlp_only,59,9.5,5.5,0.9999999999010002,moving_average
66,s3_vlp_blocked,8.542366419283344,4.760216825616967,False,False,False,static_fusion,59,9.5,5.5,0.5807907421097842,moving_average
67,s3_vlp_blocked,8.382687489621802,4.499553999003734,False,False,False,wifi_only,58,8.5,5.5,0.15747054998488705,moving_average
67,s3_vlp_blocked,8.382687489621802,4.499553999003734,False,False,False,vlp_only,49,9.5,4.5,0.9936242941914692,moving_average
67,s3_vlp_blocked,8.382687489621802,4.499553999003734,False,False,False,static_fusion,49,9.5,4.5,0.5078321628770436,moving_average
68,s3_vlp_blocked,8.31381336958047,4.356990528873265,False,False,False,wifi_only,58,8.5,5.5,0.1795905404079797,moving_average
68,s3_vlp_blocked,8.31381336958047,4.356990528873265,False,False,False,vlp_only,48,8.5,4.5,0.9999999987501709,moving_average
68,s3_vlp_blocked,8.31381336958047,4.356990528873265,False,False,False,static_fusion,48,8.5,4.5,0.5295776595241708,moving_average
69,s3_vlp_blocked,8.173199902177743,4.055129301838792,False,False,False,wifi_only,58,8.5,5.5,0.18159936774153806,moving_average
69,s3_vlp_blocked,8.173199902177743,4.055129301838792,False,False,False,vlp_only,48,8.5,4.5,0.9999996727002464,moving_average
69,s3_vlp_blocked,8.173199902177743,4.055129301838792,False,False,False,static_fusion,48,8.5,4.5,0.5335907208583672,moving_average
70,s3_vlp_blocked,7.958876024659174,3.799783052657366,False,False,False,wifi_only,48,8.5,4.5,0.1784500006237738,moving_average
70,s3_vlp_blocked,7.958876024659174,3.799783052657366,False,False,False,vlp_only,48,8.5,4.5,0.9999171516361692,moving_average
70,s3_vlp_blocked,7.958876024659174,3.799783052657366,False,False,False,static_fusion,48,8.5,4.5,0.5891835761299716,moving_average
71,s3_vlp_blocked,7.833669525191001,3.638141757452688,False,False,False,wifi_only,47,7.5,4.5,0.17428251126207173,moving_average
71,s3_vlp_blocked,7.833669525191001,3.638141757452688,False,False,False,vlp_only,39,9.5,3.5,0.9999999999010002,moving_average
71,s3_vlp_blocked,7.833669525191001,3.638141757452688,False,False,False,static_fusion,39,9.5,3.5,0.5070699181994697,moving_average
72,s3_vlp_blocked,7.664684483724226,3.3337804086327285,False,False,False,wifi_only,48,8.5,4.5,0.19644182531388665,moving_average
72,s3_vlp_blocked,7.664684483724226,3.3337804086327285,False,False,False,vlp_only,38,8.5,3.5,0.9228371339002432,moving_average
72,s3_vlp_blocked,7.664684483724226,3.3337804086327285,False,False,False,static_fusion,38,8.5,3.5,0.5063355423405511,moving_average
73,s3_vlp_blocked,7.325126662205962,3.0900072935102134,False,False,False,wifi_only,37,7.5,3.5,0.19067532053637887,moving_average
73,s3_vlp_blocked,7.325126662205962,3.0900072935102134,False,False,False,vlp_only,37,7.5,3.5,0.9995407347787496,moving_average
73,s3_vlp_blocked,7.325126662205962,3.0900072935102134,False,False,False,static_fusion,37,7.5,3.5,0.5951080276575642,moving_average
74,s3_vlp_blocked,7.295614884999138,2.9887682845800643,False,False,False,wifi_only,38,8.5,3.5,0.20167381657536368,moving_average
74,s3_vlp_blocked,7.295614884999138,2.9887682845800643,False,False,False,vlp_only,37,7.5,3.5,0.9999999919123332,moving_average
74,s3_vlp_blocked,7.295614884999138,2.9887682845800643,False,False,False,static_fusion,37,7.5,3.5,0.5861910418446317,moving_average
75,s3_vlp_blocked,7.296351451677773,2.798195708361908,False,True,False,wifi_only,38,8.5,3.5,0.20557596134161576,moving_average
75,s3_vlp_blocked,7.296351451677773,2.798195708361908,False,True,False,vlp_only,37,7.5,3.5,0.9999999998990663,moving_average
75,s3_vlp_blocked,7.296351451677773,2.798195708361908,False,True,False,static_fusion,37,7.5,3.5,0.5795206795446672,moving_average
76,s3_vlp_blocked,7.251642624966383,2.337893241987238,False,True,False,wifi_only,38,8.5,3.5,0.20802433367890635,moving_average
76,s3_vlp_blocked,7.251642624966383,2.337893241987238,False,True,False,vlp_only,26,6.5,2.5,0.9999803035354037,moving_average
76,s3_vlp_blocked,7.251642624966383,2.337893241987238,False,True,False,static_fusion,26,6.5,2.5,0.5345250049990069,moving_average
77,s3_vlp_blocked,7.191112638050282,2.11104971712342,False,True,False,wifi_only,27,7.5,2.5,0.19341308474432423,moving_average
77,s3_vlp_blocked,7.191112638050282,2.11104971712342,False,True,False,vlp_only,17,7.5,1.5,0.9999999992691531,moving_average
77,s3_vlp_blocked,7.191112638050282,2.11104971712342,False,True,False,static_fusion,17,7.5,1.5,0.5146652707099363,moving_average
78,s3_vlp_blocked,7.088997127565227,1.8280730412017787,False,True,False,wifi_only,27,7.5,2.5,0.2396855081008756,moving_average
78,s3_vlp_blocked,7.088997127565227,1.8280730412017787,False,True,False,vlp_only,7,7.5,0.5,0.9999999994843145,moving_average
78,s3_vlp_blocked,7.088997127565227,1.8280730412017787,False,True,False,static_fusion,7,7.5,0.5,0.5138257017904095,moving_average
79,s3_vlp_blocked,7.114586335383993,1.531713950324241,False,True,False,wifi_only,27,7.5,2.5,0.28010859889667183,moving_average
79,s3_vlp_blocked,7.114586335383993,1.531713950324241,False,True,False,vlp_only,7,7.5,0.5,0.999999999576764,moving_average
79,s3_vlp_blocked,7.114586335383993,1.531713950324241,False,True,False,static_fusion,7,7.5,0.5,0.5190222032206616,moving_average
80,s3_vlp_blocked,7.170157133048356,1.3067743629177078,False,True,False,wifi_only,27,7.5,2.5,0.27307271400966704,moving_average
80,s3_vlp_blocked,7.170157133048356,1.3067743629177078,False,True,False,vlp_only,7,7.5,0.5,0.9999999996883849,moving_average
80,s3_vlp_blocked,7.170157133048356,1.3067743629177078,False,True,False,static_fusion,7,7.5,0.5,0.5391589323407298,moving_average
81,s3_vlp_blocked,7.201631077444322,1.1339839347561254,False,True,False,wifi_only,17,7.5,1.5,0.2211699126209376,moving_average
81,s3_vlp_blocked,7.201631077444322,1.1339839347561254,False,True,False,vlp_only,7,7.5,0.5,0.9999999998416369,moving_average
81,s3_vlp_blocked,7.201631077444322,1.1339839347561254,False,True,False,static_fusion,7,7.5,0.5,0.5773776447520025,moving_average
82,s3_vlp_blocked,7.155776983713249,0.8528139925624313,False,True,False,wifi_only,17,7.5,1.5,0.31902207926550286,moving_average
82,s3_vlp_blocked,7.155776983713249,0.8528139925624313,False,True,False,vlp_only,9,9.5,0.5,0.999999996590097,moving_average
82,s3_vlp_blocked,7.155776983713249,0.8528139925624313,False,True,False,static_fusion,9,9.5,0.5,0.500007084731264,moving_average
83,s3_vlp_blocked,6.976127786010122,0.4956267479912126,False,False,False,wifi_only,7,7.5,0.5,0.35210349428640936,moving_average
83,s3_vlp_blocked,6.976127786010122,0.4956267479912126,False,False,False,vlp_only,7,7.5,0.5,0.9999999983905579,moving_average
83,s3_vlp_blocked,6.976127786010122,0.4956267479912126,False,False,False,static_fusion,7,7.5,0.5,0.6760517463384837,moving_average
84,s3_vlp_blocked,6.74255867268218,0.0843728881784015,False,False,False,wifi_only,7,7.5,0.5,0.3718342102365116,moving_average
84,s3_vlp_blocked,6.74255867268218,0.0843728881784015,False,False,False,vlp_only,6,6.5,0.5,0.9999999886304177,moving_average
84,s3_vlp_blocked,6.74255867268218,0.0843728881784015,False,False,False,static_fusion,6,6.5,0.5,0.5433529933582711,moving_average
85,s3_vlp_blocked,7.064294392948221,0.3942671783051067,False,False,False,wifi_only,7,7.5,0.5,0.31833360428039426,moving_average
85,s3_vlp_blocked,7.064294392948221,0.3942671783051067,False,False,False,vlp_only,6,6.5,0.5,0.9999999621211302,moving_average
85,s3_vlp_blocked,7.064294392948221,0.3942671783051067,False,False,False,static_fusion,6,6.5,0.5,0.5540457891449679,moving_average
86,s3_vlp_blocked,7.176188436555574,0.5060043216815018,False,False,False,wifi_only,7,7.5,0.5,0.2554299858999052,moving_average
86,s3_vlp_blocked,7.176188436555574,0.5060043216815018,False,False,False,vlp_only,6,6.5,0.5,0.9999998570577909,moving_average
86,s3_vlp_blocked,7.176188436555574,0.5060043216815018,False,False,False,static_fusion,6,6.5,0.5,0.5659497537127338,moving_average
87,s3_vlp_blocked,7.307226017604519,0.5668144077417742,False,False,False,wifi_only,6,6.5,0.5,0.29399277382298855,moving_average
87,s3_vlp_blocked,7.307226017604519,0.5668144077417742,False,False,False,vlp_only,6,6.5,0.5,0.9999999994651871,moving_average
87,s3_vlp_blocked,7.307226017604519,0.5668144077417742,False,False,False,static_fusion,6,6.5,0.5,0.646996386644088,moving_average
88,s3_vlp_blocked,7.687860172244926,0.7189120364284933,False,False,False,wifi_only,6,6.5,0.5,0.24599038159452372,moving_average
88,s3_vlp_blocked,7.687860172244926,0.7189120364284933,False,False,False,vlp_only,7,7.5,0.5,0.9999999999010003,moving_average
88,s3_vlp_blocked,7.687860172244926,0.7189120364284933,False,False,False,static_fusion,7,7.5,0.5,0.5998079885868461,moving_average
89,s3_vlp_blocked,7.983386792676343,0.8375621710500243,False,False,False,wifi_only,7,7.5,0.5,0.3673292041165642,moving_average
89,s3_vlp_blocked,7.983386792676343,0.8375621710500243,False,False,False,vlp_only,7,7.5,0.5,0.9999999999010003,moving_average
89,s3_vlp_blocked,7.983386792676343,0.8375621710500243,False,False,False,static_fusion,7,7.5,0.5,0.6836646020087823,moving_average
90,s3_vlp_blocked,8.256293406597695,0.875446755726633,False,False,False,wifi_only,7,7.5,0.5,0.39019880532525275,moving_average
90,s3_vlp_blocked,8.256293406597695,0.875446755726633,False,False,False,vlp_only,7,7.5,0.5,0.9999999971882105,moving_average
90,s3_vlp_blocked,8.256293406597695,0.875446755726633,False,False,False,static_fusion,7,7.5,0.5,0.6950994012567315,moving_average
91,s3_vlp_blocked,8.425989160054677,0.93045254740169,False,False,False,wifi_only,7,7.5,0.5,0.3928970651602675,moving_average
91,s3_vlp_blocked,8.425989160054677,0.93045254740169,False,False,False,vlp_only,7,7.5,0.5,0.9996135614280116,moving_average
91,s3_vlp_blocked,8.425989160054677,0.93045254740169,False,False,False,static_fusion,7,7.5,0.5,0.6962553132941395,moving_average
92,s3_vlp_blocked,8.863055882305986,1.1231286812777777,False,False,False,wifi_only,8,8.5,0.5,0.3158763978130874,moving_average
92,s3_vlp_blocked,8.863055882305986,1.1231286812777777,False,False,False,vlp_only,8,8.5,0.5,0.9616497370124166,moving_average
92,s3_vlp_blocked,8.863055882305986,1.1231286812777777,False,False,False,static_fusion,8,8.5,0.5,0.6387630674127519,moving_average
93,s3_vlp_blocked,9.23021965860404,1.1465464090231468,False,False,False,wifi_only,8,8.5,0.5,0.289636890155215,moving_average
93,s3_vlp_blocked,9.23021965860404,1.1465464090231468,False,False,False,vlp_only,8,8.5,0.5,0.9999277754897267,moving_average
93,s3_vlp_blocked,9.23021965860404,1.1465464090231468,False,False,False,static_fusion,8,8.5,0.5,0.6447823328224707,moving_average
94,s3_vlp_blocked,9.37371170551081,1.169754508811914,False,False,False,wifi_only,8,8.5,0.5,0.30860839765038733,moving_average
94,s3_vlp_blocked,9.37371170551081,1.169754508811914,False,False,False,vlp_only,8,8.5,0.5,0.9194301052758189,moving_average
94,s3_vlp_blocked,9.37371170551081,1.169754508811914,False,False,False,static_fusion,8,8.5,0.5,0.6140192514631031,moving_average
95,s3_vlp_blocked,9.770217154834045,1.159649324523821,False,False,False,wifi_only,8,8.5,0.5,0.27206477662341916,moving_average
95,s3_vlp_blocked,9.770217154834045,1.159649324523821,False,False,False,vlp_only,19,9.5,1.5,0.8411313418559516,moving_average
95,s3_vlp_blocked,9.770217154834045,1.159649324523821,False,False,False,static_fusion,19,9.5,1.5,0.5423630285950852,moving_average
96,s3_vlp_blocked,9.5806362152392,1.1294724581913531,False,False,False,wifi_only,18,8.5,1.5,0.2631040043910273,moving_average
96,s3_vlp_blocked,9.5806362152392,1.1294724581913531,False,False,False,vlp_only,19,9.5,1.5,0.9954268807171028,moving_average
96,s3_vlp_blocked,9.5806362152392,1.1294724581913531,False,False,False,static_fusion,19,9.5,1.5,0.62755106583677,moving_average
97,s3_vlp_blocked,9.431952925308204,0.9654622254894044,False,False,False,wifi_only,19,9.5,1.5,0.2733214071896929,moving_average
97,s3_vlp_blocked,9.431952925308204,0.9654622254894044,False,False,False,vlp_only,19,9.5,1.5,0.9904157903405021,moving_average
97,s3_vlp_blocked,9.431952925308204,0.9654622254894044,False,False,False,static_fusion,19,9.5,1.5,0.6318685987650975,moving_average
98,s3_vlp_blocked,9.360595724435434,0.6120686019402459,False,False,False,wifi_only,8,8.5,0.5,0.26547727620356,moving_average
98,s3_vlp_blocked,9.360595724435434,0.6120686019402459,False,False,False,vlp_only,19,9.5,1.5,0.9935875284069032,moving_average
98,s3_vlp_blocked,9.360595724435434,0.6120686019402459,False,False,False,static_fusion,19,9.5,1.5,0.6216004186189906,moving_average
99,s3_vlp_blocked,9.26764607580253,0.4010204672213302,False,False,False,wifi_only,9,9.5,0.5,0.29765706534872216,moving_average
99,s3_vlp_blocked,9.26764607580253,0.4010204672213302,False,False,False,vlp_only,9,9.5,0.5,0.9999999999010003,moving_average
99,s3_vlp_blocked,9.26764607580253,0.4010204672213302,False,False,False,static_fusion,9,9.5,0.5,0.6488285326248611,moving_average
0,s3_vlp_blocked,3.50146586178358,2.794545781008381,False,False,False,wifi_only,13,3.5,1.5,0.18072719524680994,median
0,s3_vlp_blocked,3.50146586178358,2.794545781008381,False,False,False,vlp_only,23,3.5,2.5,0.9999999999010003,median
0,s3_vlp_blocked,3.50146586178358,2.794545781008381,False,False,False,static_fusion,23,3.5,2.5,0.5771885538128642,median
1,s3_vlp_blocked,3.8334314692961406,3.0879105600798664,False,False,False,wifi_only,23,3.5,2.5,0.18380486635293625,median
1,s3_vlp_blocked,3.8334314692961406,3.0879105600798664,False,False,False,vlp_only,33,3.5,3.5,0.9999999999010002,median
1,s3_vlp_blocked,3.8334314692961406,3.0879105600798664,False,False,False,static_fusion,33,3.5,3.5,0.5352381230102594,median
2,s3_vlp_blocked,4.0456173120900445,3.1263296245930507,False,False,False,wifi_only,23,3.5,2.5,0.18173522054549907,median
2,s3_vlp_blocked,4.0456173120900445,3.1263296245930507,False,False,False,vlp_only,33,3.5,3.5,0.9999999999010002,median
2,s3_vlp_blocked,4.0456173120900445,3.1263296245930507,False,False,False,static_fusion,33,3.5,3.5,0.5560331686318521,median
3,s3_vlp_blocked,4.42592581634721,3.113695449768073,False,False,False,wifi_only,23,3.5,2.5,0.16280970294452826,median
3,s3_vlp_blocked,4.42592581634721,3.113695449768073,False,False,False,vlp_only,33,3.5,3.5,0.9999999999010002,median
3,s3_vlp_blocked,4.42592581634721,3.113695449768073,False,False,False,static_fusion,33,3.5,3.5,0.5772588450667903,median
4,s3_vlp_blocked,4.708255729915193,3.19039433570727,False,False,False,wifi_only,33,3.5,3.5,0.16988743521289654,median
4,s3_vlp_blocked,4.708255729915193,3.19039433570727,False,False,False,vlp_only,33,3.5,3.5,0.9999999999010002,median
4,s3_vlp_blocked,4.708255729915193,3.19039433570727,False,False,False,static_fusion,33,3.5,3.5,0.5849437175569483,median
5,s3_vlp_blocked,4.978762662726669,3.137730843885924,False,False,False,wifi_only,33,3.5,3.5,0.1696483437844467,median
5,s3_vlp_blocked,4.978762662726669,3.137730843885924,False,False,False,vlp_only,24,4.5,2.5,0.9998845444051209,median
5,s3_vlp_blocked,4.978762662726669,3.137730843885924,False,False,False,static_fusion,24,4.5,2.5,0.5564866402744584,median
6,s3_vlp_blocked,5.202025987228208,3.1529819162085304,False,False,False,wifi_only,34,4.5,3.5,0.16473849625960793,median
6,s3_vlp_blocked,5.202025987228208,3.1529819162085304,False,False,False,vlp_only,34,4.5,3.5,0.9999999999010002,median
6,s3_vlp_blocked,5.202025987228208,3.1529819162085304,False,False,False,static_fusion,34,4.5,3.5,0.5823692480803041,median
7,s3_vlp_blocked,5.347337808465035,3.292281793156062,False,False,False,wifi_only,35,5.5,3.5,0.14632584236636556,median
7,s3_vlp_blocked,5.347337808465035,3.292281793156062,False,False,False,vlp_only,34,4.5,3.5,0.9999999999010002,median
7,s3_vlp_blocked,5.347337808465035,3.292281793156062,False,False,False,static_fusion,34,4.5,3.5,0.5651254481769489,median
8,s3_vlp_blocked,5.716827179474,3.58088982297864,False,False,False,wifi_only,35,5.5,3.5,0.17564895631922814,median
8,s3_vlp_blocked,5.716827179474,3.58088982297864,False,False,False,vlp_only,35,5.5,3.5,0.9999999999010002,median
8,s3_vlp_blocked,5.716827179474,3.58088982297864,False,False,False,static_fusion,35,5.5,3.5,0.5878244781101142,median
9,s3_vlp_blocked,5.862414412197704,3.68421178879823,False,False,False,wifi_only,35,5.5,3.5,0.1747548104563803,median
9,s3_vlp_blocked,5.862414412197704,3.68421178879823,False,False,False,vlp_only,35,5.5,3.5,0.9999999999010002,median
9,s3_vlp_blocked,5.862414412197704,3.68421178879823,False,False,False,static_fusion,35,5.5,3.5,0.5873774051786903,median
10,s3_vlp_blocked,6.2621648807209205,3.865009897723677,False,False,False,wifi_only,35,5.5,3.5,0.1665544182930212,median
10,s3_vlp_blocked,6.2621648807209205,3.865009897723677,False,False,False,vlp_only,35,5.5,3.5,0.9999999999010002,median
10,s3_vlp_blocked,6.2621648807209205,3.865009897723677,False,False,False,static_fusion,35,5.5,3.5,0.5832772090970106,median
11,s3_vlp_blocked,6.386402797469953,4.000359969380765,False,False,False,wifi_only,46,6.5,4.5,0.13472666405619868,median
11,s3_vlp_blocked,6.386402797469953,4.000359969380765,False,False,False,vlp_only,35,5.5,3.5,0.9999999999010002,median
11,s3_vlp_blocked,6.386402797469953,4.000359969380765,False,False,False,static_fusion,35,5.5,3.5,0.5594889534591857,median
12,s3_vlp_blocked,6.486403725025359,4.131792507959473,False,False,False,wifi_only,36,6.5,3.5,0.157294578146421,median
12,s3_vlp_blocked,6.486403725025359,4.131792507959473,False,False,False,vlp_only,46,6.5,4.5,0.9999999999010002,median
12,s3_vlp_blocked,6.486403725025359,4.131792507959473,False,False,False,static_fusion,46,6.5,4.5,0.5595671971995094,median
13,s3_vlp_blocked,6.594101310260236,4.146666699824417,False,False,False,wifi_only,35,5.5,3.5,0.15296204931126559,median
13,s3_vlp_blocked,6.594101310260236,4.146666699824417,False,False,False,vlp_only,46,6.5,4.5,0.9999999999010002,median
13,s3_vlp_blocked,6.594101310260236,4.146666699824417,False,False,False,static_fusion,46,6.5,4.5,0.5702255495928669,median
14,s3_vlp_blocked,6.938536691705024,4.190811224101229,False,False,False,wifi_only,46,6.5,4.5,0.17622266903021194,median
14,s3_vlp_blocked,6.938536691705024,4.190811224101229,False,False,False,vlp_only,46,6.5,4.5,0.9900227491025687,median
14,s3_vlp_blocked,6.938536691705024,4.190811224101229,False,False,False,static_fusion,46,6.5,4.5,0.5831227090663903,median
15,s3_vlp_blocked,7.095444556622987,4.3190830854397095,False,True,False,wifi_only,46,6.5,4.5,0.17635229776267497,median
15,s3_vlp_blocked,7.095444556622987,4.3190830854397095,False,True,False,vlp_only,47,7.5,4.5,0.999999834289526,median
15,s3_vlp_blocked,7.095444556622987,4.3190830854397095,False,True,False,static_fusion,47,7.5,4.5,0.5685976846778967,median
16,s3_vlp_blocked,7.322508343984496,4.588300078241882,False,True,False,wifi_only,46,6.5,4.5,0.17635229776267497,median
16,s3_vlp_blocked,7.322508343984496,4.588300078241882,False,True,False,vlp_only,47,7.5,4.5,0.9999999999010002,median
16,s3_vlp_blocked,7.322508343984496,4.588300078241882,False,True,False,static_fusion,47,7.5,4.5,0.5685977674836339,median
17,s3_vlp_blocked,7.446193242310456,4.675563891349093,False,True,False,wifi_only,36,6.5,3.5,0.16018159943980068,median
17,s3_vlp_blocked,7.446193242310456,4.675563891349093,False,True,False,vlp_only,47,7.5,4.5,0.9999999999010002,median
17,s3_vlp_blocked,7.446193242310456,4.675563891349093,False,True,False,static_fusion,47,7.5,4.5,0.5631464837700215,median
18,s3_vlp_blocked,7.634031718409139,4.77391982605946,False,True,False,wifi_only,47,7.5,4.5,0.17253323156830827,median
18,s3_vlp_blocked,7.634031718409139,4.77391982605946,False,True,False,vlp_only,47,7.5,4.5,0.9999999998515584,median
18,s3_vlp_blocked,7.634031718409139,4.77391982605946,False,True,False,static_fusion,47,7.5,4.5,0.5862666157099333,median
19,s3_vlp_blocked,7.862727723450558,4.97492979510894,False,True,False,wifi_only,58,8.5,5.5,0.12397908018482841,median
19,s3_vlp_blocked,7.862727723450558,4.97492979510894,False,True,False,vlp_only,46,6.5,4.5,0.9999878024584521,median
19,s3_vlp_blocked,7.862727723450558,4.97492979510894,False,True,False,static_fusion,46,6.5,4.5,0.5595043170673037,median
20,s3_vlp_blocked,7.939266457295782,5.129541394281456,False,True,False,wifi_only,58,8.5,5.5,0.12448326898093684,median
20,s3_vlp_blocked,7.939266457295782,5.129541394281456,False,True,False,vlp_only,55,5.5,5.5,0.9999999999010002,median
20,s3_vlp_blocked,7.939266457295782,5.129541394281456,False,True,False,static_fusion,55,5.5,5.5,0.5073928298427705,median
21,s3_vlp_blocked,8.011102297567714,5.276303396065385,False,True,False,wifi_only,47,7.5,4.5,0.12528917401281947,median
21,s3_vlp_blocked,8.011102297567714,5.276303396065385,False,True,False,vlp_only,59,9.5,5.5,0.6988500853980557,median
21,s3_vlp_blocked,8.011102297567714,5.276303396065385,False,True,False,static_fusion,59,9.5,5.5,0.38724231321894864,median
22,s3_vlp_blocked,8.343062278059984,5.445902988798278,False,True,False,wifi_only,58,8.5,5.5,0.1682839741298946,median
22,s3_vlp_blocked,8.343062278059984,5.445902988798278,False,True,False,vlp_only,59,9.5,5.5,0.9999999999010002,median
22,s3_vlp_blocked,8.343062278059984,5.445902988798278,False,True,False,static_fusion,59,9.5,5.5,0.5757723929147156,median
23,s3_vlp_blocked,8.52052164720882,5.6027346910434765,False,True,False,wifi_only,59,9.5,5.5,0.17883316708468322,median
23,s3_vlp_blocked,8.52052164720882,5.6027346910434765,False,True,False,vlp_only,59,9.5,5.5,0.9999999999010002,median
23,s3_vlp_blocked,8.52052164720882,5.6027346910434765,False,True,False,static_fusion,59,9.5,5.5,0.5894165834928418,median
24,s3_vlp_blocked,8.840063415262575,5.876328672083288,False,True,False,wifi_only,59,9.5,5.5,0.17399420296764562,median
24,s3_vlp_blocked,8.840063415262575,5.876328672083288,False,True,False,vlp_only,99,9.5,9.5,0.9999999999010001,median
24,s3_vlp_blocked,8.840063415262575,5.876328672083288,False,True,False,static_fusion,99,9.5,9.5,0.5001141187489685,median
25,s3_vlp_blocked,9.133542118122302,6.275738550131283,False,True,False,wifi_only,59,9.5,5.5,0.16982418705614782,median
25,s3_vlp_blocked,9.133542118122302,6.275738550131283,False,True,False,vlp_only,99,9.5,9.5,0.9999999999010001,median
25,s3_vlp_blocked,9.133542118122302,6.275738550131283,False,True,False,static_fusion,99,9.5,9.5,0.5001185597601473,median
26,s3_vlp_blocked,9.35618800793218,6.65718067016028,False,True,False,wifi_only,59,9.5,5.5,0.22984543530103138,median
26,s3_vlp_blocked,9.35618800793218,6.65718067016028,False,True,False,vlp_only,99,9.5,9.5,0.9999999999010001,median
26,s3_vlp_blocked,9.35618800793218,6.65718067016028,False,True,False,static_fusion,99,9.5,9.5,0.5005063139601552,median
27,s3_vlp_blocked,9.561103088027537,7.107641397521033,False,True,False,wifi_only,59,9.5,5.5,0.16915794130831016,median
27,s3_vlp_blocked,9.561103088027537,7.107641397521033,False,True,False,vlp_only,99,9.5,9.5,0.9999999999010001,median
27,s3_vlp_blocked,9.561103088027537,7.107641397521033,False,True,False,static_fusion,99,9.5,9.5,0.5001833454358733,median
28,s3_vlp_blocked,9.62294450389752,7.287936096739562,False,False,False,wifi_only,69,9.5,6.5,0.20380292537156025,median
28,s3_vlp_blocked,9.62294450389752,7.287936096739562,False,False,False,vlp_only,99,9.5,9.5,0.9999999999010001,median
28,s3_vlp_blocked,9.62294450389752,7.287936096739562,False,False,False,static_fusion,99,9.5,9.5,0.5034896047185435,median
29,s3_vlp_blocked,9.567042849149868,7.590650497286169,False,False,False,wifi_only,69,9.5,6.5,0.26688455610568157,median
29,s3_vlp_blocked,9.567042849149868,7.590650497286169,False,False,False,vlp_only,79,9.5,7.5,0.9998979512118737,median
29,s3_vlp_blocked,9.567042849149868,7.590650497286169,False,False,False,static_fusion,79,9.5,7.5,0.6145286122728387,median
30,s3_vlp_blocked,9.368809486427658,7.926124173973704,False,False,False,wifi_only,89,9.5,8.5,0.2391237546366757,median
30,s3_vlp_blocked,9.368809486427658,7.926124173973704,False,False,False,vlp_only,79,9.5,7.5,0.9998441614723276,median
30,s3_vlp_blocked,9.368809486427658,7.926124173973704,False,False,False,static_fusion,79,9.5,7.5,0.6115913925510549,median
31,s3_vlp_blocked,9.317903367352146,8.04732779879347,False,False,False,wifi_only,89,9.5,8.5,0.23519686286404035,median
31,s3_vlp_blocked,9.317903367352146,8.04732779879347,False,False,False,vlp_only,79,9.5,7.5,0.9998441614723276,median
31,s3_vlp_blocked,9.317903367352146,8.04732779879347,False,False,False,static_fusion,79,9.5,7.5,0.6120277594855308,median
32,s3_vlp_blocked,9.186332412855084,8.43241929333643,False,False,False,wifi_only,89,9.5,8.5,0.22608676225301183,median
32,s3_vlp_blocked,9.186332412855084,8.43241929333643,False,False,False,vlp_only,79,9.5,7.5,0.8591460470135444,median
32,s3_vlp_blocked,9.186332412855084,8.43241929333643,False,False,False,static_fusion,79,9.5,7.5,0.5303537017717239,median
33,s3_vlp_blocked,9.112727671229193,8.796655767469591,False,False,False,wifi_only,89,9.5,8.5,0.2646176456258118,median
33,s3_vlp_blocked,9.112727671229193,8.796655767469591,False,False,False,vlp_only,89,9.5,8.5,0.9971383026458206,median
33,s3_vlp_blocked,9.112727671229193,8.796655767469591,False,False,False,static_fusion,89,9.5,8.5,0.6308779741358161,median
34,s3_vlp_blocked,9.270799859312152,9.22745450829668,False,False,False,wifi_only,89,9.5,8.5,0.21867274461827224,median
34,s3_vlp_blocked,9.270799859312152,9.22745450829668,False,False,False,vlp_only,89,9.5,8.5,0.9999893008032138,median
34,s3_vlp_blocked,9.270799859312152,9.22745450829668,False,False,False,static_fusion,89,9.5,8.5,0.609331022710743,median
35,s3_vlp_blocked,9.423420837008932,9.422997081607893,False,False,False,wifi_only,89,9.5,8.5,0.17671053306970316,median
35,s3_vlp_blocked,9.423420837008932,9.422997081607893,False,False,False,vlp_only,89,9.5,8.5,0.998567658634406,median
35,s3_vlp_blocked,9.423420837008932,9.422997081607893,False,False,False,static_fusion,89,9.5,8.5,0.5876390958520545,median
36,s3_vlp_blocked,9.481110661263054,9.62212971253768,False,False,False,wifi_only,99,9.5,9.5,0.23065603377375407,median
36,s3_vlp_blocked,9.481110661263054,9.62212971253768,False,False,False,vlp_only,89,9.5,8.5,0.9998868762060809,median
36,s3_vlp_blocked,9.481110661263054,9.62212971253768,False,False,False,static_fusion,89,9.5,8.5,0.6069829771850277,median
37,s3_vlp_blocked,9.541752579513968,9.92203908827878,False,False,False,wifi_only,99,9.5,9.5,0.44132337794516624,median
37,s3_vlp_blocked,9.541752579513968,9.92203908827878,False,False,False,vlp_only,99,9.5,9.5,0.9999999999010001,median
37,s3_vlp_blocked,9.541752579513968,9.92203908827878,False,False,False,static_fusion,99,9.5,9.5,0.7206616889230831,median
38,s3_vlp_blocked,9.402562603553038,9.543991147418636,False,False,False,wifi_only,99,9.5,9.5,0.30174823295196873,median
38,s3_vlp_blocked,9.402562603553038,9.543991147418636,False,False,False,vlp_only,99,9.5,9.5,0.9999999999010001,median
38,s3_vlp_blocked,9.402562603553038,9.543991147418636,False,False,False,static_fusion,99,9.5,9.5,0.6508741164264844,median
39,s3_vlp_blocked,9.44479730227728,9.391504817262849,False,False,False,wifi_only,89,9.5,8.5,0.2277093912780735,median
39,s3_vlp_blocked,9.44479730227728,9.391504817262849,False,False,False,vlp_only,99,9.5,9.5,0.9999999999010001,median
39,s3_vlp_blocked,9.44479730227728,9.391504817262849,False,False,False,static_fusion,99,9.5,9.5,0.5964180023750182,median
40,s3_vlp_blocked,9.525454359161255,8.940867722935458,False,False,False,wifi_only,89,9.5,8.5,0.2277093912780735,median
40,s3_vlp_blocked,9.525454359161255,8.940867722935458,False,False,False,vlp_only,99,9.5,9.5,0.9999999999010001,median
40,s3_vlp_blocked,9.525454359161255,8.940867722935458,False,False,False,static_fusion,99,9.5,9.5,0.5964180023750182,median
41,s3_vlp_blocked,9.823585243977655,8.584999463128653,False,False,False,wifi_only,89,9.5,8.5,0.2277093912780735,median
41,s3_vlp_blocked,9.823585243977655,8.584999463128653,False,False,False,vlp_only,99,9.5,9.5,0.9999999999010001,median
41,s3_vlp_blocked,9.823585243977655,8.584999463128653,False,False,False,static_fusion,99,9.5,9.5,0.5964180023750182,median
42,s3_vlp_blocked,9.694700842723162,8.966546447675274,False,False,False,wifi_only,89,9.5,8.5,0.2277093912780735,median
42,s3_vlp_blocked,9.694700842723162,8.966546447675274,False,False,False,vlp_only,99,9.5,9.5,0.9999999999010001,median
42,s3_vlp_blocked,9.694700842723162,8.966546447675274,False,False,False,static_fusion,99,9.5,9.5,0.5964180023750182,median
43,s3_vlp_blocked,9.569223421271444,9.326938465999294,False,False,False,wifi_only,89,9.5,8.5,0.20287430781967178,median
43,s3_vlp_blocked,9.569223421271444,9.326938465999294,False,False,False,vlp_only,99,9.5,9.5,0.9999999999010001,median
43,s3_vlp_blocked,9.569223421271444,9.326938465999294,False,False,False,static_fusion,99,9.5,9.5,0.5978843066406307,median
44,s3_vlp_blocked,9.534535416987817,9.784343768551336,False,False,False,wifi_only,99,9.5,9.5,0.35556579982276293,median
44,s3_vlp_blocked,9.534535416987817,9.784343768551336,False,False,False,vlp_only,99,9.5,9.5,0.9999999999010001,median
44,s3_vlp_blocked,9.534535416987817,9.784343768551336,False,False,False,static_fusion,99,9.5,9.5,0.6777828998618816,median
45,s3_vlp_blocked,9.54487381028695,9.92332836828298,False,True,False,wifi_only,99,9.5,9.5,0.3015046512285184,median
45,s3_vlp_blocked,9.54487381028695,9.92332836828298,False,True,False,vlp_only,99,9.5,9.5,0.9999999999010001,median
45,s3_vlp_blocked,9.54487381028695,9.92332836828298,False,True,False,static_fusion,99,9.5,9.5,0.6507523255647593,median
46,s3_vlp_blocked,9.558162041417896,9.663482828106742,False,True,False,wifi_only,99,9.5,9.5,0.33086325896953833,median
46,s3_vlp_blocked,9.558162041417896,9.663482828106742,False,True,False,vlp_only,99,9.5,9.5,0.9999999999010001,median
46,s3_vlp_blocked,9.558162041417896,9.663482828106742,False,True,False,static_fusion,99,9.5,9.5,0.6654316294352692,median
47,s3_vlp_blocked,9.5646528065164,9.424365913186056,False,True,False,wifi_only,99,9.5,9.5,0.28591647453444646,median
47,s3_vlp_blocked,9.5646528065164,9.424365913186056,False,True,False,vlp_only,99,9.5,9.5,0.9999999999010001,median
47,s3_vlp_blocked,9.5646528065164,9.424365913186056,False,True,False,static_fusion,99,9.5,9.5,0.6429582372177233,median
48,s3_vlp_blocked,9.50103939557558,9.114055937821927,False,True,False,wifi_only,99,9.5,9.5,0.29948804217043035,median
48,s3_vlp_blocked,9.50103939557558,9.114055937821927,False,True,False,vlp_only,99,9.5,9.5,0.9999999999010001,median
48,s3_vlp_blocked,9.50103939557558,9.114055937821927,False,True,False,static_fusion,99,9.5,9.5,0.6497440210357153,median
49,s3_vlp_blocked,9.414656161118282,8.731094504017625,False,True,False,wifi_only,99,9.5,9.5,0.29948804217043035,median
49,s3_vlp_blocked,9.414656161118282,8.731094504017625,False,True,False,vlp_only,99,9.5,9.5,0.9999999999010001,median
49,s3_vlp_blocked,9.414656161118282,8.731094504017625,False,True,False,static_fusion,99,9.5,9.5,0.6497440210357153,median
50,s3_vlp_blocked,9.21633605588256,8.49062670552971,False,True,False,wifi_only,99,9.5,9.5,0.29948804217043035,median
50,s3_vlp_blocked,9.21633605588256,8.49062670552971,False,True,False,vlp_only,99,9.5,9.5,0.9999999999010001,median
50,s3_vlp_blocked,9.21633605588256,8.49062670552971,False,True,False,static_fusion,99,9.5,9.5,0.6497440210357153,median
51,s3_vlp_blocked,9.11760935449355,8.438577566893754,False,True,False,wifi_only,98,8.5,9.5,0.18032032654100547,median
51,s3_vlp_blocked,9.11760935449355,8.438577566893754,False,True,False,vlp_only,99,9.5,9.5,0.9999999999010001,median
51,s3_vlp_blocked,9.11760935449355,8.438577566893754,False,True,False,static_fusion,99,9.5,9.5,0.5783246308288431,median
52,s3_vlp_blocked,8.922779282926651,8.205081914366874,False,True,False,wifi_only,78,8.5,7.5,0.16279499416092438,median
52,s3_vlp_blocked,8.922779282926651,8.205081914366874,False,True,False,vlp_only,59,9.5,5.5,0.9948887482518367,median
52,s3_vlp_blocked,8.922779282926651,8.205081914366874,False,True,False,static_fusion,59,9.5,5.5,0.4995816142946527,median
53,s3_vlp_blocked,8.733693244154269,8.016610598714413,False,True,False,wifi_only,78,8.5,7.5,0.16381712378106214,median
53,s3_vlp_blocked,8.733693244154269,8.016610598714413,False,True,False,vlp_only,98,8.5,9.5,0.999999999901,median
53,s3_vlp_blocked,8.733693244154269,8.016610598714413,False,True,False,static_fusion,98,8.5,9.5,0.5460352157356627,median
54,s3_vlp_blocked,8.604067606013617,7.71418254806786,False,True,False,wifi_only,78,8.5,7.5,0.15881431278830654,median
54,s3_vlp_blocked,8.604067606013617,7.71418254806786,False,True,False,vlp_only,95,5.5,9.5,0.9999999999010001,median
54,s3_vlp_blocked,8.604067606013617,7.71418254806786,False,True,False,static_fusion,95,5.5,9.5,0.49999999995100003,median
55,s3_vlp_blocked,8.380292121918876,7.508518197183664,False,True,False,wifi_only,78,8.5,7.5,0.15956750491547728,median
55,s3_vlp_blocked,8.380292121918876,7.508518197183664,False,True,False,vlp_only,59,9.5,5.5,0.9999996008573597,median
55,s3_vlp_blocked,8.380292121918876,7.508518197183664,False,True,False,static_fusion,59,9.5,5.5,0.5027980159023583,median
56,s3_vlp_blocked,8.261298236940235,7.032237617033076,False,False,False,wifi_only,78,8.5,7.5,0.15471592909867546,median
56,s3_vlp_blocked,8.261298236940235,7.032237617033076,False,False,False,vlp_only,59,9.5,5.5,0.9999999999010002,median
56,s3_vlp_blocked,8.261298236940235,7.032237617033076,False,False,False,static_fusion,59,9.5,5.5,0.5027630600604945,median
57,s3_vlp_blocked,8.367834526148913,6.700942345233571,False,False,False,wifi_only,67,7.5,6.5,0.1171795328643574,median
57,s3_vlp_blocked,8.367834526148913,6.700942345233571,False,False,False,vlp_only,79,9.5,7.5,0.9999999999007296,median
57,s3_vlp_blocked,8.367834526148913,6.700942345233571,False,False,False,static_fusion,79,9.5,7.5,0.5324338513145955,median
58,s3_vlp_blocked,8.353958878788386,6.494196804329148,False,False,False,wifi_only,68,8.5,6.5,0.1314126024692159,median
58,s3_vlp_blocked,8.353958878788386,6.494196804329148,False,False,False,vlp_only,68,8.5,6.5,0.9999999964871835,median
58,s3_vlp_blocked,8.353958878788386,6.494196804329148,False,False,False,static_fusion,68,8.5,6.5,0.5657062994781997,median
59,s3_vlp_blocked,8.336546429042226,6.293616283957347,False,False,False,wifi_only,78,8.5,7.5,0.15490677694124602,median
59,s3_vlp_blocked,8.336546429042226,6.293616283957347,False,False,False,vlp_only,68,8.5,6.5,0.9999999788716794,median
59,s3_vlp_blocked,8.336546429042226,6.293616283957347,False,False,False,static_fusion,68,8.5,6.5,0.5501147540119936,median
60,s3_vlp_blocked,8.40346815147133,6.116995442632617,False,False,False,wifi_only,68,8.5,6.5,0.13047617326378555,median
60,s3_vlp_blocked,8.40346815147133,6.116995442632617,False,False,False,vlp_only,68,8.5,6.5,0.9999999579572729,median
60,s3_vlp_blocked,8.40346815147133,6.116995442632617,False,False,False,static_fusion,68,8.5,6.5,0.5652380656105293,median
61,s3_vlp_blocked,8.546844700935843,5.924881887661858,False,False,False,wifi_only,68,8.5,6.5,0.14357771234676986,median
61,s3_vlp_blocked,8.546844700935843,5.924881887661858,False,False,False,vlp_only,68,8.5,6.5,0.9999998760478858,median
61,s3_vlp_blocked,8.546844700935843,5.924881887661858,False,False,False,static_fusion,68,8.5,6.5,0.5717887941973279,median
62,s3_vlp_blocked,8.729904160776496,5.547744951919951,False,False,False,wifi_only,68,8.5,6.5,0.1572175472325637,median
62,s3_vlp_blocked,8.729904160776496,5.547744951919951,False,False,False,vlp_only,69,9.5,6.5,0.9999999999010001,median
62,s3_vlp_blocked,8.729904160776496,5.547744951919951,False,False,False,static_fusion,69,9.5,6.5,0.5551598309540345,median
63,s3_vlp_blocked,8.77202584280195,5.143629060389316,False,False,False,wifi_only,57,7.5,5.5,0.15549532266468277,median
63,s3_vlp_blocked,8.77202584280195,5.143629060389316,False,False,False,vlp_only,69,9.5,6.5,0.9999999999010001,median
63,s3_vlp_blocked,8.77202584280195,5.143629060389316,False,False,False,static_fusion,69,9.5,6.5,0.5255815897420987,median
64,s3_vlp_blocked,8.718437609453172,4.97610578105409,False,False,False,wifi_only,57,7.5,5.5,0.1459729539391523,median
64,s3_vlp_blocked,8.718437609453172,4.97610578105409,False,False,False,vlp_only,58,8.5,5.5,0.9999999999010002,median
64,s3_vlp_blocked,8.718437609453172,4.97610578105409,False,False,False,static_fusion,58,8.5,5.5,0.5659759489456981,median
65,s3_vlp_blocked,8.667563530000693,4.866630764710654,False,False,False,wifi_only,58,8.5,5.5,0.1471425377283829,median
65,s3_vlp_blocked,8.667563530000693,4.866630764710654,False,False,False,vlp_only,59,9.5,5.5,0.9999999999010002,median
65,s3_vlp_blocked,8.667563530000693,4.866630764710654,False,False,False,static_fusion,59,9.5,5.5,0.5541046772353919,median
66,s3_vlp_blocked,8.542366419283344,4.760216825616967,False,False,False,wifi_only,59,9.5,5.5,0.1857800797630472,median
66,s3_vlp_blocked,8.542366419283344,4.760216825616967,False,False,False,vlp_only,49,9.5,4.5,0.9999999999010002,median
66,s3_vlp_blocked,8.542366419283344,4.760216825616967,False,False,False,static_fusion,49,9.5,4.5,0.5220184760018,median
67,s3_vlp_blocked,8.382687489621802,4.499553999003734,False,False,False,wifi_only,58,8.5,5.5,0.1394813611760728,median
67,s3_vlp_blocked,8.382687489621802,4.499553999003734,False,False,False,vlp_only,49,9.5,4.5,0.9999999999010002,median
67,s3_vlp_blocked,8.382687489621802,4.499553999003734,False,False,False,static_fusion,49,9.5,4.5,0.511737793820131,median
68,s3_vlp_blocked,8.31381336958047,4.356990528873265,False,False,False,wifi_only,69,9.5,6.5,0.18561972814642563,median
68,s3_vlp_blocked,8.31381336958047,4.356990528873265,False,False,False,vlp_only,48,8.5,4.5,0.9999999997779693,median
68,s3_vlp_blocked,8.31381336958047,4.356990528873265,False,False,False,static_fusion,48,8.5,4.5,0.5166572158996274,median
69,s3_vlp_blocked,8.173199902177743,4.055129301838792,False,False,False,wifi_only,58,8.5,5.5,0.1681925150695495,median
69,s3_vlp_blocked,8.173199902177743,4.055129301838792,False,False,False,vlp_only,48,8.5,4.5,0.9999999957509736,median
69,s3_vlp_blocked,8.173199902177743,4.055129301838792,False,False,False,static_fusion,48,8.5,4.5,0.5297310590710687,median
70,s3_vlp_blocked,7.958876024659174,3.799783052657366,False,False,False,wifi_only,48,8.5,4.5,0.1752960546178666,median
70,s3_vlp_blocked,7.958876024659174,3.799783052657366,False,False,False,vlp_only,48,8.5,4.5,0.9974375642814851,median
70,s3_vlp_blocked,7.958876024659174,3.799783052657366,False,False,False,static_fusion,48,8.5,4.5,0.5863668094496758,median
71,s3_vlp_blocked,7.833669525191001,3.638141757452688,False,False,False,wifi_only,48,8.5,4.5,0.17382760222979102,median
71,s3_vlp_blocked,7.833669525191001,3.638141757452688,False,False,False,vlp_only,39,9.5,3.5,0.9999999999010002,median
71,s3_vlp_blocked,7.833669525191001,3.638141757452688,False,False,False,static_fusion,39,9.5,3.5,0.5111135335862486,median
72,s3_vlp_blocked,7.664684483724226,3.3337804086327285,False,False,False,wifi_only,49,9.5,4.5,0.2397422666787087,median
72,s3_vlp_blocked,7.664684483724226,3.3337804086327285,False,False,False,vlp_only,38,8.5,3.5,0.9998837241277286,median
72,s3_vlp_blocked,7.664684483724226,3.3337804086327285,False,False,False,static_fusion,38,8.5,3.5,0.5200678480816555,median
73,s3_vlp_blocked,7.325126662205962,3.0900072935102134,False,False,False,wifi_only,37,7.5,3.5,0.19507720003022513,median
73,s3_vlp_blocked,7.325126662205962,3.0900072935102134,False,False,False,vlp_only,37,7.5,3.5,0.9945999541777941,median
73,s3_vlp_blocked,7.325126662205962,3.0900072935102134,False,False,False,static_fusion,37,7.5,3.5,0.5948385771040096,median
74,s3_vlp_blocked,7.295614884999138,2.9887682845800643,False,False,False,wifi_only,27,7.5,2.5,0.1982267297306652,median
74,s3_vlp_blocked,7.295614884999138,2.9887682845800643,False,False,False,vlp_only,37,7.5,3.5,0.9999999948925172,median
74,s3_vlp_blocked,7.295614884999138,2.9887682845800643,False,False,False,static_fusion,37,7.5,3.5,0.5680982723363227,median
75,s3_vlp_blocked,7.296351451677773,2.798195708361908,False,True,False,wifi_only,27,7.5,2.5,0.18525466981555083,median
75,s3_vlp_blocked,7.296351451677773,2.798195708361908,False,True,False,vlp_only,37,7.5,3.5,0.9999999999010002,median
75,s3_vlp_blocked,7.296351451677773,2.798195708361908,False,True,False,static_fusion,37,7.5,3.5,0.5728201013764416,median
76,s3_vlp_blocked,7.251642624966383,2.337893241987238,False,True,False,wifi_only,27,7.5,2.5,0.19472086707572192,median
76,s3_vlp_blocked,7.251642624966383,2.337893241987238,False,True,False,vlp_only,37,7.5,3.5,0.9999999987882352,median
76,s3_vlp_blocked,7.251642624966383,2.337893241987238,False,True,False,static_fusion,37,7.5,3.5,0.5410177603625481,median
77,s3_vlp_blocked,7.191112638050282,2.11104971712342,False,True,False,wifi_only,27,7.5,2.5,0.19472086707572192,median
77,s3_vlp_blocked,7.191112638050282,2.11104971712342,False,True,False,vlp_only,27,7.5,2.5,0.9999999999010002,median
77,s3_vlp_blocked,7.191112638050282,2.11104971712342,False,True,False,static_fusion,27,7.5,2.5,0.5973604334883611,median
78,s3_vlp_blocked,7.088997127565227,1.8280730412017787,False,True,False,wifi_only,27,7.5,2.5,0.19472086707572192,median
78,s3_vlp_blocked,7.088997127565227,1.8280730412017787,False,True,False,vlp_only,17,7.5,1.5,0.9999999999010003,median
78,s3_vlp_blocked,7.088997127565227,1.8280730412017787,False,True,False,static_fusion,17,7.5,1.5,0.5181822743843391,median
79,s3_vlp_blocked,7.114586335383993,1.531713950324241,False,True,False,wifi_only,27,7.5,2.5,0.26464336357230717,median
79,s3_vlp_blocked,7.114586335383993,1.531713950324241,False,True,False,vlp_only,17,7.5,1.5,0.9999999999010003,median
79,s3_vlp_blocked,7.114586335383993,1.531713950324241,False,True,False,static_fusion,17,7.5,1.5,0.5283140041756056,median
80,s3_vlp_blocked,7.170157133048356,1.3067743629177078,False,True,False,wifi_only,27,7.5,2.5,0.29111562264081375,median
80,s3_vlp_blocked,7.170157133048356,1.3067743629177078,False,True,False,vlp_only,17,7.5,1.5,0.9999999999010003,median
80,s3_vlp_blocked,7.170157133048356,1.3067743629177078,False,True,False,static_fusion,17,7.5,1.5,0.5806145712218822,median
81,s3_vlp_blocked,7.201631077444322,1.1339839347561254,False,True,False,wifi_only,27,7.5,2.5,0.25750858083112,median
81,s3_vlp_blocked,7.201631077444322,1.1339839347561254,False,True,False,vlp_only,17,7.5,1.5,0.9999999999010003,median
81,s3_vlp_blocked,7.201631077444322,1.1339839347561254,False,True,False,static_fusion,17,7.5,1.5,0.61392448432452,median
82,s3_vlp_blocked,7.155776983713249,0.8528139925624313,False,True,False,wifi_only,17,7.5,1.5,0.32914265401643855,median
82,s3_vlp_blocked,7.155776983713249,0.8528139925624313,False,True,False,vlp_only,7,7.5,0.5,0.9999999999010003,median
82,s3_vlp_blocked,7.155776983713249,0.8528139925624313,False,True,False,static_fusion,7,7.5,0.5,0.5930700958663035,median
83,s3_vlp_blocked,6.976127786010122,0.4956267479912126,False,False,False,wifi_only,7,7.5,0.5,0.47160466454546934,median
83,s3_vlp_blocked,6.976127786010122,0.4956267479912126,False,False,False,vlp_only,7,7.5,0.5,0.9999999999010003,median
83,s3_vlp_blocked,6.976127786010122,0.4956267479912126,False,False,False,static_fusion,7,7.5,0.5,0.7358023322232347,median
84,s3_vlp_blocked,6.74255867268218,0.0843728881784015,False,False,False,wifi_only,7,7.5,0.5,0.47160466454546934,median
84,s3_vlp_blocked,6.74255867268218,0.0843728881784015,False,False,False,vlp_only,7,7.5,0.5,0.9999999999010003,median
84,s3_vlp_blocked,6.74255867268218,0.0843728881784015,False,False,False,static_fusion,7,7.5,0.5,0.7358023322232347,median
85,s3_vlp_blocked,7.064294392948221,0.3942671783051067,False,False,False,wifi_only,7,7.5,0.5,0.28659420986844397,median
85,s3_vlp_blocked,7.064294392948221,0.3942671783051067,False,False,False,vlp_only,6,6.5,0.5,0.9999999999010003,median
85,s3_vlp_blocked,7.064294392948221,0.3942671783051067,False,False,False,static_fusion,6,6.5,0.5,0.5870115610730169,median
86,s3_vlp_blocked,7.176188436555574,0.5060043216815018,False,False,False,wifi_only,7,7.5,0.5,0.2781523012901686,median
86,s3_vlp_blocked,7.176188436555574,0.5060043216815018,False,False,False,vlp_only,6,6.5,0.5,0.9999999999010003,median
86,s3_vlp_blocked,7.176188436555574,0.5060043216815018,False,False,False,static_fusion,6,6.5,0.5,0.5909889797075883,median
87,s3_vlp_blocked,7.307226017604519,0.5668144077417742,False,False,False,wifi_only,7,7.5,0.5,0.31961132701145256,median
87,s3_vlp_blocked,7.307226017604519,0.5668144077417742,False,False,False,vlp_only,7,7.5,0.5,0.9999999999010003,median
87,s3_vlp_blocked,7.307226017604519,0.5668144077417742,False,False,False,static_fusion,7,7.5,0.5,0.6598056634562264,median
88,s3_vlp_blocked,7.687860172244926,0.7189120364284933,False,False,False,wifi_only,7,7.5,0.5,0.26044686445608123,median
88,s3_vlp_blocked,7.687860172244926,0.7189120364284933,False,False,False,vlp_only,7,7.5,0.5,0.9999999999010003,median
88,s3_vlp_blocked,7.687860172244926,0.7189120364284933,False,False,False,static_fusion,7,7.5,0.5,0.6302234321785407,median
89,s3_vlp_blocked,7.983386792676343,0.8375621710500243,False,False,False,wifi_only,7,7.5,0.5,0.2722116489378815,median
89,s3_vlp_blocked,7.983386792676343,0.8375621710500243,False,False,False,vlp_only,7,7.5,0.5,0.9999999998854788,median
89,s3_vlp_blocked,7.983386792676343,0.8375621710500243,False,False,False,static_fusion,7,7.5,0.5,0.6361058244116802,median
90,s3_vlp_blocked,8.256293406597695,0.875446755726633,False,False,False,wifi_only,7,7.5,0.5,0.30562498609766164,median
90,s3_vlp_blocked,8.256293406597695,0.875446755726633,False,False,False,vlp_only,7,7.5,0.5,0.999999999296061,median
90,s3_vlp_blocked,8.256293406597695,0.875446755726633,False,False,False,static_fusion,7,7.5,0.5,0.6528124926968613,median
91,s3_vlp_blocked,8.425989160054677,0.93045254740169,False,False,False,wifi_only,7,7.5,0.5,0.2812896146966689,median
91,s3_vlp_blocked,8.425989160054677,0.93045254740169,False,False,False,vlp_only,7,7.5,0.5,0.9999999939037656,median
91,s3_vlp_blocked,8.425989160054677,0.93045254740169,False,False,False,static_fusion,7,7.5,0.5,0.6406448043002173,median
92,s3_vlp_blocked,8.863055882305986,1.1231286812777777,False,False,False,wifi_only,8,8.5,0.5,0.3044561087313516,median
92,s3_vlp_blocked,8.863055882305986,1.1231286812777777,False,False,False,vlp_only,8,8.5,0.5,0.999901208780911,median
92,s3_vlp_blocked,8.863055882305986,1.1231286812777777,False,False,False,static_fusion,8,8.5,0.5,0.6521786587561312,median
93,s3_vlp_blocked,9.23021965860404,1.1465464090231468,False,False,False,wifi_only,8,8.5,0.5,0.2755401181467891,median
93,s3_vlp_blocked,9.23021965860404,1.1465464090231468,False,False,False,vlp_only,8,8.5,0.5,0.9994972226765135,median
93,s3_vlp_blocked,9.23021965860404,1.1465464090231468,False,False,False,static_fusion,8,8.5,0.5,0.6375186704116512,median
94,s3_vlp_blocked,9.37371170551081,1.169754508811914,False,False,False,wifi_only,8,8.5,0.5,0.3126401071330759,median
94,s3_vlp_blocked,9.37371170551081,1.169754508811914,False,False,False,vlp_only,19,9.5,1.5,0.7735852965863159,median
94,s3_vlp_blocked,9.37371170551081,1.169754508811914,False,False,False,static_fusion,19,9.5,1.5,0.488478815454392,median
95,s3_vlp_blocked,9.770217154834045,1.159649324523821,False,False,False,wifi_only,8,8.5,0.5,0.3077622065177136,median
95,s3_vlp_blocked,9.770217154834045,1.159649324523821,False,False,False,vlp_only,19,9.5,1.5,0.9487895997754486,median
95,s3_vlp_blocked,9.770217154834045,1.159649324523821,False,False,False,static_fusion,19,9.5,1.5,0.5769669856049159,median
96,s3_vlp_blocked,9.5806362152392,1.1294724581913531,False,False,False,wifi_only,18,8.5,1.5,0.29024583385936475,median
96,s3_vlp_blocked,9.5806362152392,1.1294724581913531,False,False,False,vlp_only,19,9.5,1.5,0.9662176320951256,median
96,s3_vlp_blocked,9.5806362152392,1.1294724581913531,False,False,False,static_fusion,19,9.5,1.5,0.5981561276897237,median
97,s3_vlp_blocked,9.431952925308204,0.9654622254894044,False,False,False,wifi_only,8,8.5,0.5,0.2727098542253945,median
97,s3_vlp_blocked,9.431952925308204,0.9654622254894044,False,False,False,vlp_only,19,9.5,1.5,0.9854660868263218,median
97,s3_vlp_blocked,9.431952925308204,0.9654622254894044,False,False,False,static_fusion,19,9.5,1.5,0.6131957623426446,median
98,s3_vlp_blocked,9.360595724435434,0.6120686019402459,False,False,False,wifi_only,8,8.5,0.5,0.2936343129553878,median
98,s3_vlp_blocked,9.360595724435434,0.6120686019402459,False,False,False,vlp_only,19,9.5,1.5,0.9994264002518778,median
98,s3_vlp_blocked,9.360595724435434,0.6120686019402459,False,False,False,static_fusion,19,9.5,1.5,0.6116937515844922,median
99,s3_vlp_blocked,9.26764607580253,0.4010204672213302,False,False,False,wifi_only,8,8.5,0.5,0.28432493385346275,median
99,s3_vlp_blocked,9.26764607580253,0.4010204672213302,False,False,False,vlp_only,9,9.5,0.5,0.9999999999010003,median
99,s3_vlp_blocked,9.26764607580253,0.4010204672213302,False,False,False,static_fusion,9,9.5,0.5,0.6416058120625878,median
0,s3_vlp_blocked,3.50146586178358,2.794545781008381,False,False,False,wifi_only,13,3.5,1.5,0.18072719524680994,ema
0,s3_vlp_blocked,3.50146586178358,2.794545781008381,False,False,False,vlp_only,23,3.5,2.5,0.9999999999010003,ema
0,s3_vlp_blocked,3.50146586178358,2.794545781008381,False,False,False,static_fusion,23,3.5,2.5,0.5771885538128642,ema
1,s3_vlp_blocked,3.8334314692961406,3.0879105600798664,False,False,False,wifi_only,23,3.5,2.5,0.17781991651420043,ema
1,s3_vlp_blocked,3.8334314692961406,3.0879105600798664,False,False,False,vlp_only,23,3.5,2.5,0.9999999995182204,ema
1,s3_vlp_blocked,3.8334314692961406,3.0879105600798664,False,False,False,static_fusion,23,3.5,2.5,0.5889099580162103,ema
2,s3_vlp_blocked,4.0456173120900445,3.1263296245930507,False,False,False,wifi_only,23,3.5,2.5,0.17128199286327603,ema
2,s3_vlp_blocked,4.0456173120900445,3.1263296245930507,False,False,False,vlp_only,33,3.5,3.5,0.9999999999010002,ema
2,s3_vlp_blocked,4.0456173120900445,3.1263296245930507,False,False,False,static_fusion,33,3.5,3.5,0.5672110424129247,ema
3,s3_vlp_blocked,4.42592581634721,3.113695449768073,False,False,False,wifi_only,23,3.5,2.5,0.15632617781294844,ema
3,s3_vlp_blocked,4.42592581634721,3.113695449768073,False,False,False,vlp_only,33,3.5,3.5,0.9999999999010002,ema
3,s3_vlp_blocked,4.42592581634721,3.113695449768073,False,False,False,static_fusion,33,3.5,3.5,0.5772706185563451,ema
4,s3_vlp_blocked,4.708255729915193,3.19039433570727,False,False,False,wifi_only,33,3.5,3.5,0.16758836674010044,ema
4,s3_vlp_blocked,4.708255729915193,3.19039433570727,False,False,False,vlp_only,24,4.5,2.5,0.9999999999010002,ema
4,s3_vlp_blocked,4.708255729915193,3.19039433570727,False,False,False,static_fusion,24,4.5,2.5,0.5313029475311682,ema
5,s3_vlp_blocked,4.978762662726669,3.137730843885924,False,False,False,wifi_only,34,4.5,3.5,0.17817807234743085,ema
5,s3_vlp_blocked,4.978762662726669,3.137730843885924,False,False,False,vlp_only,24,4.5,2.5,0.9999999999010002,ema
5,s3_vlp_blocked,4.978762662726669,3.137730843885924,False,False,False,static_fusion,24,4.5,2.5,0.5829881620808486,ema
6,s3_vlp_blocked,5.202025987228208,3.1529819162085304,False,False,False,wifi_only,34,4.5,3.5,0.1801419579118916,ema
6,s3_vlp_blocked,5.202025987228208,3.1529819162085304,False,False,False,vlp_only,34,4.5,3.5,0.9999999999010002,ema
6,s3_vlp_blocked,5.202025987228208,3.1529819162085304,False,False,False,static_fusion,34,4.5,3.5,0.5900709789064459,ema
7,s3_vlp_blocked,5.347337808465035,3.292281793156062,False,False,False,wifi_only,35,5.5,3.5,0.17190357852687682,ema
7,s3_vlp_blocked,5.347337808465035,3.292281793156062,False,False,False,vlp_only,34,4.5,3.5,0.9999999999010002,ema
7,s3_vlp_blocked,5.347337808465035,3.292281793156062,False,False,False,static_fusion,34,4.5,3.5,0.5682809216018349,ema
8,s3_vlp_blocked,5.716827179474,3.58088982297864,False,False,False,wifi_only,35,5.5,3.5,0.17508812217652175,ema
8,s3_vlp_blocked,5.716827179474,3.58088982297864,False,False,False,vlp_only,35,5.5,3.5,0.9999999999010002,ema
8,s3_vlp_blocked,5.716827179474,3.58088982297864,False,False,False,static_fusion,35,5.5,3.5,0.5875440610387609,ema
9,s3_vlp_blocked,5.862414412197704,3.68421178879823,False,False,False,wifi_only,35,5.5,3.5,0.19360293300393452,ema
9,s3_vlp_blocked,5.862414412197704,3.68421178879823,False,False,False,vlp_only,35,5.5,3.5,0.9999999999010002,ema
9,s3_vlp_blocked,5.862414412197704,3.68421178879823,False,False,False,static_fusion,35,5.5,3.5,0.5968014664524673,ema
10,s3_vlp_blocked,6.2621648807209205,3.865009897723677,False,False,False,wifi_only,35,5.5,3.5,0.19014395902353348,ema
10,s3_vlp_blocked,6.2621648807209205,3.865009897723677,False,False,False,vlp_only,35,5.5,3.5,0.9999999999010002,ema
10,s3_vlp_blocked,6.2621648807209205,3.865009897723677,False,False,False,static_fusion,35,5.5,3.5,0.5950719794622668,ema
11,s3_vlp_blocked,6.386402797469953,4.000359969380765,False,False,False,wifi_only,35,5.5,3.5,0.14446236263047654,ema
11,s3_vlp_blocked,6.386402797469953,4.000359969380765,False,False,False,vlp_only,35,5.5,3.5,0.9999999999010002,ema
11,s3_vlp_blocked,6.386402797469953,4.000359969380765,False,False,False,static_fusion,35,5.5,3.5,0.5722311812657385,ema
12,s3_vlp_blocked,6.486403725025359,4.131792507959473,False,False,False,wifi_only,46,6.5,4.5,0.16539948395199885,ema
12,s3_vlp_blocked,6.486403725025359,4.131792507959473,False,False,False,vlp_only,35,5.5,3.5,0.9999999997941978,ema
12,s3_vlp_blocked,6.486403725025359,4.131792507959473,False,False,False,static_fusion,35,5.5,3.5,0.5551739561793206,ema
13,s3_vlp_blocked,6.594101310260236,4.146666699824417,False,False,False,wifi_only,46,6.5,4.5,0.16129944303092508,ema
13,s3_vlp_blocked,6.594101310260236,4.146666699824417,False,False,False,vlp_only,46,6.5,4.5,0.9999999999010002,ema
13,s3_vlp_blocked,6.594101310260236,4.146666699824417,False,False,False,static_fusion,46,6.5,4.5,0.5806497214659626,ema
14,s3_vlp_blocked,6.938536691705024,4.190811224101229,False,False,False,wifi_only,46,6.5,4.5,0.16966957679930236,ema
14,s3_vlp_blocked,6.938536691705024,4.190811224101229,False,False,False,vlp_only,46,6.5,4.5,0.9999999814191499,ema
14,s3_vlp_blocked,6.938536691705024,4.190811224101229,False,False,False,static_fusion,46,6.5,4.5,0.5848347791092262,ema
15,s3_vlp_blocked,7.095444556622987,4.3190830854397095,False,True,False,wifi_only,47,7.5,4.5,0.16990645188298847,ema
15,s3_vlp_blocked,7.095444556622987,4.3190830854397095,False,True,False,vlp_only,47,7.5,4.5,0.9999999999010002,ema
15,s3_vlp_blocked,7.095444556622987,4.3190830854397095,False,True,False,static_fusion,47,7.5,4.5,0.5849532258919944,ema
16,s3_vlp_blocked,7.322508343984496,4.588300078241882,False,True,False,wifi_only,47,7.5,4.5,0.1408317049030962,ema
16,s3_vlp_blocked,7.322508343984496,4.588300078241882,False,True,False,vlp_only,46,6.5,4.5,0.9999999999010002,ema
16,s3_vlp_blocked,7.322508343984496,4.588300078241882,False,True,False,static_fusion,46,6.5,4.5,0.569266914476521,ema
17,s3_vlp_blocked,7.446193242310456,4.675563891349093,False,True,False,wifi_only,47,7.5,4.5,0.16797047115325178,ema
17,s3_vlp_blocked,7.446193242310456,4.675563891349093,False,True,False,vlp_only,56,6.5,5.5,0.9999998682367817,ema
17,s3_vlp_blocked,7.446193242310456,4.675563891349093,False,True,False,static_fusion,56,6.5,5.5,0.5101140602661273,ema
18,s3_vlp_blocked,7.634031718409139,4.77391982605946,False,True,False,wifi_only,46,6.5,4.5,0.1455725130114967,ema
18,s3_vlp_blocked,7.634031718409139,4.77391982605946,False,True,False,vlp_only,49,9.5,4.5,0.9999999921319311,ema
18,s3_vlp_blocked,7.634031718409139,4.77391982605946,False,True,False,static_fusion,49,9.5,4.5,0.5123749927807546,ema
19,s3_vlp_blocked,7.862727723450558,4.97492979510894,False,True,False,wifi_only,46,6.5,4.5,0.14253487808980883,ema
19,s3_vlp_blocked,7.862727723450558,4.97492979510894,False,True,False,vlp_only,49,9.5,4.5,0.9999999999010002,ema
19,s3_vlp_blocked,7.862727723450558,4.97492979510894,False,True,False,static_fusion,49,9.5,4.5,0.5118619531563018,ema
20,s3_vlp_blocked,7.939266457295782,5.129541394281456,False,True,False,wifi_only,58,8.5,5.5,0.16322127460441335,ema
20,s3_vlp_blocked,7.939266457295782,5.129541394281456,False,True,False,vlp_only,59,9.5,5.5,0.9999999999010002,ema
20,s3_vlp_blocked,7.939266457295782,5.129541394281456,False,True,False,static_fusion,59,9.5,5.5,0.5731474303005492,ema
21,s3_vlp_blocked,8.011102297567714,5.276303396065385,False,True,False,wifi_only,58,8.5,5.5,0.16642024370316436,ema
21,s3_vlp_blocked,8.011102297567714,5.276303396065385,False,True,False,vlp_only,49,9.5,4.5,0.9999999999010002,ema
21,s3_vlp_blocked,8.011102297567714,5.276303396065385,False,True,False,static_fusion,49,9.5,4.5,0.5297599181981136,ema
22,s3_vlp_blocked,8.343062278059984,5.445902988798278,False,True,False,wifi_only,59,9.5,5.5,0.17730128911126128,ema
22,s3_vlp_blocked,8.343062278059984,5.445902988798278,False,True,False,vlp_only,59,9.5,5.5,0.9999999999010002,ema
22,s3_vlp_blocked,8.343062278059984,5.445902988798278,False,True,False,static_fusion,59,9.5,5.5,0.5886506445061306,ema
23,s3_vlp_blocked,8.52052164720882,5.6027346910434765,False,True,False,wifi_only,58,8.5,5.5,0.16093780959496012,ema
23,s3_vlp_blocked,8.52052164720882,5.6027346910434765,False,True,False,vlp_only,59,9.5,5.5,0.9999999999010002,ema
23,s3_vlp_blocked,8.52052164720882,5.6027346910434765,False,True,False,static_fusion,59,9.5,5.5,0.5749909483956481,ema
24,s3_vlp_blocked,8.840063415262575,5.876328672083288,False,True,False,wifi_only,58,8.5,5.5,0.14129548363352462,ema
24,s3_vlp_blocked,8.840063415262575,5.876328672083288,False,True,False,vlp_only,59,9.5,5.5,0.9999999999010002,ema
24,s3_vlp_blocked,8.840063415262575,5.876328672083288,False,True,False,static_fusion,59,9.5,5.5,0.5387895892103445,ema
25,s3_vlp_blocked,9.133542118122302,6.275738550131283,False,True,False,wifi_only,58,8.5,5.5,0.16744102039382394,ema
25,s3_vlp_blocked,9.133542118122302,6.275738550131283,False,True,False,vlp_only,69,9.5,6.5,0.8661601583572739,ema
25,s3_vlp_blocked,9.133542118122302,6.275738550131283,False,True,False,static_fusion,69,9.5,6.5,0.4694074396645758,ema
26,s3_vlp_blocked,9.35618800793218,6.65718067016028,False,True,False,wifi_only,59,9.5,5.5,0.20176453570923578,ema
26,s3_vlp_blocked,9.35618800793218,6.65718067016028,False,True,False,vlp_only,99,9.5,9.5,0.9999999999010001,ema
26,s3_vlp_blocked,9.35618800793218,6.65718067016028,False,True,False,static_fusion,99,9.5,9.5,0.5019274028419347,ema
27,s3_vlp_blocked,9.561103088027537,7.107641397521033,False,True,False,wifi_only,69,9.5,6.5,0.24115064646957363,ema
27,s3_vlp_blocked,9.561103088027537,7.107641397521033,False,True,False,vlp_only,99,9.5,9.5,0.9999999999010001,ema
27,s3_vlp_blocked,9.561103088027537,7.107641397521033,False,True,False,static_fusion,99,9.5,9.5,0.5063110199180761,ema
28,s3_vlp_blocked,9.62294450389752,7.287936096739562,False,False,False,wifi_only,69,9.5,6.5,0.24007907522541083,ema
28,s3_vlp_blocked,9.62294450389752,7.287936096739562,False,False,False,vlp_only,99,9.5,9.5,0.9999996826971365,ema
28,s3_vlp_blocked,9.62294450389752,7.287936096739562,False,False,False,static_fusion,99,9.5,9.5,0.5117785695112305,ema
29,s3_vlp_blocked,9.567042849149868,7.590650497286169,False,False,False,wifi_only,79,9.5,7.5,0.2215228957487013,ema
29,s3_vlp_blocked,9.567042849149868,7.590650497286169,False,False,False,vlp_only,79,9.5,7.5,0.999984531453644,ema
29,s3_vlp_blocked,9.567042849149868,7.590650497286169,False,False,False,static_fusion,79,9.5,7.5,0.6107537136011726,ema
30,s3_vlp_blocked,9.368809486427658,7.926124173973704,False,False,False,wifi_only,79,9.5,7.5,0.23604595592632682,ema
30,s3_vlp_blocked,9.368809486427658,7.926124173973704,False,False,False,vlp_only,79,9.5,7.5,0.9996036139195336,ema
30,s3_vlp_blocked,9.368809486427658,7.926124173973704,False,False,False,static_fusion,79,9.5,7.5,0.6178247849229301,ema
31,s3_vlp_blocked,9.317903367352146,8.04732779879347,False,False,False,wifi_only,79,9.5,7.5,0.2251938515652035,ema
31,s3_vlp_blocked,9.317903367352146,8.04732779879347,False,False,False,vlp_only,79,9.5,7.5,0.9755398394761363,ema
31,s3_vlp_blocked,9.317903367352146,8.04732779879347,False,False,False,static_fusion,79,9.5,7.5,0.6003668455206699,ema
32,s3_vlp_blocked,9.186332412855084,8.43241929333643,False,False,False,wifi_only,78,8.5,7.5,0.14275798909168816,ema
32,s3_vlp_blocked,9.186332412855084,8.43241929333643,False,False,False,vlp_only,89,9.5,8.5,0.9901572394515084,ema
32,s3_vlp_blocked,9.186332412855084,8.43241929333643,False,False,False,static_fusion,89,9.5,8.5,0.5589919543682111,ema
33,s3_vlp_blocked,9.112727671229193,8.796655767469591,False,False,False,wifi_only,89,9.5,8.5,0.2299747982470002,ema
33,s3_vlp_blocked,9.112727671229193,8.796655767469591,False,False,False,vlp_only,89,9.5,8.5,0.9999987811667249,ema
33,s3_vlp_blocked,9.112727671229193,8.796655767469591,False,False,False,static_fusion,89,9.5,8.5,0.6149867897068626,ema
34,s3_vlp_blocked,9.270799859312152,9.22745450829668,False,False,False,wifi_only,89,9.5,8.5,0.22788642359965858,ema
34,s3_vlp_blocked,9.270799859312152,9.22745450829668,False,False,False,vlp_only,89,9.5,8.5,0.9999989688457737,ema
34,s3_vlp_blocked,9.270799859312152,9.22745450829668,False,False,False,static_fusion,89,9.5,8.5,0.6139426962227161,ema
35,s3_vlp_blocked,9.423420837008932,9.422997081607893,False,False,False,wifi_only,89,9.5,8.5,0.19873629720534358,ema
35,s3_vlp_blocked,9.423420837008932,9.422997081607893,False,False,False,vlp_only,89,9.5,8.5,0.9999922784667514,ema
35,s3_vlp_blocked,9.423420837008932,9.422997081607893,False,False,False,static_fusion,89,9.5,8.5,0.5993642878360474,ema
36,s3_vlp_blocked,9.481110661263054,9.62212971253768,False,False,False,wifi_only,89,9.5,8.5,0.25783152835393425,ema
36,s3_vlp_blocked,9.481110661263054,9.62212971253768,False,False,False,vlp_only,99,9.5,9.5,0.9999999999010001,ema
36,s3_vlp_blocked,9.481110661263054,9.62212971253768,False,False,False,static_fusion,99,9.5,9.5,0.6089761133358599,ema
37,s3_vlp_blocked,9.541752579513968,9.92203908827878,False,False,False,wifi_only,99,9.5,9.5,0.3044135115959594,ema
37,s3_vlp_blocked,9.541752579513968,9.92203908827878,False,False,False,vlp_only,99,9.5,9.5,0.9999999999010001,ema
37,s3_vlp_blocked,9.541752579513968,9.92203908827878,False,False,False,static_fusion,99,9.5,9.5,0.6522067557484797,ema
38,s3_vlp_blocked,9.402562603553038,9.543991147418636,False,False,False,wifi_only,89,9.5,8.5,0.2691578782206649,ema
38,s3_vlp_blocked,9.402562603553038,9.543991147418636,False,False,False,vlp_only,99,9.5,9.5,0.9999999999010001,ema
38,s3_vlp_blocked,9.402562603553038,9.543991147418636,False,False,False,static_fusion,99,9.5,9.5,0.6329897532130687,ema
39,s3_vlp_blocked,9.44479730227728,9.391504817262849,False,False,False,wifi_only,89,9.5,8.5,0.23090384158932173,ema
39,s3_vlp_blocked,9.44479730227728,9.391504817262849,False,False,False,vlp_only,99,9.5,9.5,0.9999999999010001,ema
39,s3_vlp_blocked,9.44479730227728,9.391504817262849,False,False,False,static_fusion,99,9.5,9.5,0.5896197430650163,ema
40,s3_vlp_blocked,9.525454359161255,8.940867722935458,False,False,False,wifi_only,89,9.5,8.5,0.21058963923852156,ema
40,s3_vlp_blocked,9.525454359161255,8.940867722935458,False,False,False,vlp_only,99,9.5,9.5,0.9999999999010001,ema
40,s3_vlp_blocked,9.525454359161255,8.940867722935458,False,False,False,static_fusion,99,9.5,9.5,0.5963992393971926,ema
41,s3_vlp_blocked,9.823585243977655,8.584999463128653,False,False,False,wifi_only,89,9.5,8.5,0.2330680470745729,ema
41,s3_vlp_blocked,9.823585243977655,8.584999463128653,False,False,False,vlp_only,99,9.5,9.5,0.9999999999010001,ema
41,s3_vlp_blocked,9.823585243977655,8.584999463128653,False,False,False,static_fusion,99,9.5,9.5,0.5855676617437559,ema
42,s3_vlp_blocked,9.694700842723162,8.966546447675274,False,False,False,wifi_only,89,9.5,8.5,0.26528073036205463,ema
42,s3_vlp_blocked,9.694700842723162,8.966546447675274,False,False,False,vlp_only,99,9.5,9.5,0.9999999999010001,ema
42,s3_vlp_blocked,9.694700842723162,8.966546447675274,False,False,False,static_fusion,99,9.5,9.5,0.6267567679868353,ema
43,s3_vlp_blocked,9.569223421271444,9.326938465999294,False,False,False,wifi_only,99,9.5,9.5,0.3248705013533368,ema
43,s3_vlp_blocked,9.569223421271444,9.326938465999294,False,False,False,vlp_only,99,9.5,9.5,0.9999999999010001,ema
43,s3_vlp_blocked,9.569223421271444,9.326938465999294,False,False,False,static_fusion,99,9.5,9.5,0.6624352506271685,ema
44,s3_vlp_blocked,9.534535416987817,9.784343768551336,False,False,False,wifi_only,99,9.5,9.5,0.3409254382514906,ema
44,s3_vlp_blocked,9.534535416987817,9.784343768551336,False,False,False,vlp_only,99,9.5,9.5,0.9999999999010001,ema
44,s3_vlp_blocked,9.534535416987817,9.784343768551336,False,False,False,static_fusion,99,9.5,9.5,0.6704627190762453,ema
45,s3_vlp_blocked,9.54487381028695,9.92332836828298,False,True,False,wifi_only,99,9.5,9.5,0.23211601099340481,ema
45,s3_vlp_blocked,9.54487381028695,9.92332836828298,False,True,False,vlp_only,99,9.5,9.5,0.9999999999010001,ema
45,s3_vlp_blocked,9.54487381028695,9.92332836828298,False,True,False,static_fusion,99,9.5,9.5,0.6160580054472025,ema
46,s3_vlp_blocked,9.558162041417896,9.663482828106742,False,True,False,wifi_only,99,9.5,9.5,0.3156598827160071,ema
46,s3_vlp_blocked,9.558162041417896,9.663482828106742,False,True,False,vlp_only,99,9.5,9.5,0.9999999999010001,ema
46,s3_vlp_blocked,9.558162041417896,9.663482828106742,False,True,False,static_fusion,99,9.5,9.5,0.6578299413085036,ema
47,s3_vlp_blocked,9.5646528065164,9.424365913186056,False,True,False,wifi_only,99,9.5,9.5,0.2900658460226972,ema
47,s3_vlp_blocked,9.5646528065164,9.424365913186056,False,True,False,vlp_only,99,9.5,9.5,0.9999999999010001,ema
47,s3_vlp_blocked,9.5646528065164,9.424365913186056,False,True,False,static_fusion,99,9.5,9.5,0.6450329229618487,ema
48,s3_vlp_blocked,9.50103939557558,9.114055937821927,False,True,False,wifi_only,99,9.5,9.5,0.2704153610620391,ema
48,s3_vlp_blocked,9.50103939557558,9.114055937821927,False,True,False,vlp_only,99,9.5,9.5,0.9999999999010001,ema
48,s3_vlp_blocked,9.50103939557558,9.114055937821927,False,True,False,static_fusion,99,9.5,9.5,0.6352076804815195,ema
49,s3_vlp_blocked,9.414656161118282,8.731094504017625,False,True,False,wifi_only,99,9.5,9.5,0.40063195401835744,ema
49,s3_vlp_blocked,9.414656161118282,8.731094504017625,False,True,False,vlp_only,99,9.5,9.5,0.9999999999010001,ema
49,s3_vlp_blocked,9.414656161118282,8.731094504017625,False,True,False,static_fusion,99,9.5,9.5,0.7003159769596787,ema
50,s3_vlp_blocked,9.21633605588256,8.49062670552971,False,True,False,wifi_only,89,9.5,8.5,0.22341941923175254,ema
50,s3_vlp_blocked,9.21633605588256,8.49062670552971,False,True,False,vlp_only,99,9.5,9.5,0.9999999999010001,ema
50,s3_vlp_blocked,9.21633605588256,8.49062670552971,False,True,False,static_fusion,99,9.5,9.5,0.6096369264597057,ema
51,s3_vlp_blocked,9.11760935449355,8.438577566893754,False,True,False,wifi_only,89,9.5,8.5,0.15861305884238233,ema
51,s3_vlp_blocked,9.11760935449355,8.438577566893754,False,True,False,vlp_only,99,9.5,9.5,0.9999999999010001,ema
51,s3_vlp_blocked,9.11760935449355,8.438577566893754,False,True,False,static_fusion,99,9.5,9.5,0.5565707202335882,ema
52,s3_vlp_blocked,8.922779282926651,8.205081914366874,False,True,False,wifi_only,88,8.5,8.5,0.16837207755786665,ema
52,s3_vlp_blocked,8.922779282926651,8.205081914366874,False,True,False,vlp_only,99,9.5,9.5,0.9999999999010001,ema
52,s3_vlp_blocked,8.922779282926651,8.205081914366874,False,True,False,static_fusion,99,9.5,9.5,0.5401783730090226,ema
53,s3_vlp_blocked,8.733693244154269,8.016610598714413,False,True,False,wifi_only,88,8.5,8.5,0.15946512296843435,ema
53,s3_vlp_blocked,8.733693244154269,8.016610598714413,False,True,False,vlp_only,99,9.5,9.5,0.9999999999010001,ema
53,s3_vlp_blocked,8.733693244154269,8.016610598714413,False,True,False,static_fusion,99,9.5,9.5,0.540708480702267,ema
54,s3_vlp_blocked,8.604067606013617,7.71418254806786,False,True,False,wifi_only,78,8.5,7.5,0.15028800993535524,ema
54,s3_vlp_blocked,8.604067606013617,7.71418254806786,False,True,False,vlp_only,99,9.5,9.5,0.9999999999010001,ema
54,s3_vlp_blocked,8.604067606013617,7.71418254806786,False,True,False,static_fusion,99,9.5,9.5,0.5242887195855305,ema
55,s3_vlp_blocked,8.380292121918876,7.508518197183664,False,True,False,wifi_only,78,8.5,7.5,0.152536084318645,ema
55,s3_vlp_blocked,8.380292121918876,7.508518197183664,False,True,False,vlp_only,99,9.5,9.5,0.9999999999010001,ema
55,s3_vlp_blocked,8.380292121918876,7.508518197183664,False,True,False,static_fusion,99,9.5,9.5,0.5112998268884923,ema
56,s3_vlp_blocked,8.261298236940235,7.032237617033076,False,False,False,wifi_only,78,8.5,7.5,0.1383086822290658,ema
56,s3_vlp_blocked,8.261298236940235,7.032237617033076,False,False,False,vlp_only,99,9.5,9.5,0.9999977826495475,ema
56,s3_vlp_blocked,8.261298236940235,7.032237617033076,False,False,False,static_fusion,99,9.5,9.5,0.5068488731552763,ema
57,s3_vlp_blocked,8.367834526148913,6.700942345233571,False,False,False,wifi_only,78,8.5,7.5,0.12975734297550515,ema
57,s3_vlp_blocked,8.367834526148913,6.700942345233571,False,False,False,vlp_only,79,9.5,7.5,0.9999999999010001,ema
57,s3_vlp_blocked,8.367834526148913,6.700942345233571,False,False,False,static_fusion,79,9.5,7.5,0.5378477230845614,ema
58,s3_vlp_blocked,8.353958878788386,6.494196804329148,False,False,False,wifi_only,68,8.5,6.5,0.1692186039220772,ema
58,s3_vlp_blocked,8.353958878788386,6.494196804329148,False,False,False,vlp_only,68,8.5,6.5,0.9995321701379841,ema
58,s3_vlp_blocked,8.353958878788386,6.494196804329148,False,False,False,static_fusion,68,8.5,6.5,0.5843753870300307,ema
59,s3_vlp_blocked,8.336546429042226,6.293616283957347,False,False,False,wifi_only,68,8.5,6.5,0.1444555465563302,ema
59,s3_vlp_blocked,8.336546429042226,6.293616283957347,False,False,False,vlp_only,68,8.5,6.5,0.9999999998550342,ema
59,s3_vlp_blocked,8.336546429042226,6.293616283957347,False,False,False,static_fusion,68,8.5,6.5,0.5722277732056822,ema
60,s3_vlp_blocked,8.40346815147133,6.116995442632617,False,False,False,wifi_only,68,8.5,6.5,0.1482047724173702,ema
60,s3_vlp_blocked,8.40346815147133,6.116995442632617,False,False,False,vlp_only,68,8.5,6.5,0.9999999963466504,ema
60,s3_vlp_blocked,8.40346815147133,6.116995442632617,False,False,False,static_fusion,68,8.5,6.5,0.5741023843820103,ema
61,s3_vlp_blocked,8.546844700935843,5.924881887661858,False,False,False,wifi_only,68,8.5,6.5,0.1319764356931361,ema
61,s3_vlp_blocked,8.546844700935843,5.924881887661858,False,False,False,vlp_only,69,9.5,6.5,0.9999999999010001,ema
61,s3_vlp_blocked,8.546844700935843,5.924881887661858,False,False,False,static_fusion,69,9.5,6.5,0.5257762769148516,ema
62,s3_vlp_blocked,8.729904160776496,5.547744951919951,False,False,False,wifi_only,68,8.5,6.5,0.1711961812706497,ema
62,s3_vlp_blocked,8.729904160776496,5.547744951919951,False,False,False,vlp_only,69,9.5,6.5,0.9999999999010001,ema
62,s3_vlp_blocked,8.729904160776496,5.547744951919951,False,False,False,static_fusion,69,9.5,6.5,0.5594012719400752,ema
63,s3_vlp_blocked,8.77202584280195,5.143629060389316,False,False,False,wifi_only,58,8.5,5.5,0.15462782038763112,ema
63,s3_vlp_blocked,8.77202584280195,5.143629060389316,False,False,False,vlp_only,58,8.5,5.5,0.99999999982141,ema
63,s3_vlp_blocked,8.77202584280195,5.143629060389316,False,False,False,static_fusion,58,8.5,5.5,0.5773139101045205,ema
64,s3_vlp_blocked,8.718437609453172,4.97610578105409,False,False,False,wifi_only,58,8.5,5.5,0.15684477807194397,ema
64,s3_vlp_blocked,8.718437609453172,4.97610578105409,False,False,False,vlp_only,58,8.5,5.5,0.9999999999010002,ema
64,s3_vlp_blocked,8.718437609453172,4.97610578105409,False,False,False,static_fusion,58,8.5,5.5,0.5784223889864721,ema
65,s3_vlp_blocked,8.667563530000693,4.866630764710654,False,False,False,wifi_only,68,8.5,6.5,0.17084994624244296,ema
65,s3_vlp_blocked,8.667563530000693,4.866630764710654,False,False,False,vlp_only,58,8.5,5.5,0.9999999999010002,ema
65,s3_vlp_blocked,8.667563530000693,4.866630764710654,False,False,False,static_fusion,58,8.5,5.5,0.5542566797357547,ema
66,s3_vlp_blocked,8.542366419283344,4.760216825616967,False,False,False,wifi_only,58,8.5,5.5,0.1800738190651155,ema
66,s3_vlp_blocked,8.542366419283344,4.760216825616967,False,False,False,vlp_only,58,8.5,5.5,0.9894396061337694,ema
66,s3_vlp_blocked,8.542366419283344,4.760216825616967,False,False,False,static_fusion,58,8.5,5.5,0.5847567125994423,ema
67,s3_vlp_blocked,8.382687489621802,4.499553999003734,False,False,False,wifi_only,57,7.5,5.5,0.15958390329098454,ema
67,s3_vlp_blocked,8.382687489621802,4.499553999003734,False,False,False,vlp_only,48,8.5,4.5,0.9999999987864417,ema
67,s3_vlp_blocked,8.382687489621802,4.499553999003734,False,False,False,static_fusion,48,8.5,4.5,0.511964911128891,ema
68,s3_vlp_blocked,8.31381336958047,4.356990528873265,False,False,False,wifi_only,58,8.5,5.5,0.18296889234597843,ema
68,s3_vlp_blocked,8.31381336958047,4.356990528873265,False,False,False,vlp_only,48,8.5,4.5,0.9999999087924865,ema
68,s3_vlp_blocked,8.31381336958047,4.356990528873265,False,False,False,static_fusion,48,8.5,4.5,0.5422779961601607,ema
69,s3_vlp_blocked,8.173199902177743,4.055129301838792,False,False,False,wifi_only,58,8.5,5.5,0.18336762752808367,ema
69,s3_vlp_blocked,8.173199902177743,4.055129301838792,False,False,False,vlp_only,48,8.5,4.5,0.9999987328032174,ema
69,s3_vlp_blocked,8.173199902177743,4.055129301838792,False,False,False,static_fusion,48,8.5,4.5,0.5385776960672944,ema
70,s3_vlp_blocked,7.958876024659174,3.799783052657366,False,False,False,wifi_only,48,8.5,4.5,0.1924828734052874,ema
70,s3_vlp_blocked,7.958876024659174,3.799783052657366,False,False,False,vlp_only,48,8.5,4.5,0.999915274731177,ema
70,s3_vlp_blocked,7.958876024659174,3.799783052657366,False,False,False,static_fusion,48,8.5,4.5,0.5961990740682321,ema
71,s3_vlp_blocked,7.833669525191001,3.638141757452688,False,False,False,wifi_only,48,8.5,4.5,0.16470539080400093,ema
71,s3_vlp_blocked,7.833669525191001,3.638141757452688,False,False,False,vlp_only,39,9.5,3.5,0.9999999999010002,ema
71,s3_vlp_blocked,7.833669525191001,3.638141757452688,False,False,False,static_fusion,39,9.5,3.5,0.5185627915976544,ema
72,s3_vlp_blocked,7.664684483724226,3.3337804086327285,False,False,False,wifi_only,48,8.5,4.5,0.1987607270263457,ema
72,s3_vlp_blocked,7.664684483724226,3.3337804086327285,False,False,False,vlp_only,38,8.5,3.5,0.52783922080265,ema
72,s3_vlp_blocked,7.664684483724226,3.3337804086327285,False,False,False,static_fusion,38,8.5,3.5,0.2972932982314562,ema
73,s3_vlp_blocked,7.325126662205962,3.0900072935102134,False,False,False,wifi_only,37,7.5,3.5,0.18992866478435658,ema
73,s3_vlp_blocked,7.325126662205962,3.0900072935102134,False,False,False,vlp_only,37,7.5,3.5,0.9999991173995879,ema
73,s3_vlp_blocked,7.325126662205962,3.0900072935102134,False,False,False,static_fusion,37,7.5,3.5,0.5949638910919721,ema
74,s3_vlp_blocked,7.295614884999138,2.9887682845800643,False,False,False,wifi_only,38,8.5,3.5,0.21601209374010813,ema
74,s3_vlp_blocked,7.295614884999138,2.9887682845800643,False,False,False,vlp_only,37,7.5,3.5,0.9999999998548812,ema
74,s3_vlp_blocked,7.295614884999138,2.9887682845800643,False,False,False,static_fusion,37,7.5,3.5,0.5821773057786239,ema
75,s3_vlp_blocked,7.296351451677773,2.798195708361908,False,True,False,wifi_only,38,8.5,3.5,0.205546113436945,ema
75,s3_vlp_blocked,7.296351451677773,2.798195708361908,False,True,False,vlp_only,26,6.5,2.5,0.9992335197220544,ema
75,s3_vlp_blocked,7.296351451677773,2.798195708361908,False,True,False,static_fusion,26,6.5,2.5,0.5378135493658831,ema
76,s3_vlp_blocked,7.251642624966383,2.337893241987238,False,True,False,wifi_only,38,8.5,3.5,0.17595692251671244,ema
76,s3_vlp_blocked,7.251642624966383,2.337893241987238,False,True,False,vlp_only,27,7.5,2.5,0.999999996567866,ema
76,s3_vlp_blocked,7.251642624966383,2.337893241987238,False,True,False,static_fusion,27,7.5,2.5,0.5867961285332864,ema
77,s3_vlp_blocked,7.191112638050282,2.11104971712342,False,True,False,wifi_only,38,8.5,3.5,0.22081069549127108,ema
77,s3_vlp_blocked,7.191112638050282,2.11104971712342,False,True,False,vlp_only,17,7.5,1.5,0.9999999999010003,ema
77,s3_vlp_blocked,7.191112638050282,2.11104971712342,False,True,False,static_fusion,17,7.5,1.5,0.5059819737283285,ema
78,s3_vlp_blocked,7.088997127565227,1.8280730412017787,False,True,False,wifi_only,27,7.5,2.5,0.26597831848158254,ema
78,s3_vlp_blocked,7.088997127565227,1.8280730412017787,False,True,False,vlp_only,8,8.5,0.5,0.6595509088500441,ema
78,s3_vlp_blocked,7.088997127565227,1.8280730412017787,False,True,False,static_fusion,8,8.5,0.5,0.32977547562489895,ema
79,s3_vlp_blocked,7.114586335383993,1.531713950324241,False,True,False,wifi_only,27,7.5,2.5,0.2987741846484088,ema
79,s3_vlp_blocked,7.114586335383993,1.531713950324241,False,True,False,vlp_only,7,7.5,0.5,0.9999999362754376,ema
79,s3_vlp_blocked,7.114586335383993,1.531713950324241,False,True,False,static_fusion,7,7.5,0.5,0.5180296011821028,ema
80,s3_vlp_blocked,7.170157133048356,1.3067743629177078,False,True,False,wifi_only,27,7.5,2.5,0.22719903058432941,ema
80,s3_vlp_blocked,7.170157133048356,1.3067743629177078,False,True,False,vlp_only,7,7.5,0.5,0.9999999999010003,ema
80,s3_vlp_blocked,7.170157133048356,1.3067743629177078,False,True,False,static_fusion,7,7.5,0.5,0.5644301862036122,ema
81,s3_vlp_blocked,7.201631077444322,1.1339839347561254,False,True,False,wifi_only,7,7.5,0.5,0.2818206191543385,ema
81,s3_vlp_blocked,7.201631077444322,1.1339839347561254,False,True,False,vlp_only,7,7.5,0.5,0.9999999999010003,ema
81,s3_vlp_blocked,7.201631077444322,1.1339839347561254,False,True,False,static_fusion,7,7.5,0.5,0.6409103095276694,ema
82,s3_vlp_blocked,7.155776983713249,0.8528139925624313,False,True,False,wifi_only,17,7.5,1.5,0.29879628063668645,ema
82,s3_vlp_blocked,7.155776983713249,0.8528139925624313,False,True,False,vlp_only,9,9.5,0.5,0.9999999999010003,ema
82,s3_vlp_blocked,7.155776983713249,0.8528139925624313,False,True,False,static_fusion,9,9.5,0.5,0.5000065628873305,ema
83,s3_vlp_blocked,6.976127786010122,0.4956267479912126,False,False,False,wifi_only,7,7.5,0.5,0.3181538027852466,ema
83,s3_vlp_blocked,6.976127786010122,0.4956267479912126,False,False,False,vlp_only,9,9.5,0.5,0.9999999969878367,ema
83,s3_vlp_blocked,6.976127786010122,0.4956267479912126,False,False,False,static_fusion,9,9.5,0.5,0.5000095700081285,ema
84,s3_vlp_blocked,6.74255867268218,0.0843728881784015,False,False,False,wifi_only,7,7.5,0.5,0.2258031245867347,ema
84,s3_vlp_blocked,6.74255867268218,0.0843728881784015,False,False,False,vlp_only,6,6.5,0.5,0.9999999999010003,ema
84,s3_vlp_blocked,6.74255867268218,0.0843728881784015,False,False,False,static_fusion,6,6.5,0.5,0.5809701578357852,ema
85,s3_vlp_blocked,7.064294392948221,0.3942671783051067,False,False,False,wifi_only,7,7.5,0.5,0.20764933189085905,ema
85,s3_vlp_blocked,7.064294392948221,0.3942671783051067,False,False,False,vlp_only,6,6.5,0.5,0.9999999999010003,ema
85,s3_vlp_blocked,7.064294392948221,0.3942671783051067,False,False,False,static_fusion,6,6.5,0.5,0.5944753713606591,ema
86,s3_vlp_blocked,7.176188436555574,0.5060043216815018,False,False,False,wifi_only,7,7.5,0.5,0.25732820730654676,ema
86,s3_vlp_blocked,7.176188436555574,0.5060043216815018,False,False,False,vlp_only,6,6.5,0.5,0.9999999999010003,ema
86,s3_vlp_blocked,7.176188436555574,0.5060043216815018,False,False,False,static_fusion,6,6.5,0.5,0.5695214260842328,ema
87,s3_vlp_blocked,7.307226017604519,0.5668144077417742,False,False,False,wifi_only,6,6.5,0.5,0.3013641555627853,ema
87,s3_vlp_blocked,7.307226017604519,0.5668144077417742,False,False,False,vlp_only,7,7.5,0.5,0.9999999999010003,ema
87,s3_vlp_blocked,7.307226017604519,0.5668144077417742,False,False,False,static_fusion,7,7.5,0.5,0.5974991448296839,ema
88,s3_vlp_blocked,7.687860172244926,0.7189120364284933,False,False,False,wifi_only,7,7.5,0.5,0.2856047505149463,ema
88,s3_vlp_blocked,7.687860172244926,0.7189120364284933,False,False,False,vlp_only,7,7.5,0.5,0.9999999999010003,ema
88,s3_vlp_blocked,7.687860172244926,0.7189120364284933,False,False,False,static_fusion,7,7.5,0.5,0.6428023752079733,ema
89,s3_vlp_blocked,7.983386792676343,0.8375621710500243,False,False,False,wifi_only,7,7.5,0.5,0.38019215664390044,ema
89,s3_vlp_blocked,7.983386792676343,0.8375621710500243,False,False,False,vlp_only,7,7.5,0.5,0.999999999894362,ema
89,s3_vlp_blocked,7.983386792676343,0.8375621710500243,False,False,False,static_fusion,7,7.5,0.5,0.690096078269131,ema
90,s3_vlp_blocked,8.256293406597695,0.875446755726633,False,False,False,wifi_only,7,7.5,0.5,0.3446324604976747,ema
90,s3_vlp_blocked,8.256293406597695,0.875446755726633,False,False,False,vlp_only,7,7.5,0.5,0.9999988865626989,ema
90,s3_vlp_blocked,8.256293406597695,0.875446755726633,False,False,False,static_fusion,7,7.5,0.5,0.6723156735301866,ema
91,s3_vlp_blocked,8.425989160054677,0.93045254740169,False,False,False,wifi_only,8,8.5,0.5,0.22822837910184676,ema
91,s3_vlp_blocked,8.425989160054677,0.93045254740169,False,False,False,vlp_only,7,7.5,0.5,0.9601106014421539,ema
91,s3_vlp_blocked,8.425989160054677,0.93045254740169,False,False,False,static_fusion,7,7.5,0.5,0.5477060192539681,ema
92,s3_vlp_blocked,8.863055882305986,1.1231286812777777,False,False,False,wifi_only,8,8.5,0.5,0.34152484055894305,ema
92,s3_vlp_blocked,8.863055882305986,1.1231286812777777,False,False,False,vlp_only,8,8.5,0.5,0.99983888616745,ema
92,s3_vlp_blocked,8.863055882305986,1.1231286812777777,False,False,False,static_fusion,8,8.5,0.5,0.6706818633631965,ema
93,s3_vlp_blocked,9.23021965860404,1.1465464090231468,False,False,False,wifi_only,8,8.5,0.5,0.28065121195116316,ema
93,s3_vlp_blocked,9.23021965860404,1.1465464090231468,False,False,False,vlp_only,8,8.5,0.5,0.999301719803979,ema
93,s3_vlp_blocked,9.23021965860404,1.1465464090231468,False,False,False,static_fusion,8,8.5,0.5,0.6399764658775711,ema
94,s3_vlp_blocked,9.37371170551081,1.169754508811914,False,False,False,wifi_only,8,8.5,0.5,0.31385228272004556,ema
94,s3_vlp_blocked,9.37371170551081,1.169754508811914,False,False,False,vlp_only,8,8.5,0.5,0.9859227886853242,ema
94,s3_vlp_blocked,9.37371170551081,1.169754508811914,False,False,False,static_fusion,8,8.5,0.5,0.6498875357026849,ema
95,s3_vlp_blocked,9.770217154834045,1.159649324523821,False,False,False,wifi_only,19,9.5,1.5,0.27558964493711496,ema
95,s3_vlp_blocked,9.770217154834045,1.159649324523821,False,False,False,vlp_only,19,9.5,1.5,0.6056072520016488,ema
95,s3_vlp_blocked,9.770217154834045,1.159649324523821,False,False,False,static_fusion,19,9.5,1.5,0.44059844846938184,ema
96,s3_vlp_blocked,9.5806362152392,1.1294724581913531,False,False,False,wifi_only,18,8.5,1.5,0.2657740027723325,ema
96,s3_vlp_blocked,9.5806362152392,1.1294724581913531,False,False,False,vlp_only,19,9.5,1.5,0.8503807356752539,ema
96,s3_vlp_blocked,9.5806362152392,1.1294724581913531,False,False,False,static_fusion,19,9.5,1.5,0.5576378549243746,ema
97,s3_vlp_blocked,9.431952925308204,0.9654622254894044,False,False,False,wifi_only,8,8.5,0.5,0.26361087322896104,ema
97,s3_vlp_blocked,9.431952925308204,0.9654622254894044,False,False,False,vlp_only,19,9.5,1.5,0.9100861489064811,ema
97,s3_vlp_blocked,9.431952925308204,0.9654622254894044,False,False,False,static_fusion,19,9.5,1.5,0.5805060633004557,ema
98,s3_vlp_blocked,9.360595724435434,0.6120686019402459,False,False,False,wifi_only,8,8.5,0.5,0.27520558855738964,ema
98,s3_vlp_blocked,9.360595724435434,0.6120686019402459,False,False,False,vlp_only,19,9.5,1.5,0.9823828104479925,ema
98,s3_vlp_blocked,9.360595724435434,0.6120686019402459,False,False,False,static_fusion,19,9.5,1.5,0.6114408983041132,ema
99,s3_vlp_blocked,9.26764607580253,0.4010204672213302,False,False,False,wifi_only,9,9.5,0.5,0.33778807938869443,ema
99,s3_vlp_blocked,9.26764607580253,0.4010204672213302,False,False,False,vlp_only,9,9.5,0.5,0.9999999999010003,ema
99,s3_vlp_blocked,9.26764607580253,0.4010204672213302,False,False,False,static_fusion,9,9.5,0.5,0.6688940396448473,ema
0,s4_mixed_dynamic,3.50146586178358,2.794545781008381,False,False,True,wifi_only,24,4.5,2.5,0.16508962670311944,raw
0,s4_mixed_dynamic,3.50146586178358,2.794545781008381,False,False,True,vlp_only,23,3.5,2.5,0.9999999999010003,raw
0,s4_mixed_dynamic,3.50146586178358,2.794545781008381,False,False,True,static_fusion,23,3.5,2.5,0.5585574041681334,raw
1,s4_mixed_dynamic,3.8334314692961406,3.0879105600798664,False,False,True,wifi_only,4,4.5,0.5,0.2788691104673214,raw
1,s4_mixed_dynamic,3.8334314692961406,3.0879105600798664,False,False,True,vlp_only,33,3.5,3.5,0.9999999999010002,raw
1,s4_mixed_dynamic,3.8334314692961406,3.0879105600798664,False,False,True,static_fusion,33,3.5,3.5,0.5014828359368818,raw
2,s4_mixed_dynamic,4.0456173120900445,3.1263296245930507,False,False,True,wifi_only,24,4.5,2.5,0.188363911344153,raw
2,s4_mixed_dynamic,4.0456173120900445,3.1263296245930507,False,False,True,vlp_only,33,3.5,3.5,0.9999999993927263,raw
2,s4_mixed_dynamic,4.0456173120900445,3.1263296245930507,False,False,True,static_fusion,33,3.5,3.5,0.5230959647286325,raw
3,s4_mixed_dynamic,4.42592581634721,3.113695449768073,False,False,True,wifi_only,34,4.5,3.5,0.20400338821198513,raw
3,s4_mixed_dynamic,4.42592581634721,3.113695449768073,False,False,True,vlp_only,24,4.5,2.5,0.9999567992253354,raw
3,s4_mixed_dynamic,4.42592581634721,3.113695449768073,False,False,True,static_fusion,24,4.5,2.5,0.5826368857395462,raw
4,s4_mixed_dynamic,4.708255729915193,3.19039433570727,False,False,True,wifi_only,35,5.5,3.5,0.18114051165886763,raw
4,s4_mixed_dynamic,4.708255729915193,3.19039433570727,False,False,True,vlp_only,34,4.5,3.5,0.9999999999010002,raw
4,s4_mixed_dynamic,4.708255729915193,3.19039433570727,False,False,True,static_fusion,34,4.5,3.5,0.5368438289326875,raw
5,s4_mixed_dynamic,4.978762662726669,3.137730843885924,False,False,True,wifi_only,5,5.5,0.5,0.2555420109566917,raw
5,s4_mixed_dynamic,4.978762662726669,3.137730843885924,False,False,True,vlp_only,34,4.5,3.5,0.9999999999010002,raw
5,s4_mixed_dynamic,4.978762662726669,3.137730843885924,False,False,True,static_fusion,34,4.5,3.5,0.5054126198188694,raw
6,s4_mixed_dynamic,5.202025987228208,3.1529819162085304,False,False,True,wifi_only,35,5.5,3.5,0.16692639772451143,raw
6,s4_mixed_dynamic,5.202025987228208,3.1529819162085304,False,False,True,vlp_only,35,5.5,3.5,0.9999999999010002,raw
6,s4_mixed_dynamic,5.202025987228208,3.1529819162085304,False,False,True,static_fusion,35,5.5,3.5,0.5834631988127558,raw
7,s4_mixed_dynamic,5.347337808465035,3.292281793156062,False,False,True,wifi_only,36,6.5,3.5,0.13832778279106656,raw
7,s4_mixed_dynamic,5.347337808465035,3.292281793156062,False,False,True,vlp_only,35,5.5,3.5,0.9999999999010002,raw
7,s4_mixed_dynamic,5.347337808465035,3.292281793156062,False,False,True,static_fusion,35,5.5,3.5,0.5347470387689359,raw
8,s4_mixed_dynamic,5.716827179474,3.58088982297864,False,False,True,wifi_only,35,5.5,3.5,0.19437417338053725,raw
8,s4_mixed_dynamic,5.716827179474,3.58088982297864,False,False,True,vlp_only,35,5.5,3.5,0.9999999999010002,raw
8,s4_mixed_dynamic,5.716827179474,3.58088982297864,False,False,True,static_fusion,35,5.5,3.5,0.5971870866407687,raw
9,s4_mixed_dynamic,5.862414412197704,3.68421178879823,False,False,True,wifi_only,15,5.5,1.5,0.19618698201260265,raw
9,s4_mixed_dynamic,5.862414412197704,3.68421178879823,False,False,True,vlp_only,35,5.5,3.5,0.9999999999010002,raw
9,s4_mixed_dynamic,5.862414412197704,3.68421178879823,False,False,True,static_fusion,35,5.5,3.5,0.5310167912462461,raw
10,s4_mixed_dynamic,6.2621648807209205,3.865009897723677,True,False,True,wifi_only,33,3.5,3.5,0.2257936420016754,raw
10,s4_mixed_dynamic,6.2621648807209205,3.865009897723677,True,False,True,vlp_only,46,6.5,4.5,0.9999999999010002,raw
10,s4_mixed_dynamic,6.2621648807209205,3.865009897723677,True,False,True,static_fusion,46,6.5,4.5,0.5000783707489755,raw
11,s4_mixed_dynamic,6.386402797469953,4.000359969380765,True,False,True,wifi_only,34,4.5,3.5,0.13512220377290576,raw
11,s4_mixed_dynamic,6.386402797469953,4.000359969380765,True,False,True,vlp_only,46,6.5,4.5,0.9999999999010002,raw
11,s4_mixed_dynamic,6.386402797469953,4.000359969380765,True,False,True,static_fusion,46,6.5,4.5,0.5048638397529417,raw
12,s4_mixed_dynamic,6.486403725025359,4.131792507959473,True,False,True,wifi_only,59,9.5,5.5,0.3021785984355792,raw
12,s4_mixed_dynamic,6.486403725025359,4.131792507959473,True,False,True,vlp_only,46,6.5,4.5,0.9999999986072988,raw
12,s4_mixed_dynamic,6.486403725025359,4.131792507959473,True,False,True,static_fusion,46,6.5,4.5,0.5005601030514913,raw
13,s4_mixed_dynamic,6.594101310260236,4.146666699824417,True,False,True,wifi_only,90,0.5,9.5,0.44658143921470106,raw
13,s4_mixed_dynamic,6.594101310260236,4.146666699824417,True,False,True,vlp_only,47,7.5,4.5,0.9999999999010002,raw
13,s4_mixed_dynamic,6.594101310260236,4.146666699824417,True,False,True,static_fusion,47,7.5,4.5,0.49999999995100014,raw
14,s4_mixed_dynamic,6.938536691705024,4.190811224101229,True,False,True,wifi_only,45,5.5,4.5,0.18201355314255097,raw
14,s4_mixed_dynamic,6.938536691705024,4.190811224101229,True,False,True,vlp_only,47,7.5,4.5,0.9999999999010002,raw
14,s4_mixed_dynamic,6.938536691705024,4.190811224101229,True,False,True,static_fusion,47,7.5,4.5,0.5043336907341776,raw
15,s4_mixed_dynamic,7.095444556622987,4.3190830854397095,True,False,True,wifi_only,28,8.5,2.5,0.4919078636503932,raw
15,s4_mixed_dynamic,7.095444556622987,4.3190830854397095,True,False,True,vlp_only,47,7.5,4.5,0.9999999999010002,raw
15,s4_mixed_dynamic,7.095444556622987,4.3190830854397095,True,False,True,static_fusion,47,7.5,4.5,0.5017590366642307,raw
16,s4_mixed_dynamic,7.322508343984496,4.588300078241882,True,False,True,wifi_only,65,5.5,6.5,0.3414155015507718,raw
16,s4_mixed_dynamic,7.322508343984496,4.588300078241882,True,False,True,vlp_only,47,7.5,4.5,0.9999999999010002,raw
16,s4_mixed_dynamic,7.322508343984496,4.588300078241882,True,False,True,static_fusion,47,7.5,4.5,0.500077644206784,raw
17,s4_mixed_dynamic,7.446193242310456,4.675563891349093,True,False,True,wifi_only,32,2.5,3.5,0.258186612114064,raw
17,s4_mixed_dynamic,7.446193242310456,4.675563891349093,True,False,True,vlp_only,47,7.5,4.5,0.9999999999010002,raw
17,s4_mixed_dynamic,7.446193242310456,4.675563891349093,True,False,True,static_fusion,47,7.5,4.5,0.500000034327023,raw
18,s4_mixed_dynamic,7.634031718409139,4.77391982605946,True,False,True,wifi_only,54,4.5,5.5,0.18786133564915303,raw
18,s4_mixed_dynamic,7.634031718409139,4.77391982605946,True,False,True,vlp_only,47,7.5,4.5,0.9999996023300849,raw
18,s4_mixed_dynamic,7.634031718409139,4.77391982605946,True,False,True,static_fusion,47,7.5,4.5,0.5002957220710125,raw
19,s4_mixed_dynamic,7.862727723450558,4.97492979510894,True,False,True,wifi_only,49,9.5,4.5,0.348104981405372,raw
19,s4_mixed_dynamic,7.862727723450558,4.97492979510894,True,False,True,vlp_only,49,9.5,4.5,0.9999994203003104,raw
19,s4_mixed_dynamic,7.862727723450558,4.97492979510894,True,False,True,static_fusion,49,9.5,4.5,0.6740522008528412,raw
20,s4_mixed_dynamic,7.939266457295782,5.129541394281456,True,False,True,wifi_only,29,9.5,2.5,0.3955817581699283,raw
20,s4_mixed_dynamic,7.939266457295782,5.129541394281456,True,False,True,vlp_only,57,7.5,5.5,0.9603889663036108,raw
20,s4_mixed_dynamic,7.939266457295782,5.129541394281456,True,False,True,static_fusion,57,7.5,5.5,0.48023356621285035,raw
21,s4_mixed_dynamic,8.011102297567714,5.276303396065385,True,False,True,wifi_only,43,3.5,4.5,0.20146217232786026,raw
21,s4_mixed_dynamic,8.011102297567714,5.276303396065385,True,False,True,vlp_only,58,8.5,5.5,0.7223490575669029,raw
21,s4_mixed_dynamic,8.011102297567714,5.276303396065385,True,False,True,static_fusion,58,8.5,5.5,0.3611748335373829,raw
22,s4_mixed_dynamic,8.343062278059984,5.445902988798278,False,False,True,wifi_only,67,7.5,6.5,0.1469735713059083,raw
22,s4_mixed_dynamic,8.343062278059984,5.445902988798278,False,False,True,vlp_only,58,8.5,5.5,0.9999999990171147,raw
22,s4_mixed_dynamic,8.343062278059984,5.445902988798278,False,False,True,static_fusion,58,8.5,5.5,0.5341892719858711,raw
23,s4_mixed_dynamic,8.52052164720882,5.6027346910434765,False,False,True,wifi_only,49,9.5,4.5,0.25222214396665216,raw
23,s4_mixed_dynamic,8.52052164720882,5.6027346910434765,False,False,True,vlp_only,58,8.5,5.5,0.9999999731171071,raw
23,s4_mixed_dynamic,8.52052164720882,5.6027346910434765,False,False,True,static_fusion,58,8.5,5.5,0.5261107293486248,raw
24,s4_mixed_dynamic,8.840063415262575,5.876328672083288,False,False,True,wifi_only,45,5.5,4.5,0.14508134690582467,raw
24,s4_mixed_dynamic,8.840063415262575,5.876328672083288,False,False,True,vlp_only,69,9.5,6.5,0.9999999999010001,raw
24,s4_mixed_dynamic,8.840063415262575,5.876328672083288,False,False,True,static_fusion,69,9.5,6.5,0.5071621009219551,raw
25,s4_mixed_dynamic,9.133542118122302,6.275738550131283,False,True,True,wifi_only,69,9.5,6.5,0.22818266332446172,raw
25,s4_mixed_dynamic,9.133542118122302,6.275738550131283,False,True,True,vlp_only,45,5.5,4.5,0.9999999999010002,raw
25,s4_mixed_dynamic,9.133542118122302,6.275738550131283,False,True,True,static_fusion,45,5.5,4.5,0.5035807920839374,raw
26,s4_mixed_dynamic,9.35618800793218,6.65718067016028,False,True,True,wifi_only,58,8.5,5.5,0.18563981983405992,raw
26,s4_mixed_dynamic,9.35618800793218,6.65718067016028,False,True,True,vlp_only,99,9.5,9.5,0.9999999999010001,raw
26,s4_mixed_dynamic,9.35618800793218,6.65718067016028,False,True,True,static_fusion,99,9.5,9.5,0.5000429641724888,raw
27,s4_mixed_dynamic,9.561103088027537,7.107641397521033,False,True,True,wifi_only,79,9.5,7.5,0.2606276324870993,raw
27,s4_mixed_dynamic,9.561103088027537,7.107641397521033,False,True,True,vlp_only,79,9.5,7.5,0.9999999999010001,raw
27,s4_mixed_dynamic,9.561103088027537,7.107641397521033,False,True,True,static_fusion,79,9.5,7.5,0.6303138161940497,raw
28,s4_mixed_dynamic,9.62294450389752,7.287936096739562,False,True,True,wifi_only,69,9.5,6.5,0.2663614823662324,raw
28,s4_mixed_dynamic,9.62294450389752,7.287936096739562,False,True,True,vlp_only,98,8.5,9.5,0.999999999901,raw
28,s4_mixed_dynamic,9.62294450389752,7.287936096739562,False,True,True,static_fusion,98,8.5,9.5,0.5035344194870991,raw
29,s4_mixed_dynamic,9.567042849149868,7.590650497286169,False,True,True,wifi_only,69,9.5,6.5,0.24960218401177675,raw
29,s4_mixed_dynamic,9.567042849149868,7.590650497286169,False,True,True,vlp_only,98,8.5,9.5,0.999999999901,raw
29,s4_mixed_dynamic,9.567042849149868,7.590650497286169,False,True,True,static_fusion,98,8.5,9.5,0.503121438536042,raw
30,s4_mixed_dynamic,9.368809486427658,7.926124173973704,False,True,True,wifi_only,89,9.5,8.5,0.06961031469720615,raw
30,s4_mixed_dynamic,9.368809486427658,7.926124173973704,False,True,True,vlp_only,79,9.5,7.5,0.9622592457968221,raw
30,s4_mixed_dynamic,9.368809486427658,7.926124173973704,False,True,True,static_fusion,79,9.5,7.5,0.5153954316306435,raw
31,s4_mixed_dynamic,9.317903367352146,8.04732779879347,False,True,True,wifi_only,88,8.5,8.5,0.14887826983394978,raw
31,s4_mixed_dynamic,9.317903367352146,8.04732779879347,False,True,True,vlp_only,89,9.5,8.5,0.9999999991882421,raw
31,s4_mixed_dynamic,9.317903367352146,8.04732779879347,False,True,True,static_fusion,89,9.5,8.5,0.5571288145193276,raw
32,s4_mixed_dynamic,9.186332412855084,8.43241929333643,False,True,True,wifi_only,99,9.5,9.5,0.2827702134727987,raw
32,s4_mixed_dynamic,9.186332412855084,8.43241929333643,False,True,True,vlp_only,89,9.5,8.5,0.9997080626849246,raw
32,s4_mixed_dynamic,9.186332412855084,8.43241929333643,False,True,True,static_fusion,89,9.5,8.5,0.6336427606332349,raw
33,s4_mixed_dynamic,9.112727671229193,8.796655767469591,False,True,True,wifi_only,98,8.5,9.5,0.20204431508583737,raw
33,s4_mixed_dynamic,9.112727671229193,8.796655767469591,False,True,True,vlp_only,59,9.5,5.5,0.9999999999010002,raw
33,s4_mixed_dynamic,9.112727671229193,8.796655767469591,False,True,True,static_fusion,59,9.5,5.5,0.5000171746986519,raw
34,s4_mixed_dynamic,9.270799859312152,9.22745450829668,False,True,True,wifi_only,99,9.5,9.5,0.5397383329407576,raw
34,s4_mixed_dynamic,9.270799859312152,9.22745450829668,False,True,True,vlp_only,55,5.5,5.5,0.9999999999010002,raw
34,s4_mixed_dynamic,9.270799859312152,9.22745450829668,False,True,True,static_fusion,55,5.5,5.5,0.5000002187327427,raw
35,s4_mixed_dynamic,9.423420837008932,9.422997081607893,False,False,True,wifi_only,99,9.5,9.5,0.249376463829325,raw
35,s4_mixed_dynamic,9.423420837008932,9.422997081607893,False,False,True,vlp_only,99,9.5,9.5,0.9999999999010001,raw
35,s4_mixed_dynamic,9.423420837008932,9.422997081607893,False,False,True,static_fusion,99,9.5,9.5,0.6246882318651625,raw
36,s4_mixed_dynamic,9.481110661263054,9.62212971253768,False,False,True,wifi_only,99,9.5,9.5,0.25697219566970886,raw
36,s4_mixed_dynamic,9.481110661263054,9.62212971253768,False,False,True,vlp_only,99,9.5,9.5,0.9999999999010001,raw
36,s4_mixed_dynamic,9.481110661263054,9.62212971253768,False,False,True,static_fusion,99,9.5,9.5,0.6284860977853545,raw
37,s4_mixed_dynamic,9.541752579513968,9.92203908827878,False,False,True,wifi_only,99,9.5,9.5,0.3185264915461867,raw
37,s4_mixed_dynamic,9.541752579513968,9.92203908827878,False,False,True,vlp_only,99,9.5,9.5,0.9999999999010001,raw
37,s4_mixed_dynamic,9.541752579513968,9.92203908827878,False,False,True,static_fusion,99,9.5,9.5,0.6592632457235934,raw
38,s4_mixed_dynamic,9.402562603553038,9.543991147418636,False,False,True,wifi_only,99,9.5,9.5,0.400207051394471,raw
38,s4_mixed_dynamic,9.402562603553038,9.543991147418636,False,False,True,vlp_only,99,9.5,9.5,0.9999999999010001,raw
38,s4_mixed_dynamic,9.402562603553038,9.543991147418636,False,False,True,static_fusion,99,9.5,9.5,0.7001035256477355,raw
39,s4_mixed_dynamic,9.44479730227728,9.391504817262849,False,False,True,wifi_only,99,9.5,9.5,0.2378235356744909,raw
39,s4_mixed_dynamic,9.44479730227728,9.391504817262849,False,False,True,vlp_only,99,9.5,9.5,0.9999999999010001,raw
39,s4_mixed_dynamic,9.44479730227728,9.391504817262849,False,False,True,static_fusion,99,9.5,9.5,0.6189117677877455,raw
40,s4_mixed_dynamic,9.525454359161255,8.940867722935458,False,False,True,wifi_only,79,9.5,7.5,0.10007186233108493,raw
40,s4_mixed_dynamic,9.525454359161255,8.940867722935458,False,False,True,vlp_only,89,9.5,8.5,0.9860857829579143,raw
40,s4_mixed_dynamic,9.525454359161255,8.940867722935458,False,False,True,static_fusion,89,9.5,8.5,0.5430703683352788,raw
41,s4_mixed_dynamic,9.823585243977655,8.584999463128653,False,False,True,wifi_only,69,9.5,6.5,0.29806888686017746,raw
41,s4_mixed_dynamic,9.823585243977655,8.584999463128653,False,False,True,vlp_only,99,9.5,9.5,0.9999999999010001,raw
41,s4_mixed_dynamic,9.823585243977655,8.584999463128653,False,False,True,static_fusion,99,9.5,9.5,0.5331859594800529,raw
42,s4_mixed_dynamic,9.694700842723162,8.966546447675274,False,False,True,wifi_only,99,9.5,9.5,0.17410853853452993,raw
42,s4_mixed_dynamic,9.694700842723162,8.966546447675274,False,False,True,vlp_only,99,9.5,9.5,0.9999999999010001,raw
42,s4_mixed_dynamic,9.694700842723162,8.966546447675274,False,False,True,static_fusion,99,9.5,9.5,0.587054269217765,raw
43,s4_mixed_dynamic,9.569223421271444,9.326938465999294,False,False,True,wifi_only,98,8.5,9.5,0.18670880524622854,raw
43,s4_mixed_dynamic,9.569223421271444,9.326938465999294,False,False,True,vlp_only,99,9.5,9.5,0.9999999999010001,raw
43,s4_mixed_dynamic,9.569223421271444,9.326938465999294,False,False,True,static_fusion,99,9.5,9.5,0.5791272340731904,raw
44,s4_mixed_dynamic,9.534535416987817,9.784343768551336,False,False,True,wifi_only,98,8.5,9.5,0.23572083619524437,raw
44,s4_mixed_dynamic,9.534535416987817,9.784343768551336,False,False,True,vlp_only,99,9.5,9.5,0.9999999999010001,raw
44,s4_mixed_dynamic,9.534535416987817,9.784343768551336,False,False,True,static_fusion,99,9.5,9.5,0.5824897750449394,raw
45,s4_mixed_dynamic,9.54487381028695,9.92332836828298,True,False,True,wifi_only,99,9.5,9.5,0.6570504807910117,raw
45,s4_mixed_dynamic,9.54487381028695,9.92332836828298,True,False,True,vlp_only,99,9.5,9.5,0.9999999999010001,raw
45,s4_mixed_dynamic,9.54487381028695,9.92332836828298,True,False,True,static_fusion,99,9.5,9.5,0.8285252403460058,raw
46,s4_mixed_dynamic,9.558162041417896,9.663482828106742,True,False,True,wifi_only,99,9.5,9.5,0.5221338713001622,raw
46,s4_mixed_dynamic,9.558162041417896,9.663482828106742,True,False,True,vlp_only,99,9.5,9.5,0.9999999999010001,raw
46,s4_mixed_dynamic,9.558162041417896,9.663482828106742,True,False,True,static_fusion,99,9.5,9.5,0.7610669356005811,raw
47,s4_mixed_dynamic,9.5646528065164,9.424365913186056,True,False,True,wifi_only,59,9.5,5.5,0.37663447258179644,raw
47,s4_mixed_dynamic,9.5646528065164,9.424365913186056,True,False,True,vlp_only,99,9.5,9.5,0.9999999999010001,raw
47,s4_mixed_dynamic,9.5646528065164,9.424365913186056,True,False,True,static_fusion,99,9.5,9.5,0.5022543310358274,raw
48,s4_mixed_dynamic,9.50103939557558,9.114055937821927,True,False,True,wifi_only,42,2.5,4.5,0.15806419217425807,raw
48,s4_mixed_dynamic,9.50103939557558,9.114055937821927,True,False,True,vlp_only,89,9.5,8.5,0.8059902538700956,raw
48,s4_mixed_dynamic,9.50103939557558,9.114055937821927,True,False,True,static_fusion,89,9.5,8.5,0.4029953069466014,raw
49,s4_mixed_dynamic,9.414656161118282,8.731094504017625,True,False,True,wifi_only,99,9.5,9.5,0.3333863283080638,raw
49,s4_mixed_dynamic,9.414656161118282,8.731094504017625,True,False,True,vlp_only,89,9.5,8.5,0.999996516144565,raw
49,s4_mixed_dynamic,9.414656161118282,8.731094504017625,True,False,True,static_fusion,89,9.5,8.5,0.6299798931386599,raw
50,s4_mixed_dynamic,9.21633605588256,8.49062670552971,True,False,True,wifi_only,91,1.5,9.5,0.4053308110241803,raw
50,s4_mixed_dynamic,9.21633605588256,8.49062670552971,True,False,True,vlp_only,89,9.5,8.5,0.99980559302094,raw
50,s4_mixed_dynamic,9.21633605588256,8.49062670552971,True,False,True,static_fusion,89,9.5,8.5,0.5006559219210496,raw
51,s4_mixed_dynamic,9.11760935449355,8.438577566893754,True,False,True,wifi_only,35,5.5,3.5,0.17576043242636302,raw
51,s4_mixed_dynamic,9.11760935449355,8.438577566893754,True,False,True,vlp_only,89,9.5,8.5,0.9999991225934184,raw
51,s4_mixed_dynamic,9.11760935449355,8.438577566893754,True,False,True,static_fusion,89,9.5,8.5,0.49999990323191595,raw
52,s4_mixed_dynamic,8.922779282926651,8.205081914366874,True,False,True,wifi_only,29,9.5,2.5,0.6707257079142309,raw
52,s4_mixed_dynamic,8.922779282926651,8.205081914366874,True,False,True,vlp_only,88,8.5,8.5,0.999999997183938,raw
52,s4_mixed_dynamic,8.922779282926651,8.205081914366874,True,False,True,static_fusion,88,8.5,8.5,0.49999999859246896,raw
53,s4_mixed_dynamic,8.733693244154269,8.016610598714413,True,False,True,wifi_only,99,9.5,9.5,0.5534358663892757,raw
53,s4_mixed_dynamic,8.733693244154269,8.016610598714413,True,False,True,vlp_only,88,8.5,8.5,0.9999161436951185,raw
53,s4_mixed_dynamic,8.733693244154269,8.016610598714413,True,False,True,static_fusion,88,8.5,8.5,0.5001253907316024,raw
54,s4_mixed_dynamic,8.604067606013617,7.71418254806786,True,False,True,wifi_only,75,5.5,7.5,0.3826444032499393,raw
54,s4_mixed_dynamic,8.604067606013617,7.71418254806786,True,False,True,vlp_only,78,8.5,7.5,0.9978804705416011,raw
54,s4_mixed_dynamic,8.604067606013617,7.71418254806786,True,False,True,static_fusion,78,8.5,7.5,0.4989416178902096,raw
55,s4_mixed_dynamic,8.380292121918876,7.508518197183664,False,False,True,wifi_only,68,8.5,6.5,0.1356304610990723,raw
55,s4_mixed_dynamic,8.380292121918876,7.508518197183664,False,False,True,vlp_only,78,8.5,7.5,0.9999999999010001,raw
55,s4_mixed_dynamic,8.380292121918876,7.508518197183664,False,False,True,static_fusion,78,8.5,7.5,0.5363425834761164,raw
56,s4_mixed_dynamic,8.261298236940235,7.032237617033076,False,False,True,wifi_only,78,8.5,7.5,0.11461578548198471,raw
56,s4_mixed_dynamic,8.261298236940235,7.032237617033076,False,False,True,vlp_only,78,8.5,7.5,0.9999983052612463,raw
56,s4_mixed_dynamic,8.261298236940235,7.032237617033076,False,False,True,static_fusion,78,8.5,7.5,0.5573070453716156,raw
57,s4_mixed_dynamic,8.367834526148913,6.700942345233571,False,False,True,wifi_only,68,8.5,6.5,0.1344635894884932,raw
57,s4_mixed_dynamic,8.367834526148913,6.700942345233571,False,False,True,vlp_only,68,8.5,6.5,0.9999999943593733,raw
57,s4_mixed_dynamic,8.367834526148913,6.700942345233571,False,False,True,static_fusion,68,8.5,6.5,0.5672317919239332,raw
58,s4_mixed_dynamic,8.353958878788386,6.494196804329148,False,False,True,wifi_only,69,9.5,6.5,0.2073754862399983,raw
58,s4_mixed_dynamic,8.353958878788386,6.494196804329148,False,False,True,vlp_only,68,8.5,6.5,0.9999999999010001,raw
58,s4_mixed_dynamic,8.353958878788386,6.494196804329148,False,False,True,static_fusion,68,8.5,6.5,0.563976960983421,raw
59,s4_mixed_dynamic,8.336546429042226,6.293616283957347,False,False,True,wifi_only,89,9.5,8.5,0.20856667309632665,raw
59,s4_mixed_dynamic,8.336546429042226,6.293616283957347,False,False,True,vlp_only,68,8.5,6.5,0.9999982167909953,raw
59,s4_mixed_dynamic,8.336546429042226,6.293616283957347,False,False,True,static_fusion,68,8.5,6.5,0.514197431086123,raw
60,s4_mixed_dynamic,8.40346815147133,6.116995442632617,False,False,True,wifi_only,36,6.5,3.5,0.12165858063942078,raw
60,s4_mixed_dynamic,8.40346815147133,6.116995442632617,False,False,True,vlp_only,69,9.5,6.5,0.9999999999010001,raw
60,s4_mixed_dynamic,8.40346815147133,6.116995442632617,False,False,True,static_fusion,69,9.5,6.5,0.5052505765600886,raw
61,s4_mixed_dynamic,8.546844700935843,5.924881887661858,False,False,True,wifi_only,45,5.5,4.5,0.15164296056405185,raw
61,s4_mixed_dynamic,8.546844700935843,5.924881887661858,False,False,True,vlp_only,69,9.5,6.5,0.9999999999010001,raw
61,s4_mixed_dynamic,8.546844700935843,5.924881887661858,False,False,True,static_fusion,69,9.5,6.5,0.5013708400844197,raw
62,s4_mixed_dynamic,8.729904160776496,5.547744951919951,False,False,True,wifi_only,58,8.5,5.5,0.19547906238905144,raw
62,s4_mixed_dynamic,8.729904160776496,5.547744951919951,False,False,True,vlp_only,58,8.5,5.5,0.9999999999010002,raw
62,s4_mixed_dynamic,8.729904160776496,5.547744951919951,False,False,True,static_fusion,58,8.5,5.5,0.5977395311450256,raw
63,s4_mixed_dynamic,8.77202584280195,5.143629060389316,False,False,True,wifi_only,49,9.5,4.5,0.22572173282011768,raw
63,s4_mixed_dynamic,8.77202584280195,5.143629060389316,False,False,True,vlp_only,59,9.5,5.5,0.9999999999010002,raw
63,s4_mixed_dynamic,8.77202584280195,5.143629060389316,False,False,True,static_fusion,59,9.5,5.5,0.5360662030846252,raw
64,s4_mixed_dynamic,8.718437609453172,4.97610578105409,False,False,True,wifi_only,59,9.5,5.5,0.22251879849973957,raw
64,s4_mixed_dynamic,8.718437609453172,4.97610578105409,False,False,True,vlp_only,49,9.5,4.5,0.9999999999010002,raw
64,s4_mixed_dynamic,8.718437609453172,4.97610578105409,False,False,True,static_fusion,49,9.5,4.5,0.529689859280726,raw
65,s4_mixed_dynamic,8.667563530000693,4.866630764710654,False,True,True,wifi_only,57,7.5,5.5,0.17085878569941063,raw
65,s4_mixed_dynamic,8.667563530000693,4.866630764710654,False,True,True,vlp_only,49,9.5,4.5,0.9999999998662139,raw
65,s4_mixed_dynamic,8.667563530000693,4.866630764710654,False,True,True,static_fusion,49,9.5,4.5,0.5092909798867771,raw
66,s4_mixed_dynamic,8.542366419283344,4.760216825616967,False,True,True,wifi_only,26,6.5,2.5,0.19565164399148574,raw
66,s4_mixed_dynamic,8.542366419283344,4.760216825616967,False,True,True,vlp_only,49,9.5,4.5,0.9859465829066414,raw
66,s4_mixed_dynamic,8.542366419283344,4.760216825616967,False,True,True,static_fusion,49,9.5,4.5,0.4953671219562964,raw
67,s4_mixed_dynamic,8.382687489621802,4.499553999003734,False,True,True,wifi_only,49,9.5,4.5,0.2375497220626714,raw
67,s4_mixed_dynamic,8.382687489621802,4.499553999003734,False,True,True,vlp_only,9,9.5,0.5,0.9999999999010003,raw
67,s4_mixed_dynamic,8.382687489621802,4.499553999003734,False,True,True,static_fusion,9,9.5,0.5,0.49999999995100014,raw
68,s4_mixed_dynamic,8.31381336958047,4.356990528873265,False,True,True,wifi_only,39,9.5,3.5,0.3529980140957958,raw
68,s4_mixed_dynamic,8.31381336958047,4.356990528873265,False,True,True,vlp_only,9,9.5,0.5,0.9999999999010003,raw
68,s4_mixed_dynamic,8.31381336958047,4.356990528873265,False,True,True,static_fusion,9,9.5,0.5,0.5000000000469554,raw
69,s4_mixed_dynamic,8.173199902177743,4.055129301838792,False,True,True,wifi_only,37,7.5,3.5,0.19333571014490747,raw
69,s4_mixed_dynamic,8.173199902177743,4.055129301838792,False,True,True,vlp_only,39,9.5,3.5,0.9999999999010002,raw
69,s4_mixed_dynamic,8.173199902177743,4.055129301838792,False,True,True,static_fusion,39,9.5,3.5,0.5163604481160852,raw
70,s4_mixed_dynamic,7.958876024659174,3.799783052657366,False,True,True,wifi_only,59,9.5,5.5,0.2463597314844916,raw
70,s4_mixed_dynamic,7.958876024659174,3.799783052657366,False,True,True,vlp_only,38,8.5,3.5,0.999999996027018,raw
70,s4_mixed_dynamic,7.958876024659174,3.799783052657366,False,True,True,static_fusion,38,8.5,3.5,0.5062197610506187,raw
71,s4_mixed_dynamic,7.833669525191001,3.638141757452688,False,True,True,wifi_only,36,6.5,3.5,0.15159931628931325,raw
71,s4_mixed_dynamic,7.833669525191001,3.638141757452688,False,True,True,vlp_only,55,5.5,5.5,0.9999999999010002,raw
71,s4_mixed_dynamic,7.833669525191001,3.638141757452688,False,True,True,static_fusion,55,5.5,5.5,0.5005473932990421,raw
72,s4_mixed_dynamic,7.664684483724226,3.3337804086327285,False,True,True,wifi_only,39,9.5,3.5,0.2571203007507403,raw
72,s4_mixed_dynamic,7.664684483724226,3.3337804086327285,False,True,True,vlp_only,49,9.5,4.5,0.9999999999010002,raw
72,s4_mixed_dynamic,7.664684483724226,3.3337804086327285,False,True,True,static_fusion,49,9.5,4.5,0.5136001828059724,raw
73,s4_mixed_dynamic,7.325126662205962,3.0900072935102134,False,True,True,wifi_only,16,6.5,1.5,0.2259434945404899,raw
73,s4_mixed_dynamic,7.325126662205962,3.0900072935102134,False,True,True,vlp_only,45,5.5,4.5,0.9999999999010002,raw
73,s4_mixed_dynamic,7.325126662205962,3.0900072935102134,False,True,True,static_fusion,45,5.5,4.5,0.5000313600381362,raw
74,s4_mixed_dynamic,7.295614884999138,2.9887682845800643,False,True,True,wifi_only,39,9.5,3.5,0.2967685728557547,raw
74,s4_mixed_dynamic,7.295614884999138,2.9887682845800643,False,True,True,vlp_only,37,7.5,3.5,0.9054682745373451,raw
74,s4_mixed_dynamic,7.295614884999138,2.9887682845800643,False,True,True,static_fusion,37,7.5,3.5,0.5008742760484435,raw
75,s4_mixed_dynamic,7.296351451677773,2.798195708361908,False,True,True,wifi_only,7,7.5,0.5,0.3489008216319973,raw
75,s4_mixed_dynamic,7.296351451677773,2.798195708361908,False,True,True,vlp_only,45,5.5,4.5,0.9999999999010002,raw
75,s4_mixed_dynamic,7.296351451677773,2.798195708361908,False,True,True,static_fusion,45,5.5,4.5,0.5000000002463173,raw
76,s4_mixed_dynamic,7.251642624966383,2.337893241987238,False,True,True,wifi_only,17,7.5,1.5,0.33525538223279316,raw
76,s4_mixed_dynamic,7.251642624966383,2.337893241987238,False,True,True,vlp_only,5,5.5,0.5,0.9999999999010003,raw
76,s4_mixed_dynamic,7.251642624966383,2.337893241987238,False,True,True,static_fusion,5,5.5,0.5,0.5000061489321348,raw
77,s4_mixed_dynamic,7.191112638050282,2.11104971712342,False,True,True,wifi_only,27,7.5,2.5,0.28410741021876806,raw
77,s4_mixed_dynamic,7.191112638050282,2.11104971712342,False,True,True,vlp_only,28,8.5,2.5,0.9999999997393709,raw
77,s4_mixed_dynamic,7.191112638050282,2.11104971712342,False,True,True,static_fusion,28,8.5,2.5,0.5224562488377485,raw
78,s4_mixed_dynamic,7.088997127565227,1.8280730412017787,False,True,True,wifi_only,7,7.5,0.5,0.49436152449018783,raw
78,s4_mixed_dynamic,7.088997127565227,1.8280730412017787,False,True,True,vlp_only,17,7.5,1.5,0.9999999999010003,raw
78,s4_mixed_dynamic,7.088997127565227,1.8280730412017787,False,True,True,static_fusion,17,7.5,1.5,0.6297673616070947,raw
79,s4_mixed_dynamic,7.114586335383993,1.531713950324241,False,True,True,wifi_only,28,8.5,2.5,0.2517671391625758,raw
79,s4_mixed_dynamic,7.114586335383993,1.531713950324241,False,True,True,vlp_only,17,7.5,1.5,0.9999999999010003,raw
79,s4_mixed_dynamic,7.114586335383993,1.531713950324241,False,True,True,static_fusion,17,7.5,1.5,0.6132371501933932,raw
80,s4_mixed_dynamic,7.170157133048356,1.3067743629177078,True,False,True,wifi_only,5,5.5,0.5,0.6488075088380842,raw
80,s4_mixed_dynamic,7.170157133048356,1.3067743629177078,True,False,True,vlp_only,17,7.5,1.5,0.9999999988407545,raw
80,s4_mixed_dynamic,7.170157133048356,1.3067743629177078,True,False,True,static_fusion,17,7.5,1.5,0.500001923941452,raw
81,s4_mixed_dynamic,7.201631077444322,1.1339839347561254,True,False,True,wifi_only,28,8.5,2.5,0.29832505455935276,raw
81,s4_mixed_dynamic,7.201631077444322,1.1339839347561254,True,False,True,vlp_only,7,7.5,0.5,0.9999999999010003,raw
81,s4_mixed_dynamic,7.201631077444322,1.1339839347561254,True,False,True,static_fusion,7,7.5,0.5,0.5447367384280902,raw
82,s4_mixed_dynamic,7.155776983713249,0.8528139925624313,True,False,True,wifi_only,18,8.5,1.5,0.6427312805807567,raw
82,s4_mixed_dynamic,7.155776983713249,0.8528139925624313,True,False,True,vlp_only,7,7.5,0.5,0.9999998116839578,raw
82,s4_mixed_dynamic,7.155776983713249,0.8528139925624313,True,False,True,static_fusion,7,7.5,0.5,0.5038639919940074,raw
83,s4_mixed_dynamic,6.976127786010122,0.4956267479912126,True,False,True,wifi_only,7,7.5,0.5,0.5431960422904242,raw
83,s4_mixed_dynamic,6.976127786010122,0.4956267479912126,True,False,True,vlp_only,7,7.5,0.5,0.9759976132446717,raw
83,s4_mixed_dynamic,6.976127786010122,0.4956267479912126,True,False,True,static_fusion,7,7.5,0.5,0.759596827767548,raw
84,s4_mixed_dynamic,6.74255867268218,0.0843728881784015,True,False,True,wifi_only,19,9.5,1.5,0.8759181903196357,raw
84,s4_mixed_dynamic,6.74255867268218,0.0843728881784015,True,False,True,vlp_only,6,6.5,0.5,0.9999999999010003,raw
84,s4_mixed_dynamic,6.74255867268218,0.0843728881784015,True,False,True,static_fusion,6,6.5,0.5,0.49999999995100025,raw
85,s4_mixed_dynamic,7.064294392948221,0.3942671783051067,True,False,True,wifi_only,9,9.5,0.5,0.8624514266441287,raw
85,s4_mixed_dynamic,7.064294392948221,0.3942671783051067,True,False,True,vlp_only,6,6.5,0.5,0.9999999999010003,raw
85,s4_mixed_dynamic,7.064294392948221,0.3942671783051067,True,False,True,static_fusion,6,6.5,0.5,0.49999999995100025,raw
86,s4_mixed_dynamic,7.176188436555574,0.5060043216815018,True,False,True,wifi_only,5,5.5,0.5,0.4345157050722536,raw
86,s4_mixed_dynamic,7.176188436555574,0.5060043216815018,True,False,True,vlp_only,7,7.5,0.5,0.9999999999010003,raw
86,s4_mixed_dynamic,7.176188436555574,0.5060043216815018,True,False,True,static_fusion,7,7.5,0.5,0.5007389282175098,raw
87,s4_mixed_dynamic,7.307226017604519,0.5668144077417742,True,False,True,wifi_only,7,7.5,0.5,0.4219304334207849,raw
87,s4_mixed_dynamic,7.307226017604519,0.5668144077417742,True,False,True,vlp_only,7,7.5,0.5,0.999999998571368,raw
87,s4_mixed_dynamic,7.307226017604519,0.5668144077417742,True,False,True,static_fusion,7,7.5,0.5,0.7109652159960762,raw
88,s4_mixed_dynamic,7.687860172244926,0.7189120364284933,False,False,True,wifi_only,29,9.5,2.5,0.4437956887185309,raw
88,s4_mixed_dynamic,7.687860172244926,0.7189120364284933,False,False,True,vlp_only,7,7.5,0.5,0.9999999274658113,raw
88,s4_mixed_dynamic,7.687860172244926,0.7189120364284933,False,False,True,static_fusion,7,7.5,0.5,0.5611424970643757,raw
89,s4_mixed_dynamic,7.983386792676343,0.8375621710500243,False,False,True,wifi_only,8,8.5,0.5,0.36346871495314287,raw
89,s4_mixed_dynamic,7.983386792676343,0.8375621710500243,False,False,True,vlp_only,8,8.5,0.5,0.9737333393594637,raw
89,s4_mixed_dynamic,7.983386792676343,0.8375621710500243,False,False,True,static_fusion,8,8.5,0.5,0.6686010271563031,raw
90,s4_mixed_dynamic,8.256293406597695,0.875446755726633,False,False,True,wifi_only,18,8.5,1.5,0.38053695657841136,raw
90,s4_mixed_dynamic,8.256293406597695,0.875446755726633,False,False,True,vlp_only,8,8.5,0.5,0.9999951951700454,raw
90,s4_mixed_dynamic,8.256293406597695,0.875446755726633,False,False,True,static_fusion,8,8.5,0.5,0.64036511052876,raw
91,s4_mixed_dynamic,8.425989160054677,0.93045254740169,False,False,True,wifi_only,18,8.5,1.5,0.6668003324226027,raw
91,s4_mixed_dynamic,8.425989160054677,0.93045254740169,False,False,True,vlp_only,18,8.5,1.5,0.9999989880673511,raw
91,s4_mixed_dynamic,8.425989160054677,0.93045254740169,False,False,True,static_fusion,18,8.5,1.5,0.8333996602449769,raw
92,s4_mixed_dynamic,8.863055882305986,1.1231286812777777,False,False,True,wifi_only,18,8.5,1.5,0.40488874867333524,raw
92,s4_mixed_dynamic,8.863055882305986,1.1231286812777777,False,False,True,vlp_only,19,9.5,1.5,0.9744837835722668,raw
92,s4_mixed_dynamic,8.863055882305986,1.1231286812777777,False,False,True,static_fusion,19,9.5,1.5,0.5817684185641508,raw
93,s4_mixed_dynamic,9.23021965860404,1.1465464090231468,False,False,True,wifi_only,9,9.5,0.5,0.32291456120261025,raw
93,s4_mixed_dynamic,9.23021965860404,1.1465464090231468,False,False,True,vlp_only,19,9.5,1.5,0.9829540484345644,raw
93,s4_mixed_dynamic,9.23021965860404,1.1465464090231468,False,False,True,static_fusion,19,9.5,1.5,0.6362408447647893,raw
94,s4_mixed_dynamic,9.37371170551081,1.169754508811914,False,False,True,wifi_only,18,8.5,1.5,0.36283062580564845,raw
94,s4_mixed_dynamic,9.37371170551081,1.169754508811914,False,False,True,vlp_only,19,9.5,1.5,0.9999912159863912,raw
94,s4_mixed_dynamic,9.37371170551081,1.169754508811914,False,False,True,static_fusion,19,9.5,1.5,0.5758055927889805,raw
95,s4_mixed_dynamic,9.770217154834045,1.159649324523821,False,False,True,wifi_only,19,9.5,1.5,0.4488339985745685,raw
95,s4_mixed_dynamic,9.770217154834045,1.159649324523821,False,False,True,vlp_only,9,9.5,0.5,0.9999999999010003,raw
95,s4_mixed_dynamic,9.770217154834045,1.159649324523821,False,False,True,static_fusion,9,9.5,0.5,0.6497983160473788,raw
96,s4_mixed_dynamic,9.5806362152392,1.1294724581913531,False,False,True,wifi_only,8,8.5,0.5,0.3126214835592852,raw
96,s4_mixed_dynamic,9.5806362152392,1.1294724581913531,False,False,True,vlp_only,19,9.5,1.5,0.9999997844102226,raw
96,s4_mixed_dynamic,9.5806362152392,1.1294724581913531,False,False,True,static_fusion,19,9.5,1.5,0.6022041188181321,raw
97,s4_mixed_dynamic,9.431952925308204,0.9654622254894044,False,False,True,wifi_only,18,8.5,1.5,0.3327301338247112,raw
97,s4_mixed_dynamic,9.431952925308204,0.9654622254894044,False,False,True,vlp_only,19,9.5,1.5,0.9999473516517428,raw
97,s4_mixed_dynamic,9.431952925308204,0.9654622254894044,False,False,True,static_fusion,19,9.5,1.5,0.6254768393367752,raw
98,s4_mixed_dynamic,9.360595724435434,0.6120686019402459,False,False,True,wifi_only,19,9.5,1.5,0.3178005114740793,raw
98,s4_mixed_dynamic,9.360595724435434,0.6120686019402459,False,False,True,vlp_only,9,9.5,0.5,0.9999999999010003,raw
98,s4_mixed_dynamic,9.360595724435434,0.6120686019402459,False,False,True,static_fusion,9,9.5,0.5,0.625921313785725,raw
99,s4_mixed_dynamic,9.26764607580253,0.4010204672213302,False,False,True,wifi_only,9,9.5,0.5,0.3483551504255133,raw
99,s4_mixed_dynamic,9.26764607580253,0.4010204672213302,False,False,True,vlp_only,9,9.5,0.5,0.9999999999010003,raw
99,s4_mixed_dynamic,9.26764607580253,0.4010204672213302,False,False,True,static_fusion,9,9.5,0.5,0.6741775751632566,raw
0,s4_mixed_dynamic,3.50146586178358,2.794545781008381,False,False,True,wifi_only,24,4.5,2.5,0.16508962670311944,moving_average
0,s4_mixed_dynamic,3.50146586178358,2.794545781008381,False,False,True,vlp_only,23,3.5,2.5,0.9999999999010003,moving_average
0,s4_mixed_dynamic,3.50146586178358,2.794545781008381,False,False,True,static_fusion,23,3.5,2.5,0.5585574041681334,moving_average
1,s4_mixed_dynamic,3.8334314692961406,3.0879105600798664,False,False,True,wifi_only,14,4.5,1.5,0.22367263733313486,moving_average
1,s4_mixed_dynamic,3.8334314692961406,3.0879105600798664,False,False,True,vlp_only,33,3.5,3.5,0.9999999999010002,moving_average
1,s4_mixed_dynamic,3.8334314692961406,3.0879105600798664,False,False,True,static_fusion,33,3.5,3.5,0.5174428419179321,moving_average
2,s4_mixed_dynamic,4.0456173120900445,3.1263296245930507,False,False,True,wifi_only,14,4.5,1.5,0.20859717418348475,moving_average
2,s4_mixed_dynamic,4.0456173120900445,3.1263296245930507,False,False,True,vlp_only,33,3.5,3.5,0.9999999999010002,moving_average
2,s4_mixed_dynamic,4.0456173120900445,3.1263296245930507,False,False,True,static_fusion,33,3.5,3.5,0.5196587859807784,moving_average
3,s4_mixed_dynamic,4.42592581634721,3.113695449768073,False,False,True,wifi_only,24,4.5,2.5,0.20586116856472433,moving_average
3,s4_mixed_dynamic,4.42592581634721,3.113695449768073,False,False,True,vlp_only,33,3.5,3.5,0.9999999999010002,moving_average
3,s4_mixed_dynamic,4.42592581634721,3.113695449768073,False,False,True,static_fusion,33,3.5,3.5,0.5306406924304657,moving_average
4,s4_mixed_dynamic,4.708255729915193,3.19039433570727,False,False,True,wifi_only,24,4.5,2.5,0.19752659595335373,moving_average
4,s4_mixed_dynamic,4.708255729915193,3.19039433570727,False,False,True,vlp_only,24,4.5,2.5,0.9998182954382362,moving_average
4,s4_mixed_dynamic,4.708255729915193,3.19039433570727,False,False,True,static_fusion,24,4.5,2.5,0.598672445695795,moving_average
5,s4_mixed_dynamic,4.978762662726669,3.137730843885924,False,False,True,wifi_only,24,4.5,2.5,0.15961576100534225,moving_average
5,s4_mixed_dynamic,4.978762662726669,3.137730843885924,False,False,True,vlp_only,24,4.5,2.5,0.9999999999010002,moving_average
5,s4_mixed_dynamic,4.978762662726669,3.137730843885924,False,False,True,static_fusion,24,4.5,2.5,0.579807880453171,moving_average
6,s4_mixed_dynamic,5.202025987228208,3.1529819162085304,False,False,True,wifi_only,25,5.5,2.5,0.16247079722931132,moving_average
6,s4_mixed_dynamic,5.202025987228208,3.1529819162085304,False,False,True,vlp_only,34,4.5,3.5,0.9999999999010002,moving_average
6,s4_mixed_dynamic,5.202025987228208,3.1529819162085304,False,False,True,static_fusion,34,4.5,3.5,0.5601094622142441,moving_average
7,s4_mixed_dynamic,5.347337808465035,3.292281793156062,False,False,True,wifi_only,25,5.5,2.5,0.18892647515398522,moving_average
7,s4_mixed_dynamic,5.347337808465035,3.292281793156062,False,False,True,vlp_only,34,4.5,3.5,0.9999999999010002,moving_average
7,s4_mixed_dynamic,5.347337808465035,3.292281793156062,False,False,True,static_fusion,34,4.5,3.5,0.5422204269268067,moving_average
8,s4_mixed_dynamic,5.716827179474,3.58088982297864,False,False,True,wifi_only,25,5.5,2.5,0.19123282984885964,moving_average
8,s4_mixed_dynamic,5.716827179474,3.58088982297864,False,False,True,vlp_only,35,5.5,3.5,0.9999999999010002,moving_average
8,s4_mixed_dynamic,5.716827179474,3.58088982297864,False,False,True,static_fusion,35,5.5,3.5,0.5763998719598512,moving_average
9,s4_mixed_dynamic,5.862414412197704,3.68421178879823,False,False,True,wifi_only,25,5.5,2.5,0.19717108227258,moving_average
9,s4_mixed_dynamic,5.862414412197704,3.68421178879823,False,False,True,vlp_only,35,5.5,3.5,0.9999999999010002,moving_average
9,s4_mixed_dynamic,5.862414412197704,3.68421178879823,False,False,True,static_fusion,35,5.5,3.5,0.5637519942965259,moving_average
10,s4_mixed_dynamic,6.2621648807209205,3.865009897723677,True,False,True,wifi_only,35,5.5,3.5,0.18702834280319752,moving_average
10,s4_mixed_dynamic,6.2621648807209205,3.865009897723677,True,False,True,vlp_only,35,5.5,3.5,0.9999999999010002,moving_average
10,s4_mixed_dynamic,6.2621648807209205,3.865009897723677,True,False,True,static_fusion,35,5.5,3.5,0.5935141713520987,moving_average
11,s4_mixed_dynamic,6.386402797469953,4.000359969380765,True,False,True,wifi_only,35,5.5,3.5,0.1541831761916269,moving_average
11,s4_mixed_dynamic,6.386402797469953,4.000359969380765,True,False,True,vlp_only,35,5.5,3.5,0.9999999999010002,moving_average
11,s4_mixed_dynamic,6.386402797469953,4.000359969380765,True,False,True,static_fusion,35,5.5,3.5,0.5770915880463136,moving_average
12,s4_mixed_dynamic,6.486403725025359,4.131792507959473,True,False,True,wifi_only,35,5.5,3.5,0.1978001039307804,moving_average
12,s4_mixed_dynamic,6.486403725025359,4.131792507959473,True,False,True,vlp_only,35,5.5,3.5,0.615639471393378,moving_average
12,s4_mixed_dynamic,6.486403725025359,4.131792507959473,True,False,True,static_fusion,35,5.5,3.5,0.4067197876620792,moving_average
13,s4_mixed_dynamic,6.594101310260236,4.146666699824417,True,False,True,wifi_only,44,4.5,4.5,0.1414882065263985,moving_average
13,s4_mixed_dynamic,6.594101310260236,4.146666699824417,True,False,True,vlp_only,46,6.5,4.5,0.9999999999010002,moving_average
13,s4_mixed_dynamic,6.594101310260236,4.146666699824417,True,False,True,static_fusion,46,6.5,4.5,0.5190593952507633,moving_average
14,s4_mixed_dynamic,6.938536691705024,4.190811224101229,True,False,True,wifi_only,44,4.5,4.5,0.13990194138732723,moving_average
14,s4_mixed_dynamic,6.938536691705024,4.190811224101229,True,False,True,vlp_only,47,7.5,4.5,0.999376364993943,moving_average
14,s4_mixed_dynamic,6.938536691705024,4.190811224101229,True,False,True,static_fusion,47,7.5,4.5,0.5013618823712337,moving_average
15,s4_mixed_dynamic,7.095444556622987,4.3190830854397095,True,False,True,wifi_only,57,7.5,5.5,0.14395576663111695,moving_average
15,s4_mixed_dynamic,7.095444556622987,4.3190830854397095,True,False,True,vlp_only,47,7.5,4.5,0.9999999999010002,moving_average
15,s4_mixed_dynamic,7.095444556622987,4.3190830854397095,True,False,True,static_fusion,47,7.5,4.5,0.520792539898655,moving_average
16,s4_mixed_dynamic,7.322508343984496,4.588300078241882,True,False,True,wifi_only,56,6.5,5.5,0.19110526910929215,moving_average
16,s4_mixed_dynamic,7.322508343984496,4.588300078241882,True,False,True,vlp_only,47,7.5,4.5,0.9999999999010002,moving_average
16,s4_mixed_dynamic,7.322508343984496,4.588300078241882,True,False,True,static_fusion,47,7.5,4.5,0.513467537845826,moving_average
17,s4_mixed_dynamic,7.446193242310456,4.675563891349093,True,False,True,wifi_only,55,5.5,5.5,0.2117297153739926,moving_average
17,s4_mixed_dynamic,7.446193242310456,4.675563891349093,True,False,True,vlp_only,47,7.5,4.5,0.9999999999010002,moving_average
17,s4_mixed_dynamic,7.446193242310456,4.675563891349093,True,False,True,static_fusion,47,7.5,4.5,0.5020987191078522,moving_average
18,s4_mixed_dynamic,7.634031718409139,4.77391982605946,True,False,True,wifi_only,55,5.5,5.5,0.2153463217152735,moving_average
18,s4_mixed_dynamic,7.634031718409139,4.77391982605946,True,False,True,vlp_only,47,7.5,4.5,0.9999999999010002,moving_average
18,s4_mixed_dynamic,7.634031718409139,4.77391982605946,True,False,True,static_fusion,47,7.5,4.5,0.5080862682008234,moving_average
19,s4_mixed_dynamic,7.862727723450558,4.97492979510894,True,False,True,wifi_only,56,6.5,5.5,0.2072694828711557,moving_average
19,s4_mixed_dynamic,7.862727723450558,4.97492979510894,True,False,True,vlp_only,47,7.5,4.5,0.9999999998996534,moving_average
19,s4_mixed_dynamic,7.862727723450558,4.97492979510894,True,False,True,static_fusion,47,7.5,4.5,0.5376273206705509,moving_average
20,s4_mixed_dynamic,7.939266457295782,5.129541394281456,True,False,True,wifi_only,56,6.5,5.5,0.1828953352177711,moving_average
20,s4_mixed_dynamic,7.939266457295782,5.129541394281456,True,False,True,vlp_only,47,7.5,4.5,0.9999999270041258,moving_average
20,s4_mixed_dynamic,7.939266457295782,5.129541394281456,True,False,True,static_fusion,47,7.5,4.5,0.5512321713302214,moving_average
21,s4_mixed_dynamic,8.011102297567714,5.276303396065385,True,False,True,wifi_only,46,6.5,4.5,0.17421460843234335,moving_average
21,s4_mixed_dynamic,8.011102297567714,5.276303396065385,True,False,True,vlp_only,47,7.5,4.5,0.999552740351332,moving_average
21,s4_mixed_dynamic,8.011102297567714,5.276303396065385,True,False,True,static_fusion,47,7.5,4.5,0.5422611419763677,moving_average
22,s4_mixed_dynamic,8.343062278059984,5.445902988798278,False,False,True,wifi_only,57,7.5,5.5,0.18572314527241,moving_average
22,s4_mixed_dynamic,8.343062278059984,5.445902988798278,False,False,True,vlp_only,58,8.5,5.5,0.5375002340123424,moving_average
22,s4_mixed_dynamic,8.343062278059984,5.445902988798278,False,False,True,static_fusion,58,8.5,5.5,0.33282479015876026,moving_average
23,s4_mixed_dynamic,8.52052164720882,5.6027346910434765,False,False,True,wifi_only,58,8.5,5.5,0.15801802534689313,moving_average
23,s4_mixed_dynamic,8.52052164720882,5.6027346910434765,False,False,True,vlp_only,58,8.5,5.5,0.9987542620650471,moving_average
23,s4_mixed_dynamic,8.52052164720882,5.6027346910434765,False,False,True,static_fusion,58,8.5,5.5,0.5783861437059701,moving_average
24,s4_mixed_dynamic,8.840063415262575,5.876328672083288,False,False,True,wifi_only,47,7.5,4.5,0.14417169199322863,moving_average
24,s4_mixed_dynamic,8.840063415262575,5.876328672083288,False,False,True,vlp_only,58,8.5,5.5,0.9999997609078156,moving_average
24,s4_mixed_dynamic,8.840063415262575,5.876328672083288,False,False,True,static_fusion,58,8.5,5.5,0.5578889649733169,moving_average
25,s4_mixed_dynamic,9.133542118122302,6.275738550131283,False,True,True,wifi_only,45,5.5,4.5,0.1283010207163481,moving_average
25,s4_mixed_dynamic,9.133542118122302,6.275738550131283,False,True,True,vlp_only,59,9.5,5.5,0.9999999999010002,moving_average
25,s4_mixed_dynamic,9.133542118122302,6.275738550131283,False,True,True,static_fusion,59,9.5,5.5,0.511899617943839,moving_average
26,s4_mixed_dynamic,9.35618800793218,6.65718067016028,False,True,True,wifi_only,58,8.5,5.5,0.17092742695032237,moving_average
26,s4_mixed_dynamic,9.35618800793218,6.65718067016028,False,True,True,vlp_only,59,9.5,5.5,0.9999999954126707,moving_average
26,s4_mixed_dynamic,9.35618800793218,6.65718067016028,False,True,True,static_fusion,59,9.5,5.5,0.5644112547384472,moving_average
27,s4_mixed_dynamic,9.561103088027537,7.107641397521033,False,True,True,wifi_only,59,9.5,5.5,0.1952603920346963,moving_average
27,s4_mixed_dynamic,9.561103088027537,7.107641397521033,False,True,True,vlp_only,69,9.5,6.5,0.9999999999010001,moving_average
27,s4_mixed_dynamic,9.561103088027537,7.107641397521033,False,True,True,static_fusion,69,9.5,6.5,0.5822779211223392,moving_average
28,s4_mixed_dynamic,9.62294450389752,7.287936096739562,False,True,True,wifi_only,69,9.5,6.5,0.2210556056364008,moving_average
28,s4_mixed_dynamic,9.62294450389752,7.287936096739562,False,True,True,vlp_only,69,9.5,6.5,0.9999923086822803,moving_average
28,s4_mixed_dynamic,9.62294450389752,7.287936096739562,False,True,True,static_fusion,69,9.5,6.5,0.6105239571593406,moving_average
29,s4_mixed_dynamic,9.567042849149868,7.590650497286169,False,True,True,wifi_only,69,9.5,6.5,0.26040027467525934,moving_average
29,s4_mixed_dynamic,9.567042849149868,7.590650497286169,False,True,True,vlp_only,99,9.5,9.5,0.9999999999010001,moving_average
29,s4_mixed_dynamic,9.567042849149868,7.590650497286169,False,True,True,static_fusion,99,9.5,9.5,0.5105279373033152,moving_average
30,s4_mixed_dynamic,9.368809486427658,7.926124173973704,False,True,True,wifi_only,69,9.5,6.5,0.23165148758175574,moving_average
30,s4_mixed_dynamic,9.368809486427658,7.926124173973704,False,True,True,vlp_only,89,9.5,8.5,0.9999957820716021,moving_average
30,s4_mixed_dynamic,9.368809486427658,7.926124173973704,False,True,True,static_fusion,89,9.5,8.5,0.546419057797402,moving_average
31,s4_mixed_dynamic,9.317903367352146,8.04732779879347,False,True,True,wifi_only,79,9.5,7.5,0.2282436074453691,moving_average
31,s4_mixed_dynamic,9.317903367352146,8.04732779879347,False,True,True,vlp_only,89,9.5,8.5,0.9999999989028076,moving_average
31,s4_mixed_dynamic,9.317903367352146,8.04732779879347,False,True,True,static_fusion,89,9.5,8.5,0.5908067240954217,moving_average
32,s4_mixed_dynamic,9.186332412855084,8.43241929333643,False,True,True,wifi_only,79,9.5,7.5,0.21197626525404184,moving_average
32,s4_mixed_dynamic,9.186332412855084,8.43241929333643,False,True,True,vlp_only,89,9.5,8.5,0.9999999998428607,moving_average
32,s4_mixed_dynamic,9.186332412855084,8.43241929333643,False,True,True,static_fusion,89,9.5,8.5,0.5972604849568723,moving_average
33,s4_mixed_dynamic,9.112727671229193,8.796655767469591,False,True,True,wifi_only,89,9.5,8.5,0.19540927357476184,moving_average
33,s4_mixed_dynamic,9.112727671229193,8.796655767469591,False,True,True,vlp_only,89,9.5,8.5,0.9999999999010001,moving_average
33,s4_mixed_dynamic,9.112727671229193,8.796655767469591,False,True,True,static_fusion,89,9.5,8.5,0.597704636737881,moving_average
34,s4_mixed_dynamic,9.270799859312152,9.22745450829668,False,True,True,wifi_only,99,9.5,9.5,0.2305988686116773,moving_average
34,s4_mixed_dynamic,9.270799859312152,9.22745450829668,False,True,True,vlp_only,99,9.5,9.5,0.9999999999010001,moving_average
34,s4_mixed_dynamic,9.270799859312152,9.22745450829668,False,True,True,static_fusion,99,9.5,9.5,0.6152994342563387,moving_average
35,s4_mixed_dynamic,9.423420837008932,9.422997081607893,False,False,True,wifi_only,99,9.5,9.5,0.27094915694627675,moving_average
35,s4_mixed_dynamic,9.423420837008932,9.422997081607893,False,False,True,vlp_only,99,9.5,9.5,0.9999999999010001,moving_average
35,s4_mixed_dynamic,9.423420837008932,9.422997081607893,False,False,True,static_fusion,99,9.5,9.5,0.6354745784236384,moving_average
36,s4_mixed_dynamic,9.481110661263054,9.62212971253768,False,False,True,wifi_only,99,9.5,9.5,0.3540654520863602,moving_average
36,s4_mixed_dynamic,9.481110661263054,9.62212971253768,False,False,True,vlp_only,99,9.5,9.5,0.9999999999010001,moving_average
36,s4_mixed_dynamic,9.481110661263054,9.62212971253768,False,False,True,static_fusion,99,9.5,9.5,0.6770327259936801,moving_average
37,s4_mixed_dynamic,9.541752579513968,9.92203908827878,False,False,True,wifi_only,99,9.5,9.5,0.36193905211246336,moving_average
37,s4_mixed_dynamic,9.541752579513968,9.92203908827878,False,False,True,vlp_only,99,9.5,9.5,0.9999999999010001,moving_average
37,s4_mixed_dynamic,9.541752579513968,9.92203908827878,False,False,True,static_fusion,99,9.5,9.5,0.6809695260067317,moving_average
38,s4_mixed_dynamic,9.402562603553038,9.543991147418636,False,False,True,wifi_only,99,9.5,9.5,0.4152749714243535,moving_average
38,s4_mixed_dynamic,9.402562603553038,9.543991147418636,False,False,True,vlp_only,99,9.5,9.5,0.9999999999010001,moving_average
38,s4_mixed_dynamic,9.402562603553038,9.543991147418636,False,False,True,static_fusion,99,9.5,9.5,0.7076374856626768,moving_average
39,s4_mixed_dynamic,9.44479730227728,9.391504817262849,False,False,True,wifi_only,99,9.5,9.5,0.3370733764810106,moving_average
39,s4_mixed_dynamic,9.44479730227728,9.391504817262849,False,False,True,vlp_only,99,9.5,9.5,0.9999999999010001,moving_average
39,s4_mixed_dynamic,9.44479730227728,9.391504817262849,False,False,True,static_fusion,99,9.5,9.5,0.6685366881910053,moving_average
40,s4_mixed_dynamic,9.525454359161255,8.940867722935458,False,False,True,wifi_only,99,9.5,9.5,0.2774157905481225,moving_average
40,s4_mixed_dynamic,9.525454359161255,8.940867722935458,False,False,True,vlp_only,99,9.5,9.5,0.9999999999010001,moving_average
40,s4_mixed_dynamic,9.525454359161255,8.940867722935458,False,False,True,static_fusion,99,9.5,9.5,0.6387078952245613,moving_average
41,s4_mixed_dynamic,9.823585243977655,8.584999463128653,False,False,True,wifi_only,99,9.5,9.5,0.27722213924812916,moving_average
41,s4_mixed_dynamic,9.823585243977655,8.584999463128653,False,False,True,vlp_only,99,9.5,9.5,0.9999999999010001,moving_average
41,s4_mixed_dynamic,9.823585243977655,8.584999463128653,False,False,True,static_fusion,99,9.5,9.5,0.6386110695745646,moving_average
42,s4_mixed_dynamic,9.694700842723162,8.966546447675274,False,False,True,wifi_only,89,9.5,8.5,0.23257066676449836,moving_average
42,s4_mixed_dynamic,9.694700842723162,8.966546447675274,False,False,True,vlp_only,99,9.5,9.5,0.9999999999010001,moving_average
42,s4_mixed_dynamic,9.694700842723162,8.966546447675274,False,False,True,static_fusion,99,9.5,9.5,0.6155257563935691,moving_average
43,s4_mixed_dynamic,9.569223421271444,9.326938465999294,False,False,True,wifi_only,89,9.5,8.5,0.2076203686361327,moving_average
43,s4_mixed_dynamic,9.569223421271444,9.326938465999294,False,False,True,vlp_only,99,9.5,9.5,0.9999999999010001,moving_average
43,s4_mixed_dynamic,9.569223421271444,9.326938465999294,False,False,True,static_fusion,99,9.5,9.5,0.6034644329043738,moving_average
44,s4_mixed_dynamic,9.534535416987817,9.784343768551336,False,False,True,wifi_only,89,9.5,8.5,0.2121786366706911,moving_average
44,s4_mixed_dynamic,9.534535416987817,9.784343768551336,False,False,True,vlp_only,99,9.5,9.5,0.9999999999010001,moving_average
44,s4_mixed_dynamic,9.534535416987817,9.784343768551336,False,False,True,static_fusion,99,9.5,9.5,0.6003469552426637,moving_average
45,s4_mixed_dynamic,9.54487381028695,9.92332836828298,True,False,True,wifi_only,99,9.5,9.5,0.38783966900317873,moving_average
45,s4_mixed_dynamic,9.54487381028695,9.92332836828298,True,False,True,vlp_only,99,9.5,9.5,0.9999999999010001,moving_average
45,s4_mixed_dynamic,9.54487381028695,9.92332836828298,True,False,True,static_fusion,99,9.5,9.5,0.6939198344520894,moving_average
46,s4_mixed_dynamic,9.558162041417896,9.663482828106742,True,False,True,wifi_only,99,9.5,9.5,0.4822981545748107,moving_average
46,s4_mixed_dynamic,9.558162041417896,9.663482828106742,True,False,True,vlp_only,99,9.5,9.5,0.9999999999010001,moving_average
46,s4_mixed_dynamic,9.558162041417896,9.663482828106742,True,False,True,static_fusion,99,9.5,9.5,0.7411490772379054,moving_average
47,s4_mixed_dynamic,9.5646528065164,9.424365913186056,True,False,True,wifi_only,99,9.5,9.5,0.48760072615586186,moving_average
47,s4_mixed_dynamic,9.5646528065164,9.424365913186056,True,False,True,vlp_only,99,9.5,9.5,0.9999999999010001,moving_average
47,s4_mixed_dynamic,9.5646528065164,9.424365913186056,True,False,True,static_fusion,99,9.5,9.5,0.743800363028431,moving_average
48,s4_mixed_dynamic,9.50103939557558,9.114055937821927,True,False,True,wifi_only,99,9.5,9.5,0.3108704038542699,moving_average
48,s4_mixed_dynamic,9.50103939557558,9.114055937821927,True,False,True,vlp_only,99,9.5,9.5,0.9999999999010001,moving_average
48,s4_mixed_dynamic,9.50103939557558,9.114055937821927,True,False,True,static_fusion,99,9.5,9.5,0.655435201877635,moving_average
49,s4_mixed_dynamic,9.414656161118282,8.731094504017625,True,False,True,wifi_only,99,9.5,9.5,0.30674143025301837,moving_average
49,s4_mixed_dynamic,9.414656161118282,8.731094504017625,True,False,True,vlp_only,99,9.5,9.5,0.9999999999010001,moving_average
49,s4_mixed_dynamic,9.414656161118282,8.731094504017625,True,False,True,static_fusion,99,9.5,9.5,0.6533707150770092,moving_average
50,s4_mixed_dynamic,9.21633605588256,8.49062670552971,True,False,True,wifi_only,99,9.5,9.5,0.41124409033698595,moving_average
50,s4_mixed_dynamic,9.21633605588256,8.49062670552971,True,False,True,vlp_only,89,9.5,8.5,0.9999562766398385,moving_average
50,s4_mixed_dynamic,9.21633605588256,8.49062670552971,True,False,True,static_fusion,89,9.5,8.5,0.6403968441303325,moving_average
51,s4_mixed_dynamic,9.11760935449355,8.438577566893754,True,False,True,wifi_only,79,9.5,7.5,0.23761610352289403,moving_average
51,s4_mixed_dynamic,9.11760935449355,8.438577566893754,True,False,True,vlp_only,89,9.5,8.5,0.999999050805222,moving_average
51,s4_mixed_dynamic,9.11760935449355,8.438577566893754,True,False,True,static_fusion,89,9.5,8.5,0.5935160172354865,moving_average
52,s4_mixed_dynamic,8.922779282926651,8.205081914366874,True,False,True,wifi_only,69,9.5,6.5,0.2546526641084792,moving_average
52,s4_mixed_dynamic,8.922779282926651,8.205081914366874,True,False,True,vlp_only,89,9.5,8.5,0.9999992551838008,moving_average
52,s4_mixed_dynamic,8.922779282926651,8.205081914366874,True,False,True,static_fusion,89,9.5,8.5,0.5522638443224279,moving_average
53,s4_mixed_dynamic,8.733693244154269,8.016610598714413,True,False,True,wifi_only,79,9.5,7.5,0.26707290938771366,moving_average
53,s4_mixed_dynamic,8.733693244154269,8.016610598714413,True,False,True,vlp_only,89,9.5,8.5,0.9999721447512474,moving_average
53,s4_mixed_dynamic,8.733693244154269,8.016610598714413,True,False,True,static_fusion,89,9.5,8.5,0.5996001471555097,moving_average
54,s4_mixed_dynamic,8.604067606013617,7.71418254806786,True,False,True,wifi_only,79,9.5,7.5,0.2189077363155393,moving_average
54,s4_mixed_dynamic,8.604067606013617,7.71418254806786,True,False,True,vlp_only,88,8.5,8.5,0.999999058271076,moving_average
54,s4_mixed_dynamic,8.604067606013617,7.71418254806786,True,False,True,static_fusion,88,8.5,8.5,0.5301249427267937,moving_average
55,s4_mixed_dynamic,8.380292121918876,7.508518197183664,False,False,True,wifi_only,59,9.5,5.5,0.19181301692163433,moving_average
55,s4_mixed_dynamic,8.380292121918876,7.508518197183664,False,False,True,vlp_only,88,8.5,8.5,0.9614257206529315,moving_average
55,s4_mixed_dynamic,8.380292121918876,7.508518197183664,False,False,True,static_fusion,88,8.5,8.5,0.48385467276813493,moving_average
56,s4_mixed_dynamic,8.261298236940235,7.032237617033076,False,False,True,wifi_only,69,9.5,6.5,0.22260847215794577,moving_average
56,s4_mixed_dynamic,8.261298236940235,7.032237617033076,False,False,True,vlp_only,78,8.5,7.5,0.9999988931747062,moving_average
56,s4_mixed_dynamic,8.261298236940235,7.032237617033076,False,False,True,static_fusion,78,8.5,7.5,0.5375168717656892,moving_average
57,s4_mixed_dynamic,8.367834526148913,6.700942345233571,False,False,True,wifi_only,78,8.5,7.5,0.16295625025703264,moving_average
57,s4_mixed_dynamic,8.367834526148913,6.700942345233571,False,False,True,vlp_only,78,8.5,7.5,0.9999999999010001,moving_average
57,s4_mixed_dynamic,8.367834526148913,6.700942345233571,False,False,True,static_fusion,78,8.5,7.5,0.5814781250790163,moving_average
58,s4_mixed_dynamic,8.353958878788386,6.494196804329148,False,False,True,wifi_only,67,7.5,6.5,0.1509129592755059,moving_average
58,s4_mixed_dynamic,8.353958878788386,6.494196804329148,False,False,True,vlp_only,78,8.5,7.5,0.9999999999010001,moving_average
58,s4_mixed_dynamic,8.353958878788386,6.494196804329148,False,False,True,static_fusion,78,8.5,7.5,0.5537151673788447,moving_average
59,s4_mixed_dynamic,8.336546429042226,6.293616283957347,False,False,True,wifi_only,78,8.5,7.5,0.13213699706047533,moving_average
59,s4_mixed_dynamic,8.336546429042226,6.293616283957347,False,False,True,vlp_only,68,8.5,6.5,0.9999999985376704,moving_average
59,s4_mixed_dynamic,8.336546429042226,6.293616283957347,False,False,True,static_fusion,68,8.5,6.5,0.5643676589154668,moving_average
60,s4_mixed_dynamic,8.40346815147133,6.116995442632617,False,False,True,wifi_only,69,9.5,6.5,0.14494005412288768,moving_average
60,s4_mixed_dynamic,8.40346815147133,6.116995442632617,False,False,True,vlp_only,68,8.5,6.5,0.9999999034806053,moving_average
60,s4_mixed_dynamic,8.40346815147133,6.116995442632617,False,False,True,static_fusion,68,8.5,6.5,0.5713644650662917,moving_average
61,s4_mixed_dynamic,8.546844700935843,5.924881887661858,False,False,True,wifi_only,68,8.5,6.5,0.1337268689974631,moving_average
61,s4_mixed_dynamic,8.546844700935843,5.924881887661858,False,False,True,vlp_only,68,8.5,6.5,0.9999999994665242,moving_average
61,s4_mixed_dynamic,8.546844700935843,5.924881887661858,False,False,True,static_fusion,68,8.5,6.5,0.5668634342319938,moving_average
62,s4_mixed_dynamic,8.729904160776496,5.547744951919951,False,False,True,wifi_only,58,8.5,5.5,0.13740388388927016,moving_average
62,s4_mixed_dynamic,8.729904160776496,5.547744951919951,False,False,True,vlp_only,69,9.5,6.5,0.9999999999010001,moving_average
62,s4_mixed_dynamic,8.729904160776496,5.547744951919951,False,False,True,static_fusion,69,9.5,6.5,0.563908509824201,moving_average
63,s4_mixed_dynamic,8.77202584280195,5.143629060389316,False,False,True,wifi_only,58,8.5,5.5,0.16171516669872235,moving_average
63,s4_mixed_dynamic,8.77202584280195,5.143629060389316,False,False,True,vlp_only,69,9.5,6.5,0.9999715065508777,moving_average
63,s4_mixed_dynamic,8.77202584280195,5.143629060389316,False,False,True,static_fusion,69,9.5,6.5,0.5423686072860222,moving_average
64,s4_mixed_dynamic,8.718437609453172,4.97610578105409,False,False,True,wifi_only,58,8.5,5.5,0.15147847723052982,moving_average
64,s4_mixed_dynamic,8.718437609453172,4.97610578105409,False,False,True,vlp_only,58,8.5,5.5,0.9999999999010002,moving_average
64,s4_mixed_dynamic,8.718437609453172,4.97610578105409,False,False,True,static_fusion,58,8.5,5.5,0.575739238565765,moving_average
65,s4_mixed_dynamic,8.667563530000693,4.866630764710654,False,True,True,wifi_only,58,8.5,5.5,0.17089086372925302,moving_average
65,s4_mixed_dynamic,8.667563530000693,4.866630764710654,False,True,True,vlp_only,59,9.5,5.5,0.9999999999010002,moving_average
65,s4_mixed_dynamic,8.667563530000693,4.866630764710654,False,True,True,static_fusion,59,9.5,5.5,0.5551631453195535,moving_average
66,s4_mixed_dynamic,8.542366419283344,4.760216825616967,False,True,True,wifi_only,48,8.5,4.5,0.1649905046812314,moving_average
66,s4_mixed_dynamic,8.542366419283344,4.760216825616967,False,True,True,vlp_only,49,9.5,4.5,0.9999999999010002,moving_average
66,s4_mixed_dynamic,8.542366419283344,4.760216825616967,False,True,True,static_fusion,49,9.5,4.5,0.5553837605459656,moving_average
67,s4_mixed_dynamic,8.382687489621802,4.499553999003734,False,True,True,wifi_only,48,8.5,4.5,0.17068463465889833,moving_average
67,s4_mixed_dynamic,8.382687489621802,4.499553999003734,False,True,True,vlp_only,49,9.5,4.5,0.9999999999010002,moving_average
67,s4_mixed_dynamic,8.382687489621802,4.499553999003734,False,True,True,static_fusion,49,9.5,4.5,0.5650317206815931,moving_average
68,s4_mixed_dynamic,8.31381336958047,4.356990528873265,False,True,True,wifi_only,48,8.5,4.5,0.1925563860365658,moving_average
68,s4_mixed_dynamic,8.31381336958047,4.356990528873265,False,True,True,vlp_only,49,9.5,4.5,0.9999999999010002,moving_average
68,s4_mixed_dynamic,8.31381336958047,4.356990528873265,False,True,True,static_fusion,49,9.5,4.5,0.5793818184665553,moving_average
69,s4_mixed_dynamic,8.173199902177743,4.055129301838792,False,True,True,wifi_only,48,8.5,4.5,0.17651227805578124,moving_average
69,s4_mixed_dynamic,8.173199902177743,4.055129301838792,False,True,True,vlp_only,39,9.5,3.5,0.9999999999010002,moving_average
69,s4_mixed_dynamic,8.173199902177743,4.055129301838792,False,True,True,static_fusion,39,9.5,3.5,0.5202873971948399,moving_average
70,s4_mixed_dynamic,7.958876024659174,3.799783052657366,False,True,True,wifi_only,48,8.5,4.5,0.18785813778220922,moving_average
70,s4_mixed_dynamic,7.958876024659174,3.799783052657366,False,True,True,vlp_only,39,9.5,3.5,0.9999999999010002,moving_average
70,s4_mixed_dynamic,7.958876024659174,3.799783052657366,False,True,True,static_fusion,39,9.5,3.5,0.5378516700513943,moving_average
71,s4_mixed_dynamic,7.833669525191001,3.638141757452688,False,True,True,wifi_only,48,8.5,4.5,0.20393893027042675,moving_average
71,s4_mixed_dynamic,7.833669525191001,3.638141757452688,False,True,True,vlp_only,39,9.5,3.5,0.9999999999010002,moving_average
71,s4_mixed_dynamic,7.833669525191001,3.638141757452688,False,True,True,static_fusion,39,9.5,3.5,0.5311418320517451,moving_average
72,s4_mixed_dynamic,7.664684483724226,3.3337804086327285,False,True,True,wifi_only,48,8.5,4.5,0.17543828659522365,moving_average
72,s4_mixed_dynamic,7.664684483724226,3.3337804086327285,False,True,True,vlp_only,49,9.5,4.5,0.9999999999010002,moving_average
72,s4_mixed_dynamic,7.664684483724226,3.3337804086327285,False,True,True,static_fusion,49,9.5,4.5,0.5849939630066937,moving_average
73,s4_mixed_dynamic,7.325126662205962,3.0900072935102134,False,True,True,wifi_only,37,7.5,3.5,0.17246831922802602,moving_average
73,s4_mixed_dynamic,7.325126662205962,3.0900072935102134,False,True,True,vlp_only,49,9.5,4.5,0.9999999999010002,moving_average
73,s4_mixed_dynamic,7.325126662205962,3.0900072935102134,False,True,True,static_fusion,49,9.5,4.5,0.5556259125791693,moving_average
74,s4_mixed_dynamic,7.295614884999138,2.9887682845800643,False,True,True,wifi_only,38,8.5,3.5,0.18513021464488838,moving_average
74,s4_mixed_dynamic,7.295614884999138,2.9887682845800643,False,True,True,vlp_only,49,9.5,4.5,0.9999999999010002,moving_average
74,s4_mixed_dynamic,7.295614884999138,2.9887682845800643,False,True,True,static_fusion,49,9.5,4.5,0.5606344227694554,moving_average
75,s4_mixed_dynamic,7.296351451677773,2.798195708361908,False,True,True,wifi_only,38,8.5,3.5,0.17562574980439027,moving_average
75,s4_mixed_dynamic,7.296351451677773,2.798195708361908,False,True,True,vlp_only,49,9.5,4.5,0.9999999999010002,moving_average
75,s4_mixed_dynamic,7.296351451677773,2.798195708361908,False,True,True,static_fusion,49,9.5,4.5,0.5102599091158934,moving_average
76,s4_mixed_dynamic,7.251642624966383,2.337893241987238,False,True,True,wifi_only,27,7.5,2.5,0.2234392451339821,moving_average
76,s4_mixed_dynamic,7.251642624966383,2.337893241987238,False,True,True,vlp_only,49,9.5,4.5,0.9999999999010002,moving_average
76,s4_mixed_dynamic,7.251642624966383,2.337893241987238,False,True,True,static_fusion,49,9.5,4.5,0.5012319214482079,moving_average
77,s4_mixed_dynamic,7.191112638050282,2.11104971712342,False,True,True,wifi_only,27,7.5,2.5,0.24705539351822148,moving_average
77,s4_mixed_dynamic,7.191112638050282,2.11104971712342,False,True,True,vlp_only,39,9.5,3.5,0.9999999999010002,moving_average
77,s4_mixed_dynamic,7.191112638050282,2.11104971712342,False,True,True,static_fusion,39,9.5,3.5,0.5242023118615712,moving_average
78,s4_mixed_dynamic,7.088997127565227,1.8280730412017787,False,True,True,wifi_only,17,7.5,1.5,0.22019608898205534,moving_average
78,s4_mixed_dynamic,7.088997127565227,1.8280730412017787,False,True,True,vlp_only,29,9.5,2.5,0.9999999781389918,moving_average
78,s4_mixed_dynamic,7.088997127565227,1.8280730412017787,False,True,True,static_fusion,29,9.5,2.5,0.5367503902386779,moving_average
79,s4_mixed_dynamic,7.114586335383993,1.531713950324241,False,True,True,wifi_only,17,7.5,1.5,0.2874099593782522,moving_average
79,s4_mixed_dynamic,7.114586335383993,1.531713950324241,False,True,True,vlp_only,7,7.5,0.5,0.9999998020298061,moving_average
79,s4_mixed_dynamic,7.114586335383993,1.531713950324241,False,True,True,static_fusion,7,7.5,0.5,0.6154081206623402,moving_average
80,s4_mixed_dynamic,7.170157133048356,1.3067743629177078,True,False,True,wifi_only,6,6.5,0.5,0.19376226047769693,moving_average
80,s4_mixed_dynamic,7.170157133048356,1.3067743629177078,True,False,True,vlp_only,7,7.5,0.5,0.9999999993212801,moving_average
80,s4_mixed_dynamic,7.170157133048356,1.3067743629177078,True,False,True,static_fusion,7,7.5,0.5,0.5702039668398642,moving_average
81,s4_mixed_dynamic,7.201631077444322,1.1339839347561254,True,False,True,wifi_only,27,7.5,2.5,0.19242511451647581,moving_average
81,s4_mixed_dynamic,7.201631077444322,1.1339839347561254,True,False,True,vlp_only,17,7.5,1.5,0.9999988207003916,moving_average
81,s4_mixed_dynamic,7.201631077444322,1.1339839347561254,True,False,True,static_fusion,17,7.5,1.5,0.5570206004800023,moving_average
82,s4_mixed_dynamic,7.155776983713249,0.8528139925624313,True,False,True,wifi_only,7,7.5,0.5,0.3028524606543262,moving_average
82,s4_mixed_dynamic,7.155776983713249,0.8528139925624313,True,False,True,vlp_only,17,7.5,1.5,0.9999999999010003,moving_average
82,s4_mixed_dynamic,7.155776983713249,0.8528139925624313,True,False,True,static_fusion,17,7.5,1.5,0.6475506193819509,moving_average
83,s4_mixed_dynamic,6.976127786010122,0.4956267479912126,True,False,True,wifi_only,17,7.5,1.5,0.3532720245910839,moving_average
83,s4_mixed_dynamic,6.976127786010122,0.4956267479912126,True,False,True,vlp_only,7,7.5,0.5,0.9999999993926848,moving_average
83,s4_mixed_dynamic,6.976127786010122,0.4956267479912126,True,False,True,static_fusion,7,7.5,0.5,0.6698153408620702,moving_average
84,s4_mixed_dynamic,6.74255867268218,0.0843728881784015,True,False,True,wifi_only,28,8.5,2.5,0.3303091356007057,moving_average
84,s4_mixed_dynamic,6.74255867268218,0.0843728881784015,True,False,True,vlp_only,7,7.5,0.5,0.9999999999010003,moving_average
84,s4_mixed_dynamic,6.74255867268218,0.0843728881784015,True,False,True,static_fusion,7,7.5,0.5,0.5684801528656478,moving_average
85,s4_mixed_dynamic,7.064294392948221,0.3942671783051067,True,False,True,wifi_only,19,9.5,1.5,0.39507147629961503,moving_average
85,s4_mixed_dynamic,7.064294392948221,0.3942671783051067,True,False,True,vlp_only,7,7.5,0.5,0.9999999999010003,moving_average
85,s4_mixed_dynamic,7.064294392948221,0.3942671783051067,True,False,True,static_fusion,7,7.5,0.5,0.5011124096894305,moving_average
86,s4_mixed_dynamic,7.176188436555574,0.5060043216815018,True,False,True,wifi_only,9,9.5,0.5,0.2985808408571503,moving_average
86,s4_mixed_dynamic,7.176188436555574,0.5060043216815018,True,False,True,vlp_only,7,7.5,0.5,0.9999999999010003,moving_average
86,s4_mixed_dynamic,7.176188436555574,0.5060043216815018,True,False,True,static_fusion,7,7.5,0.5,0.5115000822138706,moving_average
87,s4_mixed_dynamic,7.307226017604519,0.5668144077417742,True,False,True,wifi_only,9,9.5,0.5,0.38716111552529375,moving_average
87,s4_mixed_dynamic,7.307226017604519,0.5668144077417742,True,False,True,vlp_only,6,6.5,0.5,0.8104073139834771,moving_average
87,s4_mixed_dynamic,7.307226017604519,0.5668144077417742,True,False,True,static_fusion,6,6.5,0.5,0.40520554132093245,moving_average
88,s4_mixed_dynamic,7.687860172244926,0.7189120364284933,False,False,True,wifi_only,29,9.5,2.5,0.4456043062343855,moving_average
88,s4_mixed_dynamic,7.687860172244926,0.7189120364284933,False,False,True,vlp_only,7,7.5,0.5,0.9999999999010003,moving_average
88,s4_mixed_dynamic,7.687860172244926,0.7189120364284933,False,False,True,static_fusion,7,7.5,0.5,0.5070634945245714,moving_average
89,s4_mixed_dynamic,7.983386792676343,0.8375621710500243,False,False,True,wifi_only,7,7.5,0.5,0.28409900957597983,moving_average
89,s4_mixed_dynamic,7.983386792676343,0.8375621710500243,False,False,True,vlp_only,7,7.5,0.5,0.9999999998751222,moving_average
89,s4_mixed_dynamic,7.983386792676343,0.8375621710500243,False,False,True,static_fusion,7,7.5,0.5,0.642049504725551,moving_average
90,s4_mixed_dynamic,8.256293406597695,0.875446755726633,False,False,True,wifi_only,7,7.5,0.5,0.5918424251493978,moving_average
90,s4_mixed_dynamic,8.256293406597695,0.875446755726633,False,False,True,vlp_only,7,7.5,0.5,0.99999551145486,moving_average
90,s4_mixed_dynamic,8.256293406597695,0.875446755726633,False,False,True,static_fusion,7,7.5,0.5,0.7959189683021288,moving_average
91,s4_mixed_dynamic,8.425989160054677,0.93045254740169,False,False,True,wifi_only,8,8.5,0.5,0.30293278196331236,moving_average
91,s4_mixed_dynamic,8.425989160054677,0.93045254740169,False,False,True,vlp_only,7,7.5,0.5,0.9164139143549717,moving_average
91,s4_mixed_dynamic,8.425989160054677,0.93045254740169,False,False,True,static_fusion,7,7.5,0.5,0.46204743688993544,moving_average
92,s4_mixed_dynamic,8.863055882305986,1.1231286812777777,False,False,True,wifi_only,18,8.5,1.5,0.3880741931624324,moving_average
92,s4_mixed_dynamic,8.863055882305986,1.1231286812777777,False,False,True,vlp_only,8,8.5,0.5,0.999910824129357,moving_average
92,s4_mixed_dynamic,8.863055882305986,1.1231286812777777,False,False,True,static_fusion,8,8.5,0.5,0.6409952917942847,moving_average
93,s4_mixed_dynamic,9.23021965860404,1.1465464090231468,False,False,True,wifi_only,18,8.5,1.5,0.37355755780527466,moving_average
93,s4_mixed_dynamic,9.23021965860404,1.1465464090231468,False,False,True,vlp_only,8,8.5,0.5,0.999404682814891,moving_average
93,s4_mixed_dynamic,9.23021965860404,1.1465464090231468,False,False,True,static_fusion,8,8.5,0.5,0.6449946419384389,moving_average
94,s4_mixed_dynamic,9.37371170551081,1.169754508811914,False,False,True,wifi_only,18,8.5,1.5,0.3980512627281438,moving_average
94,s4_mixed_dynamic,9.37371170551081,1.169754508811914,False,False,True,vlp_only,8,8.5,0.5,0.7834446258871806,moving_average
94,s4_mixed_dynamic,9.37371170551081,1.169754508811914,False,False,True,static_fusion,8,8.5,0.5,0.5347927087697132,moving_average
95,s4_mixed_dynamic,9.770217154834045,1.159649324523821,False,False,True,wifi_only,18,8.5,1.5,0.3493448315560185,moving_average
95,s4_mixed_dynamic,9.770217154834045,1.159649324523821,False,False,True,vlp_only,19,9.5,1.5,0.9619090124224721,moving_average
95,s4_mixed_dynamic,9.770217154834045,1.159649324523821,False,False,True,static_fusion,19,9.5,1.5,0.6014394222870182,moving_average
96,s4_mixed_dynamic,9.5806362152392,1.1294724581913531,False,False,True,wifi_only,19,9.5,1.5,0.25853938510311214,moving_average
96,s4_mixed_dynamic,9.5806362152392,1.1294724581913531,False,False,True,vlp_only,19,9.5,1.5,0.9998737488329393,moving_average
96,s4_mixed_dynamic,9.5806362152392,1.1294724581913531,False,False,True,static_fusion,19,9.5,1.5,0.6292065669680256,moving_average
97,s4_mixed_dynamic,9.431952925308204,0.9654622254894044,False,False,True,wifi_only,19,9.5,1.5,0.2697536899699638,moving_average
97,s4_mixed_dynamic,9.431952925308204,0.9654622254894044,False,False,True,vlp_only,19,9.5,1.5,0.9999635289509781,moving_average
97,s4_mixed_dynamic,9.431952925308204,0.9654622254894044,False,False,True,static_fusion,19,9.5,1.5,0.6348586094604709,moving_average
98,s4_mixed_dynamic,9.360595724435434,0.6120686019402459,False,False,True,wifi_only,19,9.5,1.5,0.27378748876322195,moving_average
98,s4_mixed_dynamic,9.360595724435434,0.6120686019402459,False,False,True,vlp_only,19,9.5,1.5,0.9998901316600022,moving_average
98,s4_mixed_dynamic,9.360595724435434,0.6120686019402459,False,False,True,static_fusion,19,9.5,1.5,0.6368388102116118,moving_average
99,s4_mixed_dynamic,9.26764607580253,0.4010204672213302,False,False,True,wifi_only,19,9.5,1.5,0.30725411653878826,moving_average
99,s4_mixed_dynamic,9.26764607580253,0.4010204672213302,False,False,True,vlp_only,9,9.5,0.5,0.9999999999010003,moving_average
99,s4_mixed_dynamic,9.26764607580253,0.4010204672213302,False,False,True,static_fusion,9,9.5,0.5,0.639542839930127,moving_average
0,s4_mixed_dynamic,3.50146586178358,2.794545781008381,False,False,True,wifi_only,24,4.5,2.5,0.16508962670311944,median
0,s4_mixed_dynamic,3.50146586178358,2.794545781008381,False,False,True,vlp_only,23,3.5,2.5,0.9999999999010003,median
0,s4_mixed_dynamic,3.50146586178358,2.794545781008381,False,False,True,static_fusion,23,3.5,2.5,0.5585574041681334,median
1,s4_mixed_dynamic,3.8334314692961406,3.0879105600798664,False,False,True,wifi_only,14,4.5,1.5,0.22367263733313486,median
1,s4_mixed_dynamic,3.8334314692961406,3.0879105600798664,False,False,True,vlp_only,33,3.5,3.5,0.9999999999010002,median
1,s4_mixed_dynamic,3.8334314692961406,3.0879105600798664,False,False,True,static_fusion,33,3.5,3.5,0.5174428419179321,median
2,s4_mixed_dynamic,4.0456173120900445,3.1263296245930507,False,False,True,wifi_only,14,4.5,1.5,0.19597469626928532,median
2,s4_mixed_dynamic,4.0456173120900445,3.1263296245930507,False,False,True,vlp_only,33,3.5,3.5,0.9999999999010002,median
2,s4_mixed_dynamic,4.0456173120900445,3.1263296245930507,False,False,True,static_fusion,33,3.5,3.5,0.5269734221204232,median
3,s4_mixed_dynamic,4.42592581634721,3.113695449768073,False,False,True,wifi_only,24,4.5,2.5,0.2071166408043153,median
3,s4_mixed_dynamic,4.42592581634721,3.113695449768073,False,False,True,vlp_only,33,3.5,3.5,0.9999999999010002,median
3,s4_mixed_dynamic,4.42592581634721,3.113695449768073,False,False,True,static_fusion,33,3.5,3.5,0.5326720551102875,median
4,s4_mixed_dynamic,4.708255729915193,3.19039433570727,False,False,True,wifi_only,24,4.5,2.5,0.21028008510220206,median
4,s4_mixed_dynamic,4.708255729915193,3.19039433570727,False,False,True,vlp_only,33,3.5,3.5,0.9999999993927263,median
4,s4_mixed_dynamic,4.708255729915193,3.19039433570727,False,False,True,static_fusion,33,3.5,3.5,0.5336950599175417,median
5,s4_mixed_dynamic,4.978762662726669,3.137730843885924,False,False,True,wifi_only,24,4.5,2.5,0.1662288572491043,median
5,s4_mixed_dynamic,4.978762662726669,3.137730843885924,False,False,True,vlp_only,24,4.5,2.5,0.9999567992253354,median
5,s4_mixed_dynamic,4.978762662726669,3.137730843885924,False,False,True,static_fusion,24,4.5,2.5,0.5830928282372198,median
6,s4_mixed_dynamic,5.202025987228208,3.1529819162085304,False,False,True,wifi_only,35,5.5,3.5,0.15147278476180956,median
6,s4_mixed_dynamic,5.202025987228208,3.1529819162085304,False,False,True,vlp_only,34,4.5,3.5,0.9999999999010002,median
6,s4_mixed_dynamic,5.202025987228208,3.1529819162085304,False,False,True,static_fusion,34,4.5,3.5,0.5704711979610786,median
7,s4_mixed_dynamic,5.347337808465035,3.292281793156062,False,False,True,wifi_only,35,5.5,3.5,0.18138224271598055,median
7,s4_mixed_dynamic,5.347337808465035,3.292281793156062,False,False,True,vlp_only,34,4.5,3.5,0.9999999999010002,median
7,s4_mixed_dynamic,5.347337808465035,3.292281793156062,False,False,True,static_fusion,34,4.5,3.5,0.5370413740450902,median
8,s4_mixed_dynamic,5.716827179474,3.58088982297864,False,False,True,wifi_only,35,5.5,3.5,0.18114051165886763,median
8,s4_mixed_dynamic,5.716827179474,3.58088982297864,False,False,True,vlp_only,35,5.5,3.5,0.9999999999010002,median
8,s4_mixed_dynamic,5.716827179474,3.58088982297864,False,False,True,static_fusion,35,5.5,3.5,0.5905702557799339,median
9,s4_mixed_dynamic,5.862414412197704,3.68421178879823,False,False,True,wifi_only,25,5.5,2.5,0.19286214231558318,median
9,s4_mixed_dynamic,5.862414412197704,3.68421178879823,False,False,True,vlp_only,35,5.5,3.5,0.9999999999010002,median
9,s4_mixed_dynamic,5.862414412197704,3.68421178879823,False,False,True,static_fusion,35,5.5,3.5,0.5553796789395358,median
10,s4_mixed_dynamic,6.2621648807209205,3.865009897723677,True,False,True,wifi_only,35,5.5,3.5,0.19527173216667187,median
10,s4_mixed_dynamic,6.2621648807209205,3.865009897723677,True,False,True,vlp_only,35,5.5,3.5,0.9999999999010002,median
10,s4_mixed_dynamic,6.2621648807209205,3.865009897723677,True,False,True,static_fusion,35,5.5,3.5,0.5976358660338359,median
11,s4_mixed_dynamic,6.386402797469953,4.000359969380765,True,False,True,wifi_only,25,5.5,2.5,0.19222741539498278,median
11,s4_mixed_dynamic,6.386402797469953,4.000359969380765,True,False,True,vlp_only,35,5.5,3.5,0.9999999999010002,median
11,s4_mixed_dynamic,6.386402797469953,4.000359969380765,True,False,True,static_fusion,35,5.5,3.5,0.5526739418203482,median
12,s4_mixed_dynamic,6.486403725025359,4.131792507959473,True,False,True,wifi_only,35,5.5,3.5,0.1975465224905106,median
12,s4_mixed_dynamic,6.486403725025359,4.131792507959473,True,False,True,vlp_only,46,6.5,4.5,0.9999999999010002,median
12,s4_mixed_dynamic,6.486403725025359,4.131792507959473,True,False,True,static_fusion,46,6.5,4.5,0.5500533705114344,median
13,s4_mixed_dynamic,6.594101310260236,4.146666699824417,True,False,True,wifi_only,35,5.5,3.5,0.18710247122016802,median
13,s4_mixed_dynamic,6.594101310260236,4.146666699824417,True,False,True,vlp_only,46,6.5,4.5,0.9999999999010002,median
13,s4_mixed_dynamic,6.594101310260236,4.146666699824417,True,False,True,static_fusion,46,6.5,4.5,0.5342363958006466,median
14,s4_mixed_dynamic,6.938536691705024,4.190811224101229,True,False,True,wifi_only,35,5.5,3.5,0.18454469541895482,median
14,s4_mixed_dynamic,6.938536691705024,4.190811224101229,True,False,True,vlp_only,47,7.5,4.5,0.9767112081715437,median
14,s4_mixed_dynamic,6.938536691705024,4.190811224101229,True,False,True,static_fusion,47,7.5,4.5,0.5060303589229111,median
15,s4_mixed_dynamic,7.095444556622987,4.3190830854397095,True,False,True,wifi_only,46,6.5,4.5,0.15503325212113714,median
15,s4_mixed_dynamic,7.095444556622987,4.3190830854397095,True,False,True,vlp_only,47,7.5,4.5,0.9999999999010002,median
15,s4_mixed_dynamic,7.095444556622987,4.3190830854397095,True,False,True,static_fusion,47,7.5,4.5,0.5583206602188464,median
16,s4_mixed_dynamic,7.322508343984496,4.588300078241882,True,False,True,wifi_only,56,6.5,5.5,0.17633202341784962,median
16,s4_mixed_dynamic,7.322508343984496,4.588300078241882,True,False,True,vlp_only,47,7.5,4.5,0.9999999999010002,median
16,s4_mixed_dynamic,7.322508343984496,4.588300078241882,True,False,True,static_fusion,47,7.5,4.5,0.5348874733875201,median
17,s4_mixed_dynamic,7.446193242310456,4.675563891349093,True,False,True,wifi_only,45,5.5,4.5,0.17145536949977927,median
17,s4_mixed_dynamic,7.446193242310456,4.675563891349093,True,False,True,vlp_only,47,7.5,4.5,0.9999999999010002,median
17,s4_mixed_dynamic,7.446193242310456,4.675563891349093,True,False,True,static_fusion,47,7.5,4.5,0.5035958650588301,median
18,s4_mixed_dynamic,7.634031718409139,4.77391982605946,True,False,True,wifi_only,55,5.5,5.5,0.15833418254259699,median
18,s4_mixed_dynamic,7.634031718409139,4.77391982605946,True,False,True,vlp_only,47,7.5,4.5,0.9999999999010002,median
18,s4_mixed_dynamic,7.634031718409139,4.77391982605946,True,False,True,static_fusion,47,7.5,4.5,0.5027268733595732,median
19,s4_mixed_dynamic,7.862727723450558,4.97492979510894,True,False,True,wifi_only,46,6.5,4.5,0.19908320770522467,median
19,s4_mixed_dynamic,7.862727723450558,4.97492979510894,True,False,True,vlp_only,47,7.5,4.5,0.9999999999000101,median
19,s4_mixed_dynamic,7.862727723450558,4.97492979510894,True,False,True,static_fusion,47,7.5,4.5,0.5355616728053729,median
20,s4_mixed_dynamic,7.939266457295782,5.129541394281456,True,False,True,wifi_only,46,6.5,4.5,0.20712224348618005,median
20,s4_mixed_dynamic,7.939266457295782,5.129541394281456,True,False,True,vlp_only,47,7.5,4.5,0.9999996023300849,median
20,s4_mixed_dynamic,7.939266457295782,5.129541394281456,True,False,True,static_fusion,47,7.5,4.5,0.5409736345062834,median
21,s4_mixed_dynamic,8.011102297567714,5.276303396065385,True,False,True,wifi_only,54,4.5,5.5,0.1581013142555161,median
21,s4_mixed_dynamic,8.011102297567714,5.276303396065385,True,False,True,vlp_only,49,9.5,4.5,0.9999908647755842,median
21,s4_mixed_dynamic,8.011102297567714,5.276303396065385,True,False,True,static_fusion,49,9.5,4.5,0.5000062726965036,median
22,s4_mixed_dynamic,8.343062278059984,5.445902988798278,False,False,True,wifi_only,67,7.5,6.5,0.16074320119402355,median
22,s4_mixed_dynamic,8.343062278059984,5.445902988798278,False,False,True,vlp_only,57,7.5,5.5,0.7997840431706973,median
22,s4_mixed_dynamic,8.343062278059984,5.445902988798278,False,False,True,static_fusion,57,7.5,5.5,0.45733591947414914,median
23,s4_mixed_dynamic,8.52052164720882,5.6027346910434765,False,False,True,wifi_only,57,7.5,5.5,0.18999522056915513,median
23,s4_mixed_dynamic,8.52052164720882,5.6027346910434765,False,False,True,vlp_only,58,8.5,5.5,0.7836509601023813,median
23,s4_mixed_dynamic,8.52052164720882,5.6027346910434765,False,False,True,static_fusion,58,8.5,5.5,0.46147263483209106,median
24,s4_mixed_dynamic,8.840063415262575,5.876328672083288,False,False,True,wifi_only,67,7.5,6.5,0.14133066550928725,median
24,s4_mixed_dynamic,8.840063415262575,5.876328672083288,False,False,True,vlp_only,58,8.5,5.5,0.9999998010867357,median
24,s4_mixed_dynamic,8.840063415262575,5.876328672083288,False,False,True,static_fusion,58,8.5,5.5,0.5317176822180224,median
25,s4_mixed_dynamic,9.133542118122302,6.275738550131283,False,True,True,wifi_only,68,8.5,6.5,0.1352547827346422,median
25,s4_mixed_dynamic,9.133542118122302,6.275738550131283,False,True,True,vlp_only,58,8.5,5.5,0.9999999997827862,median
25,s4_mixed_dynamic,9.133542118122302,6.275738550131283,False,True,True,static_fusion,58,8.5,5.5,0.552116374291522,median
26,s4_mixed_dynamic,9.35618800793218,6.65718067016028,False,True,True,wifi_only,58,8.5,5.5,0.15479532203494534,median
26,s4_mixed_dynamic,9.35618800793218,6.65718067016028,False,True,True,vlp_only,58,8.5,5.5,0.9999999999010002,median
26,s4_mixed_dynamic,9.35618800793218,6.65718067016028,False,True,True,static_fusion,58,8.5,5.5,0.5773976609679728,median
27,s4_mixed_dynamic,9.561103088027537,7.107641397521033,False,True,True,wifi_only,69,9.5,6.5,0.22441599497331421,median
27,s4_mixed_dynamic,9.561103088027537,7.107641397521033,False,True,True,vlp_only,69,9.5,6.5,0.9999999999010001,median
27,s4_mixed_dynamic,9.561103088027537,7.107641397521033,False,True,True,static_fusion,69,9.5,6.5,0.6122079974371573,median
28,s4_mixed_dynamic,9.62294450389752,7.287936096739562,False,True,True,wifi_only,69,9.5,6.5,0.24565668196615045,median
28,s4_mixed_dynamic,9.62294450389752,7.287936096739562,False,True,True,vlp_only,69,9.5,6.5,0.9999999999010001,median
28,s4_mixed_dynamic,9.62294450389752,7.287936096739562,False,True,True,static_fusion,69,9.5,6.5,0.6228283409335753,median
29,s4_mixed_dynamic,9.567042849149868,7.590650497286169,False,True,True,wifi_only,69,9.5,6.5,0.26293190291803914,median
29,s4_mixed_dynamic,9.567042849149868,7.590650497286169,False,True,True,vlp_only,98,8.5,9.5,0.999999999901,median
29,s4_mixed_dynamic,9.567042849149868,7.590650497286169,False,True,True,static_fusion,98,8.5,9.5,0.502441318246668,median
30,s4_mixed_dynamic,9.368809486427658,7.926124173973704,False,True,True,wifi_only,79,9.5,7.5,0.23434398960343045,median
30,s4_mixed_dynamic,9.368809486427658,7.926124173973704,False,True,True,vlp_only,98,8.5,9.5,0.999999999882318,median
30,s4_mixed_dynamic,9.368809486427658,7.926124173973704,False,True,True,static_fusion,98,8.5,9.5,0.5071820892505458,median
31,s4_mixed_dynamic,9.317903367352146,8.04732779879347,False,True,True,wifi_only,79,9.5,7.5,0.21404088143012626,median
31,s4_mixed_dynamic,9.317903367352146,8.04732779879347,False,True,True,vlp_only,89,9.5,8.5,0.9999999403610881,median
31,s4_mixed_dynamic,9.317903367352146,8.04732779879347,False,True,True,static_fusion,89,9.5,8.5,0.6051535947183257,median
32,s4_mixed_dynamic,9.186332412855084,8.43241929333643,False,True,True,wifi_only,79,9.5,7.5,0.18202742554417845,median
32,s4_mixed_dynamic,9.186332412855084,8.43241929333643,False,True,True,vlp_only,89,9.5,8.5,0.9999999991882421,median
32,s4_mixed_dynamic,9.186332412855084,8.43241929333643,False,True,True,static_fusion,89,9.5,8.5,0.5758159196095759,median
33,s4_mixed_dynamic,9.112727671229193,8.796655767469591,False,True,True,wifi_only,89,9.5,8.5,0.1739824113867888,median
33,s4_mixed_dynamic,9.112727671229193,8.796655767469591,False,True,True,vlp_only,89,9.5,8.5,0.999999999104617,median
33,s4_mixed_dynamic,9.112727671229193,8.796655767469591,False,True,True,static_fusion,89,9.5,8.5,0.5869912052457028,median
34,s4_mixed_dynamic,9.270799859312152,9.22745450829668,False,True,True,wifi_only,89,9.5,8.5,0.19801346125832936,median
34,s4_mixed_dynamic,9.270799859312152,9.22745450829668,False,True,True,vlp_only,89,9.5,8.5,0.999999999104617,median
34,s4_mixed_dynamic,9.270799859312152,9.22745450829668,False,True,True,static_fusion,89,9.5,8.5,0.5990067301814731,median
35,s4_mixed_dynamic,9.423420837008932,9.422997081607893,False,False,True,wifi_only,99,9.5,9.5,0.23079143960023843,median
35,s4_mixed_dynamic,9.423420837008932,9.422997081607893,False,False,True,vlp_only,99,9.5,9.5,0.9999999999010001,median
35,s4_mixed_dynamic,9.423420837008932,9.422997081607893,False,False,True,static_fusion,99,9.5,9.5,0.6153957197506192,median
36,s4_mixed_dynamic,9.481110661263054,9.62212971253768,False,False,True,wifi_only,99,9.5,9.5,0.295000802475429,median
36,s4_mixed_dynamic,9.481110661263054,9.62212971253768,False,False,True,vlp_only,99,9.5,9.5,0.9999999999010001,median
36,s4_mixed_dynamic,9.481110661263054,9.62212971253768,False,False,True,static_fusion,99,9.5,9.5,0.6475004011882145,median
37,s4_mixed_dynamic,9.541752579513968,9.92203908827878,False,False,True,wifi_only,99,9.5,9.5,0.30752742403401834,median
37,s4_mixed_dynamic,9.541752579513968,9.92203908827878,False,False,True,vlp_only,99,9.5,9.5,0.9999999999010001,median
37,s4_mixed_dynamic,9.541752579513968,9.92203908827878,False,False,True,static_fusion,99,9.5,9.5,0.6537637119675093,median
38,s4_mixed_dynamic,9.402562603553038,9.543991147418636,False,False,True,wifi_only,99,9.5,9.5,0.3470887790254896,median
38,s4_mixed_dynamic,9.402562603553038,9.543991147418636,False,False,True,vlp_only,99,9.5,9.5,0.9999999999010001,median
38,s4_mixed_dynamic,9.402562603553038,9.543991147418636,False,False,True,static_fusion,99,9.5,9.5,0.6735443894632449,median
39,s4_mixed_dynamic,9.44479730227728,9.391504817262849,False,False,True,wifi_only,99,9.5,9.5,0.3350890702550042,median
39,s4_mixed_dynamic,9.44479730227728,9.391504817262849,False,False,True,vlp_only,99,9.5,9.5,0.9999999999010001,median
39,s4_mixed_dynamic,9.44479730227728,9.391504817262849,False,False,True,static_fusion,99,9.5,9.5,0.6675445350780022,median
40,s4_mixed_dynamic,9.525454359161255,8.940867722935458,False,False,True,wifi_only,99,9.5,9.5,0.35502115840597165,median
40,s4_mixed_dynamic,9.525454359161255,8.940867722935458,False,False,True,vlp_only,99,9.5,9.5,0.9999999999010001,median
40,s4_mixed_dynamic,9.525454359161255,8.940867722935458,False,False,True,static_fusion,99,9.5,9.5,0.6775105791534858,median
41,s4_mixed_dynamic,9.823585243977655,8.584999463128653,False,False,True,wifi_only,99,9.5,9.5,0.3421559433574966,median
41,s4_mixed_dynamic,9.823585243977655,8.584999463128653,False,False,True,vlp_only,99,9.5,9.5,0.9999999999010001,median
41,s4_mixed_dynamic,9.823585243977655,8.584999463128653,False,False,True,static_fusion,99,9.5,9.5,0.6710779716292483,median
42,s4_mixed_dynamic,9.694700842723162,8.966546447675274,False,False,True,wifi_only,99,9.5,9.5,0.25209851325945504,median
42,s4_mixed_dynamic,9.694700842723162,8.966546447675274,False,False,True,vlp_only,99,9.5,9.5,0.9999999999010001,median
42,s4_mixed_dynamic,9.694700842723162,8.966546447675274,False,False,True,static_fusion,99,9.5,9.5,0.6260492565802276,median
43,s4_mixed_dynamic,9.569223421271444,9.326938465999294,False,False,True,wifi_only,99,9.5,9.5,0.16515218654179828,median
43,s4_mixed_dynamic,9.569223421271444,9.326938465999294,False,False,True,vlp_only,99,9.5,9.5,0.9999999999010001,median
43,s4_mixed_dynamic,9.569223421271444,9.326938465999294,False,False,True,static_fusion,99,9.5,9.5,0.5825760932213991,median
44,s4_mixed_dynamic,9.534535416987817,9.784343768551336,False,False,True,wifi_only,89,9.5,8.5,0.1628654374894626,median
44,s4_mixed_dynamic,9.534535416987817,9.784343768551336,False,False,True,vlp_only,99,9.5,9.5,0.9999999999010001,median
44,s4_mixed_dynamic,9.534535416987817,9.784343768551336,False,False,True,static_fusion,99,9.5,9.5,0.575273968047954,median
45,s4_mixed_dynamic,9.54487381028695,9.92332836828298,True,False,True,wifi_only,99,9.5,9.5,0.17410853853452993,median
45,s4_mixed_dynamic,9.54487381028695,9.92332836828298,True,False,True,vlp_only,99,9.5,9.5,0.9999999999010001,median
45,s4_mixed_dynamic,9.54487381028695,9.92332836828298,True,False,True,static_fusion,99,9.5,9.5,0.587054269217765,median
46,s4_mixed_dynamic,9.558162041417896,9.663482828106742,True,False,True,wifi_only,99,9.5,9.5,0.260417565277144,median
46,s4_mixed_dynamic,9.558162041417896,9.663482828106742,True,False,True,vlp_only,99,9.5,9.5,0.9999999999010001,median
46,s4_mixed_dynamic,9.558162041417896,9.663482828106742,True,False,True,static_fusion,99,9.5,9.5,0.6302087825890721,median
47,s4_mixed_dynamic,9.5646528065164,9.424365913186056,True,False,True,wifi_only,99,9.5,9.5,0.2843997714925263,median
47,s4_mixed_dynamic,9.5646528065164,9.424365913186056,True,False,True,vlp_only,99,9.5,9.5,0.9999999999010001,median
47,s4_mixed_dynamic,9.5646528065164,9.424365913186056,True,False,True,static_fusion,99,9.5,9.5,0.6421998856967632,median
48,s4_mixed_dynamic,9.50103939557558,9.114055937821927,True,False,True,wifi_only,99,9.5,9.5,0.38367276333564776,median
48,s4_mixed_dynamic,9.50103939557558,9.114055937821927,True,False,True,vlp_only,99,9.5,9.5,0.9999999999010001,median
48,s4_mixed_dynamic,9.50103939557558,9.114055937821927,True,False,True,static_fusion,99,9.5,9.5,0.691836381618324,median
49,s4_mixed_dynamic,9.414656161118282,8.731094504017625,True,False,True,wifi_only,99,9.5,9.5,0.3582737194217478,median
49,s4_mixed_dynamic,9.414656161118282,8.731094504017625,True,False,True,vlp_only,99,9.5,9.5,0.9999999999010001,median
49,s4_mixed_dynamic,9.414656161118282,8.731094504017625,True,False,True,static_fusion,99,9.5,9.5,0.6791368596613739,median
50,s4_mixed_dynamic,9.21633605588256,8.49062670552971,True,False,True,wifi_only,99,9.5,9.5,0.380084130752356,median
50,s4_mixed_dynamic,9.21633605588256,8.49062670552971,True,False,True,vlp_only,89,9.5,8.5,0.955608845521706,median
50,s4_mixed_dynamic,9.21633605588256,8.49062670552971,True,False,True,static_fusion,89,9.5,8.5,0.6256846616900938,median
51,s4_mixed_dynamic,9.11760935449355,8.438577566893754,True,False,True,wifi_only,99,9.5,9.5,0.30067432854169696,median
51,s4_mixed_dynamic,9.11760935449355,8.438577566893754,True,False,True,vlp_only,89,9.5,8.5,0.999999947981699,median
51,s4_mixed_dynamic,9.11760935449355,8.438577566893754,True,False,True,static_fusion,89,9.5,8.5,0.6437694277022568,median
52,s4_mixed_dynamic,8.922779282926651,8.205081914366874,True,False,True,wifi_only,99,9.5,9.5,0.30067432854169696,median
52,s4_mixed_dynamic,8.922779282926651,8.205081914366874,True,False,True,vlp_only,89,9.5,8.5,0.9999991225934184,median
52,s4_mixed_dynamic,8.922779282926651,8.205081914366874,True,False,True,static_fusion,89,9.5,8.5,0.6437690150081165,median
53,s4_mixed_dynamic,8.733693244154269,8.016610598714413,True,False,True,wifi_only,99,9.5,9.5,0.3333863283080638,median
53,s4_mixed_dynamic,8.733693244154269,8.016610598714413,True,False,True,vlp_only,89,9.5,8.5,0.9998884785978686,median
53,s4_mixed_dynamic,8.733693244154269,8.016610598714413,True,False,True,static_fusion,89,9.5,8.5,0.6299258743653117,median
54,s4_mixed_dynamic,8.604067606013617,7.71418254806786,True,False,True,wifi_only,79,9.5,7.5,0.21751384695013765,median
54,s4_mixed_dynamic,8.604067606013617,7.71418254806786,True,False,True,vlp_only,88,8.5,8.5,0.999999997183938,median
54,s4_mixed_dynamic,8.604067606013617,7.71418254806786,True,False,True,static_fusion,88,8.5,8.5,0.5372510300089661,median
55,s4_mixed_dynamic,8.380292121918876,7.508518197183664,False,False,True,wifi_only,68,8.5,6.5,0.14268671450543435,median
55,s4_mixed_dynamic,8.380292121918876,7.508518197183664,False,False,True,vlp_only,88,8.5,8.5,0.9999996917662084,median
55,s4_mixed_dynamic,8.380292121918876,7.508518197183664,False,False,True,static_fusion,88,8.5,8.5,0.5067730215803254,median
56,s4_mixed_dynamic,8.261298236940235,7.032237617033076,False,False,True,wifi_only,68,8.5,6.5,0.13729932857634458,median
56,s4_mixed_dynamic,8.261298236940235,7.032237617033076,False,False,True,vlp_only,78,8.5,7.5,0.999932718269309,median
56,s4_mixed_dynamic,8.261298236940235,7.032237617033076,False,False,True,static_fusion,78,8.5,7.5,0.5512337480245689,median
57,s4_mixed_dynamic,8.367834526148913,6.700942345233571,False,False,True,wifi_only,68,8.5,6.5,0.13515426185267232,median
57,s4_mixed_dynamic,8.367834526148913,6.700942345233571,False,False,True,vlp_only,78,8.5,7.5,0.9999999999010001,median
57,s4_mixed_dynamic,8.367834526148913,6.700942345233571,False,False,True,static_fusion,78,8.5,7.5,0.5497740495954284,median
58,s4_mixed_dynamic,8.353958878788386,6.494196804329148,False,False,True,wifi_only,68,8.5,6.5,0.13515426185267232,median
58,s4_mixed_dynamic,8.353958878788386,6.494196804329148,False,False,True,vlp_only,78,8.5,7.5,0.9999999999010001,median
58,s4_mixed_dynamic,8.353958878788386,6.494196804329148,False,False,True,static_fusion,78,8.5,7.5,0.5497740495954284,median
59,s4_mixed_dynamic,8.336546429042226,6.293616283957347,False,False,True,wifi_only,68,8.5,6.5,0.13968349743357739,median
59,s4_mixed_dynamic,8.336546429042226,6.293616283957347,False,False,True,vlp_only,68,8.5,6.5,0.999999999058359,median
59,s4_mixed_dynamic,8.336546429042226,6.293616283957347,False,False,True,static_fusion,68,8.5,6.5,0.5698417482459683,median
60,s4_mixed_dynamic,8.40346815147133,6.116995442632617,False,False,True,wifi_only,68,8.5,6.5,0.1467172923719746,median
60,s4_mixed_dynamic,8.40346815147133,6.116995442632617,False,False,True,vlp_only,68,8.5,6.5,0.9999977252733532,median
60,s4_mixed_dynamic,8.40346815147133,6.116995442632617,False,False,True,static_fusion,68,8.5,6.5,0.5733575088226639,median
61,s4_mixed_dynamic,8.546844700935843,5.924881887661858,False,False,True,wifi_only,68,8.5,6.5,0.1419470407250433,median
61,s4_mixed_dynamic,8.546844700935843,5.924881887661858,False,False,True,vlp_only,68,8.5,6.5,0.9999999943593733,median
61,s4_mixed_dynamic,8.546844700935843,5.924881887661858,False,False,True,static_fusion,68,8.5,6.5,0.5709735175422084,median
62,s4_mixed_dynamic,8.729904160776496,5.547744951919951,False,False,True,wifi_only,69,9.5,6.5,0.1826654085052909,median
62,s4_mixed_dynamic,8.729904160776496,5.547744951919951,False,False,True,vlp_only,69,9.5,6.5,0.9999999999010001,median
62,s4_mixed_dynamic,8.729904160776496,5.547744951919951,False,False,True,static_fusion,69,9.5,6.5,0.5913327042031455,median
63,s4_mixed_dynamic,8.77202584280195,5.143629060389316,False,False,True,wifi_only,58,8.5,5.5,0.16752032157628272,median
63,s4_mixed_dynamic,8.77202584280195,5.143629060389316,False,False,True,vlp_only,69,9.5,6.5,0.9999999999010001,median
63,s4_mixed_dynamic,8.77202584280195,5.143629060389316,False,False,True,static_fusion,69,9.5,6.5,0.5282905256206979,median
64,s4_mixed_dynamic,8.718437609453172,4.97610578105409,False,False,True,wifi_only,58,8.5,5.5,0.15848831424929374,median
64,s4_mixed_dynamic,8.718437609453172,4.97610578105409,False,False,True,vlp_only,58,8.5,5.5,0.9999999999010002,median
64,s4_mixed_dynamic,8.718437609453172,4.97610578105409,False,False,True,static_fusion,58,8.5,5.5,0.5792441570751469,median
65,s4_mixed_dynamic,8.667563530000693,4.866630764710654,False,True,True,wifi_only,57,7.5,5.5,0.16224749189111334,median
65,s4_mixed_dynamic,8.667563530000693,4.866630764710654,False,True,True,vlp_only,59,9.5,5.5,0.9999999999010002,median
65,s4_mixed_dynamic,8.667563530000693,4.866630764710654,False,True,True,static_fusion,59,9.5,5.5,0.5344835505969067,median
66,s4_mixed_dynamic,8.542366419283344,4.760216825616967,False,True,True,wifi_only,48,8.5,4.5,0.17926968218472564,median
66,s4_mixed_dynamic,8.542366419283344,4.760216825616967,False,True,True,vlp_only,49,9.5,4.5,0.9999999999010002,median
66,s4_mixed_dynamic,8.542366419283344,4.760216825616967,False,True,True,static_fusion,49,9.5,4.5,0.5668942049669913,median
67,s4_mixed_dynamic,8.382687489621802,4.499553999003734,False,True,True,wifi_only,49,9.5,4.5,0.17505960873620152,median
67,s4_mixed_dynamic,8.382687489621802,4.499553999003734,False,True,True,vlp_only,49,9.5,4.5,0.9999999999010002,median
67,s4_mixed_dynamic,8.382687489621802,4.499553999003734,False,True,True,static_fusion,49,9.5,4.5,0.5875298043186008,median
68,s4_mixed_dynamic,8.31381336958047,4.356990528873265,False,True,True,wifi_only,49,9.5,4.5,0.17849883945547038,median
68,s4_mixed_dynamic,8.31381336958047,4.356990528873265,False,True,True,vlp_only,9,9.5,0.5,0.9999999999010003,median
68,s4_mixed_dynamic,8.31381336958047,4.356990528873265,False,True,True,static_fusion,9,9.5,0.5,0.49999999995100025,median
69,s4_mixed_dynamic,8.173199902177743,4.055129301838792,False,True,True,wifi_only,49,9.5,4.5,0.1629552174546328,median
69,s4_mixed_dynamic,8.173199902177743,4.055129301838792,False,True,True,vlp_only,9,9.5,0.5,0.9999999999010003,median
69,s4_mixed_dynamic,8.173199902177743,4.055129301838792,False,True,True,static_fusion,9,9.5,0.5,0.4999999999510001,median
70,s4_mixed_dynamic,7.958876024659174,3.799783052657366,False,True,True,wifi_only,49,9.5,4.5,0.1629552174546328,median
70,s4_mixed_dynamic,7.958876024659174,3.799783052657366,False,True,True,vlp_only,39,9.5,3.5,0.9999999999010002,median
70,s4_mixed_dynamic,7.958876024659174,3.799783052657366,False,True,True,static_fusion,39,9.5,3.5,0.5618599972833568,median
71,s4_mixed_dynamic,7.833669525191001,3.638141757452688,False,True,True,wifi_only,48,8.5,4.5,0.19407691737452065,median
71,s4_mixed_dynamic,7.833669525191001,3.638141757452688,False,True,True,vlp_only,39,9.5,3.5,0.9999999999010002,median
71,s4_mixed_dynamic,7.833669525191001,3.638141757452688,False,True,True,static_fusion,39,9.5,3.5,0.5175829205609838,median
72,s4_mixed_dynamic,7.664684483724226,3.3337804086327285,False,True,True,wifi_only,48,8.5,4.5,0.16057253218167064,median
72,s4_mixed_dynamic,7.664684483724226,3.3337804086327285,False,True,True,vlp_only,39,9.5,3.5,0.9999999999010002,median
72,s4_mixed_dynamic,7.664684483724226,3.3337804086327285,False,True,True,static_fusion,39,9.5,3.5,0.5641897753789581,median
73,s4_mixed_dynamic,7.325126662205962,3.0900072935102134,False,True,True,wifi_only,37,7.5,3.5,0.1944213116386985,median
73,s4_mixed_dynamic,7.325126662205962,3.0900072935102134,False,True,True,vlp_only,45,5.5,4.5,0.9999999999010002,median
73,s4_mixed_dynamic,7.325126662205962,3.0900072935102134,False,True,True,static_fusion,45,5.5,4.5,0.501244517987716,median
74,s4_mixed_dynamic,7.295614884999138,2.9887682845800643,False,True,True,wifi_only,39,9.5,3.5,0.2627840730513009,median
74,s4_mixed_dynamic,7.295614884999138,2.9887682845800643,False,True,True,vlp_only,45,5.5,4.5,0.9999999999010002,median
74,s4_mixed_dynamic,7.295614884999138,2.9887682845800643,False,True,True,static_fusion,45,5.5,4.5,0.5000240348492594,median
75,s4_mixed_dynamic,7.296351451677773,2.798195708361908,False,True,True,wifi_only,27,7.5,2.5,0.15872298445272565,median
75,s4_mixed_dynamic,7.296351451677773,2.798195708361908,False,True,True,vlp_only,45,5.5,4.5,0.9999999999010002,median
75,s4_mixed_dynamic,7.296351451677773,2.798195708361908,False,True,True,static_fusion,45,5.5,4.5,0.5000397351943133,median
76,s4_mixed_dynamic,7.251642624966383,2.337893241987238,False,True,True,wifi_only,27,7.5,2.5,0.22219435835474274,median
76,s4_mixed_dynamic,7.251642624966383,2.337893241987238,False,True,True,vlp_only,45,5.5,4.5,0.9999999999010002,median
76,s4_mixed_dynamic,7.251642624966383,2.337893241987238,False,True,True,static_fusion,45,5.5,4.5,0.5000070150611826,median
77,s4_mixed_dynamic,7.191112638050282,2.11104971712342,False,True,True,wifi_only,27,7.5,2.5,0.24711586558452187,median
77,s4_mixed_dynamic,7.191112638050282,2.11104971712342,False,True,True,vlp_only,45,5.5,4.5,0.9999999999010002,median
77,s4_mixed_dynamic,7.191112638050282,2.11104971712342,False,True,True,static_fusion,45,5.5,4.5,0.5000021979399211,median
78,s4_mixed_dynamic,7.088997127565227,1.8280730412017787,False,True,True,wifi_only,17,7.5,1.5,0.29129343567094446,median
78,s4_mixed_dynamic,7.088997127565227,1.8280730412017787,False,True,True,vlp_only,7,7.5,0.5,0.9999999999001429,median
78,s4_mixed_dynamic,7.088997127565227,1.8280730412017787,False,True,True,static_fusion,7,7.5,0.5,0.6001017379082171,median
79,s4_mixed_dynamic,7.114586335383993,1.531713950324241,False,True,True,wifi_only,17,7.5,1.5,0.29129343567094446,median
79,s4_mixed_dynamic,7.114586335383993,1.531713950324241,False,True,True,vlp_only,17,7.5,1.5,0.9999994911334418,median
79,s4_mixed_dynamic,7.114586335383993,1.531713950324241,False,True,True,static_fusion,17,7.5,1.5,0.6456464634021931,median
80,s4_mixed_dynamic,7.170157133048356,1.3067743629177078,True,False,True,wifi_only,17,7.5,1.5,0.29413282848950945,median
80,s4_mixed_dynamic,7.170157133048356,1.3067743629177078,True,False,True,vlp_only,17,7.5,1.5,0.9999999999010003,median
80,s4_mixed_dynamic,7.170157133048356,1.3067743629177078,True,False,True,static_fusion,17,7.5,1.5,0.6470664141952548,median
81,s4_mixed_dynamic,7.201631077444322,1.1339839347561254,True,False,True,wifi_only,17,7.5,1.5,0.28689683798403015,median
81,s4_mixed_dynamic,7.201631077444322,1.1339839347561254,True,False,True,vlp_only,17,7.5,1.5,0.9999999998905211,median
81,s4_mixed_dynamic,7.201631077444322,1.1339839347561254,True,False,True,static_fusion,17,7.5,1.5,0.6434484189372757,median
82,s4_mixed_dynamic,7.155776983713249,0.8528139925624313,True,False,True,wifi_only,17,7.5,1.5,0.3025729607071315,median
82,s4_mixed_dynamic,7.155776983713249,0.8528139925624313,True,False,True,vlp_only,17,7.5,1.5,0.9999999999010003,median
82,s4_mixed_dynamic,7.155776983713249,0.8528139925624313,True,False,True,static_fusion,17,7.5,1.5,0.6512864803040659,median
83,s4_mixed_dynamic,6.976127786010122,0.4956267479912126,True,False,True,wifi_only,17,7.5,1.5,0.32510747291545145,median
83,s4_mixed_dynamic,6.976127786010122,0.4956267479912126,True,False,True,vlp_only,7,7.5,0.5,0.9999999995345047,median
83,s4_mixed_dynamic,6.976127786010122,0.4956267479912126,True,False,True,static_fusion,7,7.5,0.5,0.5962516425885183,median
84,s4_mixed_dynamic,6.74255867268218,0.0843728881784015,True,False,True,wifi_only,17,7.5,1.5,0.37094158056473264,median
84,s4_mixed_dynamic,6.74255867268218,0.0843728881784015,True,False,True,vlp_only,7,7.5,0.5,0.9999999998998778,median
84,s4_mixed_dynamic,6.74255867268218,0.0843728881784015,True,False,True,static_fusion,7,7.5,0.5,0.5853964988289633,median
85,s4_mixed_dynamic,7.064294392948221,0.3942671783051067,True,False,True,wifi_only,18,8.5,1.5,0.4947669618314694,median
85,s4_mixed_dynamic,7.064294392948221,0.3942671783051067,True,False,True,vlp_only,7,7.5,0.5,0.9999986049342916,median
85,s4_mixed_dynamic,7.064294392948221,0.3942671783051067,True,False,True,static_fusion,7,7.5,0.5,0.5006142262977051,median
86,s4_mixed_dynamic,7.176188436555574,0.5060043216815018,True,False,True,wifi_only,8,8.5,0.5,0.4896741600866338,median
86,s4_mixed_dynamic,7.176188436555574,0.5060043216815018,True,False,True,vlp_only,7,7.5,0.5,0.9999973511337946,median
86,s4_mixed_dynamic,7.176188436555574,0.5060043216815018,True,False,True,static_fusion,7,7.5,0.5,0.5100498979443139,median
87,s4_mixed_dynamic,7.307226017604519,0.5668144077417742,True,False,True,wifi_only,9,9.5,0.5,0.5978855970759972,median
87,s4_mixed_dynamic,7.307226017604519,0.5668144077417742,True,False,True,vlp_only,7,7.5,0.5,0.9999999941653578,median
87,s4_mixed_dynamic,7.307226017604519,0.5668144077417742,True,False,True,static_fusion,7,7.5,0.5,0.531024538102476,median
88,s4_mixed_dynamic,7.687860172244926,0.7189120364284933,False,False,True,wifi_only,29,9.5,2.5,0.36479410165629533,median
88,s4_mixed_dynamic,7.687860172244926,0.7189120364284933,False,False,True,vlp_only,7,7.5,0.5,0.9999999999010003,median
88,s4_mixed_dynamic,7.687860172244926,0.7189120364284933,False,False,True,static_fusion,7,7.5,0.5,0.6764080620009887,median
89,s4_mixed_dynamic,7.983386792676343,0.8375621710500243,False,False,True,wifi_only,7,7.5,0.5,0.542995849287802,median
89,s4_mixed_dynamic,7.983386792676343,0.8375621710500243,False,False,True,vlp_only,7,7.5,0.5,0.9999999950532901,median
89,s4_mixed_dynamic,7.983386792676343,0.8375621710500243,False,False,True,static_fusion,7,7.5,0.5,0.771497922170546,median
90,s4_mixed_dynamic,8.256293406597695,0.875446755726633,False,False,True,wifi_only,7,7.5,0.5,0.45488766117409113,median
90,s4_mixed_dynamic,8.256293406597695,0.875446755726633,False,False,True,vlp_only,7,7.5,0.5,0.9999999569795116,median
90,s4_mixed_dynamic,8.256293406597695,0.875446755726633,False,False,True,static_fusion,7,7.5,0.5,0.7274438090768014,median
91,s4_mixed_dynamic,8.425989160054677,0.93045254740169,False,False,True,wifi_only,18,8.5,1.5,0.33771436602962746,median
91,s4_mixed_dynamic,8.425989160054677,0.93045254740169,False,False,True,vlp_only,8,8.5,0.5,0.9818354336525363,median
91,s4_mixed_dynamic,8.425989160054677,0.93045254740169,False,False,True,static_fusion,8,8.5,0.5,0.6439811887462,median
92,s4_mixed_dynamic,8.863055882305986,1.1231286812777777,False,False,True,wifi_only,18,8.5,1.5,0.3914704664461676,median
92,s4_mixed_dynamic,8.863055882305986,1.1231286812777777,False,False,True,vlp_only,8,8.5,0.5,0.9991816900117849,median
92,s4_mixed_dynamic,8.863055882305986,1.1231286812777777,False,False,True,static_fusion,8,8.5,0.5,0.6439913685714681,median
93,s4_mixed_dynamic,9.23021965860404,1.1465464090231468,False,False,True,wifi_only,18,8.5,1.5,0.39295230348410687,median
93,s4_mixed_dynamic,9.23021965860404,1.1465464090231468,False,False,True,vlp_only,8,8.5,0.5,0.999985540714017,median
93,s4_mixed_dynamic,9.23021965860404,1.1465464090231468,False,False,True,static_fusion,8,8.5,0.5,0.6449398946561203,median
94,s4_mixed_dynamic,9.37371170551081,1.169754508811914,False,False,True,wifi_only,18,8.5,1.5,0.39295230348410687,median
94,s4_mixed_dynamic,9.37371170551081,1.169754508811914,False,False,True,vlp_only,19,9.5,1.5,0.9744837835722668,median
94,s4_mixed_dynamic,9.37371170551081,1.169754508811914,False,False,True,static_fusion,19,9.5,1.5,0.5815709582675108,median
95,s4_mixed_dynamic,9.770217154834045,1.159649324523821,False,False,True,wifi_only,18,8.5,1.5,0.3979774335051168,median
95,s4_mixed_dynamic,9.770217154834045,1.159649324523821,False,False,True,vlp_only,19,9.5,1.5,0.9933390636910282,median
95,s4_mixed_dynamic,9.770217154834045,1.159649324523821,False,False,True,static_fusion,19,9.5,1.5,0.5910906635738525,median
96,s4_mixed_dynamic,9.5806362152392,1.1294724581913531,False,False,True,wifi_only,18,8.5,1.5,0.28178393355057696,median
96,s4_mixed_dynamic,9.5806362152392,1.1294724581913531,False,False,True,vlp_only,19,9.5,1.5,0.9999500603358489,median
96,s4_mixed_dynamic,9.5806362152392,1.1294724581913531,False,False,True,static_fusion,19,9.5,1.5,0.6184272037620421,median
97,s4_mixed_dynamic,9.431952925308204,0.9654622254894044,False,False,True,wifi_only,18,8.5,1.5,0.27710192346368934,median
97,s4_mixed_dynamic,9.431952925308204,0.9654622254894044,False,False,True,vlp_only,19,9.5,1.5,0.9999912159871318,median
97,s4_mixed_dynamic,9.431952925308204,0.9654622254894044,False,False,True,static_fusion,19,9.5,1.5,0.620911189687083,median
98,s4_mixed_dynamic,9.360595724435434,0.6120686019402459,False,False,True,wifi_only,18,8.5,1.5,0.2985817475676132,median
98,s4_mixed_dynamic,9.360595724435434,0.6120686019402459,False,False,True,vlp_only,19,9.5,1.5,0.9999985992852876,median
98,s4_mixed_dynamic,9.360595724435434,0.6120686019402459,False,False,True,static_fusion,19,9.5,1.5,0.6230169176899965,median
99,s4_mixed_dynamic,9.26764607580253,0.4010204672213302,False,False,True,wifi_only,19,9.5,1.5,0.3178005114740793,median
99,s4_mixed_dynamic,9.26764607580253,0.4010204672213302,False,False,True,vlp_only,9,9.5,0.5,0.9999999999010003,median
99,s4_mixed_dynamic,9.26764607580253,0.4010204672213302,False,False,True,static_fusion,9,9.5,0.5,0.625921313785725,median
0,s4_mixed_dynamic,3.50146586178358,2.794545781008381,False,False,True,wifi_only,24,4.5,2.5,0.16508962670311944,ema
0,s4_mixed_dynamic,3.50146586178358,2.794545781008381,False,False,True,vlp_only,23,3.5,2.5,0.9999999999010003,ema
0,s4_mixed_dynamic,3.50146586178358,2.794545781008381,False,False,True,static_fusion,23,3.5,2.5,0.5585574041681334,ema
1,s4_mixed_dynamic,3.8334314692961406,3.0879105600798664,False,False,True,wifi_only,14,4.5,1.5,0.19982958004502033,ema
1,s4_mixed_dynamic,3.8334314692961406,3.0879105600798664,False,False,True,vlp_only,23,3.5,2.5,0.9999999999010003,ema
1,s4_mixed_dynamic,3.8334314692961406,3.0879105600798664,False,False,True,static_fusion,23,3.5,2.5,0.5416109519012632,ema
2,s4_mixed_dynamic,4.0456173120900445,3.1263296245930507,False,False,True,wifi_only,24,4.5,2.5,0.1933199178847866,ema
2,s4_mixed_dynamic,4.0456173120900445,3.1263296245930507,False,False,True,vlp_only,33,3.5,3.5,0.9999999999010002,ema
2,s4_mixed_dynamic,4.0456173120900445,3.1263296245930507,False,False,True,static_fusion,33,3.5,3.5,0.5285237992540551,ema
3,s4_mixed_dynamic,4.42592581634721,3.113695449768073,False,False,True,wifi_only,24,4.5,2.5,0.21152945774126317,ema
3,s4_mixed_dynamic,4.42592581634721,3.113695449768073,False,False,True,vlp_only,33,3.5,3.5,0.9999999999010002,ema
3,s4_mixed_dynamic,4.42592581634721,3.113695449768073,False,False,True,static_fusion,33,3.5,3.5,0.5428904805852308,ema
4,s4_mixed_dynamic,4.708255729915193,3.19039433570727,False,False,True,wifi_only,24,4.5,2.5,0.18058247724926624,ema
4,s4_mixed_dynamic,4.708255729915193,3.19039433570727,False,False,True,vlp_only,24,4.5,2.5,0.9999999999010002,ema
4,s4_mixed_dynamic,4.708255729915193,3.19039433570727,False,False,True,static_fusion,24,4.5,2.5,0.5902912385751331,ema
5,s4_mixed_dynamic,4.978762662726669,3.137730843885924,False,False,True,wifi_only,24,4.5,2.5,0.16158644026114571,ema
5,s4_mixed_dynamic,4.978762662726669,3.137730843885924,False,False,True,vlp_only,24,4.5,2.5,0.9999999999010002,ema
5,s4_mixed_dynamic,4.978762662726669,3.137730843885924,False,False,True,static_fusion,24,4.5,2.5,0.5807932200810729,ema
6,s4_mixed_dynamic,5.202025987228208,3.1529819162085304,False,False,True,wifi_only,25,5.5,2.5,0.17086857208637568,ema
6,s4_mixed_dynamic,5.202025987228208,3.1529819162085304,False,False,True,vlp_only,34,4.5,3.5,0.9999999999010002,ema
6,s4_mixed_dynamic,5.202025987228208,3.1529819162085304,False,False,True,static_fusion,34,4.5,3.5,0.5567832634945793,ema
7,s4_mixed_dynamic,5.347337808465035,3.292281793156062,False,False,True,wifi_only,25,5.5,2.5,0.19400296187868088,ema
7,s4_mixed_dynamic,5.347337808465035,3.292281793156062,False,False,True,vlp_only,34,4.5,3.5,0.9999999999010002,ema
7,s4_mixed_dynamic,5.347337808465035,3.292281793156062,False,False,True,static_fusion,34,4.5,3.5,0.5302661770609204,ema
8,s4_mixed_dynamic,5.716827179474,3.58088982297864,False,False,True,wifi_only,25,5.5,2.5,0.1904583773570799,ema
8,s4_mixed_dynamic,5.716827179474,3.58088982297864,False,False,True,vlp_only,35,5.5,3.5,0.9999999999010002,ema
8,s4_mixed_dynamic,5.716827179474,3.58088982297864,False,False,True,static_fusion,35,5.5,3.5,0.5829624239373512,ema
9,s4_mixed_dynamic,5.862414412197704,3.68421178879823,False,False,True,wifi_only,25,5.5,2.5,0.1999222640041868,ema
9,s4_mixed_dynamic,5.862414412197704,3.68421178879823,False,False,True,vlp_only,35,5.5,3.5,0.9999999999010002,ema
9,s4_mixed_dynamic,5.862414412197704,3.68421178879823,False,False,True,static_fusion,35,5.5,3.5,0.5641927251650252,ema
10,s4_mixed_dynamic,6.2621648807209205,3.865009897723677,True,False,True,wifi_only,24,4.5,2.5,0.17870186739271215,ema
10,s4_mixed_dynamic,6.2621648807209205,3.865009897723677,True,False,True,vlp_only,35,5.5,3.5,0.9999999999010002,ema
10,s4_mixed_dynamic,6.2621648807209205,3.865009897723677,True,False,True,static_fusion,35,5.5,3.5,0.5630948930047807,ema
11,s4_mixed_dynamic,6.386402797469953,4.000359969380765,True,False,True,wifi_only,34,4.5,3.5,0.18563557807003364,ema
11,s4_mixed_dynamic,6.386402797469953,4.000359969380765,True,False,True,vlp_only,35,5.5,3.5,0.9999999999010002,ema
11,s4_mixed_dynamic,6.386402797469953,4.000359969380765,True,False,True,static_fusion,35,5.5,3.5,0.5569433779403261,ema
12,s4_mixed_dynamic,6.486403725025359,4.131792507959473,True,False,True,wifi_only,46,6.5,4.5,0.14620640471883,ema
12,s4_mixed_dynamic,6.486403725025359,4.131792507959473,True,False,True,vlp_only,35,5.5,3.5,0.9878377905122573,ema
12,s4_mixed_dynamic,6.486403725025359,4.131792507959473,True,False,True,static_fusion,35,5.5,3.5,0.5441602254624078,ema
13,s4_mixed_dynamic,6.594101310260236,4.146666699824417,True,False,True,wifi_only,60,0.5,6.5,0.14393614829908166,ema
13,s4_mixed_dynamic,6.594101310260236,4.146666699824417,True,False,True,vlp_only,46,6.5,4.5,0.9999999999010002,ema
13,s4_mixed_dynamic,6.594101310260236,4.146666699824417,True,False,True,static_fusion,46,6.5,4.5,0.5025209325658595,ema
14,s4_mixed_dynamic,6.938536691705024,4.190811224101229,True,False,True,wifi_only,44,4.5,4.5,0.12338937407863011,ema
14,s4_mixed_dynamic,6.938536691705024,4.190811224101229,True,False,True,vlp_only,46,6.5,4.5,0.9999873736014371,ema
14,s4_mixed_dynamic,6.938536691705024,4.190811224101229,True,False,True,static_fusion,46,6.5,4.5,0.5135800774443396,ema
15,s4_mixed_dynamic,7.095444556622987,4.3190830854397095,True,False,True,wifi_only,57,7.5,5.5,0.17506124854957075,ema
15,s4_mixed_dynamic,7.095444556622987,4.3190830854397095,True,False,True,vlp_only,47,7.5,4.5,0.9999999999010002,ema
15,s4_mixed_dynamic,7.095444556622987,4.3190830854397095,True,False,True,static_fusion,47,7.5,4.5,0.5645059603197423,ema
16,s4_mixed_dynamic,7.322508343984496,4.588300078241882,True,False,True,wifi_only,56,6.5,5.5,0.22395927389220452,ema
16,s4_mixed_dynamic,7.322508343984496,4.588300078241882,True,False,True,vlp_only,47,7.5,4.5,0.9999999999010002,ema
16,s4_mixed_dynamic,7.322508343984496,4.588300078241882,True,False,True,static_fusion,47,7.5,4.5,0.5207157377016397,ema
17,s4_mixed_dynamic,7.446193242310456,4.675563891349093,True,False,True,wifi_only,45,5.5,4.5,0.17261450683555632,ema
17,s4_mixed_dynamic,7.446193242310456,4.675563891349093,True,False,True,vlp_only,47,7.5,4.5,0.9999999999010002,ema
17,s4_mixed_dynamic,7.446193242310456,4.675563891349093,True,False,True,static_fusion,47,7.5,4.5,0.5028279860894262,ema
18,s4_mixed_dynamic,7.634031718409139,4.77391982605946,True,False,True,wifi_only,55,5.5,5.5,0.18145834114975826,ema
18,s4_mixed_dynamic,7.634031718409139,4.77391982605946,True,False,True,vlp_only,47,7.5,4.5,0.9999999999010002,ema
18,s4_mixed_dynamic,7.634031718409139,4.77391982605946,True,False,True,static_fusion,47,7.5,4.5,0.5014838008682637,ema
19,s4_mixed_dynamic,7.862727723450558,4.97492979510894,True,False,True,wifi_only,57,7.5,5.5,0.1600896922619842,ema
19,s4_mixed_dynamic,7.862727723450558,4.97492979510894,True,False,True,vlp_only,47,7.5,4.5,0.9999999998910408,ema
19,s4_mixed_dynamic,7.862727723450558,4.97492979510894,True,False,True,static_fusion,47,7.5,4.5,0.5414963294920011,ema
20,s4_mixed_dynamic,7.939266457295782,5.129541394281456,True,False,True,wifi_only,48,8.5,4.5,0.19040822927570733,ema
20,s4_mixed_dynamic,7.939266457295782,5.129541394281456,True,False,True,vlp_only,47,7.5,4.5,0.9999999501911381,ema
20,s4_mixed_dynamic,7.939266457295782,5.129541394281456,True,False,True,static_fusion,47,7.5,4.5,0.5857049485887127,ema
21,s4_mixed_dynamic,8.011102297567714,5.276303396065385,True,False,True,wifi_only,46,6.5,4.5,0.17759149583597186,ema
21,s4_mixed_dynamic,8.011102297567714,5.276303396065385,True,False,True,vlp_only,57,7.5,5.5,0.9999653881801254,ema
21,s4_mixed_dynamic,8.011102297567714,5.276303396065385,True,False,True,static_fusion,57,7.5,5.5,0.5637174890348084,ema
22,s4_mixed_dynamic,8.343062278059984,5.445902988798278,False,False,True,wifi_only,56,6.5,5.5,0.16696990367999104,ema
22,s4_mixed_dynamic,8.343062278059984,5.445902988798278,False,False,True,vlp_only,58,8.5,5.5,0.649891953427879,ema
22,s4_mixed_dynamic,8.343062278059984,5.445902988798278,False,False,True,static_fusion,58,8.5,5.5,0.3576035184649206,ema
23,s4_mixed_dynamic,8.52052164720882,5.6027346910434765,False,False,True,wifi_only,47,7.5,4.5,0.14945126028290337,ema
23,s4_mixed_dynamic,8.52052164720882,5.6027346910434765,False,False,True,vlp_only,58,8.5,5.5,0.9985054977601253,ema
23,s4_mixed_dynamic,8.52052164720882,5.6027346910434765,False,False,True,static_fusion,58,8.5,5.5,0.5601997697615883,ema
24,s4_mixed_dynamic,8.840063415262575,5.876328672083288,False,False,True,wifi_only,46,6.5,4.5,0.14200439204812787,ema
24,s4_mixed_dynamic,8.840063415262575,5.876328672083288,False,False,True,vlp_only,58,8.5,5.5,0.9999999885370657,ema
24,s4_mixed_dynamic,8.840063415262575,5.876328672083288,False,False,True,static_fusion,58,8.5,5.5,0.549527641457628,ema
25,s4_mixed_dynamic,9.133542118122302,6.275738550131283,False,True,True,wifi_only,58,8.5,5.5,0.13670469543334282,ema
25,s4_mixed_dynamic,9.133542118122302,6.275738550131283,False,True,True,vlp_only,59,9.5,5.5,0.9999999999010002,ema
25,s4_mixed_dynamic,9.133542118122302,6.275738550131283,False,True,True,static_fusion,59,9.5,5.5,0.5418944480287318,ema
26,s4_mixed_dynamic,9.35618800793218,6.65718067016028,False,True,True,wifi_only,58,8.5,5.5,0.17906240074250823,ema
26,s4_mixed_dynamic,9.35618800793218,6.65718067016028,False,True,True,vlp_only,59,9.5,5.5,0.9999999999010002,ema
26,s4_mixed_dynamic,9.35618800793218,6.65718067016028,False,True,True,static_fusion,59,9.5,5.5,0.5598569752070596,ema
27,s4_mixed_dynamic,9.561103088027537,7.107641397521033,False,True,True,wifi_only,69,9.5,6.5,0.20203991752297276,ema
27,s4_mixed_dynamic,9.561103088027537,7.107641397521033,False,True,True,vlp_only,69,9.5,6.5,0.9999999999010001,ema
27,s4_mixed_dynamic,9.561103088027537,7.107641397521033,False,True,True,static_fusion,69,9.5,6.5,0.6010199587119864,ema
28,s4_mixed_dynamic,9.62294450389752,7.287936096739562,False,True,True,wifi_only,69,9.5,6.5,0.2458968348793354,ema
28,s4_mixed_dynamic,9.62294450389752,7.287936096739562,False,True,True,vlp_only,99,9.5,9.5,0.9999999998950542,ema
28,s4_mixed_dynamic,9.62294450389752,7.287936096739562,False,True,True,static_fusion,99,9.5,9.5,0.5071114673385017,ema
29,s4_mixed_dynamic,9.567042849149868,7.590650497286169,False,True,True,wifi_only,69,9.5,6.5,0.25491996524581256,ema
29,s4_mixed_dynamic,9.567042849149868,7.590650497286169,False,True,True,vlp_only,99,9.5,9.5,0.9999999999010001,ema
29,s4_mixed_dynamic,9.567042849149868,7.590650497286169,False,True,True,static_fusion,99,9.5,9.5,0.5113291548318382,ema
30,s4_mixed_dynamic,9.368809486427658,7.926124173973704,False,True,True,wifi_only,79,9.5,7.5,0.19328459002530804,ema
30,s4_mixed_dynamic,9.368809486427658,7.926124173973704,False,True,True,vlp_only,89,9.5,8.5,0.9999999960593117,ema
30,s4_mixed_dynamic,9.368809486427658,7.926124173973704,False,True,True,static_fusion,89,9.5,8.5,0.5534550113264259,ema
31,s4_mixed_dynamic,9.317903367352146,8.04732779879347,False,True,True,wifi_only,79,9.5,7.5,0.1787186017310962,ema
31,s4_mixed_dynamic,9.317903367352146,8.04732779879347,False,True,True,vlp_only,89,9.5,8.5,0.9999999977701547,ema
31,s4_mixed_dynamic,9.317903367352146,8.04732779879347,False,True,True,static_fusion,89,9.5,8.5,0.5691277310891247,ema
32,s4_mixed_dynamic,9.186332412855084,8.43241929333643,False,True,True,wifi_only,89,9.5,8.5,0.20235508501348298,ema
32,s4_mixed_dynamic,9.186332412855084,8.43241929333643,False,True,True,vlp_only,89,9.5,8.5,0.9999998660617176,ema
32,s4_mixed_dynamic,9.186332412855084,8.43241929333643,False,True,True,static_fusion,89,9.5,8.5,0.6011774755376003,ema
33,s4_mixed_dynamic,9.112727671229193,8.796655767469591,False,True,True,wifi_only,89,9.5,8.5,0.1944829209019216,ema
33,s4_mixed_dynamic,9.112727671229193,8.796655767469591,False,True,True,vlp_only,99,9.5,9.5,0.9999999999010001,ema
33,s4_mixed_dynamic,9.112727671229193,8.796655767469591,False,True,True,static_fusion,99,9.5,9.5,0.5856583334306772,ema
34,s4_mixed_dynamic,9.270799859312152,9.22745450829668,False,True,True,wifi_only,99,9.5,9.5,0.2974610151844985,ema
34,s4_mixed_dynamic,9.270799859312152,9.22745450829668,False,True,True,vlp_only,99,9.5,9.5,0.9999999999010001,ema
34,s4_mixed_dynamic,9.270799859312152,9.22745450829668,False,True,True,static_fusion,99,9.5,9.5,0.6487305075427493,ema
35,s4_mixed_dynamic,9.423420837008932,9.422997081607893,False,False,True,wifi_only,99,9.5,9.5,0.28321465869746515,ema
35,s4_mixed_dynamic,9.423420837008932,9.422997081607893,False,False,True,vlp_only,99,9.5,9.5,0.9999999999010001,ema
35,s4_mixed_dynamic,9.423420837008932,9.422997081607893,False,False,True,static_fusion,99,9.5,9.5,0.6416073292992326,ema
36,s4_mixed_dynamic,9.481110661263054,9.62212971253768,False,False,True,wifi_only,99,9.5,9.5,0.3260644161275865,ema
36,s4_mixed_dynamic,9.481110661263054,9.62212971253768,False,False,True,vlp_only,99,9.5,9.5,0.9999999999010001,ema
36,s4_mixed_dynamic,9.481110661263054,9.62212971253768,False,False,True,static_fusion,99,9.5,9.5,0.6630322080142933,ema
37,s4_mixed_dynamic,9.541752579513968,9.92203908827878,False,False,True,wifi_only,99,9.5,9.5,0.3559845523048974,ema
37,s4_mixed_dynamic,9.541752579513968,9.92203908827878,False,False,True,vlp_only,99,9.5,9.5,0.9999999999010001,ema
37,s4_mixed_dynamic,9.541752579513968,9.92203908827878,False,False,True,static_fusion,99,9.5,9.5,0.6779922761029488,ema
38,s4_mixed_dynamic,9.402562603553038,9.543991147418636,False,False,True,wifi_only,99,9.5,9.5,0.3736762713786654,ema
38,s4_mixed_dynamic,9.402562603553038,9.543991147418636,False,False,True,vlp_only,99,9.5,9.5,0.9999999999010001,ema
38,s4_mixed_dynamic,9.402562603553038,9.543991147418636,False,False,True,static_fusion,99,9.5,9.5,0.6868381356398328,ema
39,s4_mixed_dynamic,9.44479730227728,9.391504817262849,False,False,True,wifi_only,99,9.5,9.5,0.3323298294445695,ema
39,s4_mixed_dynamic,9.44479730227728,9.391504817262849,False,False,True,vlp_only,99,9.5,9.5,0.9999999999010001,ema
39,s4_mixed_dynamic,9.44479730227728,9.391504817262849,False,False,True,static_fusion,99,9.5,9.5,0.6661649146727848,ema
40,s4_mixed_dynamic,9.525454359161255,8.940867722935458,False,False,True,wifi_only,99,9.5,9.5,0.2300009929217342,ema
40,s4_mixed_dynamic,9.525454359161255,8.940867722935458,False,False,True,vlp_only,99,9.5,9.5,0.9999999999010001,ema
40,s4_mixed_dynamic,9.525454359161255,8.940867722935458,False,False,True,static_fusion,99,9.5,9.5,0.6150004964113671,ema
41,s4_mixed_dynamic,9.823585243977655,8.584999463128653,False,False,True,wifi_only,89,9.5,8.5,0.243963531846839,ema
41,s4_mixed_dynamic,9.823585243977655,8.584999463128653,False,False,True,vlp_only,99,9.5,9.5,0.9999999999010001,ema
41,s4_mixed_dynamic,9.823585243977655,8.584999463128653,False,False,True,static_fusion,99,9.5,9.5,0.6090220300155043,ema
42,s4_mixed_dynamic,9.694700842723162,8.966546447675274,False,False,True,wifi_only,89,9.5,8.5,0.23272496794010755,ema
42,s4_mixed_dynamic,9.694700842723162,8.966546447675274,False,False,True,vlp_only,99,9.5,9.5,0.9999999999010001,ema
42,s4_mixed_dynamic,9.694700842723162,8.966546447675274,False,False,True,static_fusion,99,9.5,9.5,0.6097492337593631,ema
43,s4_mixed_dynamic,9.569223421271444,9.326938465999294,False,False,True,wifi_only,99,9.5,9.5,0.2327980274086174,ema
43,s4_mixed_dynamic,9.569223421271444,9.326938465999294,False,False,True,vlp_only,99,9.5,9.5,0.9999999999010001,ema
43,s4_mixed_dynamic,9.569223421271444,9.326938465999294,False,False,True,static_fusion,99,9.5,9.5,0.6163990136548088,ema
44,s4_mixed_dynamic,9.534535416987817,9.784343768551336,False,False,True,wifi_only,99,9.5,9.5,0.22514147173670707,ema
44,s4_mixed_dynamic,9.534535416987817,9.784343768551336,False,False,True,vlp_only,99,9.5,9.5,0.9999999999010001,ema
44,s4_mixed_dynamic,9.534535416987817,9.784343768551336,False,False,True,static_fusion,99,9.5,9.5,0.6125707358188536,ema
45,s4_mixed_dynamic,9.54487381028695,9.92332836828298,True,False,True,wifi_only,99,9.5,9.5,0.49849073141272743,ema
45,s4_mixed_dynamic,9.54487381028695,9.92332836828298,True,False,True,vlp_only,99,9.5,9.5,0.9999999999010001,ema
45,s4_mixed_dynamic,9.54487381028695,9.92332836828298,True,False,True,static_fusion,99,9.5,9.5,0.7492453656568637,ema
46,s4_mixed_dynamic,9.558162041417896,9.663482828106742,True,False,True,wifi_only,99,9.5,9.5,0.5717104444602413,ema
46,s4_mixed_dynamic,9.558162041417896,9.663482828106742,True,False,True,vlp_only,99,9.5,9.5,0.9999999999010001,ema
46,s4_mixed_dynamic,9.558162041417896,9.663482828106742,True,False,True,static_fusion,99,9.5,9.5,0.7858552221806206,ema
47,s4_mixed_dynamic,9.5646528065164,9.424365913186056,True,False,True,wifi_only,99,9.5,9.5,0.3810883206192796,ema
47,s4_mixed_dynamic,9.5646528065164,9.424365913186056,True,False,True,vlp_only,99,9.5,9.5,0.9999999999010001,ema
47,s4_mixed_dynamic,9.5646528065164,9.424365913186056,True,False,True,static_fusion,99,9.5,9.5,0.6905441602601398,ema
48,s4_mixed_dynamic,9.50103939557558,9.114055937821927,True,False,True,wifi_only,79,9.5,7.5,0.2518816969806932,ema
48,s4_mixed_dynamic,9.50103939557558,9.114055937821927,True,False,True,vlp_only,99,9.5,9.5,0.9999999999010001,ema
48,s4_mixed_dynamic,9.50103939557558,9.114055937821927,True,False,True,static_fusion,99,9.5,9.5,0.5608892881365142,ema
49,s4_mixed_dynamic,9.414656161118282,8.731094504017625,True,False,True,wifi_only,79,9.5,7.5,0.2628807543179559,ema
49,s4_mixed_dynamic,9.414656161118282,8.731094504017625,True,False,True,vlp_only,99,9.5,9.5,0.9999999999010001,ema
49,s4_mixed_dynamic,9.414656161118282,8.731094504017625,True,False,True,static_fusion,99,9.5,9.5,0.5946322699751174,ema
50,s4_mixed_dynamic,9.21633605588256,8.49062670552971,True,False,True,wifi_only,99,9.5,9.5,0.5327833078518974,ema
50,s4_mixed_dynamic,9.21633605588256,8.49062670552971,True,False,True,vlp_only,89,9.5,8.5,0.9999951142537984,ema
50,s4_mixed_dynamic,9.21633605588256,8.49062670552971,True,False,True,static_fusion,89,9.5,8.5,0.5997811270666702,ema
51,s4_mixed_dynamic,9.11760935449355,8.438577566893754,True,False,True,wifi_only,79,9.5,7.5,0.17790038949438047,ema
51,s4_mixed_dynamic,9.11760935449355,8.438577566893754,True,False,True,vlp_only,89,9.5,8.5,0.9999992588826186,ema
51,s4_mixed_dynamic,9.11760935449355,8.438577566893754,True,False,True,static_fusion,89,9.5,8.5,0.582842523638595,ema
52,s4_mixed_dynamic,8.922779282926651,8.205081914366874,True,False,True,wifi_only,59,9.5,5.5,0.33413820311376086,ema
52,s4_mixed_dynamic,8.922779282926651,8.205081914366874,True,False,True,vlp_only,89,9.5,8.5,0.9999985284333819,ema
52,s4_mixed_dynamic,8.922779282926651,8.205081914366874,True,False,True,static_fusion,89,9.5,8.5,0.5122455674570703,ema
53,s4_mixed_dynamic,8.733693244154269,8.016610598714413,True,False,True,wifi_only,69,9.5,6.5,0.31900368872609225,ema
53,s4_mixed_dynamic,8.733693244154269,8.016610598714413,True,False,True,vlp_only,88,8.5,8.5,0.99999999980103,ema
53,s4_mixed_dynamic,8.733693244154269,8.016610598714413,True,False,True,static_fusion,88,8.5,8.5,0.5008988841231772,ema
54,s4_mixed_dynamic,8.604067606013617,7.71418254806786,True,False,True,wifi_only,79,9.5,7.5,0.17131392567755463,ema
54,s4_mixed_dynamic,8.604067606013617,7.71418254806786,True,False,True,vlp_only,88,8.5,8.5,0.9999972569531341,ema
54,s4_mixed_dynamic,8.604067606013617,7.71418254806786,True,False,True,static_fusion,88,8.5,8.5,0.5413312091472944,ema
55,s4_mixed_dynamic,8.380292121918876,7.508518197183664,False,False,True,wifi_only,68,8.5,6.5,0.15627087784664895,ema
55,s4_mixed_dynamic,8.380292121918876,7.508518197183664,False,False,True,vlp_only,78,8.5,7.5,0.9657341177444883,ema
55,s4_mixed_dynamic,8.380292121918876,7.508518197183664,False,False,True,static_fusion,78,8.5,7.5,0.5532488611410944,ema
56,s4_mixed_dynamic,8.261298236940235,7.032237617033076,False,False,True,wifi_only,78,8.5,7.5,0.15623238595987757,ema
56,s4_mixed_dynamic,8.261298236940235,7.032237617033076,False,False,True,vlp_only,78,8.5,7.5,0.9999999997396463,ema
56,s4_mixed_dynamic,8.261298236940235,7.032237617033076,False,False,True,static_fusion,78,8.5,7.5,0.5781161928497619,ema
57,s4_mixed_dynamic,8.367834526148913,6.700942345233571,False,False,True,wifi_only,78,8.5,7.5,0.14164071747528886,ema
57,s4_mixed_dynamic,8.367834526148913,6.700942345233571,False,False,True,vlp_only,78,8.5,7.5,0.9999999999010001,ema
57,s4_mixed_dynamic,8.367834526148913,6.700942345233571,False,False,True,static_fusion,78,8.5,7.5,0.5708203586881443,ema
58,s4_mixed_dynamic,8.353958878788386,6.494196804329148,False,False,True,wifi_only,68,8.5,6.5,0.15005256604537065,ema
58,s4_mixed_dynamic,8.353958878788386,6.494196804329148,False,False,True,vlp_only,68,8.5,6.5,0.9999999998770855,ema
58,s4_mixed_dynamic,8.353958878788386,6.494196804329148,False,False,True,static_fusion,68,8.5,6.5,0.5750262829612282,ema
59,s4_mixed_dynamic,8.336546429042226,6.293616283957347,False,False,True,wifi_only,79,9.5,7.5,0.1686581971626192,ema
59,s4_mixed_dynamic,8.336546429042226,6.293616283957347,False,False,True,vlp_only,68,8.5,6.5,0.999999999751655,ema
59,s4_mixed_dynamic,8.336546429042226,6.293616283957347,False,False,True,static_fusion,68,8.5,6.5,0.5529737324228835,ema
60,s4_mixed_dynamic,8.40346815147133,6.116995442632617,False,False,True,wifi_only,69,9.5,6.5,0.17947837274977663,ema
60,s4_mixed_dynamic,8.40346815147133,6.116995442632617,False,False,True,vlp_only,68,8.5,6.5,0.9999999874814636,ema
60,s4_mixed_dynamic,8.40346815147133,6.116995442632617,False,False,True,static_fusion,68,8.5,6.5,0.5648001239028329,ema
61,s4_mixed_dynamic,8.546844700935843,5.924881887661858,False,False,True,wifi_only,57,7.5,5.5,0.12450246551458025,ema
61,s4_mixed_dynamic,8.546844700935843,5.924881887661858,False,False,True,vlp_only,68,8.5,6.5,0.9999999998859946,ema
61,s4_mixed_dynamic,8.546844700935843,5.924881887661858,False,False,True,static_fusion,68,8.5,6.5,0.5528401549272245,ema
62,s4_mixed_dynamic,8.729904160776496,5.547744951919951,False,False,True,wifi_only,58,8.5,5.5,0.14994982253268868,ema
62,s4_mixed_dynamic,8.729904160776496,5.547744951919951,False,False,True,vlp_only,69,9.5,6.5,0.9999999999010001,ema
62,s4_mixed_dynamic,8.729904160776496,5.547744951919951,False,False,True,static_fusion,69,9.5,6.5,0.5441873362766959,ema
63,s4_mixed_dynamic,8.77202584280195,5.143629060389316,False,False,True,wifi_only,58,8.5,5.5,0.1657231887041441,ema
63,s4_mixed_dynamic,8.77202584280195,5.143629060389316,False,False,True,vlp_only,58,8.5,5.5,0.9999999999010002,ema
63,s4_mixed_dynamic,8.77202584280195,5.143629060389316,False,False,True,static_fusion,58,8.5,5.5,0.5828615943025721,ema
64,s4_mixed_dynamic,8.718437609453172,4.97610578105409,False,False,True,wifi_only,59,9.5,5.5,0.1786281011709592,ema
64,s4_mixed_dynamic,8.718437609453172,4.97610578105409,False,False,True,vlp_only,58,8.5,5.5,0.9999999999010002,ema
64,s4_mixed_dynamic,8.718437609453172,4.97610578105409,False,False,True,static_fusion,58,8.5,5.5,0.5878873327568924,ema
65,s4_mixed_dynamic,8.667563530000693,4.866630764710654,False,True,True,wifi_only,58,8.5,5.5,0.1783816286029941,ema
65,s4_mixed_dynamic,8.667563530000693,4.866630764710654,False,True,True,vlp_only,59,9.5,5.5,0.8204877731953987,ema
65,s4_mixed_dynamic,8.667563530000693,4.866630764710654,False,True,True,static_fusion,59,9.5,5.5,0.4755257364277157,ema
66,s4_mixed_dynamic,8.542366419283344,4.760216825616967,False,True,True,wifi_only,47,7.5,4.5,0.17032584605446352,ema
66,s4_mixed_dynamic,8.542366419283344,4.760216825616967,False,True,True,vlp_only,49,9.5,4.5,0.9999999999010002,ema
66,s4_mixed_dynamic,8.542366419283344,4.760216825616967,False,True,True,static_fusion,49,9.5,4.5,0.5339550873121088,ema
67,s4_mixed_dynamic,8.382687489621802,4.499553999003734,False,True,True,wifi_only,48,8.5,4.5,0.1592563431384466,ema
67,s4_mixed_dynamic,8.382687489621802,4.499553999003734,False,True,True,vlp_only,49,9.5,4.5,0.9999999999010002,ema
67,s4_mixed_dynamic,8.382687489621802,4.499553999003734,False,True,True,static_fusion,49,9.5,4.5,0.5575284954129771,ema
68,s4_mixed_dynamic,8.31381336958047,4.356990528873265,False,True,True,wifi_only,48,8.5,4.5,0.2011677897623523,ema
68,s4_mixed_dynamic,8.31381336958047,4.356990528873265,False,True,True,vlp_only,49,9.5,4.5,0.9999999999010002,ema
68,s4_mixed_dynamic,8.31381336958047,4.356990528873265,False,True,True,static_fusion,49,9.5,4.5,0.5995616365634219,ema
69,s4_mixed_dynamic,8.173199902177743,4.055129301838792,False,True,True,wifi_only,48,8.5,4.5,0.18531531211350033,ema
69,s4_mixed_dynamic,8.173199902177743,4.055129301838792,False,True,True,vlp_only,39,9.5,3.5,0.9999999999010002,ema
69,s4_mixed_dynamic,8.173199902177743,4.055129301838792,False,True,True,static_fusion,39,9.5,3.5,0.5273931155568299,ema
70,s4_mixed_dynamic,7.958876024659174,3.799783052657366,False,True,True,wifi_only,48,8.5,4.5,0.21275713558366854,ema
70,s4_mixed_dynamic,7.958876024659174,3.799783052657366,False,True,True,vlp_only,39,9.5,3.5,0.9999999999010002,ema
70,s4_mixed_dynamic,7.958876024659174,3.799783052657366,False,True,True,static_fusion,39,9.5,3.5,0.5251585427269179,ema
71,s4_mixed_dynamic,7.833669525191001,3.638141757452688,False,True,True,wifi_only,48,8.5,4.5,0.19622951272494532,ema
71,s4_mixed_dynamic,7.833669525191001,3.638141757452688,False,True,True,vlp_only,49,9.5,4.5,0.9999999999010002,ema
71,s4_mixed_dynamic,7.833669525191001,3.638141757452688,False,True,True,static_fusion,49,9.5,4.5,0.5770511530785535,ema
72,s4_mixed_dynamic,7.664684483724226,3.3337804086327285,False,True,True,wifi_only,48,8.5,4.5,0.15956467564888302,ema
72,s4_mixed_dynamic,7.664684483724226,3.3337804086327285,False,True,True,vlp_only,49,9.5,4.5,0.9999999999010002,ema
72,s4_mixed_dynamic,7.664684483724226,3.3337804086327285,False,True,True,static_fusion,49,9.5,4.5,0.5758410567518181,ema
73,s4_mixed_dynamic,7.325126662205962,3.0900072935102134,False,True,True,wifi_only,37,7.5,3.5,0.1746996634119612,ema
73,s4_mixed_dynamic,7.325126662205962,3.0900072935102134,False,True,True,vlp_only,49,9.5,4.5,0.9999999999010002,ema
73,s4_mixed_dynamic,7.325126662205962,3.0900072935102134,False,True,True,static_fusion,49,9.5,4.5,0.5358329361281945,ema
74,s4_mixed_dynamic,7.295614884999138,2.9887682845800643,False,True,True,wifi_only,38,8.5,3.5,0.20851903173816885,ema
74,s4_mixed_dynamic,7.295614884999138,2.9887682845800643,False,True,True,vlp_only,39,9.5,3.5,0.9999999999010002,ema
74,s4_mixed_dynamic,7.295614884999138,2.9887682845800643,False,True,True,static_fusion,39,9.5,3.5,0.5884871404676315,ema
75,s4_mixed_dynamic,7.296351451677773,2.798195708361908,False,True,True,wifi_only,27,7.5,2.5,0.20253070845674218,ema
75,s4_mixed_dynamic,7.296351451677773,2.798195708361908,False,True,True,vlp_only,49,9.5,4.5,0.9999999999010002,ema
75,s4_mixed_dynamic,7.296351451677773,2.798195708361908,False,True,True,static_fusion,49,9.5,4.5,0.5055471300023512,ema
76,s4_mixed_dynamic,7.251642624966383,2.337893241987238,False,True,True,wifi_only,27,7.5,2.5,0.22211769467540576,ema
76,s4_mixed_dynamic,7.251642624966383,2.337893241987238,False,True,True,vlp_only,49,9.5,4.5,0.9999999999010002,ema
76,s4_mixed_dynamic,7.251642624966383,2.337893241987238,False,True,True,static_fusion,49,9.5,4.5,0.5006706955686372,ema
77,s4_mixed_dynamic,7.191112638050282,2.11104971712342,False,True,True,wifi_only,27,7.5,2.5,0.2733314712360887,ema
77,s4_mixed_dynamic,7.191112638050282,2.11104971712342,False,True,True,vlp_only,39,9.5,3.5,0.9999999999010002,ema
77,s4_mixed_dynamic,7.191112638050282,2.11104971712342,False,True,True,static_fusion,39,9.5,3.5,0.5253584311421352,ema
78,s4_mixed_dynamic,7.088997127565227,1.8280730412017787,False,True,True,wifi_only,17,7.5,1.5,0.21335584092310747,ema
78,s4_mixed_dynamic,7.088997127565227,1.8280730412017787,False,True,True,vlp_only,29,9.5,2.5,0.9999999996664628,ema
78,s4_mixed_dynamic,7.088997127565227,1.8280730412017787,False,True,True,static_fusion,29,9.5,2.5,0.5227162791976888,ema
79,s4_mixed_dynamic,7.114586335383993,1.531713950324241,False,True,True,wifi_only,17,7.5,1.5,0.2331934028906976,ema
79,s4_mixed_dynamic,7.114586335383993,1.531713950324241,False,True,True,vlp_only,7,7.5,0.5,0.999999999758827,ema
79,s4_mixed_dynamic,7.114586335383993,1.531713950324241,False,True,True,static_fusion,7,7.5,0.5,0.5880757407461409,ema
80,s4_mixed_dynamic,7.170157133048356,1.3067743629177078,True,False,True,wifi_only,6,6.5,0.5,0.378263858204845,ema
80,s4_mixed_dynamic,7.170157133048356,1.3067743629177078,True,False,True,vlp_only,7,7.5,0.5,0.9999999999010003,ema
80,s4_mixed_dynamic,7.170157133048356,1.3067743629177078,True,False,True,static_fusion,7,7.5,0.5,0.5241076280555564,ema
81,s4_mixed_dynamic,7.201631077444322,1.1339839347561254,True,False,True,wifi_only,27,7.5,2.5,0.2049679895221804,ema
81,s4_mixed_dynamic,7.201631077444322,1.1339839347561254,True,False,True,vlp_only,7,7.5,0.5,0.9999999999010003,ema
81,s4_mixed_dynamic,7.201631077444322,1.1339839347561254,True,False,True,static_fusion,7,7.5,0.5,0.5518054833547864,ema
82,s4_mixed_dynamic,7.155776983713249,0.8528139925624313,True,False,True,wifi_only,17,7.5,1.5,0.41260742418361857,ema
82,s4_mixed_dynamic,7.155776983713249,0.8528139925624313,True,False,True,vlp_only,7,7.5,0.5,0.9999999999010003,ema
82,s4_mixed_dynamic,7.155776983713249,0.8528139925624313,True,False,True,static_fusion,7,7.5,0.5,0.6511511555879477,ema
83,s4_mixed_dynamic,6.976127786010122,0.4956267479912126,True,False,True,wifi_only,17,7.5,1.5,0.4455507782771052,ema
83,s4_mixed_dynamic,6.976127786010122,0.4956267479912126,True,False,True,vlp_only,7,7.5,0.5,0.9999999999010003,ema
83,s4_mixed_dynamic,6.976127786010122,0.4956267479912126,True,False,True,static_fusion,7,7.5,0.5,0.7034080334662527,ema
84,s4_mixed_dynamic,6.74255867268218,0.0843728881784015,True,False,True,wifi_only,29,9.5,2.5,0.3752641994538999,ema
84,s4_mixed_dynamic,6.74255867268218,0.0843728881784015,True,False,True,vlp_only,7,7.5,0.5,0.9999999999010003,ema
84,s4_mixed_dynamic,6.74255867268218,0.0843728881784015,True,False,True,static_fusion,7,7.5,0.5,0.5041820156653738,ema
85,s4_mixed_dynamic,7.064294392948221,0.3942671783051067,True,False,True,wifi_only,9,9.5,0.5,0.4533419022306679,ema
85,s4_mixed_dynamic,7.064294392948221,0.3942671783051067,True,False,True,vlp_only,7,7.5,0.5,0.9999999999010003,ema
85,s4_mixed_dynamic,7.064294392948221,0.3942671783051067,True,False,True,static_fusion,7,7.5,0.5,0.5001116303559365,ema
86,s4_mixed_dynamic,7.176188436555574,0.5060043216815018,True,False,True,wifi_only,29,9.5,2.5,0.3867280007761123,ema
86,s4_mixed_dynamic,7.176188436555574,0.5060043216815018,True,False,True,vlp_only,7,7.5,0.5,0.9999999999010003,ema
86,s4_mixed_dynamic,7.176188436555574,0.5060043216815018,True,False,True,static_fusion,7,7.5,0.5,0.6430135977199597,ema
87,s4_mixed_dynamic,7.307226017604519,0.5668144077417742,True,False,True,wifi_only,7,7.5,0.5,0.3822461665201133,ema
87,s4_mixed_dynamic,7.307226017604519,0.5668144077417742,True,False,True,vlp_only,7,7.5,0.5,0.9999999999010003,ema
87,s4_mixed_dynamic,7.307226017604519,0.5668144077417742,True,False,True,static_fusion,7,7.5,0.5,0.6911230832105567,ema
88,s4_mixed_dynamic,7.687860172244926,0.7189120364284933,False,False,True,wifi_only,29,9.5,2.5,0.4190691547366787,ema
88,s4_mixed_dynamic,7.687860172244926,0.7189120364284933,False,False,True,vlp_only,7,7.5,0.5,0.9999999999010003,ema
88,s4_mixed_dynamic,7.687860172244926,0.7189120364284933,False,False,True,static_fusion,7,7.5,0.5,0.6454531582013643,ema
89,s4_mixed_dynamic,7.983386792676343,0.8375621710500243,False,False,True,wifi_only,9,9.5,0.5,0.23918927601509044,ema
89,s4_mixed_dynamic,7.983386792676343,0.8375621710500243,False,False,True,vlp_only,7,7.5,0.5,0.9999999759237519,ema
89,s4_mixed_dynamic,7.983386792676343,0.8375621710500243,False,False,True,static_fusion,7,7.5,0.5,0.5743622672859497,ema
90,s4_mixed_dynamic,8.256293406597695,0.875446755726633,False,False,True,wifi_only,8,8.5,0.5,0.24408957782061944,ema
90,s4_mixed_dynamic,8.256293406597695,0.875446755726633,False,False,True,vlp_only,7,7.5,0.5,0.9983231153924076,ema
90,s4_mixed_dynamic,8.256293406597695,0.875446755726633,False,False,True,static_fusion,7,7.5,0.5,0.5312670519236632,ema
91,s4_mixed_dynamic,8.425989160054677,0.93045254740169,False,False,True,wifi_only,18,8.5,1.5,0.35549913168944336,ema
91,s4_mixed_dynamic,8.425989160054677,0.93045254740169,False,False,True,vlp_only,7,7.5,0.5,0.8476704687567608,ema
91,s4_mixed_dynamic,8.425989160054677,0.93045254740169,False,False,True,static_fusion,7,7.5,0.5,0.42417920081551985,ema
92,s4_mixed_dynamic,8.863055882305986,1.1231286812777777,False,False,True,wifi_only,18,8.5,1.5,0.3731440099712174,ema
92,s4_mixed_dynamic,8.863055882305986,1.1231286812777777,False,False,True,vlp_only,8,8.5,0.5,0.9999933831886014,ema
92,s4_mixed_dynamic,8.863055882305986,1.1231286812777777,False,False,True,static_fusion,8,8.5,0.5,0.6469086935516605,ema
93,s4_mixed_dynamic,9.23021965860404,1.1465464090231468,False,False,True,wifi_only,18,8.5,1.5,0.2961600044163634,ema
93,s4_mixed_dynamic,9.23021965860404,1.1465464090231468,False,False,True,vlp_only,8,8.5,0.5,0.9992358409519662,ema
93,s4_mixed_dynamic,9.23021965860404,1.1465464090231468,False,False,True,static_fusion,8,8.5,0.5,0.6375476789432142,ema
94,s4_mixed_dynamic,9.37371170551081,1.169754508811914,False,False,True,wifi_only,18,8.5,1.5,0.3213382753265682,ema
94,s4_mixed_dynamic,9.37371170551081,1.169754508811914,False,False,True,vlp_only,8,8.5,0.5,0.6432454147089028,ema
94,s4_mixed_dynamic,9.37371170551081,1.169754508811914,False,False,True,static_fusion,8,8.5,0.5,0.47356601406688525,ema
95,s4_mixed_dynamic,9.770217154834045,1.159649324523821,False,False,True,wifi_only,19,9.5,1.5,0.2875426912553874,ema
95,s4_mixed_dynamic,9.770217154834045,1.159649324523821,False,False,True,vlp_only,19,9.5,1.5,0.9602739012999363,ema
95,s4_mixed_dynamic,9.770217154834045,1.159649324523821,False,False,True,static_fusion,19,9.5,1.5,0.6239082962776618,ema
96,s4_mixed_dynamic,9.5806362152392,1.1294724581913531,False,False,True,wifi_only,19,9.5,1.5,0.25849984524396136,ema
96,s4_mixed_dynamic,9.5806362152392,1.1294724581913531,False,False,True,vlp_only,19,9.5,1.5,0.9994148301015087,ema
96,s4_mixed_dynamic,9.5806362152392,1.1294724581913531,False,False,True,static_fusion,19,9.5,1.5,0.6289573376727348,ema
97,s4_mixed_dynamic,9.431952925308204,0.9654622254894044,False,False,True,wifi_only,18,8.5,1.5,0.2652978679238101,ema
97,s4_mixed_dynamic,9.431952925308204,0.9654622254894044,False,False,True,vlp_only,19,9.5,1.5,0.9997480690057771,ema
97,s4_mixed_dynamic,9.431952925308204,0.9654622254894044,False,False,True,static_fusion,19,9.5,1.5,0.6288174421216439,ema
98,s4_mixed_dynamic,9.360595724435434,0.6120686019402459,False,False,True,wifi_only,19,9.5,1.5,0.27852789435664727,ema
98,s4_mixed_dynamic,9.360595724435434,0.6120686019402459,False,False,True,vlp_only,19,9.5,1.5,0.9924237081720768,ema
98,s4_mixed_dynamic,9.360595724435434,0.6120686019402459,False,False,True,static_fusion,19,9.5,1.5,0.6354758012643618,ema
99,s4_mixed_dynamic,9.26764607580253,0.4010204672213302,False,False,True,wifi_only,19,9.5,1.5,0.29081190596721973,ema
99,s4_mixed_dynamic,9.26764607580253,0.4010204672213302,False,False,True,vlp_only,9,9.5,0.5,0.9999999999010003,ema
99,s4_mixed_dynamic,9.26764607580253,0.4010204672213302,False,False,True,static_fusion,9,9.5,0.5,0.6361681316547303,ema
