t,scenario,true_x,true_y,wifi_degraded,vlp_blocked,mixed_dynamic,method,pred_cell_id,pred_x,pred_y,max_prob,signal_variant
0,s1_clean,7.708518498956285,6.537185189018777,False,False,False,wifi_only,78,8.5,7.5,0.15974026293066843,raw
0,s1_clean,7.708518498956285,6.537185189018777,False,False,False,vlp_only,67,7.5,6.5,0.9999999999010001,raw
0,s1_clean,7.708518498956285,6.537185189018777,False,False,False,static_fusion,67,7.5,6.5,0.5674973212535508,raw
1,s1_clean,7.762228944549189,6.781375783910273,False,False,False,wifi_only,55,5.5,5.5,0.1696739639841248,raw
1,s1_clean,7.762228944549189,6.781375783910273,False,False,False,vlp_only,67,7.5,6.5,0.9999852172916317,raw
1,s1_clean,7.762228944549189,6.781375783910273,False,False,False,static_fusion,67,7.5,6.5,0.5378837037433263,raw
2,s1_clean,7.839130958677583,7.167874595498286,False,False,False,wifi_only,97,7.5,9.5,0.23976256078376446,raw
2,s1_clean,7.839130958677583,7.167874595498286,False,False,False,vlp_only,77,7.5,7.5,0.9999999481475726,raw
2,s1_clean,7.839130958677583,7.167874595498286,False,False,False,static_fusion,77,7.5,7.5,0.5451072858156023,raw
3,s1_clean,7.94346543019908,7.5103051184045535,False,False,False,wifi_only,54,4.5,5.5,0.08525484413095231,raw
3,s1_clean,7.94346543019908,7.5103051184045535,False,False,False,vlp_only,78,8.5,7.5,0.639113837022487,raw
3,s1_clean,7.94346543019908,7.5103051184045535,False,False,False,static_fusion,78,8.5,7.5,0.33291649402959067,raw
4,s1_clean,7.999186140694022,7.623886621271602,False,False,False,wifi_only,55,5.5,5.5,0.17038729469578304,raw
4,s1_clean,7.999186140694022,7.623886621271602,False,False,False,vlp_only,77,7.5,7.5,0.9955270807811931,raw
4,s1_clean,7.999186140694022,7.623886621271602,False,False,False,static_fusion,77,7.5,7.5,0.5111000230238133,raw
5,s1_clean,8.226562675373907,7.955827377167044,False,False,False,wifi_only,58,8.5,5.5,0.14386743709677793,raw
5,s1_clean,8.226562675373907,7.955827377167044,False,False,False,vlp_only,88,8.5,8.5,0.8539206214145222,raw
5,s1_clean,8.226562675373907,7.955827377167044,False,False,False,static_fusion,88,8.5,8.5,0.43088120101372623,raw
6,s1_clean,8.280648608306477,8.135508799595996,False,False,False,wifi_only,89,9.5,8.5,0.14744995375194825,raw
6,s1_clean,8.280648608306477,8.135508799595996,False,False,False,vlp_only,88,8.5,8.5,0.9740476856546522,raw
6,s1_clean,8.280648608306477,8.135508799595996,False,False,False,static_fusion,88,8.5,8.5,0.5551658463216285,raw
7,s1_clean,8.426531854440203,8.334139776009467,False,False,False,wifi_only,99,9.5,9.5,0.2539031584455491,raw
7,s1_clean,8.426531854440203,8.334139776009467,False,False,False,vlp_only,88,8.5,8.5,0.999176936135045,raw
7,s1_clean,8.426531854440203,8.334139776009467,False,False,False,static_fusion,88,8.5,8.5,0.5688584711823818,raw
8,s1_clean,8.640813839766498,8.694587576233882,False,False,False,wifi_only,91,1.5,9.5,0.17475003314992965,raw
8,s1_clean,8.640813839766498,8.694587576233882,False,False,False,vlp_only,88,8.5,8.5,0.9999999999010001,raw
8,s1_clean,8.640813839766498,8.694587576233882,False,False,False,static_fusion,88,8.5,8.5,0.5287846656472511,raw
9,s1_clean,8.773434572913224,8.991156753090223,False,False,False,wifi_only,79,9.5,7.5,0.24174214705710462,raw
9,s1_clean,8.773434572913224,8.991156753090223,False,False,False,vlp_only,98,8.5,9.5,0.8737020291819249,raw
9,s1_clean,8.773434572913224,8.991156753090223,False,False,False,static_fusion,98,8.5,9.5,0.45424858325242295,raw
10,s1_clean,8.969081214365445,9.315966535180728,False,False,False,wifi_only,99,9.5,9.5,0.27326554744138126,raw
10,s1_clean,8.969081214365445,9.315966535180728,False,False,False,vlp_only,98,8.5,9.5,0.9725829490668075,raw
10,s1_clean,8.969081214365445,9.315966535180728,False,False,False,static_fusion,98,8.5,9.5,0.5383788068510681,raw
11,s1_clean,9.158262661443551,9.76651178862036,False,False,False,wifi_only,99,9.5,9.5,0.3334040370547389,raw
11,s1_clean,9.158262661443551,9.76651178862036,False,False,False,vlp_only,99,9.5,9.5,0.9999999999010001,raw
11,s1_clean,9.158262661443551,9.76651178862036,False,False,False,static_fusion,99,9.5,9.5,0.6667020184778695,raw
12,s1_clean,9.226935916965898,9.928675601070118,False,False,False,wifi_only,99,9.5,9.5,0.25641657555099545,raw
12,s1_clean,9.226935916965898,9.928675601070118,False,False,False,vlp_only,99,9.5,9.5,0.9999999999010001,raw
12,s1_clean,9.226935916965898,9.928675601070118,False,False,False,static_fusion,99,9.5,9.5,0.6282082877259978,raw
13,s1_clean,9.28457534064934,9.54739973958025,False,False,False,wifi_only,98,8.5,9.5,0.20161985732556068,raw
13,s1_clean,9.28457534064934,9.54739973958025,False,False,False,vlp_only,99,9.5,9.5,0.9999999999010001,raw
13,s1_clean,9.28457534064934,9.54739973958025,False,False,False,static_fusion,99,9.5,9.5,0.5419456326392411,raw
14,s1_clean,9.55154708556551,9.187880405968292,False,False,False,wifi_only,91,1.5,9.5,0.21391423045374375,raw
14,s1_clean,9.55154708556551,9.187880405968292,False,False,False,vlp_only,99,9.5,9.5,0.9999999999010001,raw
14,s1_clean,9.55154708556551,9.187880405968292,False,False,False,static_fusion,99,9.5,9.5,0.50155955019078,raw
15,s1_clean,9.66616567574389,8.964158259736895,False,False,False,wifi_only,99,9.5,9.5,0.264202188144013,raw
15,s1_clean,9.66616567574389,8.964158259736895,False,False,False,vlp_only,99,9.5,9.5,0.9999999999010001,raw
15,s1_clean,9.66616567574389,8.964158259736895,False,False,False,static_fusion,99,9.5,9.5,0.6321010940225065,raw
16,s1_clean,9.783739284953958,8.603729760291959,False,False,False,wifi_only,79,9.5,7.5,0.25133541808383564,raw
16,s1_clean,9.783739284953958,8.603729760291959,False,False,False,vlp_only,99,9.5,9.5,0.9999999999010001,raw
16,s1_clean,9.783739284953958,8.603729760291959,False,False,False,static_fusion,99,9.5,9.5,0.5709190306143533,raw
17,s1_clean,9.816728934060924,8.290196131329282,False,False,False,wifi_only,99,9.5,9.5,0.32985110143640484,raw
17,s1_clean,9.816728934060924,8.290196131329282,False,False,False,vlp_only,89,9.5,8.5,0.7644005585364543,raw
17,s1_clean,9.816728934060924,8.290196131329282,False,False,False,static_fusion,89,9.5,8.5,0.5190290722135935,raw
18,s1_clean,9.898369940505676,8.170920930516099,False,False,False,wifi_only,99,9.5,9.5,0.33984961181056156,raw
18,s1_clean,9.898369940505676,8.170920930516099,False,False,False,vlp_only,99,9.5,9.5,0.9999999999010001,raw
18,s1_clean,9.898369940505676,8.170920930516099,False,False,False,static_fusion,99,9.5,9.5,0.6699248058557807,raw
19,s1_clean,9.760036529571131,8.31653053319644,False,False,False,wifi_only,79,9.5,7.5,0.1113870937470529,raw
19,s1_clean,9.760036529571131,8.31653053319644,False,False,False,vlp_only,89,9.5,8.5,0.9810358414764103,raw
19,s1_clean,9.760036529571131,8.31653053319644,False,False,False,static_fusion,89,9.5,8.5,0.5355128341199459,raw
20,s1_clean,9.637633694040824,8.49751598572513,False,False,False,wifi_only,68,8.5,6.5,0.1493736974766657,raw
20,s1_clean,9.637633694040824,8.49751598572513,False,False,False,vlp_only,89,9.5,8.5,0.9999999463195802,raw
20,s1_clean,9.637633694040824,8.49751598572513,False,False,False,static_fusion,89,9.5,8.5,0.535072199108696,raw
21,s1_clean,9.488164788775736,8.737066335022115,False,False,False,wifi_only,89,9.5,8.5,0.17489856582591712,raw
21,s1_clean,9.488164788775736,8.737066335022115,False,False,False,vlp_only,89,9.5,8.5,0.9999935495875872,raw
21,s1_clean,9.488164788775736,8.737066335022115,False,False,False,static_fusion,89,9.5,8.5,0.5874460577067522,raw
22,s1_clean,9.401483371555605,8.971936242221727,False,False,False,wifi_only,69,9.5,6.5,0.2593475387168398,raw
22,s1_clean,9.401483371555605,8.971936242221727,False,False,False,vlp_only,89,9.5,8.5,0.9700646188170552,raw
22,s1_clean,9.401483371555605,8.971936242221727,False,False,False,static_fusion,89,9.5,8.5,0.57003068046795,raw
23,s1_clean,9.373588623793506,9.260353868533857,False,False,False,wifi_only,98,8.5,9.5,0.12874698104399734,raw
23,s1_clean,9.373588623793506,9.260353868533857,False,False,False,vlp_only,99,9.5,9.5,0.9999999999010001,raw
23,s1_clean,9.373588623793506,9.260353868533857,False,False,False,static_fusion,99,9.5,9.5,0.5467764396637576,raw
24,s1_clean,9.127375220319832,9.429716922223497,False,False,False,wifi_only,99,9.5,9.5,0.23155823890261643,raw
24,s1_clean,9.127375220319832,9.429716922223497,False,False,False,vlp_only,98,8.5,9.5,0.9987446200481906,raw
24,s1_clean,9.127375220319832,9.429716922223497,False,False,False,static_fusion,98,8.5,9.5,0.5410374232487664,raw
25,s1_clean,8.726509377545842,9.486750180536124,False,False,False,wifi_only,88,8.5,8.5,0.1825033979928454,raw
25,s1_clean,8.726509377545842,9.486750180536124,False,False,False,vlp_only,98,8.5,9.5,0.9999999279383992,raw
25,s1_clean,8.726509377545842,9.486750180536124,False,False,False,static_fusion,98,8.5,9.5,0.5794208447501288,raw
26,s1_clean,8.556615925716626,9.685615586341887,False,False,False,wifi_only,92,2.5,9.5,0.21327208396976127,raw
26,s1_clean,8.556615925716626,9.685615586341887,False,False,False,vlp_only,98,8.5,9.5,0.9999964949989436,raw
26,s1_clean,8.556615925716626,9.685615586341887,False,False,False,static_fusion,98,8.5,9.5,0.5437854039878501,raw
27,s1_clean,8.275272196622463,9.90949250147166,False,False,False,wifi_only,88,8.5,8.5,0.16228046424617276,raw
27,s1_clean,8.275272196622463,9.90949250147166,False,False,False,vlp_only,99,9.5,9.5,0.9999999999010001,raw
27,s1_clean,8.275272196622463,9.90949250147166,False,False,False,static_fusion,99,9.5,9.5,0.5173364762229513,raw
28,s1_clean,8.516464193829812,9.620395436542294,False,False,False,wifi_only,98,8.5,9.5,0.14754887179860726,raw
28,s1_clean,8.516464193829812,9.620395436542294,False,False,False,vlp_only,98,8.5,9.5,0.9999989414089132,raw
28,s1_clean,8.516464193829812,9.620395436542294,False,False,False,static_fusion,98,8.5,9.5,0.5737739066037603,raw
29,s1_clean,8.726745769238578,9.594339738596462,False,False,False,wifi_only,99,9.5,9.5,0.22348268161111043,raw
29,s1_clean,8.726745769238578,9.594339738596462,False,False,False,vlp_only,98,8.5,9.5,0.9999661457047305,raw
29,s1_clean,8.726745769238578,9.594339738596462,False,False,False,static_fusion,98,8.5,9.5,0.5820274155648456,raw
30,s1_clean,8.943827322619104,9.579744922705936,False,False,False,wifi_only,88,8.5,8.5,0.15570493454231307,raw
30,s1_clean,8.943827322619104,9.579744922705936,False,False,False,vlp_only,99,9.5,9.5,0.9999948297268016,raw
30,s1_clean,8.943827322619104,9.579744922705936,False,False,False,static_fusion,99,9.5,9.5,0.5177163122897082,raw
31,s1_clean,9.351601400735191,9.795243901577573,False,False,False,wifi_only,88,8.5,8.5,0.14636996671162092,raw
31,s1_clean,9.351601400735191,9.795243901577573,False,False,False,vlp_only,99,9.5,9.5,0.9999999999010001,raw
31,s1_clean,9.351601400735191,9.795243901577573,False,False,False,static_fusion,99,9.5,9.5,0.5142868064368454,raw
32,s1_clean,9.577016681956424,9.919176372465715,False,False,False,wifi_only,99,9.5,9.5,0.29891830839584527,raw
32,s1_clean,9.577016681956424,9.919176372465715,False,False,False,vlp_only,99,9.5,9.5,0.9999999999010001,raw
32,s1_clean,9.577016681956424,9.919176372465715,False,False,False,static_fusion,99,9.5,9.5,0.6494591541484227,raw
33,s1_clean,9.147990241252389,9.767587766470918,False,False,False,wifi_only,88,8.5,8.5,0.1688148371837426,raw
33,s1_clean,9.147990241252389,9.767587766470918,False,False,False,vlp_only,99,9.5,9.5,0.9999999999010001,raw
33,s1_clean,9.147990241252389,9.767587766470918,False,False,False,static_fusion,99,9.5,9.5,0.5460007764356598,raw
34,s1_clean,8.966209639861209,9.397254516581212,False,False,False,wifi_only,98,8.5,9.5,0.24827926940050096,raw
34,s1_clean,8.966209639861209,9.397254516581212,False,False,False,vlp_only,98,8.5,9.5,0.9979359870679774,raw
34,s1_clean,8.966209639861209,9.397254516581212,False,False,False,static_fusion,98,8.5,9.5,0.6231076282342392,raw
35,s1_clean,8.92197380793632,9.185323746168985,False,False,False,wifi_only,99,9.5,9.5,0.17047713539418705,raw
35,s1_clean,8.92197380793632,9.185323746168985,False,False,False,vlp_only,98,8.5,9.5,0.9765981358689781,raw
35,s1_clean,8.92197380793632,9.185323746168985,False,False,False,static_fusion,98,8.5,9.5,0.5689291592177959,raw
36,s1_clean,8.914109042937588,8.939758011878457,False,False,False,wifi_only,77,7.5,7.5,0.10640939504627774,raw
36,s1_clean,8.914109042937588,8.939758011878457,False,False,False,vlp_only,98,8.5,9.5,0.5067577497723039,raw
36,s1_clean,8.914109042937588,8.939758011878457,False,False,False,static_fusion,98,8.5,9.5,0.27694436830497193,raw
37,s1_clean,9.07928845907877,8.665910920697108,False,False,False,wifi_only,99,9.5,9.5,0.18852268609060893,raw
37,s1_clean,9.07928845907877,8.665910920697108,False,False,False,vlp_only,89,9.5,8.5,0.9988769300108511,raw
37,s1_clean,9.07928845907877,8.665910920697108,False,False,False,static_fusion,89,9.5,8.5,0.5886114743898788,raw
38,s1_clean,9.268317079915311,8.479283196707053,False,False,False,wifi_only,89,9.5,8.5,0.2101514918222882,raw
38,s1_clean,9.268317079915311,8.479283196707053,False,False,False,vlp_only,89,9.5,8.5,0.9993843439439015,raw
38,s1_clean,9.268317079915311,8.479283196707053,False,False,False,static_fusion,89,9.5,8.5,0.6047679178830949,raw
39,s1_clean,9.629151173072932,8.405680386891111,False,False,False,wifi_only,79,9.5,7.5,0.26510205481747096,raw
39,s1_clean,9.629151173072932,8.405680386891111,False,False,False,vlp_only,89,9.5,8.5,0.999999519413204,raw
39,s1_clean,9.629151173072932,8.405680386891111,False,False,False,static_fusion,89,9.5,8.5,0.5964340343421293,raw
40,s1_clean,9.137911967096755,8.357214530377181,False,False,False,wifi_only,99,9.5,9.5,0.3841609548279625,raw
40,s1_clean,9.137911967096755,8.357214530377181,False,False,False,vlp_only,89,9.5,8.5,0.995174165443187,raw
40,s1_clean,9.137911967096755,8.357214530377181,False,False,False,static_fusion,89,9.5,8.5,0.6327443758530455,raw
41,s1_clean,8.850804346095984,8.419767971950433,False,False,False,wifi_only,98,8.5,9.5,0.10311474754217644,raw
41,s1_clean,8.850804346095984,8.419767971950433,False,False,False,vlp_only,88,8.5,8.5,0.999999993917122,raw
41,s1_clean,8.850804346095984,8.419767971950433,False,False,False,static_fusion,88,8.5,8.5,0.5486407239775752,raw
42,s1_clean,8.608468710412893,8.558343031691317,False,False,False,wifi_only,98,8.5,9.5,0.3254361749145728,raw
42,s1_clean,8.608468710412893,8.558343031691317,False,False,False,vlp_only,88,8.5,8.5,0.9999999999010001,raw
42,s1_clean,8.608468710412893,8.558343031691317,False,False,False,static_fusion,88,8.5,8.5,0.560030539708858,raw
43,s1_clean,8.31237088540844,8.610789569269624,False,False,False,wifi_only,71,1.5,7.5,0.10865651091585289,raw
43,s1_clean,8.31237088540844,8.610789569269624,False,False,False,vlp_only,88,8.5,8.5,0.9999998940309551,raw
43,s1_clean,8.31237088540844,8.610789569269624,False,False,False,static_fusion,88,8.5,8.5,0.513947033894881,raw
44,s1_clean,7.876973615803656,8.676310108296393,False,False,False,wifi_only,98,8.5,9.5,0.262061039363985,raw
44,s1_clean,7.876973615803656,8.676310108296393,False,False,False,vlp_only,88,8.5,8.5,0.9998963720021048,raw
44,s1_clean,7.876973615803656,8.676310108296393,False,False,False,static_fusion,88,8.5,8.5,0.5747128032907027,raw
45,s1_clean,7.69864374306643,8.764902399912266,False,False,False,wifi_only,71,1.5,7.5,0.09692207974035184,raw
45,s1_clean,7.69864374306643,8.764902399912266,False,False,False,vlp_only,87,7.5,8.5,0.9999541786025153,raw
45,s1_clean,7.69864374306643,8.764902399912266,False,False,False,static_fusion,87,7.5,8.5,0.5047693682313358,raw
46,s1_clean,7.492119654821085,8.780131979271454,False,False,False,wifi_only,76,6.5,7.5,0.22883064354608537,raw
46,s1_clean,7.492119654821085,8.780131979271454,False,False,False,vlp_only,87,7.5,8.5,0.9999999965200884,raw
46,s1_clean,7.492119654821085,8.780131979271454,False,False,False,static_fusion,87,7.5,8.5,0.5791461032684682,raw
47,s1_clean,7.191471021360378,8.723132508528103,False,False,False,wifi_only,76,6.5,7.5,0.1995114942385868,raw
47,s1_clean,7.191471021360378,8.723132508528103,False,False,False,vlp_only,87,7.5,8.5,0.9999999999010001,raw
47,s1_clean,7.191471021360378,8.723132508528103,False,False,False,static_fusion,87,7.5,8.5,0.5710848956102915,raw
48,s1_clean,6.992004119632241,8.748418280606632,False,False,False,wifi_only,76,6.5,7.5,0.20964212946950833,raw
48,s1_clean,6.992004119632241,8.748418280606632,False,False,False,vlp_only,97,7.5,9.5,0.9953575491167508,raw
48,s1_clean,6.992004119632241,8.748418280606632,False,False,False,static_fusion,97,7.5,9.5,0.5070362675813999,raw
49,s1_clean,6.846275017181253,8.922858028731762,False,False,False,wifi_only,73,3.5,7.5,0.12899098526405153,raw
49,s1_clean,6.846275017181253,8.922858028731762,False,False,False,vlp_only,86,6.5,8.5,0.9201721982979334,raw
49,s1_clean,6.846275017181253,8.922858028731762,False,False,False,static_fusion,86,6.5,8.5,0.5007896522758662,raw
50,s1_clean,6.689596236262092,9.105068122957537,False,False,False,wifi_only,86,6.5,8.5,0.2977432241897297,raw
50,s1_clean,6.689596236262092,9.105068122957537,False,False,False,vlp_only,86,6.5,8.5,0.9999999999010001,raw
50,s1_clean,6.689596236262092,9.105068122957537,False,False,False,static_fusion,86,6.5,8.5,0.6488716120453649,raw
51,s1_clean,6.651524336471364,9.303485813902295,False,False,False,wifi_only,96,6.5,9.5,0.3611473700358139,raw
51,s1_clean,6.651524336471364,9.303485813902295,False,False,False,vlp_only,96,6.5,9.5,0.9999999999010001,raw
51,s1_clean,6.651524336471364,9.303485813902295,False,False,False,static_fusion,96,6.5,9.5,0.680573684968407,raw
52,s1_clean,6.511030711247975,9.630572115899897,False,False,False,wifi_only,83,3.5,8.5,0.21398321671147139,raw
52,s1_clean,6.511030711247975,9.630572115899897,False,False,False,vlp_only,96,6.5,9.5,0.9999999999010001,raw
52,s1_clean,6.511030711247975,9.630572115899897,False,False,False,static_fusion,96,6.5,9.5,0.5373289076781347,raw
53,s1_clean,6.420605168362592,9.834308948608536,False,False,False,wifi_only,96,6.5,9.5,0.22753890685236228,raw
53,s1_clean,6.420605168362592,9.834308948608536,False,False,False,vlp_only,96,6.5,9.5,0.9999999999010001,raw
53,s1_clean,6.420605168362592,9.834308948608536,False,False,False,static_fusion,96,6.5,9.5,0.6137694533766813,raw
54,s1_clean,6.482295444389094,9.655075180886994,False,False,False,wifi_only,93,3.5,9.5,0.3207644558304123,raw
54,s1_clean,6.482295444389094,9.655075180886994,False,False,False,vlp_only,96,6.5,9.5,0.9999999999010001,raw
54,s1_clean,6.482295444389094,9.655075180886994,False,False,False,static_fusion,96,6.5,9.5,0.5942884116127005,raw
55,s1_clean,6.562363950563185,9.549970952544058,False,False,False,wifi_only,93,3.5,9.5,0.27552320329978025,raw
55,s1_clean,6.562363950563185,9.549970952544058,False,False,False,vlp_only,96,6.5,9.5,0.9999999999010001,raw
55,s1_clean,6.562363950563185,9.549970952544058,False,False,False,static_fusion,96,6.5,9.5,0.571658916642194,raw
56,s1_clean,6.608994574111493,9.255964739086862,False,False,False,wifi_only,96,6.5,9.5,0.2899031600725574,raw
56,s1_clean,6.608994574111493,9.255964739086862,False,False,False,vlp_only,96,6.5,9.5,0.9999999999010001,raw
56,s1_clean,6.608994574111493,9.255964739086862,False,False,False,static_fusion,96,6.5,9.5,0.6449515799867788,raw
57,s1_clean,6.638238185227195,8.788984466893778,False,False,False,wifi_only,97,7.5,9.5,0.3207599841085663,raw
57,s1_clean,6.638238185227195,8.788984466893778,False,False,False,vlp_only,86,6.5,8.5,0.9999999999010001,raw
57,s1_clean,6.638238185227195,8.788984466893778,False,False,False,static_fusion,86,6.5,8.5,0.5195713841195821,raw
58,s1_clean,6.715833516903254,8.506019535638835,False,False,False,wifi_only,93,3.5,9.5,0.23451995930925965,raw
58,s1_clean,6.715833516903254,8.506019535638835,False,False,False,vlp_only,86,6.5,8.5,0.9999999999010001,raw
58,s1_clean,6.715833516903254,8.506019535638835,False,False,False,static_fusion,86,6.5,8.5,0.5304496059642679,raw
59,s1_clean,6.712650009001855,8.176417392861678,False,False,False,wifi_only,87,7.5,8.5,0.21110267911677796,raw
59,s1_clean,6.712650009001855,8.176417392861678,False,False,False,vlp_only,86,6.5,8.5,0.9999997621885899,raw
59,s1_clean,6.712650009001855,8.176417392861678,False,False,False,static_fusion,86,6.5,8.5,0.557840016545446,raw
60,s1_clean,6.866771266170202,7.830791223796943,False,False,False,wifi_only,76,6.5,7.5,0.24087445080288442,raw
60,s1_clean,6.866771266170202,7.830791223796943,False,False,False,vlp_only,76,6.5,7.5,0.9699603231777463,raw
60,s1_clean,6.866771266170202,7.830791223796943,False,False,False,static_fusion,76,6.5,7.5,0.6054173869903153,raw
61,s1_clean,6.935196676516079,7.575933102373101,False,False,False,wifi_only,77,7.5,7.5,0.1865717974624308,raw
61,s1_clean,6.935196676516079,7.575933102373101,False,False,False,vlp_only,77,7.5,7.5,0.999999999898802,raw
61,s1_clean,6.935196676516079,7.575933102373101,False,False,False,static_fusion,77,7.5,7.5,0.5932858986806164,raw
62,s1_clean,6.925151254140051,7.098088212920689,False,False,False,wifi_only,73,3.5,7.5,0.25355933717470786,raw
62,s1_clean,6.925151254140051,7.098088212920689,False,False,False,vlp_only,76,6.5,7.5,0.9999999998375947,raw
62,s1_clean,6.925151254140051,7.098088212920689,False,False,False,static_fusion,76,6.5,7.5,0.5124136687263541,raw
63,s1_clean,6.9536901632065256,6.989777604364947,False,False,False,wifi_only,67,7.5,6.5,0.1266582185285524,raw
63,s1_clean,6.9536901632065256,6.989777604364947,False,False,False,vlp_only,67,7.5,6.5,0.99999999956525,raw
63,s1_clean,6.9536901632065256,6.989777604364947,False,False,False,static_fusion,67,7.5,6.5,0.5633291090469011,raw
64,s1_clean,6.966708536003405,6.623992067365702,False,False,False,wifi_only,57,7.5,5.5,0.14412620624867048,raw
64,s1_clean,6.966708536003405,6.623992067365702,False,False,False,vlp_only,67,7.5,6.5,0.9999999999010001,raw
64,s1_clean,6.966708536003405,6.623992067365702,False,False,False,static_fusion,67,7.5,6.5,0.5440554665775741,raw
65,s1_clean,7.006265988225517,6.167924934295798,False,False,False,wifi_only,67,7.5,6.5,0.16621589009229962,raw
65,s1_clean,7.006265988225517,6.167924934295798,False,False,False,vlp_only,66,6.5,6.5,0.9999999999010001,raw
65,s1_clean,7.006265988225517,6.167924934295798,False,False,False,static_fusion,66,6.5,6.5,0.5559423309714494,raw
66,s1_clean,7.195573035758812,5.900698987196131,False,False,False,wifi_only,57,7.5,5.5,0.14096459211504286,raw
66,s1_clean,7.195573035758812,5.900698987196131,False,False,False,vlp_only,66,6.5,6.5,0.7921537005980182,raw
66,s1_clean,7.195573035758812,5.900698987196131,False,False,False,static_fusion,66,6.5,6.5,0.415107792566361,raw
67,s1_clean,7.214622128011173,5.480629494443392,False,False,False,wifi_only,67,7.5,6.5,0.1402634421130815,raw
67,s1_clean,7.214622128011173,5.480629494443392,False,False,False,vlp_only,57,7.5,5.5,0.9999999999010002,raw
67,s1_clean,7.214622128011173,5.480629494443392,False,False,False,static_fusion,57,7.5,5.5,0.5654798270623376,raw
68,s1_clean,7.224596969394833,5.365365355851328,False,False,False,wifi_only,48,8.5,4.5,0.17194117711734025,raw
68,s1_clean,7.224596969394833,5.365365355851328,False,False,False,vlp_only,57,7.5,5.5,0.9999999999010002,raw
68,s1_clean,7.224596969394833,5.365365355851328,False,False,False,static_fusion,57,7.5,5.5,0.5093849683334,raw
69,s1_clean,7.3987606078939105,4.973012310374174,False,False,False,wifi_only,59,9.5,5.5,0.25071550564902734,raw
69,s1_clean,7.3987606078939105,4.973012310374174,False,False,False,vlp_only,46,6.5,4.5,0.9999804613331044,raw
69,s1_clean,7.3987606078939105,4.973012310374174,False,False,False,static_fusion,46,6.5,4.5,0.5123176246410434,raw
70,s1_clean,7.635914401899096,4.715226258016342,False,False,False,wifi_only,36,6.5,3.5,0.15382510973497543,raw
70,s1_clean,7.635914401899096,4.715226258016342,False,False,False,vlp_only,47,7.5,4.5,0.9999752689706409,raw
70,s1_clean,7.635914401899096,4.715226258016342,False,False,False,static_fusion,47,7.5,4.5,0.54544577125762,raw
71,s1_clean,7.871357392106725,4.543524489496297,False,False,False,wifi_only,48,8.5,4.5,0.1957409631773382,raw
71,s1_clean,7.871357392106725,4.543524489496297,False,False,False,vlp_only,47,7.5,4.5,0.9927646939954303,raw
71,s1_clean,7.871357392106725,4.543524489496297,False,False,False,static_fusion,47,7.5,4.5,0.5726850558148341,raw
72,s1_clean,8.272955973874682,4.373796974104669,False,False,False,wifi_only,49,9.5,4.5,0.17618627772038853,raw
72,s1_clean,8.272955973874682,4.373796974104669,False,False,False,vlp_only,48,8.5,4.5,0.9999999931351715,raw
72,s1_clean,8.272955973874682,4.373796974104669,False,False,False,static_fusion,48,8.5,4.5,0.5780698347190456,raw
73,s1_clean,8.62151579149036,4.028494957379147,False,False,False,wifi_only,49,9.5,4.5,0.24315001841195974,raw
73,s1_clean,8.62151579149036,4.028494957379147,False,False,False,vlp_only,39,9.5,3.5,0.9999999999010002,raw
73,s1_clean,8.62151579149036,4.028494957379147,False,False,False,static_fusion,39,9.5,3.5,0.5704180564677432,raw
74,s1_clean,8.748435457425892,3.685738487590071,False,False,False,wifi_only,39,9.5,3.5,0.2289140778911178,raw
74,s1_clean,8.748435457425892,3.685738487590071,False,False,False,vlp_only,39,9.5,3.5,0.9999999999010002,raw
74,s1_clean,8.748435457425892,3.685738487590071,False,False,False,static_fusion,39,9.5,3.5,0.614457038896059,raw
75,s1_clean,8.835085190139699,3.5526052200138745,False,False,False,wifi_only,38,8.5,3.5,0.2294692570225351,raw
75,s1_clean,8.835085190139699,3.5526052200138745,False,False,False,vlp_only,38,8.5,3.5,0.9999999999010002,raw
75,s1_clean,8.835085190139699,3.5526052200138745,False,False,False,static_fusion,38,8.5,3.5,0.6147346284617676,raw
76,s1_clean,8.909093693609096,3.3558416683741257,False,False,False,wifi_only,38,8.5,3.5,0.2368796374247124,raw
76,s1_clean,8.909093693609096,3.3558416683741257,False,False,False,vlp_only,38,8.5,3.5,0.9999999999010002,raw
76,s1_clean,8.909093693609096,3.3558416683741257,False,False,False,static_fusion,38,8.5,3.5,0.6184398186628562,raw
77,s1_clean,9.099711473119482,3.177715842546163,False,False,False,wifi_only,39,9.5,3.5,0.46340590817148763,raw
77,s1_clean,9.099711473119482,3.177715842546163,False,False,False,vlp_only,38,8.5,3.5,0.9753076513026625,raw
77,s1_clean,9.099711473119482,3.177715842546163,False,False,False,static_fusion,38,8.5,3.5,0.5847905990015937,raw
78,s1_clean,9.333851006911315,2.7984046692967013,False,False,False,wifi_only,39,9.5,3.5,0.36051653626204916,raw
78,s1_clean,9.333851006911315,2.7984046692967013,False,False,False,vlp_only,29,9.5,2.5,0.9999999999010002,raw
78,s1_clean,9.333851006911315,2.7984046692967013,False,False,False,static_fusion,29,9.5,2.5,0.5890124200829795,raw
79,s1_clean,9.466292753776418,2.334363853065204,False,False,False,wifi_only,29,9.5,2.5,0.23883375637388488,raw
79,s1_clean,9.466292753776418,2.334363853065204,False,False,False,vlp_only,19,9.5,1.5,0.5327883472334215,raw
79,s1_clean,9.466292753776418,2.334363853065204,False,False,False,static_fusion,29,9.5,2.5,0.35302270450776363,raw
80,s1_clean,9.611899936659418,2.123312718823533,False,False,False,wifi_only,29,9.5,2.5,0.25393301682088654,raw
80,s1_clean,9.611899936659418,2.123312718823533,False,False,False,vlp_only,29,9.5,2.5,0.9799740540998818,raw
80,s1_clean,9.611899936659418,2.123312718823533,False,False,False,static_fusion,29,9.5,2.5,0.6169535354603841,raw
81,s1_clean,9.858322040787618,1.7145087247330029,False,False,False,wifi_only,9,9.5,0.5,0.3098798519986212,raw
81,s1_clean,9.858322040787618,1.7145087247330029,False,False,False,vlp_only,9,9.5,0.5,0.9999999999010003,raw
81,s1_clean,9.858322040787618,1.7145087247330029,False,False,False,static_fusion,9,9.5,0.5,0.6549399259498107,raw
82,s1_clean,9.758809756481527,1.8587665766892736,False,False,False,wifi_only,18,8.5,1.5,0.25399431900987063,raw
82,s1_clean,9.758809756481527,1.8587665766892736,False,False,False,vlp_only,19,9.5,1.5,0.9879298710270125,raw
82,s1_clean,9.758809756481527,1.8587665766892736,False,False,False,static_fusion,19,9.5,1.5,0.6161229677103734,raw
83,s1_clean,9.674741536762076,1.980219721792202,False,False,False,wifi_only,29,9.5,2.5,0.39195481781935626,raw
83,s1_clean,9.674741536762076,1.980219721792202,False,False,False,vlp_only,19,9.5,1.5,0.9999958675512709,raw
83,s1_clean,9.674741536762076,1.980219721792202,False,False,False,static_fusion,19,9.5,1.5,0.5395185632916139,raw
84,s1_clean,9.543539060630476,2.38811292843674,False,False,False,wifi_only,7,7.5,0.5,0.2886930838525462,raw
84,s1_clean,9.543539060630476,2.38811292843674,False,False,False,vlp_only,29,9.5,2.5,0.9992041595707203,raw
84,s1_clean,9.543539060630476,2.38811292843674,False,False,False,static_fusion,29,9.5,2.5,0.5695436709400465,raw
85,s1_clean,9.538461254265044,2.548657706440192,False,False,False,wifi_only,17,7.5,1.5,0.3380837122620166,raw
85,s1_clean,9.538461254265044,2.548657706440192,False,False,False,vlp_only,29,9.5,2.5,0.9999999998730944,raw
85,s1_clean,9.538461254265044,2.548657706440192,False,False,False,static_fusion,29,9.5,2.5,0.5578149144586675,raw
86,s1_clean,9.544593459510066,2.7077556794947983,False,False,False,wifi_only,38,8.5,3.5,0.20830523997152525,raw
86,s1_clean,9.544593459510066,2.7077556794947983,False,False,False,vlp_only,29,9.5,2.5,0.9999999999010002,raw
86,s1_clean,9.544593459510066,2.7077556794947983,False,False,False,static_fusion,29,9.5,2.5,0.5565122716519999,raw
87,s1_clean,9.633379023943917,3.061085408030138,False,False,False,wifi_only,29,9.5,2.5,0.22985347920903065,raw
87,s1_clean,9.633379023943917,3.061085408030138,False,False,False,vlp_only,39,9.5,3.5,0.9999999999010002,raw
87,s1_clean,9.633379023943917,3.061085408030138,False,False,False,static_fusion,39,9.5,3.5,0.5372101692929133,raw
88,s1_clean,9.752600157839524,3.198956190033732,False,False,False,wifi_only,29,9.5,2.5,0.293743244907539,raw
88,s1_clean,9.752600157839524,3.198956190033732,False,False,False,vlp_only,39,9.5,3.5,0.9999999999010002,raw
88,s1_clean,9.752600157839524,3.198956190033732,False,False,False,static_fusion,39,9.5,3.5,0.6031806787423329,raw
89,s1_clean,9.40578903862998,2.8552477628804214,False,False,False,wifi_only,39,9.5,3.5,0.4569679705403532,raw
89,s1_clean,9.40578903862998,2.8552477628804214,False,False,False,vlp_only,29,9.5,2.5,0.9999999999010002,raw
89,s1_clean,9.40578903862998,2.8552477628804214,False,False,False,static_fusion,29,9.5,2.5,0.5197435994907471,raw
90,s1_clean,9.127964250423506,2.698331211248074,False,False,False,wifi_only,17,7.5,1.5,0.2934363005156651,raw
90,s1_clean,9.127964250423506,2.698331211248074,False,False,False,vlp_only,29,9.5,2.5,0.9999999999010002,raw
90,s1_clean,9.127964250423506,2.698331211248074,False,False,False,static_fusion,29,9.5,2.5,0.5298240540780291,raw
91,s1_clean,8.800406594259712,2.6051004251712406,False,False,False,wifi_only,29,9.5,2.5,0.3689292273035222,raw
91,s1_clean,8.800406594259712,2.6051004251712406,False,False,False,vlp_only,28,8.5,2.5,0.9999993621321857,raw
91,s1_clean,8.800406594259712,2.6051004251712406,False,False,False,static_fusion,28,8.5,2.5,0.6519440892777368,raw
92,s1_clean,8.550281299097398,2.456641319624944,False,False,False,wifi_only,18,8.5,1.5,0.20348359285989692,raw
92,s1_clean,8.550281299097398,2.456641319624944,False,False,False,vlp_only,28,8.5,2.5,0.999999978478376,raw
92,s1_clean,8.550281299097398,2.456641319624944,False,False,False,static_fusion,28,8.5,2.5,0.5637178969630231,raw
93,s1_clean,8.206258987477604,2.220074095586588,False,False,False,wifi_only,29,9.5,2.5,0.3844828689771366,raw
93,s1_clean,8.206258987477604,2.220074095586588,False,False,False,vlp_only,28,8.5,2.5,0.9997273516758053,raw
93,s1_clean,8.206258987477604,2.220074095586588,False,False,False,static_fusion,28,8.5,2.5,0.6114650489502246,raw
94,s1_clean,7.989681515495209,2.1664204126445497,False,False,False,wifi_only,28,8.5,2.5,0.4786150356783818,raw
94,s1_clean,7.989681515495209,2.1664204126445497,False,False,False,vlp_only,28,8.5,2.5,0.7530846200538939,raw
94,s1_clean,7.989681515495209,2.1664204126445497,False,False,False,static_fusion,28,8.5,2.5,0.6158498278661378,raw
95,s1_clean,7.820856477729749,2.216688844603764,False,False,False,wifi_only,7,7.5,0.5,0.3617972708552476,raw
95,s1_clean,7.820856477729749,2.216688844603764,False,False,False,vlp_only,28,8.5,2.5,0.8123421511097514,raw
95,s1_clean,7.820856477729749,2.216688844603764,False,False,False,static_fusion,28,8.5,2.5,0.46744112130145576,raw
96,s1_clean,7.438849577500529,2.091977264871964,False,False,False,wifi_only,17,7.5,1.5,0.35856603349541133,raw
96,s1_clean,7.438849577500529,2.091977264871964,False,False,False,vlp_only,17,7.5,1.5,0.9993601093424299,raw
96,s1_clean,7.438849577500529,2.091977264871964,False,False,False,static_fusion,17,7.5,1.5,0.6789630714189205,raw
97,s1_clean,7.303823403549243,2.032738937171799,False,False,False,wifi_only,17,7.5,1.5,0.41311574068526585,raw
97,s1_clean,7.303823403549243,2.032738937171799,False,False,False,vlp_only,17,7.5,1.5,0.9996696317552648,raw
97,s1_clean,7.303823403549243,2.032738937171799,False,False,False,static_fusion,17,7.5,1.5,0.7063926862202652,raw
98,s1_clean,7.052510845305025,1.9258529473001484,False,False,False,wifi_only,5,5.5,0.5,0.20328466218023936,raw
98,s1_clean,7.052510845305025,1.9258529473001484,False,False,False,vlp_only,17,7.5,1.5,0.9997876886304319,raw
98,s1_clean,7.052510845305025,1.9258529473001484,False,False,False,static_fusion,17,7.5,1.5,0.500071043362339,raw
99,s1_clean,6.623312112175848,1.726390708485309,False,False,False,wifi_only,26,6.5,2.5,0.26916952747700784,raw
99,s1_clean,6.623312112175848,1.726390708485309,False,False,False,vlp_only,16,6.5,1.5,0.9996484734330005,raw
99,s1_clean,6.623312112175848,1.726390708485309,False,False,False,static_fusion,16,6.5,1.5,0.5566583355084554,raw
0,s1_clean,7.708518498956285,6.537185189018777,False,False,False,wifi_only,78,8.5,7.5,0.15974026293066843,moving_average
0,s1_clean,7.708518498956285,6.537185189018777,False,False,False,vlp_only,67,7.5,6.5,0.9999999999010001,moving_average
0,s1_clean,7.708518498956285,6.537185189018777,False,False,False,static_fusion,67,7.5,6.5,0.5674973212535508,moving_average
1,s1_clean,7.762228944549189,6.781375783910273,False,False,False,wifi_only,67,7.5,6.5,0.1652640197065479,moving_average
1,s1_clean,7.762228944549189,6.781375783910273,False,False,False,vlp_only,67,7.5,6.5,0.9999999973941089,moving_average
1,s1_clean,7.762228944549189,6.781375783910273,False,False,False,static_fusion,67,7.5,6.5,0.5826320085503284,moving_average
2,s1_clean,7.839130958677583,7.167874595498286,False,False,False,wifi_only,77,7.5,7.5,0.1473713749657143,moving_average
2,s1_clean,7.839130958677583,7.167874595498286,False,False,False,vlp_only,67,7.5,6.5,0.999999995651243,moving_average
2,s1_clean,7.839130958677583,7.167874595498286,False,False,False,static_fusion,67,7.5,6.5,0.5644821376919232,moving_average
3,s1_clean,7.94346543019908,7.5103051184045535,False,False,False,wifi_only,77,7.5,7.5,0.12940100166050097,moving_average
3,s1_clean,7.94346543019908,7.5103051184045535,False,False,False,vlp_only,77,7.5,7.5,0.9999978189416258,moving_average
3,s1_clean,7.94346543019908,7.5103051184045535,False,False,False,static_fusion,77,7.5,7.5,0.5646994103010635,moving_average
4,s1_clean,7.999186140694022,7.623886621271602,False,False,False,wifi_only,66,6.5,6.5,0.14382802356940877,moving_average
4,s1_clean,7.999186140694022,7.623886621271602,False,False,False,vlp_only,77,7.5,7.5,0.9999899692641001,moving_average
4,s1_clean,7.999186140694022,7.623886621271602,False,False,False,static_fusion,77,7.5,7.5,0.5569638551881595,moving_average
5,s1_clean,8.226562675373907,7.955827377167044,False,False,False,wifi_only,67,7.5,6.5,0.1458678716714127,moving_average
5,s1_clean,8.226562675373907,7.955827377167044,False,False,False,vlp_only,77,7.5,7.5,0.8896045736719222,moving_average
5,s1_clean,8.226562675373907,7.955827377167044,False,False,False,static_fusion,77,7.5,7.5,0.48789890576517986,moving_average
6,s1_clean,8.280648608306477,8.135508799595996,False,False,False,wifi_only,67,7.5,6.5,0.1452868655523584,moving_average
6,s1_clean,8.280648608306477,8.135508799595996,False,False,False,vlp_only,78,8.5,7.5,0.9261206232271563,moving_average
6,s1_clean,8.280648608306477,8.135508799595996,False,False,False,static_fusion,78,8.5,7.5,0.5210529066447869,moving_average
7,s1_clean,8.426531854440203,8.334139776009467,False,False,False,wifi_only,78,8.5,7.5,0.13884691709888153,moving_average
7,s1_clean,8.426531854440203,8.334139776009467,False,False,False,vlp_only,78,8.5,7.5,0.9997436252297892,moving_average
7,s1_clean,8.426531854440203,8.334139776009467,False,False,False,static_fusion,78,8.5,7.5,0.5692952711643354,moving_average
8,s1_clean,8.640813839766498,8.694587576233882,False,False,False,wifi_only,78,8.5,7.5,0.15729709419692836,moving_average
8,s1_clean,8.640813839766498,8.694587576233882,False,False,False,vlp_only,88,8.5,8.5,0.9969206046894598,moving_average
8,s1_clean,8.640813839766498,8.694587576233882,False,False,False,static_fusion,88,8.5,8.5,0.5575584451767944,moving_average
9,s1_clean,8.773434572913224,8.991156753090223,False,False,False,wifi_only,89,9.5,8.5,0.16575615096975868,moving_average
9,s1_clean,8.773434572913224,8.991156753090223,False,False,False,vlp_only,88,8.5,8.5,0.9999999873908124,moving_average
9,s1_clean,8.773434572913224,8.991156753090223,False,False,False,static_fusion,88,8.5,8.5,0.5643720636108585,moving_average
10,s1_clean,8.969081214365445,9.315966535180728,False,False,False,wifi_only,89,9.5,8.5,0.20518622375927567,moving_average
10,s1_clean,8.969081214365445,9.315966535180728,False,False,False,vlp_only,88,8.5,8.5,0.9999999999001852,moving_average
10,s1_clean,8.969081214365445,9.315966535180728,False,False,False,static_fusion,88,8.5,8.5,0.5650067157035057,moving_average
11,s1_clean,9.158262661443551,9.76651178862036,False,False,False,wifi_only,99,9.5,9.5,0.26809729205871874,moving_average
11,s1_clean,9.158262661443551,9.76651178862036,False,False,False,vlp_only,89,9.5,8.5,0.7912552562954618,moving_average
11,s1_clean,9.158262661443551,9.76651178862036,False,False,False,static_fusion,89,9.5,8.5,0.5166809706178884,moving_average
12,s1_clean,9.226935916965898,9.928675601070118,False,False,False,wifi_only,99,9.5,9.5,0.2637302836971425,moving_average
12,s1_clean,9.226935916965898,9.928675601070118,False,False,False,vlp_only,98,8.5,9.5,0.8631746938174086,moving_average
12,s1_clean,9.226935916965898,9.928675601070118,False,False,False,static_fusion,98,8.5,9.5,0.487597336289737,moving_average
13,s1_clean,9.28457534064934,9.54739973958025,False,False,False,wifi_only,99,9.5,9.5,0.2536710579216782,moving_average
13,s1_clean,9.28457534064934,9.54739973958025,False,False,False,vlp_only,99,9.5,9.5,0.9982575200031454,moving_average
13,s1_clean,9.28457534064934,9.54739973958025,False,False,False,static_fusion,99,9.5,9.5,0.6259642889624119,moving_average
14,s1_clean,9.55154708556551,9.187880405968292,False,False,False,wifi_only,99,9.5,9.5,0.23264018064308667,moving_average
14,s1_clean,9.55154708556551,9.187880405968292,False,False,False,vlp_only,99,9.5,9.5,0.9999999999010001,moving_average
14,s1_clean,9.55154708556551,9.187880405968292,False,False,False,static_fusion,99,9.5,9.5,0.6163200902720433,moving_average
15,s1_clean,9.66616567574389,8.964158259736895,False,False,False,wifi_only,99,9.5,9.5,0.22063055021841013,moving_average
15,s1_clean,9.66616567574389,8.964158259736895,False,False,False,vlp_only,99,9.5,9.5,0.9999999999010001,moving_average
15,s1_clean,9.66616567574389,8.964158259736895,False,False,False,static_fusion,99,9.5,9.5,0.6103152750597051,moving_average
16,s1_clean,9.783739284953958,8.603729760291959,False,False,False,wifi_only,99,9.5,9.5,0.18307257101229843,moving_average
16,s1_clean,9.783739284953958,8.603729760291959,False,False,False,vlp_only,99,9.5,9.5,0.9999999999010001,moving_average
16,s1_clean,9.783739284953958,8.603729760291959,False,False,False,static_fusion,99,9.5,9.5,0.5915362854566493,moving_average
17,s1_clean,9.816728934060924,8.290196131329282,False,False,False,wifi_only,99,9.5,9.5,0.2060548146418363,moving_average
17,s1_clean,9.816728934060924,8.290196131329282,False,False,False,vlp_only,99,9.5,9.5,0.9999999999010001,moving_average
17,s1_clean,9.816728934060924,8.290196131329282,False,False,False,static_fusion,99,9.5,9.5,0.6030274072714182,moving_average
18,s1_clean,9.898369940505676,8.170920930516099,False,False,False,wifi_only,99,9.5,9.5,0.2687058666150362,moving_average
18,s1_clean,9.898369940505676,8.170920930516099,False,False,False,vlp_only,99,9.5,9.5,0.9999999999010001,moving_average
18,s1_clean,9.898369940505676,8.170920930516099,False,False,False,static_fusion,99,9.5,9.5,0.6343529332580181,moving_average
19,s1_clean,9.760036529571131,8.31653053319644,False,False,False,wifi_only,89,9.5,8.5,0.2559101395527248,moving_average
19,s1_clean,9.760036529571131,8.31653053319644,False,False,False,vlp_only,99,9.5,9.5,0.9999999997273541,moving_average
19,s1_clean,9.760036529571131,8.31653053319644,False,False,False,static_fusion,99,9.5,9.5,0.6198926107901646,moving_average
20,s1_clean,9.637633694040824,8.49751598572513,False,False,False,wifi_only,89,9.5,8.5,0.22377465184711015,moving_average
20,s1_clean,9.637633694040824,8.49751598572513,False,False,False,vlp_only,89,9.5,8.5,0.9999915296079283,moving_average
20,s1_clean,9.637633694040824,8.49751598572513,False,False,False,static_fusion,89,9.5,8.5,0.6118830907275192,moving_average
21,s1_clean,9.488164788775736,8.737066335022115,False,False,False,wifi_only,89,9.5,8.5,0.21723466090779217,moving_average
21,s1_clean,9.488164788775736,8.737066335022115,False,False,False,vlp_only,89,9.5,8.5,0.9999969874032002,moving_average
21,s1_clean,9.488164788775736,8.737066335022115,False,False,False,static_fusion,89,9.5,8.5,0.6086158241554962,moving_average
22,s1_clean,9.401483371555605,8.971936242221727,False,False,False,wifi_only,79,9.5,7.5,0.23301258563969518,moving_average
22,s1_clean,9.401483371555605,8.971936242221727,False,False,False,vlp_only,89,9.5,8.5,0.9999999791501328,moving_average
22,s1_clean,9.401483371555605,8.971936242221727,False,False,False,static_fusion,89,9.5,8.5,0.6002807939120609,moving_average
23,s1_clean,9.373588623793506,9.260353868533857,False,False,False,wifi_only,79,9.5,7.5,0.20174736705143126,moving_average
23,s1_clean,9.373588623793506,9.260353868533857,False,False,False,vlp_only,89,9.5,8.5,0.999999342046638,moving_average
23,s1_clean,9.373588623793506,9.260353868533857,False,False,False,static_fusion,89,9.5,8.5,0.5897766673565522,moving_average
24,s1_clean,9.127375220319832,9.429716922223497,False,False,False,wifi_only,89,9.5,8.5,0.20773538317428084,moving_average
24,s1_clean,9.127375220319832,9.429716922223497,False,False,False,vlp_only,89,9.5,8.5,0.9992105704923849,moving_average
24,s1_clean,9.127375220319832,9.429716922223497,False,False,False,static_fusion,89,9.5,8.5,0.6034729768333329,moving_average
25,s1_clean,8.726509377545842,9.486750180536124,False,False,False,wifi_only,89,9.5,8.5,0.20884046162200484,moving_average
25,s1_clean,8.726509377545842,9.486750180536124,False,False,False,vlp_only,98,8.5,9.5,0.758024463864332,moving_average
25,s1_clean,8.726509377545842,9.486750180536124,False,False,False,static_fusion,98,8.5,9.5,0.4259938253325397,moving_average
26,s1_clean,8.556615925716626,9.685615586341887,False,False,False,wifi_only,99,9.5,9.5,0.16921911488206873,moving_average
26,s1_clean,8.556615925716626,9.685615586341887,False,False,False,vlp_only,98,8.5,9.5,0.9976345725137739,moving_average
26,s1_clean,8.556615925716626,9.685615586341887,False,False,False,static_fusion,98,8.5,9.5,0.5705964015618845,moving_average
27,s1_clean,8.275272196622463,9.90949250147166,False,False,False,wifi_only,98,8.5,9.5,0.19038068300672956,moving_average
27,s1_clean,8.275272196622463,9.90949250147166,False,False,False,vlp_only,98,8.5,9.5,0.9998799315929029,moving_average
27,s1_clean,8.275272196622463,9.90949250147166,False,False,False,static_fusion,98,8.5,9.5,0.5951303072998162,moving_average
28,s1_clean,8.516464193829812,9.620395436542294,False,False,False,wifi_only,98,8.5,9.5,0.19300600913357877,moving_average
28,s1_clean,8.516464193829812,9.620395436542294,False,False,False,vlp_only,98,8.5,9.5,0.9999977090048818,moving_average
28,s1_clean,8.516464193829812,9.620395436542294,False,False,False,static_fusion,98,8.5,9.5,0.5965018590692303,moving_average
29,s1_clean,8.726745769238578,9.594339738596462,False,False,False,wifi_only,98,8.5,9.5,0.20438127751385857,moving_average
29,s1_clean,8.726745769238578,9.594339738596462,False,False,False,vlp_only,98,8.5,9.5,0.9999988879919894,moving_average
29,s1_clean,8.726745769238578,9.594339738596462,False,False,False,static_fusion,98,8.5,9.5,0.602190082752924,moving_average
30,s1_clean,8.943827322619104,9.579744922705936,False,False,False,wifi_only,98,8.5,9.5,0.19097899241978547,moving_average
30,s1_clean,8.943827322619104,9.579744922705936,False,False,False,vlp_only,98,8.5,9.5,0.9999814545787171,moving_average
30,s1_clean,8.943827322619104,9.579744922705936,False,False,False,static_fusion,98,8.5,9.5,0.5954802234992513,moving_average
31,s1_clean,9.351601400735191,9.795243901577573,False,False,False,wifi_only,88,8.5,8.5,0.17672191447351732,moving_average
31,s1_clean,9.351601400735191,9.795243901577573,False,False,False,vlp_only,99,9.5,9.5,0.9999999999010001,moving_average
31,s1_clean,9.351601400735191,9.795243901577573,False,False,False,static_fusion,99,9.5,9.5,0.5331109593751444,moving_average
32,s1_clean,9.577016681956424,9.919176372465715,False,False,False,wifi_only,88,8.5,8.5,0.16199911338124368,moving_average
32,s1_clean,9.577016681956424,9.919176372465715,False,False,False,vlp_only,99,9.5,9.5,0.9999999999010001,moving_average
32,s1_clean,9.577016681956424,9.919176372465715,False,False,False,static_fusion,99,9.5,9.5,0.5623086881007937,moving_average
33,s1_clean,9.147990241252389,9.767587766470918,False,False,False,wifi_only,89,9.5,8.5,0.1558707073684678,moving_average
33,s1_clean,9.147990241252389,9.767587766470918,False,False,False,vlp_only,99,9.5,9.5,0.9999999999010001,moving_average
33,s1_clean,9.147990241252389,9.767587766470918,False,False,False,static_fusion,99,9.5,9.5,0.5618780870206064,moving_average
34,s1_clean,8.966209639861209,9.397254516581212,False,False,False,wifi_only,88,8.5,8.5,0.17466195835035955,moving_average
34,s1_clean,8.966209639861209,9.397254516581212,False,False,False,vlp_only,99,9.5,9.5,0.9999999999010001,moving_average
34,s1_clean,8.966209639861209,9.397254516581212,False,False,False,static_fusion,99,9.5,9.5,0.5545653026197531,moving_average
35,s1_clean,8.92197380793632,9.185323746168985,False,False,False,wifi_only,98,8.5,9.5,0.18780897366059965,moving_average
35,s1_clean,8.92197380793632,9.185323746168985,False,False,False,vlp_only,99,9.5,9.5,0.9999999999010001,moving_average
35,s1_clean,8.92197380793632,9.185323746168985,False,False,False,static_fusion,99,9.5,9.5,0.5784189445529841,moving_average
36,s1_clean,8.914109042937588,8.939758011878457,False,False,False,wifi_only,98,8.5,9.5,0.18827814083592798,moving_average
36,s1_clean,8.914109042937588,8.939758011878457,False,False,False,vlp_only,98,8.5,9.5,0.9887045750569788,moving_average
36,s1_clean,8.914109042937588,8.939758011878457,False,False,False,static_fusion,98,8.5,9.5,0.5884913579464535,moving_average
37,s1_clean,9.07928845907877,8.665910920697108,False,False,False,wifi_only,98,8.5,9.5,0.19591121631263067,moving_average
37,s1_clean,9.07928845907877,8.665910920697108,False,False,False,vlp_only,98,8.5,9.5,0.8630005338093099,moving_average
37,s1_clean,9.07928845907877,8.665910920697108,False,False,False,static_fusion,98,8.5,9.5,0.5294558750609702,moving_average
38,s1_clean,9.268317079915311,8.479283196707053,False,False,False,wifi_only,98,8.5,9.5,0.17512672624451728,moving_average
38,s1_clean,9.268317079915311,8.479283196707053,False,False,False,vlp_only,89,9.5,8.5,0.7002922954906349,moving_average
38,s1_clean,9.268317079915311,8.479283196707053,False,False,False,static_fusion,89,9.5,8.5,0.4140876608748531,moving_average
39,s1_clean,9.629151173072932,8.405680386891111,False,False,False,wifi_only,89,9.5,8.5,0.20534365133446691,moving_average
39,s1_clean,9.629151173072932,8.405680386891111,False,False,False,vlp_only,89,9.5,8.5,0.9932728741575704,moving_average
39,s1_clean,9.629151173072932,8.405680386891111,False,False,False,static_fusion,89,9.5,8.5,0.5993082627460187,moving_average
40,s1_clean,9.137911967096755,8.357214530377181,False,False,False,wifi_only,89,9.5,8.5,0.22779067850476295,moving_average
40,s1_clean,9.137911967096755,8.357214530377181,False,False,False,vlp_only,89,9.5,8.5,0.9999518600422287,moving_average
40,s1_clean,9.137911967096755,8.357214530377181,False,False,False,static_fusion,89,9.5,8.5,0.6138712692734958,moving_average
41,s1_clean,8.850804346095984,8.419767971950433,False,False,False,wifi_only,89,9.5,8.5,0.23464306702584586,moving_average
41,s1_clean,8.850804346095984,8.419767971950433,False,False,False,vlp_only,89,9.5,8.5,0.9999943951369195,moving_average
41,s1_clean,8.850804346095984,8.419767971950433,False,False,False,static_fusion,89,9.5,8.5,0.6173187310813826,moving_average
42,s1_clean,8.608468710412893,8.558343031691317,False,False,False,wifi_only,99,9.5,9.5,0.25218642535355384,moving_average
42,s1_clean,8.608468710412893,8.558343031691317,False,False,False,vlp_only,89,9.5,8.5,0.9999639101599305,moving_average
42,s1_clean,8.608468710412893,8.558343031691317,False,False,False,static_fusion,89,9.5,8.5,0.6108628794097174,moving_average
43,s1_clean,8.31237088540844,8.610789569269624,False,False,False,wifi_only,99,9.5,9.5,0.1957707510957434,moving_average
43,s1_clean,8.31237088540844,8.610789569269624,False,False,False,vlp_only,88,8.5,8.5,0.999999999893094,moving_average
43,s1_clean,8.31237088540844,8.610789569269624,False,False,False,static_fusion,88,8.5,8.5,0.5714124546993273,moving_average
44,s1_clean,7.876973615803656,8.676310108296393,False,False,False,wifi_only,98,8.5,9.5,0.2206293274531699,moving_average
44,s1_clean,7.876973615803656,8.676310108296393,False,False,False,vlp_only,88,8.5,8.5,0.999999999891601,moving_average
44,s1_clean,7.876973615803656,8.676310108296393,False,False,False,static_fusion,88,8.5,8.5,0.5790069666327634,moving_average
45,s1_clean,7.69864374306643,8.764902399912266,False,False,False,wifi_only,98,8.5,9.5,0.1445672665559971,moving_average
45,s1_clean,7.69864374306643,8.764902399912266,False,False,False,vlp_only,88,8.5,8.5,0.9999999691163298,moving_average
45,s1_clean,7.69864374306643,8.764902399912266,False,False,False,static_fusion,88,8.5,8.5,0.5610041199619894,moving_average
46,s1_clean,7.492119654821085,8.780131979271454,False,False,False,wifi_only,98,8.5,9.5,0.1378651426689615,moving_average
46,s1_clean,7.492119654821085,8.780131979271454,False,False,False,vlp_only,88,8.5,8.5,0.9964170406174154,moving_average
46,s1_clean,7.492119654821085,8.780131979271454,False,False,False,static_fusion,88,8.5,8.5,0.5663496191078967,moving_average
47,s1_clean,7.191471021360378,8.723132508528103,False,False,False,wifi_only,77,7.5,7.5,0.116259918680858,moving_average
47,s1_clean,7.191471021360378,8.723132508528103,False,False,False,vlp_only,87,7.5,8.5,0.9999906505906184,moving_average
47,s1_clean,7.191471021360378,8.723132508528103,False,False,False,static_fusion,87,7.5,8.5,0.5550981483302786,moving_average
48,s1_clean,6.992004119632241,8.748418280606632,False,False,False,wifi_only,87,7.5,8.5,0.18143246158937912,moving_average
48,s1_clean,6.992004119632241,8.748418280606632,False,False,False,vlp_only,87,7.5,8.5,0.999999999892322,moving_average
48,s1_clean,6.992004119632241,8.748418280606632,False,False,False,static_fusion,87,7.5,8.5,0.5907162307408506,moving_average
49,s1_clean,6.846275017181253,8.922858028731762,False,False,False,wifi_only,76,6.5,7.5,0.1701594543596435,moving_average
49,s1_clean,6.846275017181253,8.922858028731762,False,False,False,vlp_only,87,7.5,8.5,0.9999999999010001,moving_average
49,s1_clean,6.846275017181253,8.922858028731762,False,False,False,static_fusion,87,7.5,8.5,0.565634321022951,moving_average
50,s1_clean,6.689596236262092,9.105068122957537,False,False,False,wifi_only,76,6.5,7.5,0.22384869041732997,moving_average
50,s1_clean,6.689596236262092,9.105068122957537,False,False,False,vlp_only,97,7.5,9.5,0.9997419983174916,moving_average
50,s1_clean,6.689596236262092,9.105068122957537,False,False,False,static_fusion,97,7.5,9.5,0.518082426658027,moving_average
51,s1_clean,6.651524336471364,9.303485813902295,False,False,False,wifi_only,86,6.5,8.5,0.23502809961442328,moving_average
51,s1_clean,6.651524336471364,9.303485813902295,False,False,False,vlp_only,86,6.5,8.5,0.9999869620218255,moving_average
51,s1_clean,6.651524336471364,9.303485813902295,False,False,False,static_fusion,86,6.5,8.5,0.6175075308181244,moving_average
52,s1_clean,6.511030711247975,9.630572115899897,False,False,False,wifi_only,86,6.5,8.5,0.23710851677502004,moving_average
52,s1_clean,6.511030711247975,9.630572115899897,False,False,False,vlp_only,86,6.5,8.5,0.9999996579422484,moving_average
52,s1_clean,6.511030711247975,9.630572115899897,False,False,False,static_fusion,86,6.5,8.5,0.6185540873586343,moving_average
53,s1_clean,6.420605168362592,9.834308948608536,False,False,False,wifi_only,86,6.5,8.5,0.2685647100354135,moving_average
53,s1_clean,6.420605168362592,9.834308948608536,False,False,False,vlp_only,96,6.5,9.5,0.9999999999010001,moving_average
53,s1_clean,6.420605168362592,9.834308948608536,False,False,False,static_fusion,96,6.5,9.5,0.6016259248004603,moving_average
54,s1_clean,6.482295444389094,9.655075180886994,False,False,False,wifi_only,96,6.5,9.5,0.2661144834255059,moving_average
54,s1_clean,6.482295444389094,9.655075180886994,False,False,False,vlp_only,96,6.5,9.5,0.9999999999010001,moving_average
54,s1_clean,6.482295444389094,9.655075180886994,False,False,False,static_fusion,96,6.5,9.5,0.6330572416632531,moving_average
55,s1_clean,6.562363950563185,9.549970952544058,False,False,False,wifi_only,96,6.5,9.5,0.2703736086445606,moving_average
55,s1_clean,6.562363950563185,9.549970952544058,False,False,False,vlp_only,96,6.5,9.5,0.9999999999010001,moving_average
55,s1_clean,6.562363950563185,9.549970952544058,False,False,False,static_fusion,96,6.5,9.5,0.6351868042727803,moving_average
56,s1_clean,6.608994574111493,9.255964739086862,False,False,False,wifi_only,96,6.5,9.5,0.23770315193925728,moving_average
56,s1_clean,6.608994574111493,9.255964739086862,False,False,False,vlp_only,96,6.5,9.5,0.9999999999010001,moving_average
56,s1_clean,6.608994574111493,9.255964739086862,False,False,False,static_fusion,96,6.5,9.5,0.6188515759201286,moving_average
57,s1_clean,6.638238185227195,8.788984466893778,False,False,False,wifi_only,96,6.5,9.5,0.268513424079654,moving_average
57,s1_clean,6.638238185227195,8.788984466893778,False,False,False,vlp_only,96,6.5,9.5,0.9999999999010001,moving_average
57,s1_clean,6.638238185227195,8.788984466893778,False,False,False,static_fusion,96,6.5,9.5,0.6342567119903271,moving_average
58,s1_clean,6.715833516903254,8.506019535638835,False,False,False,wifi_only,93,3.5,9.5,0.2668869271038822,moving_average
58,s1_clean,6.715833516903254,8.506019535638835,False,False,False,vlp_only,86,6.5,8.5,0.9999999999010001,moving_average
58,s1_clean,6.715833516903254,8.506019535638835,False,False,False,static_fusion,86,6.5,8.5,0.5665851451885654,moving_average
59,s1_clean,6.712650009001855,8.176417392861678,False,False,False,wifi_only,96,6.5,9.5,0.26290310337253137,moving_average
59,s1_clean,6.712650009001855,8.176417392861678,False,False,False,vlp_only,86,6.5,8.5,0.9999999999010001,moving_average
59,s1_clean,6.712650009001855,8.176417392861678,False,False,False,static_fusion,86,6.5,8.5,0.5875054246581642,moving_average
60,s1_clean,6.866771266170202,7.830791223796943,False,False,False,wifi_only,96,6.5,9.5,0.22178975858853486,moving_average
60,s1_clean,6.866771266170202,7.830791223796943,False,False,False,vlp_only,86,6.5,8.5,0.9999999998988486,moving_average
60,s1_clean,6.866771266170202,7.830791223796943,False,False,False,static_fusion,86,6.5,8.5,0.6074335737771291,moving_average
61,s1_clean,6.935196676516079,7.575933102373101,False,False,False,wifi_only,86,6.5,8.5,0.16065788195295805,moving_average
61,s1_clean,6.935196676516079,7.575933102373101,False,False,False,vlp_only,86,6.5,8.5,0.9999653928358487,moving_average
61,s1_clean,6.935196676516079,7.575933102373101,False,False,False,static_fusion,86,6.5,8.5,0.5803116373944034,moving_average
62,s1_clean,6.925151254140051,7.098088212920689,False,False,False,wifi_only,76,6.5,7.5,0.14118086520427917,moving_average
62,s1_clean,6.925151254140051,7.098088212920689,False,False,False,vlp_only,76,6.5,7.5,0.9997696086327219,moving_average
62,s1_clean,6.925151254140051,7.098088212920689,False,False,False,static_fusion,76,6.5,7.5,0.5704752369185004,moving_average
63,s1_clean,6.9536901632065256,6.989777604364947,False,False,False,wifi_only,76,6.5,7.5,0.15628400850232593,moving_average
63,s1_clean,6.9536901632065256,6.989777604364947,False,False,False,vlp_only,76,6.5,7.5,0.9999999999008051,moving_average
63,s1_clean,6.9536901632065256,6.989777604364947,False,False,False,static_fusion,76,6.5,7.5,0.5781420042015655,moving_average
64,s1_clean,6.966708536003405,6.623992067365702,False,False,False,wifi_only,66,6.5,6.5,0.1437517623573831,moving_average
64,s1_clean,6.966708536003405,6.623992067365702,False,False,False,vlp_only,76,6.5,7.5,0.9999999999010001,moving_average
64,s1_clean,6.966708536003405,6.623992067365702,False,False,False,static_fusion,76,6.5,7.5,0.5356582537196534,moving_average
65,s1_clean,7.006265988225517,6.167924934295798,False,False,False,wifi_only,77,7.5,7.5,0.14157855152180562,moving_average
65,s1_clean,7.006265988225517,6.167924934295798,False,False,False,vlp_only,67,7.5,6.5,0.9999999999010001,moving_average
65,s1_clean,7.006265988225517,6.167924934295798,False,False,False,static_fusion,67,7.5,6.5,0.5534176060560255,moving_average
66,s1_clean,7.195573035758812,5.900698987196131,False,False,False,wifi_only,66,6.5,6.5,0.13429755384178804,moving_average
66,s1_clean,7.195573035758812,5.900698987196131,False,False,False,vlp_only,67,7.5,6.5,0.9999999999010001,moving_average
66,s1_clean,7.195573035758812,5.900698987196131,False,False,False,static_fusion,67,7.5,6.5,0.5639920550314023,moving_average
67,s1_clean,7.214622128011173,5.480629494443392,False,False,False,wifi_only,67,7.5,6.5,0.15707332467416105,moving_average
67,s1_clean,7.214622128011173,5.480629494443392,False,False,False,vlp_only,66,6.5,6.5,0.9999999999010001,moving_average
67,s1_clean,7.214622128011173,5.480629494443392,False,False,False,static_fusion,66,6.5,6.5,0.5360940862291285,moving_average
68,s1_clean,7.224596969394833,5.365365355851328,False,False,False,wifi_only,57,7.5,5.5,0.16698727706150768,moving_average
68,s1_clean,7.224596969394833,5.365365355851328,False,False,False,vlp_only,66,6.5,6.5,0.9965989900592371,moving_average
68,s1_clean,7.224596969394833,5.365365355851328,False,False,False,static_fusion,66,6.5,6.5,0.5114939935863554,moving_average
69,s1_clean,7.3987606078939105,4.973012310374174,False,False,False,wifi_only,57,7.5,5.5,0.15214566524204576,moving_average
69,s1_clean,7.3987606078939105,4.973012310374174,False,False,False,vlp_only,57,7.5,5.5,0.9999999999010002,moving_average
69,s1_clean,7.3987606078939105,4.973012310374174,False,False,False,static_fusion,57,7.5,5.5,0.576072832571523,moving_average
70,s1_clean,7.635914401899096,4.715226258016342,False,False,False,wifi_only,58,8.5,5.5,0.14759509710703242,moving_average
70,s1_clean,7.635914401899096,4.715226258016342,False,False,False,vlp_only,57,7.5,5.5,0.9999999999009176,moving_average
70,s1_clean,7.635914401899096,4.715226258016342,False,False,False,static_fusion,57,7.5,5.5,0.5559180900564378,moving_average
71,s1_clean,7.871357392106725,4.543524489496297,False,False,False,wifi_only,47,7.5,4.5,0.15992949468889217,moving_average
71,s1_clean,7.871357392106725,4.543524489496297,False,False,False,vlp_only,47,7.5,4.5,0.9800104464988552,moving_average
71,s1_clean,7.871357392106725,4.543524489496297,False,False,False,static_fusion,47,7.5,4.5,0.5699699705938737,moving_average
72,s1_clean,8.272955973874682,4.373796974104669,False,False,False,wifi_only,48,8.5,4.5,0.1724660436838449,moving_average
72,s1_clean,8.272955973874682,4.373796974104669,False,False,False,vlp_only,47,7.5,4.5,0.9999514320945441,moving_average
72,s1_clean,8.272955973874682,4.373796974104669,False,False,False,static_fusion,47,7.5,4.5,0.5718072682342297,moving_average
73,s1_clean,8.62151579149036,4.028494957379147,False,False,False,wifi_only,48,8.5,4.5,0.1749453488784199,moving_average
73,s1_clean,8.62151579149036,4.028494957379147,False,False,False,vlp_only,48,8.5,4.5,0.6657642409800046,moving_average
73,s1_clean,8.62151579149036,4.028494957379147,False,False,False,static_fusion,48,8.5,4.5,0.4203547949292121,moving_average
74,s1_clean,8.748435457425892,3.685738487590071,False,False,False,wifi_only,48,8.5,4.5,0.15901512398311143,moving_average
74,s1_clean,8.748435457425892,3.685738487590071,False,False,False,vlp_only,48,8.5,4.5,0.999991663861,moving_average
74,s1_clean,8.748435457425892,3.685738487590071,False,False,False,static_fusion,48,8.5,4.5,0.5795033939220556,moving_average
75,s1_clean,8.835085190139699,3.5526052200138745,False,False,False,wifi_only,49,9.5,4.5,0.17369270089819824,moving_average
75,s1_clean,8.835085190139699,3.5526052200138745,False,False,False,vlp_only,39,9.5,3.5,0.9999999999010002,moving_average
75,s1_clean,8.835085190139699,3.5526052200138745,False,False,False,static_fusion,39,9.5,3.5,0.5612404916957184,moving_average
76,s1_clean,8.909093693609096,3.3558416683741257,False,False,False,wifi_only,38,8.5,3.5,0.1832979796312843,moving_average
76,s1_clean,8.909093693609096,3.3558416683741257,False,False,False,vlp_only,39,9.5,3.5,0.9999999999010002,moving_average
76,s1_clean,8.909093693609096,3.3558416683741257,False,False,False,static_fusion,39,9.5,3.5,0.5886137364072538,moving_average
77,s1_clean,9.099711473119482,3.177715842546163,False,False,False,wifi_only,39,9.5,3.5,0.27995210054115727,moving_average
77,s1_clean,9.099711473119482,3.177715842546163,False,False,False,vlp_only,38,8.5,3.5,0.9999999999010002,moving_average
77,s1_clean,9.099711473119482,3.177715842546163,False,False,False,static_fusion,38,8.5,3.5,0.6186906097778914,moving_average
78,s1_clean,9.333851006911315,2.7984046692967013,False,False,False,wifi_only,39,9.5,3.5,0.32533745473704334,moving_average
78,s1_clean,9.333851006911315,2.7984046692967013,False,False,False,vlp_only,38,8.5,3.5,0.9999999999010002,moving_average
78,s1_clean,9.333851006911315,2.7984046692967013,False,False,False,static_fusion,38,8.5,3.5,0.6302691860461258,moving_average
79,s1_clean,9.466292753776418,2.334363853065204,False,False,False,wifi_only,39,9.5,3.5,0.2839140425124715,moving_average
79,s1_clean,9.466292753776418,2.334363853065204,False,False,False,vlp_only,29,9.5,2.5,0.9999972328350198,moving_average
79,s1_clean,9.466292753776418,2.334363853065204,False,False,False,static_fusion,29,9.5,2.5,0.5503740720107669,moving_average
80,s1_clean,9.611899936659418,2.123312718823533,False,False,False,wifi_only,29,9.5,2.5,0.31910190437552166,moving_average
80,s1_clean,9.611899936659418,2.123312718823533,False,False,False,vlp_only,29,9.5,2.5,0.9999999999010002,moving_average
80,s1_clean,9.611899936659418,2.123312718823533,False,False,False,static_fusion,29,9.5,2.5,0.659550952138261,moving_average
81,s1_clean,9.858322040787618,1.7145087247330029,False,False,False,wifi_only,29,9.5,2.5,0.4552110935454209,moving_average
81,s1_clean,9.858322040787618,1.7145087247330029,False,False,False,vlp_only,29,9.5,2.5,0.9999999929445222,moving_average
81,s1_clean,9.858322040787618,1.7145087247330029,False,False,False,static_fusion,29,9.5,2.5,0.7276055432449715,moving_average
82,s1_clean,9.758809756481527,1.8587665766892736,False,False,False,wifi_only,29,9.5,2.5,0.4139285560957633,moving_average
82,s1_clean,9.758809756481527,1.8587665766892736,False,False,False,vlp_only,29,9.5,2.5,0.9835493620961043,moving_average
82,s1_clean,9.758809756481527,1.8587665766892736,False,False,False,static_fusion,29,9.5,2.5,0.6987389590959339,moving_average
83,s1_clean,9.674741536762076,1.980219721792202,False,False,False,wifi_only,29,9.5,2.5,0.28697802393207084,moving_average
83,s1_clean,9.674741536762076,1.980219721792202,False,False,False,vlp_only,19,9.5,1.5,0.9958197559535534,moving_average
83,s1_clean,9.674741536762076,1.980219721792202,False,False,False,static_fusion,19,9.5,1.5,0.546414188578162,moving_average
84,s1_clean,9.543539060630476,2.38811292843674,False,False,False,wifi_only,29,9.5,2.5,0.23782018011000816,moving_average
84,s1_clean,9.543539060630476,2.38811292843674,False,False,False,vlp_only,19,9.5,1.5,0.9823613227651516,moving_average
84,s1_clean,9.543539060630476,2.38811292843674,False,False,False,static_fusion,19,9.5,1.5,0.5474287310094305,moving_average
85,s1_clean,9.538461254265044,2.548657706440192,False,False,False,wifi_only,28,8.5,2.5,0.24113467140256048,moving_average
85,s1_clean,9.538461254265044,2.548657706440192,False,False,False,vlp_only,29,9.5,2.5,0.5138542509571381,moving_average
85,s1_clean,9.538461254265044,2.548657706440192,False,False,False,static_fusion,29,9.5,2.5,0.37371792865699893,moving_average
86,s1_clean,9.544593459510066,2.7077556794947983,False,False,False,wifi_only,28,8.5,2.5,0.32667927182520673,moving_average
86,s1_clean,9.544593459510066,2.7077556794947983,False,False,False,vlp_only,29,9.5,2.5,0.9999582857908436,moving_average
86,s1_clean,9.544593459510066,2.7077556794947983,False,False,False,static_fusion,29,9.5,2.5,0.6359605753538548,moving_average
87,s1_clean,9.633379023943917,3.061085408030138,False,False,False,wifi_only,28,8.5,2.5,0.294098519823124,moving_average
87,s1_clean,9.633379023943917,3.061085408030138,False,False,False,vlp_only,29,9.5,2.5,0.9999999978684012,moving_average
87,s1_clean,9.633379023943917,3.061085408030138,False,False,False,static_fusion,29,9.5,2.5,0.6289875297243404,moving_average
88,s1_clean,9.752600157839524,3.198956190033732,False,False,False,wifi_only,28,8.5,2.5,0.2503585754369915,moving_average
88,s1_clean,9.752600157839524,3.198956190033732,False,False,False,vlp_only,29,9.5,2.5,0.9999999999010002,moving_average
88,s1_clean,9.752600157839524,3.198956190033732,False,False,False,static_fusion,29,9.5,2.5,0.6120727403149536,moving_average
89,s1_clean,9.40578903862998,2.8552477628804214,False,False,False,wifi_only,29,9.5,2.5,0.22019248045442408,moving_average
89,s1_clean,9.40578903862998,2.8552477628804214,False,False,False,vlp_only,29,9.5,2.5,0.9999999999010002,moving_average
89,s1_clean,9.40578903862998,2.8552477628804214,False,False,False,static_fusion,29,9.5,2.5,0.6100962401777122,moving_average
90,s1_clean,9.127964250423506,2.698331211248074,False,False,False,wifi_only,29,9.5,2.5,0.16816812838566308,moving_average
90,s1_clean,9.127964250423506,2.698331211248074,False,False,False,vlp_only,29,9.5,2.5,0.9999999999010002,moving_average
90,s1_clean,9.127964250423506,2.698331211248074,False,False,False,static_fusion,29,9.5,2.5,0.5840840641433316,moving_average
91,s1_clean,8.800406594259712,2.6051004251712406,False,False,False,wifi_only,29,9.5,2.5,0.25299628691548665,moving_average
91,s1_clean,8.800406594259712,2.6051004251712406,False,False,False,vlp_only,29,9.5,2.5,0.9999999999010002,moving_average
91,s1_clean,8.800406594259712,2.6051004251712406,False,False,False,static_fusion,29,9.5,2.5,0.6264981434082434,moving_average
92,s1_clean,8.550281299097398,2.456641319624944,False,False,False,wifi_only,29,9.5,2.5,0.2914431150623224,moving_average
92,s1_clean,8.550281299097398,2.456641319624944,False,False,False,vlp_only,29,9.5,2.5,0.9999999999010002,moving_average
92,s1_clean,8.550281299097398,2.456641319624944,False,False,False,static_fusion,29,9.5,2.5,0.6457215574816613,moving_average
93,s1_clean,8.206258987477604,2.220074095586588,False,False,False,wifi_only,29,9.5,2.5,0.2885042068556694,moving_average
93,s1_clean,8.206258987477604,2.220074095586588,False,False,False,vlp_only,28,8.5,2.5,0.999999999898881,moving_average
93,s1_clean,8.206258987477604,2.220074095586588,False,False,False,static_fusion,28,8.5,2.5,0.6415756376625902,moving_average
94,s1_clean,7.989681515495209,2.1664204126445497,False,False,False,wifi_only,28,8.5,2.5,0.34057187987673243,moving_average
94,s1_clean,7.989681515495209,2.1664204126445497,False,False,False,vlp_only,28,8.5,2.5,0.9999999960983034,moving_average
94,s1_clean,7.989681515495209,2.1664204126445497,False,False,False,static_fusion,28,8.5,2.5,0.6702859379875179,moving_average
95,s1_clean,7.820856477729749,2.216688844603764,False,False,False,wifi_only,28,8.5,2.5,0.31779516930572815,moving_average
95,s1_clean,7.820856477729749,2.216688844603764,False,False,False,vlp_only,28,8.5,2.5,0.9999305156661044,moving_average
95,s1_clean,7.820856477729749,2.216688844603764,False,False,False,static_fusion,28,8.5,2.5,0.6588628424859162,moving_average
96,s1_clean,7.438849577500529,2.091977264871964,False,False,False,wifi_only,17,7.5,1.5,0.30304113790792964,moving_average
96,s1_clean,7.438849577500529,2.091977264871964,False,False,False,vlp_only,27,7.5,2.5,0.5719496607499224,moving_average
96,s1_clean,7.438849577500529,2.091977264871964,False,False,False,static_fusion,28,8.5,2.5,0.35644413365765876,moving_average
97,s1_clean,7.303823403549243,2.032738937171799,False,False,False,wifi_only,17,7.5,1.5,0.33757016721065547,moving_average
97,s1_clean,7.303823403549243,2.032738937171799,False,False,False,vlp_only,27,7.5,2.5,0.9563137788444889,moving_average
97,s1_clean,7.303823403549243,2.032738937171799,False,False,False,static_fusion,27,7.5,2.5,0.521419680523143,moving_average
98,s1_clean,7.052510845305025,1.9258529473001484,False,False,False,wifi_only,17,7.5,1.5,0.2647992490616784,moving_average
98,s1_clean,7.052510845305025,1.9258529473001484,False,False,False,vlp_only,17,7.5,1.5,0.9536749136790396,moving_average
98,s1_clean,7.052510845305025,1.9258529473001484,False,False,False,static_fusion,17,7.5,1.5,0.6092370813703589,moving_average
99,s1_clean,6.623312112175848,1.726390708485309,False,False,False,wifi_only,27,7.5,2.5,0.21468219213188575,moving_average
99,s1_clean,6.623312112175848,1.726390708485309,False,False,False,vlp_only,17,7.5,1.5,0.9971477011226907,moving_average
99,s1_clean,6.623312112175848,1.726390708485309,False,False,False,static_fusion,17,7.5,1.5,0.5733825745966589,moving_average
0,s1_clean,7.708518498956285,6.537185189018777,False,False,False,wifi_only,78,8.5,7.5,0.15974026293066843,median
0,s1_clean,7.708518498956285,6.537185189018777,False,False,False,vlp_only,67,7.5,6.5,0.9999999999010001,median
0,s1_clean,7.708518498956285,6.537185189018777,False,False,False,static_fusion,67,7.5,6.5,0.5674973212535508,median
1,s1_clean,7.762228944549189,6.781375783910273,False,False,False,wifi_only,67,7.5,6.5,0.1652640197065479,median
1,s1_clean,7.762228944549189,6.781375783910273,False,False,False,vlp_only,67,7.5,6.5,0.9999999973941089,median
1,s1_clean,7.762228944549189,6.781375783910273,False,False,False,static_fusion,67,7.5,6.5,0.5826320085503284,median
2,s1_clean,7.839130958677583,7.167874595498286,False,False,False,wifi_only,78,8.5,7.5,0.1593522820488921,median
2,s1_clean,7.839130958677583,7.167874595498286,False,False,False,vlp_only,67,7.5,6.5,0.9999999971697101,median
2,s1_clean,7.839130958677583,7.167874595498286,False,False,False,static_fusion,67,7.5,6.5,0.567951340601656,median
3,s1_clean,7.94346543019908,7.5103051184045535,False,False,False,wifi_only,67,7.5,6.5,0.13527780909248283,median
3,s1_clean,7.94346543019908,7.5103051184045535,False,False,False,vlp_only,77,7.5,7.5,0.9999984021771177,median
3,s1_clean,7.94346543019908,7.5103051184045535,False,False,False,static_fusion,77,7.5,7.5,0.5514031127772124,median
4,s1_clean,7.999186140694022,7.623886621271602,False,False,False,wifi_only,55,5.5,5.5,0.1498259639411362,median
4,s1_clean,7.999186140694022,7.623886621271602,False,False,False,vlp_only,77,7.5,7.5,0.999999891859799,median
4,s1_clean,7.999186140694022,7.623886621271602,False,False,False,static_fusion,77,7.5,7.5,0.5157875541743739,median
5,s1_clean,8.226562675373907,7.955827377167044,False,False,False,wifi_only,56,6.5,5.5,0.15860396899999832,median
5,s1_clean,8.226562675373907,7.955827377167044,False,False,False,vlp_only,77,7.5,7.5,0.9417150792663166,median
5,s1_clean,8.226562675373907,7.955827377167044,False,False,False,static_fusion,77,7.5,7.5,0.4837787786155893,median
6,s1_clean,8.280648608306477,8.135508799595996,False,False,False,wifi_only,78,8.5,7.5,0.13210341913130513,median
6,s1_clean,8.280648608306477,8.135508799595996,False,False,False,vlp_only,77,7.5,7.5,0.7453042678335358,median
6,s1_clean,8.280648608306477,8.135508799595996,False,False,False,static_fusion,77,7.5,7.5,0.42973283585473276,median
7,s1_clean,8.426531854440203,8.334139776009467,False,False,False,wifi_only,78,8.5,7.5,0.15014830977378837,median
7,s1_clean,8.426531854440203,8.334139776009467,False,False,False,vlp_only,88,8.5,8.5,0.9530500127842825,median
7,s1_clean,8.426531854440203,8.334139776009467,False,False,False,static_fusion,88,8.5,8.5,0.5284992216292563,median
8,s1_clean,8.640813839766498,8.694587576233882,False,False,False,wifi_only,78,8.5,7.5,0.15014830977378837,median
8,s1_clean,8.640813839766498,8.694587576233882,False,False,False,vlp_only,88,8.5,8.5,0.9740654556523186,median
8,s1_clean,8.640813839766498,8.694587576233882,False,False,False,static_fusion,88,8.5,8.5,0.5390069430632745,median
9,s1_clean,8.773434572913224,8.991156753090223,False,False,False,wifi_only,89,9.5,8.5,0.14744995375194825,median
9,s1_clean,8.773434572913224,8.991156753090223,False,False,False,vlp_only,88,8.5,8.5,0.9996495702462341,median
9,s1_clean,8.773434572913224,8.991156753090223,False,False,False,static_fusion,88,8.5,8.5,0.5679667886174194,median
10,s1_clean,8.969081214365445,9.315966535180728,False,False,False,wifi_only,99,9.5,9.5,0.20800721515097717,median
10,s1_clean,8.969081214365445,9.315966535180728,False,False,False,vlp_only,88,8.5,8.5,0.9999999999010001,median
10,s1_clean,8.969081214365445,9.315966535180728,False,False,False,static_fusion,88,8.5,8.5,0.5699877663025261,median
11,s1_clean,9.158262661443551,9.76651178862036,False,False,False,wifi_only,99,9.5,9.5,0.27326554744138126,median
11,s1_clean,9.158262661443551,9.76651178862036,False,False,False,vlp_only,98,8.5,9.5,0.9725829490572586,median
11,s1_clean,9.158262661443551,9.76651178862036,False,False,False,static_fusion,98,8.5,9.5,0.5383788068462937,median
12,s1_clean,9.226935916965898,9.928675601070118,False,False,False,wifi_only,99,9.5,9.5,0.27326554744138126,median
12,s1_clean,9.226935916965898,9.928675601070118,False,False,False,vlp_only,98,8.5,9.5,0.8737020291819214,median
12,s1_clean,9.226935916965898,9.928675601070118,False,False,False,static_fusion,98,8.5,9.5,0.4889383469086251,median
13,s1_clean,9.28457534064934,9.54739973958025,False,False,False,wifi_only,99,9.5,9.5,0.27326554744138126,median
13,s1_clean,9.28457534064934,9.54739973958025,False,False,False,vlp_only,99,9.5,9.5,0.9999999999010001,median
13,s1_clean,9.28457534064934,9.54739973958025,False,False,False,static_fusion,99,9.5,9.5,0.6366327736711906,median
14,s1_clean,9.55154708556551,9.187880405968292,False,False,False,wifi_only,99,9.5,9.5,0.25641657555099545,median
14,s1_clean,9.55154708556551,9.187880405968292,False,False,False,vlp_only,99,9.5,9.5,0.9999999999010001,median
14,s1_clean,9.55154708556551,9.187880405968292,False,False,False,static_fusion,99,9.5,9.5,0.6282082877259978,median
15,s1_clean,9.66616567574389,8.964158259736895,False,False,False,wifi_only,99,9.5,9.5,0.2572387500088293,median
15,s1_clean,9.66616567574389,8.964158259736895,False,False,False,vlp_only,99,9.5,9.5,0.9999999999010001,median
15,s1_clean,9.66616567574389,8.964158259736895,False,False,False,static_fusion,99,9.5,9.5,0.6286193749549147,median
16,s1_clean,9.783739284953958,8.603729760291959,False,False,False,wifi_only,99,9.5,9.5,0.24205922679039032,median
16,s1_clean,9.783739284953958,8.603729760291959,False,False,False,vlp_only,99,9.5,9.5,0.9999999999010001,median
16,s1_clean,9.783739284953958,8.603729760291959,False,False,False,static_fusion,99,9.5,9.5,0.6210296133456952,median
17,s1_clean,9.816728934060924,8.290196131329282,False,False,False,wifi_only,99,9.5,9.5,0.2488191247397849,median
17,s1_clean,9.816728934060924,8.290196131329282,False,False,False,vlp_only,99,9.5,9.5,0.9999999999010001,median
17,s1_clean,9.816728934060924,8.290196131329282,False,False,False,static_fusion,99,9.5,9.5,0.6244095623203925,median
18,s1_clean,9.898369940505676,8.170920930516099,False,False,False,wifi_only,99,9.5,9.5,0.29233327707904333,median
18,s1_clean,9.898369940505676,8.170920930516099,False,False,False,vlp_only,99,9.5,9.5,0.9999999999010001,median
18,s1_clean,9.898369940505676,8.170920930516099,False,False,False,static_fusion,99,9.5,9.5,0.6461666384900218,median
19,s1_clean,9.760036529571131,8.31653053319644,False,False,False,wifi_only,99,9.5,9.5,0.2817615397975031,median
19,s1_clean,9.760036529571131,8.31653053319644,False,False,False,vlp_only,99,9.5,9.5,0.9999999999010001,median
19,s1_clean,9.760036529571131,8.31653053319644,False,False,False,static_fusion,99,9.5,9.5,0.6408807698492516,median
20,s1_clean,9.637633694040824,8.49751598572513,False,False,False,wifi_only,89,9.5,8.5,0.2681344211610911,median
20,s1_clean,9.637633694040824,8.49751598572513,False,False,False,vlp_only,89,9.5,8.5,0.8703593305690455,median
20,s1_clean,9.637633694040824,8.49751598572513,False,False,False,static_fusion,89,9.5,8.5,0.5692468758650684,median
21,s1_clean,9.488164788775736,8.737066335022115,False,False,False,wifi_only,99,9.5,9.5,0.27619551449364094,median
21,s1_clean,9.488164788775736,8.737066335022115,False,False,False,vlp_only,89,9.5,8.5,0.9999910219486959,median
21,s1_clean,9.488164788775736,8.737066335022115,False,False,False,static_fusion,89,9.5,8.5,0.6316759288281519,median
22,s1_clean,9.401483371555605,8.971936242221727,False,False,False,wifi_only,79,9.5,7.5,0.23277494604320714,median
22,s1_clean,9.401483371555605,8.971936242221727,False,False,False,vlp_only,89,9.5,8.5,0.9999999615787752,median
22,s1_clean,9.401483371555605,8.971936242221727,False,False,False,static_fusion,89,9.5,8.5,0.607522927327558,median
23,s1_clean,9.373588623793506,9.260353868533857,False,False,False,wifi_only,79,9.5,7.5,0.15092012699592253,median
23,s1_clean,9.373588623793506,9.260353868533857,False,False,False,vlp_only,89,9.5,8.5,0.9999990489900707,median
23,s1_clean,9.373588623793506,9.260353868533857,False,False,False,static_fusion,89,9.5,8.5,0.5728686184319459,median
24,s1_clean,9.127375220319832,9.429716922223497,False,False,False,wifi_only,89,9.5,8.5,0.1715120308128737,median
24,s1_clean,9.127375220319832,9.429716922223497,False,False,False,vlp_only,89,9.5,8.5,0.9976181500900532,median
24,s1_clean,9.127375220319832,9.429716922223497,False,False,False,static_fusion,89,9.5,8.5,0.5845650904514634,median
25,s1_clean,8.726509377545842,9.486750180536124,False,False,False,wifi_only,88,8.5,8.5,0.14895164944442624,median
25,s1_clean,8.726509377545842,9.486750180536124,False,False,False,vlp_only,89,9.5,8.5,0.8268822990356549,median
25,s1_clean,8.726509377545842,9.486750180536124,False,False,False,static_fusion,89,9.5,8.5,0.483701411949786,median
26,s1_clean,8.556615925716626,9.685615586341887,False,False,False,wifi_only,98,8.5,9.5,0.15816731989059582,median
26,s1_clean,8.556615925716626,9.685615586341887,False,False,False,vlp_only,98,8.5,9.5,0.9987446200481906,median
26,s1_clean,8.556615925716626,9.685615586341887,False,False,False,static_fusion,98,8.5,9.5,0.5784559699693932,median
27,s1_clean,8.275272196622463,9.90949250147166,False,False,False,wifi_only,98,8.5,9.5,0.15657291258788442,median
27,s1_clean,8.275272196622463,9.90949250147166,False,False,False,vlp_only,98,8.5,9.5,0.9999182000688707,median
27,s1_clean,8.275272196622463,9.90949250147166,False,False,False,static_fusion,98,8.5,9.5,0.5782455563283775,median
28,s1_clean,8.516464193829812,9.620395436542294,False,False,False,wifi_only,98,8.5,9.5,0.16316801852907759,median
28,s1_clean,8.516464193829812,9.620395436542294,False,False,False,vlp_only,98,8.5,9.5,0.9999989414307168,median
28,s1_clean,8.516464193829812,9.620395436542294,False,False,False,static_fusion,98,8.5,9.5,0.5815834799798971,median
29,s1_clean,8.726745769238578,9.594339738596462,False,False,False,wifi_only,98,8.5,9.5,0.16723672977948595,median
29,s1_clean,8.726745769238578,9.594339738596462,False,False,False,vlp_only,98,8.5,9.5,0.9999989414306459,median
29,s1_clean,8.726745769238578,9.594339738596462,False,False,False,static_fusion,98,8.5,9.5,0.583617835605066,median
30,s1_clean,8.943827322619104,9.579744922705936,False,False,False,wifi_only,88,8.5,8.5,0.16646826612212645,median
30,s1_clean,8.943827322619104,9.579744922705936,False,False,False,vlp_only,98,8.5,9.5,0.9999661457047305,median
30,s1_clean,8.943827322619104,9.579744922705936,False,False,False,static_fusion,98,8.5,9.5,0.5778880473236285,median
31,s1_clean,9.351601400735191,9.795243901577573,False,False,False,wifi_only,88,8.5,8.5,0.16595583453529406,median
31,s1_clean,9.351601400735191,9.795243901577573,False,False,False,vlp_only,99,9.5,9.5,0.9992966021110407,median
31,s1_clean,9.351601400735191,9.795243901577573,False,False,False,static_fusion,99,9.5,9.5,0.5248099353521879,median
32,s1_clean,9.577016681956424,9.919176372465715,False,False,False,wifi_only,88,8.5,8.5,0.1611528591124085,median
32,s1_clean,9.577016681956424,9.919176372465715,False,False,False,vlp_only,99,9.5,9.5,0.9998886895996197,median
32,s1_clean,9.577016681956424,9.919176372465715,False,False,False,static_fusion,99,9.5,9.5,0.5213534485988319,median
33,s1_clean,9.147990241252389,9.767587766470918,False,False,False,wifi_only,88,8.5,8.5,0.16197741481573721,median
33,s1_clean,9.147990241252389,9.767587766470918,False,False,False,vlp_only,99,9.5,9.5,0.9999999999010001,median
33,s1_clean,9.147990241252389,9.767587766470918,False,False,False,static_fusion,99,9.5,9.5,0.5349887300736669,median
34,s1_clean,8.966209639861209,9.397254516581212,False,False,False,wifi_only,88,8.5,8.5,0.1712196916517184,median
34,s1_clean,8.966209639861209,9.397254516581212,False,False,False,vlp_only,99,9.5,9.5,0.9999999999010001,median
34,s1_clean,8.966209639861209,9.397254516581212,False,False,False,static_fusion,99,9.5,9.5,0.5231219153158627,median
35,s1_clean,8.92197380793632,9.185323746168985,False,False,False,wifi_only,88,8.5,8.5,0.17071491457175758,median
35,s1_clean,8.92197380793632,9.185323746168985,False,False,False,vlp_only,99,9.5,9.5,0.9999999999010001,median
35,s1_clean,8.92197380793632,9.185323746168985,False,False,False,static_fusion,99,9.5,9.5,0.5484868694089826,median
36,s1_clean,8.914109042937588,8.939758011878457,False,False,False,wifi_only,88,8.5,8.5,0.17071491457175758,median
36,s1_clean,8.914109042937588,8.939758011878457,False,False,False,vlp_only,98,8.5,9.5,0.9765981358689781,median
36,s1_clean,8.914109042937588,8.939758011878457,False,False,False,static_fusion,98,8.5,9.5,0.5676515614423534,median
37,s1_clean,9.07928845907877,8.665910920697108,False,False,False,wifi_only,88,8.5,8.5,0.17071491457175758,median
37,s1_clean,9.07928845907877,8.665910920697108,False,False,False,vlp_only,98,8.5,9.5,0.9594533453661688,median
37,s1_clean,9.07928845907877,8.665910920697108,False,False,False,static_fusion,98,8.5,9.5,0.5590791661909488,median
38,s1_clean,9.268317079915311,8.479283196707053,False,False,False,wifi_only,98,8.5,9.5,0.17636746969157452,median
38,s1_clean,9.268317079915311,8.479283196707053,False,False,False,vlp_only,89,9.5,8.5,0.5611766914530147,median
38,s1_clean,9.268317079915311,8.479283196707053,False,False,False,static_fusion,89,9.5,8.5,0.3455102320869403,median
39,s1_clean,9.629151173072932,8.405680386891111,False,False,False,wifi_only,89,9.5,8.5,0.160361083576569,median
39,s1_clean,9.629151173072932,8.405680386891111,False,False,False,vlp_only,89,9.5,8.5,0.9986951530676111,median
39,s1_clean,9.629151173072932,8.405680386891111,False,False,False,static_fusion,89,9.5,8.5,0.57952811832209,median
40,s1_clean,9.137911967096755,8.357214530377181,False,False,False,wifi_only,99,9.5,9.5,0.26266720205601135,median
40,s1_clean,9.137911967096755,8.357214530377181,False,False,False,vlp_only,89,9.5,8.5,0.9998460399316839,median
40,s1_clean,9.137911967096755,8.357214530377181,False,False,False,static_fusion,89,9.5,8.5,0.6274818318658175,median
41,s1_clean,8.850804346095984,8.419767971950433,False,False,False,wifi_only,99,9.5,9.5,0.2700099884991829,median
41,s1_clean,8.850804346095984,8.419767971950433,False,False,False,vlp_only,89,9.5,8.5,0.9999297844049961,median
41,s1_clean,8.850804346095984,8.419767971950433,False,False,False,static_fusion,89,9.5,8.5,0.6276821645246282,median
42,s1_clean,8.608468710412893,8.558343031691317,False,False,False,wifi_only,99,9.5,9.5,0.3504827210741222,median
42,s1_clean,8.608468710412893,8.558343031691317,False,False,False,vlp_only,89,9.5,8.5,0.9993843439439016,median
42,s1_clean,8.608468710412893,8.558343031691317,False,False,False,static_fusion,89,9.5,8.5,0.6230450873201785,median
43,s1_clean,8.31237088540844,8.610789569269624,False,False,False,wifi_only,99,9.5,9.5,0.28878246501626426,median
43,s1_clean,8.31237088540844,8.610789569269624,False,False,False,vlp_only,88,8.5,8.5,0.9999999986059261,median
43,s1_clean,8.31237088540844,8.610789569269624,False,False,False,static_fusion,88,8.5,8.5,0.5560270511901614,median
44,s1_clean,7.876973615803656,8.676310108296393,False,False,False,wifi_only,98,8.5,9.5,0.2583809607692001,median
44,s1_clean,7.876973615803656,8.676310108296393,False,False,False,vlp_only,88,8.5,8.5,0.9999999978996635,median
44,s1_clean,7.876973615803656,8.676310108296393,False,False,False,static_fusion,88,8.5,8.5,0.5823295827107873,median
45,s1_clean,7.69864374306643,8.764902399912266,False,False,False,wifi_only,98,8.5,9.5,0.10961704869770394,median
45,s1_clean,7.69864374306643,8.764902399912266,False,False,False,vlp_only,88,8.5,8.5,0.9999998383400204,median
45,s1_clean,7.69864374306643,8.764902399912266,False,False,False,static_fusion,88,8.5,8.5,0.5517078762704642,median
46,s1_clean,7.492119654821085,8.780131979271454,False,False,False,wifi_only,98,8.5,9.5,0.1561690656041403,median
46,s1_clean,7.492119654821085,8.780131979271454,False,False,False,vlp_only,88,8.5,8.5,0.9999827104825204,median
46,s1_clean,7.492119654821085,8.780131979271454,False,False,False,static_fusion,88,8.5,8.5,0.5725157245647444,median
47,s1_clean,7.191471021360378,8.723132508528103,False,False,False,wifi_only,88,8.5,8.5,0.12077190410868337,median
47,s1_clean,7.191471021360378,8.723132508528103,False,False,False,vlp_only,87,7.5,8.5,0.9999619274747035,median
47,s1_clean,7.191471021360378,8.723132508528103,False,False,False,static_fusion,87,7.5,8.5,0.5384912701976495,median
48,s1_clean,6.992004119632241,8.748418280606632,False,False,False,wifi_only,76,6.5,7.5,0.1995114942385868,median
48,s1_clean,6.992004119632241,8.748418280606632,False,False,False,vlp_only,87,7.5,8.5,0.9999999965200884,median
48,s1_clean,6.992004119632241,8.748418280606632,False,False,False,static_fusion,87,7.5,8.5,0.5710848939198357,median
49,s1_clean,6.846275017181253,8.922858028731762,False,False,False,wifi_only,76,6.5,7.5,0.203981486116652,median
49,s1_clean,6.846275017181253,8.922858028731762,False,False,False,vlp_only,87,7.5,8.5,0.9999999999010001,median
49,s1_clean,6.846275017181253,8.922858028731762,False,False,False,static_fusion,87,7.5,8.5,0.5624584559343458,median
50,s1_clean,6.689596236262092,9.105068122957537,False,False,False,wifi_only,76,6.5,7.5,0.23602839044105584,median
50,s1_clean,6.689596236262092,9.105068122957537,False,False,False,vlp_only,97,7.5,9.5,0.9606126182468882,median
50,s1_clean,6.689596236262092,9.105068122957537,False,False,False,static_fusion,97,7.5,9.5,0.5016657309915697,median
51,s1_clean,6.651524336471364,9.303485813902295,False,False,False,wifi_only,86,6.5,8.5,0.1928626523094282,median
51,s1_clean,6.651524336471364,9.303485813902295,False,False,False,vlp_only,86,6.5,8.5,0.9981024741111904,median
51,s1_clean,6.651524336471364,9.303485813902295,False,False,False,static_fusion,86,6.5,8.5,0.5954825632103092,median
52,s1_clean,6.511030711247975,9.630572115899897,False,False,False,wifi_only,86,6.5,8.5,0.21628552392260075,median
52,s1_clean,6.511030711247975,9.630572115899897,False,False,False,vlp_only,86,6.5,8.5,0.9999999998948469,median
52,s1_clean,6.511030711247975,9.630572115899897,False,False,False,static_fusion,86,6.5,8.5,0.6081427619087239,median
53,s1_clean,6.420605168362592,9.834308948608536,False,False,False,wifi_only,96,6.5,9.5,0.27662285200285974,median
53,s1_clean,6.420605168362592,9.834308948608536,False,False,False,vlp_only,96,6.5,9.5,0.9999999999010001,median
53,s1_clean,6.420605168362592,9.834308948608536,False,False,False,static_fusion,96,6.5,9.5,0.6383114259519299,median
54,s1_clean,6.482295444389094,9.655075180886994,False,False,False,wifi_only,96,6.5,9.5,0.2995274448697573,median
54,s1_clean,6.482295444389094,9.655075180886994,False,False,False,vlp_only,96,6.5,9.5,0.9999999999010001,median
54,s1_clean,6.482295444389094,9.655075180886994,False,False,False,static_fusion,96,6.5,9.5,0.6497637223853787,median
55,s1_clean,6.562363950563185,9.549970952544058,False,False,False,wifi_only,96,6.5,9.5,0.1939146979268634,median
55,s1_clean,6.562363950563185,9.549970952544058,False,False,False,vlp_only,96,6.5,9.5,0.9999999999010001,median
55,s1_clean,6.562363950563185,9.549970952544058,False,False,False,static_fusion,96,6.5,9.5,0.5969573489139316,median
56,s1_clean,6.608994574111493,9.255964739086862,False,False,False,wifi_only,96,6.5,9.5,0.20425869881123568,median
56,s1_clean,6.608994574111493,9.255964739086862,False,False,False,vlp_only,96,6.5,9.5,0.9999999999010001,median
56,s1_clean,6.608994574111493,9.255964739086862,False,False,False,static_fusion,96,6.5,9.5,0.6021293493561178,median
57,s1_clean,6.638238185227195,8.788984466893778,False,False,False,wifi_only,96,6.5,9.5,0.22566464995864677,median
57,s1_clean,6.638238185227195,8.788984466893778,False,False,False,vlp_only,96,6.5,9.5,0.9999999999010001,median
57,s1_clean,6.638238185227195,8.788984466893778,False,False,False,static_fusion,96,6.5,9.5,0.6128323249298234,median
58,s1_clean,6.715833516903254,8.506019535638835,False,False,False,wifi_only,93,3.5,9.5,0.2885887236991262,median
58,s1_clean,6.715833516903254,8.506019535638835,False,False,False,vlp_only,96,6.5,9.5,0.9999999999010001,median
58,s1_clean,6.715833516903254,8.506019535638835,False,False,False,static_fusion,96,6.5,9.5,0.5983673807717683,median
59,s1_clean,6.712650009001855,8.176417392861678,False,False,False,wifi_only,96,6.5,9.5,0.22566464995864677,median
59,s1_clean,6.712650009001855,8.176417392861678,False,False,False,vlp_only,86,6.5,8.5,0.9999999999010001,median
59,s1_clean,6.712650009001855,8.176417392861678,False,False,False,static_fusion,86,6.5,8.5,0.5699055137577007,median
60,s1_clean,6.866771266170202,7.830791223796943,False,False,False,wifi_only,96,6.5,9.5,0.17694068061730436,median
60,s1_clean,6.866771266170202,7.830791223796943,False,False,False,vlp_only,86,6.5,8.5,0.9999999999010001,median
60,s1_clean,6.866771266170202,7.830791223796943,False,False,False,static_fusion,86,6.5,8.5,0.5834511295335961,median
61,s1_clean,6.935196676516079,7.575933102373101,False,False,False,wifi_only,87,7.5,8.5,0.20275286127962858,median
61,s1_clean,6.935196676516079,7.575933102373101,False,False,False,vlp_only,86,6.5,8.5,0.9999999973043346,median
61,s1_clean,6.935196676516079,7.575933102373101,False,False,False,static_fusion,86,6.5,8.5,0.5589905180012692,median
62,s1_clean,6.925151254140051,7.098088212920689,False,False,False,wifi_only,76,6.5,7.5,0.1912451167594037,median
62,s1_clean,6.925151254140051,7.098088212920689,False,False,False,vlp_only,76,6.5,7.5,0.9113326069611372,median
62,s1_clean,6.925151254140051,7.098088212920689,False,False,False,static_fusion,76,6.5,7.5,0.5512888618602704,median
63,s1_clean,6.9536901632065256,6.989777604364947,False,False,False,wifi_only,76,6.5,7.5,0.2183917061171428,median
63,s1_clean,6.9536901632065256,6.989777604364947,False,False,False,vlp_only,76,6.5,7.5,0.9999999999010001,median
63,s1_clean,6.9536901632065256,6.989777604364947,False,False,False,static_fusion,76,6.5,7.5,0.6091958530090714,median
64,s1_clean,6.966708536003405,6.623992067365702,False,False,False,wifi_only,66,6.5,6.5,0.16730567493328852,median
64,s1_clean,6.966708536003405,6.623992067365702,False,False,False,vlp_only,76,6.5,7.5,0.9999999998375947,median
64,s1_clean,6.966708536003405,6.623992067365702,False,False,False,static_fusion,76,6.5,7.5,0.5344913784382614,median
65,s1_clean,7.006265988225517,6.167924934295798,False,False,False,wifi_only,66,6.5,6.5,0.15510363503413754,median
65,s1_clean,7.006265988225517,6.167924934295798,False,False,False,vlp_only,67,7.5,6.5,0.99999999956525,median
65,s1_clean,7.006265988225517,6.167924934295798,False,False,False,static_fusion,67,7.5,6.5,0.5562622815058776,median
66,s1_clean,7.195573035758812,5.900698987196131,False,False,False,wifi_only,67,7.5,6.5,0.15201021280492277,median
66,s1_clean,7.195573035758812,5.900698987196131,False,False,False,vlp_only,67,7.5,6.5,0.9999999999010001,median
66,s1_clean,7.195573035758812,5.900698987196131,False,False,False,static_fusion,67,7.5,6.5,0.5760051063529614,median
67,s1_clean,7.214622128011173,5.480629494443392,False,False,False,wifi_only,67,7.5,6.5,0.1402634421130815,median
67,s1_clean,7.214622128011173,5.480629494443392,False,False,False,vlp_only,66,6.5,6.5,0.9999999999010001,median
67,s1_clean,7.214622128011173,5.480629494443392,False,False,False,static_fusion,66,6.5,6.5,0.5269465482644377,median
68,s1_clean,7.224596969394833,5.365365355851328,False,False,False,wifi_only,57,7.5,5.5,0.14049269515874652,median
68,s1_clean,7.224596969394833,5.365365355851328,False,False,False,vlp_only,66,6.5,6.5,0.9606951299209704,median
68,s1_clean,7.224596969394833,5.365365355851328,False,False,False,static_fusion,66,6.5,6.5,0.4999236300622907,median
69,s1_clean,7.3987606078939105,4.973012310374174,False,False,False,wifi_only,57,7.5,5.5,0.13795101490416026,median
69,s1_clean,7.3987606078939105,4.973012310374174,False,False,False,vlp_only,57,7.5,5.5,0.9999999999010002,median
69,s1_clean,7.3987606078939105,4.973012310374174,False,False,False,static_fusion,57,7.5,5.5,0.5689755074025802,median
70,s1_clean,7.635914401899096,4.715226258016342,False,False,False,wifi_only,58,8.5,5.5,0.15906290937510076,median
70,s1_clean,7.635914401899096,4.715226258016342,False,False,False,vlp_only,57,7.5,5.5,0.9999999999009367,median
70,s1_clean,7.635914401899096,4.715226258016342,False,False,False,static_fusion,57,7.5,5.5,0.5504411606586835,median
71,s1_clean,7.871357392106725,4.543524489496297,False,False,False,wifi_only,48,8.5,4.5,0.14682848345736552,median
71,s1_clean,7.871357392106725,4.543524489496297,False,False,False,vlp_only,46,6.5,4.5,0.9999804613331044,median
71,s1_clean,7.871357392106725,4.543524489496297,False,False,False,static_fusion,46,6.5,4.5,0.5327354636420089,median
72,s1_clean,8.272955973874682,4.373796974104669,False,False,False,wifi_only,48,8.5,4.5,0.16126734503904233,median
72,s1_clean,8.272955973874682,4.373796974104669,False,False,False,vlp_only,47,7.5,4.5,0.9999940402577848,median
72,s1_clean,8.272955973874682,4.373796974104669,False,False,False,static_fusion,47,7.5,4.5,0.5614823541438361,median
73,s1_clean,8.62151579149036,4.028494957379147,False,False,False,wifi_only,49,9.5,4.5,0.19873668664474858,median
73,s1_clean,8.62151579149036,4.028494957379147,False,False,False,vlp_only,47,7.5,4.5,0.9706438713061654,median
73,s1_clean,8.62151579149036,4.028494957379147,False,False,False,static_fusion,47,7.5,4.5,0.5375856291080428,median
74,s1_clean,8.748435457425892,3.685738487590071,False,False,False,wifi_only,49,9.5,4.5,0.21471618092601777,median
74,s1_clean,8.748435457425892,3.685738487590071,False,False,False,vlp_only,48,8.5,4.5,0.9999999733258677,median
74,s1_clean,8.748435457425892,3.685738487590071,False,False,False,static_fusion,48,8.5,4.5,0.5834771994647607,median
75,s1_clean,8.835085190139699,3.5526052200138745,False,False,False,wifi_only,39,9.5,3.5,0.20145871413599944,median
75,s1_clean,8.835085190139699,3.5526052200138745,False,False,False,vlp_only,39,9.5,3.5,0.9999999999010002,median
75,s1_clean,8.835085190139699,3.5526052200138745,False,False,False,static_fusion,39,9.5,3.5,0.6007293570184997,median
76,s1_clean,8.909093693609096,3.3558416683741257,False,False,False,wifi_only,39,9.5,3.5,0.20145871413599944,median
76,s1_clean,8.909093693609096,3.3558416683741257,False,False,False,vlp_only,39,9.5,3.5,0.9999999999010002,median
76,s1_clean,8.909093693609096,3.3558416683741257,False,False,False,static_fusion,39,9.5,3.5,0.6007293570184997,median
77,s1_clean,9.099711473119482,3.177715842546163,False,False,False,wifi_only,39,9.5,3.5,0.2762374983416343,median
77,s1_clean,9.099711473119482,3.177715842546163,False,False,False,vlp_only,38,8.5,3.5,0.9999999999010002,median
77,s1_clean,9.099711473119482,3.177715842546163,False,False,False,static_fusion,38,8.5,3.5,0.6101985884420076,median
78,s1_clean,9.333851006911315,2.7984046692967013,False,False,False,wifi_only,39,9.5,3.5,0.36375279601611565,median
78,s1_clean,9.333851006911315,2.7984046692967013,False,False,False,vlp_only,38,8.5,3.5,0.9999999999010002,median
78,s1_clean,9.333851006911315,2.7984046692967013,False,False,False,static_fusion,38,8.5,3.5,0.622955051835541,median
79,s1_clean,9.466292753776418,2.334363853065204,False,False,False,wifi_only,39,9.5,3.5,0.28432770050445305,median
79,s1_clean,9.466292753776418,2.334363853065204,False,False,False,vlp_only,38,8.5,3.5,0.9359690395899778,median
79,s1_clean,9.466292753776418,2.334363853065204,False,False,False,static_fusion,38,8.5,3.5,0.5640924468013576,median
80,s1_clean,9.611899936659418,2.123312718823533,False,False,False,wifi_only,29,9.5,2.5,0.284573602971801,median
80,s1_clean,9.611899936659418,2.123312718823533,False,False,False,vlp_only,29,9.5,2.5,0.9999999999010002,median
80,s1_clean,9.611899936659418,2.123312718823533,False,False,False,static_fusion,29,9.5,2.5,0.6422868014364006,median
81,s1_clean,9.858322040787618,1.7145087247330029,False,False,False,wifi_only,29,9.5,2.5,0.42344466785693496,median
81,s1_clean,9.858322040787618,1.7145087247330029,False,False,False,vlp_only,29,9.5,2.5,0.9918812198876955,median
81,s1_clean,9.858322040787618,1.7145087247330029,False,False,False,static_fusion,29,9.5,2.5,0.7076629438723152,median
82,s1_clean,9.758809756481527,1.8587665766892736,False,False,False,wifi_only,29,9.5,2.5,0.26521803859854065,median
82,s1_clean,9.758809756481527,1.8587665766892736,False,False,False,vlp_only,19,9.5,1.5,0.5327883472477594,median
82,s1_clean,9.758809756481527,1.8587665766892736,False,False,False,static_fusion,29,9.5,2.5,0.3662148456263785,median
83,s1_clean,9.674741536762076,1.980219721792202,False,False,False,wifi_only,29,9.5,2.5,0.26521803859854065,median
83,s1_clean,9.674741536762076,1.980219721792202,False,False,False,vlp_only,19,9.5,1.5,0.9962647097026691,median
83,s1_clean,9.674741536762076,1.980219721792202,False,False,False,static_fusion,19,9.5,1.5,0.5699105404272906,median
84,s1_clean,9.543539060630476,2.38811292843674,False,False,False,wifi_only,29,9.5,2.5,0.24486909423668995,median
84,s1_clean,9.543539060630476,2.38811292843674,False,False,False,vlp_only,19,9.5,1.5,0.9962647097026691,median
84,s1_clean,9.543539060630476,2.38811292843674,False,False,False,static_fusion,19,9.5,1.5,0.5751458230208113,median
85,s1_clean,9.538461254265044,2.548657706440192,False,False,False,wifi_only,29,9.5,2.5,0.24414773487302455,median
85,s1_clean,9.538461254265044,2.548657706440192,False,False,False,vlp_only,19,9.5,1.5,0.9910853919241168,median
85,s1_clean,9.538461254265044,2.548657706440192,False,False,False,static_fusion,19,9.5,1.5,0.5266636794376067,median
86,s1_clean,9.544593459510066,2.7077556794947983,False,False,False,wifi_only,28,8.5,2.5,0.31323787888128524,median
86,s1_clean,9.544593459510066,2.7077556794947983,False,False,False,vlp_only,29,9.5,2.5,0.99941396631144,median
86,s1_clean,9.544593459510066,2.7077556794947983,False,False,False,static_fusion,29,9.5,2.5,0.6487713708507855,median
87,s1_clean,9.633379023943917,3.061085408030138,False,False,False,wifi_only,28,8.5,2.5,0.2917343056402655,median
87,s1_clean,9.633379023943917,3.061085408030138,False,False,False,vlp_only,29,9.5,2.5,0.9999999998730944,median
87,s1_clean,9.633379023943917,3.061085408030138,False,False,False,static_fusion,29,9.5,2.5,0.6423629108874636,median
88,s1_clean,9.752600157839524,3.198956190033732,False,False,False,wifi_only,29,9.5,2.5,0.20141472222848641,median
88,s1_clean,9.752600157839524,3.198956190033732,False,False,False,vlp_only,29,9.5,2.5,0.9999999999010002,median
88,s1_clean,9.752600157839524,3.198956190033732,False,False,False,static_fusion,29,9.5,2.5,0.6007073610647433,median
89,s1_clean,9.40578903862998,2.8552477628804214,False,False,False,wifi_only,29,9.5,2.5,0.22544457794763204,median
89,s1_clean,9.40578903862998,2.8552477628804214,False,False,False,vlp_only,29,9.5,2.5,0.9999999999010002,median
89,s1_clean,9.40578903862998,2.8552477628804214,False,False,False,static_fusion,29,9.5,2.5,0.6127222889243161,median
90,s1_clean,9.127964250423506,2.698331211248074,False,False,False,wifi_only,29,9.5,2.5,0.22544457794763204,median
90,s1_clean,9.127964250423506,2.698331211248074,False,False,False,vlp_only,29,9.5,2.5,0.9999999999010002,median
90,s1_clean,9.127964250423506,2.698331211248074,False,False,False,static_fusion,29,9.5,2.5,0.6127222889243161,median
91,s1_clean,8.800406594259712,2.6051004251712406,False,False,False,wifi_only,29,9.5,2.5,0.24267026445903989,median
91,s1_clean,8.800406594259712,2.6051004251712406,False,False,False,vlp_only,29,9.5,2.5,0.9999999999010002,median
91,s1_clean,8.800406594259712,2.6051004251712406,False,False,False,static_fusion,29,9.5,2.5,0.62133513218002,median
92,s1_clean,8.550281299097398,2.456641319624944,False,False,False,wifi_only,29,9.5,2.5,0.3317797791875792,median
92,s1_clean,8.550281299097398,2.456641319624944,False,False,False,vlp_only,29,9.5,2.5,0.9999999999010002,median
92,s1_clean,8.550281299097398,2.456641319624944,False,False,False,static_fusion,29,9.5,2.5,0.6658898895442896,median
93,s1_clean,8.206258987477604,2.220074095586588,False,False,False,wifi_only,29,9.5,2.5,0.3685724819358807,median
93,s1_clean,8.206258987477604,2.220074095586588,False,False,False,vlp_only,28,8.5,2.5,0.9999999998560044,median
93,s1_clean,8.206258987477604,2.220074095586588,False,False,False,static_fusion,28,8.5,2.5,0.6517974816839553,median
94,s1_clean,7.989681515495209,2.1664204126445497,False,False,False,wifi_only,28,8.5,2.5,0.29944908831317935,median
94,s1_clean,7.989681515495209,2.1664204126445497,False,False,False,vlp_only,28,8.5,2.5,0.9999999852449241,median
94,s1_clean,7.989681515495209,2.1664204126445497,False,False,False,static_fusion,28,8.5,2.5,0.6497245367790517,median
95,s1_clean,7.820856477729749,2.216688844603764,False,False,False,wifi_only,28,8.5,2.5,0.2872613887738039,median
95,s1_clean,7.820856477729749,2.216688844603764,False,False,False,vlp_only,28,8.5,2.5,0.9993859864371892,median
95,s1_clean,7.820856477729749,2.216688844603764,False,False,False,static_fusion,28,8.5,2.5,0.6433236876054966,median
96,s1_clean,7.438849577500529,2.091977264871964,False,False,False,wifi_only,28,8.5,2.5,0.27165881395628794,median
96,s1_clean,7.438849577500529,2.091977264871964,False,False,False,vlp_only,28,8.5,2.5,0.878270368731156,median
96,s1_clean,7.438849577500529,2.091977264871964,False,False,False,static_fusion,28,8.5,2.5,0.5749645913437219,median
97,s1_clean,7.303823403549243,2.032738937171799,False,False,False,wifi_only,17,7.5,1.5,0.34955736587091973,median
97,s1_clean,7.303823403549243,2.032738937171799,False,False,False,vlp_only,28,8.5,2.5,0.7627376167834372,median
97,s1_clean,7.303823403549243,2.032738937171799,False,False,False,static_fusion,28,8.5,2.5,0.4643712897818235,median
98,s1_clean,7.052510845305025,1.9258529473001484,False,False,False,wifi_only,17,7.5,1.5,0.34442460004383024,median
98,s1_clean,7.052510845305025,1.9258529473001484,False,False,False,vlp_only,17,7.5,1.5,0.9978536995346193,median
98,s1_clean,7.052510845305025,1.9258529473001484,False,False,False,static_fusion,17,7.5,1.5,0.6711391497892246,median
99,s1_clean,6.623312112175848,1.726390708485309,False,False,False,wifi_only,17,7.5,1.5,0.3343753792087112,median
99,s1_clean,6.623312112175848,1.726390708485309,False,False,False,vlp_only,17,7.5,1.5,0.9996696317552648,median
99,s1_clean,6.623312112175848,1.726390708485309,False,False,False,static_fusion,17,7.5,1.5,0.6670225054819879,median
0,s1_clean,7.708518498956285,6.537185189018777,False,False,False,wifi_only,78,8.5,7.5,0.15974026293066843,ema
0,s1_clean,7.708518498956285,6.537185189018777,False,False,False,vlp_only,67,7.5,6.5,0.9999999999010001,ema
0,s1_clean,7.708518498956285,6.537185189018777,False,False,False,static_fusion,67,7.5,6.5,0.5674973212535508,ema
1,s1_clean,7.762228944549189,6.781375783910273,False,False,False,wifi_only,67,7.5,6.5,0.17078329539209539,ema
1,s1_clean,7.762228944549189,6.781375783910273,False,False,False,vlp_only,67,7.5,6.5,0.9999999997165727,ema
1,s1_clean,7.762228944549189,6.781375783910273,False,False,False,static_fusion,67,7.5,6.5,0.5853916475543339,ema
2,s1_clean,7.839130958677583,7.167874595498286,False,False,False,wifi_only,77,7.5,7.5,0.15245544866699004,ema
2,s1_clean,7.839130958677583,7.167874595498286,False,False,False,vlp_only,67,7.5,6.5,0.9999999990990536,ema
2,s1_clean,7.839130958677583,7.167874595498286,False,False,False,static_fusion,67,7.5,6.5,0.5570275082994862,ema
3,s1_clean,7.94346543019908,7.5103051184045535,False,False,False,wifi_only,77,7.5,7.5,0.12939729082394338,ema
3,s1_clean,7.94346543019908,7.5103051184045535,False,False,False,vlp_only,77,7.5,7.5,0.9999959730757587,ema
3,s1_clean,7.94346543019908,7.5103051184045535,False,False,False,static_fusion,77,7.5,7.5,0.5646966319498511,ema
4,s1_clean,7.999186140694022,7.623886621271602,False,False,False,wifi_only,66,6.5,6.5,0.15744101822560921,ema
4,s1_clean,7.999186140694022,7.623886621271602,False,False,False,vlp_only,77,7.5,7.5,0.9999530720134355,ema
4,s1_clean,7.999186140694022,7.623886621271602,False,False,False,static_fusion,77,7.5,7.5,0.5490066318152396,ema
5,s1_clean,8.226562675373907,7.955827377167044,False,False,False,wifi_only,67,7.5,6.5,0.16534640878663362,ema
5,s1_clean,8.226562675373907,7.955827377167044,False,False,False,vlp_only,78,8.5,7.5,0.5916232658028759,ema
5,s1_clean,8.226562675373907,7.955827377167044,False,False,False,static_fusion,78,8.5,7.5,0.33181738536543093,ema
6,s1_clean,8.280648608306477,8.135508799595996,False,False,False,wifi_only,67,7.5,6.5,0.14595725443507457,ema
6,s1_clean,8.280648608306477,8.135508799595996,False,False,False,vlp_only,78,8.5,7.5,0.9954171808833844,ema
6,s1_clean,8.280648608306477,8.135508799595996,False,False,False,static_fusion,78,8.5,7.5,0.5649396849210468,ema
7,s1_clean,8.426531854440203,8.334139776009467,False,False,False,wifi_only,78,8.5,7.5,0.1640608356693653,ema
7,s1_clean,8.426531854440203,8.334139776009467,False,False,False,vlp_only,78,8.5,7.5,0.9999655786655184,ema
7,s1_clean,8.426531854440203,8.334139776009467,False,False,False,static_fusion,78,8.5,7.5,0.5820132071674418,ema
8,s1_clean,8.640813839766498,8.694587576233882,False,False,False,wifi_only,88,8.5,8.5,0.16372223117465004,ema
8,s1_clean,8.640813839766498,8.694587576233882,False,False,False,vlp_only,88,8.5,8.5,0.9929058123417676,ema
8,s1_clean,8.640813839766498,8.694587576233882,False,False,False,static_fusion,88,8.5,8.5,0.5783140217582088,ema
9,s1_clean,8.773434572913224,8.991156753090223,False,False,False,wifi_only,89,9.5,8.5,0.16848446457385235,ema
9,s1_clean,8.773434572913224,8.991156753090223,False,False,False,vlp_only,88,8.5,8.5,0.9999999945895479,ema
9,s1_clean,8.773434572913224,8.991156753090223,False,False,False,static_fusion,88,8.5,8.5,0.568103235027769,ema
10,s1_clean,8.969081214365445,9.315966535180728,False,False,False,wifi_only,89,9.5,8.5,0.20495462952844987,ema
10,s1_clean,8.969081214365445,9.315966535180728,False,False,False,vlp_only,89,9.5,8.5,0.8666969236169502,ema
10,s1_clean,8.969081214365445,9.315966535180728,False,False,False,static_fusion,89,9.5,8.5,0.5358257765726999,ema
11,s1_clean,9.158262661443551,9.76651178862036,False,False,False,wifi_only,89,9.5,8.5,0.2535692553684892,ema
11,s1_clean,9.158262661443551,9.76651178862036,False,False,False,vlp_only,89,9.5,8.5,0.6514467016253984,ema
11,s1_clean,9.158262661443551,9.76651178862036,False,False,False,static_fusion,89,9.5,8.5,0.45250797849694385,ema
12,s1_clean,9.226935916965898,9.928675601070118,False,False,False,wifi_only,99,9.5,9.5,0.2475530813660037,ema
12,s1_clean,9.226935916965898,9.928675601070118,False,False,False,vlp_only,98,8.5,9.5,0.754948210393984,ema
12,s1_clean,9.226935916965898,9.928675601070118,False,False,False,static_fusion,98,8.5,9.5,0.43089775172574607,ema
13,s1_clean,9.28457534064934,9.54739973958025,False,False,False,wifi_only,99,9.5,9.5,0.20882553623291158,ema
13,s1_clean,9.28457534064934,9.54739973958025,False,False,False,vlp_only,98,8.5,9.5,0.9591321511461214,ema
13,s1_clean,9.28457534064934,9.54739973958025,False,False,False,static_fusion,98,8.5,9.5,0.5617621878543635,ema
14,s1_clean,9.55154708556551,9.187880405968292,False,False,False,wifi_only,98,8.5,9.5,0.20818207095279956,ema
14,s1_clean,9.55154708556551,9.187880405968292,False,False,False,vlp_only,99,9.5,9.5,0.9999999999010001,ema
14,s1_clean,9.55154708556551,9.187880405968292,False,False,False,static_fusion,99,9.5,9.5,0.5646154067969666,ema
15,s1_clean,9.66616567574389,8.964158259736895,False,False,False,wifi_only,98,8.5,9.5,0.208966392695398,ema
15,s1_clean,9.66616567574389,8.964158259736895,False,False,False,vlp_only,99,9.5,9.5,0.9999999999010001,ema
15,s1_clean,9.66616567574389,8.964158259736895,False,False,False,static_fusion,99,9.5,9.5,0.5888482926487173,ema
16,s1_clean,9.783739284953958,8.603729760291959,False,False,False,wifi_only,99,9.5,9.5,0.21853074508036402,ema
16,s1_clean,9.783739284953958,8.603729760291959,False,False,False,vlp_only,99,9.5,9.5,0.9999999999010001,ema
16,s1_clean,9.783739284953958,8.603729760291959,False,False,False,static_fusion,99,9.5,9.5,0.609265372490682,ema
17,s1_clean,9.816728934060924,8.290196131329282,False,False,False,wifi_only,99,9.5,9.5,0.2613651907637591,ema
17,s1_clean,9.816728934060924,8.290196131329282,False,False,False,vlp_only,99,9.5,9.5,0.9999999999010001,ema
17,s1_clean,9.816728934060924,8.290196131329282,False,False,False,static_fusion,99,9.5,9.5,0.6306825953323795,ema
18,s1_clean,9.898369940505676,8.170920930516099,False,False,False,wifi_only,99,9.5,9.5,0.2955061142689899,ema
18,s1_clean,9.898369940505676,8.170920930516099,False,False,False,vlp_only,99,9.5,9.5,0.9999999999010001,ema
18,s1_clean,9.898369940505676,8.170920930516099,False,False,False,static_fusion,99,9.5,9.5,0.647753057084995,ema
19,s1_clean,9.760036529571131,8.31653053319644,False,False,False,wifi_only,89,9.5,8.5,0.2360723068693399,ema
19,s1_clean,9.760036529571131,8.31653053319644,False,False,False,vlp_only,89,9.5,8.5,0.9999939869567599,ema
19,s1_clean,9.760036529571131,8.31653053319644,False,False,False,static_fusion,89,9.5,8.5,0.6180331469130498,ema
20,s1_clean,9.637633694040824,8.49751598572513,False,False,False,wifi_only,79,9.5,7.5,0.19605363921594607,ema
20,s1_clean,9.637633694040824,8.49751598572513,False,False,False,vlp_only,89,9.5,8.5,0.9999996373420305,ema
20,s1_clean,9.637633694040824,8.49751598572513,False,False,False,static_fusion,89,9.5,8.5,0.5944186332038214,ema
21,s1_clean,9.488164788775736,8.737066335022115,False,False,False,wifi_only,79,9.5,7.5,0.19050680168266734,ema
21,s1_clean,9.488164788775736,8.737066335022115,False,False,False,vlp_only,89,9.5,8.5,0.9999999692388611,ema
21,s1_clean,9.488164788775736,8.737066335022115,False,False,False,static_fusion,89,9.5,8.5,0.5945072468790253,ema
22,s1_clean,9.401483371555605,8.971936242221727,False,False,False,wifi_only,79,9.5,7.5,0.24270639453617363,ema
22,s1_clean,9.401483371555605,8.971936242221727,False,False,False,vlp_only,89,9.5,8.5,0.9999987196027786,ema
22,s1_clean,9.401483371555605,8.971936242221727,False,False,False,static_fusion,89,9.5,8.5,0.6043330670084961,ema
23,s1_clean,9.373588623793506,9.260353868533857,False,False,False,wifi_only,89,9.5,8.5,0.2113183519636175,ema
23,s1_clean,9.373588623793506,9.260353868533857,False,False,False,vlp_only,89,9.5,8.5,0.9999821339766932,ema
23,s1_clean,9.373588623793506,9.260353868533857,False,False,False,static_fusion,89,9.5,8.5,0.6056502429701552,ema
24,s1_clean,9.127375220319832,9.429716922223497,False,False,False,wifi_only,89,9.5,8.5,0.2207003946298189,ema
24,s1_clean,9.127375220319832,9.429716922223497,False,False,False,vlp_only,89,9.5,8.5,0.9915785570009056,ema
24,s1_clean,9.127375220319832,9.429716922223497,False,False,False,static_fusion,89,9.5,8.5,0.6061394758153622,ema
25,s1_clean,8.726509377545842,9.486750180536124,False,False,False,wifi_only,89,9.5,8.5,0.17434830920323946,ema
25,s1_clean,8.726509377545842,9.486750180536124,False,False,False,vlp_only,98,8.5,9.5,0.9832852369689643,ema
25,s1_clean,8.726509377545842,9.486750180536124,False,False,False,static_fusion,98,8.5,9.5,0.5536280920982425,ema
26,s1_clean,8.556615925716626,9.685615586341887,False,False,False,wifi_only,98,8.5,9.5,0.19836322986497673,ema
26,s1_clean,8.556615925716626,9.685615586341887,False,False,False,vlp_only,98,8.5,9.5,0.999128971842989,ema
26,s1_clean,8.556615925716626,9.685615586341887,False,False,False,static_fusion,98,8.5,9.5,0.5987461008539828,ema
27,s1_clean,8.275272196622463,9.90949250147166,False,False,False,wifi_only,98,8.5,9.5,0.1944486889835194,ema
27,s1_clean,8.275272196622463,9.90949250147166,False,False,False,vlp_only,98,8.5,9.5,0.999812565090429,ema
27,s1_clean,8.275272196622463,9.90949250147166,False,False,False,static_fusion,98,8.5,9.5,0.5971306270369743,ema
28,s1_clean,8.516464193829812,9.620395436542294,False,False,False,wifi_only,98,8.5,9.5,0.18256510247539376,ema
28,s1_clean,8.516464193829812,9.620395436542294,False,False,False,vlp_only,98,8.5,9.5,0.9999693781541008,ema
28,s1_clean,8.516464193829812,9.620395436542294,False,False,False,static_fusion,98,8.5,9.5,0.5912672403147474,ema
29,s1_clean,8.726745769238578,9.594339738596462,False,False,False,wifi_only,98,8.5,9.5,0.2016750340319627,ema
29,s1_clean,8.726745769238578,9.594339738596462,False,False,False,vlp_only,98,8.5,9.5,0.9999682835022506,ema
29,s1_clean,8.726745769238578,9.594339738596462,False,False,False,static_fusion,98,8.5,9.5,0.6008216587671067,ema
30,s1_clean,8.943827322619104,9.579744922705936,False,False,False,wifi_only,88,8.5,8.5,0.17508608895922,ema
30,s1_clean,8.943827322619104,9.579744922705936,False,False,False,vlp_only,98,8.5,9.5,0.9998744246351534,ema
30,s1_clean,8.943827322619104,9.579744922705936,False,False,False,static_fusion,98,8.5,9.5,0.5851093093923687,ema
31,s1_clean,9.351601400735191,9.795243901577573,False,False,False,wifi_only,88,8.5,8.5,0.17372810413095996,ema
31,s1_clean,9.351601400735191,9.795243901577573,False,False,False,vlp_only,99,9.5,9.5,0.9999999999010001,ema
31,s1_clean,9.351601400735191,9.795243901577573,False,False,False,static_fusion,99,9.5,9.5,0.5307967815195886,ema
32,s1_clean,9.577016681956424,9.919176372465715,False,False,False,wifi_only,89,9.5,8.5,0.1784730354823794,ema
32,s1_clean,9.577016681956424,9.919176372465715,False,False,False,vlp_only,99,9.5,9.5,0.9999999999010001,ema
32,s1_clean,9.577016681956424,9.919176372465715,False,False,False,static_fusion,99,9.5,9.5,0.5749734145771512,ema
33,s1_clean,9.147990241252389,9.767587766470918,False,False,False,wifi_only,88,8.5,8.5,0.15694313069888838,ema
33,s1_clean,9.147990241252389,9.767587766470918,False,False,False,vlp_only,99,9.5,9.5,0.9999999999010001,ema
33,s1_clean,9.147990241252389,9.767587766470918,False,False,False,static_fusion,99,9.5,9.5,0.5653124820019556,ema
34,s1_clean,8.966209639861209,9.397254516581212,False,False,False,wifi_only,98,8.5,9.5,0.20438612321831154,ema
34,s1_clean,8.966209639861209,9.397254516581212,False,False,False,vlp_only,99,9.5,9.5,0.9999999999010001,ema
34,s1_clean,8.966209639861209,9.397254516581212,False,False,False,static_fusion,99,9.5,9.5,0.5618927284615112,ema
35,s1_clean,8.92197380793632,9.185323746168985,False,False,False,wifi_only,98,8.5,9.5,0.21245564215355422,ema
35,s1_clean,8.92197380793632,9.185323746168985,False,False,False,vlp_only,98,8.5,9.5,0.9958874861598026,ema
35,s1_clean,8.92197380793632,9.185323746168985,False,False,False,static_fusion,98,8.5,9.5,0.6041715641566784,ema
36,s1_clean,8.914109042937588,8.939758011878457,False,False,False,wifi_only,98,8.5,9.5,0.16358949628339386,ema
36,s1_clean,8.914109042937588,8.939758011878457,False,False,False,vlp_only,98,8.5,9.5,0.9728195676528517,ema
36,s1_clean,8.914109042937588,8.939758011878457,False,False,False,static_fusion,98,8.5,9.5,0.5682045319681229,ema
37,s1_clean,9.07928845907877,8.665910920697108,False,False,False,wifi_only,98,8.5,9.5,0.186645181579617,ema
37,s1_clean,9.07928845907877,8.665910920697108,False,False,False,vlp_only,89,9.5,8.5,0.5127952387245572,ema
37,s1_clean,9.07928845907877,8.665910920697108,False,False,False,static_fusion,98,8.5,9.5,0.33692497137852995,ema
38,s1_clean,9.268317079915311,8.479283196707053,False,False,False,wifi_only,89,9.5,8.5,0.17450993289137634,ema
38,s1_clean,9.268317079915311,8.479283196707053,False,False,False,vlp_only,89,9.5,8.5,0.9321724816597043,ema
38,s1_clean,9.268317079915311,8.479283196707053,False,False,False,static_fusion,89,9.5,8.5,0.5533412072755404,ema
39,s1_clean,9.629151173072932,8.405680386891111,False,False,False,wifi_only,89,9.5,8.5,0.23530612939848328,ema
39,s1_clean,9.629151173072932,8.405680386891111,False,False,False,vlp_only,89,9.5,8.5,0.9988827724024747,ema
39,s1_clean,9.629151173072932,8.405680386891111,False,False,False,static_fusion,89,9.5,8.5,0.617094450900479,ema
40,s1_clean,9.137911967096755,8.357214530377181,False,False,False,wifi_only,89,9.5,8.5,0.25823085177590877,ema
40,s1_clean,9.137911967096755,8.357214530377181,False,False,False,vlp_only,89,9.5,8.5,0.9999922455305224,ema
40,s1_clean,9.137911967096755,8.357214530377181,False,False,False,static_fusion,89,9.5,8.5,0.6291115486532154,ema
41,s1_clean,8.850804346095984,8.419767971950433,False,False,False,wifi_only,89,9.5,8.5,0.18719745593706652,ema
41,s1_clean,8.850804346095984,8.419767971950433,False,False,False,vlp_only,89,9.5,8.5,0.9999891047590214,ema
41,s1_clean,8.850804346095984,8.419767971950433,False,False,False,static_fusion,89,9.5,8.5,0.5935932803480439,ema
42,s1_clean,8.608468710412893,8.558343031691317,False,False,False,wifi_only,98,8.5,9.5,0.2374823760007192,ema
42,s1_clean,8.608468710412893,8.558343031691317,False,False,False,vlp_only,88,8.5,8.5,0.9999999999010001,ema
42,s1_clean,8.608468710412893,8.558343031691317,False,False,False,static_fusion,88,8.5,8.5,0.578545778619369,ema
43,s1_clean,8.31237088540844,8.610789569269624,False,False,False,wifi_only,98,8.5,9.5,0.1623057599259922,ema
43,s1_clean,8.31237088540844,8.610789569269624,False,False,False,vlp_only,88,8.5,8.5,0.9999999999005906,ema
43,s1_clean,8.31237088540844,8.610789569269624,False,False,False,static_fusion,88,8.5,8.5,0.5728197194809037,ema
44,s1_clean,7.876973615803656,8.676310108296393,False,False,False,wifi_only,98,8.5,9.5,0.2076305864494984,ema
44,s1_clean,7.876973615803656,8.676310108296393,False,False,False,vlp_only,88,8.5,8.5,0.9999999998879617,ema
44,s1_clean,7.876973615803656,8.676310108296393,False,False,False,static_fusion,88,8.5,8.5,0.5795039863577351,ema
45,s1_clean,7.69864374306643,8.764902399912266,False,False,False,wifi_only,98,8.5,9.5,0.14336947961167043,ema
45,s1_clean,7.69864374306643,8.764902399912266,False,False,False,vlp_only,88,8.5,8.5,0.999997086668764,ema
45,s1_clean,7.69864374306643,8.764902399912266,False,False,False,static_fusion,88,8.5,8.5,0.5671836526747144,ema
46,s1_clean,7.492119654821085,8.780131979271454,False,False,False,wifi_only,88,8.5,8.5,0.12727076813477534,ema
46,s1_clean,7.492119654821085,8.780131979271454,False,False,False,vlp_only,88,8.5,8.5,0.8112832476731454,ema
46,s1_clean,7.492119654821085,8.780131979271454,False,False,False,static_fusion,88,8.5,8.5,0.46927700790396026,ema
47,s1_clean,7.191471021360378,8.723132508528103,False,False,False,wifi_only,87,7.5,8.5,0.1680691340171713,ema
47,s1_clean,7.191471021360378,8.723132508528103,False,False,False,vlp_only,87,7.5,8.5,0.9999999818633845,ema
47,s1_clean,7.191471021360378,8.723132508528103,False,False,False,static_fusion,87,7.5,8.5,0.5840345579402779,ema
48,s1_clean,6.992004119632241,8.748418280606632,False,False,False,wifi_only,87,7.5,8.5,0.17368657533541296,ema
48,s1_clean,6.992004119632241,8.748418280606632,False,False,False,vlp_only,87,7.5,8.5,0.9999999999010001,ema
48,s1_clean,6.992004119632241,8.748418280606632,False,False,False,static_fusion,87,7.5,8.5,0.5868432876182066,ema
49,s1_clean,6.846275017181253,8.922858028731762,False,False,False,wifi_only,76,6.5,7.5,0.17665005560860172,ema
49,s1_clean,6.846275017181253,8.922858028731762,False,False,False,vlp_only,97,7.5,9.5,0.9999999999010001,ema
49,s1_clean,6.846275017181253,8.922858028731762,False,False,False,static_fusion,97,7.5,9.5,0.5367523142809474,ema
50,s1_clean,6.689596236262092,9.105068122957537,False,False,False,wifi_only,76,6.5,7.5,0.2327748633674991,ema
50,s1_clean,6.689596236262092,9.105068122957537,False,False,False,vlp_only,97,7.5,9.5,0.9998330653006356,ema
50,s1_clean,6.689596236262092,9.105068122957537,False,False,False,static_fusion,97,7.5,9.5,0.5224035809504044,ema
51,s1_clean,6.651524336471364,9.303485813902295,False,False,False,wifi_only,86,6.5,8.5,0.26548562140184717,ema
51,s1_clean,6.651524336471364,9.303485813902295,False,False,False,vlp_only,86,6.5,8.5,0.9977367479175189,ema
51,s1_clean,6.651524336471364,9.303485813902295,False,False,False,static_fusion,86,6.5,8.5,0.631611184659683,ema
52,s1_clean,6.511030711247975,9.630572115899897,False,False,False,wifi_only,86,6.5,8.5,0.2177192647745088,ema
52,s1_clean,6.511030711247975,9.630572115899897,False,False,False,vlp_only,86,6.5,8.5,0.9998920982561731,ema
52,s1_clean,6.511030711247975,9.630572115899897,False,False,False,static_fusion,86,6.5,8.5,0.608805681515341,ema
53,s1_clean,6.420605168362592,9.834308948608536,False,False,False,wifi_only,86,6.5,8.5,0.26371463622326735,ema
53,s1_clean,6.420605168362592,9.834308948608536,False,False,False,vlp_only,96,6.5,9.5,0.9999999999010001,ema
53,s1_clean,6.420605168362592,9.834308948608536,False,False,False,static_fusion,96,6.5,9.5,0.6106335604122749,ema
54,s1_clean,6.482295444389094,9.655075180886994,False,False,False,wifi_only,96,6.5,9.5,0.24658047070367686,ema
54,s1_clean,6.482295444389094,9.655075180886994,False,False,False,vlp_only,96,6.5,9.5,0.9999999999010001,ema
54,s1_clean,6.482295444389094,9.655075180886994,False,False,False,static_fusion,96,6.5,9.5,0.6232902353023385,ema
55,s1_clean,6.562363950563185,9.549970952544058,False,False,False,wifi_only,96,6.5,9.5,0.22013480907331165,ema
55,s1_clean,6.562363950563185,9.549970952544058,False,False,False,vlp_only,96,6.5,9.5,0.9999999999010001,ema
55,s1_clean,6.562363950563185,9.549970952544058,False,False,False,static_fusion,96,6.5,9.5,0.6100674044871559,ema
56,s1_clean,6.608994574111493,9.255964739086862,False,False,False,wifi_only,96,6.5,9.5,0.25322002385827935,ema
56,s1_clean,6.608994574111493,9.255964739086862,False,False,False,vlp_only,96,6.5,9.5,0.9999999999010001,ema
56,s1_clean,6.608994574111493,9.255964739086862,False,False,False,static_fusion,96,6.5,9.5,0.6266100118796397,ema
57,s1_clean,6.638238185227195,8.788984466893778,False,False,False,wifi_only,96,6.5,9.5,0.24367273984797286,ema
57,s1_clean,6.638238185227195,8.788984466893778,False,False,False,vlp_only,96,6.5,9.5,0.9999999986867472,ema
57,s1_clean,6.638238185227195,8.788984466893778,False,False,False,static_fusion,96,6.5,9.5,0.62183636926736,ema
58,s1_clean,6.715833516903254,8.506019535638835,False,False,False,wifi_only,96,6.5,9.5,0.24270834159221916,ema
58,s1_clean,6.715833516903254,8.506019535638835,False,False,False,vlp_only,86,6.5,8.5,0.9999999999010001,ema
58,s1_clean,6.715833516903254,8.506019535638835,False,False,False,static_fusion,86,6.5,8.5,0.5812471615202949,ema
59,s1_clean,6.712650009001855,8.176417392861678,False,False,False,wifi_only,96,6.5,9.5,0.27173802668538705,ema
59,s1_clean,6.712650009001855,8.176417392861678,False,False,False,vlp_only,86,6.5,8.5,0.9999999999010001,ema
59,s1_clean,6.712650009001855,8.176417392861678,False,False,False,static_fusion,86,6.5,8.5,0.6014393040240791,ema
60,s1_clean,6.866771266170202,7.830791223796943,False,False,False,wifi_only,86,6.5,8.5,0.20436527467936264,ema
60,s1_clean,6.866771266170202,7.830791223796943,False,False,False,vlp_only,86,6.5,8.5,0.9999999985598811,ema
60,s1_clean,6.866771266170202,7.830791223796943,False,False,False,static_fusion,86,6.5,8.5,0.6021826366196219,ema
61,s1_clean,6.935196676516079,7.575933102373101,False,False,False,wifi_only,76,6.5,7.5,0.18799950915087296,ema
61,s1_clean,6.935196676516079,7.575933102373101,False,False,False,vlp_only,86,6.5,8.5,0.9903349174927197,ema
61,s1_clean,6.935196676516079,7.575933102373101,False,False,False,static_fusion,86,6.5,8.5,0.5517656651925381,ema
62,s1_clean,6.925151254140051,7.098088212920689,False,False,False,wifi_only,76,6.5,7.5,0.14940243877825377,ema
62,s1_clean,6.925151254140051,7.098088212920689,False,False,False,vlp_only,76,6.5,7.5,0.9999999556012877,ema
62,s1_clean,6.925151254140051,7.098088212920689,False,False,False,static_fusion,76,6.5,7.5,0.5747011971897708,ema
63,s1_clean,6.9536901632065256,6.989777604364947,False,False,False,wifi_only,76,6.5,7.5,0.11595854301042591,ema
63,s1_clean,6.9536901632065256,6.989777604364947,False,False,False,vlp_only,76,6.5,7.5,0.9999999999010001,ema
63,s1_clean,6.9536901632065256,6.989777604364947,False,False,False,static_fusion,76,6.5,7.5,0.5579792714557129,ema
64,s1_clean,6.966708536003405,6.623992067365702,False,False,False,wifi_only,66,6.5,6.5,0.14547608652028357,ema
64,s1_clean,6.966708536003405,6.623992067365702,False,False,False,vlp_only,76,6.5,7.5,0.9999988940705993,ema
64,s1_clean,6.966708536003405,6.623992067365702,False,False,False,static_fusion,76,6.5,7.5,0.519899675260056,ema
65,s1_clean,7.006265988225517,6.167924934295798,False,False,False,wifi_only,77,7.5,7.5,0.1514116336410891,ema
65,s1_clean,7.006265988225517,6.167924934295798,False,False,False,vlp_only,67,7.5,6.5,0.9999999999010001,ema
65,s1_clean,7.006265988225517,6.167924934295798,False,False,False,static_fusion,67,7.5,6.5,0.5619031430822837,ema
66,s1_clean,7.195573035758812,5.900698987196131,False,False,False,wifi_only,67,7.5,6.5,0.16450662514088157,ema
66,s1_clean,7.195573035758812,5.900698987196131,False,False,False,vlp_only,66,6.5,6.5,0.9999999999010001,ema
66,s1_clean,7.195573035758812,5.900698987196131,False,False,False,static_fusion,66,6.5,6.5,0.5613579975273081,ema
67,s1_clean,7.214622128011173,5.480629494443392,False,False,False,wifi_only,67,7.5,6.5,0.1689809262078634,ema
67,s1_clean,7.214622128011173,5.480629494443392,False,False,False,vlp_only,66,6.5,6.5,0.9999999999010001,ema
67,s1_clean,7.214622128011173,5.480629494443392,False,False,False,static_fusion,66,6.5,6.5,0.549966654644814,ema
68,s1_clean,7.224596969394833,5.365365355851328,False,False,False,wifi_only,57,7.5,5.5,0.1735789656367676,ema
68,s1_clean,7.224596969394833,5.365365355851328,False,False,False,vlp_only,57,7.5,5.5,0.9999999999010002,ema
68,s1_clean,7.224596969394833,5.365365355851328,False,False,False,static_fusion,57,7.5,5.5,0.5867894827688839,ema
69,s1_clean,7.3987606078939105,4.973012310374174,False,False,False,wifi_only,58,8.5,5.5,0.15422838493417967,ema
69,s1_clean,7.3987606078939105,4.973012310374174,False,False,False,vlp_only,57,7.5,5.5,0.9999999999010002,ema
69,s1_clean,7.3987606078939105,4.973012310374174,False,False,False,static_fusion,57,7.5,5.5,0.5674414939049504,ema
70,s1_clean,7.635914401899096,4.715226258016342,False,False,False,wifi_only,58,8.5,5.5,0.13688024329688986,ema
70,s1_clean,7.635914401899096,4.715226258016342,False,False,False,vlp_only,57,7.5,5.5,0.9999999998896415,ema
70,s1_clean,7.635914401899096,4.715226258016342,False,False,False,static_fusion,57,7.5,5.5,0.5477234497877956,ema
71,s1_clean,7.871357392106725,4.543524489496297,False,False,False,wifi_only,47,7.5,4.5,0.17027519583759204,ema
71,s1_clean,7.871357392106725,4.543524489496297,False,False,False,vlp_only,47,7.5,4.5,0.9999999505413459,ema
71,s1_clean,7.871357392106725,4.543524489496297,False,False,False,static_fusion,47,7.5,4.5,0.5851375731894689,ema
72,s1_clean,8.272955973874682,4.373796974104669,False,False,False,wifi_only,48,8.5,4.5,0.1600413440904929,ema
72,s1_clean,8.272955973874682,4.373796974104669,False,False,False,vlp_only,47,7.5,4.5,0.9872795367405328,ema
72,s1_clean,8.272955973874682,4.373796974104669,False,False,False,static_fusion,47,7.5,4.5,0.5701869107323837,ema
73,s1_clean,8.62151579149036,4.028494957379147,False,False,False,wifi_only,48,8.5,4.5,0.1798878806521226,ema
73,s1_clean,8.62151579149036,4.028494957379147,False,False,False,vlp_only,48,8.5,4.5,0.9965386064456703,ema
73,s1_clean,8.62151579149036,4.028494957379147,False,False,False,static_fusion,48,8.5,4.5,0.5882132435488964,ema
74,s1_clean,8.748435457425892,3.685738487590071,False,False,False,wifi_only,49,9.5,4.5,0.19117985753735772,ema
74,s1_clean,8.748435457425892,3.685738487590071,False,False,False,vlp_only,48,8.5,4.5,0.9999994989490429,ema
74,s1_clean,8.748435457425892,3.685738487590071,False,False,False,static_fusion,48,8.5,4.5,0.5818719071175487,ema
75,s1_clean,8.835085190139699,3.5526052200138745,False,False,False,wifi_only,49,9.5,4.5,0.17875103827005961,ema
75,s1_clean,8.835085190139699,3.5526052200138745,False,False,False,vlp_only,39,9.5,3.5,0.9999999999010002,ema
75,s1_clean,8.835085190139699,3.5526052200138745,False,False,False,static_fusion,39,9.5,3.5,0.5619795577612774,ema
76,s1_clean,8.909093693609096,3.3558416683741257,False,False,False,wifi_only,38,8.5,3.5,0.2325804126251685,ema
76,s1_clean,8.909093693609096,3.3558416683741257,False,False,False,vlp_only,39,9.5,3.5,0.9999999999010002,ema
76,s1_clean,8.909093693609096,3.3558416683741257,False,False,False,static_fusion,39,9.5,3.5,0.5927739022320179,ema
77,s1_clean,9.099711473119482,3.177715842546163,False,False,False,wifi_only,39,9.5,3.5,0.2892776074526452,ema
77,s1_clean,9.099711473119482,3.177715842546163,False,False,False,vlp_only,38,8.5,3.5,0.9999999999010002,ema
77,s1_clean,9.099711473119482,3.177715842546163,False,False,False,static_fusion,38,8.5,3.5,0.6235717828686451,ema
78,s1_clean,9.333851006911315,2.7984046692967013,False,False,False,wifi_only,39,9.5,3.5,0.3549592071231938,ema
78,s1_clean,9.333851006911315,2.7984046692967013,False,False,False,vlp_only,38,8.5,3.5,0.9999999999010002,ema
78,s1_clean,9.333851006911315,2.7984046692967013,False,False,False,static_fusion,38,8.5,3.5,0.6266784806867182,ema
79,s1_clean,9.466292753776418,2.334363853065204,False,False,False,wifi_only,39,9.5,3.5,0.2599622829403952,ema
79,s1_clean,9.466292753776418,2.334363853065204,False,False,False,vlp_only,29,9.5,2.5,0.9999999530078547,ema
79,s1_clean,9.466292753776418,2.334363853065204,False,False,False,static_fusion,29,9.5,2.5,0.5589440890947802,ema
80,s1_clean,9.611899936659418,2.123312718823533,False,False,False,wifi_only,29,9.5,2.5,0.373519023357245,ema
80,s1_clean,9.611899936659418,2.123312718823533,False,False,False,vlp_only,29,9.5,2.5,0.9999999999010002,ema
80,s1_clean,9.611899936659418,2.123312718823533,False,False,False,static_fusion,29,9.5,2.5,0.6867595116291226,ema
81,s1_clean,9.858322040787618,1.7145087247330029,False,False,False,wifi_only,29,9.5,2.5,0.44270551010275194,ema
81,s1_clean,9.858322040787618,1.7145087247330029,False,False,False,vlp_only,29,9.5,2.5,0.9999999980306515,ema
81,s1_clean,9.858322040787618,1.7145087247330029,False,False,False,static_fusion,29,9.5,2.5,0.7213527540667015,ema
82,s1_clean,9.758809756481527,1.8587665766892736,False,False,False,wifi_only,29,9.5,2.5,0.35206385905767484,ema
82,s1_clean,9.758809756481527,1.8587665766892736,False,False,False,vlp_only,29,9.5,2.5,0.9999900812825393,ema
82,s1_clean,9.758809756481527,1.8587665766892736,False,False,False,static_fusion,29,9.5,2.5,0.6760269701701069,ema
83,s1_clean,9.674741536762076,1.980219721792202,False,False,False,wifi_only,29,9.5,2.5,0.3711540535170392,ema
83,s1_clean,9.674741536762076,1.980219721792202,False,False,False,vlp_only,29,9.5,2.5,0.9589035148980898,ema
83,s1_clean,9.674741536762076,1.980219721792202,False,False,False,static_fusion,29,9.5,2.5,0.6650287842075644,ema
84,s1_clean,9.543539060630476,2.38811292843674,False,False,False,wifi_only,29,9.5,2.5,0.32135547808752335,ema
84,s1_clean,9.543539060630476,2.38811292843674,False,False,False,vlp_only,29,9.5,2.5,0.989489086539932,ema
84,s1_clean,9.543539060630476,2.38811292843674,False,False,False,static_fusion,29,9.5,2.5,0.6554222823137275,ema
85,s1_clean,9.538461254265044,2.548657706440192,False,False,False,wifi_only,28,8.5,2.5,0.31233156294439685,ema
85,s1_clean,9.538461254265044,2.548657706440192,False,False,False,vlp_only,29,9.5,2.5,0.9999893243772806,ema
85,s1_clean,9.538461254265044,2.548657706440192,False,False,False,static_fusion,29,9.5,2.5,0.6173106804275315,ema
86,s1_clean,9.544593459510066,2.7077556794947983,False,False,False,wifi_only,28,8.5,2.5,0.3243155079682011,ema
86,s1_clean,9.544593459510066,2.7077556794947983,False,False,False,vlp_only,29,9.5,2.5,0.9999999977965767,ema
86,s1_clean,9.544593459510066,2.7077556794947983,False,False,False,static_fusion,29,9.5,2.5,0.6312334705896754,ema
87,s1_clean,9.633379023943917,3.061085408030138,False,False,False,wifi_only,28,8.5,2.5,0.268178465259262,ema
87,s1_clean,9.633379023943917,3.061085408030138,False,False,False,vlp_only,29,9.5,2.5,0.9999999999010002,ema
87,s1_clean,9.633379023943917,3.061085408030138,False,False,False,static_fusion,29,9.5,2.5,0.6312681552835712,ema
88,s1_clean,9.752600157839524,3.198956190033732,False,False,False,wifi_only,29,9.5,2.5,0.2988796243468025,ema
88,s1_clean,9.752600157839524,3.198956190033732,False,False,False,vlp_only,39,9.5,3.5,0.9999999999010002,ema
88,s1_clean,9.752600157839524,3.198956190033732,False,False,False,static_fusion,39,9.5,3.5,0.5289812015576774,ema
89,s1_clean,9.40578903862998,2.8552477628804214,False,False,False,wifi_only,29,9.5,2.5,0.22989609957419457,ema
89,s1_clean,9.40578903862998,2.8552477628804214,False,False,False,vlp_only,29,9.5,2.5,0.9999999999010002,ema
89,s1_clean,9.40578903862998,2.8552477628804214,False,False,False,static_fusion,29,9.5,2.5,0.6149480497375974,ema
90,s1_clean,9.127964250423506,2.698331211248074,False,False,False,wifi_only,28,8.5,2.5,0.20076284333456781,ema
90,s1_clean,9.127964250423506,2.698331211248074,False,False,False,vlp_only,29,9.5,2.5,0.9999999999010002,ema
90,s1_clean,9.127964250423506,2.698331211248074,False,False,False,static_fusion,29,9.5,2.5,0.5863417864531554,ema
91,s1_clean,8.800406594259712,2.6051004251712406,False,False,False,wifi_only,28,8.5,2.5,0.27814754140443415,ema
91,s1_clean,8.800406594259712,2.6051004251712406,False,False,False,vlp_only,29,9.5,2.5,0.9999999999010002,ema
91,s1_clean,8.800406594259712,2.6051004251712406,False,False,False,static_fusion,29,9.5,2.5,0.6349566059768024,ema
92,s1_clean,8.550281299097398,2.456641319624944,False,False,False,wifi_only,28,8.5,2.5,0.3069112016062198,ema
92,s1_clean,8.550281299097398,2.456641319624944,False,False,False,vlp_only,29,9.5,2.5,0.9999999999010002,ema
92,s1_clean,8.550281299097398,2.456641319624944,False,False,False,static_fusion,29,9.5,2.5,0.639193319500566,ema
93,s1_clean,8.206258987477604,2.220074095586588,False,False,False,wifi_only,29,9.5,2.5,0.3155092300244727,ema
93,s1_clean,8.206258987477604,2.220074095586588,False,False,False,vlp_only,28,8.5,2.5,0.9999999998915162,ema
93,s1_clean,8.206258987477604,2.220074095586588,False,False,False,static_fusion,28,8.5,2.5,0.6389494366646912,ema
94,s1_clean,7.989681515495209,2.1664204126445497,False,False,False,wifi_only,28,8.5,2.5,0.3751150557008761,ema
94,s1_clean,7.989681515495209,2.1664204126445497,False,False,False,vlp_only,28,8.5,2.5,0.9999999821009095,ema
94,s1_clean,7.989681515495209,2.1664204126445497,False,False,False,static_fusion,28,8.5,2.5,0.6875575189008928,ema
95,s1_clean,7.820856477729749,2.216688844603764,False,False,False,wifi_only,28,8.5,2.5,0.2882924171338824,ema
95,s1_clean,7.820856477729749,2.216688844603764,False,False,False,vlp_only,28,8.5,2.5,0.9999961308377128,ema
95,s1_clean,7.820856477729749,2.216688844603764,False,False,False,static_fusion,28,8.5,2.5,0.6441442739857974,ema
96,s1_clean,7.438849577500529,2.091977264871964,False,False,False,wifi_only,17,7.5,1.5,0.3244584344120492,ema
96,s1_clean,7.438849577500529,2.091977264871964,False,False,False,vlp_only,27,7.5,2.5,0.9086166479529441,ema
96,s1_clean,7.438849577500529,2.091977264871964,False,False,False,static_fusion,27,7.5,2.5,0.5065298806351228,ema
97,s1_clean,7.303823403549243,2.032738937171799,False,False,False,wifi_only,17,7.5,1.5,0.37202601871419916,ema
97,s1_clean,7.303823403549243,2.032738937171799,False,False,False,vlp_only,27,7.5,2.5,0.6239206924391024,ema
97,s1_clean,7.303823403549243,2.032738937171799,False,False,False,static_fusion,17,7.5,1.5,0.3740526373017624,ema
98,s1_clean,7.052510845305025,1.9258529473001484,False,False,False,wifi_only,27,7.5,2.5,0.20277619975163277,ema
98,s1_clean,7.052510845305025,1.9258529473001484,False,False,False,vlp_only,17,7.5,1.5,0.9328296382779281,ema
98,s1_clean,7.052510845305025,1.9258529473001484,False,False,False,static_fusion,17,7.5,1.5,0.5504434866926724,ema
99,s1_clean,6.623312112175848,1.726390708485309,False,False,False,wifi_only,27,7.5,2.5,0.23795769370430803,ema
99,s1_clean,6.623312112175848,1.726390708485309,False,False,False,vlp_only,17,7.5,1.5,0.9966620388649975,ema
99,s1_clean,6.623312112175848,1.726390708485309,False,False,False,static_fusion,17,7.5,1.5,0.5366017652007704,ema
0,s2_wifi_degraded,7.708518498956285,6.537185189018777,False,False,False,wifi_only,68,8.5,6.5,0.12868552503061265,raw
0,s2_wifi_degraded,7.708518498956285,6.537185189018777,False,False,False,vlp_only,67,7.5,6.5,0.9999997885444769,raw
0,s2_wifi_degraded,7.708518498956285,6.537185189018777,False,False,False,static_fusion,67,7.5,6.5,0.5386719226151321,raw
1,s2_wifi_degraded,7.762228944549189,6.781375783910273,False,False,False,wifi_only,67,7.5,6.5,0.11753029794301612,raw
1,s2_wifi_degraded,7.762228944549189,6.781375783910273,False,False,False,vlp_only,67,7.5,6.5,0.999999935773835,raw
1,s2_wifi_degraded,7.762228944549189,6.781375783910273,False,False,False,static_fusion,67,7.5,6.5,0.5587651168584256,raw
2,s2_wifi_degraded,7.839130958677583,7.167874595498286,False,False,False,wifi_only,77,7.5,7.5,0.16574165319047865,raw
2,s2_wifi_degraded,7.839130958677583,7.167874595498286,False,False,False,vlp_only,77,7.5,7.5,0.9999896101580228,raw
2,s2_wifi_degraded,7.839130958677583,7.167874595498286,False,False,False,static_fusion,77,7.5,7.5,0.5828656316742508,raw
3,s2_wifi_degraded,7.94346543019908,7.5103051184045535,False,False,False,wifi_only,72,2.5,7.5,0.09611147162916796,raw
3,s2_wifi_degraded,7.94346543019908,7.5103051184045535,False,False,False,vlp_only,78,8.5,7.5,0.9447872311958413,raw
3,s2_wifi_degraded,7.94346543019908,7.5103051184045535,False,False,False,static_fusion,78,8.5,7.5,0.4860725714543881,raw
4,s2_wifi_degraded,7.999186140694022,7.623886621271602,False,False,False,wifi_only,91,1.5,9.5,0.15140692699078578,raw
4,s2_wifi_degraded,7.999186140694022,7.623886621271602,False,False,False,vlp_only,77,7.5,7.5,0.9999954477572437,raw
4,s2_wifi_degraded,7.999186140694022,7.623886621271602,False,False,False,static_fusion,77,7.5,7.5,0.5128469759034024,raw
5,s2_wifi_degraded,8.226562675373907,7.955827377167044,False,False,False,wifi_only,78,8.5,7.5,0.17340915191732165,raw
5,s2_wifi_degraded,8.226562675373907,7.955827377167044,False,False,False,vlp_only,88,8.5,8.5,0.9350797173838447,raw
5,s2_wifi_degraded,8.226562675373907,7.955827377167044,False,False,False,static_fusion,88,8.5,8.5,0.5196429738054734,raw
6,s2_wifi_degraded,8.280648608306477,8.135508799595996,False,False,False,wifi_only,99,9.5,9.5,0.2314166533298714,raw
6,s2_wifi_degraded,8.280648608306477,8.135508799595996,False,False,False,vlp_only,88,8.5,8.5,0.9997142437175972,raw
6,s2_wifi_degraded,8.280648608306477,8.135508799595996,False,False,False,static_fusion,88,8.5,8.5,0.567360145982258,raw
7,s2_wifi_degraded,8.426531854440203,8.334139776009467,False,False,False,wifi_only,97,7.5,9.5,0.27173680710207065,raw
7,s2_wifi_degraded,8.426531854440203,8.334139776009467,False,False,False,vlp_only,88,8.5,8.5,0.9999999904974846,raw
7,s2_wifi_degraded,8.426531854440203,8.334139776009467,False,False,False,static_fusion,88,8.5,8.5,0.5511768949701917,raw
8,s2_wifi_degraded,8.640813839766498,8.694587576233882,False,False,False,wifi_only,98,8.5,9.5,0.17706415981145573,raw
8,s2_wifi_degraded,8.640813839766498,8.694587576233882,False,False,False,vlp_only,88,8.5,8.5,0.9999999999010001,raw
8,s2_wifi_degraded,8.640813839766498,8.694587576233882,False,False,False,static_fusion,88,8.5,8.5,0.5810917993723993,raw
9,s2_wifi_degraded,8.773434572913224,8.991156753090223,False,False,False,wifi_only,71,1.5,7.5,0.10440733882079126,raw
9,s2_wifi_degraded,8.773434572913224,8.991156753090223,False,False,False,vlp_only,98,8.5,9.5,0.999833249246087,raw
9,s2_wifi_degraded,8.773434572913224,8.991156753090223,False,False,False,static_fusion,98,8.5,9.5,0.5085474596167736,raw
10,s2_wifi_degraded,8.969081214365445,9.315966535180728,True,False,False,wifi_only,69,9.5,6.5,0.28217063706557916,raw
10,s2_wifi_degraded,8.969081214365445,9.315966535180728,True,False,False,vlp_only,98,8.5,9.5,0.9999772433345548,raw
10,s2_wifi_degraded,8.969081214365445,9.315966535180728,True,False,False,static_fusion,98,8.5,9.5,0.5009327383374489,raw
11,s2_wifi_degraded,9.158262661443551,9.76651178862036,True,False,False,wifi_only,56,6.5,5.5,0.19260412332176496,raw
11,s2_wifi_degraded,9.158262661443551,9.76651178862036,True,False,False,vlp_only,99,9.5,9.5,0.9999999999010001,raw
11,s2_wifi_degraded,9.158262661443551,9.76651178862036,True,False,False,static_fusion,99,9.5,9.5,0.5000062308138038,raw
12,s2_wifi_degraded,9.226935916965898,9.928675601070118,True,False,False,wifi_only,60,0.5,6.5,0.2860697514138652,raw
12,s2_wifi_degraded,9.226935916965898,9.928675601070118,True,False,False,vlp_only,99,9.5,9.5,0.9999999999010001,raw
12,s2_wifi_degraded,9.226935916965898,9.928675601070118,True,False,False,static_fusion,99,9.5,9.5,0.5005844943042634,raw
13,s2_wifi_degraded,9.28457534064934,9.54739973958025,True,False,False,wifi_only,99,9.5,9.5,0.47767527298231877,raw
13,s2_wifi_degraded,9.28457534064934,9.54739973958025,True,False,False,vlp_only,99,9.5,9.5,0.9999999999010001,raw
13,s2_wifi_degraded,9.28457534064934,9.54739973958025,True,False,False,static_fusion,99,9.5,9.5,0.7388376364416595,raw
14,s2_wifi_degraded,9.55154708556551,9.187880405968292,True,False,False,wifi_only,89,9.5,8.5,0.2249092324227006,raw
14,s2_wifi_degraded,9.55154708556551,9.187880405968292,True,False,False,vlp_only,99,9.5,9.5,0.9999999999010001,raw
14,s2_wifi_degraded,9.55154708556551,9.187880405968292,True,False,False,static_fusion,99,9.5,9.5,0.608997741379546,raw
15,s2_wifi_degraded,9.66616567574389,8.964158259736895,True,False,False,wifi_only,59,9.5,5.5,0.3098459995524423,raw
15,s2_wifi_degraded,9.66616567574389,8.964158259736895,True,False,False,vlp_only,99,9.5,9.5,0.9999999999010001,raw
15,s2_wifi_degraded,9.66616567574389,8.964158259736895,True,False,False,static_fusion,99,9.5,9.5,0.501651383094572,raw
16,s2_wifi_degraded,9.783739284953958,8.603729760291959,True,False,False,wifi_only,99,9.5,9.5,0.6294061288629219,raw
16,s2_wifi_degraded,9.783739284953958,8.603729760291959,True,False,False,vlp_only,99,9.5,9.5,0.9999999999010001,raw
16,s2_wifi_degraded,9.783739284953958,8.603729760291959,True,False,False,static_fusion,99,9.5,9.5,0.814703064381961,raw
17,s2_wifi_degraded,9.816728934060924,8.290196131329282,True,False,False,wifi_only,98,8.5,9.5,0.23338784940663074,raw
17,s2_wifi_degraded,9.816728934060924,8.290196131329282,True,False,False,vlp_only,89,9.5,8.5,0.999967287387252,raw
17,s2_wifi_degraded,9.816728934060924,8.290196131329282,True,False,False,static_fusion,89,9.5,8.5,0.5484403143058815,raw
18,s2_wifi_degraded,9.898369940505676,8.170920930516099,True,False,False,wifi_only,99,9.5,9.5,0.7503367314525792,raw
18,s2_wifi_degraded,9.898369940505676,8.170920930516099,True,False,False,vlp_only,99,9.5,9.5,0.9999999999010001,raw
18,s2_wifi_degraded,9.898369940505676,8.170920930516099,True,False,False,static_fusion,99,9.5,9.5,0.8751683656767896,raw
19,s2_wifi_degraded,9.760036529571131,8.31653053319644,True,False,False,wifi_only,50,0.5,5.5,0.3999375429762586,raw
19,s2_wifi_degraded,9.760036529571131,8.31653053319644,True,False,False,vlp_only,89,9.5,8.5,0.9974354995111357,raw
19,s2_wifi_degraded,9.760036529571131,8.31653053319644,True,False,False,static_fusion,89,9.5,8.5,0.4987177499261149,raw
20,s2_wifi_degraded,9.637633694040824,8.49751598572513,True,False,False,wifi_only,54,4.5,5.5,0.1256256521358267,raw
20,s2_wifi_degraded,9.637633694040824,8.49751598572513,True,False,False,vlp_only,89,9.5,8.5,0.9999603424988794,raw
20,s2_wifi_degraded,9.637633694040824,8.49751598572513,True,False,False,static_fusion,89,9.5,8.5,0.5002955173545512,raw
21,s2_wifi_degraded,9.488164788775736,8.737066335022115,True,False,False,wifi_only,98,8.5,9.5,0.192120273965527,raw
21,s2_wifi_degraded,9.488164788775736,8.737066335022115,True,False,False,vlp_only,89,9.5,8.5,0.9972025151672586,raw
21,s2_wifi_degraded,9.488164788775736,8.737066335022115,True,False,False,static_fusion,89,9.5,8.5,0.5681677781163215,raw
22,s2_wifi_degraded,9.401483371555605,8.971936242221727,True,False,False,wifi_only,5,5.5,0.5,0.4146228037249412,raw
22,s2_wifi_degraded,9.401483371555605,8.971936242221727,True,False,False,vlp_only,89,9.5,8.5,0.9725676119112138,raw
22,s2_wifi_degraded,9.401483371555605,8.971936242221727,True,False,False,static_fusion,89,9.5,8.5,0.48630289332401916,raw
23,s2_wifi_degraded,9.373588623793506,9.260353868533857,False,False,False,wifi_only,79,9.5,7.5,0.2656695663056737,raw
23,s2_wifi_degraded,9.373588623793506,9.260353868533857,False,False,False,vlp_only,99,9.5,9.5,0.9999999999010001,raw
23,s2_wifi_degraded,9.373588623793506,9.260353868533857,False,False,False,static_fusion,99,9.5,9.5,0.5724782434705813,raw
24,s2_wifi_degraded,9.127375220319832,9.429716922223497,False,False,False,wifi_only,99,9.5,9.5,0.4390359128937089,raw
24,s2_wifi_degraded,9.127375220319832,9.429716922223497,False,False,False,vlp_only,98,8.5,9.5,0.9835838705811568,raw
24,s2_wifi_degraded,9.127375220319832,9.429716922223497,False,False,False,static_fusion,98,8.5,9.5,0.5720322118155287,raw
25,s2_wifi_degraded,8.726509377545842,9.486750180536124,False,False,False,wifi_only,77,7.5,7.5,0.09405054245368669,raw
25,s2_wifi_degraded,8.726509377545842,9.486750180536124,False,False,False,vlp_only,98,8.5,9.5,0.8630055240013084,raw
25,s2_wifi_degraded,8.726509377545842,9.486750180536124,False,False,False,static_fusion,98,8.5,9.5,0.45004729291381657,raw
26,s2_wifi_degraded,8.556615925716626,9.685615586341887,False,False,False,wifi_only,78,8.5,7.5,0.13979345462510454,raw
26,s2_wifi_degraded,8.556615925716626,9.685615586341887,False,False,False,vlp_only,98,8.5,9.5,0.9999997073296532,raw
26,s2_wifi_degraded,8.556615925716626,9.685615586341887,False,False,False,static_fusion,98,8.5,9.5,0.5311586254600525,raw
27,s2_wifi_degraded,8.275272196622463,9.90949250147166,False,False,False,wifi_only,88,8.5,8.5,0.13961839466696926,raw
27,s2_wifi_degraded,8.275272196622463,9.90949250147166,False,False,False,vlp_only,99,9.5,9.5,0.9999999999010001,raw
27,s2_wifi_degraded,8.275272196622463,9.90949250147166,False,False,False,static_fusion,99,9.5,9.5,0.5101086141902577,raw
28,s2_wifi_degraded,8.516464193829812,9.620395436542294,False,False,False,wifi_only,97,7.5,9.5,0.3284696859283196,raw
28,s2_wifi_degraded,8.516464193829812,9.620395436542294,False,False,False,vlp_only,98,8.5,9.5,0.999999860399878,raw
28,s2_wifi_degraded,8.516464193829812,9.620395436542294,False,False,False,static_fusion,98,8.5,9.5,0.5604777839689015,raw
29,s2_wifi_degraded,8.726745769238578,9.594339738596462,False,False,False,wifi_only,99,9.5,9.5,0.23216656340394198,raw
29,s2_wifi_degraded,8.726745769238578,9.594339738596462,False,False,False,vlp_only,98,8.5,9.5,0.99790612738584,raw
29,s2_wifi_degraded,8.726745769238578,9.594339738596462,False,False,False,static_fusion,98,8.5,9.5,0.5779393083908402,raw
30,s2_wifi_degraded,8.943827322619104,9.579744922705936,False,False,False,wifi_only,81,1.5,8.5,0.0856402538578275,raw
30,s2_wifi_degraded,8.943827322619104,9.579744922705936,False,False,False,vlp_only,99,9.5,9.5,0.9999999999010001,raw
30,s2_wifi_degraded,8.943827322619104,9.579744922705936,False,False,False,static_fusion,99,9.5,9.5,0.5042195012871726,raw
31,s2_wifi_degraded,9.351601400735191,9.795243901577573,False,False,False,wifi_only,99,9.5,9.5,0.23013698448578207,raw
31,s2_wifi_degraded,9.351601400735191,9.795243901577573,False,False,False,vlp_only,99,9.5,9.5,0.9999999999010001,raw
31,s2_wifi_degraded,9.351601400735191,9.795243901577573,False,False,False,static_fusion,99,9.5,9.5,0.6150684921933911,raw
32,s2_wifi_degraded,9.577016681956424,9.919176372465715,False,False,False,wifi_only,99,9.5,9.5,0.5117391627391161,raw
32,s2_wifi_degraded,9.577016681956424,9.919176372465715,False,False,False,vlp_only,99,9.5,9.5,0.9999999999010001,raw
32,s2_wifi_degraded,9.577016681956424,9.919176372465715,False,False,False,static_fusion,99,9.5,9.5,0.7558695813200581,raw
33,s2_wifi_degraded,9.147990241252389,9.767587766470918,False,False,False,wifi_only,80,0.5,8.5,0.17246227961234564,raw
33,s2_wifi_degraded,9.147990241252389,9.767587766470918,False,False,False,vlp_only,99,9.5,9.5,0.9999999999010001,raw
33,s2_wifi_degraded,9.147990241252389,9.767587766470918,False,False,False,static_fusion,99,9.5,9.5,0.514783237980856,raw
34,s2_wifi_degraded,8.966209639861209,9.397254516581212,False,False,False,wifi_only,88,8.5,8.5,0.1749825741984316,raw
34,s2_wifi_degraded,8.966209639861209,9.397254516581212,False,False,False,vlp_only,98,8.5,9.5,0.9999957415970409,raw
34,s2_wifi_degraded,8.966209639861209,9.397254516581212,False,False,False,static_fusion,98,8.5,9.5,0.5738754104920545,raw
35,s2_wifi_degraded,8.92197380793632,9.185323746168985,True,False,False,wifi_only,97,7.5,9.5,0.4723959327763569,raw
35,s2_wifi_degraded,8.92197380793632,9.185323746168985,True,False,False,vlp_only,98,8.5,9.5,0.999711423344751,raw
35,s2_wifi_degraded,8.92197380793632,9.185323746168985,True,False,False,static_fusion,98,8.5,9.5,0.6474218372192566,raw
36,s2_wifi_degraded,8.914109042937588,8.939758011878457,True,False,False,wifi_only,90,0.5,9.5,0.7192125020911265,raw
36,s2_wifi_degraded,8.914109042937588,8.939758011878457,True,False,False,vlp_only,89,9.5,8.5,0.6118007061227372,raw
36,s2_wifi_degraded,8.914109042937588,8.939758011878457,True,False,False,static_fusion,90,0.5,9.5,0.35960625104606325,raw
37,s2_wifi_degraded,9.07928845907877,8.665910920697108,True,False,False,wifi_only,62,2.5,6.5,0.1499225560876561,raw
37,s2_wifi_degraded,9.07928845907877,8.665910920697108,True,False,False,vlp_only,89,9.5,8.5,0.9996935821830141,raw
37,s2_wifi_degraded,9.07928845907877,8.665910920697108,True,False,False,static_fusion,89,9.5,8.5,0.4998734767570137,raw
38,s2_wifi_degraded,9.268317079915311,8.479283196707053,True,False,False,wifi_only,69,9.5,6.5,0.17650170524922137,raw
38,s2_wifi_degraded,9.268317079915311,8.479283196707053,True,False,False,vlp_only,89,9.5,8.5,0.9999997965452301,raw
38,s2_wifi_degraded,9.268317079915311,8.479283196707053,True,False,False,static_fusion,89,9.5,8.5,0.5325390655112423,raw
39,s2_wifi_degraded,9.629151173072932,8.405680386891111,True,False,False,wifi_only,99,9.5,9.5,0.4437610953143915,raw
39,s2_wifi_degraded,9.629151173072932,8.405680386891111,True,False,False,vlp_only,89,9.5,8.5,0.9979945812466873,raw
39,s2_wifi_degraded,9.629151173072932,8.405680386891111,True,False,False,static_fusion,89,9.5,8.5,0.6305499581605425,raw
40,s2_wifi_degraded,9.137911967096755,8.357214530377181,True,False,False,wifi_only,90,0.5,9.5,0.44647991742760257,raw
40,s2_wifi_degraded,9.137911967096755,8.357214530377181,True,False,False,vlp_only,89,9.5,8.5,0.9999999002916581,raw
40,s2_wifi_degraded,9.137911967096755,8.357214530377181,True,False,False,static_fusion,89,9.5,8.5,0.5016318476271849,raw
41,s2_wifi_degraded,8.850804346095984,8.419767971950433,True,False,False,wifi_only,36,6.5,3.5,0.23120997955106642,raw
41,s2_wifi_degraded,8.850804346095984,8.419767971950433,True,False,False,vlp_only,88,8.5,8.5,0.9999999571881172,raw
41,s2_wifi_degraded,8.850804346095984,8.419767971950433,True,False,False,static_fusion,88,8.5,8.5,0.4999999823931258,raw
42,s2_wifi_degraded,8.608468710412893,8.558343031691317,True,False,False,wifi_only,81,1.5,8.5,0.20829677152821682,raw
42,s2_wifi_degraded,8.608468710412893,8.558343031691317,True,False,False,vlp_only,88,8.5,8.5,0.9999999999010001,raw
42,s2_wifi_degraded,8.608468710412893,8.558343031691317,True,False,False,static_fusion,88,8.5,8.5,0.5000057684034133,raw
43,s2_wifi_degraded,8.31237088540844,8.610789569269624,True,False,False,wifi_only,96,6.5,9.5,0.4012821711041068,raw
43,s2_wifi_degraded,8.31237088540844,8.610789569269624,True,False,False,vlp_only,88,8.5,8.5,0.9999999997990482,raw
43,s2_wifi_degraded,8.31237088540844,8.610789569269624,True,False,False,static_fusion,88,8.5,8.5,0.5000962289017434,raw
44,s2_wifi_degraded,7.876973615803656,8.676310108296393,True,False,False,wifi_only,99,9.5,9.5,0.44955905752626774,raw
44,s2_wifi_degraded,7.876973615803656,8.676310108296393,True,False,False,vlp_only,88,8.5,8.5,0.9095310893031021,raw
44,s2_wifi_degraded,7.876973615803656,8.676310108296393,True,False,False,static_fusion,88,8.5,8.5,0.45798627700730854,raw
45,s2_wifi_degraded,7.69864374306643,8.764902399912266,True,False,False,wifi_only,98,8.5,9.5,0.21728720167963117,raw
45,s2_wifi_degraded,7.69864374306643,8.764902399912266,True,False,False,vlp_only,87,7.5,8.5,0.9997324063946524,raw
45,s2_wifi_degraded,7.69864374306643,8.764902399912266,True,False,False,static_fusion,87,7.5,8.5,0.5514952793038171,raw
46,s2_wifi_degraded,7.492119654821085,8.780131979271454,True,False,False,wifi_only,77,7.5,7.5,0.20367322013865424,raw
46,s2_wifi_degraded,7.492119654821085,8.780131979271454,True,False,False,vlp_only,87,7.5,8.5,0.9999999997988506,raw
46,s2_wifi_degraded,7.492119654821085,8.780131979271454,True,False,False,static_fusion,87,7.5,8.5,0.5939643171734584,raw
47,s2_wifi_degraded,7.191471021360378,8.723132508528103,True,False,False,wifi_only,75,5.5,7.5,0.45711318090761593,raw
47,s2_wifi_degraded,7.191471021360378,8.723132508528103,True,False,False,vlp_only,87,7.5,8.5,0.9999999999010001,raw
47,s2_wifi_degraded,7.191471021360378,8.723132508528103,True,False,False,static_fusion,87,7.5,8.5,0.5002612062090676,raw
48,s2_wifi_degraded,6.992004119632241,8.748418280606632,True,False,False,wifi_only,29,9.5,2.5,0.4709905057474557,raw
48,s2_wifi_degraded,6.992004119632241,8.748418280606632,True,False,False,vlp_only,97,7.5,9.5,0.5220941292588364,raw
48,s2_wifi_degraded,6.992004119632241,8.748418280606632,True,False,False,static_fusion,97,7.5,9.5,0.26104706911844316,raw
49,s2_wifi_degraded,6.846275017181253,8.922858028731762,False,False,False,wifi_only,96,6.5,9.5,0.25511886609647266,raw
49,s2_wifi_degraded,6.846275017181253,8.922858028731762,False,False,False,vlp_only,86,6.5,8.5,0.9999989178594209,raw
49,s2_wifi_degraded,6.846275017181253,8.922858028731762,False,False,False,static_fusion,86,6.5,8.5,0.6121837517700695,raw
50,s2_wifi_degraded,6.689596236262092,9.105068122957537,False,False,False,wifi_only,96,6.5,9.5,0.1850177198448725,raw
50,s2_wifi_degraded,6.689596236262092,9.105068122957537,False,False,False,vlp_only,86,6.5,8.5,0.9999999999010001,raw
50,s2_wifi_degraded,6.689596236262092,9.105068122957537,False,False,False,static_fusion,86,6.5,8.5,0.5729776412953186,raw
51,s2_wifi_degraded,6.651524336471364,9.303485813902295,False,False,False,wifi_only,93,3.5,9.5,0.30235275504295034,raw
51,s2_wifi_degraded,6.651524336471364,9.303485813902295,False,False,False,vlp_only,96,6.5,9.5,0.9999999999010001,raw
51,s2_wifi_degraded,6.651524336471364,9.303485813902295,False,False,False,static_fusion,96,6.5,9.5,0.6259459176427974,raw
52,s2_wifi_degraded,6.511030711247975,9.630572115899897,False,False,False,wifi_only,96,6.5,9.5,0.4402215193706277,raw
52,s2_wifi_degraded,6.511030711247975,9.630572115899897,False,False,False,vlp_only,96,6.5,9.5,0.9999999999010001,raw
52,s2_wifi_degraded,6.511030711247975,9.630572115899897,False,False,False,static_fusion,96,6.5,9.5,0.7201107596358138,raw
53,s2_wifi_degraded,6.420605168362592,9.834308948608536,False,False,False,wifi_only,83,3.5,8.5,0.166966781570691,raw
53,s2_wifi_degraded,6.420605168362592,9.834308948608536,False,False,False,vlp_only,96,6.5,9.5,0.9999999999010001,raw
53,s2_wifi_degraded,6.420605168362592,9.834308948608536,False,False,False,static_fusion,96,6.5,9.5,0.561096864902271,raw
54,s2_wifi_degraded,6.482295444389094,9.655075180886994,False,False,False,wifi_only,96,6.5,9.5,0.32776180300114116,raw
54,s2_wifi_degraded,6.482295444389094,9.655075180886994,False,False,False,vlp_only,96,6.5,9.5,0.9999999999010001,raw
54,s2_wifi_degraded,6.482295444389094,9.655075180886994,False,False,False,static_fusion,96,6.5,9.5,0.6638809014510706,raw
55,s2_wifi_degraded,6.562363950563185,9.549970952544058,False,False,False,wifi_only,73,3.5,7.5,0.22857710462462874,raw
55,s2_wifi_degraded,6.562363950563185,9.549970952544058,False,False,False,vlp_only,96,6.5,9.5,0.9999999999010001,raw
55,s2_wifi_degraded,6.562363950563185,9.549970952544058,False,False,False,static_fusion,96,6.5,9.5,0.5004362069032315,raw
56,s2_wifi_degraded,6.608994574111493,9.255964739086862,False,False,False,wifi_only,96,6.5,9.5,0.4183223237794075,raw
56,s2_wifi_degraded,6.608994574111493,9.255964739086862,False,False,False,vlp_only,96,6.5,9.5,0.9999999999010001,raw
56,s2_wifi_degraded,6.608994574111493,9.255964739086862,False,False,False,static_fusion,96,6.5,9.5,0.7091611618402038,raw
57,s2_wifi_degraded,6.638238185227195,8.788984466893778,False,False,False,wifi_only,96,6.5,9.5,0.19540041837177552,raw
57,s2_wifi_degraded,6.638238185227195,8.788984466893778,False,False,False,vlp_only,86,6.5,8.5,0.9999999999010001,raw
57,s2_wifi_degraded,6.638238185227195,8.788984466893778,False,False,False,static_fusion,86,6.5,8.5,0.5873917191555708,raw
58,s2_wifi_degraded,6.715833516903254,8.506019535638835,False,False,False,wifi_only,75,5.5,7.5,0.23211556796520944,raw
58,s2_wifi_degraded,6.715833516903254,8.506019535638835,False,False,False,vlp_only,86,6.5,8.5,0.9999999999010001,raw
58,s2_wifi_degraded,6.715833516903254,8.506019535638835,False,False,False,static_fusion,86,6.5,8.5,0.5541117777096952,raw
59,s2_wifi_degraded,6.712650009001855,8.176417392861678,False,False,False,wifi_only,71,1.5,7.5,0.16223352877508912,raw
59,s2_wifi_degraded,6.712650009001855,8.176417392861678,False,False,False,vlp_only,86,6.5,8.5,0.9947987357671682,raw
59,s2_wifi_degraded,6.712650009001855,8.176417392861678,False,False,False,static_fusion,86,6.5,8.5,0.4974001080056156,raw
60,s2_wifi_degraded,6.866771266170202,7.830791223796943,True,False,False,wifi_only,74,4.5,7.5,0.39426969575246956,raw
60,s2_wifi_degraded,6.866771266170202,7.830791223796943,True,False,False,vlp_only,77,7.5,7.5,0.9686247713672351,raw
60,s2_wifi_degraded,6.866771266170202,7.830791223796943,True,False,False,static_fusion,77,7.5,7.5,0.4843154916161962,raw
61,s2_wifi_degraded,6.935196676516079,7.575933102373101,True,False,False,wifi_only,92,2.5,9.5,0.38385580695215044,raw
61,s2_wifi_degraded,6.935196676516079,7.575933102373101,True,False,False,vlp_only,76,6.5,7.5,0.9999999998173671,raw
61,s2_wifi_degraded,6.935196676516079,7.575933102373101,True,False,False,static_fusion,76,6.5,7.5,0.50000042508218,raw
62,s2_wifi_degraded,6.925151254140051,7.098088212920689,True,False,False,wifi_only,67,7.5,6.5,0.18031976106016084,raw
62,s2_wifi_degraded,6.925151254140051,7.098088212920689,True,False,False,vlp_only,76,6.5,7.5,0.999999999840426,raw
62,s2_wifi_degraded,6.925151254140051,7.098088212920689,True,False,False,static_fusion,76,6.5,7.5,0.5062409876648698,raw
63,s2_wifi_degraded,6.9536901632065256,6.989777604364947,True,False,False,wifi_only,39,9.5,3.5,0.3927686423812467,raw
63,s2_wifi_degraded,6.9536901632065256,6.989777604364947,True,False,False,vlp_only,67,7.5,6.5,0.9998300135065256,raw
63,s2_wifi_degraded,6.9536901632065256,6.989777604364947,True,False,False,static_fusion,67,7.5,6.5,0.5000183832198845,raw
64,s2_wifi_degraded,6.966708536003405,6.623992067365702,True,False,False,wifi_only,55,5.5,5.5,0.16659277320201066,raw
64,s2_wifi_degraded,6.966708536003405,6.623992067365702,True,False,False,vlp_only,67,7.5,6.5,0.9999999999010001,raw
64,s2_wifi_degraded,6.966708536003405,6.623992067365702,True,False,False,static_fusion,67,7.5,6.5,0.5377964682688732,raw
65,s2_wifi_degraded,7.006265988225517,6.167924934295798,True,False,False,wifi_only,25,5.5,2.5,0.214146569318978,raw
65,s2_wifi_degraded,7.006265988225517,6.167924934295798,True,False,False,vlp_only,66,6.5,6.5,0.9999999999010001,raw
65,s2_wifi_degraded,7.006265988225517,6.167924934295798,True,False,False,static_fusion,66,6.5,6.5,0.500000079435532,raw
66,s2_wifi_degraded,7.195573035758812,5.900698987196131,True,False,False,wifi_only,99,9.5,9.5,0.291874095914571,raw
66,s2_wifi_degraded,7.195573035758812,5.900698987196131,True,False,False,vlp_only,57,7.5,5.5,0.9999999999010002,raw
66,s2_wifi_degraded,7.195573035758812,5.900698987196131,True,False,False,static_fusion,57,7.5,5.5,0.500154111911924,raw
67,s2_wifi_degraded,7.214622128011173,5.480629494443392,True,False,False,wifi_only,46,6.5,4.5,0.21949841247593452,raw
67,s2_wifi_degraded,7.214622128011173,5.480629494443392,True,False,False,vlp_only,57,7.5,5.5,0.9999999999010002,raw
67,s2_wifi_degraded,7.214622128011173,5.480629494443392,True,False,False,static_fusion,57,7.5,5.5,0.5145933798122918,raw
68,s2_wifi_degraded,7.224596969394833,5.365365355851328,True,False,False,wifi_only,40,0.5,4.5,0.5167761484197261,raw
68,s2_wifi_degraded,7.224596969394833,5.365365355851328,True,False,False,vlp_only,57,7.5,5.5,0.9999999999010002,raw
68,s2_wifi_degraded,7.224596969394833,5.365365355851328,True,False,False,static_fusion,57,7.5,5.5,0.4999999999595511,raw
69,s2_wifi_degraded,7.3987606078939105,4.973012310374174,True,False,False,wifi_only,49,9.5,4.5,0.5275230746547717,raw
69,s2_wifi_degraded,7.3987606078939105,4.973012310374174,True,False,False,vlp_only,46,6.5,4.5,0.9999999999010002,raw
69,s2_wifi_degraded,7.3987606078939105,4.973012310374174,True,False,False,static_fusion,46,6.5,4.5,0.5002676658139178,raw
70,s2_wifi_degraded,7.635914401899096,4.715226258016342,False,False,False,wifi_only,48,8.5,4.5,0.20772472354002924,raw
70,s2_wifi_degraded,7.635914401899096,4.715226258016342,False,False,False,vlp_only,47,7.5,4.5,0.9999999997401079,raw
70,s2_wifi_degraded,7.635914401899096,4.715226258016342,False,False,False,static_fusion,47,7.5,4.5,0.5861964685713256,raw
71,s2_wifi_degraded,7.871357392106725,4.543524489496297,False,False,False,wifi_only,5,5.5,0.5,0.34657208712834237,raw
71,s2_wifi_degraded,7.871357392106725,4.543524489496297,False,False,False,vlp_only,48,8.5,4.5,0.8757027715865839,raw
71,s2_wifi_degraded,7.871357392106725,4.543524489496297,False,False,False,static_fusion,48,8.5,4.5,0.4382738157097694,raw
72,s2_wifi_degraded,8.272955973874682,4.373796974104669,False,False,False,wifi_only,48,8.5,4.5,0.18833462905605883,raw
72,s2_wifi_degraded,8.272955973874682,4.373796974104669,False,False,False,vlp_only,48,8.5,4.5,0.9999965580651815,raw
72,s2_wifi_degraded,8.272955973874682,4.373796974104669,False,False,False,static_fusion,48,8.5,4.5,0.5941655935606202,raw
73,s2_wifi_degraded,8.62151579149036,4.028494957379147,False,False,False,wifi_only,39,9.5,3.5,0.6052050868612767,raw
73,s2_wifi_degraded,8.62151579149036,4.028494957379147,False,False,False,vlp_only,39,9.5,3.5,0.9999999999010002,raw
73,s2_wifi_degraded,8.62151579149036,4.028494957379147,False,False,False,static_fusion,39,9.5,3.5,0.8026025433811382,raw
74,s2_wifi_degraded,8.748435457425892,3.685738487590071,False,False,False,wifi_only,6,6.5,0.5,0.1960474942330209,raw
74,s2_wifi_degraded,8.748435457425892,3.685738487590071,False,False,False,vlp_only,38,8.5,3.5,0.999999999894633,raw
74,s2_wifi_degraded,8.748435457425892,3.685738487590071,False,False,False,static_fusion,38,8.5,3.5,0.5405950946809955,raw
75,s2_wifi_degraded,8.835085190139699,3.5526052200138745,False,False,False,wifi_only,39,9.5,3.5,0.44400195877576365,raw
75,s2_wifi_degraded,8.835085190139699,3.5526052200138745,False,False,False,vlp_only,38,8.5,3.5,0.9999999999010002,raw
75,s2_wifi_degraded,8.835085190139699,3.5526052200138745,False,False,False,static_fusion,38,8.5,3.5,0.5843639884037872,raw
76,s2_wifi_degraded,8.909093693609096,3.3558416683741257,False,False,False,wifi_only,49,9.5,4.5,0.40971854919984124,raw
76,s2_wifi_degraded,8.909093693609096,3.3558416683741257,False,False,False,vlp_only,38,8.5,3.5,0.9999999999010002,raw
76,s2_wifi_degraded,8.909093693609096,3.3558416683741257,False,False,False,static_fusion,38,8.5,3.5,0.5114338455155891,raw
77,s2_wifi_degraded,9.099711473119482,3.177715842546163,False,False,False,wifi_only,6,6.5,0.5,0.18208935870420895,raw
77,s2_wifi_degraded,9.099711473119482,3.177715842546163,False,False,False,vlp_only,38,8.5,3.5,0.999999970095093,raw
77,s2_wifi_degraded,9.099711473119482,3.177715842546163,False,False,False,static_fusion,38,8.5,3.5,0.5381506249526866,raw
78,s2_wifi_degraded,9.333851006911315,2.7984046692967013,False,False,False,wifi_only,29,9.5,2.5,0.5422739407163053,raw
78,s2_wifi_degraded,9.333851006911315,2.7984046692967013,False,False,False,vlp_only,29,9.5,2.5,0.9999999999010002,raw
78,s2_wifi_degraded,9.333851006911315,2.7984046692967013,False,False,False,static_fusion,29,9.5,2.5,0.7711369703086528,raw
79,s2_wifi_degraded,9.466292753776418,2.334363853065204,False,False,False,wifi_only,29,9.5,2.5,0.5612852806854431,raw
79,s2_wifi_degraded,9.466292753776418,2.334363853065204,False,False,False,vlp_only,29,9.5,2.5,0.9999999999010002,raw
79,s2_wifi_degraded,9.466292753776418,2.334363853065204,False,False,False,static_fusion,29,9.5,2.5,0.7806426402932216,raw
80,s2_wifi_degraded,9.611899936659418,2.123312718823533,False,False,False,wifi_only,28,8.5,2.5,0.4316448378464649,raw
80,s2_wifi_degraded,9.611899936659418,2.123312718823533,False,False,False,vlp_only,29,9.5,2.5,0.6698478424571174,raw
80,s2_wifi_degraded,9.611899936659418,2.123312718823533,False,False,False,static_fusion,29,9.5,2.5,0.4959910931956488,raw
81,s2_wifi_degraded,9.858322040787618,1.7145087247330029,False,False,False,wifi_only,7,7.5,0.5,0.3708499752425034,raw
81,s2_wifi_degraded,9.858322040787618,1.7145087247330029,False,False,False,vlp_only,9,9.5,0.5,0.9999999999010003,raw
81,s2_wifi_degraded,9.858322040787618,1.7145087247330029,False,False,False,static_fusion,9,9.5,0.5,0.5038775921221241,raw
82,s2_wifi_degraded,9.758809756481527,1.8587665766892736,False,False,False,wifi_only,29,9.5,2.5,0.2785155717622162,raw
82,s2_wifi_degraded,9.758809756481527,1.8587665766892736,False,False,False,vlp_only,19,9.5,1.5,0.9999322600341848,raw
82,s2_wifi_degraded,9.758809756481527,1.8587665766892736,False,False,False,static_fusion,19,9.5,1.5,0.5082368835297643,raw
83,s2_wifi_degraded,9.674741536762076,1.980219721792202,False,False,False,wifi_only,8,8.5,0.5,0.19903849126675344,raw
83,s2_wifi_degraded,9.674741536762076,1.980219721792202,False,False,False,vlp_only,19,9.5,1.5,0.9849889399847813,raw
83,s2_wifi_degraded,9.674741536762076,1.980219721792202,False,False,False,static_fusion,19,9.5,1.5,0.5604851187476487,raw
84,s2_wifi_degraded,9.543539060630476,2.38811292843674,False,False,False,wifi_only,29,9.5,2.5,0.3896706083548532,raw
84,s2_wifi_degraded,9.543539060630476,2.38811292843674,False,False,False,vlp_only,29,9.5,2.5,0.9999999999010002,raw
84,s2_wifi_degraded,9.543539060630476,2.38811292843674,False,False,False,static_fusion,29,9.5,2.5,0.6948353041279266,raw
85,s2_wifi_degraded,9.538461254265044,2.548657706440192,True,False,False,wifi_only,6,6.5,0.5,0.24047933163258653,raw
85,s2_wifi_degraded,9.538461254265044,2.548657706440192,True,False,False,vlp_only,29,9.5,2.5,0.9999999999010002,raw
85,s2_wifi_degraded,9.538461254265044,2.548657706440192,True,False,False,static_fusion,29,9.5,2.5,0.5008639782736747,raw
86,s2_wifi_degraded,9.544593459510066,2.7077556794947983,True,False,False,wifi_only,5,5.5,0.5,0.5189333649542553,raw
86,s2_wifi_degraded,9.544593459510066,2.7077556794947983,True,False,False,vlp_only,29,9.5,2.5,0.9999999999010002,raw
86,s2_wifi_degraded,9.544593459510066,2.7077556794947983,True,False,False,static_fusion,29,9.5,2.5,0.5000037176664749,raw
87,s2_wifi_degraded,9.633379023943917,3.061085408030138,True,False,False,wifi_only,6,6.5,0.5,0.4632055821711568,raw
87,s2_wifi_degraded,9.633379023943917,3.061085408030138,True,False,False,vlp_only,39,9.5,3.5,0.9999999999010002,raw
87,s2_wifi_degraded,9.633379023943917,3.061085408030138,True,False,False,static_fusion,39,9.5,3.5,0.5000036323305507,raw
88,s2_wifi_degraded,9.752600157839524,3.198956190033732,True,False,False,wifi_only,69,9.5,6.5,0.3005911955801154,raw
88,s2_wifi_degraded,9.752600157839524,3.198956190033732,True,False,False,vlp_only,39,9.5,3.5,0.9999999999010002,raw
88,s2_wifi_degraded,9.752600157839524,3.198956190033732,True,False,False,static_fusion,39,9.5,3.5,0.5001295058866928,raw
89,s2_wifi_degraded,9.40578903862998,2.8552477628804214,True,False,False,wifi_only,29,9.5,2.5,0.8340206920427687,raw
89,s2_wifi_degraded,9.40578903862998,2.8552477628804214,True,False,False,vlp_only,29,9.5,2.5,0.9999999823866612,raw
89,s2_wifi_degraded,9.40578903862998,2.8552477628804214,True,False,False,static_fusion,29,9.5,2.5,0.9170103372147148,raw
90,s2_wifi_degraded,9.127964250423506,2.698331211248074,True,False,False,wifi_only,12,2.5,1.5,0.5261710837669833,raw
90,s2_wifi_degraded,9.127964250423506,2.698331211248074,True,False,False,vlp_only,29,9.5,2.5,0.9999999999010002,raw
90,s2_wifi_degraded,9.127964250423506,2.698331211248074,True,False,False,static_fusion,29,9.5,2.5,0.4999999999510002,raw
91,s2_wifi_degraded,8.800406594259712,2.6051004251712406,True,False,False,wifi_only,39,9.5,3.5,0.7206614341676001,raw
91,s2_wifi_degraded,8.800406594259712,2.6051004251712406,True,False,False,vlp_only,28,8.5,2.5,0.9999999999010002,raw
91,s2_wifi_degraded,8.800406594259712,2.6051004251712406,True,False,False,static_fusion,28,8.5,2.5,0.5054663753666249,raw
92,s2_wifi_degraded,8.550281299097398,2.456641319624944,True,False,False,wifi_only,29,9.5,2.5,0.26490437851605225,raw
92,s2_wifi_degraded,8.550281299097398,2.456641319624944,True,False,False,vlp_only,28,8.5,2.5,0.9999999998842645,raw
92,s2_wifi_degraded,8.550281299097398,2.456641319624944,True,False,False,static_fusion,28,8.5,2.5,0.5925589970353937,raw
93,s2_wifi_degraded,8.206258987477604,2.220074095586588,True,False,False,wifi_only,29,9.5,2.5,0.5879218438439775,raw
93,s2_wifi_degraded,8.206258987477604,2.220074095586588,True,False,False,vlp_only,28,8.5,2.5,0.9999559022488773,raw
93,s2_wifi_degraded,8.206258987477604,2.220074095586588,True,False,False,static_fusion,28,8.5,2.5,0.6632546594905385,raw
94,s2_wifi_degraded,7.989681515495209,2.1664204126445497,True,False,False,wifi_only,6,6.5,0.5,0.35462639457231854,raw
94,s2_wifi_degraded,7.989681515495209,2.1664204126445497,True,False,False,vlp_only,28,8.5,2.5,0.9998899499755306,raw
94,s2_wifi_degraded,7.989681515495209,2.1664204126445497,True,False,False,static_fusion,28,8.5,2.5,0.500511768979084,raw
95,s2_wifi_degraded,7.820856477729749,2.216688844603764,True,False,False,wifi_only,8,8.5,0.5,0.5538878280458661,raw
95,s2_wifi_degraded,7.820856477729749,2.216688844603764,True,False,False,vlp_only,27,7.5,2.5,0.9623812264129217,raw
95,s2_wifi_degraded,7.820856477729749,2.216688844603764,True,False,False,static_fusion,27,7.5,2.5,0.4811906134660946,raw
96,s2_wifi_degraded,7.438849577500529,2.091977264871964,True,False,False,wifi_only,17,7.5,1.5,0.4895869355160384,raw
96,s2_wifi_degraded,7.438849577500529,2.091977264871964,True,False,False,vlp_only,27,7.5,2.5,0.98997560170878,raw
96,s2_wifi_degraded,7.438849577500529,2.091977264871964,True,False,False,static_fusion,27,7.5,2.5,0.4986999089881124,raw
97,s2_wifi_degraded,7.303823403549243,2.032738937171799,True,False,False,wifi_only,27,7.5,2.5,0.3331700141404676,raw
97,s2_wifi_degraded,7.303823403549243,2.032738937171799,True,False,False,vlp_only,27,7.5,2.5,0.999935129781911,raw
97,s2_wifi_degraded,7.303823403549243,2.032738937171799,True,False,False,static_fusion,27,7.5,2.5,0.6665525719611893,raw
98,s2_wifi_degraded,7.052510845305025,1.9258529473001484,False,False,False,wifi_only,16,6.5,1.5,0.22012947268012592,raw
98,s2_wifi_degraded,7.052510845305025,1.9258529473001484,False,False,False,vlp_only,17,7.5,1.5,0.999999718007074,raw
98,s2_wifi_degraded,7.052510845305025,1.9258529473001484,False,False,False,static_fusion,17,7.5,1.5,0.5562610284314514,raw
99,s2_wifi_degraded,6.623312112175848,1.726390708485309,False,False,False,wifi_only,27,7.5,2.5,0.2514743346095781,raw
99,s2_wifi_degraded,6.623312112175848,1.726390708485309,False,False,False,vlp_only,16,6.5,1.5,0.9999999979707488,raw
99,s2_wifi_degraded,6.623312112175848,1.726390708485309,False,False,False,static_fusion,16,6.5,1.5,0.5825774281142494,raw
0,s2_wifi_degraded,7.708518498956285,6.537185189018777,False,False,False,wifi_only,68,8.5,6.5,0.12868552503061265,moving_average
0,s2_wifi_degraded,7.708518498956285,6.537185189018777,False,False,False,vlp_only,67,7.5,6.5,0.9999997885444769,moving_average
0,s2_wifi_degraded,7.708518498956285,6.537185189018777,False,False,False,static_fusion,67,7.5,6.5,0.5386719226151321,moving_average
1,s2_wifi_degraded,7.762228944549189,6.781375783910273,False,False,False,wifi_only,68,8.5,6.5,0.12453366385350574,moving_average
1,s2_wifi_degraded,7.762228944549189,6.781375783910273,False,False,False,vlp_only,67,7.5,6.5,0.9999998834804783,moving_average
1,s2_wifi_degraded,7.762228944549189,6.781375783910273,False,False,False,static_fusion,67,7.5,6.5,0.5487562438923107,moving_average
2,s2_wifi_degraded,7.839130958677583,7.167874595498286,False,False,False,wifi_only,67,7.5,6.5,0.12967280729234687,moving_average
2,s2_wifi_degraded,7.839130958677583,7.167874595498286,False,False,False,vlp_only,67,7.5,6.5,0.999999342593592,moving_average
2,s2_wifi_degraded,7.839130958677583,7.167874595498286,False,False,False,static_fusion,67,7.5,6.5,0.5648360749429694,moving_average
3,s2_wifi_degraded,7.94346543019908,7.5103051184045535,False,False,False,wifi_only,67,7.5,6.5,0.1127796261967142,moving_average
3,s2_wifi_degraded,7.94346543019908,7.5103051184045535,False,False,False,vlp_only,77,7.5,7.5,0.9998608678927537,moving_average
3,s2_wifi_degraded,7.94346543019908,7.5103051184045535,False,False,False,static_fusion,77,7.5,7.5,0.5373224678536531,moving_average
4,s2_wifi_degraded,7.999186140694022,7.623886621271602,False,False,False,wifi_only,78,8.5,7.5,0.10546438683911688,moving_average
4,s2_wifi_degraded,7.999186140694022,7.623886621271602,False,False,False,vlp_only,77,7.5,7.5,0.9999297903372286,moving_average
4,s2_wifi_degraded,7.999186140694022,7.623886621271602,False,False,False,static_fusion,77,7.5,7.5,0.5403178174887561,moving_average
5,s2_wifi_degraded,8.226562675373907,7.955827377167044,False,False,False,wifi_only,78,8.5,7.5,0.11830033639969831,moving_average
5,s2_wifi_degraded,8.226562675373907,7.955827377167044,False,False,False,vlp_only,77,7.5,7.5,0.8383392413882076,moving_average
5,s2_wifi_degraded,8.226562675373907,7.955827377167044,False,False,False,static_fusion,77,7.5,7.5,0.4762353680371925,moving_average
6,s2_wifi_degraded,8.280648608306477,8.135508799595996,False,False,False,wifi_only,88,8.5,8.5,0.15790041636317803,moving_average
6,s2_wifi_degraded,8.280648608306477,8.135508799595996,False,False,False,vlp_only,78,8.5,7.5,0.9980676593343626,moving_average
6,s2_wifi_degraded,8.280648608306477,8.135508799595996,False,False,False,static_fusion,78,8.5,7.5,0.5534823153880207,moving_average
7,s2_wifi_degraded,8.426531854440203,8.334139776009467,False,False,False,wifi_only,88,8.5,8.5,0.1719065410135146,moving_average
7,s2_wifi_degraded,8.426531854440203,8.334139776009467,False,False,False,vlp_only,78,8.5,7.5,0.9944110258417098,moving_average
7,s2_wifi_degraded,8.426531854440203,8.334139776009467,False,False,False,static_fusion,78,8.5,7.5,0.5448104848070002,moving_average
8,s2_wifi_degraded,8.640813839766498,8.694587576233882,False,False,False,wifi_only,88,8.5,8.5,0.19380354351492357,moving_average
8,s2_wifi_degraded,8.640813839766498,8.694587576233882,False,False,False,vlp_only,88,8.5,8.5,0.9992290481176783,moving_average
8,s2_wifi_degraded,8.640813839766498,8.694587576233882,False,False,False,static_fusion,88,8.5,8.5,0.596516295816301,moving_average
9,s2_wifi_degraded,8.773434572913224,8.991156753090223,False,False,False,wifi_only,88,8.5,8.5,0.18574661348415406,moving_average
9,s2_wifi_degraded,8.773434572913224,8.991156753090223,False,False,False,vlp_only,88,8.5,8.5,0.9999999997690572,moving_average
9,s2_wifi_degraded,8.773434572913224,8.991156753090223,False,False,False,static_fusion,88,8.5,8.5,0.5928733066266055,moving_average
10,s2_wifi_degraded,8.969081214365445,9.315966535180728,True,False,False,wifi_only,88,8.5,8.5,0.15334183815212718,moving_average
10,s2_wifi_degraded,8.969081214365445,9.315966535180728,True,False,False,vlp_only,88,8.5,8.5,0.9999999999010001,moving_average
10,s2_wifi_degraded,8.969081214365445,9.315966535180728,True,False,False,static_fusion,88,8.5,8.5,0.5766709190265636,moving_average
11,s2_wifi_degraded,9.158262661443551,9.76651178862036,True,False,False,wifi_only,78,8.5,7.5,0.15775119811393998,moving_average
11,s2_wifi_degraded,9.158262661443551,9.76651178862036,True,False,False,vlp_only,98,8.5,9.5,0.9957122878977192,moving_average
11,s2_wifi_degraded,9.158262661443551,9.76651178862036,True,False,False,static_fusion,98,8.5,9.5,0.5232932484371762,moving_average
12,s2_wifi_degraded,9.226935916965898,9.928675601070118,True,False,False,wifi_only,68,8.5,6.5,0.1113932293015837,moving_average
12,s2_wifi_degraded,9.226935916965898,9.928675601070118,True,False,False,vlp_only,98,8.5,9.5,0.999933136312893,moving_average
12,s2_wifi_degraded,9.226935916965898,9.928675601070118,True,False,False,static_fusion,98,8.5,9.5,0.5108555041171023,moving_average
13,s2_wifi_degraded,9.28457534064934,9.54739973958025,True,False,False,wifi_only,89,9.5,8.5,0.16905030343547328,moving_average
13,s2_wifi_degraded,9.28457534064934,9.54739973958025,True,False,False,vlp_only,98,8.5,9.5,0.9999522183674886,moving_average
13,s2_wifi_degraded,9.28457534064934,9.54739973958025,True,False,False,static_fusion,98,8.5,9.5,0.5379070007769209,moving_average
14,s2_wifi_degraded,9.55154708556551,9.187880405968292,True,False,False,wifi_only,89,9.5,8.5,0.2227220209467677,moving_average
14,s2_wifi_degraded,9.55154708556551,9.187880405968292,True,False,False,vlp_only,99,9.5,9.5,0.9999999999010001,moving_average
14,s2_wifi_degraded,9.55154708556551,9.187880405968292,True,False,False,static_fusion,99,9.5,9.5,0.5812298532093174,moving_average
15,s2_wifi_degraded,9.66616567574389,8.964158259736895,True,False,False,wifi_only,79,9.5,7.5,0.2125422378159542,moving_average
15,s2_wifi_degraded,9.66616567574389,8.964158259736895,True,False,False,vlp_only,99,9.5,9.5,0.9999999999010001,moving_average
15,s2_wifi_degraded,9.66616567574389,8.964158259736895,True,False,False,static_fusion,99,9.5,9.5,0.5697520708745195,moving_average
16,s2_wifi_degraded,9.783739284953958,8.603729760291959,True,False,False,wifi_only,99,9.5,9.5,0.5397092744785029,moving_average
16,s2_wifi_degraded,9.783739284953958,8.603729760291959,True,False,False,vlp_only,99,9.5,9.5,0.9999999999010001,moving_average
16,s2_wifi_degraded,9.783739284953958,8.603729760291959,True,False,False,static_fusion,99,9.5,9.5,0.7698546371897514,moving_average
17,s2_wifi_degraded,9.816728934060924,8.290196131329282,True,False,False,wifi_only,99,9.5,9.5,0.5685867784078703,moving_average
17,s2_wifi_degraded,9.816728934060924,8.290196131329282,True,False,False,vlp_only,99,9.5,9.5,0.9999999999010001,moving_average
17,s2_wifi_degraded,9.816728934060924,8.290196131329282,True,False,False,static_fusion,99,9.5,9.5,0.7842933891544352,moving_average
18,s2_wifi_degraded,9.898369940505676,8.170920930516099,True,False,False,wifi_only,99,9.5,9.5,0.631251254133165,moving_average
18,s2_wifi_degraded,9.898369940505676,8.170920930516099,True,False,False,vlp_only,99,9.5,9.5,0.9999999999010001,moving_average
18,s2_wifi_degraded,9.898369940505676,8.170920930516099,True,False,False,static_fusion,99,9.5,9.5,0.8156256270170825,moving_average
19,s2_wifi_degraded,9.760036529571131,8.31653053319644,True,False,False,wifi_only,99,9.5,9.5,0.5522884351831218,moving_average
19,s2_wifi_degraded,9.760036529571131,8.31653053319644,True,False,False,vlp_only,99,9.5,9.5,0.9999999999010001,moving_average
19,s2_wifi_degraded,9.760036529571131,8.31653053319644,True,False,False,static_fusion,99,9.5,9.5,0.776144217542061,moving_average
20,s2_wifi_degraded,9.637633694040824,8.49751598572513,True,False,False,wifi_only,90,0.5,9.5,0.5045677954753736,moving_average
20,s2_wifi_degraded,9.637633694040824,8.49751598572513,True,False,False,vlp_only,89,9.5,8.5,0.9999999142434045,moving_average
20,s2_wifi_degraded,9.637633694040824,8.49751598572513,True,False,False,static_fusion,89,9.5,8.5,0.517830052820055,moving_average
21,s2_wifi_degraded,9.488164788775736,8.737066335022115,True,False,False,wifi_only,90,0.5,9.5,0.23417053053929218,moving_average
21,s2_wifi_degraded,9.488164788775736,8.737066335022115,True,False,False,vlp_only,89,9.5,8.5,0.9999997181521205,moving_average
21,s2_wifi_degraded,9.488164788775736,8.737066335022115,True,False,False,static_fusion,89,9.5,8.5,0.5231829961854045,moving_average
22,s2_wifi_degraded,9.401483371555605,8.971936242221727,True,False,False,wifi_only,90,0.5,9.5,0.26729209009655264,moving_average
22,s2_wifi_degraded,9.401483371555605,8.971936242221727,True,False,False,vlp_only,89,9.5,8.5,0.9999974061211604,moving_average
22,s2_wifi_degraded,9.401483371555605,8.971936242221727,True,False,False,static_fusion,89,9.5,8.5,0.5318397440517725,moving_average
23,s2_wifi_degraded,9.373588623793506,9.260353868533857,False,False,False,wifi_only,70,0.5,7.5,0.2147358630827325,moving_average
23,s2_wifi_degraded,9.373588623793506,9.260353868533857,False,False,False,vlp_only,89,9.5,8.5,0.9999692976269838,moving_average
23,s2_wifi_degraded,9.373588623793506,9.260353868533857,False,False,False,static_fusion,89,9.5,8.5,0.5123289373289969,moving_average
24,s2_wifi_degraded,9.127375220319832,9.429716922223497,False,False,False,wifi_only,79,9.5,7.5,0.21579843838352492,moving_average
24,s2_wifi_degraded,9.127375220319832,9.429716922223497,False,False,False,vlp_only,89,9.5,8.5,0.9950627175781226,moving_average
24,s2_wifi_degraded,9.127375220319832,9.429716922223497,False,False,False,static_fusion,89,9.5,8.5,0.5875666254315479,moving_average
25,s2_wifi_degraded,8.726509377545842,9.486750180536124,False,False,False,wifi_only,79,9.5,7.5,0.22547384836646264,moving_average
25,s2_wifi_degraded,8.726509377545842,9.486750180536124,False,False,False,vlp_only,89,9.5,8.5,0.9483802313385472,moving_average
25,s2_wifi_degraded,8.726509377545842,9.486750180536124,False,False,False,static_fusion,89,9.5,8.5,0.5784194777116651,moving_average
26,s2_wifi_degraded,8.556615925716626,9.685615586341887,False,False,False,wifi_only,79,9.5,7.5,0.22971908875933655,moving_average
26,s2_wifi_degraded,8.556615925716626,9.685615586341887,False,False,False,vlp_only,98,8.5,9.5,0.7813118661854648,moving_average
26,s2_wifi_degraded,8.556615925716626,9.685615586341887,False,False,False,static_fusion,98,8.5,9.5,0.4004926384974382,moving_average
27,s2_wifi_degraded,8.275272196622463,9.90949250147166,False,False,False,wifi_only,89,9.5,8.5,0.17468888930060297,moving_average
27,s2_wifi_degraded,8.275272196622463,9.90949250147166,False,False,False,vlp_only,98,8.5,9.5,0.9987784718847028,moving_average
27,s2_wifi_degraded,8.275272196622463,9.90949250147166,False,False,False,static_fusion,98,8.5,9.5,0.5494422858914092,moving_average
28,s2_wifi_degraded,8.516464193829812,9.620395436542294,False,False,False,wifi_only,88,8.5,8.5,0.1736892792021459,moving_average
28,s2_wifi_degraded,8.516464193829812,9.620395436542294,False,False,False,vlp_only,98,8.5,9.5,0.9999942904442195,moving_average
28,s2_wifi_degraded,8.516464193829812,9.620395436542294,False,False,False,static_fusion,98,8.5,9.5,0.5839456706713226,moving_average
29,s2_wifi_degraded,8.726745769238578,9.594339738596462,False,False,False,wifi_only,88,8.5,8.5,0.1628191511620147,moving_average
29,s2_wifi_degraded,8.726745769238578,9.594339738596462,False,False,False,vlp_only,98,8.5,9.5,0.9999962287334463,moving_average
29,s2_wifi_degraded,8.726745769238578,9.594339738596462,False,False,False,static_fusion,98,8.5,9.5,0.5755420274664631,moving_average
30,s2_wifi_degraded,8.943827322619104,9.579744922705936,False,False,False,wifi_only,98,8.5,9.5,0.15785225928478475,moving_average
30,s2_wifi_degraded,8.943827322619104,9.579744922705936,False,False,False,vlp_only,98,8.5,9.5,0.9999956714736822,moving_average
30,s2_wifi_degraded,8.943827322619104,9.579744922705936,False,False,False,static_fusion,98,8.5,9.5,0.5789239653792335,moving_average
31,s2_wifi_degraded,9.351601400735191,9.795243901577573,False,False,False,wifi_only,98,8.5,9.5,0.19360174331664246,moving_average
31,s2_wifi_degraded,9.351601400735191,9.795243901577573,False,False,False,vlp_only,99,9.5,9.5,0.9999999999010001,moving_average
31,s2_wifi_degraded,9.351601400735191,9.795243901577573,False,False,False,static_fusion,99,9.5,9.5,0.5360182914220817,moving_average
32,s2_wifi_degraded,9.577016681956424,9.919176372465715,False,False,False,wifi_only,98,8.5,9.5,0.209057580080614,moving_average
32,s2_wifi_degraded,9.577016681956424,9.919176372465715,False,False,False,vlp_only,99,9.5,9.5,0.9999999999010001,moving_average
32,s2_wifi_degraded,9.577016681956424,9.919176372465715,False,False,False,static_fusion,99,9.5,9.5,0.5914810814692993,moving_average
33,s2_wifi_degraded,9.147990241252389,9.767587766470918,False,False,False,wifi_only,99,9.5,9.5,0.19421601980088393,moving_average
33,s2_wifi_degraded,9.147990241252389,9.767587766470918,False,False,False,vlp_only,99,9.5,9.5,0.9999999999010001,moving_average
33,s2_wifi_degraded,9.147990241252389,9.767587766470918,False,False,False,static_fusion,99,9.5,9.5,0.597108009850942,moving_average
34,s2_wifi_degraded,8.966209639861209,9.397254516581212,False,False,False,wifi_only,99,9.5,9.5,0.19285964982735956,moving_average
34,s2_wifi_degraded,8.966209639861209,9.397254516581212,False,False,False,vlp_only,99,9.5,9.5,0.9999999999010001,moving_average
34,s2_wifi_degraded,8.966209639861209,9.397254516581212,False,False,False,static_fusion,99,9.5,9.5,0.5964298248641798,moving_average
35,s2_wifi_degraded,8.92197380793632,9.185323746168985,True,False,False,wifi_only,99,9.5,9.5,0.2826444783295424,moving_average
35,s2_wifi_degraded,8.92197380793632,9.185323746168985,True,False,False,vlp_only,99,9.5,9.5,0.9999999999010001,moving_average
35,s2_wifi_degraded,8.92197380793632,9.185323746168985,True,False,False,static_fusion,99,9.5,9.5,0.6413222391152713,moving_average
36,s2_wifi_degraded,8.914109042937588,8.939758011878457,True,False,False,wifi_only,99,9.5,9.5,0.39564381786149905,moving_average
36,s2_wifi_degraded,8.914109042937588,8.939758011878457,True,False,False,vlp_only,98,8.5,9.5,0.999832142785261,moving_average
36,s2_wifi_degraded,8.914109042937588,8.939758011878457,True,False,False,static_fusion,98,8.5,9.5,0.6101866866429719,moving_average
37,s2_wifi_degraded,9.07928845907877,8.665910920697108,True,False,False,wifi_only,98,8.5,9.5,0.26682294418226826,moving_average
37,s2_wifi_degraded,9.07928845907877,8.665910920697108,True,False,False,vlp_only,98,8.5,9.5,0.9875201091183702,moving_average
37,s2_wifi_degraded,9.07928845907877,8.665910920697108,True,False,False,static_fusion,98,8.5,9.5,0.6271715266503193,moving_average
38,s2_wifi_degraded,9.268317079915311,8.479283196707053,True,False,False,wifi_only,98,8.5,9.5,0.27949472620182975,moving_average
38,s2_wifi_degraded,9.268317079915311,8.479283196707053,True,False,False,vlp_only,89,9.5,8.5,0.7077768830012158,moving_average
38,s2_wifi_degraded,9.268317079915311,8.479283196707053,True,False,False,static_fusion,89,9.5,8.5,0.4183831791825981,moving_average
39,s2_wifi_degraded,9.629151173072932,8.405680386891111,True,False,False,wifi_only,98,8.5,9.5,0.28068471032455666,moving_average
39,s2_wifi_degraded,9.629151173072932,8.405680386891111,True,False,False,vlp_only,89,9.5,8.5,0.9900473833866003,moving_average
39,s2_wifi_degraded,9.629151173072932,8.405680386891111,True,False,False,static_fusion,89,9.5,8.5,0.5724434827698665,moving_average
40,s2_wifi_degraded,9.137911967096755,8.357214530377181,True,False,False,wifi_only,99,9.5,9.5,0.3006244734643836,moving_average
40,s2_wifi_degraded,9.137911967096755,8.357214530377181,True,False,False,vlp_only,89,9.5,8.5,0.9999217154855045,moving_average
40,s2_wifi_degraded,9.137911967096755,8.357214530377181,True,False,False,static_fusion,89,9.5,8.5,0.590563216748478,moving_average
41,s2_wifi_degraded,8.850804346095984,8.419767971950433,True,False,False,wifi_only,78,8.5,7.5,0.1795095799299884,moving_average
41,s2_wifi_degraded,8.850804346095984,8.419767971950433,True,False,False,vlp_only,89,9.5,8.5,0.99999678243943,moving_average
41,s2_wifi_degraded,8.850804346095984,8.419767971950433,True,False,False,static_fusion,89,9.5,8.5,0.5315476234042582,moving_average
42,s2_wifi_degraded,8.608468710412893,8.558343031691317,True,False,False,wifi_only,88,8.5,8.5,0.18258421119255538,moving_average
42,s2_wifi_degraded,8.608468710412893,8.558343031691317,True,False,False,vlp_only,89,9.5,8.5,0.9999914515611554,moving_average
42,s2_wifi_degraded,8.608468710412893,8.558343031691317,True,False,False,static_fusion,89,9.5,8.5,0.5355127109521205,moving_average
43,s2_wifi_degraded,8.31237088540844,8.610789569269624,True,False,False,wifi_only,87,7.5,8.5,0.12659781578284865,moving_average
43,s2_wifi_degraded,8.31237088540844,8.610789569269624,True,False,False,vlp_only,88,8.5,8.5,0.9999999999010001,moving_average
43,s2_wifi_degraded,8.31237088540844,8.610789569269624,True,False,False,static_fusion,88,8.5,8.5,0.5498985950163298,moving_average
44,s2_wifi_degraded,7.876973615803656,8.676310108296393,True,False,False,wifi_only,92,2.5,9.5,0.1846000511440118,moving_average
44,s2_wifi_degraded,7.876973615803656,8.676310108296393,True,False,False,vlp_only,88,8.5,8.5,0.9999999999010001,moving_average
44,s2_wifi_degraded,7.876973615803656,8.676310108296393,True,False,False,static_fusion,88,8.5,8.5,0.5205716465734935,moving_average
45,s2_wifi_degraded,7.69864374306643,8.764902399912266,True,False,False,wifi_only,97,7.5,9.5,0.2045450861512913,moving_average
45,s2_wifi_degraded,7.69864374306643,8.764902399912266,True,False,False,vlp_only,88,8.5,8.5,0.9999999990583742,moving_average
45,s2_wifi_degraded,7.69864374306643,8.764902399912266,True,False,False,static_fusion,88,8.5,8.5,0.5226859841606145,moving_average
46,s2_wifi_degraded,7.492119654821085,8.780131979271454,True,False,False,wifi_only,97,7.5,9.5,0.3818268373051341,moving_average
46,s2_wifi_degraded,7.492119654821085,8.780131979271454,True,False,False,vlp_only,88,8.5,8.5,0.9989857464466577,moving_average
46,s2_wifi_degraded,7.492119654821085,8.780131979271454,True,False,False,static_fusion,88,8.5,8.5,0.5211076567629711,moving_average
47,s2_wifi_degraded,7.191471021360378,8.723132508528103,True,False,False,wifi_only,97,7.5,9.5,0.36286071736514997,moving_average
47,s2_wifi_degraded,7.191471021360378,8.723132508528103,True,False,False,vlp_only,87,7.5,8.5,0.9999148580649729,moving_average
47,s2_wifi_degraded,7.191471021360378,8.723132508528103,True,False,False,static_fusion,87,7.5,8.5,0.606662938959171,moving_average
48,s2_wifi_degraded,6.992004119632241,8.748418280606632,True,False,False,wifi_only,87,7.5,8.5,0.22514853042450164,moving_average
48,s2_wifi_degraded,6.992004119632241,8.748418280606632,True,False,False,vlp_only,87,7.5,8.5,0.9999999998954002,moving_average
48,s2_wifi_degraded,6.992004119632241,8.748418280606632,True,False,False,static_fusion,87,7.5,8.5,0.612574265159951,moving_average
49,s2_wifi_degraded,6.846275017181253,8.922858028731762,False,False,False,wifi_only,87,7.5,8.5,0.23710400097570786,moving_average
49,s2_wifi_degraded,6.846275017181253,8.922858028731762,False,False,False,vlp_only,87,7.5,8.5,0.9999999999010001,moving_average
49,s2_wifi_degraded,6.846275017181253,8.922858028731762,False,False,False,static_fusion,87,7.5,8.5,0.6185520004383539,moving_average
50,s2_wifi_degraded,6.689596236262092,9.105068122957537,False,False,False,wifi_only,87,7.5,8.5,0.22938013754392458,moving_average
50,s2_wifi_degraded,6.689596236262092,9.105068122957537,False,False,False,vlp_only,97,7.5,9.5,0.9985925754607828,moving_average
50,s2_wifi_degraded,6.689596236262092,9.105068122957537,False,False,False,static_fusion,97,7.5,9.5,0.5407025011792242,moving_average
51,s2_wifi_degraded,6.651524336471364,9.303485813902295,False,False,False,wifi_only,76,6.5,7.5,0.23268933361852204,moving_average
51,s2_wifi_degraded,6.651524336471364,9.303485813902295,False,False,False,vlp_only,86,6.5,8.5,0.9848833070915655,moving_average
51,s2_wifi_degraded,6.651524336471364,9.303485813902295,False,False,False,static_fusion,86,6.5,8.5,0.5957675765000724,moving_average
52,s2_wifi_degraded,6.511030711247975,9.630572115899897,False,False,False,wifi_only,86,6.5,8.5,0.21817042737679898,moving_average
52,s2_wifi_degraded,6.511030711247975,9.630572115899897,False,False,False,vlp_only,86,6.5,8.5,0.9999999329297536,moving_average
52,s2_wifi_degraded,6.511030711247975,9.630572115899897,False,False,False,static_fusion,86,6.5,8.5,0.6090851801532763,moving_average
53,s2_wifi_degraded,6.420605168362592,9.834308948608536,False,False,False,wifi_only,96,6.5,9.5,0.30880850565677875,moving_average
53,s2_wifi_degraded,6.420605168362592,9.834308948608536,False,False,False,vlp_only,96,6.5,9.5,0.9999999999010001,moving_average
53,s2_wifi_degraded,6.420605168362592,9.834308948608536,False,False,False,static_fusion,96,6.5,9.5,0.6544042527788894,moving_average
54,s2_wifi_degraded,6.482295444389094,9.655075180886994,False,False,False,wifi_only,96,6.5,9.5,0.3091410501144299,moving_average
54,s2_wifi_degraded,6.482295444389094,9.655075180886994,False,False,False,vlp_only,96,6.5,9.5,0.9999999999010001,moving_average
54,s2_wifi_degraded,6.482295444389094,9.655075180886994,False,False,False,static_fusion,96,6.5,9.5,0.6545705250077151,moving_average
55,s2_wifi_degraded,6.562363950563185,9.549970952544058,False,False,False,wifi_only,93,3.5,9.5,0.19561704465354535,moving_average
55,s2_wifi_degraded,6.562363950563185,9.549970952544058,False,False,False,vlp_only,96,6.5,9.5,0.9999999999010001,moving_average
55,s2_wifi_degraded,6.562363950563185,9.549970952544058,False,False,False,static_fusion,96,6.5,9.5,0.5883483189707203,moving_average
56,s2_wifi_degraded,6.608994574111493,9.255964739086862,False,False,False,wifi_only,96,6.5,9.5,0.21097794259663272,moving_average
56,s2_wifi_degraded,6.608994574111493,9.255964739086862,False,False,False,vlp_only,96,6.5,9.5,0.9999999999010001,moving_average
56,s2_wifi_degraded,6.608994574111493,9.255964739086862,False,False,False,static_fusion,96,6.5,9.5,0.6054889712488164,moving_average
57,s2_wifi_degraded,6.638238185227195,8.788984466893778,False,False,False,wifi_only,96,6.5,9.5,0.16991828700312428,moving_average
57,s2_wifi_degraded,6.638238185227195,8.788984466893778,False,False,False,vlp_only,96,6.5,9.5,0.9999999999010001,moving_average
57,s2_wifi_degraded,6.638238185227195,8.788984466893778,False,False,False,static_fusion,96,6.5,9.5,0.5849591434520621,moving_average
58,s2_wifi_degraded,6.715833516903254,8.506019535638835,False,False,False,wifi_only,86,6.5,8.5,0.16610629403505064,moving_average
58,s2_wifi_degraded,6.715833516903254,8.506019535638835,False,False,False,vlp_only,86,6.5,8.5,0.9999999999010001,moving_average
58,s2_wifi_degraded,6.715833516903254,8.506019535638835,False,False,False,static_fusion,86,6.5,8.5,0.5830531469680253,moving_average
59,s2_wifi_degraded,6.712650009001855,8.176417392861678,False,False,False,wifi_only,73,3.5,7.5,0.14309512330661225,moving_average
59,s2_wifi_degraded,6.712650009001855,8.176417392861678,False,False,False,vlp_only,86,6.5,8.5,0.9999999999010001,moving_average
59,s2_wifi_degraded,6.712650009001855,8.176417392861678,False,False,False,static_fusion,86,6.5,8.5,0.5231469584746626,moving_average
60,s2_wifi_degraded,6.866771266170202,7.830791223796943,True,False,False,wifi_only,75,5.5,7.5,0.14225629866017295,moving_average
60,s2_wifi_degraded,6.866771266170202,7.830791223796943,True,False,False,vlp_only,86,6.5,8.5,0.9999999998543583,moving_average
60,s2_wifi_degraded,6.866771266170202,7.830791223796943,True,False,False,static_fusion,86,6.5,8.5,0.5559236166472165,moving_average
61,s2_wifi_degraded,6.935196676516079,7.575933102373101,True,False,False,wifi_only,93,3.5,9.5,0.1723530661021331,moving_average
61,s2_wifi_degraded,6.935196676516079,7.575933102373101,True,False,False,vlp_only,86,6.5,8.5,0.9995996128068549,moving_average
61,s2_wifi_degraded,6.935196676516079,7.575933102373101,True,False,False,static_fusion,86,6.5,8.5,0.5457996278592231,moving_average
62,s2_wifi_degraded,6.925151254140051,7.098088212920689,True,False,False,wifi_only,76,6.5,7.5,0.11271511898145117,moving_average
62,s2_wifi_degraded,6.925151254140051,7.098088212920689,True,False,False,vlp_only,76,6.5,7.5,0.9999836509972049,moving_average
62,s2_wifi_degraded,6.925151254140051,7.098088212920689,True,False,False,static_fusion,76,6.5,7.5,0.5563493849893281,moving_average
63,s2_wifi_degraded,6.9536901632065256,6.989777604364947,True,False,False,wifi_only,87,7.5,8.5,0.22008018358941214,moving_average
63,s2_wifi_degraded,6.9536901632065256,6.989777604364947,True,False,False,vlp_only,76,6.5,7.5,0.9999999999010001,moving_average
63,s2_wifi_degraded,6.9536901632065256,6.989777604364947,True,False,False,static_fusion,76,6.5,7.5,0.5632184505329174,moving_average
64,s2_wifi_degraded,6.966708536003405,6.623992067365702,True,False,False,wifi_only,87,7.5,8.5,0.19536758824157577,moving_average
64,s2_wifi_degraded,6.966708536003405,6.623992067365702,True,False,False,vlp_only,76,6.5,7.5,0.9999999999010001,moving_average
64,s2_wifi_degraded,6.966708536003405,6.623992067365702,True,False,False,static_fusion,76,6.5,7.5,0.5895499643132184,moving_average
65,s2_wifi_degraded,7.006265988225517,6.167924934295798,True,False,False,wifi_only,67,7.5,6.5,0.16597011171021392,moving_average
65,s2_wifi_degraded,7.006265988225517,6.167924934295798,True,False,False,vlp_only,67,7.5,6.5,0.9999999998847185,moving_average
65,s2_wifi_degraded,7.006265988225517,6.167924934295798,True,False,False,static_fusion,67,7.5,6.5,0.5829850557974661,moving_average
66,s2_wifi_degraded,7.195573035758812,5.900698987196131,True,False,False,wifi_only,57,7.5,5.5,0.18568504661896199,moving_average
66,s2_wifi_degraded,7.195573035758812,5.900698987196131,True,False,False,vlp_only,67,7.5,6.5,0.9999999999010001,moving_average
66,s2_wifi_degraded,7.195573035758812,5.900698987196131,True,False,False,static_fusion,67,7.5,6.5,0.5395721979180086,moving_average
67,s2_wifi_degraded,7.214622128011173,5.480629494443392,True,False,False,wifi_only,57,7.5,5.5,0.17966715311105477,moving_average
67,s2_wifi_degraded,7.214622128011173,5.480629494443392,True,False,False,vlp_only,66,6.5,6.5,0.9999999999010001,moving_average
67,s2_wifi_degraded,7.214622128011173,5.480629494443392,True,False,False,static_fusion,66,6.5,6.5,0.5070531650113987,moving_average
68,s2_wifi_degraded,7.224596969394833,5.365365355851328,True,False,False,wifi_only,45,5.5,4.5,0.1558263551176722,moving_average
68,s2_wifi_degraded,7.224596969394833,5.365365355851328,True,False,False,vlp_only,57,7.5,5.5,0.999999861574611,moving_average
68,s2_wifi_degraded,7.224596969394833,5.365365355851328,True,False,False,static_fusion,57,7.5,5.5,0.5264062751174269,moving_average
69,s2_wifi_degraded,7.3987606078939105,4.973012310374174,True,False,False,wifi_only,46,6.5,4.5,0.12722010561151953,moving_average
69,s2_wifi_degraded,7.3987606078939105,4.973012310374174,True,False,False,vlp_only,57,7.5,5.5,0.9999999999010002,moving_average
69,s2_wifi_degraded,7.3987606078939105,4.973012310374174,True,False,False,static_fusion,57,7.5,5.5,0.5343402176161482,moving_average
70,s2_wifi_degraded,7.635914401899096,4.715226258016342,False,False,False,wifi_only,58,8.5,5.5,0.1271751842765462,moving_average
70,s2_wifi_degraded,7.635914401899096,4.715226258016342,False,False,False,vlp_only,57,7.5,5.5,0.9999999999010002,moving_average
70,s2_wifi_degraded,7.635914401899096,4.715226258016342,False,False,False,static_fusion,57,7.5,5.5,0.55854915559002,moving_average
71,s2_wifi_degraded,7.871357392106725,4.543524489496297,False,False,False,wifi_only,35,5.5,3.5,0.15540846020874216,moving_average
71,s2_wifi_degraded,7.871357392106725,4.543524489496297,False,False,False,vlp_only,46,6.5,4.5,0.9988416772952007,moving_average
71,s2_wifi_degraded,7.871357392106725,4.543524489496297,False,False,False,static_fusion,46,6.5,4.5,0.5495809590342592,moving_average
72,s2_wifi_degraded,8.272955973874682,4.373796974104669,False,False,False,wifi_only,35,5.5,3.5,0.09860589471760801,moving_average
72,s2_wifi_degraded,8.272955973874682,4.373796974104669,False,False,False,vlp_only,47,7.5,4.5,0.9999996657216533,moving_average
72,s2_wifi_degraded,8.272955973874682,4.373796974104669,False,False,False,static_fusion,47,7.5,4.5,0.5430450715333229,moving_average
73,s2_wifi_degraded,8.62151579149036,4.028494957379147,False,False,False,wifi_only,49,9.5,4.5,0.2609464222192299,moving_average
73,s2_wifi_degraded,8.62151579149036,4.028494957379147,False,False,False,vlp_only,47,7.5,4.5,0.7173706618635683,moving_average
73,s2_wifi_degraded,8.62151579149036,4.028494957379147,False,False,False,static_fusion,47,7.5,4.5,0.383284241018587,moving_average
74,s2_wifi_degraded,8.748435457425892,3.685738487590071,False,False,False,wifi_only,49,9.5,4.5,0.1574019238134935,moving_average
74,s2_wifi_degraded,8.748435457425892,3.685738487590071,False,False,False,vlp_only,48,8.5,4.5,0.9999940294692311,moving_average
74,s2_wifi_degraded,8.748435457425892,3.685738487590071,False,False,False,static_fusion,48,8.5,4.5,0.5633807599803107,moving_average
75,s2_wifi_degraded,8.835085190139699,3.5526052200138745,False,False,False,wifi_only,39,9.5,3.5,0.21140565775661516,moving_average
75,s2_wifi_degraded,8.835085190139699,3.5526052200138745,False,False,False,vlp_only,39,9.5,3.5,0.9999999999010002,moving_average
75,s2_wifi_degraded,8.835085190139699,3.5526052200138745,False,False,False,static_fusion,39,9.5,3.5,0.6057028288288077,moving_average
76,s2_wifi_degraded,8.909093693609096,3.3558416683741257,False,False,False,wifi_only,39,9.5,3.5,0.3113821326511685,moving_average
76,s2_wifi_degraded,8.909093693609096,3.3558416683741257,False,False,False,vlp_only,39,9.5,3.5,0.9999999999010002,moving_average
76,s2_wifi_degraded,8.909093693609096,3.3558416683741257,False,False,False,static_fusion,39,9.5,3.5,0.6556910662760843,moving_average
77,s2_wifi_degraded,9.099711473119482,3.177715842546163,False,False,False,wifi_only,39,9.5,3.5,0.4360836385126522,moving_average
77,s2_wifi_degraded,9.099711473119482,3.177715842546163,False,False,False,vlp_only,38,8.5,3.5,0.9999999999010002,moving_average
77,s2_wifi_degraded,9.099711473119482,3.177715842546163,False,False,False,static_fusion,38,8.5,3.5,0.593937649640208,moving_average
78,s2_wifi_degraded,9.333851006911315,2.7984046692967013,False,False,False,wifi_only,39,9.5,3.5,0.41299830471991616,moving_average
78,s2_wifi_degraded,9.333851006911315,2.7984046692967013,False,False,False,vlp_only,38,8.5,3.5,0.9999999999010002,moving_average
78,s2_wifi_degraded,9.333851006911315,2.7984046692967013,False,False,False,static_fusion,38,8.5,3.5,0.6060908913249751,moving_average
79,s2_wifi_degraded,9.466292753776418,2.334363853065204,False,False,False,wifi_only,39,9.5,3.5,0.38881037070181296,moving_average
79,s2_wifi_degraded,9.466292753776418,2.334363853065204,False,False,False,vlp_only,29,9.5,2.5,0.9881456761691098,moving_average
79,s2_wifi_degraded,9.466292753776418,2.334363853065204,False,False,False,static_fusion,29,9.5,2.5,0.5842543677943752,moving_average
80,s2_wifi_degraded,9.611899936659418,2.123312718823533,False,False,False,wifi_only,29,9.5,2.5,0.26864341145447257,moving_average
80,s2_wifi_degraded,9.611899936659418,2.123312718823533,False,False,False,vlp_only,29,9.5,2.5,0.9999999999010002,moving_average
80,s2_wifi_degraded,9.611899936659418,2.123312718823533,False,False,False,static_fusion,29,9.5,2.5,0.6343217056777362,moving_average
81,s2_wifi_degraded,9.858322040787618,1.7145087247330029,False,False,False,wifi_only,29,9.5,2.5,0.3917109386436417,moving_average
81,s2_wifi_degraded,9.858322040787618,1.7145087247330029,False,False,False,vlp_only,29,9.5,2.5,0.9999999998977229,moving_average
81,s2_wifi_degraded,9.858322040787618,1.7145087247330029,False,False,False,static_fusion,29,9.5,2.5,0.6958554692706823,moving_average
82,s2_wifi_degraded,9.758809756481527,1.8587665766892736,False,False,False,wifi_only,29,9.5,2.5,0.43976164743577423,moving_average
82,s2_wifi_degraded,9.758809756481527,1.8587665766892736,False,False,False,vlp_only,29,9.5,2.5,0.9999340262212044,moving_average
82,s2_wifi_degraded,9.758809756481527,1.8587665766892736,False,False,False,static_fusion,29,9.5,2.5,0.7198478368284893,moving_average
83,s2_wifi_degraded,9.674741536762076,1.980219721792202,False,False,False,wifi_only,29,9.5,2.5,0.36075304091497756,moving_average
83,s2_wifi_degraded,9.674741536762076,1.980219721792202,False,False,False,vlp_only,29,9.5,2.5,0.8367641343382266,moving_average
83,s2_wifi_degraded,9.674741536762076,1.980219721792202,False,False,False,static_fusion,29,9.5,2.5,0.5987585876266021,moving_average
84,s2_wifi_degraded,9.543539060630476,2.38811292843674,False,False,False,wifi_only,29,9.5,2.5,0.33721231932419393,moving_average
84,s2_wifi_degraded,9.543539060630476,2.38811292843674,False,False,False,vlp_only,29,9.5,2.5,0.9387484451365131,moving_average
84,s2_wifi_degraded,9.543539060630476,2.38811292843674,False,False,False,static_fusion,29,9.5,2.5,0.6379803822303536,moving_average
85,s2_wifi_degraded,9.538461254265044,2.548657706440192,True,False,False,wifi_only,7,7.5,0.5,0.31241758833460215,moving_average
85,s2_wifi_degraded,9.538461254265044,2.548657706440192,True,False,False,vlp_only,29,9.5,2.5,0.999955013574502,moving_average
85,s2_wifi_degraded,9.538461254265044,2.548657706440192,True,False,False,static_fusion,29,9.5,2.5,0.6210783455844062,moving_average
86,s2_wifi_degraded,9.544593459510066,2.7077556794947983,True,False,False,wifi_only,7,7.5,0.5,0.3959833948972931,moving_average
86,s2_wifi_degraded,9.544593459510066,2.7077556794947983,True,False,False,vlp_only,29,9.5,2.5,0.9999999931080092,moving_average
86,s2_wifi_degraded,9.544593459510066,2.7077556794947983,True,False,False,static_fusion,29,9.5,2.5,0.5563460099498557,moving_average
87,s2_wifi_degraded,9.633379023943917,3.061085408030138,True,False,False,wifi_only,6,6.5,0.5,0.3334261720109933,moving_average
87,s2_wifi_degraded,9.633379023943917,3.061085408030138,True,False,False,vlp_only,29,9.5,2.5,0.9999999999010002,moving_average
87,s2_wifi_degraded,9.633379023943917,3.061085408030138,True,False,False,static_fusion,29,9.5,2.5,0.5101145998424697,moving_average
88,s2_wifi_degraded,9.752600157839524,3.198956190033732,True,False,False,wifi_only,6,6.5,0.5,0.4364489390594809,moving_average
88,s2_wifi_degraded,9.752600157839524,3.198956190033732,True,False,False,vlp_only,29,9.5,2.5,0.9999999999010002,moving_average
88,s2_wifi_degraded,9.752600157839524,3.198956190033732,True,False,False,static_fusion,29,9.5,2.5,0.500518817467049,moving_average
89,s2_wifi_degraded,9.40578903862998,2.8552477628804214,True,False,False,wifi_only,39,9.5,3.5,0.2774210615164363,moving_average
89,s2_wifi_degraded,9.40578903862998,2.8552477628804214,True,False,False,vlp_only,29,9.5,2.5,0.9999999999010002,moving_average
89,s2_wifi_degraded,9.40578903862998,2.8552477628804214,True,False,False,static_fusion,29,9.5,2.5,0.5086386623149025,moving_average
90,s2_wifi_degraded,9.127964250423506,2.698331211248074,True,False,False,wifi_only,6,6.5,0.5,0.26756762795500255,moving_average
90,s2_wifi_degraded,9.127964250423506,2.698331211248074,True,False,False,vlp_only,29,9.5,2.5,0.9999999998936527,moving_average
90,s2_wifi_degraded,9.127964250423506,2.698331211248074,True,False,False,static_fusion,29,9.5,2.5,0.5003333673646063,moving_average
91,s2_wifi_degraded,8.800406594259712,2.6051004251712406,True,False,False,wifi_only,39,9.5,3.5,0.18225856240310642,moving_average
91,s2_wifi_degraded,8.800406594259712,2.6051004251712406,True,False,False,vlp_only,29,9.5,2.5,0.9999999998775672,moving_average
91,s2_wifi_degraded,8.800406594259712,2.6051004251712406,True,False,False,static_fusion,29,9.5,2.5,0.5027667759249015,moving_average
92,s2_wifi_degraded,8.550281299097398,2.456641319624944,True,False,False,wifi_only,39,9.5,3.5,0.3368840931396412,moving_average
92,s2_wifi_degraded,8.550281299097398,2.456641319624944,True,False,False,vlp_only,29,9.5,2.5,0.9999999999010002,moving_average
92,s2_wifi_degraded,8.550281299097398,2.456641319624944,True,False,False,static_fusion,29,9.5,2.5,0.5035362505713574,moving_average
93,s2_wifi_degraded,8.206258987477604,2.220074095586588,True,False,False,wifi_only,39,9.5,3.5,0.31971380347560724,moving_average
93,s2_wifi_degraded,8.206258987477604,2.220074095586588,True,False,False,vlp_only,28,8.5,2.5,0.9999999999010002,moving_average
93,s2_wifi_degraded,8.206258987477604,2.220074095586588,True,False,False,static_fusion,28,8.5,2.5,0.5610648670321711,moving_average
94,s2_wifi_degraded,7.989681515495209,2.1664204126445497,True,False,False,wifi_only,27,7.5,2.5,0.18841682288007922,moving_average
94,s2_wifi_degraded,7.989681515495209,2.1664204126445497,True,False,False,vlp_only,28,8.5,2.5,0.999999999841254,moving_average
94,s2_wifi_degraded,7.989681515495209,2.1664204126445497,True,False,False,static_fusion,28,8.5,2.5,0.5209624948460694,moving_average
95,s2_wifi_degraded,7.820856477729749,2.216688844603764,True,False,False,wifi_only,29,9.5,2.5,0.4741656702886983,moving_average
95,s2_wifi_degraded,7.820856477729749,2.216688844603764,True,False,False,vlp_only,28,8.5,2.5,0.9999998955508278,moving_average
95,s2_wifi_degraded,7.820856477729749,2.216688844603764,True,False,False,static_fusion,28,8.5,2.5,0.6216558105287475,moving_average
96,s2_wifi_degraded,7.438849577500529,2.091977264871964,True,False,False,wifi_only,17,7.5,1.5,0.3120374317950506,moving_average
96,s2_wifi_degraded,7.438849577500529,2.091977264871964,True,False,False,vlp_only,28,8.5,2.5,0.9939076607205416,moving_average
96,s2_wifi_degraded,7.438849577500529,2.091977264871964,True,False,False,static_fusion,28,8.5,2.5,0.6148469122805331,moving_average
97,s2_wifi_degraded,7.303823403549243,2.032738937171799,True,False,False,wifi_only,17,7.5,1.5,0.3735329295798564,moving_average
97,s2_wifi_degraded,7.303823403549243,2.032738937171799,True,False,False,vlp_only,27,7.5,2.5,0.9957481538824712,moving_average
97,s2_wifi_degraded,7.303823403549243,2.032738937171799,True,False,False,static_fusion,27,7.5,2.5,0.5178197996273992,moving_average
98,s2_wifi_degraded,7.052510845305025,1.9258529473001484,False,False,False,wifi_only,7,7.5,0.5,0.3838363258738529,moving_average
98,s2_wifi_degraded,7.052510845305025,1.9258529473001484,False,False,False,vlp_only,27,7.5,2.5,0.8258264074667369,moving_average
98,s2_wifi_degraded,7.052510845305025,1.9258529473001484,False,False,False,static_fusion,27,7.5,2.5,0.4419412283991258,moving_average
99,s2_wifi_degraded,6.623312112175848,1.726390708485309,False,False,False,wifi_only,17,7.5,1.5,0.4505662180399384,moving_average
99,s2_wifi_degraded,6.623312112175848,1.726390708485309,False,False,False,vlp_only,17,7.5,1.5,0.9861219773494688,moving_average
99,s2_wifi_degraded,6.623312112175848,1.726390708485309,False,False,False,static_fusion,17,7.5,1.5,0.7183440976947036,moving_average
0,s2_wifi_degraded,7.708518498956285,6.537185189018777,False,False,False,wifi_only,68,8.5,6.5,0.12868552503061265,median
0,s2_wifi_degraded,7.708518498956285,6.537185189018777,False,False,False,vlp_only,67,7.5,6.5,0.9999997885444769,median
0,s2_wifi_degraded,7.708518498956285,6.537185189018777,False,False,False,static_fusion,67,7.5,6.5,0.5386719226151321,median
1,s2_wifi_degraded,7.762228944549189,6.781375783910273,False,False,False,wifi_only,68,8.5,6.5,0.12453366385350574,median
1,s2_wifi_degraded,7.762228944549189,6.781375783910273,False,False,False,vlp_only,67,7.5,6.5,0.9999998834804783,median
1,s2_wifi_degraded,7.762228944549189,6.781375783910273,False,False,False,static_fusion,67,7.5,6.5,0.5487562438923107,median
2,s2_wifi_degraded,7.839130958677583,7.167874595498286,False,False,False,wifi_only,67,7.5,6.5,0.11526376741801134,median
2,s2_wifi_degraded,7.839130958677583,7.167874595498286,False,False,False,vlp_only,67,7.5,6.5,0.999999935773835,median
2,s2_wifi_degraded,7.839130958677583,7.167874595498286,False,False,False,static_fusion,67,7.5,6.5,0.5576318515959231,median
3,s2_wifi_degraded,7.94346543019908,7.5103051184045535,False,False,False,wifi_only,67,7.5,6.5,0.1253076632439447,median
3,s2_wifi_degraded,7.94346543019908,7.5103051184045535,False,False,False,vlp_only,77,7.5,7.5,0.9999123664191153,median
3,s2_wifi_degraded,7.94346543019908,7.5103051184045535,False,False,False,static_fusion,77,7.5,7.5,0.5347881052584307,median
4,s2_wifi_degraded,7.999186140694022,7.623886621271602,False,False,False,wifi_only,67,7.5,6.5,0.10914680025074039,median
4,s2_wifi_degraded,7.999186140694022,7.623886621271602,False,False,False,vlp_only,77,7.5,7.5,0.99999544811481,median
4,s2_wifi_degraded,7.999186140694022,7.623886621271602,False,False,False,static_fusion,77,7.5,7.5,0.5463799935072259,median
5,s2_wifi_degraded,8.226562675373907,7.955827377167044,False,False,False,wifi_only,77,7.5,7.5,0.12258038655924676,median
5,s2_wifi_degraded,8.226562675373907,7.955827377167044,False,False,False,vlp_only,77,7.5,7.5,0.9982757477763285,median
5,s2_wifi_degraded,8.226562675373907,7.955827377167044,False,False,False,static_fusion,77,7.5,7.5,0.5604280671677877,median
6,s2_wifi_degraded,8.280648608306477,8.135508799595996,False,False,False,wifi_only,88,8.5,8.5,0.13029959737138935,median
6,s2_wifi_degraded,8.280648608306477,8.135508799595996,False,False,False,vlp_only,78,8.5,7.5,0.9447872194186868,median
6,s2_wifi_degraded,8.280648608306477,8.135508799595996,False,False,False,static_fusion,78,8.5,7.5,0.5065552543151166,median
7,s2_wifi_degraded,8.426531854440203,8.334139776009467,False,False,False,wifi_only,98,8.5,9.5,0.2452416344229755,median
7,s2_wifi_degraded,8.426531854440203,8.334139776009467,False,False,False,vlp_only,78,8.5,7.5,0.710032897614616,median
7,s2_wifi_degraded,8.426531854440203,8.334139776009467,False,False,False,static_fusion,78,8.5,7.5,0.38778105311309696,median
8,s2_wifi_degraded,8.640813839766498,8.694587576233882,False,False,False,wifi_only,88,8.5,8.5,0.19480969296614245,median
8,s2_wifi_degraded,8.640813839766498,8.694587576233882,False,False,False,vlp_only,88,8.5,8.5,0.9999750286369364,median
8,s2_wifi_degraded,8.640813839766498,8.694587576233882,False,False,False,static_fusion,88,8.5,8.5,0.5973923608015393,median
9,s2_wifi_degraded,8.773434572913224,8.991156753090223,False,False,False,wifi_only,88,8.5,8.5,0.1677575200630733,median
9,s2_wifi_degraded,8.773434572913224,8.991156753090223,False,False,False,vlp_only,88,8.5,8.5,0.9999999922027636,median
9,s2_wifi_degraded,8.773434572913224,8.991156753090223,False,False,False,static_fusion,88,8.5,8.5,0.5838787561329184,median
10,s2_wifi_degraded,8.969081214365445,9.315966535180728,True,False,False,wifi_only,89,9.5,8.5,0.1698144515096386,median
10,s2_wifi_degraded,8.969081214365445,9.315966535180728,True,False,False,vlp_only,88,8.5,8.5,0.9999999999010001,median
10,s2_wifi_degraded,8.969081214365445,9.315966535180728,True,False,False,static_fusion,88,8.5,8.5,0.5766434950441545,median
11,s2_wifi_degraded,9.158262661443551,9.76651178862036,True,False,False,wifi_only,88,8.5,8.5,0.1540931580768564,median
11,s2_wifi_degraded,9.158262661443551,9.76651178862036,True,False,False,vlp_only,98,8.5,9.5,0.9986612399683324,median
11,s2_wifi_degraded,9.158262661443551,9.76651178862036,True,False,False,static_fusion,98,8.5,9.5,0.5540332911299194,median
12,s2_wifi_degraded,9.226935916965898,9.928675601070118,True,False,False,wifi_only,54,4.5,5.5,0.06288140165542162,median
12,s2_wifi_degraded,9.226935916965898,9.928675601070118,True,False,False,vlp_only,98,8.5,9.5,0.9999992754131629,median
12,s2_wifi_degraded,9.226935916965898,9.928675601070118,True,False,False,static_fusion,98,8.5,9.5,0.5067827475794238,median
13,s2_wifi_degraded,9.28457534064934,9.54739973958025,True,False,False,wifi_only,71,1.5,7.5,0.10440733882079126,median
13,s2_wifi_degraded,9.28457534064934,9.54739973958025,True,False,False,vlp_only,99,9.5,9.5,0.9999999999010001,median
13,s2_wifi_degraded,9.28457534064934,9.54739973958025,True,False,False,static_fusion,99,9.5,9.5,0.5043057157741152,median
14,s2_wifi_degraded,9.55154708556551,9.187880405968292,True,False,False,wifi_only,89,9.5,8.5,0.23503933685242673,median
14,s2_wifi_degraded,9.55154708556551,9.187880405968292,True,False,False,vlp_only,99,9.5,9.5,0.9999999999010001,median
14,s2_wifi_degraded,9.55154708556551,9.187880405968292,True,False,False,static_fusion,99,9.5,9.5,0.6139070929939133,median
15,s2_wifi_degraded,9.66616567574389,8.964158259736895,True,False,False,wifi_only,89,9.5,8.5,0.21971185866805515,median
15,s2_wifi_degraded,9.66616567574389,8.964158259736895,True,False,False,vlp_only,99,9.5,9.5,0.9999999999010001,median
15,s2_wifi_degraded,9.66616567574389,8.964158259736895,True,False,False,static_fusion,99,9.5,9.5,0.6064789385962335,median
16,s2_wifi_degraded,9.783739284953958,8.603729760291959,True,False,False,wifi_only,99,9.5,9.5,0.5934101212679588,median
16,s2_wifi_degraded,9.783739284953958,8.603729760291959,True,False,False,vlp_only,99,9.5,9.5,0.9999999999010001,median
16,s2_wifi_degraded,9.783739284953958,8.603729760291959,True,False,False,static_fusion,99,9.5,9.5,0.7967050605844794,median
17,s2_wifi_degraded,9.816728934060924,8.290196131329282,True,False,False,wifi_only,99,9.5,9.5,0.46911904312541847,median
17,s2_wifi_degraded,9.816728934060924,8.290196131329282,True,False,False,vlp_only,99,9.5,9.5,0.9999999999010001,median
17,s2_wifi_degraded,9.816728934060924,8.290196131329282,True,False,False,static_fusion,99,9.5,9.5,0.7345595215132092,median
18,s2_wifi_degraded,9.898369940505676,8.170920930516099,True,False,False,wifi_only,99,9.5,9.5,0.46911904312541847,median
18,s2_wifi_degraded,9.898369940505676,8.170920930516099,True,False,False,vlp_only,99,9.5,9.5,0.9999999999010001,median
18,s2_wifi_degraded,9.898369940505676,8.170920930516099,True,False,False,static_fusion,99,9.5,9.5,0.7345595215132092,median
19,s2_wifi_degraded,9.760036529571131,8.31653053319644,True,False,False,wifi_only,99,9.5,9.5,0.40086424433940937,median
19,s2_wifi_degraded,9.760036529571131,8.31653053319644,True,False,False,vlp_only,99,9.5,9.5,0.9999999999010001,median
19,s2_wifi_degraded,9.760036529571131,8.31653053319644,True,False,False,static_fusion,99,9.5,9.5,0.7004321221202048,median
20,s2_wifi_degraded,9.637633694040824,8.49751598572513,True,False,False,wifi_only,90,0.5,9.5,0.36000822590961595,median
20,s2_wifi_degraded,9.637633694040824,8.49751598572513,True,False,False,vlp_only,89,9.5,8.5,0.9999967054912781,median
20,s2_wifi_degraded,9.637633694040824,8.49751598572513,True,False,False,static_fusion,89,9.5,8.5,0.5033716428138231,median
21,s2_wifi_degraded,9.488164788775736,8.737066335022115,True,False,False,wifi_only,98,8.5,9.5,0.20743962708267769,median
21,s2_wifi_degraded,9.488164788775736,8.737066335022115,True,False,False,vlp_only,89,9.5,8.5,0.9999967054912781,median
21,s2_wifi_degraded,9.488164788775736,8.737066335022115,True,False,False,static_fusion,89,9.5,8.5,0.5671601838643243,median
22,s2_wifi_degraded,9.401483371555605,8.971936242221727,True,False,False,wifi_only,71,1.5,7.5,0.1058702327190118,median
22,s2_wifi_degraded,9.401483371555605,8.971936242221727,True,False,False,vlp_only,89,9.5,8.5,0.9999844003892361,median
22,s2_wifi_degraded,9.401483371555605,8.971936242221727,True,False,False,static_fusion,89,9.5,8.5,0.5028580824523547,median
23,s2_wifi_degraded,9.373588623793506,9.260353868533857,False,False,False,wifi_only,60,0.5,6.5,0.12715369057130482,median
23,s2_wifi_degraded,9.373588623793506,9.260353868533857,False,False,False,vlp_only,89,9.5,8.5,0.9725676119112138,median
23,s2_wifi_degraded,9.373588623793506,9.260353868533857,False,False,False,static_fusion,89,9.5,8.5,0.492703752593417,median
24,s2_wifi_degraded,9.127375220319832,9.429716922223497,False,False,False,wifi_only,89,9.5,8.5,0.20820593405299515,median
24,s2_wifi_degraded,9.127375220319832,9.429716922223497,False,False,False,vlp_only,89,9.5,8.5,0.9600846525945252,median
24,s2_wifi_degraded,9.127375220319832,9.429716922223497,False,False,False,static_fusion,89,9.5,8.5,0.5841452933237602,median
25,s2_wifi_degraded,8.726509377545842,9.486750180536124,False,False,False,wifi_only,89,9.5,8.5,0.2136935856586359,median
25,s2_wifi_degraded,8.726509377545842,9.486750180536124,False,False,False,vlp_only,89,9.5,8.5,0.6764081476866108,median
25,s2_wifi_degraded,8.726509377545842,9.486750180536124,False,False,False,static_fusion,89,9.5,8.5,0.4450508666726234,median
26,s2_wifi_degraded,8.556615925716626,9.685615586341887,False,False,False,wifi_only,79,9.5,7.5,0.15767016164589504,median
26,s2_wifi_degraded,8.556615925716626,9.685615586341887,False,False,False,vlp_only,98,8.5,9.5,0.8305005873465225,median
26,s2_wifi_degraded,8.556615925716626,9.685615586341887,False,False,False,static_fusion,98,8.5,9.5,0.4382714145924687,median
27,s2_wifi_degraded,8.275272196622463,9.90949250147166,False,False,False,wifi_only,78,8.5,7.5,0.13607146476352186,median
27,s2_wifi_degraded,8.275272196622463,9.90949250147166,False,False,False,vlp_only,98,8.5,9.5,0.9846894579244426,median
27,s2_wifi_degraded,8.275272196622463,9.90949250147166,False,False,False,static_fusion,98,8.5,9.5,0.5310308798892361,median
28,s2_wifi_degraded,8.516464193829812,9.620395436542294,False,False,False,wifi_only,88,8.5,8.5,0.15405448950275538,median
28,s2_wifi_degraded,8.516464193829812,9.620395436542294,False,False,False,vlp_only,98,8.5,9.5,0.9999997073343838,median
28,s2_wifi_degraded,8.516464193829812,9.620395436542294,False,False,False,static_fusion,98,8.5,9.5,0.5515928828018998,median
29,s2_wifi_degraded,8.726745769238578,9.594339738596462,False,False,False,wifi_only,88,8.5,8.5,0.15405448950275538,median
29,s2_wifi_degraded,8.726745769238578,9.594339738596462,False,False,False,vlp_only,98,8.5,9.5,0.9999994180388039,median
29,s2_wifi_degraded,8.726745769238578,9.594339738596462,False,False,False,static_fusion,98,8.5,9.5,0.5515927381541098,median
30,s2_wifi_degraded,8.943827322619104,9.579744922705936,False,False,False,wifi_only,98,8.5,9.5,0.1478197057377364,median
30,s2_wifi_degraded,8.943827322619104,9.579744922705936,False,False,False,vlp_only,98,8.5,9.5,0.9999994179923269,median
30,s2_wifi_degraded,8.943827322619104,9.579744922705936,False,False,False,static_fusion,98,8.5,9.5,0.5739095618650317,median
31,s2_wifi_degraded,9.351601400735191,9.795243901577573,False,False,False,wifi_only,98,8.5,9.5,0.21085186853616086,median
31,s2_wifi_degraded,9.351601400735191,9.795243901577573,False,False,False,vlp_only,99,9.5,9.5,0.9999999999010001,median
31,s2_wifi_degraded,9.351601400735191,9.795243901577573,False,False,False,static_fusion,99,9.5,9.5,0.533254508490314,median
32,s2_wifi_degraded,9.577016681956424,9.919176372465715,False,False,False,wifi_only,99,9.5,9.5,0.24965475080542715,median
32,s2_wifi_degraded,9.577016681956424,9.919176372465715,False,False,False,vlp_only,99,9.5,9.5,0.9999999999010001,median
32,s2_wifi_degraded,9.577016681956424,9.919176372465715,False,False,False,static_fusion,99,9.5,9.5,0.6248273753532136,median
33,s2_wifi_degraded,9.147990241252389,9.767587766470918,False,False,False,wifi_only,99,9.5,9.5,0.2407274587454111,median
33,s2_wifi_degraded,9.147990241252389,9.767587766470918,False,False,False,vlp_only,99,9.5,9.5,0.9999999999010001,median
33,s2_wifi_degraded,9.147990241252389,9.767587766470918,False,False,False,static_fusion,99,9.5,9.5,0.6203637293232056,median
34,s2_wifi_degraded,8.966209639861209,9.397254516581212,False,False,False,wifi_only,99,9.5,9.5,0.23977019141250117,median
34,s2_wifi_degraded,8.966209639861209,9.397254516581212,False,False,False,vlp_only,99,9.5,9.5,0.9999999999010001,median
34,s2_wifi_degraded,8.966209639861209,9.397254516581212,False,False,False,static_fusion,99,9.5,9.5,0.6198850956567507,median
35,s2_wifi_degraded,8.92197380793632,9.185323746168985,True,False,False,wifi_only,99,9.5,9.5,0.26917170892058134,median
35,s2_wifi_degraded,8.92197380793632,9.185323746168985,True,False,False,vlp_only,99,9.5,9.5,0.9999999999010001,median
35,s2_wifi_degraded,8.92197380793632,9.185323746168985,True,False,False,static_fusion,99,9.5,9.5,0.6345858544107907,median
36,s2_wifi_degraded,8.914109042937588,8.939758011878457,True,False,False,wifi_only,99,9.5,9.5,0.40363228962965264,median
36,s2_wifi_degraded,8.914109042937588,8.939758011878457,True,False,False,vlp_only,98,8.5,9.5,0.9999747750948239,median
36,s2_wifi_degraded,8.914109042937588,8.939758011878457,True,False,False,static_fusion,98,8.5,9.5,0.5803175901845047,median
37,s2_wifi_degraded,9.07928845907877,8.665910920697108,True,False,False,wifi_only,98,8.5,9.5,0.2648296741379341,median
37,s2_wifi_degraded,9.07928845907877,8.665910920697108,True,False,False,vlp_only,98,8.5,9.5,0.9469259564906021,median
37,s2_wifi_degraded,9.07928845907877,8.665910920697108,True,False,False,static_fusion,98,8.5,9.5,0.6058778153142681,median
38,s2_wifi_degraded,9.268317079915311,8.479283196707053,True,False,False,wifi_only,98,8.5,9.5,0.2242904038220329,median
38,s2_wifi_degraded,9.268317079915311,8.479283196707053,True,False,False,vlp_only,89,9.5,8.5,0.611800706122744,median
38,s2_wifi_degraded,9.268317079915311,8.479283196707053,True,False,False,static_fusion,89,9.5,8.5,0.37989546809059627,median
39,s2_wifi_degraded,9.629151173072932,8.405680386891111,True,False,False,wifi_only,99,9.5,9.5,0.4150673067649215,median
39,s2_wifi_degraded,9.629151173072932,8.405680386891111,True,False,False,vlp_only,89,9.5,8.5,0.9690340486239829,median
39,s2_wifi_degraded,9.629151173072932,8.405680386891111,True,False,False,static_fusion,89,9.5,8.5,0.568915571664391,median
40,s2_wifi_degraded,9.137911967096755,8.357214530377181,True,False,False,wifi_only,99,9.5,9.5,0.26544955155155925,median
40,s2_wifi_degraded,9.137911967096755,8.357214530377181,True,False,False,vlp_only,89,9.5,8.5,0.9999807258040514,median
40,s2_wifi_degraded,9.137911967096755,8.357214530377181,True,False,False,static_fusion,89,9.5,8.5,0.5631626359805291,median
41,s2_wifi_degraded,8.850804346095984,8.419767971950433,True,False,False,wifi_only,78,8.5,7.5,0.15338121038700434,median
41,s2_wifi_degraded,8.850804346095984,8.419767971950433,True,False,False,vlp_only,89,9.5,8.5,0.9999920937389016,median
41,s2_wifi_degraded,8.850804346095984,8.419767971950433,True,False,False,static_fusion,89,9.5,8.5,0.525680069301218,median
42,s2_wifi_degraded,8.608468710412893,8.558343031691317,True,False,False,wifi_only,77,7.5,7.5,0.1807372892058176,median
42,s2_wifi_degraded,8.608468710412893,8.558343031691317,True,False,False,vlp_only,89,9.5,8.5,0.9999920937389016,median
42,s2_wifi_degraded,8.608468710412893,8.558343031691317,True,False,False,static_fusion,89,9.5,8.5,0.505687740343028,median
43,s2_wifi_degraded,8.31237088540844,8.610789569269624,True,False,False,wifi_only,97,7.5,9.5,0.1508061149044997,median
43,s2_wifi_degraded,8.31237088540844,8.610789569269624,True,False,False,vlp_only,88,8.5,8.5,0.9999999999010001,median
43,s2_wifi_degraded,8.31237088540844,8.610789569269624,True,False,False,static_fusion,88,8.5,8.5,0.5351923158186517,median
44,s2_wifi_degraded,7.876973615803656,8.676310108296393,True,False,False,wifi_only,91,1.5,9.5,0.3065067674013073,median
44,s2_wifi_degraded,7.876973615803656,8.676310108296393,True,False,False,vlp_only,88,8.5,8.5,0.9999999999010001,median
44,s2_wifi_degraded,7.876973615803656,8.676310108296393,True,False,False,static_fusion,88,8.5,8.5,0.5018548690314852,median
45,s2_wifi_degraded,7.69864374306643,8.764902399912266,True,False,False,wifi_only,97,7.5,9.5,0.24385692512845752,median
45,s2_wifi_degraded,7.69864374306643,8.764902399912266,True,False,False,vlp_only,88,8.5,8.5,0.9999999998758636,median
45,s2_wifi_degraded,7.69864374306643,8.764902399912266,True,False,False,static_fusion,88,8.5,8.5,0.5503057524378644,median
46,s2_wifi_degraded,7.492119654821085,8.780131979271454,True,False,False,wifi_only,97,7.5,9.5,0.25193349519628305,median
46,s2_wifi_degraded,7.492119654821085,8.780131979271454,True,False,False,vlp_only,88,8.5,8.5,0.8953307008063672,median
46,s2_wifi_degraded,7.492119654821085,8.780131979271454,True,False,False,static_fusion,88,8.5,8.5,0.49938789588308946,median
47,s2_wifi_degraded,7.191471021360378,8.723132508528103,True,False,False,wifi_only,97,7.5,9.5,0.3516384612711022,median
47,s2_wifi_degraded,7.191471021360378,8.723132508528103,True,False,False,vlp_only,87,7.5,8.5,0.999767320684746,median
47,s2_wifi_degraded,7.191471021360378,8.723132508528103,True,False,False,static_fusion,87,7.5,8.5,0.5893175822904841,median
48,s2_wifi_degraded,6.992004119632241,8.748418280606632,True,False,False,wifi_only,88,8.5,8.5,0.182751844506035,median
48,s2_wifi_degraded,6.992004119632241,8.748418280606632,True,False,False,vlp_only,87,7.5,8.5,0.9999999997988506,median
48,s2_wifi_degraded,6.992004119632241,8.748418280606632,True,False,False,static_fusion,87,7.5,8.5,0.5340135010724737,median
49,s2_wifi_degraded,6.846275017181253,8.922858028731762,False,False,False,wifi_only,77,7.5,7.5,0.2325938969879344,median
49,s2_wifi_degraded,6.846275017181253,8.922858028731762,False,False,False,vlp_only,87,7.5,8.5,0.9999999999010001,median
49,s2_wifi_degraded,6.846275017181253,8.922858028731762,False,False,False,static_fusion,87,7.5,8.5,0.5925765239333448,median
50,s2_wifi_degraded,6.689596236262092,9.105068122957537,False,False,False,wifi_only,76,6.5,7.5,0.25778919502141273,median
50,s2_wifi_degraded,6.689596236262092,9.105068122957537,False,False,False,vlp_only,97,7.5,9.5,0.7156953907372786,median
50,s2_wifi_degraded,6.689596236262092,9.105068122957537,False,False,False,static_fusion,97,7.5,9.5,0.3962636174925478,median
51,s2_wifi_degraded,6.651524336471364,9.303485813902295,False,False,False,wifi_only,86,6.5,8.5,0.22694489341769084,median
51,s2_wifi_degraded,6.651524336471364,9.303485813902295,False,False,False,vlp_only,86,6.5,8.5,0.9952931797532317,median
51,s2_wifi_degraded,6.651524336471364,9.303485813902295,False,False,False,static_fusion,86,6.5,8.5,0.6111190365854613,median
52,s2_wifi_degraded,6.511030711247975,9.630572115899897,False,False,False,wifi_only,96,6.5,9.5,0.2794713271942025,median
52,s2_wifi_degraded,6.511030711247975,9.630572115899897,False,False,False,vlp_only,86,6.5,8.5,0.9998571167805513,median
52,s2_wifi_degraded,6.511030711247975,9.630572115899897,False,False,False,static_fusion,86,6.5,8.5,0.6052133529170688,median
53,s2_wifi_degraded,6.420605168362592,9.834308948608536,False,False,False,wifi_only,96,6.5,9.5,0.39596199367671375,median
53,s2_wifi_degraded,6.420605168362592,9.834308948608536,False,False,False,vlp_only,96,6.5,9.5,0.9999999999010001,median
53,s2_wifi_degraded,6.420605168362592,9.834308948608536,False,False,False,static_fusion,96,6.5,9.5,0.6979809967888569,median
54,s2_wifi_degraded,6.482295444389094,9.655075180886994,False,False,False,wifi_only,96,6.5,9.5,0.31940880202832556,median
54,s2_wifi_degraded,6.482295444389094,9.655075180886994,False,False,False,vlp_only,96,6.5,9.5,0.9999999999010001,median
54,s2_wifi_degraded,6.482295444389094,9.655075180886994,False,False,False,static_fusion,96,6.5,9.5,0.6597044009646629,median
55,s2_wifi_degraded,6.562363950563185,9.549970952544058,False,False,False,wifi_only,96,6.5,9.5,0.25440672144147597,median
55,s2_wifi_degraded,6.562363950563185,9.549970952544058,False,False,False,vlp_only,96,6.5,9.5,0.9999999999010001,median
55,s2_wifi_degraded,6.562363950563185,9.549970952544058,False,False,False,static_fusion,96,6.5,9.5,0.627203360671238,median
56,s2_wifi_degraded,6.608994574111493,9.255964739086862,False,False,False,wifi_only,96,6.5,9.5,0.3024914387176919,median
56,s2_wifi_degraded,6.608994574111493,9.255964739086862,False,False,False,vlp_only,96,6.5,9.5,0.9999999999010001,median
56,s2_wifi_degraded,6.608994574111493,9.255964739086862,False,False,False,static_fusion,96,6.5,9.5,0.6512457193093459,median
57,s2_wifi_degraded,6.638238185227195,8.788984466893778,False,False,False,wifi_only,96,6.5,9.5,0.2577023328646471,median
57,s2_wifi_degraded,6.638238185227195,8.788984466893778,False,False,False,vlp_only,96,6.5,9.5,0.9999999999010001,median
57,s2_wifi_degraded,6.638238185227195,8.788984466893778,False,False,False,static_fusion,96,6.5,9.5,0.6288511663828236,median
58,s2_wifi_degraded,6.715833516903254,8.506019535638835,False,False,False,wifi_only,96,6.5,9.5,0.25310467916854384,median
58,s2_wifi_degraded,6.715833516903254,8.506019535638835,False,False,False,vlp_only,96,6.5,9.5,0.9999999999010001,median
58,s2_wifi_degraded,6.715833516903254,8.506019535638835,False,False,False,static_fusion,96,6.5,9.5,0.626552339534772,median
59,s2_wifi_degraded,6.712650009001855,8.176417392861678,False,False,False,wifi_only,73,3.5,7.5,0.1500802715041495,median
59,s2_wifi_degraded,6.712650009001855,8.176417392861678,False,False,False,vlp_only,86,6.5,8.5,0.9999999999010001,median
59,s2_wifi_degraded,6.712650009001855,8.176417392861678,False,False,False,static_fusion,86,6.5,8.5,0.5379227985258973,median
60,s2_wifi_degraded,6.866771266170202,7.830791223796943,True,False,False,wifi_only,74,4.5,7.5,0.19418245049570607,median
60,s2_wifi_degraded,6.866771266170202,7.830791223796943,True,False,False,vlp_only,86,6.5,8.5,0.9999999999010001,median
60,s2_wifi_degraded,6.866771266170202,7.830791223796943,True,False,False,static_fusion,86,6.5,8.5,0.5509021844788066,median
61,s2_wifi_degraded,6.935196676516079,7.575933102373101,True,False,False,wifi_only,74,4.5,7.5,0.14745706812138745,median
61,s2_wifi_degraded,6.935196676516079,7.575933102373101,True,False,False,vlp_only,86,6.5,8.5,0.9998074855478197,median
61,s2_wifi_degraded,6.935196676516079,7.575933102373101,True,False,False,static_fusion,86,6.5,8.5,0.5385575288001805,median
62,s2_wifi_degraded,6.925151254140051,7.098088212920689,True,False,False,wifi_only,76,6.5,7.5,0.1670760444476441,median
62,s2_wifi_degraded,6.925151254140051,7.098088212920689,True,False,False,vlp_only,76,6.5,7.5,0.9992157765169838,median
62,s2_wifi_degraded,6.925151254140051,7.098088212920689,True,False,False,static_fusion,76,6.5,7.5,0.583145910482314,median
63,s2_wifi_degraded,6.9536901632065256,6.989777604364947,True,False,False,wifi_only,66,6.5,6.5,0.17687551339064103,median
63,s2_wifi_degraded,6.9536901632065256,6.989777604364947,True,False,False,vlp_only,76,6.5,7.5,0.9999999998173671,median
63,s2_wifi_degraded,6.9536901632065256,6.989777604364947,True,False,False,static_fusion,76,6.5,7.5,0.5290367096191853,median
64,s2_wifi_degraded,6.966708536003405,6.623992067365702,True,False,False,wifi_only,66,6.5,6.5,0.18984682030674377,median
64,s2_wifi_degraded,6.966708536003405,6.623992067365702,True,False,False,vlp_only,76,6.5,7.5,0.9999970104494529,median
64,s2_wifi_degraded,6.966708536003405,6.623992067365702,True,False,False,static_fusion,76,6.5,7.5,0.524348754610312,median
65,s2_wifi_degraded,7.006265988225517,6.167924934295798,True,False,False,wifi_only,57,7.5,5.5,0.17957294663824797,median
65,s2_wifi_degraded,7.006265988225517,6.167924934295798,True,False,False,vlp_only,67,7.5,6.5,0.9998300135065256,median
65,s2_wifi_degraded,7.006265988225517,6.167924934295798,True,False,False,static_fusion,67,7.5,6.5,0.5813694144904407,median
66,s2_wifi_degraded,7.195573035758812,5.900698987196131,True,False,False,wifi_only,57,7.5,5.5,0.17878692463762255,median
66,s2_wifi_degraded,7.195573035758812,5.900698987196131,True,False,False,vlp_only,67,7.5,6.5,0.9999999999010001,median
66,s2_wifi_degraded,7.195573035758812,5.900698987196131,True,False,False,static_fusion,67,7.5,6.5,0.526960825079187,median
67,s2_wifi_degraded,7.214622128011173,5.480629494443392,True,False,False,wifi_only,46,6.5,4.5,0.1897641771540328,median
67,s2_wifi_degraded,7.214622128011173,5.480629494443392,True,False,False,vlp_only,66,6.5,6.5,0.9999999999010001,median
67,s2_wifi_degraded,7.214622128011173,5.480629494443392,True,False,False,static_fusion,66,6.5,6.5,0.5016709767325855,median
68,s2_wifi_degraded,7.224596969394833,5.365365355851328,True,False,False,wifi_only,44,4.5,4.5,0.1908648940296328,median
68,s2_wifi_degraded,7.224596969394833,5.365365355851328,True,False,False,vlp_only,57,7.5,5.5,0.9999999999010002,median
68,s2_wifi_degraded,7.224596969394833,5.365365355851328,True,False,False,static_fusion,57,7.5,5.5,0.5050512202021112,median
69,s2_wifi_degraded,7.3987606078939105,4.973012310374174,True,False,False,wifi_only,35,5.5,3.5,0.16897718960869212,median
69,s2_wifi_degraded,7.3987606078939105,4.973012310374174,True,False,False,vlp_only,57,7.5,5.5,0.9999999999010002,median
69,s2_wifi_degraded,7.3987606078939105,4.973012310374174,True,False,False,static_fusion,57,7.5,5.5,0.501030118191277,median
70,s2_wifi_degraded,7.635914401899096,4.715226258016342,False,False,False,wifi_only,57,7.5,5.5,0.16546262814317034,median
70,s2_wifi_degraded,7.635914401899096,4.715226258016342,False,False,False,vlp_only,57,7.5,5.5,0.9999999999010002,median
70,s2_wifi_degraded,7.635914401899096,4.715226258016342,False,False,False,static_fusion,57,7.5,5.5,0.5827313140220851,median
71,s2_wifi_degraded,7.871357392106725,4.543524489496297,False,False,False,wifi_only,5,5.5,0.5,0.2645194425739656,median
71,s2_wifi_degraded,7.871357392106725,4.543524489496297,False,False,False,vlp_only,46,6.5,4.5,0.9999999997486835,median
71,s2_wifi_degraded,7.871357392106725,4.543524489496297,False,False,False,static_fusion,46,6.5,4.5,0.5009698082677021,median
72,s2_wifi_degraded,8.272955973874682,4.373796974104669,False,False,False,wifi_only,49,9.5,4.5,0.3453886817906546,median
72,s2_wifi_degraded,8.272955973874682,4.373796974104669,False,False,False,vlp_only,47,7.5,4.5,0.9999999997220971,median
72,s2_wifi_degraded,8.272955973874682,4.373796974104669,False,False,False,static_fusion,47,7.5,4.5,0.519752689381644,median
73,s2_wifi_degraded,8.62151579149036,4.028494957379147,False,False,False,wifi_only,49,9.5,4.5,0.359778903968257,median
73,s2_wifi_degraded,8.62151579149036,4.028494957379147,False,False,False,vlp_only,47,7.5,4.5,0.9990776996123031,median
73,s2_wifi_degraded,8.62151579149036,4.028494957379147,False,False,False,static_fusion,47,7.5,4.5,0.5110657997005231,median
74,s2_wifi_degraded,8.748435457425892,3.685738487590071,False,False,False,wifi_only,39,9.5,3.5,0.3042151994377659,median
74,s2_wifi_degraded,8.748435457425892,3.685738487590071,False,False,False,vlp_only,48,8.5,4.5,0.9999999994510075,median
74,s2_wifi_degraded,8.748435457425892,3.685738487590071,False,False,False,static_fusion,48,8.5,4.5,0.532313361660582,median
75,s2_wifi_degraded,8.835085190139699,3.5526052200138745,False,False,False,wifi_only,39,9.5,3.5,0.3042151994377659,median
75,s2_wifi_degraded,8.835085190139699,3.5526052200138745,False,False,False,vlp_only,39,9.5,3.5,0.9999999999010002,median
75,s2_wifi_degraded,8.835085190139699,3.5526052200138745,False,False,False,static_fusion,39,9.5,3.5,0.652107599669383,median
76,s2_wifi_degraded,8.909093693609096,3.3558416683741257,False,False,False,wifi_only,39,9.5,3.5,0.3651406818887853,median
76,s2_wifi_degraded,8.909093693609096,3.3558416683741257,False,False,False,vlp_only,38,8.5,3.5,0.9999999998072402,median
76,s2_wifi_degraded,8.909093693609096,3.3558416683741257,False,False,False,static_fusion,38,8.5,3.5,0.5693797034428297,median
77,s2_wifi_degraded,9.099711473119482,3.177715842546163,False,False,False,wifi_only,39,9.5,3.5,0.4802892787869029,median
77,s2_wifi_degraded,9.099711473119482,3.177715842546163,False,False,False,vlp_only,38,8.5,3.5,0.9999999999010002,median
77,s2_wifi_degraded,9.099711473119482,3.177715842546163,False,False,False,static_fusion,38,8.5,3.5,0.5891168025864035,median
78,s2_wifi_degraded,9.333851006911315,2.7984046692967013,False,False,False,wifi_only,39,9.5,3.5,0.44400195877576365,median
78,s2_wifi_degraded,9.333851006911315,2.7984046692967013,False,False,False,vlp_only,38,8.5,3.5,0.9999999999010002,median
78,s2_wifi_degraded,9.333851006911315,2.7984046692967013,False,False,False,static_fusion,38,8.5,3.5,0.5843639884037872,median
79,s2_wifi_degraded,9.466292753776418,2.334363853065204,False,False,False,wifi_only,39,9.5,3.5,0.43944705720775173,median
79,s2_wifi_degraded,9.466292753776418,2.334363853065204,False,False,False,vlp_only,38,8.5,3.5,0.9999999215226676,median
79,s2_wifi_degraded,9.466292753776418,2.334363853065204,False,False,False,static_fusion,38,8.5,3.5,0.5703703457965743,median
80,s2_wifi_degraded,9.611899936659418,2.123312718823533,False,False,False,wifi_only,29,9.5,2.5,0.4443475701226082,median
80,s2_wifi_degraded,9.611899936659418,2.123312718823533,False,False,False,vlp_only,29,9.5,2.5,0.9999999999010002,median
80,s2_wifi_degraded,9.611899936659418,2.123312718823533,False,False,False,static_fusion,29,9.5,2.5,0.7221737850118042,median
81,s2_wifi_degraded,9.858322040787618,1.7145087247330029,False,False,False,wifi_only,29,9.5,2.5,0.42907958241984473,median
81,s2_wifi_degraded,9.858322040787618,1.7145087247330029,False,False,False,vlp_only,29,9.5,2.5,0.9999999999002522,median
81,s2_wifi_degraded,9.858322040787618,1.7145087247330029,False,False,False,static_fusion,29,9.5,2.5,0.7145397911600485,median
82,s2_wifi_degraded,9.758809756481527,1.8587665766892736,False,False,False,wifi_only,29,9.5,2.5,0.43641411206154446,median
82,s2_wifi_degraded,9.758809756481527,1.8587665766892736,False,False,False,vlp_only,29,9.5,2.5,0.6698478425332228,median
82,s2_wifi_degraded,9.758809756481527,1.8587665766892736,False,False,False,static_fusion,29,9.5,2.5,0.5531309772973836,median
83,s2_wifi_degraded,9.674741536762076,1.980219721792202,False,False,False,wifi_only,29,9.5,2.5,0.28718945065917384,median
83,s2_wifi_degraded,9.674741536762076,1.980219721792202,False,False,False,vlp_only,19,9.5,1.5,0.8846473112371183,median
83,s2_wifi_degraded,9.674741536762076,1.980219721792202,False,False,False,static_fusion,19,9.5,1.5,0.4448267680003695,median
84,s2_wifi_degraded,9.543539060630476,2.38811292843674,False,False,False,wifi_only,7,7.5,0.5,0.30468222259810857,median
84,s2_wifi_degraded,9.543539060630476,2.38811292843674,False,False,False,vlp_only,19,9.5,1.5,0.8846473112198877,median
84,s2_wifi_degraded,9.543539060630476,2.38811292843674,False,False,False,static_fusion,19,9.5,1.5,0.4450189383120186,median
85,s2_wifi_degraded,9.538461254265044,2.548657706440192,True,False,False,wifi_only,7,7.5,0.5,0.3265136786774054,median
85,s2_wifi_degraded,9.538461254265044,2.548657706440192,True,False,False,vlp_only,19,9.5,1.5,0.8846473112371183,median
85,s2_wifi_degraded,9.538461254265044,2.548657706440192,True,False,False,static_fusion,19,9.5,1.5,0.44476516899156027,median
86,s2_wifi_degraded,9.544593459510066,2.7077556794947983,True,False,False,wifi_only,7,7.5,0.5,0.283396468556144,median
86,s2_wifi_degraded,9.544593459510066,2.7077556794947983,True,False,False,vlp_only,29,9.5,2.5,0.9999999999010002,median
86,s2_wifi_degraded,9.544593459510066,2.7077556794947983,True,False,False,static_fusion,29,9.5,2.5,0.586654940101702,median
87,s2_wifi_degraded,9.633379023943917,3.061085408030138,True,False,False,wifi_only,7,7.5,0.5,0.3070113473924678,median
87,s2_wifi_degraded,9.633379023943917,3.061085408030138,True,False,False,vlp_only,29,9.5,2.5,0.9999999999010002,median
87,s2_wifi_degraded,9.633379023943917,3.061085408030138,True,False,False,static_fusion,29,9.5,2.5,0.5260677449238407,median
88,s2_wifi_degraded,9.752600157839524,3.198956190033732,True,False,False,wifi_only,6,6.5,0.5,0.3702896235547262,median
88,s2_wifi_degraded,9.752600157839524,3.198956190033732,True,False,False,vlp_only,29,9.5,2.5,0.9999999999010002,median
88,s2_wifi_degraded,9.752600157839524,3.198956190033732,True,False,False,static_fusion,29,9.5,2.5,0.5009936602195618,median
89,s2_wifi_degraded,9.40578903862998,2.8552477628804214,True,False,False,wifi_only,6,6.5,0.5,0.24047933163258653,median
89,s2_wifi_degraded,9.40578903862998,2.8552477628804214,True,False,False,vlp_only,29,9.5,2.5,0.9999999995022446,median
89,s2_wifi_degraded,9.40578903862998,2.8552477628804214,True,False,False,static_fusion,29,9.5,2.5,0.5008639780742968,median
90,s2_wifi_degraded,9.127964250423506,2.698331211248074,True,False,False,wifi_only,15,5.5,1.5,0.21509486855983592,median
90,s2_wifi_degraded,9.127964250423506,2.698331211248074,True,False,False,vlp_only,29,9.5,2.5,0.9999999987343114,median
90,s2_wifi_degraded,9.127964250423506,2.698331211248074,True,False,False,static_fusion,29,9.5,2.5,0.5000069819212728,median
91,s2_wifi_degraded,8.800406594259712,2.6051004251712406,True,False,False,wifi_only,39,9.5,3.5,0.3977805450096835,median
91,s2_wifi_degraded,8.800406594259712,2.6051004251712406,True,False,False,vlp_only,29,9.5,2.5,0.9999999366169485,median
91,s2_wifi_degraded,8.800406594259712,2.6051004251712406,True,False,False,static_fusion,29,9.5,2.5,0.5133015539478377,median
92,s2_wifi_degraded,8.550281299097398,2.456641319624944,True,False,False,wifi_only,39,9.5,3.5,0.40643712730692144,median
92,s2_wifi_degraded,8.550281299097398,2.456641319624944,True,False,False,vlp_only,29,9.5,2.5,0.9999999999010002,median
92,s2_wifi_degraded,8.550281299097398,2.456641319624944,True,False,False,static_fusion,29,9.5,2.5,0.5078952289802351,median
93,s2_wifi_degraded,8.206258987477604,2.220074095586588,True,False,False,wifi_only,29,9.5,2.5,0.32729935807680766,median
93,s2_wifi_degraded,8.206258987477604,2.220074095586588,True,False,False,vlp_only,28,8.5,2.5,0.9999999999004505,median
93,s2_wifi_degraded,8.206258987477604,2.220074095586588,True,False,False,static_fusion,28,8.5,2.5,0.5666416444565753,median
94,s2_wifi_degraded,7.989681515495209,2.1664204126445497,True,False,False,wifi_only,39,9.5,3.5,0.2832065794217885,median
94,s2_wifi_degraded,7.989681515495209,2.1664204126445497,True,False,False,vlp_only,28,8.5,2.5,0.9999999998842645,median
94,s2_wifi_degraded,7.989681515495209,2.1664204126445497,True,False,False,static_fusion,28,8.5,2.5,0.5024159788117448,median
95,s2_wifi_degraded,7.820856477729749,2.216688844603764,True,False,False,wifi_only,29,9.5,2.5,0.6113003367498548,median
95,s2_wifi_degraded,7.820856477729749,2.216688844603764,True,False,False,vlp_only,28,8.5,2.5,0.9999992744417804,median
95,s2_wifi_degraded,7.820856477729749,2.216688844603764,True,False,False,static_fusion,28,8.5,2.5,0.5646566253365914,median
96,s2_wifi_degraded,7.438849577500529,2.091977264871964,True,False,False,wifi_only,28,8.5,2.5,0.21732454004928875,median
96,s2_wifi_degraded,7.438849577500529,2.091977264871964,True,False,False,vlp_only,28,8.5,2.5,0.9996832659704282,median
96,s2_wifi_degraded,7.438849577500529,2.091977264871964,True,False,False,static_fusion,28,8.5,2.5,0.6085039030098585,median
97,s2_wifi_degraded,7.303823403549243,2.032738937171799,True,False,False,wifi_only,17,7.5,1.5,0.27262299905885595,median
97,s2_wifi_degraded,7.303823403549243,2.032738937171799,True,False,False,vlp_only,27,7.5,2.5,0.9884052116579614,median
97,s2_wifi_degraded,7.303823403549243,2.032738937171799,True,False,False,static_fusion,27,7.5,2.5,0.4985791075669603,median
98,s2_wifi_degraded,7.052510845305025,1.9258529473001484,False,False,False,wifi_only,17,7.5,1.5,0.258992636039038,median
98,s2_wifi_degraded,7.052510845305025,1.9258529473001484,False,False,False,vlp_only,27,7.5,2.5,0.9819165772538624,median
98,s2_wifi_degraded,7.052510845305025,1.9258529473001484,False,False,False,static_fusion,27,7.5,2.5,0.5654176010734575,median
99,s2_wifi_degraded,6.623312112175848,1.726390708485309,False,False,False,wifi_only,17,7.5,1.5,0.2577847746047305,median
99,s2_wifi_degraded,6.623312112175848,1.726390708485309,False,False,False,vlp_only,27,7.5,2.5,0.9798810527785108,median
99,s2_wifi_degraded,6.623312112175848,1.726390708485309,False,False,False,static_fusion,27,7.5,2.5,0.5744711966778007,median
0,s2_wifi_degraded,7.708518498956285,6.537185189018777,False,False,False,wifi_only,68,8.5,6.5,0.12868552503061265,ema
0,s2_wifi_degraded,7.708518498956285,6.537185189018777,False,False,False,vlp_only,67,7.5,6.5,0.9999997885444769,ema
0,s2_wifi_degraded,7.708518498956285,6.537185189018777,False,False,False,static_fusion,67,7.5,6.5,0.5386719226151321,ema
1,s2_wifi_degraded,7.762228944549189,6.781375783910273,False,False,False,wifi_only,68,8.5,6.5,0.1263543031455747,ema
1,s2_wifi_degraded,7.762228944549189,6.781375783910273,False,False,False,vlp_only,67,7.5,6.5,0.999999860673352,ema
1,s2_wifi_degraded,7.762228944549189,6.781375783910273,False,False,False,static_fusion,67,7.5,6.5,0.545695175180936,ema
2,s2_wifi_degraded,7.839130958677583,7.167874595498286,False,False,False,wifi_only,67,7.5,6.5,0.12709515787627743,ema
2,s2_wifi_degraded,7.839130958677583,7.167874595498286,False,False,False,vlp_only,67,7.5,6.5,0.9999991947870248,ema
2,s2_wifi_degraded,7.839130958677583,7.167874595498286,False,False,False,static_fusion,67,7.5,6.5,0.563547176331651,ema
3,s2_wifi_degraded,7.94346543019908,7.5103051184045535,False,False,False,wifi_only,78,8.5,7.5,0.10126123088212718,ema
3,s2_wifi_degraded,7.94346543019908,7.5103051184045535,False,False,False,vlp_only,77,7.5,7.5,0.9992292357338061,ema
3,s2_wifi_degraded,7.94346543019908,7.5103051184045535,False,False,False,static_fusion,77,7.5,7.5,0.53873995377854,ema
4,s2_wifi_degraded,7.999186140694022,7.623886621271602,False,False,False,wifi_only,88,8.5,8.5,0.09798320063232431,ema
4,s2_wifi_degraded,7.999186140694022,7.623886621271602,False,False,False,vlp_only,77,7.5,7.5,0.9998720542728115,ema
4,s2_wifi_degraded,7.999186140694022,7.623886621271602,False,False,False,static_fusion,77,7.5,7.5,0.5370951000300324,ema
5,s2_wifi_degraded,8.226562675373907,7.955827377167044,False,False,False,wifi_only,78,8.5,7.5,0.14018383551231897,ema
5,s2_wifi_degraded,8.226562675373907,7.955827377167044,False,False,False,vlp_only,78,8.5,7.5,0.975409150477867,ema
5,s2_wifi_degraded,8.226562675373907,7.955827377167044,False,False,False,static_fusion,78,8.5,7.5,0.557796492995093,ema
6,s2_wifi_degraded,8.280648608306477,8.135508799595996,False,False,False,wifi_only,88,8.5,8.5,0.16758442479505742,ema
6,s2_wifi_degraded,8.280648608306477,8.135508799595996,False,False,False,vlp_only,78,8.5,7.5,0.9999855311169584,ema
6,s2_wifi_degraded,8.280648608306477,8.135508799595996,False,False,False,static_fusion,78,8.5,7.5,0.5656027978832323,ema
7,s2_wifi_degraded,8.426531854440203,8.334139776009467,False,False,False,wifi_only,88,8.5,8.5,0.18284621970055068,ema
7,s2_wifi_degraded,8.426531854440203,8.334139776009467,False,False,False,vlp_only,78,8.5,7.5,0.9928328816561425,ema
7,s2_wifi_degraded,8.426531854440203,8.334139776009467,False,False,False,static_fusion,78,8.5,7.5,0.5483393809007201,ema
8,s2_wifi_degraded,8.640813839766498,8.694587576233882,False,False,False,wifi_only,88,8.5,8.5,0.1944591172380846,ema
8,s2_wifi_degraded,8.640813839766498,8.694587576233882,False,False,False,vlp_only,88,8.5,8.5,0.9992547664802566,ema
8,s2_wifi_degraded,8.640813839766498,8.694587576233882,False,False,False,static_fusion,88,8.5,8.5,0.5968569418591706,ema
9,s2_wifi_degraded,8.773434572913224,8.991156753090223,False,False,False,wifi_only,88,8.5,8.5,0.16478384079780647,ema
9,s2_wifi_degraded,8.773434572913224,8.991156753090223,False,False,False,vlp_only,88,8.5,8.5,0.9999999998530034,ema
9,s2_wifi_degraded,8.773434572913224,8.991156753090223,False,False,False,static_fusion,88,8.5,8.5,0.5823919203254049,ema
10,s2_wifi_degraded,8.969081214365445,9.315966535180728,True,False,False,wifi_only,79,9.5,7.5,0.15149159799505668,ema
10,s2_wifi_degraded,8.969081214365445,9.315966535180728,True,False,False,vlp_only,98,8.5,9.5,0.9151358409534067,ema
10,s2_wifi_degraded,8.969081214365445,9.315966535180728,True,False,False,static_fusion,98,8.5,9.5,0.4871618978765535,ema
11,s2_wifi_degraded,9.158262661443551,9.76651178862036,True,False,False,wifi_only,67,7.5,6.5,0.1308027273306362,ema
11,s2_wifi_degraded,9.158262661443551,9.76651178862036,True,False,False,vlp_only,98,8.5,9.5,0.9984852785793257,ema
11,s2_wifi_degraded,9.158262661443551,9.76651178862036,True,False,False,static_fusion,98,8.5,9.5,0.5066893059519616,ema
12,s2_wifi_degraded,9.226935916965898,9.928675601070118,True,False,False,wifi_only,68,8.5,6.5,0.09043437273185542,ema
12,s2_wifi_degraded,9.226935916965898,9.928675601070118,True,False,False,vlp_only,98,8.5,9.5,0.9999866946337905,ema
12,s2_wifi_degraded,9.226935916965898,9.928675601070118,True,False,False,static_fusion,98,8.5,9.5,0.5070796630019492,ema
13,s2_wifi_degraded,9.28457534064934,9.54739973958025,True,False,False,wifi_only,99,9.5,9.5,0.2532197667945835,ema
13,s2_wifi_degraded,9.28457534064934,9.54739973958025,True,False,False,vlp_only,98,8.5,9.5,0.997448241459352,ema
13,s2_wifi_degraded,9.28457534064934,9.54739973958025,True,False,False,static_fusion,98,8.5,9.5,0.5891744557310972,ema
14,s2_wifi_degraded,9.55154708556551,9.187880405968292,True,False,False,wifi_only,99,9.5,9.5,0.29900004174319533,ema
14,s2_wifi_degraded,9.55154708556551,9.187880405968292,True,False,False,vlp_only,99,9.5,9.5,0.9999999999010001,ema
14,s2_wifi_degraded,9.55154708556551,9.187880405968292,True,False,False,static_fusion,99,9.5,9.5,0.6495000208220977,ema
15,s2_wifi_degraded,9.66616567574389,8.964158259736895,True,False,False,wifi_only,79,9.5,7.5,0.2451183715158748,ema
15,s2_wifi_degraded,9.66616567574389,8.964158259736895,True,False,False,vlp_only,99,9.5,9.5,0.9999999999010001,ema
15,s2_wifi_degraded,9.66616567574389,8.964158259736895,True,False,False,static_fusion,99,9.5,9.5,0.5658101774745378,ema
16,s2_wifi_degraded,9.783739284953958,8.603729760291959,True,False,False,wifi_only,99,9.5,9.5,0.5712702243535356,ema
16,s2_wifi_degraded,9.783739284953958,8.603729760291959,True,False,False,vlp_only,99,9.5,9.5,0.9999999999010001,ema
16,s2_wifi_degraded,9.783739284953958,8.603729760291959,True,False,False,static_fusion,99,9.5,9.5,0.7856351121272678,ema
17,s2_wifi_degraded,9.816728934060924,8.290196131329282,True,False,False,wifi_only,99,9.5,9.5,0.48032836103821375,ema
17,s2_wifi_degraded,9.816728934060924,8.290196131329282,True,False,False,vlp_only,99,9.5,9.5,0.9999999999010001,ema
17,s2_wifi_degraded,9.816728934060924,8.290196131329282,True,False,False,static_fusion,99,9.5,9.5,0.7401641804696069,ema
18,s2_wifi_degraded,9.898369940505676,8.170920930516099,True,False,False,wifi_only,99,9.5,9.5,0.6943832430303365,ema
18,s2_wifi_degraded,9.898369940505676,8.170920930516099,True,False,False,vlp_only,99,9.5,9.5,0.9999999999010001,ema
18,s2_wifi_degraded,9.898369940505676,8.170920930516099,True,False,False,static_fusion,99,9.5,9.5,0.8471916214656683,ema
19,s2_wifi_degraded,9.760036529571131,8.31653053319644,True,False,False,wifi_only,90,0.5,9.5,0.6019656579938003,ema
19,s2_wifi_degraded,9.760036529571131,8.31653053319644,True,False,False,vlp_only,89,9.5,8.5,0.9995196622149503,ema
19,s2_wifi_degraded,9.760036529571131,8.31653053319644,True,False,False,static_fusion,89,9.5,8.5,0.507508435872351,ema
20,s2_wifi_degraded,9.637633694040824,8.49751598572513,True,False,False,wifi_only,90,0.5,9.5,0.29059471269637255,ema
20,s2_wifi_degraded,9.637633694040824,8.49751598572513,True,False,False,vlp_only,89,9.5,8.5,0.9999993279309298,ema
20,s2_wifi_degraded,9.637633694040824,8.49751598572513,True,False,False,static_fusion,89,9.5,8.5,0.5125807640394107,ema
21,s2_wifi_degraded,9.488164788775736,8.737066335022115,True,False,False,wifi_only,90,0.5,9.5,0.16371153366067992,ema
21,s2_wifi_degraded,9.488164788775736,8.737066335022115,True,False,False,vlp_only,89,9.5,8.5,0.9999876200671486,ema
21,s2_wifi_degraded,9.488164788775736,8.737066335022115,True,False,False,static_fusion,89,9.5,8.5,0.5422811279975795,ema
22,s2_wifi_degraded,9.401483371555605,8.971936242221727,True,False,False,wifi_only,79,9.5,7.5,0.15491827334715425,ema
22,s2_wifi_degraded,9.401483371555605,8.971936242221727,True,False,False,vlp_only,89,9.5,8.5,0.9998147287177724,ema
22,s2_wifi_degraded,9.401483371555605,8.971936242221727,True,False,False,static_fusion,89,9.5,8.5,0.5677913031434673,ema
23,s2_wifi_degraded,9.373588623793506,9.260353868533857,False,False,False,wifi_only,79,9.5,7.5,0.23815330027672973,ema
23,s2_wifi_degraded,9.373588623793506,9.260353868533857,False,False,False,vlp_only,89,9.5,8.5,0.9999213878287608,ema
23,s2_wifi_degraded,9.373588623793506,9.260353868533857,False,False,False,static_fusion,89,9.5,8.5,0.5980966308707287,ema
24,s2_wifi_degraded,9.127375220319832,9.429716922223497,False,False,False,wifi_only,99,9.5,9.5,0.28141991097545666,ema
24,s2_wifi_degraded,9.127375220319832,9.429716922223497,False,False,False,vlp_only,89,9.5,8.5,0.9910805437026743,ema
24,s2_wifi_degraded,9.127375220319832,9.429716922223497,False,False,False,static_fusion,89,9.5,8.5,0.6248144253091714,ema
25,s2_wifi_degraded,8.726509377545842,9.486750180536124,False,False,False,wifi_only,89,9.5,8.5,0.1932016219409201,ema
25,s2_wifi_degraded,8.726509377545842,9.486750180536124,False,False,False,vlp_only,89,9.5,8.5,0.9181668240558488,ema
25,s2_wifi_degraded,8.726509377545842,9.486750180536124,False,False,False,static_fusion,89,9.5,8.5,0.5556842229983844,ema
26,s2_wifi_degraded,8.556615925716626,9.685615586341887,False,False,False,wifi_only,89,9.5,8.5,0.1701861093944196,ema
26,s2_wifi_degraded,8.556615925716626,9.685615586341887,False,False,False,vlp_only,98,8.5,9.5,0.9757343395334889,ema
26,s2_wifi_degraded,8.556615925716626,9.685615586341887,False,False,False,static_fusion,98,8.5,9.5,0.5226015178844012,ema
27,s2_wifi_degraded,8.275272196622463,9.90949250147166,False,False,False,wifi_only,88,8.5,8.5,0.1341887671889043,ema
27,s2_wifi_degraded,8.275272196622463,9.90949250147166,False,False,False,vlp_only,98,8.5,9.5,0.9999765410164332,ema
27,s2_wifi_degraded,8.275272196622463,9.90949250147166,False,False,False,static_fusion,98,8.5,9.5,0.5485921696269946,ema
28,s2_wifi_degraded,8.516464193829812,9.620395436542294,False,False,False,wifi_only,88,8.5,8.5,0.17470579439269399,ema
28,s2_wifi_degraded,8.516464193829812,9.620395436542294,False,False,False,vlp_only,98,8.5,9.5,0.9999961063663121,ema
28,s2_wifi_degraded,8.516464193829812,9.620395436542294,False,False,False,static_fusion,98,8.5,9.5,0.5847673147318353,ema
29,s2_wifi_degraded,8.726745769238578,9.594339738596462,False,False,False,wifi_only,98,8.5,9.5,0.19915160325831255,ema
29,s2_wifi_degraded,8.726745769238578,9.594339738596462,False,False,False,vlp_only,98,8.5,9.5,0.9999648146461444,ema
29,s2_wifi_degraded,8.726745769238578,9.594339738596462,False,False,False,static_fusion,98,8.5,9.5,0.5995582089522284,ema
30,s2_wifi_degraded,8.943827322619104,9.579744922705936,False,False,False,wifi_only,98,8.5,9.5,0.1474907297335744,ema
30,s2_wifi_degraded,8.943827322619104,9.579744922705936,False,False,False,vlp_only,98,8.5,9.5,0.9991493291844652,ema
30,s2_wifi_degraded,8.943827322619104,9.579744922705936,False,False,False,static_fusion,98,8.5,9.5,0.5733200294590198,ema
31,s2_wifi_degraded,9.351601400735191,9.795243901577573,False,False,False,wifi_only,98,8.5,9.5,0.18586299148049998,ema
31,s2_wifi_degraded,9.351601400735191,9.795243901577573,False,False,False,vlp_only,99,9.5,9.5,0.9999999999010001,ema
31,s2_wifi_degraded,9.351601400735191,9.795243901577573,False,False,False,static_fusion,99,9.5,9.5,0.5563097824760682,ema
32,s2_wifi_degraded,9.577016681956424,9.919176372465715,False,False,False,wifi_only,99,9.5,9.5,0.27028050392597447,ema
32,s2_wifi_degraded,9.577016681956424,9.919176372465715,False,False,False,vlp_only,99,9.5,9.5,0.9999999999010001,ema
32,s2_wifi_degraded,9.577016681956424,9.919176372465715,False,False,False,static_fusion,99,9.5,9.5,0.6351402519134872,ema
33,s2_wifi_degraded,9.147990241252389,9.767587766470918,False,False,False,wifi_only,99,9.5,9.5,0.18806754143684468,ema
33,s2_wifi_degraded,9.147990241252389,9.767587766470918,False,False,False,vlp_only,99,9.5,9.5,0.9999999999010001,ema
33,s2_wifi_degraded,9.147990241252389,9.767587766470918,False,False,False,static_fusion,99,9.5,9.5,0.5940337706689224,ema
34,s2_wifi_degraded,8.966209639861209,9.397254516581212,False,False,False,wifi_only,99,9.5,9.5,0.1934557319735658,ema
34,s2_wifi_degraded,8.966209639861209,9.397254516581212,False,False,False,vlp_only,99,9.5,9.5,0.9999999999010001,ema
34,s2_wifi_degraded,8.966209639861209,9.397254516581212,False,False,False,static_fusion,99,9.5,9.5,0.596727865937283,ema
35,s2_wifi_degraded,8.92197380793632,9.185323746168985,True,False,False,wifi_only,98,8.5,9.5,0.30998921521796313,ema
35,s2_wifi_degraded,8.92197380793632,9.185323746168985,True,False,False,vlp_only,98,8.5,9.5,0.9999664557766431,ema
35,s2_wifi_degraded,8.92197380793632,9.185323746168985,True,False,False,static_fusion,98,8.5,9.5,0.6549778354973032,ema
36,s2_wifi_degraded,8.914109042937588,8.939758011878457,True,False,False,wifi_only,99,9.5,9.5,0.3968832410878855,ema
36,s2_wifi_degraded,8.914109042937588,8.939758011878457,True,False,False,vlp_only,98,8.5,9.5,0.9985539740663886,ema
36,s2_wifi_degraded,8.914109042937588,8.939758011878457,True,False,False,static_fusion,98,8.5,9.5,0.6354520586415222,ema
37,s2_wifi_degraded,9.07928845907877,8.665910920697108,True,False,False,wifi_only,98,8.5,9.5,0.16590472209503215,ema
37,s2_wifi_degraded,9.07928845907877,8.665910920697108,True,False,False,vlp_only,98,8.5,9.5,0.8049898474790633,ema
37,s2_wifi_degraded,9.07928845907877,8.665910920697108,True,False,False,static_fusion,98,8.5,9.5,0.48544728478704774,ema
38,s2_wifi_degraded,9.268317079915311,8.479283196707053,True,False,False,wifi_only,98,8.5,9.5,0.2014937144350441,ema
38,s2_wifi_degraded,9.268317079915311,8.479283196707053,True,False,False,vlp_only,89,9.5,8.5,0.9919709468928877,ema
38,s2_wifi_degraded,9.268317079915311,8.479283196707053,True,False,False,static_fusion,89,9.5,8.5,0.5680916028592928,ema
39,s2_wifi_degraded,9.629151173072932,8.405680386891111,True,False,False,wifi_only,99,9.5,9.5,0.23034262154803242,ema
39,s2_wifi_degraded,9.629151173072932,8.405680386891111,True,False,False,vlp_only,89,9.5,8.5,0.9950542612898913,ema
39,s2_wifi_degraded,9.629151173072932,8.405680386891111,True,False,False,static_fusion,89,9.5,8.5,0.6013017433888008,ema
40,s2_wifi_degraded,9.137911967096755,8.357214530377181,True,False,False,wifi_only,99,9.5,9.5,0.3167234497465496,ema
40,s2_wifi_degraded,9.137911967096755,8.357214530377181,True,False,False,vlp_only,89,9.5,8.5,0.9998874190693611,ema
40,s2_wifi_degraded,9.137911967096755,8.357214530377181,True,False,False,static_fusion,89,9.5,8.5,0.585231852097615,ema
41,s2_wifi_degraded,8.850804346095984,8.419767971950433,True,False,False,wifi_only,67,7.5,6.5,0.1626738818643219,ema
41,s2_wifi_degraded,8.850804346095984,8.419767971950433,True,False,False,vlp_only,89,9.5,8.5,0.9999913461195532,ema
41,s2_wifi_degraded,8.850804346095984,8.419767971950433,True,False,False,static_fusion,89,9.5,8.5,0.5110725447019135,ema
42,s2_wifi_degraded,8.608468710412893,8.558343031691317,True,False,False,wifi_only,77,7.5,7.5,0.07658425108296937,ema
42,s2_wifi_degraded,8.608468710412893,8.558343031691317,True,False,False,vlp_only,88,8.5,8.5,0.9999999999010001,ema
42,s2_wifi_degraded,8.608468710412893,8.558343031691317,True,False,False,static_fusion,88,8.5,8.5,0.534965374087693,ema
43,s2_wifi_degraded,8.31237088540844,8.610789569269624,True,False,False,wifi_only,97,7.5,9.5,0.1659151316140012,ema
43,s2_wifi_degraded,8.31237088540844,8.610789569269624,True,False,False,vlp_only,88,8.5,8.5,0.9999999999010001,ema
43,s2_wifi_degraded,8.31237088540844,8.610789569269624,True,False,False,static_fusion,88,8.5,8.5,0.5175624653438553,ema
44,s2_wifi_degraded,7.876973615803656,8.676310108296393,True,False,False,wifi_only,97,7.5,9.5,0.3249609778268041,ema
44,s2_wifi_degraded,7.876973615803656,8.676310108296393,True,False,False,vlp_only,88,8.5,8.5,0.9999999998994186,ema
44,s2_wifi_degraded,7.876973615803656,8.676310108296393,True,False,False,static_fusion,88,8.5,8.5,0.5265317350729971,ema
45,s2_wifi_degraded,7.69864374306643,8.764902399912266,True,False,False,wifi_only,97,7.5,9.5,0.2885712894903044,ema
45,s2_wifi_degraded,7.69864374306643,8.764902399912266,True,False,False,vlp_only,88,8.5,8.5,0.999999477424471,ema
45,s2_wifi_degraded,7.69864374306643,8.764902399912266,True,False,False,static_fusion,88,8.5,8.5,0.5359115681822333,ema
46,s2_wifi_degraded,7.492119654821085,8.780131979271454,True,False,False,wifi_only,97,7.5,9.5,0.29257146404177425,ema
46,s2_wifi_degraded,7.492119654821085,8.780131979271454,True,False,False,vlp_only,88,8.5,8.5,0.7947583109353872,ema
46,s2_wifi_degraded,7.492119654821085,8.780131979271454,True,False,False,static_fusion,88,8.5,8.5,0.4628011614170634,ema
47,s2_wifi_degraded,7.191471021360378,8.723132508528103,True,False,False,wifi_only,76,6.5,7.5,0.19469131332007406,ema
47,s2_wifi_degraded,7.191471021360378,8.723132508528103,True,False,False,vlp_only,87,7.5,8.5,0.9999985570078033,ema
47,s2_wifi_degraded,7.191471021360378,8.723132508528103,True,False,False,static_fusion,87,7.5,8.5,0.5963127116131867,ema
48,s2_wifi_degraded,6.992004119632241,8.748418280606632,True,False,False,wifi_only,77,7.5,7.5,0.23620422954476417,ema
48,s2_wifi_degraded,6.992004119632241,8.748418280606632,True,False,False,vlp_only,87,7.5,8.5,0.9999999999010001,ema
48,s2_wifi_degraded,6.992004119632241,8.748418280606632,True,False,False,static_fusion,87,7.5,8.5,0.5816975653072683,ema
49,s2_wifi_degraded,6.846275017181253,8.922858028731762,False,False,False,wifi_only,87,7.5,8.5,0.2706439666955203,ema
49,s2_wifi_degraded,6.846275017181253,8.922858028731762,False,False,False,vlp_only,97,7.5,9.5,0.9999999999004572,ema
49,s2_wifi_degraded,6.846275017181253,8.922858028731762,False,False,False,static_fusion,97,7.5,9.5,0.567526772374419,ema
50,s2_wifi_degraded,6.689596236262092,9.105068122957537,False,False,False,wifi_only,87,7.5,8.5,0.2706184235656186,ema
50,s2_wifi_degraded,6.689596236262092,9.105068122957537,False,False,False,vlp_only,97,7.5,9.5,0.9832303735844847,ema
50,s2_wifi_degraded,6.689596236262092,9.105068122957537,False,False,False,static_fusion,97,7.5,9.5,0.5823042547413013,ema
51,s2_wifi_degraded,6.651524336471364,9.303485813902295,False,False,False,wifi_only,96,6.5,9.5,0.22697735203009667,ema
51,s2_wifi_degraded,6.651524336471364,9.303485813902295,False,False,False,vlp_only,97,7.5,9.5,0.988971134346051,ema
51,s2_wifi_degraded,6.651524336471364,9.303485813902295,False,False,False,static_fusion,97,7.5,9.5,0.5538413797154939,ema
52,s2_wifi_degraded,6.511030711247975,9.630572115899897,False,False,False,wifi_only,96,6.5,9.5,0.35520851336383175,ema
52,s2_wifi_degraded,6.511030711247975,9.630572115899897,False,False,False,vlp_only,86,6.5,8.5,0.9999214471723278,ema
52,s2_wifi_degraded,6.511030711247975,9.630572115899897,False,False,False,static_fusion,86,6.5,8.5,0.6399152243865704,ema
53,s2_wifi_degraded,6.420605168362592,9.834308948608536,False,False,False,wifi_only,96,6.5,9.5,0.27564405846235446,ema
53,s2_wifi_degraded,6.420605168362592,9.834308948608536,False,False,False,vlp_only,96,6.5,9.5,0.9999999999010001,ema
53,s2_wifi_degraded,6.420605168362592,9.834308948608536,False,False,False,static_fusion,96,6.5,9.5,0.6378220291816774,ema
54,s2_wifi_degraded,6.482295444389094,9.655075180886994,False,False,False,wifi_only,96,6.5,9.5,0.31569777514788344,ema
54,s2_wifi_degraded,6.482295444389094,9.655075180886994,False,False,False,vlp_only,96,6.5,9.5,0.9999999999010001,ema
54,s2_wifi_degraded,6.482295444389094,9.655075180886994,False,False,False,static_fusion,96,6.5,9.5,0.6578488875244417,ema
55,s2_wifi_degraded,6.562363950563185,9.549970952544058,False,False,False,wifi_only,83,3.5,8.5,0.16140536313558207,ema
55,s2_wifi_degraded,6.562363950563185,9.549970952544058,False,False,False,vlp_only,96,6.5,9.5,0.9999999999010001,ema
55,s2_wifi_degraded,6.562363950563185,9.549970952544058,False,False,False,static_fusion,96,6.5,9.5,0.5560084299302531,ema
56,s2_wifi_degraded,6.608994574111493,9.255964739086862,False,False,False,wifi_only,96,6.5,9.5,0.21212802971389944,ema
56,s2_wifi_degraded,6.608994574111493,9.255964739086862,False,False,False,vlp_only,96,6.5,9.5,0.9999999999010001,ema
56,s2_wifi_degraded,6.608994574111493,9.255964739086862,False,False,False,static_fusion,96,6.5,9.5,0.6060640148074498,ema
57,s2_wifi_degraded,6.638238185227195,8.788984466893778,False,False,False,wifi_only,96,6.5,9.5,0.211346691989892,ema
57,s2_wifi_degraded,6.638238185227195,8.788984466893778,False,False,False,vlp_only,96,6.5,9.5,0.9999999999010001,ema
57,s2_wifi_degraded,6.638238185227195,8.788984466893778,False,False,False,static_fusion,96,6.5,9.5,0.6056733459454461,ema
58,s2_wifi_degraded,6.715833516903254,8.506019535638835,False,False,False,wifi_only,86,6.5,8.5,0.17867902785065862,ema
58,s2_wifi_degraded,6.715833516903254,8.506019535638835,False,False,False,vlp_only,86,6.5,8.5,0.9999999999010001,ema
58,s2_wifi_degraded,6.715833516903254,8.506019535638835,False,False,False,static_fusion,86,6.5,8.5,0.5893395138758294,ema
59,s2_wifi_degraded,6.712650009001855,8.176417392861678,False,False,False,wifi_only,73,3.5,7.5,0.13840305157326602,ema
59,s2_wifi_degraded,6.712650009001855,8.176417392861678,False,False,False,vlp_only,86,6.5,8.5,0.9999999999010001,ema
59,s2_wifi_degraded,6.712650009001855,8.176417392861678,False,False,False,static_fusion,86,6.5,8.5,0.5129828989643677,ema
60,s2_wifi_degraded,6.866771266170202,7.830791223796943,True,False,False,wifi_only,74,4.5,7.5,0.21186421552790208,ema
60,s2_wifi_degraded,6.866771266170202,7.830791223796943,True,False,False,vlp_only,86,6.5,8.5,0.999999979429647,ema
60,s2_wifi_degraded,6.866771266170202,7.830791223796943,True,False,False,static_fusion,86,6.5,8.5,0.5379021482142275,ema
61,s2_wifi_degraded,6.935196676516079,7.575933102373101,True,False,False,wifi_only,93,3.5,9.5,0.3094233966335944,ema
61,s2_wifi_degraded,6.935196676516079,7.575933102373101,True,False,False,vlp_only,86,6.5,8.5,0.9673993740421979,ema
61,s2_wifi_degraded,6.935196676516079,7.575933102373101,True,False,False,static_fusion,86,6.5,8.5,0.5148925596232856,ema
62,s2_wifi_degraded,6.925151254140051,7.098088212920689,True,False,False,wifi_only,97,7.5,9.5,0.1699728676634949,ema
62,s2_wifi_degraded,6.925151254140051,7.098088212920689,True,False,False,vlp_only,76,6.5,7.5,0.9999999974652135,ema
62,s2_wifi_degraded,6.925151254140051,7.098088212920689,True,False,False,static_fusion,76,6.5,7.5,0.5615286802780637,ema
63,s2_wifi_degraded,6.9536901632065256,6.989777604364947,True,False,False,wifi_only,77,7.5,7.5,0.22990905476779094,ema
63,s2_wifi_degraded,6.9536901632065256,6.989777604364947,True,False,False,vlp_only,76,6.5,7.5,0.9999999999010001,ema
63,s2_wifi_degraded,6.9536901632065256,6.989777604364947,True,False,False,static_fusion,76,6.5,7.5,0.5350765965936682,ema
64,s2_wifi_degraded,6.966708536003405,6.623992067365702,True,False,False,wifi_only,77,7.5,7.5,0.18336085150499984,ema
64,s2_wifi_degraded,6.966708536003405,6.623992067365702,True,False,False,vlp_only,76,6.5,7.5,0.9999999184496394,ema
64,s2_wifi_degraded,6.966708536003405,6.623992067365702,True,False,False,static_fusion,76,6.5,7.5,0.5300601014027286,ema
65,s2_wifi_degraded,7.006265988225517,6.167924934295798,True,False,False,wifi_only,56,6.5,5.5,0.1789117275087113,ema
65,s2_wifi_degraded,7.006265988225517,6.167924934295798,True,False,False,vlp_only,67,7.5,6.5,0.9999999999010001,ema
65,s2_wifi_degraded,7.006265988225517,6.167924934295798,True,False,False,static_fusion,67,7.5,6.5,0.5433068538634803,ema
66,s2_wifi_degraded,7.195573035758812,5.900698987196131,True,False,False,wifi_only,68,8.5,6.5,0.1469039294018512,ema
66,s2_wifi_degraded,7.195573035758812,5.900698987196131,True,False,False,vlp_only,66,6.5,6.5,0.9999999999010001,ema
66,s2_wifi_degraded,7.195573035758812,5.900698987196131,True,False,False,static_fusion,66,6.5,6.5,0.5227784647494386,ema
67,s2_wifi_degraded,7.214622128011173,5.480629494443392,True,False,False,wifi_only,56,6.5,5.5,0.1994963494300441,ema
67,s2_wifi_degraded,7.214622128011173,5.480629494443392,True,False,False,vlp_only,66,6.5,6.5,0.9999999999010001,ema
67,s2_wifi_degraded,7.214622128011173,5.480629494443392,True,False,False,static_fusion,66,6.5,6.5,0.5339728777814741,ema
68,s2_wifi_degraded,7.224596969394833,5.365365355851328,True,False,False,wifi_only,44,4.5,4.5,0.1274637536395537,ema
68,s2_wifi_degraded,7.224596969394833,5.365365355851328,True,False,False,vlp_only,57,7.5,5.5,0.9999999999010002,ema
68,s2_wifi_degraded,7.224596969394833,5.365365355851328,True,False,False,static_fusion,57,7.5,5.5,0.5104890298596487,ema
69,s2_wifi_degraded,7.3987606078939105,4.973012310374174,True,False,False,wifi_only,58,8.5,5.5,0.10871570755481773,ema
69,s2_wifi_degraded,7.3987606078939105,4.973012310374174,True,False,False,vlp_only,57,7.5,5.5,0.9999999999010002,ema
69,s2_wifi_degraded,7.3987606078939105,4.973012310374174,True,False,False,static_fusion,57,7.5,5.5,0.5362028242146804,ema
70,s2_wifi_degraded,7.635914401899096,4.715226258016342,False,False,False,wifi_only,47,7.5,4.5,0.13438745033713564,ema
70,s2_wifi_degraded,7.635914401899096,4.715226258016342,False,False,False,vlp_only,57,7.5,5.5,0.9999999999010002,ema
70,s2_wifi_degraded,7.635914401899096,4.715226258016342,False,False,False,static_fusion,57,7.5,5.5,0.5454056677971254,ema
71,s2_wifi_degraded,7.871357392106725,4.543524489496297,False,False,False,wifi_only,36,6.5,3.5,0.14313145039202352,ema
71,s2_wifi_degraded,7.871357392106725,4.543524489496297,False,False,False,vlp_only,47,7.5,4.5,0.9999999922672717,ema
71,s2_wifi_degraded,7.871357392106725,4.543524489496297,False,False,False,static_fusion,47,7.5,4.5,0.5537637176191789,ema
72,s2_wifi_degraded,8.272955973874682,4.373796974104669,False,False,False,wifi_only,47,7.5,4.5,0.1371170886445055,ema
72,s2_wifi_degraded,8.272955973874682,4.373796974104669,False,False,False,vlp_only,47,7.5,4.5,0.9995677340244382,ema
72,s2_wifi_degraded,8.272955973874682,4.373796974104669,False,False,False,static_fusion,47,7.5,4.5,0.5683424113344718,ema
73,s2_wifi_degraded,8.62151579149036,4.028494957379147,False,False,False,wifi_only,49,9.5,4.5,0.26045582741129314,ema
73,s2_wifi_degraded,8.62151579149036,4.028494957379147,False,False,False,vlp_only,48,8.5,4.5,0.9992624747486555,ema
73,s2_wifi_degraded,8.62151579149036,4.028494957379147,False,False,False,static_fusion,48,8.5,4.5,0.584424893608069,ema
74,s2_wifi_degraded,8.748435457425892,3.685738487590071,False,False,False,wifi_only,49,9.5,4.5,0.19073910339231745,ema
74,s2_wifi_degraded,8.748435457425892,3.685738487590071,False,False,False,vlp_only,48,8.5,4.5,0.999999916161428,ema
74,s2_wifi_degraded,8.748435457425892,3.685738487590071,False,False,False,static_fusion,48,8.5,4.5,0.5607139946623004,ema
75,s2_wifi_degraded,8.835085190139699,3.5526052200138745,False,False,False,wifi_only,39,9.5,3.5,0.27713678199150876,ema
75,s2_wifi_degraded,8.835085190139699,3.5526052200138745,False,False,False,vlp_only,39,9.5,3.5,0.9999999999010002,ema
75,s2_wifi_degraded,8.835085190139699,3.5526052200138745,False,False,False,static_fusion,39,9.5,3.5,0.6385683909462545,ema
76,s2_wifi_degraded,8.909093693609096,3.3558416683741257,False,False,False,wifi_only,49,9.5,4.5,0.30932751735775393,ema
76,s2_wifi_degraded,8.909093693609096,3.3558416683741257,False,False,False,vlp_only,39,9.5,3.5,0.9999999999010002,ema
76,s2_wifi_degraded,8.909093693609096,3.3558416683741257,False,False,False,static_fusion,39,9.5,3.5,0.6296940606654176,ema
77,s2_wifi_degraded,9.099711473119482,3.177715842546163,False,False,False,wifi_only,39,9.5,3.5,0.35624718227553553,ema
77,s2_wifi_degraded,9.099711473119482,3.177715842546163,False,False,False,vlp_only,38,8.5,3.5,0.9999999999010002,ema
77,s2_wifi_degraded,9.099711473119482,3.177715842546163,False,False,False,static_fusion,38,8.5,3.5,0.5987647687741783,ema
78,s2_wifi_degraded,9.333851006911315,2.7984046692967013,False,False,False,wifi_only,39,9.5,3.5,0.38736366395182575,ema
78,s2_wifi_degraded,9.333851006911315,2.7984046692967013,False,False,False,vlp_only,38,8.5,3.5,0.9999999999010002,ema
78,s2_wifi_degraded,9.333851006911315,2.7984046692967013,False,False,False,static_fusion,38,8.5,3.5,0.6038644231135814,ema
79,s2_wifi_degraded,9.466292753776418,2.334363853065204,False,False,False,wifi_only,39,9.5,3.5,0.2736332972641138,ema
79,s2_wifi_degraded,9.466292753776418,2.334363853065204,False,False,False,vlp_only,29,9.5,2.5,0.8857013033900166,ema
79,s2_wifi_degraded,9.466292753776418,2.334363853065204,False,False,False,static_fusion,29,9.5,2.5,0.5763756344311685,ema
80,s2_wifi_degraded,9.611899936659418,2.123312718823533,False,False,False,wifi_only,29,9.5,2.5,0.3313514396628478,ema
80,s2_wifi_degraded,9.611899936659418,2.123312718823533,False,False,False,vlp_only,29,9.5,2.5,0.9999999999010002,ema
80,s2_wifi_degraded,9.611899936659418,2.123312718823533,False,False,False,static_fusion,29,9.5,2.5,0.665675719781924,ema
81,s2_wifi_degraded,9.858322040787618,1.7145087247330029,False,False,False,wifi_only,29,9.5,2.5,0.3845951077209237,ema
81,s2_wifi_degraded,9.858322040787618,1.7145087247330029,False,False,False,vlp_only,29,9.5,2.5,0.999999999895788,ema
81,s2_wifi_degraded,9.858322040787618,1.7145087247330029,False,False,False,static_fusion,29,9.5,2.5,0.6922975538083558,ema
82,s2_wifi_degraded,9.758809756481527,1.8587665766892736,False,False,False,wifi_only,29,9.5,2.5,0.3699262057715122,ema
82,s2_wifi_degraded,9.758809756481527,1.8587665766892736,False,False,False,vlp_only,29,9.5,2.5,0.9999985043350352,ema
82,s2_wifi_degraded,9.758809756481527,1.8587665766892736,False,False,False,static_fusion,29,9.5,2.5,0.6849623550532735,ema
83,s2_wifi_degraded,9.674741536762076,1.980219721792202,False,False,False,wifi_only,29,9.5,2.5,0.3171782086661908,ema
83,s2_wifi_degraded,9.674741536762076,1.980219721792202,False,False,False,vlp_only,29,9.5,2.5,0.9992932362924558,ema
83,s2_wifi_degraded,9.674741536762076,1.980219721792202,False,False,False,static_fusion,29,9.5,2.5,0.6582357224793233,ema
84,s2_wifi_degraded,9.543539060630476,2.38811292843674,False,False,False,wifi_only,29,9.5,2.5,0.36783745094650105,ema
84,s2_wifi_degraded,9.543539060630476,2.38811292843674,False,False,False,vlp_only,29,9.5,2.5,0.9999999180242795,ema
84,s2_wifi_degraded,9.543539060630476,2.38811292843674,False,False,False,static_fusion,29,9.5,2.5,0.6839186844853902,ema
85,s2_wifi_degraded,9.538461254265044,2.548657706440192,True,False,False,wifi_only,7,7.5,0.5,0.21229002976344277,ema
85,s2_wifi_degraded,9.538461254265044,2.548657706440192,True,False,False,vlp_only,29,9.5,2.5,0.999999999845318,ema
85,s2_wifi_degraded,9.538461254265044,2.548657706440192,True,False,False,static_fusion,29,9.5,2.5,0.5964217532473385,ema
86,s2_wifi_degraded,9.544593459510066,2.7077556794947983,True,False,False,wifi_only,6,6.5,0.5,0.4034809269582969,ema
86,s2_wifi_degraded,9.544593459510066,2.7077556794947983,True,False,False,vlp_only,29,9.5,2.5,0.9999999999010002,ema
86,s2_wifi_degraded,9.544593459510066,2.7077556794947983,True,False,False,static_fusion,29,9.5,2.5,0.5135977297833494,ema
87,s2_wifi_degraded,9.633379023943917,3.061085408030138,True,False,False,wifi_only,6,6.5,0.5,0.5096668991103913,ema
87,s2_wifi_degraded,9.633379023943917,3.061085408030138,True,False,False,vlp_only,29,9.5,2.5,0.9999999999010002,ema
87,s2_wifi_degraded,9.633379023943917,3.061085408030138,True,False,False,static_fusion,29,9.5,2.5,0.501810091590926,ema
88,s2_wifi_degraded,9.752600157839524,3.198956190033732,True,False,False,wifi_only,6,6.5,0.5,0.33362227665851163,ema
88,s2_wifi_degraded,9.752600157839524,3.198956190033732,True,False,False,vlp_only,39,9.5,3.5,0.9999999999010002,ema
88,s2_wifi_degraded,9.752600157839524,3.198956190033732,True,False,False,static_fusion,39,9.5,3.5,0.5129913076888947,ema
89,s2_wifi_degraded,9.40578903862998,2.8552477628804214,True,False,False,wifi_only,39,9.5,3.5,0.5995427663328423,ema
89,s2_wifi_degraded,9.40578903862998,2.8552477628804214,True,False,False,vlp_only,29,9.5,2.5,0.9999999999010002,ema
89,s2_wifi_degraded,9.40578903862998,2.8552477628804214,True,False,False,static_fusion,29,9.5,2.5,0.5470484324680179,ema
90,s2_wifi_degraded,9.127964250423506,2.698331211248074,True,False,False,wifi_only,26,6.5,2.5,0.19090318911180437,ema
90,s2_wifi_degraded,9.127964250423506,2.698331211248074,True,False,False,vlp_only,29,9.5,2.5,0.9999999999010002,ema
90,s2_wifi_degraded,9.127964250423506,2.698331211248074,True,False,False,static_fusion,29,9.5,2.5,0.5001949087647002,ema
91,s2_wifi_degraded,8.800406594259712,2.6051004251712406,True,False,False,wifi_only,39,9.5,3.5,0.2500650834865326,ema
91,s2_wifi_degraded,8.800406594259712,2.6051004251712406,True,False,False,vlp_only,29,9.5,2.5,0.9999999999010002,ema
91,s2_wifi_degraded,8.800406594259712,2.6051004251712406,True,False,False,static_fusion,29,9.5,2.5,0.5062879418599857,ema
92,s2_wifi_degraded,8.550281299097398,2.456641319624944,True,False,False,wifi_only,39,9.5,3.5,0.34323586468035916,ema
92,s2_wifi_degraded,8.550281299097398,2.456641319624944,True,False,False,vlp_only,29,9.5,2.5,0.9999999999010002,ema
92,s2_wifi_degraded,8.550281299097398,2.456641319624944,True,False,False,static_fusion,29,9.5,2.5,0.5253826432105986,ema
93,s2_wifi_degraded,8.206258987477604,2.220074095586588,True,False,False,wifi_only,29,9.5,2.5,0.2990410784674705,ema
93,s2_wifi_degraded,8.206258987477604,2.220074095586588,True,False,False,vlp_only,28,8.5,2.5,0.9999999998971101,ema
93,s2_wifi_degraded,8.206258987477604,2.220074095586588,True,False,False,static_fusion,28,8.5,2.5,0.6017396969460245,ema
94,s2_wifi_degraded,7.989681515495209,2.1664204126445497,True,False,False,wifi_only,39,9.5,3.5,0.3284228393859042,ema
94,s2_wifi_degraded,7.989681515495209,2.1664204126445497,True,False,False,vlp_only,28,8.5,2.5,0.999999998071654,ema
94,s2_wifi_degraded,7.989681515495209,2.1664204126445497,True,False,False,static_fusion,28,8.5,2.5,0.5352540097914176,ema
95,s2_wifi_degraded,7.820856477729749,2.216688844603764,True,False,False,wifi_only,7,7.5,0.5,0.3326652740896097,ema
95,s2_wifi_degraded,7.820856477729749,2.216688844603764,True,False,False,vlp_only,28,8.5,2.5,0.9999996220367817,ema
95,s2_wifi_degraded,7.820856477729749,2.216688844603764,True,False,False,static_fusion,28,8.5,2.5,0.5957529711309236,ema
96,s2_wifi_degraded,7.438849577500529,2.091977264871964,True,False,False,wifi_only,7,7.5,0.5,0.46185333045320925,ema
96,s2_wifi_degraded,7.438849577500529,2.091977264871964,True,False,False,vlp_only,27,7.5,2.5,0.6398420417065204,ema
96,s2_wifi_degraded,7.438849577500529,2.091977264871964,True,False,False,static_fusion,27,7.5,2.5,0.3291582143372091,ema
97,s2_wifi_degraded,7.303823403549243,2.032738937171799,True,False,False,wifi_only,17,7.5,1.5,0.39922814790729283,ema
97,s2_wifi_degraded,7.303823403549243,2.032738937171799,True,False,False,vlp_only,27,7.5,2.5,0.9998983463551677,ema
97,s2_wifi_degraded,7.303823403549243,2.032738937171799,True,False,False,static_fusion,27,7.5,2.5,0.5430871085740244,ema
98,s2_wifi_degraded,7.052510845305025,1.9258529473001484,False,False,False,wifi_only,17,7.5,1.5,0.332282721923518,ema
98,s2_wifi_degraded,7.052510845305025,1.9258529473001484,False,False,False,vlp_only,27,7.5,2.5,0.6676987696792366,ema
98,s2_wifi_degraded,7.052510845305025,1.9258529473001484,False,False,False,static_fusion,27,7.5,2.5,0.40743904297027533,ema
99,s2_wifi_degraded,6.623312112175848,1.726390708485309,False,False,False,wifi_only,27,7.5,2.5,0.2410243109283619,ema
99,s2_wifi_degraded,6.623312112175848,1.726390708485309,False,False,False,vlp_only,17,7.5,1.5,0.9996089942415995,ema
99,s2_wifi_degraded,6.623312112175848,1.726390708485309,False,False,False,static_fusion,17,7.5,1.5,0.6136006666706306,ema
0,s3_vlp_blocked,7.708518498956285,6.537185189018777,False,False,False,wifi_only,67,7.5,6.5,0.1656293765629313,raw
0,s3_vlp_blocked,7.708518498956285,6.537185189018777,False,False,False,vlp_only,67,7.5,6.5,0.9999995323037881,raw
0,s3_vlp_blocked,7.708518498956285,6.537185189018777,False,False,False,static_fusion,67,7.5,6.5,0.5828144544333597,raw
1,s3_vlp_blocked,7.762228944549189,6.781375783910273,False,False,False,wifi_only,59,9.5,5.5,0.18768121686228947,raw
1,s3_vlp_blocked,7.762228944549189,6.781375783910273,False,False,False,vlp_only,67,7.5,6.5,0.9973508648232725,raw
1,s3_vlp_blocked,7.762228944549189,6.781375783910273,False,False,False,static_fusion,67,7.5,6.5,0.5020909675623839,raw
2,s3_vlp_blocked,7.839130958677583,7.167874595498286,False,False,False,wifi_only,68,8.5,6.5,0.16319545883944905,raw
2,s3_vlp_blocked,7.839130958677583,7.167874595498286,False,False,False,vlp_only,77,7.5,7.5,0.9999904676189831,raw
2,s3_vlp_blocked,7.839130958677583,7.167874595498286,False,False,False,static_fusion,77,7.5,7.5,0.5152440597697631,raw
3,s3_vlp_blocked,7.94346543019908,7.5103051184045535,False,False,False,wifi_only,66,6.5,6.5,0.182896071025058,raw
3,s3_vlp_blocked,7.94346543019908,7.5103051184045535,False,False,False,vlp_only,77,7.5,7.5,0.9999758087567265,raw
3,s3_vlp_blocked,7.94346543019908,7.5103051184045535,False,False,False,static_fusion,77,7.5,7.5,0.5680240855242983,raw
4,s3_vlp_blocked,7.999186140694022,7.623886621271602,False,False,False,wifi_only,78,8.5,7.5,0.16030506153592794,raw
4,s3_vlp_blocked,7.999186140694022,7.623886621271602,False,False,False,vlp_only,77,7.5,7.5,0.5048428938022828,raw
4,s3_vlp_blocked,7.999186140694022,7.623886621271602,False,False,False,static_fusion,78,8.5,7.5,0.32773108381734517,raw
5,s3_vlp_blocked,8.226562675373907,7.955827377167044,False,False,False,wifi_only,79,9.5,7.5,0.2102077420230726,raw
5,s3_vlp_blocked,8.226562675373907,7.955827377167044,False,False,False,vlp_only,88,8.5,8.5,0.9995488292257491,raw
5,s3_vlp_blocked,8.226562675373907,7.955827377167044,False,False,False,static_fusion,88,8.5,8.5,0.5120289612226314,raw
6,s3_vlp_blocked,8.280648608306477,8.135508799595996,False,False,False,wifi_only,87,7.5,8.5,0.19707281886558053,raw
6,s3_vlp_blocked,8.280648608306477,8.135508799595996,False,False,False,vlp_only,88,8.5,8.5,0.988937266489912,raw
6,s3_vlp_blocked,8.280648608306477,8.135508799595996,False,False,False,static_fusion,88,8.5,8.5,0.5428905971125658,raw
7,s3_vlp_blocked,8.426531854440203,8.334139776009467,False,False,False,wifi_only,79,9.5,7.5,0.18317696271895,raw
7,s3_vlp_blocked,8.426531854440203,8.334139776009467,False,False,False,vlp_only,88,8.5,8.5,0.9999999983616011,raw
7,s3_vlp_blocked,8.426531854440203,8.334139776009467,False,False,False,static_fusion,88,8.5,8.5,0.5441572855429699,raw
8,s3_vlp_blocked,8.640813839766498,8.694587576233882,False,False,False,wifi_only,78,8.5,7.5,0.12691724324881007,raw
8,s3_vlp_blocked,8.640813839766498,8.694587576233882,False,False,False,vlp_only,88,8.5,8.5,0.9999999998892846,raw
8,s3_vlp_blocked,8.640813839766498,8.694587576233882,False,False,False,static_fusion,88,8.5,8.5,0.5513770047133976,raw
9,s3_vlp_blocked,8.773434572913224,8.991156753090223,False,False,False,wifi_only,89,9.5,8.5,0.22464114282884848,raw
9,s3_vlp_blocked,8.773434572913224,8.991156753090223,False,False,False,vlp_only,98,8.5,9.5,0.9916721163474647,raw
9,s3_vlp_blocked,8.773434572913224,8.991156753090223,False,False,False,static_fusion,98,8.5,9.5,0.512095392137592,raw
10,s3_vlp_blocked,8.969081214365445,9.315966535180728,False,False,False,wifi_only,81,1.5,8.5,0.07256805073095292,raw
10,s3_vlp_blocked,8.969081214365445,9.315966535180728,False,False,False,vlp_only,98,8.5,9.5,0.9720192854665352,raw
10,s3_vlp_blocked,8.969081214365445,9.315966535180728,False,False,False,static_fusion,98,8.5,9.5,0.50865320730235,raw
11,s3_vlp_blocked,9.158262661443551,9.76651178862036,False,False,False,wifi_only,98,8.5,9.5,0.20151134758658354,raw
11,s3_vlp_blocked,9.158262661443551,9.76651178862036,False,False,False,vlp_only,99,9.5,9.5,0.9999999999010001,raw
11,s3_vlp_blocked,9.158262661443551,9.76651178862036,False,False,False,static_fusion,99,9.5,9.5,0.5370350283102099,raw
12,s3_vlp_blocked,9.226935916965898,9.928675601070118,False,False,False,wifi_only,99,9.5,9.5,0.3225617622357908,raw
12,s3_vlp_blocked,9.226935916965898,9.928675601070118,False,False,False,vlp_only,99,9.5,9.5,0.9999999999010001,raw
12,s3_vlp_blocked,9.226935916965898,9.928675601070118,False,False,False,static_fusion,99,9.5,9.5,0.6612808810683954,raw
13,s3_vlp_blocked,9.28457534064934,9.54739973958025,False,False,False,wifi_only,99,9.5,9.5,0.2922242561895202,raw
13,s3_vlp_blocked,9.28457534064934,9.54739973958025,False,False,False,vlp_only,99,9.5,9.5,0.9999999999010001,raw
13,s3_vlp_blocked,9.28457534064934,9.54739973958025,False,False,False,static_fusion,99,9.5,9.5,0.6461121280452601,raw
14,s3_vlp_blocked,9.55154708556551,9.187880405968292,False,False,False,wifi_only,69,9.5,6.5,0.22723028751133326,raw
14,s3_vlp_blocked,9.55154708556551,9.187880405968292,False,False,False,vlp_only,99,9.5,9.5,0.9999999999010001,raw
14,s3_vlp_blocked,9.55154708556551,9.187880405968292,False,False,False,static_fusion,99,9.5,9.5,0.5120338257783338,raw
15,s3_vlp_blocked,9.66616567574389,8.964158259736895,False,True,False,wifi_only,89,9.5,8.5,0.2445368434543287,raw
15,s3_vlp_blocked,9.66616567574389,8.964158259736895,False,True,False,vlp_only,99,9.5,9.5,0.9999999999010001,raw
15,s3_vlp_blocked,9.66616567574389,8.964158259736895,False,True,False,static_fusion,99,9.5,9.5,0.6081786005599901,raw
16,s3_vlp_blocked,9.783739284953958,8.603729760291959,False,True,False,wifi_only,99,9.5,9.5,0.3562662643713039,raw
16,s3_vlp_blocked,9.783739284953958,8.603729760291959,False,True,False,vlp_only,99,9.5,9.5,0.9999999999010001,raw
16,s3_vlp_blocked,9.783739284953958,8.603729760291959,False,True,False,static_fusion,99,9.5,9.5,0.6781331321361519,raw
17,s3_vlp_blocked,9.816728934060924,8.290196131329282,False,True,False,wifi_only,68,8.5,6.5,0.10201144480724547,raw
17,s3_vlp_blocked,9.816728934060924,8.290196131329282,False,True,False,vlp_only,99,9.5,9.5,0.9998982294663326,raw
17,s3_vlp_blocked,9.816728934060924,8.290196131329282,False,True,False,static_fusion,99,9.5,9.5,0.5048486048948649,raw
18,s3_vlp_blocked,9.898369940505676,8.170920930516099,False,True,False,wifi_only,89,9.5,8.5,0.22323198518737922,raw
18,s3_vlp_blocked,9.898369940505676,8.170920930516099,False,True,False,vlp_only,99,9.5,9.5,0.9999999999010001,raw
18,s3_vlp_blocked,9.898369940505676,8.170920930516099,False,True,False,static_fusion,99,9.5,9.5,0.6023043720755921,raw
19,s3_vlp_blocked,9.760036529571131,8.31653053319644,False,True,False,wifi_only,90,0.5,9.5,0.4419708998712512,raw
19,s3_vlp_blocked,9.760036529571131,8.31653053319644,False,True,False,vlp_only,89,9.5,8.5,0.9999999595688311,raw
19,s3_vlp_blocked,9.760036529571131,8.31653053319644,False,True,False,static_fusion,89,9.5,8.5,0.5193327479756189,raw
20,s3_vlp_blocked,9.637633694040824,8.49751598572513,False,True,False,wifi_only,78,8.5,7.5,0.13290834814130673,raw
20,s3_vlp_blocked,9.637633694040824,8.49751598572513,False,True,False,vlp_only,55,5.5,5.5,0.9999999999010002,raw
20,s3_vlp_blocked,9.637633694040824,8.49751598572513,False,True,False,static_fusion,55,5.5,5.5,0.5127685008341665,raw
21,s3_vlp_blocked,9.488164788775736,8.737066335022115,False,True,False,wifi_only,89,9.5,8.5,0.2549514605178967,raw
21,s3_vlp_blocked,9.488164788775736,8.737066335022115,False,True,False,vlp_only,89,9.5,8.5,0.9999999999010001,raw
21,s3_vlp_blocked,9.488164788775736,8.737066335022115,False,True,False,static_fusion,89,9.5,8.5,0.6274757302094482,raw
22,s3_vlp_blocked,9.401483371555605,8.971936242221727,False,True,False,wifi_only,98,8.5,9.5,0.15513282377453322,raw
22,s3_vlp_blocked,9.401483371555605,8.971936242221727,False,True,False,vlp_only,98,8.5,9.5,0.999999999901,raw
22,s3_vlp_blocked,9.401483371555605,8.971936242221727,False,True,False,static_fusion,98,8.5,9.5,0.5775664118377666,raw
23,s3_vlp_blocked,9.373588623793506,9.260353868533857,False,True,False,wifi_only,89,9.5,8.5,0.22628990742354785,raw
23,s3_vlp_blocked,9.373588623793506,9.260353868533857,False,True,False,vlp_only,55,5.5,5.5,0.9999999999010002,raw
23,s3_vlp_blocked,9.373588623793506,9.260353868533857,False,True,False,static_fusion,55,5.5,5.5,0.5001649135860121,raw
24,s3_vlp_blocked,9.127375220319832,9.429716922223497,False,True,False,wifi_only,99,9.5,9.5,0.2213448451603867,raw
24,s3_vlp_blocked,9.127375220319832,9.429716922223497,False,True,False,vlp_only,89,9.5,8.5,0.900773371250437,raw
24,s3_vlp_blocked,9.127375220319832,9.429716922223497,False,True,False,static_fusion,89,9.5,8.5,0.515485782157482,raw
25,s3_vlp_blocked,8.726509377545842,9.486750180536124,False,True,False,wifi_only,88,8.5,8.5,0.1663967813114993,raw
25,s3_vlp_blocked,8.726509377545842,9.486750180536124,False,True,False,vlp_only,98,8.5,9.5,0.9442854239290012,raw
25,s3_vlp_blocked,8.726509377545842,9.486750180536124,False,True,False,static_fusion,98,8.5,9.5,0.5229127430182736,raw
26,s3_vlp_blocked,8.556615925716626,9.685615586341887,False,True,False,wifi_only,99,9.5,9.5,0.3212311345435888,raw
26,s3_vlp_blocked,8.556615925716626,9.685615586341887,False,True,False,vlp_only,55,5.5,5.5,0.9999999999010002,raw
26,s3_vlp_blocked,8.556615925716626,9.685615586341887,False,True,False,static_fusion,55,5.5,5.5,0.5000029692527729,raw
27,s3_vlp_blocked,8.275272196622463,9.90949250147166,False,True,False,wifi_only,98,8.5,9.5,0.21921044575123322,raw
27,s3_vlp_blocked,8.275272196622463,9.90949250147166,False,True,False,vlp_only,55,5.5,5.5,0.9999999999010002,raw
27,s3_vlp_blocked,8.275272196622463,9.90949250147166,False,True,False,static_fusion,55,5.5,5.5,0.500186373258243,raw
28,s3_vlp_blocked,8.516464193829812,9.620395436542294,False,True,False,wifi_only,76,6.5,7.5,0.12070984292736239,raw
28,s3_vlp_blocked,8.516464193829812,9.620395436542294,False,True,False,vlp_only,89,9.5,8.5,0.9999999999010001,raw
28,s3_vlp_blocked,8.516464193829812,9.620395436542294,False,True,False,static_fusion,89,9.5,8.5,0.5002199920765024,raw
29,s3_vlp_blocked,8.726745769238578,9.594339738596462,False,True,False,wifi_only,99,9.5,9.5,0.5827126255578897,raw
29,s3_vlp_blocked,8.726745769238578,9.594339738596462,False,True,False,vlp_only,98,8.5,9.5,0.9999999975172541,raw
29,s3_vlp_blocked,8.726745769238578,9.594339738596462,False,True,False,static_fusion,98,8.5,9.5,0.5797146815701499,raw
30,s3_vlp_blocked,8.943827322619104,9.579744922705936,False,False,False,wifi_only,99,9.5,9.5,0.27382856113328446,raw
30,s3_vlp_blocked,8.943827322619104,9.579744922705936,False,False,False,vlp_only,99,9.5,9.5,0.9999999999010001,raw
30,s3_vlp_blocked,8.943827322619104,9.579744922705936,False,False,False,static_fusion,99,9.5,9.5,0.6369142805171423,raw
31,s3_vlp_blocked,9.351601400735191,9.795243901577573,False,False,False,wifi_only,81,1.5,8.5,0.1408878018454835,raw
31,s3_vlp_blocked,9.351601400735191,9.795243901577573,False,False,False,vlp_only,99,9.5,9.5,0.9999999999010001,raw
31,s3_vlp_blocked,9.351601400735191,9.795243901577573,False,False,False,static_fusion,99,9.5,9.5,0.5088058597670434,raw
32,s3_vlp_blocked,9.577016681956424,9.919176372465715,False,False,False,wifi_only,98,8.5,9.5,0.28602273964954883,raw
32,s3_vlp_blocked,9.577016681956424,9.919176372465715,False,False,False,vlp_only,99,9.5,9.5,0.9999999999010001,raw
32,s3_vlp_blocked,9.577016681956424,9.919176372465715,False,False,False,static_fusion,99,9.5,9.5,0.5387312816896792,raw
33,s3_vlp_blocked,9.147990241252389,9.767587766470918,False,False,False,wifi_only,99,9.5,9.5,0.2530526044732754,raw
33,s3_vlp_blocked,9.147990241252389,9.767587766470918,False,False,False,vlp_only,99,9.5,9.5,0.9999999999010001,raw
33,s3_vlp_blocked,9.147990241252389,9.767587766470918,False,False,False,static_fusion,99,9.5,9.5,0.6265263021871377,raw
34,s3_vlp_blocked,8.966209639861209,9.397254516581212,False,False,False,wifi_only,98,8.5,9.5,0.17380318856550592,raw
34,s3_vlp_blocked,8.966209639861209,9.397254516581212,False,False,False,vlp_only,98,8.5,9.5,0.9853169808639094,raw
34,s3_vlp_blocked,8.966209639861209,9.397254516581212,False,False,False,static_fusion,98,8.5,9.5,0.5795600847147077,raw
35,s3_vlp_blocked,8.92197380793632,9.185323746168985,False,False,False,wifi_only,99,9.5,9.5,0.27241912139798297,raw
35,s3_vlp_blocked,8.92197380793632,9.185323746168985,False,False,False,vlp_only,98,8.5,9.5,0.9017271708143288,raw
35,s3_vlp_blocked,8.92197380793632,9.185323746168985,False,False,False,static_fusion,98,8.5,9.5,0.5320148237322643,raw
36,s3_vlp_blocked,8.914109042937588,8.939758011878457,False,False,False,wifi_only,69,9.5,6.5,0.2017580916875006,raw
36,s3_vlp_blocked,8.914109042937588,8.939758011878457,False,False,False,vlp_only,98,8.5,9.5,0.999999416934174,raw
36,s3_vlp_blocked,8.914109042937588,8.939758011878457,False,False,False,static_fusion,98,8.5,9.5,0.5064898008982234,raw
37,s3_vlp_blocked,9.07928845907877,8.665910920697108,False,False,False,wifi_only,89,9.5,8.5,0.22955182354577908,raw
37,s3_vlp_blocked,9.07928845907877,8.665910920697108,False,False,False,vlp_only,89,9.5,8.5,0.9266899189161532,raw
37,s3_vlp_blocked,9.07928845907877,8.665910920697108,False,False,False,static_fusion,89,9.5,8.5,0.5781208712309661,raw
38,s3_vlp_blocked,9.268317079915311,8.479283196707053,False,False,False,wifi_only,88,8.5,8.5,0.1215166683483396,raw
38,s3_vlp_blocked,9.268317079915311,8.479283196707053,False,False,False,vlp_only,89,9.5,8.5,0.9997333378380099,raw
38,s3_vlp_blocked,9.268317079915311,8.479283196707053,False,False,False,static_fusion,89,9.5,8.5,0.5207496764805015,raw
39,s3_vlp_blocked,9.629151173072932,8.405680386891111,False,False,False,wifi_only,88,8.5,8.5,0.1802923207112394,raw
39,s3_vlp_blocked,9.629151173072932,8.405680386891111,False,False,False,vlp_only,89,9.5,8.5,0.9999994637671963,raw
39,s3_vlp_blocked,9.629151173072932,8.405680386891111,False,False,False,static_fusion,89,9.5,8.5,0.5316964562622493,raw
40,s3_vlp_blocked,9.137911967096755,8.357214530377181,False,False,False,wifi_only,78,8.5,7.5,0.15638405526951543,raw
40,s3_vlp_blocked,9.137911967096755,8.357214530377181,False,False,False,vlp_only,89,9.5,8.5,0.9999798950147964,raw
40,s3_vlp_blocked,9.137911967096755,8.357214530377181,False,False,False,static_fusion,89,9.5,8.5,0.5555378595079582,raw
41,s3_vlp_blocked,8.850804346095984,8.419767971950433,False,False,False,wifi_only,97,7.5,9.5,0.26285520920701094,raw
41,s3_vlp_blocked,8.850804346095984,8.419767971950433,False,False,False,vlp_only,88,8.5,8.5,0.9999999972367654,raw
41,s3_vlp_blocked,8.850804346095984,8.419767971950433,False,False,False,static_fusion,88,8.5,8.5,0.5641599334324902,raw
42,s3_vlp_blocked,8.608468710412893,8.558343031691317,False,False,False,wifi_only,77,7.5,7.5,0.1420498638417931,raw
42,s3_vlp_blocked,8.608468710412893,8.558343031691317,False,False,False,vlp_only,88,8.5,8.5,0.9999999880567964,raw
42,s3_vlp_blocked,8.608468710412893,8.558343031691317,False,False,False,static_fusion,88,8.5,8.5,0.5326169994998664,raw
43,s3_vlp_blocked,8.31237088540844,8.610789569269624,False,False,False,wifi_only,72,2.5,7.5,0.11499732518563514,raw
43,s3_vlp_blocked,8.31237088540844,8.610789569269624,False,False,False,vlp_only,88,8.5,8.5,0.9998927427849604,raw
43,s3_vlp_blocked,8.31237088540844,8.610789569269624,False,False,False,static_fusion,88,8.5,8.5,0.5125712748971396,raw
44,s3_vlp_blocked,7.876973615803656,8.676310108296393,False,False,False,wifi_only,98,8.5,9.5,0.22094024600939052,raw
44,s3_vlp_blocked,7.876973615803656,8.676310108296393,False,False,False,vlp_only,87,7.5,8.5,0.9952001463278413,raw
44,s3_vlp_blocked,7.876973615803656,8.676310108296393,False,False,False,static_fusion,87,7.5,8.5,0.537660091435027,raw
45,s3_vlp_blocked,7.69864374306643,8.764902399912266,False,True,False,wifi_only,97,7.5,9.5,0.1521685186025859,raw
45,s3_vlp_blocked,7.69864374306643,8.764902399912266,False,True,False,vlp_only,88,8.5,8.5,0.9999999997315105,raw
45,s3_vlp_blocked,7.69864374306643,8.764902399912266,False,True,False,static_fusion,88,8.5,8.5,0.5028218357268759,raw
46,s3_vlp_blocked,7.492119654821085,8.780131979271454,False,True,False,wifi_only,96,6.5,9.5,0.18487916992872838,raw
46,s3_vlp_blocked,7.492119654821085,8.780131979271454,False,True,False,vlp_only,88,8.5,8.5,0.9999999999010001,raw
46,s3_vlp_blocked,7.492119654821085,8.780131979271454,False,True,False,static_fusion,88,8.5,8.5,0.5014182609977822,raw
47,s3_vlp_blocked,7.191471021360378,8.723132508528103,False,True,False,wifi_only,77,7.5,7.5,0.1410603029383353,raw
47,s3_vlp_blocked,7.191471021360378,8.723132508528103,False,True,False,vlp_only,88,8.5,8.5,0.9999999974767915,raw
47,s3_vlp_blocked,7.191471021360378,8.723132508528103,False,True,False,static_fusion,88,8.5,8.5,0.5522036822715914,raw
48,s3_vlp_blocked,6.992004119632241,8.748418280606632,False,True,False,wifi_only,73,3.5,7.5,0.2322462736105465,raw
48,s3_vlp_blocked,6.992004119632241,8.748418280606632,False,True,False,vlp_only,97,7.5,9.5,0.9999999999010001,raw
48,s3_vlp_blocked,6.992004119632241,8.748418280606632,False,True,False,static_fusion,97,7.5,9.5,0.504763680992202,raw
49,s3_vlp_blocked,6.846275017181253,8.922858028731762,False,True,False,wifi_only,97,7.5,9.5,0.12326375555318479,raw
49,s3_vlp_blocked,6.846275017181253,8.922858028731762,False,True,False,vlp_only,98,8.5,9.5,0.9999997404028096,raw
49,s3_vlp_blocked,6.846275017181253,8.922858028731762,False,True,False,static_fusion,98,8.5,9.5,0.5038506957126239,raw
50,s3_vlp_blocked,6.689596236262092,9.105068122957537,False,True,False,wifi_only,86,6.5,8.5,0.41651010594893934,raw
50,s3_vlp_blocked,6.689596236262092,9.105068122957537,False,True,False,vlp_only,86,6.5,8.5,0.9497542831866127,raw
50,s3_vlp_blocked,6.689596236262092,9.105068122957537,False,True,False,static_fusion,86,6.5,8.5,0.683132194567776,raw
51,s3_vlp_blocked,6.651524336471364,9.303485813902295,False,True,False,wifi_only,92,2.5,9.5,0.23608059693015174,raw
51,s3_vlp_blocked,6.651524336471364,9.303485813902295,False,True,False,vlp_only,96,6.5,9.5,0.9999999999010001,raw
51,s3_vlp_blocked,6.651524336471364,9.303485813902295,False,True,False,static_fusion,96,6.5,9.5,0.5183005970301562,raw
52,s3_vlp_blocked,6.511030711247975,9.630572115899897,False,True,False,wifi_only,96,6.5,9.5,0.30316058658506895,raw
52,s3_vlp_blocked,6.511030711247975,9.630572115899897,False,True,False,vlp_only,96,6.5,9.5,0.9999999999010001,raw
52,s3_vlp_blocked,6.511030711247975,9.630572115899897,False,True,False,static_fusion,96,6.5,9.5,0.6515802932430346,raw
53,s3_vlp_blocked,6.420605168362592,9.834308948608536,False,True,False,wifi_only,97,7.5,9.5,0.11758191362192591,raw
53,s3_vlp_blocked,6.420605168362592,9.834308948608536,False,True,False,vlp_only,99,9.5,9.5,0.9999999999010001,raw
53,s3_vlp_blocked,6.420605168362592,9.834308948608536,False,True,False,static_fusion,99,9.5,9.5,0.5000534484910979,raw
54,s3_vlp_blocked,6.482295444389094,9.655075180886994,False,True,False,wifi_only,83,3.5,8.5,0.23336158020841977,raw
54,s3_vlp_blocked,6.482295444389094,9.655075180886994,False,True,False,vlp_only,96,6.5,9.5,0.9999999999010001,raw
54,s3_vlp_blocked,6.482295444389094,9.655075180886994,False,True,False,static_fusion,96,6.5,9.5,0.5392855920413494,raw
55,s3_vlp_blocked,6.562363950563185,9.549970952544058,False,True,False,wifi_only,93,3.5,9.5,0.2361142097834207,raw
55,s3_vlp_blocked,6.562363950563185,9.549970952544058,False,True,False,vlp_only,96,6.5,9.5,0.9999999999010001,raw
55,s3_vlp_blocked,6.562363950563185,9.549970952544058,False,True,False,static_fusion,96,6.5,9.5,0.6096173392843269,raw
56,s3_vlp_blocked,6.608994574111493,9.255964739086862,False,True,False,wifi_only,96,6.5,9.5,0.41135123873600093,raw
56,s3_vlp_blocked,6.608994574111493,9.255964739086862,False,True,False,vlp_only,99,9.5,9.5,0.9999999999010001,raw
56,s3_vlp_blocked,6.608994574111493,9.255964739086862,False,True,False,static_fusion,99,9.5,9.5,0.5000234810286577,raw
57,s3_vlp_blocked,6.638238185227195,8.788984466893778,False,True,False,wifi_only,93,3.5,9.5,0.26535074429100064,raw
57,s3_vlp_blocked,6.638238185227195,8.788984466893778,False,True,False,vlp_only,89,9.5,8.5,0.9999999998999609,raw
57,s3_vlp_blocked,6.638238185227195,8.788984466893778,False,True,False,static_fusion,89,9.5,8.5,0.5000000178279701,raw
58,s3_vlp_blocked,6.715833516903254,8.506019535638835,False,True,False,wifi_only,96,6.5,9.5,0.3219893911668245,raw
58,s3_vlp_blocked,6.715833516903254,8.506019535638835,False,True,False,vlp_only,55,5.5,5.5,0.9999999999010002,raw
58,s3_vlp_blocked,6.715833516903254,8.506019535638835,False,True,False,static_fusion,55,5.5,5.5,0.5000004423102845,raw
59,s3_vlp_blocked,6.712650009001855,8.176417392861678,False,True,False,wifi_only,76,6.5,7.5,0.19291088659296093,raw
59,s3_vlp_blocked,6.712650009001855,8.176417392861678,False,True,False,vlp_only,59,9.5,5.5,0.9999998691032997,raw
59,s3_vlp_blocked,6.712650009001855,8.176417392861678,False,True,False,static_fusion,59,9.5,5.5,0.4999999778781336,raw
60,s3_vlp_blocked,6.866771266170202,7.830791223796943,False,True,False,wifi_only,72,2.5,7.5,0.09654332769189682,raw
60,s3_vlp_blocked,6.866771266170202,7.830791223796943,False,True,False,vlp_only,55,5.5,5.5,0.9999999999010002,raw
60,s3_vlp_blocked,6.866771266170202,7.830791223796943,False,True,False,static_fusion,55,5.5,5.5,0.5103645720409155,raw
61,s3_vlp_blocked,6.935196676516079,7.575933102373101,False,False,False,wifi_only,87,7.5,8.5,0.1177246332437025,raw
61,s3_vlp_blocked,6.935196676516079,7.575933102373101,False,False,False,vlp_only,77,7.5,7.5,0.9999999979569407,raw
61,s3_vlp_blocked,6.935196676516079,7.575933102373101,False,False,False,static_fusion,77,7.5,7.5,0.5249204987696252,raw
62,s3_vlp_blocked,6.925151254140051,7.098088212920689,False,False,False,wifi_only,77,7.5,7.5,0.11007070315875057,raw
62,s3_vlp_blocked,6.925151254140051,7.098088212920689,False,False,False,vlp_only,76,6.5,7.5,0.9999999999010001,raw
62,s3_vlp_blocked,6.925151254140051,7.098088212920689,False,False,False,static_fusion,76,6.5,7.5,0.5083946697125705,raw
63,s3_vlp_blocked,6.9536901632065256,6.989777604364947,False,False,False,wifi_only,77,7.5,7.5,0.11860422836928347,raw
63,s3_vlp_blocked,6.9536901632065256,6.989777604364947,False,False,False,vlp_only,76,6.5,7.5,0.9999999998990335,raw
63,s3_vlp_blocked,6.9536901632065256,6.989777604364947,False,False,False,static_fusion,76,6.5,7.5,0.549561918290496,raw
64,s3_vlp_blocked,6.966708536003405,6.623992067365702,False,False,False,wifi_only,54,4.5,5.5,0.16216674530424532,raw
64,s3_vlp_blocked,6.966708536003405,6.623992067365702,False,False,False,vlp_only,67,7.5,6.5,0.9999999999010001,raw
64,s3_vlp_blocked,6.966708536003405,6.623992067365702,False,False,False,static_fusion,67,7.5,6.5,0.5166849797096241,raw
65,s3_vlp_blocked,7.006265988225517,6.167924934295798,False,False,False,wifi_only,58,8.5,5.5,0.12315759993223861,raw
65,s3_vlp_blocked,7.006265988225517,6.167924934295798,False,False,False,vlp_only,66,6.5,6.5,0.9999999999010001,raw
65,s3_vlp_blocked,7.006265988225517,6.167924934295798,False,False,False,static_fusion,66,6.5,6.5,0.501354434179473,raw
66,s3_vlp_blocked,7.195573035758812,5.900698987196131,False,False,False,wifi_only,67,7.5,6.5,0.13272743234406725,raw
66,s3_vlp_blocked,7.195573035758812,5.900698987196131,False,False,False,vlp_only,66,6.5,6.5,0.9999999999010001,raw
66,s3_vlp_blocked,7.195573035758812,5.900698987196131,False,False,False,static_fusion,66,6.5,6.5,0.5607738230580777,raw
67,s3_vlp_blocked,7.214622128011173,5.480629494443392,False,False,False,wifi_only,55,5.5,5.5,0.1349462518767891,raw
67,s3_vlp_blocked,7.214622128011173,5.480629494443392,False,False,False,vlp_only,57,7.5,5.5,0.9999999999010002,raw
67,s3_vlp_blocked,7.214622128011173,5.480629494443392,False,False,False,static_fusion,57,7.5,5.5,0.5261625708248746,raw
68,s3_vlp_blocked,7.224596969394833,5.365365355851328,False,False,False,wifi_only,57,7.5,5.5,0.17040448753707463,raw
68,s3_vlp_blocked,7.224596969394833,5.365365355851328,False,False,False,vlp_only,57,7.5,5.5,0.9999999999010002,raw
68,s3_vlp_blocked,7.224596969394833,5.365365355851328,False,False,False,static_fusion,57,7.5,5.5,0.5852022437190374,raw
69,s3_vlp_blocked,7.3987606078939105,4.973012310374174,False,False,False,wifi_only,59,9.5,5.5,0.1850706488887421,raw
69,s3_vlp_blocked,7.3987606078939105,4.973012310374174,False,False,False,vlp_only,46,6.5,4.5,0.9954038670133115,raw
69,s3_vlp_blocked,7.3987606078939105,4.973012310374174,False,False,False,static_fusion,46,6.5,4.5,0.528425118236923,raw
70,s3_vlp_blocked,7.635914401899096,4.715226258016342,False,False,False,wifi_only,68,8.5,6.5,0.15466215523723115,raw
70,s3_vlp_blocked,7.635914401899096,4.715226258016342,False,False,False,vlp_only,47,7.5,4.5,0.9999997816985094,raw
70,s3_vlp_blocked,7.635914401899096,4.715226258016342,False,False,False,static_fusion,47,7.5,4.5,0.5077781653923847,raw
71,s3_vlp_blocked,7.871357392106725,4.543524489496297,False,False,False,wifi_only,48,8.5,4.5,0.1759090888678917,raw
71,s3_vlp_blocked,7.871357392106725,4.543524489496297,False,False,False,vlp_only,47,7.5,4.5,0.9999998929501376,raw
71,s3_vlp_blocked,7.871357392106725,4.543524489496297,False,False,False,static_fusion,47,7.5,4.5,0.5621289752720996,raw
72,s3_vlp_blocked,8.272955973874682,4.373796974104669,False,False,False,wifi_only,49,9.5,4.5,0.2440433591443062,raw
72,s3_vlp_blocked,8.272955973874682,4.373796974104669,False,False,False,vlp_only,48,8.5,4.5,0.9903176360267167,raw
72,s3_vlp_blocked,8.272955973874682,4.373796974104669,False,False,False,static_fusion,48,8.5,4.5,0.5939356371443638,raw
73,s3_vlp_blocked,8.62151579149036,4.028494957379147,False,False,False,wifi_only,38,8.5,3.5,0.16182730234629364,raw
73,s3_vlp_blocked,8.62151579149036,4.028494957379147,False,False,False,vlp_only,39,9.5,3.5,0.9999999999010002,raw
73,s3_vlp_blocked,8.62151579149036,4.028494957379147,False,False,False,static_fusion,39,9.5,3.5,0.5774834923791354,raw
74,s3_vlp_blocked,8.748435457425892,3.685738487590071,False,False,False,wifi_only,36,6.5,3.5,0.11245054618645313,raw
74,s3_vlp_blocked,8.748435457425892,3.685738487590071,False,False,False,vlp_only,39,9.5,3.5,0.9999999999010002,raw
74,s3_vlp_blocked,8.748435457425892,3.685738487590071,False,False,False,static_fusion,39,9.5,3.5,0.5030892441913624,raw
75,s3_vlp_blocked,8.835085190139699,3.5526052200138745,False,True,False,wifi_only,29,9.5,2.5,0.39347715485085666,raw
75,s3_vlp_blocked,8.835085190139699,3.5526052200138745,False,True,False,vlp_only,38,8.5,3.5,0.9999999999010002,raw
75,s3_vlp_blocked,8.835085190139699,3.5526052200138745,False,True,False,static_fusion,38,8.5,3.5,0.5449398852823769,raw
76,s3_vlp_blocked,8.909093693609096,3.3558416683741257,False,True,False,wifi_only,39,9.5,3.5,0.29816615527114165,raw
76,s3_vlp_blocked,8.909093693609096,3.3558416683741257,False,True,False,vlp_only,29,9.5,2.5,0.9999999998873206,raw
76,s3_vlp_blocked,8.909093693609096,3.3558416683741257,False,True,False,static_fusion,29,9.5,2.5,0.5022114958106658,raw
77,s3_vlp_blocked,9.099711473119482,3.177715842546163,False,True,False,wifi_only,37,7.5,3.5,0.21273386845324208,raw
77,s3_vlp_blocked,9.099711473119482,3.177715842546163,False,True,False,vlp_only,45,5.5,4.5,0.9999999999010002,raw
77,s3_vlp_blocked,9.099711473119482,3.177715842546163,False,True,False,static_fusion,45,5.5,4.5,0.5005004153030383,raw
78,s3_vlp_blocked,9.333851006911315,2.7984046692967013,False,True,False,wifi_only,28,8.5,2.5,0.3535740445237116,raw
78,s3_vlp_blocked,9.333851006911315,2.7984046692967013,False,True,False,vlp_only,29,9.5,2.5,0.9999999999010002,raw
78,s3_vlp_blocked,9.333851006911315,2.7984046692967013,False,True,False,static_fusion,29,9.5,2.5,0.6393928802648874,raw
79,s3_vlp_blocked,9.466292753776418,2.334363853065204,False,True,False,wifi_only,28,8.5,2.5,0.29449520245436744,raw
79,s3_vlp_blocked,9.466292753776418,2.334363853065204,False,True,False,vlp_only,29,9.5,2.5,0.9934655677981111,raw
79,s3_vlp_blocked,9.466292753776418,2.334363853065204,False,True,False,static_fusion,29,9.5,2.5,0.6212355911072777,raw
80,s3_vlp_blocked,9.611899936659418,2.123312718823533,False,True,False,wifi_only,29,9.5,2.5,0.2511783638567129,raw
80,s3_vlp_blocked,9.611899936659418,2.123312718823533,False,True,False,vlp_only,19,9.5,1.5,0.9996941754428397,raw
80,s3_vlp_blocked,9.611899936659418,2.123312718823533,False,True,False,static_fusion,19,9.5,1.5,0.5735485978833237,raw
81,s3_vlp_blocked,9.858322040787618,1.7145087247330029,False,True,False,wifi_only,29,9.5,2.5,0.34719726978351156,raw
81,s3_vlp_blocked,9.858322040787618,1.7145087247330029,False,True,False,vlp_only,9,9.5,0.5,0.9999999999010003,raw
81,s3_vlp_blocked,9.858322040787618,1.7145087247330029,False,True,False,static_fusion,9,9.5,0.5,0.505477218326228,raw
82,s3_vlp_blocked,9.758809756481527,1.8587665766892736,False,True,False,wifi_only,29,9.5,2.5,0.6086780567885887,raw
82,s3_vlp_blocked,9.758809756481527,1.8587665766892736,False,True,False,vlp_only,45,5.5,4.5,0.6799816767492,raw
82,s3_vlp_blocked,9.758809756481527,1.8587665766892736,False,True,False,static_fusion,45,5.5,4.5,0.33999083837509997,raw
83,s3_vlp_blocked,9.674741536762076,1.980219721792202,False,True,False,wifi_only,29,9.5,2.5,0.46995020058231995,raw
83,s3_vlp_blocked,9.674741536762076,1.980219721792202,False,True,False,vlp_only,19,9.5,1.5,0.9999999790774233,raw
83,s3_vlp_blocked,9.674741536762076,1.980219721792202,False,True,False,static_fusion,19,9.5,1.5,0.5070156469172604,raw
84,s3_vlp_blocked,9.543539060630476,2.38811292843674,False,True,False,wifi_only,29,9.5,2.5,0.43579540736244754,raw
84,s3_vlp_blocked,9.543539060630476,2.38811292843674,False,True,False,vlp_only,19,9.5,1.5,0.9999802023942314,raw
84,s3_vlp_blocked,9.543539060630476,2.38811292843674,False,True,False,static_fusion,19,9.5,1.5,0.5024142249761603,raw
85,s3_vlp_blocked,9.538461254265044,2.548657706440192,False,True,False,wifi_only,29,9.5,2.5,0.5788452495227605,raw
85,s3_vlp_blocked,9.538461254265044,2.548657706440192,False,True,False,vlp_only,49,9.5,4.5,0.9999999999010002,raw
85,s3_vlp_blocked,9.538461254265044,2.548657706440192,False,True,False,static_fusion,49,9.5,4.5,0.5000010088363641,raw
86,s3_vlp_blocked,9.544593459510066,2.7077556794947983,False,False,False,wifi_only,28,8.5,2.5,0.41452916081284985,raw
86,s3_vlp_blocked,9.544593459510066,2.7077556794947983,False,False,False,vlp_only,29,9.5,2.5,0.9999999991838936,raw
86,s3_vlp_blocked,9.544593459510066,2.7077556794947983,False,False,False,static_fusion,29,9.5,2.5,0.6406869617836398,raw
87,s3_vlp_blocked,9.633379023943917,3.061085408030138,False,False,False,wifi_only,27,7.5,2.5,0.1922807450683256,raw
87,s3_vlp_blocked,9.633379023943917,3.061085408030138,False,False,False,vlp_only,39,9.5,3.5,0.9999999999010002,raw
87,s3_vlp_blocked,9.633379023943917,3.061085408030138,False,False,False,static_fusion,39,9.5,3.5,0.544925824971128,raw
88,s3_vlp_blocked,9.752600157839524,3.198956190033732,False,False,False,wifi_only,37,7.5,3.5,0.2241070458999238,raw
88,s3_vlp_blocked,9.752600157839524,3.198956190033732,False,False,False,vlp_only,39,9.5,3.5,0.9999999999010002,raw
88,s3_vlp_blocked,9.752600157839524,3.198956190033732,False,False,False,static_fusion,39,9.5,3.5,0.5271624098559787,raw
89,s3_vlp_blocked,9.40578903862998,2.8552477628804214,False,False,False,wifi_only,29,9.5,2.5,0.6183084408746715,raw
89,s3_vlp_blocked,9.40578903862998,2.8552477628804214,False,False,False,vlp_only,29,9.5,2.5,0.9999999999010002,raw
89,s3_vlp_blocked,9.40578903862998,2.8552477628804214,False,False,False,static_fusion,29,9.5,2.5,0.8091542203878359,raw
90,s3_vlp_blocked,9.127964250423506,2.698331211248074,False,False,False,wifi_only,16,6.5,1.5,0.23918403024184612,raw
90,s3_vlp_blocked,9.127964250423506,2.698331211248074,False,False,False,vlp_only,29,9.5,2.5,0.9999999999010002,raw
90,s3_vlp_blocked,9.127964250423506,2.698331211248074,False,False,False,static_fusion,29,9.5,2.5,0.5017943102327086,raw
91,s3_vlp_blocked,8.800406594259712,2.6051004251712406,False,False,False,wifi_only,27,7.5,2.5,0.18997168591499583,raw
91,s3_vlp_blocked,8.800406594259712,2.6051004251712406,False,False,False,vlp_only,28,8.5,2.5,0.9999999998033511,raw
91,s3_vlp_blocked,8.800406594259712,2.6051004251712406,False,False,False,static_fusion,28,8.5,2.5,0.5595423625845457,raw
92,s3_vlp_blocked,8.550281299097398,2.456641319624944,False,False,False,wifi_only,17,7.5,1.5,0.2139625592214271,raw
92,s3_vlp_blocked,8.550281299097398,2.456641319624944,False,False,False,vlp_only,28,8.5,2.5,0.9999999999007152,raw
92,s3_vlp_blocked,8.550281299097398,2.456641319624944,False,False,False,static_fusion,28,8.5,2.5,0.5390382078349476,raw
93,s3_vlp_blocked,8.206258987477604,2.220074095586588,False,False,False,wifi_only,7,7.5,0.5,0.2706188466562954,raw
93,s3_vlp_blocked,8.206258987477604,2.220074095586588,False,False,False,vlp_only,28,8.5,2.5,0.9988248195107915,raw
93,s3_vlp_blocked,8.206258987477604,2.220074095586588,False,False,False,static_fusion,28,8.5,2.5,0.5512803936218621,raw
94,s3_vlp_blocked,7.989681515495209,2.1664204126445497,False,False,False,wifi_only,28,8.5,2.5,0.3001866953688656,raw
94,s3_vlp_blocked,7.989681515495209,2.1664204126445497,False,False,False,vlp_only,28,8.5,2.5,0.9998171966178075,raw
94,s3_vlp_blocked,7.989681515495209,2.1664204126445497,False,False,False,static_fusion,28,8.5,2.5,0.6500019459933366,raw
95,s3_vlp_blocked,7.820856477729749,2.216688844603764,False,False,False,wifi_only,28,8.5,2.5,0.27213378468795435,raw
95,s3_vlp_blocked,7.820856477729749,2.216688844603764,False,False,False,vlp_only,27,7.5,2.5,0.8990023332885432,raw
95,s3_vlp_blocked,7.820856477729749,2.216688844603764,False,False,False,static_fusion,27,7.5,2.5,0.572897683814267,raw
96,s3_vlp_blocked,7.438849577500529,2.091977264871964,False,False,False,wifi_only,16,6.5,1.5,0.22112690038958102,raw
96,s3_vlp_blocked,7.438849577500529,2.091977264871964,False,False,False,vlp_only,27,7.5,2.5,0.8177167153177735,raw
96,s3_vlp_blocked,7.438849577500529,2.091977264871964,False,False,False,static_fusion,27,7.5,2.5,0.4225963314451869,raw
97,s3_vlp_blocked,7.303823403549243,2.032738937171799,False,False,False,wifi_only,28,8.5,2.5,0.3455815701354776,raw
97,s3_vlp_blocked,7.303823403549243,2.032738937171799,False,False,False,vlp_only,27,7.5,2.5,0.9999913576603477,raw
97,s3_vlp_blocked,7.303823403549243,2.032738937171799,False,False,False,static_fusion,27,7.5,2.5,0.5953471082478775,raw
98,s3_vlp_blocked,7.052510845305025,1.9258529473001484,False,False,False,wifi_only,17,7.5,1.5,0.29374021061658767,raw
98,s3_vlp_blocked,7.052510845305025,1.9258529473001484,False,False,False,vlp_only,27,7.5,2.5,0.9999997495472498,raw
98,s3_vlp_blocked,7.052510845305025,1.9258529473001484,False,False,False,static_fusion,27,7.5,2.5,0.5705750453064329,raw
99,s3_vlp_blocked,6.623312112175848,1.726390708485309,False,False,False,wifi_only,26,6.5,2.5,0.15617522123666547,raw
99,s3_vlp_blocked,6.623312112175848,1.726390708485309,False,False,False,vlp_only,16,6.5,1.5,0.9999999995233063,raw
99,s3_vlp_blocked,6.623312112175848,1.726390708485309,False,False,False,static_fusion,16,6.5,1.5,0.571108400964121,raw
0,s3_vlp_blocked,7.708518498956285,6.537185189018777,False,False,False,wifi_only,67,7.5,6.5,0.1656293765629313,moving_average
0,s3_vlp_blocked,7.708518498956285,6.537185189018777,False,False,False,vlp_only,67,7.5,6.5,0.9999995323037881,moving_average
0,s3_vlp_blocked,7.708518498956285,6.537185189018777,False,False,False,static_fusion,67,7.5,6.5,0.5828144544333597,moving_average
1,s3_vlp_blocked,7.762228944549189,6.781375783910273,False,False,False,wifi_only,58,8.5,5.5,0.15415223222876023,moving_average
1,s3_vlp_blocked,7.762228944549189,6.781375783910273,False,False,False,vlp_only,67,7.5,6.5,0.9999647588158953,moving_average
1,s3_vlp_blocked,7.762228944549189,6.781375783910273,False,False,False,static_fusion,67,7.5,6.5,0.5305068411622835,moving_average
2,s3_vlp_blocked,7.839130958677583,7.167874595498286,False,False,False,wifi_only,68,8.5,6.5,0.1594135215381687,moving_average
2,s3_vlp_blocked,7.839130958677583,7.167874595498286,False,False,False,vlp_only,67,7.5,6.5,0.9999756450018843,moving_average
2,s3_vlp_blocked,7.839130958677583,7.167874595498286,False,False,False,static_fusion,67,7.5,6.5,0.5399820640150891,moving_average
3,s3_vlp_blocked,7.94346543019908,7.5103051184045535,False,False,False,wifi_only,68,8.5,6.5,0.14931378526210232,moving_average
3,s3_vlp_blocked,7.94346543019908,7.5103051184045535,False,False,False,vlp_only,77,7.5,7.5,0.9999204722244763,moving_average
3,s3_vlp_blocked,7.94346543019908,7.5103051184045535,False,False,False,static_fusion,77,7.5,7.5,0.5183447504720549,moving_average
4,s3_vlp_blocked,7.999186140694022,7.623886621271602,False,False,False,wifi_only,67,7.5,6.5,0.14902179081052272,moving_average
4,s3_vlp_blocked,7.999186140694022,7.623886621271602,False,False,False,vlp_only,77,7.5,7.5,0.9994769629000508,moving_average
4,s3_vlp_blocked,7.999186140694022,7.623886621271602,False,False,False,static_fusion,77,7.5,7.5,0.5245457904037346,moving_average
5,s3_vlp_blocked,8.226562675373907,7.955827377167044,False,False,False,wifi_only,68,8.5,6.5,0.16063580028265648,moving_average
5,s3_vlp_blocked,8.226562675373907,7.955827377167044,False,False,False,vlp_only,77,7.5,7.5,0.638488905050051,moving_average
5,s3_vlp_blocked,8.226562675373907,7.955827377167044,False,False,False,static_fusion,77,7.5,7.5,0.33427097659562294,moving_average
6,s3_vlp_blocked,8.280648608306477,8.135508799595996,False,False,False,wifi_only,78,8.5,7.5,0.15232646433161337,moving_average
6,s3_vlp_blocked,8.280648608306477,8.135508799595996,False,False,False,vlp_only,78,8.5,7.5,0.879083469724991,moving_average
6,s3_vlp_blocked,8.280648608306477,8.135508799595996,False,False,False,static_fusion,78,8.5,7.5,0.5157049670283022,moving_average
7,s3_vlp_blocked,8.426531854440203,8.334139776009467,False,False,False,wifi_only,78,8.5,7.5,0.16374614431566586,moving_average
7,s3_vlp_blocked,8.426531854440203,8.334139776009467,False,False,False,vlp_only,78,8.5,7.5,0.9847884913396177,moving_average
7,s3_vlp_blocked,8.426531854440203,8.334139776009467,False,False,False,static_fusion,78,8.5,7.5,0.5742673178276417,moving_average
8,s3_vlp_blocked,8.640813839766498,8.694587576233882,False,False,False,wifi_only,78,8.5,7.5,0.16720327774142682,moving_average
8,s3_vlp_blocked,8.640813839766498,8.694587576233882,False,False,False,vlp_only,88,8.5,8.5,0.9999861350298171,moving_average
8,s3_vlp_blocked,8.640813839766498,8.694587576233882,False,False,False,static_fusion,88,8.5,8.5,0.5612705455982071,moving_average
9,s3_vlp_blocked,8.773434572913224,8.991156753090223,False,False,False,wifi_only,78,8.5,7.5,0.1494668705082377,moving_average
9,s3_vlp_blocked,8.773434572913224,8.991156753090223,False,False,False,vlp_only,88,8.5,8.5,0.9999999989763646,moving_average
9,s3_vlp_blocked,8.773434572913224,8.991156753090223,False,False,False,static_fusion,88,8.5,8.5,0.5560018562453045,moving_average
10,s3_vlp_blocked,8.969081214365445,9.315966535180728,False,False,False,wifi_only,78,8.5,7.5,0.15017781422708407,moving_average
10,s3_vlp_blocked,8.969081214365445,9.315966535180728,False,False,False,vlp_only,88,8.5,8.5,0.9999999998994769,moving_average
10,s3_vlp_blocked,8.969081214365445,9.315966535180728,False,False,False,static_fusion,88,8.5,8.5,0.5731367194464749,moving_average
11,s3_vlp_blocked,9.158262661443551,9.76651178862036,False,False,False,wifi_only,88,8.5,8.5,0.14473931634520482,moving_average
11,s3_vlp_blocked,9.158262661443551,9.76651178862036,False,False,False,vlp_only,98,8.5,9.5,0.9986982957293874,moving_average
11,s3_vlp_blocked,9.158262661443551,9.76651178862036,False,False,False,static_fusion,98,8.5,9.5,0.5497714316849032,moving_average
12,s3_vlp_blocked,9.226935916965898,9.928675601070118,False,False,False,wifi_only,88,8.5,8.5,0.14403874950698622,moving_average
12,s3_vlp_blocked,9.226935916965898,9.928675601070118,False,False,False,vlp_only,98,8.5,9.5,0.9993075411075293,moving_average
12,s3_vlp_blocked,9.226935916965898,9.928675601070118,False,False,False,static_fusion,98,8.5,9.5,0.5624015788042912,moving_average
13,s3_vlp_blocked,9.28457534064934,9.54739973958025,False,False,False,wifi_only,99,9.5,9.5,0.17382506624171035,moving_average
13,s3_vlp_blocked,9.28457534064934,9.54739973958025,False,False,False,vlp_only,99,9.5,9.5,0.9999999908158393,moving_average
13,s3_vlp_blocked,9.28457534064934,9.54739973958025,False,False,False,static_fusion,99,9.5,9.5,0.5869125285287748,moving_average
14,s3_vlp_blocked,9.55154708556551,9.187880405968292,False,False,False,wifi_only,89,9.5,8.5,0.169016130777298,moving_average
14,s3_vlp_blocked,9.55154708556551,9.187880405968292,False,False,False,vlp_only,99,9.5,9.5,0.9999999999010001,moving_average
14,s3_vlp_blocked,9.55154708556551,9.187880405968292,False,False,False,static_fusion,99,9.5,9.5,0.576928846558506,moving_average
15,s3_vlp_blocked,9.66616567574389,8.964158259736895,False,True,False,wifi_only,89,9.5,8.5,0.2202252276225881,moving_average
15,s3_vlp_blocked,9.66616567574389,8.964158259736895,False,True,False,vlp_only,99,9.5,9.5,0.9999999999010001,moving_average
15,s3_vlp_blocked,9.66616567574389,8.964158259736895,False,True,False,static_fusion,99,9.5,9.5,0.6055656299185903,moving_average
16,s3_vlp_blocked,9.783739284953958,8.603729760291959,False,True,False,wifi_only,99,9.5,9.5,0.2581655978098246,moving_average
16,s3_vlp_blocked,9.783739284953958,8.603729760291959,False,True,False,vlp_only,99,9.5,9.5,0.9999999999010001,moving_average
16,s3_vlp_blocked,9.783739284953958,8.603729760291959,False,True,False,static_fusion,99,9.5,9.5,0.6290827988554124,moving_average
17,s3_vlp_blocked,9.816728934060924,8.290196131329282,False,True,False,wifi_only,89,9.5,8.5,0.222024849614535,moving_average
17,s3_vlp_blocked,9.816728934060924,8.290196131329282,False,True,False,vlp_only,99,9.5,9.5,0.9999999999010001,moving_average
17,s3_vlp_blocked,9.816728934060924,8.290196131329282,False,True,False,static_fusion,99,9.5,9.5,0.5811791335939901,moving_average
18,s3_vlp_blocked,9.898369940505676,8.170920930516099,False,True,False,wifi_only,79,9.5,7.5,0.20717021479905348,moving_average
18,s3_vlp_blocked,9.898369940505676,8.170920930516099,False,True,False,vlp_only,99,9.5,9.5,0.9999999999010001,moving_average
18,s3_vlp_blocked,9.898369940505676,8.170920930516099,False,True,False,static_fusion,99,9.5,9.5,0.5641933713225696,moving_average
19,s3_vlp_blocked,9.760036529571131,8.31653053319644,False,True,False,wifi_only,99,9.5,9.5,0.2551550219580184,moving_average
19,s3_vlp_blocked,9.760036529571131,8.31653053319644,False,True,False,vlp_only,99,9.5,9.5,0.9999999999010001,moving_average
19,s3_vlp_blocked,9.760036529571131,8.31653053319644,False,True,False,static_fusion,99,9.5,9.5,0.6275775109295092,moving_average
20,s3_vlp_blocked,9.637633694040824,8.49751598572513,False,True,False,wifi_only,89,9.5,8.5,0.21241313838734607,moving_average
20,s3_vlp_blocked,9.637633694040824,8.49751598572513,False,True,False,vlp_only,99,9.5,9.5,0.9999999999010001,moving_average
20,s3_vlp_blocked,9.637633694040824,8.49751598572513,False,True,False,static_fusion,99,9.5,9.5,0.5950182606257648,moving_average
21,s3_vlp_blocked,9.488164788775736,8.737066335022115,False,True,False,wifi_only,89,9.5,8.5,0.21088504931313318,moving_average
21,s3_vlp_blocked,9.488164788775736,8.737066335022115,False,True,False,vlp_only,99,9.5,9.5,0.9999999999010001,moving_average
21,s3_vlp_blocked,9.488164788775736,8.737066335022115,False,True,False,static_fusion,99,9.5,9.5,0.5854018204176075,moving_average
22,s3_vlp_blocked,9.401483371555605,8.971936242221727,False,True,False,wifi_only,99,9.5,9.5,0.21709171247394524,moving_average
22,s3_vlp_blocked,9.401483371555605,8.971936242221727,False,True,False,vlp_only,99,9.5,9.5,0.9999999999010001,moving_average
22,s3_vlp_blocked,9.401483371555605,8.971936242221727,False,True,False,static_fusion,99,9.5,9.5,0.6085458561874727,moving_average
23,s3_vlp_blocked,9.373588623793506,9.260353868533857,False,True,False,wifi_only,99,9.5,9.5,0.21619803851959316,moving_average
23,s3_vlp_blocked,9.373588623793506,9.260353868533857,False,True,False,vlp_only,99,9.5,9.5,0.9999999999010001,moving_average
23,s3_vlp_blocked,9.373588623793506,9.260353868533857,False,True,False,static_fusion,99,9.5,9.5,0.6080990192102966,moving_average
24,s3_vlp_blocked,9.127375220319832,9.429716922223497,False,True,False,wifi_only,89,9.5,8.5,0.2015308987313751,moving_average
24,s3_vlp_blocked,9.127375220319832,9.429716922223497,False,True,False,vlp_only,99,9.5,9.5,0.9999999999010001,moving_average
24,s3_vlp_blocked,9.127375220319832,9.429716922223497,False,True,False,static_fusion,99,9.5,9.5,0.5845244013690122,moving_average
25,s3_vlp_blocked,8.726509377545842,9.486750180536124,False,True,False,wifi_only,89,9.5,8.5,0.1873252171718536,moving_average
25,s3_vlp_blocked,8.726509377545842,9.486750180536124,False,True,False,vlp_only,99,9.5,9.5,0.9999999999010001,moving_average
25,s3_vlp_blocked,8.726509377545842,9.486750180536124,False,True,False,static_fusion,99,9.5,9.5,0.5844397267887386,moving_average
26,s3_vlp_blocked,8.556615925716626,9.685615586341887,False,True,False,wifi_only,98,8.5,9.5,0.20191568746199046,moving_average
26,s3_vlp_blocked,8.556615925716626,9.685615586341887,False,True,False,vlp_only,99,9.5,9.5,0.9999999999010001,moving_average
26,s3_vlp_blocked,8.556615925716626,9.685615586341887,False,True,False,static_fusion,99,9.5,9.5,0.5892847948019557,moving_average
27,s3_vlp_blocked,8.275272196622463,9.90949250147166,False,True,False,wifi_only,98,8.5,9.5,0.21514033302804625,moving_average
27,s3_vlp_blocked,8.275272196622463,9.90949250147166,False,True,False,vlp_only,99,9.5,9.5,0.9800964596511702,moving_average
27,s3_vlp_blocked,8.275272196622463,9.90949250147166,False,True,False,static_fusion,99,9.5,9.5,0.5865205250100439,moving_average
28,s3_vlp_blocked,8.516464193829812,9.620395436542294,False,True,False,wifi_only,98,8.5,9.5,0.22262476033205683,moving_average
28,s3_vlp_blocked,8.516464193829812,9.620395436542294,False,True,False,vlp_only,99,9.5,9.5,0.9999999999010001,moving_average
28,s3_vlp_blocked,8.516464193829812,9.620395436542294,False,True,False,static_fusion,99,9.5,9.5,0.5438547512745515,moving_average
29,s3_vlp_blocked,8.726745769238578,9.594339738596462,False,True,False,wifi_only,98,8.5,9.5,0.26386070423257635,moving_average
29,s3_vlp_blocked,8.726745769238578,9.594339738596462,False,True,False,vlp_only,99,9.5,9.5,0.9999999999010001,moving_average
29,s3_vlp_blocked,8.726745769238578,9.594339738596462,False,True,False,static_fusion,99,9.5,9.5,0.5594227099656796,moving_average
30,s3_vlp_blocked,8.943827322619104,9.579744922705936,False,False,False,wifi_only,98,8.5,9.5,0.24800630059706555,moving_average
30,s3_vlp_blocked,8.943827322619104,9.579744922705936,False,False,False,vlp_only,99,9.5,9.5,0.9999999999010001,moving_average
30,s3_vlp_blocked,8.943827322619104,9.579744922705936,False,False,False,static_fusion,99,9.5,9.5,0.6000996021823908,moving_average
31,s3_vlp_blocked,9.351601400735191,9.795243901577573,False,False,False,wifi_only,98,8.5,9.5,0.19884693916361756,moving_average
31,s3_vlp_blocked,9.351601400735191,9.795243901577573,False,False,False,vlp_only,99,9.5,9.5,0.9999999999010001,moving_average
31,s3_vlp_blocked,9.351601400735191,9.795243901577573,False,False,False,static_fusion,99,9.5,9.5,0.5696560928776127,moving_average
32,s3_vlp_blocked,9.577016681956424,9.919176372465715,False,False,False,wifi_only,98,8.5,9.5,0.2245712237593462,moving_average
32,s3_vlp_blocked,9.577016681956424,9.919176372465715,False,False,False,vlp_only,99,9.5,9.5,0.9999999999010001,moving_average
32,s3_vlp_blocked,9.577016681956424,9.919176372465715,False,False,False,static_fusion,99,9.5,9.5,0.564006971113971,moving_average
33,s3_vlp_blocked,9.147990241252389,9.767587766470918,False,False,False,wifi_only,99,9.5,9.5,0.25303040873732174,moving_average
33,s3_vlp_blocked,9.147990241252389,9.767587766470918,False,False,False,vlp_only,99,9.5,9.5,0.9999999999010001,moving_average
33,s3_vlp_blocked,9.147990241252389,9.767587766470918,False,False,False,static_fusion,99,9.5,9.5,0.626515204319161,moving_average
34,s3_vlp_blocked,8.966209639861209,9.397254516581212,False,False,False,wifi_only,98,8.5,9.5,0.18980255590498407,moving_average
34,s3_vlp_blocked,8.966209639861209,9.397254516581212,False,False,False,vlp_only,99,9.5,9.5,0.9999999999010001,moving_average
34,s3_vlp_blocked,8.966209639861209,9.397254516581212,False,False,False,static_fusion,99,9.5,9.5,0.5739865021855739,moving_average
35,s3_vlp_blocked,8.92197380793632,9.185323746168985,False,False,False,wifi_only,98,8.5,9.5,0.21121791976612328,moving_average
35,s3_vlp_blocked,8.92197380793632,9.185323746168985,False,False,False,vlp_only,99,9.5,9.5,0.9999999999010001,moving_average
35,s3_vlp_blocked,8.92197380793632,9.185323746168985,False,False,False,static_fusion,99,9.5,9.5,0.571209848713332,moving_average
36,s3_vlp_blocked,8.914109042937588,8.939758011878457,False,False,False,wifi_only,98,8.5,9.5,0.1866116486928162,moving_average
36,s3_vlp_blocked,8.914109042937588,8.939758011878457,False,False,False,vlp_only,98,8.5,9.5,0.9973884857112066,moving_average
36,s3_vlp_blocked,8.914109042937588,8.939758011878457,False,False,False,static_fusion,98,8.5,9.5,0.5920000672020114,moving_average
37,s3_vlp_blocked,9.07928845907877,8.665910920697108,False,False,False,wifi_only,89,9.5,8.5,0.19925482237360262,moving_average
37,s3_vlp_blocked,9.07928845907877,8.665910920697108,False,False,False,vlp_only,98,8.5,9.5,0.9942946510021645,moving_average
37,s3_vlp_blocked,9.07928845907877,8.665910920697108,False,False,False,static_fusion,98,8.5,9.5,0.5664686429066015,moving_average
38,s3_vlp_blocked,9.268317079915311,8.479283196707053,False,False,False,wifi_only,89,9.5,8.5,0.16443739931108353,moving_average
38,s3_vlp_blocked,9.268317079915311,8.479283196707053,False,False,False,vlp_only,89,9.5,8.5,0.6667444931981382,moving_average
38,s3_vlp_blocked,9.268317079915311,8.479283196707053,False,False,False,static_fusion,89,9.5,8.5,0.4155909462546109,moving_average
39,s3_vlp_blocked,9.629151173072932,8.405680386891111,False,False,False,wifi_only,89,9.5,8.5,0.1558793974754351,moving_average
39,s3_vlp_blocked,9.629151173072932,8.405680386891111,False,False,False,vlp_only,89,9.5,8.5,0.9982301093358027,moving_average
39,s3_vlp_blocked,9.629151173072932,8.405680386891111,False,False,False,static_fusion,89,9.5,8.5,0.577054753405619,moving_average
40,s3_vlp_blocked,9.137911967096755,8.357214530377181,False,False,False,wifi_only,78,8.5,7.5,0.15679030604572508,moving_average
40,s3_vlp_blocked,9.137911967096755,8.357214530377181,False,False,False,vlp_only,89,9.5,8.5,0.9998692709691951,moving_average
40,s3_vlp_blocked,9.137911967096755,8.357214530377181,False,False,False,static_fusion,89,9.5,8.5,0.5646591164878436,moving_average
41,s3_vlp_blocked,8.850804346095984,8.419767971950433,False,False,False,wifi_only,88,8.5,8.5,0.18677547521423532,moving_average
41,s3_vlp_blocked,8.850804346095984,8.419767971950433,False,False,False,vlp_only,89,9.5,8.5,0.9999995773357696,moving_average
41,s3_vlp_blocked,8.850804346095984,8.419767971950433,False,False,False,static_fusion,89,9.5,8.5,0.5486434369220012,moving_average
42,s3_vlp_blocked,8.608468710412893,8.558343031691317,False,False,False,wifi_only,88,8.5,8.5,0.16510050353378022,moving_average
42,s3_vlp_blocked,8.608468710412893,8.558343031691317,False,False,False,vlp_only,89,9.5,8.5,0.9999769008264634,moving_average
42,s3_vlp_blocked,8.608468710412893,8.558343031691317,False,False,False,static_fusion,89,9.5,8.5,0.5264496864691565,moving_average
43,s3_vlp_blocked,8.31237088540844,8.610789569269624,False,False,False,wifi_only,88,8.5,8.5,0.15692072822492803,moving_average
43,s3_vlp_blocked,8.31237088540844,8.610789569269624,False,False,False,vlp_only,88,8.5,8.5,0.999999999855868,moving_average
43,s3_vlp_blocked,8.31237088540844,8.610789569269624,False,False,False,static_fusion,88,8.5,8.5,0.5784603640403981,moving_average
44,s3_vlp_blocked,7.876973615803656,8.676310108296393,False,False,False,wifi_only,88,8.5,8.5,0.1644442761985747,moving_average
44,s3_vlp_blocked,7.876973615803656,8.676310108296393,False,False,False,vlp_only,88,8.5,8.5,0.9999999998596556,moving_average
44,s3_vlp_blocked,7.876973615803656,8.676310108296393,False,False,False,static_fusion,88,8.5,8.5,0.5822221380291152,moving_average
45,s3_vlp_blocked,7.69864374306643,8.764902399912266,False,True,False,wifi_only,87,7.5,8.5,0.17169477045773535,moving_average
45,s3_vlp_blocked,7.69864374306643,8.764902399912266,False,True,False,vlp_only,88,8.5,8.5,0.9999999997603404,moving_average
45,s3_vlp_blocked,7.69864374306643,8.764902399912266,False,True,False,static_fusion,88,8.5,8.5,0.5494817757365971,moving_average
46,s3_vlp_blocked,7.492119654821085,8.780131979271454,False,True,False,wifi_only,87,7.5,8.5,0.17169836528412774,moving_average
46,s3_vlp_blocked,7.492119654821085,8.780131979271454,False,True,False,vlp_only,88,8.5,8.5,0.9999999999010001,moving_average
46,s3_vlp_blocked,7.492119654821085,8.780131979271454,False,True,False,static_fusion,88,8.5,8.5,0.5277323930745687,moving_average
47,s3_vlp_blocked,7.191471021360378,8.723132508528103,False,True,False,wifi_only,87,7.5,8.5,0.17329871248245468,moving_average
47,s3_vlp_blocked,7.191471021360378,8.723132508528103,False,True,False,vlp_only,88,8.5,8.5,0.9999999999010001,moving_average
47,s3_vlp_blocked,7.191471021360378,8.723132508528103,False,True,False,static_fusion,88,8.5,8.5,0.5297794572736204,moving_average
48,s3_vlp_blocked,6.992004119632241,8.748418280606632,False,True,False,wifi_only,87,7.5,8.5,0.16584227689135408,moving_average
48,s3_vlp_blocked,6.992004119632241,8.748418280606632,False,True,False,vlp_only,88,8.5,8.5,0.9999999999010001,moving_average
48,s3_vlp_blocked,6.992004119632241,8.748418280606632,False,True,False,static_fusion,88,8.5,8.5,0.5150299201275848,moving_average
49,s3_vlp_blocked,6.846275017181253,8.922858028731762,False,True,False,wifi_only,87,7.5,8.5,0.1211352979021412,moving_average
49,s3_vlp_blocked,6.846275017181253,8.922858028731762,False,True,False,vlp_only,88,8.5,8.5,0.9999999999010001,moving_average
49,s3_vlp_blocked,6.846275017181253,8.922858028731762,False,True,False,static_fusion,88,8.5,8.5,0.5053388042579261,moving_average
50,s3_vlp_blocked,6.689596236262092,9.105068122957537,False,True,False,wifi_only,76,6.5,7.5,0.17342607185489378,moving_average
50,s3_vlp_blocked,6.689596236262092,9.105068122957537,False,True,False,vlp_only,98,8.5,9.5,0.999999999382612,moving_average
50,s3_vlp_blocked,6.689596236262092,9.105068122957537,False,True,False,static_fusion,98,8.5,9.5,0.5021286578810249,moving_average
51,s3_vlp_blocked,6.651524336471364,9.303485813902295,False,True,False,wifi_only,76,6.5,7.5,0.15259876014048102,moving_average
51,s3_vlp_blocked,6.651524336471364,9.303485813902295,False,True,False,vlp_only,97,7.5,9.5,0.9965700903005688,moving_average
51,s3_vlp_blocked,6.651524336471364,9.303485813902295,False,True,False,static_fusion,97,7.5,9.5,0.5521596592432805,moving_average
52,s3_vlp_blocked,6.511030711247975,9.630572115899897,False,True,False,wifi_only,86,6.5,8.5,0.14814495229828695,moving_average
52,s3_vlp_blocked,6.511030711247975,9.630572115899897,False,True,False,vlp_only,97,7.5,9.5,0.9999999999010001,moving_average
52,s3_vlp_blocked,6.511030711247975,9.630572115899897,False,True,False,static_fusion,97,7.5,9.5,0.5425466900292492,moving_average
53,s3_vlp_blocked,6.420605168362592,9.834308948608536,False,True,False,wifi_only,96,6.5,9.5,0.17394376118240826,moving_average
53,s3_vlp_blocked,6.420605168362592,9.834308948608536,False,True,False,vlp_only,99,9.5,9.5,0.9999999999010001,moving_average
53,s3_vlp_blocked,6.420605168362592,9.834308948608536,False,True,False,static_fusion,99,9.5,9.5,0.500029091011752,moving_average
54,s3_vlp_blocked,6.482295444389094,9.655075180886994,False,True,False,wifi_only,96,6.5,9.5,0.19389898950175363,moving_average
54,s3_vlp_blocked,6.482295444389094,9.655075180886994,False,True,False,vlp_only,96,6.5,9.5,0.9999999999010001,moving_average
54,s3_vlp_blocked,6.482295444389094,9.655075180886994,False,True,False,static_fusion,96,6.5,9.5,0.5969494947013767,moving_average
55,s3_vlp_blocked,6.562363950563185,9.549970952544058,False,True,False,wifi_only,96,6.5,9.5,0.1805949599813553,moving_average
55,s3_vlp_blocked,6.562363950563185,9.549970952544058,False,True,False,vlp_only,96,6.5,9.5,0.9999999999010001,moving_average
55,s3_vlp_blocked,6.562363950563185,9.549970952544058,False,True,False,static_fusion,96,6.5,9.5,0.5902974799411776,moving_average
56,s3_vlp_blocked,6.608994574111493,9.255964739086862,False,True,False,wifi_only,96,6.5,9.5,0.2539853269788664,moving_average
56,s3_vlp_blocked,6.608994574111493,9.255964739086862,False,True,False,vlp_only,99,9.5,9.5,0.9999999784513696,moving_average
56,s3_vlp_blocked,6.608994574111493,9.255964739086862,False,True,False,static_fusion,99,9.5,9.5,0.5000034667500128,moving_average
57,s3_vlp_blocked,6.638238185227195,8.788984466893778,False,True,False,wifi_only,96,6.5,9.5,0.22826532450772485,moving_average
57,s3_vlp_blocked,6.638238185227195,8.788984466893778,False,True,False,vlp_only,99,9.5,9.5,0.9999999999010001,moving_average
57,s3_vlp_blocked,6.638238185227195,8.788984466893778,False,True,False,static_fusion,99,9.5,9.5,0.5000008610550819,moving_average
58,s3_vlp_blocked,6.715833516903254,8.506019535638835,False,True,False,wifi_only,96,6.5,9.5,0.29650291622412567,moving_average
58,s3_vlp_blocked,6.715833516903254,8.506019535638835,False,True,False,vlp_only,99,9.5,9.5,0.9999999999010001,moving_average
58,s3_vlp_blocked,6.715833516903254,8.506019535638835,False,True,False,static_fusion,99,9.5,9.5,0.5000010339470906,moving_average
59,s3_vlp_blocked,6.712650009001855,8.176417392861678,False,True,False,wifi_only,96,6.5,9.5,0.29372472816227213,moving_average
59,s3_vlp_blocked,6.712650009001855,8.176417392861678,False,True,False,vlp_only,99,9.5,9.5,0.9999999999010001,moving_average
59,s3_vlp_blocked,6.712650009001855,8.176417392861678,False,True,False,static_fusion,99,9.5,9.5,0.5000030071996954,moving_average
60,s3_vlp_blocked,6.866771266170202,7.830791223796943,False,True,False,wifi_only,96,6.5,9.5,0.15276389525181966,moving_average
60,s3_vlp_blocked,6.866771266170202,7.830791223796943,False,True,False,vlp_only,99,9.5,9.5,0.9999999999010001,moving_average
60,s3_vlp_blocked,6.866771266170202,7.830791223796943,False,True,False,static_fusion,99,9.5,9.5,0.5000505608946445,moving_average
61,s3_vlp_blocked,6.935196676516079,7.575933102373101,False,False,False,wifi_only,87,7.5,8.5,0.12056622616349802,moving_average
61,s3_vlp_blocked,6.935196676516079,7.575933102373101,False,False,False,vlp_only,99,9.5,9.5,0.9999999999010001,moving_average
61,s3_vlp_blocked,6.935196676516079,7.575933102373101,False,False,False,static_fusion,99,9.5,9.5,0.5000705821224567,moving_average
62,s3_vlp_blocked,6.925151254140051,7.098088212920689,False,False,False,wifi_only,87,7.5,8.5,0.1711389681117005,moving_average
62,s3_vlp_blocked,6.925151254140051,7.098088212920689,False,False,False,vlp_only,99,9.5,9.5,0.9999999999010001,moving_average
62,s3_vlp_blocked,6.925151254140051,7.098088212920689,False,False,False,static_fusion,99,9.5,9.5,0.5006539099869407,moving_average
63,s3_vlp_blocked,6.9536901632065256,6.989777604364947,False,False,False,wifi_only,87,7.5,8.5,0.11173066809750226,moving_average
63,s3_vlp_blocked,6.9536901632065256,6.989777604364947,False,False,False,vlp_only,66,6.5,6.5,0.9999998840203527,moving_average
63,s3_vlp_blocked,6.9536901632065256,6.989777604364947,False,False,False,static_fusion,66,6.5,6.5,0.5344695620805582,moving_average
64,s3_vlp_blocked,6.966708536003405,6.623992067365702,False,False,False,wifi_only,66,6.5,6.5,0.09439672288643275,moving_average
64,s3_vlp_blocked,6.966708536003405,6.623992067365702,False,False,False,vlp_only,76,6.5,7.5,0.9999999999010001,moving_average
64,s3_vlp_blocked,6.966708536003405,6.623992067365702,False,False,False,static_fusion,76,6.5,7.5,0.5200863622015447,moving_average
65,s3_vlp_blocked,7.006265988225517,6.167924934295798,False,False,False,wifi_only,66,6.5,6.5,0.12014632334388405,moving_average
65,s3_vlp_blocked,7.006265988225517,6.167924934295798,False,False,False,vlp_only,67,7.5,6.5,0.9999999999010001,moving_average
65,s3_vlp_blocked,7.006265988225517,6.167924934295798,False,False,False,static_fusion,67,7.5,6.5,0.5461823590180527,moving_average
66,s3_vlp_blocked,7.195573035758812,5.900698987196131,False,False,False,wifi_only,67,7.5,6.5,0.118046920270375,moving_average
66,s3_vlp_blocked,7.195573035758812,5.900698987196131,False,False,False,vlp_only,67,7.5,6.5,0.9999999999010001,moving_average
66,s3_vlp_blocked,7.195573035758812,5.900698987196131,False,False,False,static_fusion,67,7.5,6.5,0.5590234600856876,moving_average
67,s3_vlp_blocked,7.214622128011173,5.480629494443392,False,False,False,wifi_only,55,5.5,5.5,0.12902866084527895,moving_average
67,s3_vlp_blocked,7.214622128011173,5.480629494443392,False,False,False,vlp_only,66,6.5,6.5,0.9999999999010001,moving_average
67,s3_vlp_blocked,7.214622128011173,5.480629494443392,False,False,False,static_fusion,66,6.5,6.5,0.5471063102011209,moving_average
68,s3_vlp_blocked,7.224596969394833,5.365365355851328,False,False,False,wifi_only,56,6.5,5.5,0.16021082522398108,moving_average
68,s3_vlp_blocked,7.224596969394833,5.365365355851328,False,False,False,vlp_only,66,6.5,6.5,0.8936424632805047,moving_average
68,s3_vlp_blocked,7.224596969394833,5.365365355851328,False,False,False,static_fusion,66,6.5,6.5,0.478658740237312,moving_average
69,s3_vlp_blocked,7.3987606078939105,4.973012310374174,False,False,False,wifi_only,57,7.5,5.5,0.14895149094673213,moving_average
69,s3_vlp_blocked,7.3987606078939105,4.973012310374174,False,False,False,vlp_only,57,7.5,5.5,0.9999999999010002,moving_average
69,s3_vlp_blocked,7.3987606078939105,4.973012310374174,False,False,False,static_fusion,57,7.5,5.5,0.5744757454238661,moving_average
70,s3_vlp_blocked,7.635914401899096,4.715226258016342,False,False,False,wifi_only,57,7.5,5.5,0.13835822273274828,moving_average
70,s3_vlp_blocked,7.635914401899096,4.715226258016342,False,False,False,vlp_only,57,7.5,5.5,0.9999999999010002,moving_average
70,s3_vlp_blocked,7.635914401899096,4.715226258016342,False,False,False,static_fusion,57,7.5,5.5,0.569179111316874,moving_average
71,s3_vlp_blocked,7.871357392106725,4.543524489496297,False,False,False,wifi_only,57,7.5,5.5,0.14781525053257713,moving_average
71,s3_vlp_blocked,7.871357392106725,4.543524489496297,False,False,False,vlp_only,47,7.5,4.5,0.8330556734866639,moving_average
71,s3_vlp_blocked,7.871357392106725,4.543524489496297,False,False,False,static_fusion,47,7.5,4.5,0.45277849126390407,moving_average
72,s3_vlp_blocked,8.272955973874682,4.373796974104669,False,False,False,wifi_only,58,8.5,5.5,0.17260078612503005,moving_average
72,s3_vlp_blocked,8.272955973874682,4.373796974104669,False,False,False,vlp_only,47,7.5,4.5,0.9999999811253927,moving_average
72,s3_vlp_blocked,8.272955973874682,4.373796974104669,False,False,False,static_fusion,47,7.5,4.5,0.5531963808232602,moving_average
73,s3_vlp_blocked,8.62151579149036,4.028494957379147,False,False,False,wifi_only,48,8.5,4.5,0.162018065092719,moving_average
73,s3_vlp_blocked,8.62151579149036,4.028494957379147,False,False,False,vlp_only,47,7.5,4.5,0.9949196206897126,moving_average
73,s3_vlp_blocked,8.62151579149036,4.028494957379147,False,False,False,static_fusion,47,7.5,4.5,0.5569741112801325,moving_average
74,s3_vlp_blocked,8.748435457425892,3.685738487590071,False,False,False,wifi_only,48,8.5,4.5,0.17331368885664442,moving_average
74,s3_vlp_blocked,8.748435457425892,3.685738487590071,False,False,False,vlp_only,48,8.5,4.5,0.9853862155606853,moving_average
74,s3_vlp_blocked,8.748435457425892,3.685738487590071,False,False,False,static_fusion,48,8.5,4.5,0.5793499522086648,moving_average
75,s3_vlp_blocked,8.835085190139699,3.5526052200138745,False,True,False,wifi_only,49,9.5,4.5,0.21606024903052126,moving_average
75,s3_vlp_blocked,8.835085190139699,3.5526052200138745,False,True,False,vlp_only,39,9.5,3.5,0.9999999999010002,moving_average
75,s3_vlp_blocked,8.835085190139699,3.5526052200138745,False,True,False,static_fusion,39,9.5,3.5,0.5716218961375947,moving_average
76,s3_vlp_blocked,8.909093693609096,3.3558416683741257,False,True,False,wifi_only,49,9.5,4.5,0.23114919086653174,moving_average
76,s3_vlp_blocked,8.909093693609096,3.3558416683741257,False,True,False,vlp_only,39,9.5,3.5,0.9999999999010002,moving_average
76,s3_vlp_blocked,8.909093693609096,3.3558416683741257,False,True,False,static_fusion,39,9.5,3.5,0.6042146889360946,moving_average
77,s3_vlp_blocked,9.099711473119482,3.177715842546163,False,True,False,wifi_only,39,9.5,3.5,0.21730285972996158,moving_average
77,s3_vlp_blocked,9.099711473119482,3.177715842546163,False,True,False,vlp_only,39,9.5,3.5,0.9999999999010002,moving_average
77,s3_vlp_blocked,9.099711473119482,3.177715842546163,False,True,False,static_fusion,39,9.5,3.5,0.6086514298154809,moving_average
78,s3_vlp_blocked,9.333851006911315,2.7984046692967013,False,True,False,wifi_only,39,9.5,3.5,0.2831159535664534,moving_average
78,s3_vlp_blocked,9.333851006911315,2.7984046692967013,False,True,False,vlp_only,39,9.5,3.5,0.9999999999010002,moving_average
78,s3_vlp_blocked,9.333851006911315,2.7984046692967013,False,True,False,static_fusion,39,9.5,3.5,0.6415579767337266,moving_average
79,s3_vlp_blocked,9.466292753776418,2.334363853065204,False,True,False,wifi_only,39,9.5,3.5,0.2480364655160349,moving_average
79,s3_vlp_blocked,9.466292753776418,2.334363853065204,False,True,False,vlp_only,39,9.5,3.5,0.9999999999010002,moving_average
79,s3_vlp_blocked,9.466292753776418,2.334363853065204,False,True,False,static_fusion,39,9.5,3.5,0.6240182327085175,moving_average
80,s3_vlp_blocked,9.611899936659418,2.123312718823533,False,True,False,wifi_only,29,9.5,2.5,0.2502884850787708,moving_average
80,s3_vlp_blocked,9.611899936659418,2.123312718823533,False,True,False,vlp_only,9,9.5,0.5,0.9994830364611111,moving_average
80,s3_vlp_blocked,9.611899936659418,2.123312718823533,False,True,False,static_fusion,9,9.5,0.5,0.49974305230142496,moving_average
81,s3_vlp_blocked,9.858322040787618,1.7145087247330029,False,True,False,wifi_only,29,9.5,2.5,0.32947117467249565,moving_average
81,s3_vlp_blocked,9.858322040787618,1.7145087247330029,False,True,False,vlp_only,9,9.5,0.5,0.9999999999010003,moving_average
81,s3_vlp_blocked,9.858322040787618,1.7145087247330029,False,True,False,static_fusion,9,9.5,0.5,0.5000493991148292,moving_average
82,s3_vlp_blocked,9.758809756481527,1.8587665766892736,False,True,False,wifi_only,29,9.5,2.5,0.47834510113163736,moving_average
82,s3_vlp_blocked,9.758809756481527,1.8587665766892736,False,True,False,vlp_only,9,9.5,0.5,0.9999999999010003,moving_average
82,s3_vlp_blocked,9.758809756481527,1.8587665766892736,False,True,False,static_fusion,9,9.5,0.5,0.502109677288828,moving_average
83,s3_vlp_blocked,9.674741536762076,1.980219721792202,False,True,False,wifi_only,29,9.5,2.5,0.5129378659939922,moving_average
83,s3_vlp_blocked,9.674741536762076,1.980219721792202,False,True,False,vlp_only,9,9.5,0.5,0.9999999999010003,moving_average
83,s3_vlp_blocked,9.674741536762076,1.980219721792202,False,True,False,static_fusion,9,9.5,0.5,0.5049381753913759,moving_average
84,s3_vlp_blocked,9.543539060630476,2.38811292843674,False,True,False,wifi_only,29,9.5,2.5,0.49645235850210057,moving_average
84,s3_vlp_blocked,9.543539060630476,2.38811292843674,False,True,False,vlp_only,9,9.5,0.5,0.9999999999010003,moving_average
84,s3_vlp_blocked,9.543539060630476,2.38811292843674,False,True,False,static_fusion,9,9.5,0.5,0.5155146833847374,moving_average
85,s3_vlp_blocked,9.538461254265044,2.548657706440192,False,True,False,wifi_only,29,9.5,2.5,0.540114378533956,moving_average
85,s3_vlp_blocked,9.538461254265044,2.548657706440192,False,True,False,vlp_only,9,9.5,0.5,0.9999999999010003,moving_average
85,s3_vlp_blocked,9.538461254265044,2.548657706440192,False,True,False,static_fusion,9,9.5,0.5,0.509975406732421,moving_average
86,s3_vlp_blocked,9.544593459510066,2.7077556794947983,False,False,False,wifi_only,29,9.5,2.5,0.5188526799007019,moving_average
86,s3_vlp_blocked,9.544593459510066,2.7077556794947983,False,False,False,vlp_only,9,9.5,0.5,0.9999999999010003,moving_average
86,s3_vlp_blocked,9.544593459510066,2.7077556794947983,False,False,False,static_fusion,9,9.5,0.5,0.5082965875296871,moving_average
87,s3_vlp_blocked,9.633379023943917,3.061085408030138,False,False,False,wifi_only,29,9.5,2.5,0.39956107150199904,moving_average
87,s3_vlp_blocked,9.633379023943917,3.061085408030138,False,False,False,vlp_only,9,9.5,0.5,0.9999999998888545,moving_average
87,s3_vlp_blocked,9.633379023943917,3.061085408030138,False,False,False,static_fusion,9,9.5,0.5,0.5006671080092784,moving_average
88,s3_vlp_blocked,9.752600157839524,3.198956190033732,False,False,False,wifi_only,28,8.5,2.5,0.29550871252371724,moving_average
88,s3_vlp_blocked,9.752600157839524,3.198956190033732,False,False,False,vlp_only,39,9.5,3.5,0.9999999924238666,moving_average
88,s3_vlp_blocked,9.752600157839524,3.198956190033732,False,False,False,static_fusion,39,9.5,3.5,0.5148891217960597,moving_average
89,s3_vlp_blocked,9.40578903862998,2.8552477628804214,False,False,False,wifi_only,29,9.5,2.5,0.31049554182871303,moving_average
89,s3_vlp_blocked,9.40578903862998,2.8552477628804214,False,False,False,vlp_only,39,9.5,3.5,0.9999999999010002,moving_average
89,s3_vlp_blocked,9.40578903862998,2.8552477628804214,False,False,False,static_fusion,39,9.5,3.5,0.5212659642097756,moving_average
90,s3_vlp_blocked,9.127964250423506,2.698331211248074,False,False,False,wifi_only,27,7.5,2.5,0.2030895912653733,moving_average
90,s3_vlp_blocked,9.127964250423506,2.698331211248074,False,False,False,vlp_only,29,9.5,2.5,0.9999999999010002,moving_average
90,s3_vlp_blocked,9.127964250423506,2.698331211248074,False,False,False,static_fusion,29,9.5,2.5,0.562682078221806,moving_average
91,s3_vlp_blocked,8.800406594259712,2.6051004251712406,False,False,False,wifi_only,27,7.5,2.5,0.21710752568282204,moving_average
91,s3_vlp_blocked,8.800406594259712,2.6051004251712406,False,False,False,vlp_only,29,9.5,2.5,0.9999999999010002,moving_average
91,s3_vlp_blocked,8.800406594259712,2.6051004251712406,False,False,False,static_fusion,29,9.5,2.5,0.5362134178910578,moving_average
92,s3_vlp_blocked,8.550281299097398,2.456641319624944,False,False,False,wifi_only,27,7.5,2.5,0.22886087899568527,moving_average
92,s3_vlp_blocked,8.550281299097398,2.456641319624944,False,False,False,vlp_only,29,9.5,2.5,0.9999999999010002,moving_average
92,s3_vlp_blocked,8.550281299097398,2.456641319624944,False,False,False,static_fusion,29,9.5,2.5,0.5343558151581842,moving_average
93,s3_vlp_blocked,8.206258987477604,2.220074095586588,False,False,False,wifi_only,7,7.5,0.5,0.17770152172227585,moving_average
93,s3_vlp_blocked,8.206258987477604,2.220074095586588,False,False,False,vlp_only,28,8.5,2.5,0.9999999998808429,moving_average
93,s3_vlp_blocked,8.206258987477604,2.220074095586588,False,False,False,static_fusion,28,8.5,2.5,0.567542484525539,moving_average
94,s3_vlp_blocked,7.989681515495209,2.1664204126445497,False,False,False,wifi_only,27,7.5,2.5,0.21682718535120407,moving_average
94,s3_vlp_blocked,7.989681515495209,2.1664204126445497,False,False,False,vlp_only,28,8.5,2.5,0.9999999972112105,moving_average
94,s3_vlp_blocked,7.989681515495209,2.1664204126445497,False,False,False,static_fusion,28,8.5,2.5,0.5643532536766889,moving_average
95,s3_vlp_blocked,7.820856477729749,2.216688844603764,False,False,False,wifi_only,27,7.5,2.5,0.19169867200886068,moving_average
95,s3_vlp_blocked,7.820856477729749,2.216688844603764,False,False,False,vlp_only,28,8.5,2.5,0.999999882274506,moving_average
95,s3_vlp_blocked,7.820856477729749,2.216688844603764,False,False,False,static_fusion,28,8.5,2.5,0.5952333835961625,moving_average
96,s3_vlp_blocked,7.438849577500529,2.091977264871964,False,False,False,wifi_only,27,7.5,2.5,0.2435282217070198,moving_average
96,s3_vlp_blocked,7.438849577500529,2.091977264871964,False,False,False,vlp_only,28,8.5,2.5,0.9996609391061142,moving_average
96,s3_vlp_blocked,7.438849577500529,2.091977264871964,False,False,False,static_fusion,28,8.5,2.5,0.5592847152882658,moving_average
97,s3_vlp_blocked,7.303823403549243,2.032738937171799,False,False,False,wifi_only,27,7.5,2.5,0.2591093116464154,moving_average
97,s3_vlp_blocked,7.303823403549243,2.032738937171799,False,False,False,vlp_only,27,7.5,2.5,0.990712531156684,moving_average
97,s3_vlp_blocked,7.303823403549243,2.032738937171799,False,False,False,static_fusion,27,7.5,2.5,0.6249109214015497,moving_average
98,s3_vlp_blocked,7.052510845305025,1.9258529473001484,False,False,False,wifi_only,27,7.5,2.5,0.2783123030927561,moving_average
98,s3_vlp_blocked,7.052510845305025,1.9258529473001484,False,False,False,vlp_only,27,7.5,2.5,0.9997721515518956,moving_average
98,s3_vlp_blocked,7.052510845305025,1.9258529473001484,False,False,False,static_fusion,27,7.5,2.5,0.6390422273223259,moving_average
99,s3_vlp_blocked,6.623312112175848,1.726390708485309,False,False,False,wifi_only,27,7.5,2.5,0.27137713864637536,moving_average
99,s3_vlp_blocked,6.623312112175848,1.726390708485309,False,False,False,vlp_only,27,7.5,2.5,0.8133855220915451,moving_average
99,s3_vlp_blocked,6.623312112175848,1.726390708485309,False,False,False,static_fusion,27,7.5,2.5,0.5423813303689602,moving_average
0,s3_vlp_blocked,7.708518498956285,6.537185189018777,False,False,False,wifi_only,67,7.5,6.5,0.1656293765629313,median
0,s3_vlp_blocked,7.708518498956285,6.537185189018777,False,False,False,vlp_only,67,7.5,6.5,0.9999995323037881,median
0,s3_vlp_blocked,7.708518498956285,6.537185189018777,False,False,False,static_fusion,67,7.5,6.5,0.5828144544333597,median
1,s3_vlp_blocked,7.762228944549189,6.781375783910273,False,False,False,wifi_only,58,8.5,5.5,0.15415223222876023,median
1,s3_vlp_blocked,7.762228944549189,6.781375783910273,False,False,False,vlp_only,67,7.5,6.5,0.9999647588158953,median
1,s3_vlp_blocked,7.762228944549189,6.781375783910273,False,False,False,static_fusion,67,7.5,6.5,0.5305068411622835,median
2,s3_vlp_blocked,7.839130958677583,7.167874595498286,False,False,False,wifi_only,68,8.5,6.5,0.1674056892531769,median
2,s3_vlp_blocked,7.839130958677583,7.167874595498286,False,False,False,vlp_only,67,7.5,6.5,0.9999658265347846,median
2,s3_vlp_blocked,7.839130958677583,7.167874595498286,False,False,False,static_fusion,67,7.5,6.5,0.5539155482935465,median
3,s3_vlp_blocked,7.94346543019908,7.5103051184045535,False,False,False,wifi_only,68,8.5,6.5,0.15009795813300508,median
3,s3_vlp_blocked,7.94346543019908,7.5103051184045535,False,False,False,vlp_only,77,7.5,7.5,0.9999335727622229,median
3,s3_vlp_blocked,7.94346543019908,7.5103051184045535,False,False,False,static_fusion,77,7.5,7.5,0.5234293186325236,median
4,s3_vlp_blocked,7.999186140694022,7.623886621271602,False,False,False,wifi_only,67,7.5,6.5,0.15794152597577105,median
4,s3_vlp_blocked,7.999186140694022,7.623886621271602,False,False,False,vlp_only,77,7.5,7.5,0.9998176092182085,median
4,s3_vlp_blocked,7.999186140694022,7.623886621271602,False,False,False,static_fusion,77,7.5,7.5,0.5410286885759477,median
5,s3_vlp_blocked,8.226562675373907,7.955827377167044,False,False,False,wifi_only,68,8.5,6.5,0.1579822004396152,median
5,s3_vlp_blocked,8.226562675373907,7.955827377167044,False,False,False,vlp_only,77,7.5,7.5,0.6841032580902822,median
5,s3_vlp_blocked,8.226562675373907,7.955827377167044,False,False,False,static_fusion,77,7.5,7.5,0.358291058972515,median
6,s3_vlp_blocked,8.280648608306477,8.135508799595996,False,False,False,wifi_only,67,7.5,6.5,0.14650855861454437,median
6,s3_vlp_blocked,8.280648608306477,8.135508799595996,False,False,False,vlp_only,78,8.5,7.5,0.6121201926843335,median
6,s3_vlp_blocked,8.280648608306477,8.135508799595996,False,False,False,static_fusion,78,8.5,7.5,0.37549442259651106,median
7,s3_vlp_blocked,8.426531854440203,8.334139776009467,False,False,False,wifi_only,78,8.5,7.5,0.15871507162717188,median
7,s3_vlp_blocked,8.426531854440203,8.334139776009467,False,False,False,vlp_only,88,8.5,8.5,0.9702100150091175,median
7,s3_vlp_blocked,8.426531854440203,8.334139776009467,False,False,False,static_fusion,88,8.5,8.5,0.5547068898212639,median
8,s3_vlp_blocked,8.640813839766498,8.694587576233882,False,False,False,wifi_only,88,8.5,8.5,0.15764995701608633,median
8,s3_vlp_blocked,8.640813839766498,8.694587576233882,False,False,False,vlp_only,88,8.5,8.5,0.9999846665239808,median
8,s3_vlp_blocked,8.640813839766498,8.694587576233882,False,False,False,static_fusion,88,8.5,8.5,0.5788173117700336,median
9,s3_vlp_blocked,8.773434572913224,8.991156753090223,False,False,False,wifi_only,79,9.5,7.5,0.1463749669845631,median
9,s3_vlp_blocked,8.773434572913224,8.991156753090223,False,False,False,vlp_only,88,8.5,8.5,0.9999999992737455,median
9,s3_vlp_blocked,8.773434572913224,8.991156753090223,False,False,False,static_fusion,88,8.5,8.5,0.5457024192747615,median
10,s3_vlp_blocked,8.969081214365445,9.315966535180728,False,False,False,wifi_only,78,8.5,7.5,0.1489176918238831,median
10,s3_vlp_blocked,8.969081214365445,9.315966535180728,False,False,False,vlp_only,88,8.5,8.5,0.9999999998854231,median
10,s3_vlp_blocked,8.969081214365445,9.315966535180728,False,False,False,static_fusion,88,8.5,8.5,0.5717409434671381,median
11,s3_vlp_blocked,9.158262661443551,9.76651178862036,False,False,False,wifi_only,88,8.5,8.5,0.167703710821992,median
11,s3_vlp_blocked,9.158262661443551,9.76651178862036,False,False,False,vlp_only,98,8.5,9.5,0.9955601443599454,median
11,s3_vlp_blocked,9.158262661443551,9.76651178862036,False,False,False,static_fusion,98,8.5,9.5,0.5668461982646402,median
12,s3_vlp_blocked,9.226935916965898,9.928675601070118,False,False,False,wifi_only,88,8.5,8.5,0.16697018134686048,median
12,s3_vlp_blocked,9.226935916965898,9.928675601070118,False,False,False,vlp_only,98,8.5,9.5,0.972019285466535,median
12,s3_vlp_blocked,9.226935916965898,9.928675601070118,False,False,False,static_fusion,98,8.5,9.5,0.560040395142106,median
13,s3_vlp_blocked,9.28457534064934,9.54739973958025,False,False,False,wifi_only,99,9.5,9.5,0.2387777780645257,median
13,s3_vlp_blocked,9.28457534064934,9.54739973958025,False,False,False,vlp_only,99,9.5,9.5,0.9999999999010001,median
13,s3_vlp_blocked,9.28457534064934,9.54739973958025,False,False,False,static_fusion,99,9.5,9.5,0.6193888889827629,median
14,s3_vlp_blocked,9.55154708556551,9.187880405968292,False,False,False,wifi_only,99,9.5,9.5,0.26152941163265786,median
14,s3_vlp_blocked,9.55154708556551,9.187880405968292,False,False,False,vlp_only,99,9.5,9.5,0.9999999999010001,median
14,s3_vlp_blocked,9.55154708556551,9.187880405968292,False,False,False,static_fusion,99,9.5,9.5,0.630764705766829,median
15,s3_vlp_blocked,9.66616567574389,8.964158259736895,False,True,False,wifi_only,89,9.5,8.5,0.23818339544489944,median
15,s3_vlp_blocked,9.66616567574389,8.964158259736895,False,True,False,vlp_only,99,9.5,9.5,0.9999999999010001,median
15,s3_vlp_blocked,9.66616567574389,8.964158259736895,False,True,False,static_fusion,99,9.5,9.5,0.6165044185461586,median
16,s3_vlp_blocked,9.783739284953958,8.603729760291959,False,True,False,wifi_only,89,9.5,8.5,0.2551714488138885,median
16,s3_vlp_blocked,9.783739284953958,8.603729760291959,False,True,False,vlp_only,99,9.5,9.5,0.9999999999010001,median
16,s3_vlp_blocked,9.783739284953958,8.603729760291959,False,True,False,static_fusion,99,9.5,9.5,0.6269132196870184,median
17,s3_vlp_blocked,9.816728934060924,8.290196131329282,False,True,False,wifi_only,89,9.5,8.5,0.23892886666090254,median
17,s3_vlp_blocked,9.816728934060924,8.290196131329282,False,True,False,vlp_only,99,9.5,9.5,0.9999999999010001,median
17,s3_vlp_blocked,9.816728934060924,8.290196131329282,False,True,False,static_fusion,99,9.5,9.5,0.5935368280081227,median
18,s3_vlp_blocked,9.898369940505676,8.170920930516099,False,True,False,wifi_only,89,9.5,8.5,0.23850065634894516,median
18,s3_vlp_blocked,9.898369940505676,8.170920930516099,False,True,False,vlp_only,99,9.5,9.5,0.9999999999010001,median
18,s3_vlp_blocked,9.898369940505676,8.170920930516099,False,True,False,static_fusion,99,9.5,9.5,0.5933691905230342,median
19,s3_vlp_blocked,9.760036529571131,8.31653053319644,False,True,False,wifi_only,89,9.5,8.5,0.23954136435392406,median
19,s3_vlp_blocked,9.760036529571131,8.31653053319644,False,True,False,vlp_only,99,9.5,9.5,0.9999999999010001,median
19,s3_vlp_blocked,9.760036529571131,8.31653053319644,False,True,False,static_fusion,99,9.5,9.5,0.6056655556295342,median
20,s3_vlp_blocked,9.637633694040824,8.49751598572513,False,True,False,wifi_only,89,9.5,8.5,0.23826008969426551,median
20,s3_vlp_blocked,9.637633694040824,8.49751598572513,False,True,False,vlp_only,99,9.5,9.5,0.9999999999010001,median
20,s3_vlp_blocked,9.637633694040824,8.49751598572513,False,True,False,static_fusion,99,9.5,9.5,0.6043631430521063,median
21,s3_vlp_blocked,9.488164788775736,8.737066335022115,False,True,False,wifi_only,79,9.5,7.5,0.21663412009652713,median
21,s3_vlp_blocked,9.488164788775736,8.737066335022115,False,True,False,vlp_only,99,9.5,9.5,0.9999999384638606,median
21,s3_vlp_blocked,9.488164788775736,8.737066335022115,False,True,False,static_fusion,99,9.5,9.5,0.5487077790573277,median
22,s3_vlp_blocked,9.401483371555605,8.971936242221727,False,True,False,wifi_only,89,9.5,8.5,0.22197456323544892,median
22,s3_vlp_blocked,9.401483371555605,8.971936242221727,False,True,False,vlp_only,89,9.5,8.5,0.9999964096758572,median
22,s3_vlp_blocked,9.401483371555605,8.971936242221727,False,True,False,static_fusion,89,9.5,8.5,0.610985486455653,median
23,s3_vlp_blocked,9.373588623793506,9.260353868533857,False,True,False,wifi_only,89,9.5,8.5,0.2041175572430778,median
23,s3_vlp_blocked,9.373588623793506,9.260353868533857,False,True,False,vlp_only,89,9.5,8.5,0.9999771870612636,median
23,s3_vlp_blocked,9.373588623793506,9.260353868533857,False,True,False,static_fusion,89,9.5,8.5,0.6020473721521707,median
24,s3_vlp_blocked,9.127375220319832,9.429716922223497,False,True,False,wifi_only,89,9.5,8.5,0.17884463362675557,median
24,s3_vlp_blocked,9.127375220319832,9.429716922223497,False,True,False,vlp_only,89,9.5,8.5,0.9719538776712051,median
24,s3_vlp_blocked,9.127375220319832,9.429716922223497,False,True,False,static_fusion,89,9.5,8.5,0.5753992556489803,median
25,s3_vlp_blocked,8.726509377545842,9.486750180536124,False,True,False,wifi_only,89,9.5,8.5,0.22628990742354785,median
25,s3_vlp_blocked,8.726509377545842,9.486750180536124,False,True,False,vlp_only,89,9.5,8.5,0.9999999999010001,median
25,s3_vlp_blocked,8.726509377545842,9.486750180536124,False,True,False,static_fusion,89,9.5,8.5,0.613144953662274,median
26,s3_vlp_blocked,8.556615925716626,9.685615586341887,False,True,False,wifi_only,98,8.5,9.5,0.22041790300978376,median
26,s3_vlp_blocked,8.556615925716626,9.685615586341887,False,True,False,vlp_only,89,9.5,8.5,0.962851028865716,median
26,s3_vlp_blocked,8.556615925716626,9.685615586341887,False,True,False,static_fusion,89,9.5,8.5,0.5611866988987756,median
27,s3_vlp_blocked,8.275272196622463,9.90949250147166,False,True,False,wifi_only,98,8.5,9.5,0.25632534322004324,median
27,s3_vlp_blocked,8.275272196622463,9.90949250147166,False,True,False,vlp_only,55,5.5,5.5,0.9999999999010002,median
27,s3_vlp_blocked,8.275272196622463,9.90949250147166,False,True,False,static_fusion,55,5.5,5.5,0.5000500297639474,median
28,s3_vlp_blocked,8.516464193829812,9.620395436542294,False,True,False,wifi_only,98,8.5,9.5,0.22492378404868993,median
28,s3_vlp_blocked,8.516464193829812,9.620395436542294,False,True,False,vlp_only,89,9.5,8.5,0.9941570655358706,median
28,s3_vlp_blocked,8.516464193829812,9.620395436542294,False,True,False,static_fusion,89,9.5,8.5,0.5507404963825806,median
29,s3_vlp_blocked,8.726745769238578,9.594339738596462,False,True,False,wifi_only,98,8.5,9.5,0.2850342529602392,median
29,s3_vlp_blocked,8.726745769238578,9.594339738596462,False,True,False,vlp_only,98,8.5,9.5,0.99999999742307,median
29,s3_vlp_blocked,8.726745769238578,9.594339738596462,False,True,False,static_fusion,98,8.5,9.5,0.6425171251916546,median
30,s3_vlp_blocked,8.943827322619104,9.579744922705936,False,False,False,wifi_only,98,8.5,9.5,0.21921044575123322,median
30,s3_vlp_blocked,8.943827322619104,9.579744922705936,False,False,False,vlp_only,99,9.5,9.5,0.9999999999010001,median
30,s3_vlp_blocked,8.943827322619104,9.579744922705936,False,False,False,static_fusion,99,9.5,9.5,0.583244912155452,median
31,s3_vlp_blocked,9.351601400735191,9.795243901577573,False,False,False,wifi_only,98,8.5,9.5,0.20953447629565486,median
31,s3_vlp_blocked,9.351601400735191,9.795243901577573,False,False,False,vlp_only,99,9.5,9.5,0.9999999999010001,median
31,s3_vlp_blocked,9.351601400735191,9.795243901577573,False,False,False,static_fusion,99,9.5,9.5,0.586283421163245,median
32,s3_vlp_blocked,9.577016681956424,9.919176372465715,False,False,False,wifi_only,98,8.5,9.5,0.20573135728974873,median
32,s3_vlp_blocked,9.577016681956424,9.919176372465715,False,False,False,vlp_only,99,9.5,9.5,0.9999999999010001,median
32,s3_vlp_blocked,9.577016681956424,9.919176372465715,False,False,False,static_fusion,99,9.5,9.5,0.5847173489592332,median
33,s3_vlp_blocked,9.147990241252389,9.767587766470918,False,False,False,wifi_only,99,9.5,9.5,0.2611575733556178,median
33,s3_vlp_blocked,9.147990241252389,9.767587766470918,False,False,False,vlp_only,99,9.5,9.5,0.9999999999010001,median
33,s3_vlp_blocked,9.147990241252389,9.767587766470918,False,False,False,static_fusion,99,9.5,9.5,0.6305787866283089,median
34,s3_vlp_blocked,8.966209639861209,9.397254516581212,False,False,False,wifi_only,98,8.5,9.5,0.20573135728974873,median
34,s3_vlp_blocked,8.966209639861209,9.397254516581212,False,False,False,vlp_only,99,9.5,9.5,0.9999999999010001,median
34,s3_vlp_blocked,8.966209639861209,9.397254516581212,False,False,False,static_fusion,99,9.5,9.5,0.5847173489592332,median
35,s3_vlp_blocked,8.92197380793632,9.185323746168985,False,False,False,wifi_only,98,8.5,9.5,0.21879897038014456,median
35,s3_vlp_blocked,8.92197380793632,9.185323746168985,False,False,False,vlp_only,99,9.5,9.5,0.9999999999010001,median
35,s3_vlp_blocked,8.92197380793632,9.185323746168985,False,False,False,static_fusion,99,9.5,9.5,0.5947017254437454,median
36,s3_vlp_blocked,8.914109042937588,8.939758011878457,False,False,False,wifi_only,99,9.5,9.5,0.26941981079881616,median
36,s3_vlp_blocked,8.914109042937588,8.939758011878457,False,False,False,vlp_only,98,8.5,9.5,0.993480325337175,median
36,s3_vlp_blocked,8.914109042937588,8.939758011878457,False,False,False,static_fusion,98,8.5,9.5,0.582969591298087,median
37,s3_vlp_blocked,9.07928845907877,8.665910920697108,False,False,False,wifi_only,99,9.5,9.5,0.24431605533718379,median
37,s3_vlp_blocked,9.07928845907877,8.665910920697108,False,False,False,vlp_only,98,8.5,9.5,0.9954662520896935,median
37,s3_vlp_blocked,9.07928845907877,8.665910920697108,False,False,False,static_fusion,98,8.5,9.5,0.5759279469612273,median
38,s3_vlp_blocked,9.268317079915311,8.479283196707053,False,False,False,wifi_only,89,9.5,8.5,0.200356867915685,median
38,s3_vlp_blocked,9.268317079915311,8.479283196707053,False,False,False,vlp_only,89,9.5,8.5,0.7927811856837721,median
38,s3_vlp_blocked,9.268317079915311,8.479283196707053,False,False,False,static_fusion,89,9.5,8.5,0.4965690267997284,median
39,s3_vlp_blocked,9.629151173072932,8.405680386891111,False,False,False,wifi_only,89,9.5,8.5,0.20372696095877832,median
39,s3_vlp_blocked,9.629151173072932,8.405680386891111,False,False,False,vlp_only,89,9.5,8.5,0.9266899189161532,median
39,s3_vlp_blocked,9.629151173072932,8.405680386891111,False,False,False,static_fusion,89,9.5,8.5,0.5652084399374657,median
40,s3_vlp_blocked,9.137911967096755,8.357214530377181,False,False,False,wifi_only,78,8.5,7.5,0.15456702211401602,median
40,s3_vlp_blocked,9.137911967096755,8.357214530377181,False,False,False,vlp_only,89,9.5,8.5,0.9999799514740189,median
40,s3_vlp_blocked,9.137911967096755,8.357214530377181,False,False,False,static_fusion,89,9.5,8.5,0.565653423382345,median
41,s3_vlp_blocked,8.850804346095984,8.419767971950433,False,False,False,wifi_only,98,8.5,9.5,0.20571299831121945,median
41,s3_vlp_blocked,8.850804346095984,8.419767971950433,False,False,False,vlp_only,89,9.5,8.5,0.9999991720186358,median
41,s3_vlp_blocked,8.850804346095984,8.419767971950433,False,False,False,static_fusion,89,9.5,8.5,0.5641022615167333,median
42,s3_vlp_blocked,8.608468710412893,8.558343031691317,False,False,False,wifi_only,88,8.5,8.5,0.1802923207112394,median
42,s3_vlp_blocked,8.608468710412893,8.558343031691317,False,False,False,vlp_only,89,9.5,8.5,0.9996972647982972,median
42,s3_vlp_blocked,8.608468710412893,8.558343031691317,False,False,False,static_fusion,89,9.5,8.5,0.5315453567777998,median
43,s3_vlp_blocked,8.31237088540844,8.610789569269624,False,False,False,wifi_only,88,8.5,8.5,0.17822306455644643,median
43,s3_vlp_blocked,8.31237088540844,8.610789569269624,False,False,False,vlp_only,88,8.5,8.5,0.9999999998968747,median
43,s3_vlp_blocked,8.31237088540844,8.610789569269624,False,False,False,static_fusion,88,8.5,8.5,0.5891115322266606,median
44,s3_vlp_blocked,7.876973615803656,8.676310108296393,False,False,False,wifi_only,88,8.5,8.5,0.18830847509986348,median
44,s3_vlp_blocked,7.876973615803656,8.676310108296393,False,False,False,vlp_only,88,8.5,8.5,0.9999999998949736,median
44,s3_vlp_blocked,7.876973615803656,8.676310108296393,False,False,False,static_fusion,88,8.5,8.5,0.5941542374974185,median
45,s3_vlp_blocked,7.69864374306643,8.764902399912266,False,True,False,wifi_only,88,8.5,8.5,0.12636271554258266,median
45,s3_vlp_blocked,7.69864374306643,8.764902399912266,False,True,False,vlp_only,88,8.5,8.5,0.9999999998861938,median
45,s3_vlp_blocked,7.69864374306643,8.764902399912266,False,True,False,static_fusion,88,8.5,8.5,0.5631813577143883,median
46,s3_vlp_blocked,7.492119654821085,8.780131979271454,False,True,False,wifi_only,97,7.5,9.5,0.13141929924465673,median
46,s3_vlp_blocked,7.492119654821085,8.780131979271454,False,True,False,vlp_only,88,8.5,8.5,0.9999999998564189,median
46,s3_vlp_blocked,7.492119654821085,8.780131979271454,False,True,False,static_fusion,88,8.5,8.5,0.5585880348825825,median
47,s3_vlp_blocked,7.191471021360378,8.723132508528103,False,True,False,wifi_only,97,7.5,9.5,0.13141929924465673,median
47,s3_vlp_blocked,7.191471021360378,8.723132508528103,False,True,False,vlp_only,88,8.5,8.5,0.9999999997789633,median
47,s3_vlp_blocked,7.191471021360378,8.723132508528103,False,True,False,static_fusion,88,8.5,8.5,0.5585880348438547,median
48,s3_vlp_blocked,6.992004119632241,8.748418280606632,False,True,False,wifi_only,97,7.5,9.5,0.15061837641515669,median
48,s3_vlp_blocked,6.992004119632241,8.748418280606632,False,True,False,vlp_only,88,8.5,8.5,0.9999999998986271,median
48,s3_vlp_blocked,6.992004119632241,8.748418280606632,False,True,False,static_fusion,88,8.5,8.5,0.5038479859323347,median
49,s3_vlp_blocked,6.846275017181253,8.922858028731762,False,True,False,wifi_only,97,7.5,9.5,0.11485075426481337,median
49,s3_vlp_blocked,6.846275017181253,8.922858028731762,False,True,False,vlp_only,88,8.5,8.5,0.9999999999010001,median
49,s3_vlp_blocked,6.846275017181253,8.922858028731762,False,True,False,static_fusion,88,8.5,8.5,0.5026408227170082,median
50,s3_vlp_blocked,6.689596236262092,9.105068122957537,False,True,False,wifi_only,97,7.5,9.5,0.09938727941749823,median
50,s3_vlp_blocked,6.689596236262092,9.105068122957537,False,True,False,vlp_only,89,9.5,8.5,0.9999999999010001,median
50,s3_vlp_blocked,6.689596236262092,9.105068122957537,False,True,False,static_fusion,89,9.5,8.5,0.5000367019234533,median
51,s3_vlp_blocked,6.651524336471364,9.303485813902295,False,True,False,wifi_only,97,7.5,9.5,0.12496030329835232,median
51,s3_vlp_blocked,6.651524336471364,9.303485813902295,False,True,False,vlp_only,97,7.5,9.5,0.9306585685153118,median
51,s3_vlp_blocked,6.651524336471364,9.303485813902295,False,True,False,static_fusion,97,7.5,9.5,0.527809435906832,median
52,s3_vlp_blocked,6.511030711247975,9.630572115899897,False,True,False,wifi_only,97,7.5,9.5,0.1533752195272697,median
52,s3_vlp_blocked,6.511030711247975,9.630572115899897,False,True,False,vlp_only,97,7.5,9.5,0.9999999998385619,median
52,s3_vlp_blocked,6.511030711247975,9.630572115899897,False,True,False,static_fusion,97,7.5,9.5,0.5766876096829159,median
53,s3_vlp_blocked,6.420605168362592,9.834308948608536,False,True,False,wifi_only,97,7.5,9.5,0.16188262908118872,median
53,s3_vlp_blocked,6.420605168362592,9.834308948608536,False,True,False,vlp_only,96,6.5,9.5,0.9999999999010001,median
53,s3_vlp_blocked,6.420605168362592,9.834308948608536,False,True,False,static_fusion,96,6.5,9.5,0.5622037797604595,median
54,s3_vlp_blocked,6.482295444389094,9.655075180886994,False,True,False,wifi_only,96,6.5,9.5,0.22444795565469955,median
54,s3_vlp_blocked,6.482295444389094,9.655075180886994,False,True,False,vlp_only,96,6.5,9.5,0.9999999999010001,median
54,s3_vlp_blocked,6.482295444389094,9.655075180886994,False,True,False,static_fusion,96,6.5,9.5,0.6122239777778498,median
55,s3_vlp_blocked,6.562363950563185,9.549970952544058,False,True,False,wifi_only,96,6.5,9.5,0.18529514157613666,median
55,s3_vlp_blocked,6.562363950563185,9.549970952544058,False,True,False,vlp_only,96,6.5,9.5,0.9999999999010001,median
55,s3_vlp_blocked,6.562363950563185,9.549970952544058,False,True,False,static_fusion,96,6.5,9.5,0.5926475707385683,median
56,s3_vlp_blocked,6.608994574111493,9.255964739086862,False,True,False,wifi_only,96,6.5,9.5,0.19345051325289486,median
56,s3_vlp_blocked,6.608994574111493,9.255964739086862,False,True,False,vlp_only,96,6.5,9.5,0.9999999999010001,median
56,s3_vlp_blocked,6.608994574111493,9.255964739086862,False,True,False,static_fusion,96,6.5,9.5,0.5967252565769475,median
57,s3_vlp_blocked,6.638238185227195,8.788984466893778,False,True,False,wifi_only,93,3.5,9.5,0.20706573778858092,median
57,s3_vlp_blocked,6.638238185227195,8.788984466893778,False,True,False,vlp_only,99,9.5,9.5,0.9999999999010001,median
57,s3_vlp_blocked,6.638238185227195,8.788984466893778,False,True,False,static_fusion,99,9.5,9.5,0.5000007777022853,median
58,s3_vlp_blocked,6.715833516903254,8.506019535638835,False,True,False,wifi_only,93,3.5,9.5,0.20706573778858092,median
58,s3_vlp_blocked,6.715833516903254,8.506019535638835,False,True,False,vlp_only,99,9.5,9.5,0.9999999999010001,median
58,s3_vlp_blocked,6.715833516903254,8.506019535638835,False,True,False,static_fusion,99,9.5,9.5,0.5000007777022853,median
59,s3_vlp_blocked,6.712650009001855,8.176417392861678,False,True,False,wifi_only,96,6.5,9.5,0.17282535197626891,median
59,s3_vlp_blocked,6.712650009001855,8.176417392861678,False,True,False,vlp_only,99,9.5,9.5,0.9999999999010001,median
59,s3_vlp_blocked,6.712650009001855,8.176417392861678,False,True,False,static_fusion,99,9.5,9.5,0.5000014269814721,median
60,s3_vlp_blocked,6.866771266170202,7.830791223796943,False,True,False,wifi_only,86,6.5,8.5,0.13454961005656058,median
60,s3_vlp_blocked,6.866771266170202,7.830791223796943,False,True,False,vlp_only,59,9.5,5.5,0.9999999998575257,median
60,s3_vlp_blocked,6.866771266170202,7.830791223796943,False,True,False,static_fusion,59,9.5,5.5,0.5000000016071333,median
61,s3_vlp_blocked,6.935196676516079,7.575933102373101,False,False,False,wifi_only,76,6.5,7.5,0.11556182977431931,median
61,s3_vlp_blocked,6.935196676516079,7.575933102373101,False,False,False,vlp_only,59,9.5,5.5,0.9999999999010002,median
61,s3_vlp_blocked,6.935196676516079,7.575933102373101,False,False,False,static_fusion,59,9.5,5.5,0.5000000052587353,median
62,s3_vlp_blocked,6.925151254140051,7.098088212920689,False,False,False,wifi_only,87,7.5,8.5,0.12478872292108642,median
62,s3_vlp_blocked,6.925151254140051,7.098088212920689,False,False,False,vlp_only,55,5.5,5.5,0.9999999999010002,median
62,s3_vlp_blocked,6.925151254140051,7.098088212920689,False,False,False,static_fusion,55,5.5,5.5,0.5008815068643858,median
63,s3_vlp_blocked,6.9536901632065256,6.989777604364947,False,False,False,wifi_only,87,7.5,8.5,0.11432172429090062,median
63,s3_vlp_blocked,6.9536901632065256,6.989777604364947,False,False,False,vlp_only,76,6.5,7.5,0.9999999702549521,median
63,s3_vlp_blocked,6.9536901632065256,6.989777604364947,False,False,False,static_fusion,76,6.5,7.5,0.5477381882960318,median
64,s3_vlp_blocked,6.966708536003405,6.623992067365702,False,False,False,wifi_only,77,7.5,7.5,0.1161650838735606,median
64,s3_vlp_blocked,6.966708536003405,6.623992067365702,False,False,False,vlp_only,76,6.5,7.5,0.9999999999010001,median
64,s3_vlp_blocked,6.966708536003405,6.623992067365702,False,False,False,static_fusion,76,6.5,7.5,0.5138221215593665,median
65,s3_vlp_blocked,7.006265988225517,6.167924934295798,False,False,False,wifi_only,77,7.5,7.5,0.11186159858676181,median
65,s3_vlp_blocked,7.006265988225517,6.167924934295798,False,False,False,vlp_only,67,7.5,6.5,0.9993804226333135,median
65,s3_vlp_blocked,7.006265988225517,6.167924934295798,False,False,False,static_fusion,67,7.5,6.5,0.5444031965787138,median
66,s3_vlp_blocked,7.195573035758812,5.900698987196131,False,False,False,wifi_only,66,6.5,6.5,0.1228131782161609,median
66,s3_vlp_blocked,7.195573035758812,5.900698987196131,False,False,False,vlp_only,67,7.5,6.5,0.9999999999010001,median
66,s3_vlp_blocked,7.195573035758812,5.900698987196131,False,False,False,static_fusion,67,7.5,6.5,0.5580019291833462,median
67,s3_vlp_blocked,7.214622128011173,5.480629494443392,False,False,False,wifi_only,67,7.5,6.5,0.12066759554081104,median
67,s3_vlp_blocked,7.214622128011173,5.480629494443392,False,False,False,vlp_only,66,6.5,6.5,0.9999999999010001,median
67,s3_vlp_blocked,7.214622128011173,5.480629494443392,False,False,False,static_fusion,66,6.5,6.5,0.5569563601196202,median
68,s3_vlp_blocked,7.224596969394833,5.365365355851328,False,False,False,wifi_only,56,6.5,5.5,0.1364679102803726,median
68,s3_vlp_blocked,7.224596969394833,5.365365355851328,False,False,False,vlp_only,66,6.5,6.5,0.9999999999010001,median
68,s3_vlp_blocked,7.224596969394833,5.365365355851328,False,False,False,static_fusion,66,6.5,6.5,0.5548540885893596,median
69,s3_vlp_blocked,7.3987606078939105,4.973012310374174,False,False,False,wifi_only,56,6.5,5.5,0.168844015296263,median
69,s3_vlp_blocked,7.3987606078939105,4.973012310374174,False,False,False,vlp_only,57,7.5,5.5,0.9999999999010002,median
69,s3_vlp_blocked,7.3987606078939105,4.973012310374174,False,False,False,static_fusion,57,7.5,5.5,0.5618792775029968,median
70,s3_vlp_blocked,7.635914401899096,4.715226258016342,False,False,False,wifi_only,67,7.5,6.5,0.15191551522201735,median
70,s3_vlp_blocked,7.635914401899096,4.715226258016342,False,False,False,vlp_only,57,7.5,5.5,0.9999999999010002,median
70,s3_vlp_blocked,7.635914401899096,4.715226258016342,False,False,False,static_fusion,57,7.5,5.5,0.5448916189211539,median
71,s3_vlp_blocked,7.871357392106725,4.543524489496297,False,False,False,wifi_only,57,7.5,5.5,0.1459636771254065,median
71,s3_vlp_blocked,7.871357392106725,4.543524489496297,False,False,False,vlp_only,46,6.5,4.5,0.9954038670133115,median
71,s3_vlp_blocked,7.871357392106725,4.543524489496297,False,False,False,static_fusion,46,6.5,4.5,0.5349255859661042,median
72,s3_vlp_blocked,8.272955973874682,4.373796974104669,False,False,False,wifi_only,58,8.5,5.5,0.16047402584966905,median
72,s3_vlp_blocked,8.272955973874682,4.373796974104669,False,False,False,vlp_only,47,7.5,4.5,0.9999999673177308,median
72,s3_vlp_blocked,8.272955973874682,4.373796974104669,False,False,False,static_fusion,47,7.5,4.5,0.5601948100023386,median
73,s3_vlp_blocked,8.62151579149036,4.028494957379147,False,False,False,wifi_only,48,8.5,4.5,0.1943194126649296,median
73,s3_vlp_blocked,8.62151579149036,4.028494957379147,False,False,False,vlp_only,47,7.5,4.5,0.9999975465386186,median
73,s3_vlp_blocked,8.62151579149036,4.028494957379147,False,False,False,static_fusion,47,7.5,4.5,0.5562137972689251,median
74,s3_vlp_blocked,8.748435457425892,3.685738487590071,False,False,False,wifi_only,48,8.5,4.5,0.1943194126649296,median
74,s3_vlp_blocked,8.748435457425892,3.685738487590071,False,False,False,vlp_only,48,8.5,4.5,0.884290106305645,median
74,s3_vlp_blocked,8.748435457425892,3.685738487590071,False,False,False,static_fusion,48,8.5,4.5,0.5393047594852873,median
75,s3_vlp_blocked,8.835085190139699,3.5526052200138745,False,True,False,wifi_only,49,9.5,4.5,0.20508461711716297,median
75,s3_vlp_blocked,8.835085190139699,3.5526052200138745,False,True,False,vlp_only,39,9.5,3.5,0.9999999999010002,median
75,s3_vlp_blocked,8.835085190139699,3.5526052200138745,False,True,False,static_fusion,39,9.5,3.5,0.5453512612039159,median
76,s3_vlp_blocked,8.909093693609096,3.3558416683741257,False,True,False,wifi_only,49,9.5,4.5,0.3106835218998544,median
76,s3_vlp_blocked,8.909093693609096,3.3558416683741257,False,True,False,vlp_only,39,9.5,3.5,0.9999999999010002,median
76,s3_vlp_blocked,8.909093693609096,3.3558416683741257,False,True,False,static_fusion,39,9.5,3.5,0.6203558152716125,median
77,s3_vlp_blocked,9.099711473119482,3.177715842546163,False,True,False,wifi_only,38,8.5,3.5,0.20881767579639474,median
77,s3_vlp_blocked,9.099711473119482,3.177715842546163,False,True,False,vlp_only,39,9.5,3.5,0.9999999999010002,median
77,s3_vlp_blocked,9.099711473119482,3.177715842546163,False,True,False,static_fusion,39,9.5,3.5,0.5999826516226623,median
78,s3_vlp_blocked,9.333851006911315,2.7984046692967013,False,True,False,wifi_only,38,8.5,3.5,0.23608083848467762,median
78,s3_vlp_blocked,9.333851006911315,2.7984046692967013,False,True,False,vlp_only,29,9.5,2.5,0.9999999997030753,median
78,s3_vlp_blocked,9.333851006911315,2.7984046692967013,False,True,False,static_fusion,29,9.5,2.5,0.5051823228615769,median
79,s3_vlp_blocked,9.466292753776418,2.334363853065204,False,True,False,wifi_only,28,8.5,2.5,0.19395206435923903,median
79,s3_vlp_blocked,9.466292753776418,2.334363853065204,False,True,False,vlp_only,29,9.5,2.5,0.9999999999010002,median
79,s3_vlp_blocked,9.466292753776418,2.334363853065204,False,True,False,static_fusion,29,9.5,2.5,0.5850058846331256,median
80,s3_vlp_blocked,9.611899936659418,2.123312718823533,False,True,False,wifi_only,28,8.5,2.5,0.29310237455169835,median
80,s3_vlp_blocked,9.611899936659418,2.123312718823533,False,True,False,vlp_only,29,9.5,2.5,0.9999999999010002,median
80,s3_vlp_blocked,9.611899936659418,2.123312718823533,False,True,False,static_fusion,29,9.5,2.5,0.628461775975719,median
81,s3_vlp_blocked,9.858322040787618,1.7145087247330029,False,True,False,wifi_only,28,8.5,2.5,0.35784966989639366,median
81,s3_vlp_blocked,9.858322040787618,1.7145087247330029,False,True,False,vlp_only,29,9.5,2.5,0.9999896819213973,median
81,s3_vlp_blocked,9.858322040787618,1.7145087247330029,False,True,False,static_fusion,29,9.5,2.5,0.6653461055575974,median
82,s3_vlp_blocked,9.758809756481527,1.8587665766892736,False,True,False,wifi_only,29,9.5,2.5,0.38261981937387446,median
82,s3_vlp_blocked,9.758809756481527,1.8587665766892736,False,True,False,vlp_only,8,8.5,0.5,0.9999999999010003,median
82,s3_vlp_blocked,9.758809756481527,1.8587665766892736,False,True,False,static_fusion,8,8.5,0.5,0.5017328945264693,median
83,s3_vlp_blocked,9.674741536762076,1.980219721792202,False,True,False,wifi_only,29,9.5,2.5,0.46995020058231995,median
83,s3_vlp_blocked,9.674741536762076,1.980219721792202,False,True,False,vlp_only,8,8.5,0.5,0.9999999999010003,median
83,s3_vlp_blocked,9.674741536762076,1.980219721792202,False,True,False,static_fusion,8,8.5,0.5,0.5047257669737558,median
84,s3_vlp_blocked,9.543539060630476,2.38811292843674,False,True,False,wifi_only,29,9.5,2.5,0.46995020058231995,median
84,s3_vlp_blocked,9.543539060630476,2.38811292843674,False,True,False,vlp_only,8,8.5,0.5,0.9999999999010003,median
84,s3_vlp_blocked,9.543539060630476,2.38811292843674,False,True,False,static_fusion,8,8.5,0.5,0.5047257669737558,median
85,s3_vlp_blocked,9.538461254265044,2.548657706440192,False,True,False,wifi_only,29,9.5,2.5,0.47348864712780725,median
85,s3_vlp_blocked,9.538461254265044,2.548657706440192,False,True,False,vlp_only,9,9.5,0.5,0.9999999999010003,median
85,s3_vlp_blocked,9.538461254265044,2.548657706440192,False,True,False,static_fusion,9,9.5,0.5,0.5048226225470317,median
86,s3_vlp_blocked,9.544593459510066,2.7077556794947983,False,False,False,wifi_only,29,9.5,2.5,0.4495889434833022,median
86,s3_vlp_blocked,9.544593459510066,2.7077556794947983,False,False,False,vlp_only,19,9.5,1.5,0.9999642450628605,median
86,s3_vlp_blocked,9.544593459510066,2.7077556794947983,False,False,False,static_fusion,19,9.5,1.5,0.513859233998067,median
87,s3_vlp_blocked,9.633379023943917,3.061085408030138,False,False,False,wifi_only,29,9.5,2.5,0.43075902957458784,median
87,s3_vlp_blocked,9.633379023943917,3.061085408030138,False,False,False,vlp_only,29,9.5,2.5,0.8521042048540808,median
87,s3_vlp_blocked,9.633379023943917,3.061085408030138,False,False,False,static_fusion,29,9.5,2.5,0.6414316172143343,median
88,s3_vlp_blocked,9.752600157839524,3.198956190033732,False,False,False,wifi_only,29,9.5,2.5,0.31322698110239067,median
88,s3_vlp_blocked,9.752600157839524,3.198956190033732,False,False,False,vlp_only,39,9.5,3.5,0.9022284091131586,median
88,s3_vlp_blocked,9.752600157839524,3.198956190033732,False,False,False,static_fusion,39,9.5,3.5,0.452658796624284,median
89,s3_vlp_blocked,9.40578903862998,2.8552477628804214,False,False,False,wifi_only,29,9.5,2.5,0.2939283538356758,median
89,s3_vlp_blocked,9.40578903862998,2.8552477628804214,False,False,False,vlp_only,39,9.5,3.5,0.9999999999010002,median
89,s3_vlp_blocked,9.40578903862998,2.8552477628804214,False,False,False,static_fusion,39,9.5,3.5,0.50904375628515,median
90,s3_vlp_blocked,9.127964250423506,2.698331211248074,False,False,False,wifi_only,27,7.5,2.5,0.2420831875874489,median
90,s3_vlp_blocked,9.127964250423506,2.698331211248074,False,False,False,vlp_only,29,9.5,2.5,0.9999999999010002,median
90,s3_vlp_blocked,9.127964250423506,2.698331211248074,False,False,False,static_fusion,29,9.5,2.5,0.5172619008776194,median
91,s3_vlp_blocked,8.800406594259712,2.6051004251712406,False,False,False,wifi_only,27,7.5,2.5,0.2172342523460783,median
91,s3_vlp_blocked,8.800406594259712,2.6051004251712406,False,False,False,vlp_only,29,9.5,2.5,0.9999999999010002,median
91,s3_vlp_blocked,8.800406594259712,2.6051004251712406,False,False,False,static_fusion,29,9.5,2.5,0.5252577370341904,median
92,s3_vlp_blocked,8.550281299097398,2.456641319624944,False,False,False,wifi_only,27,7.5,2.5,0.22480581696955731,median
92,s3_vlp_blocked,8.550281299097398,2.456641319624944,False,False,False,vlp_only,29,9.5,2.5,0.9999999999010002,median
92,s3_vlp_blocked,8.550281299097398,2.456641319624944,False,False,False,static_fusion,29,9.5,2.5,0.5257081096058601,median
93,s3_vlp_blocked,8.206258987477604,2.220074095586588,False,False,False,wifi_only,27,7.5,2.5,0.18498733816906757,median
93,s3_vlp_blocked,8.206258987477604,2.220074095586588,False,False,False,vlp_only,28,8.5,2.5,0.9999999998891546,median
93,s3_vlp_blocked,8.206258987477604,2.220074095586588,False,False,False,static_fusion,28,8.5,2.5,0.5688466458176468,median
94,s3_vlp_blocked,7.989681515495209,2.1664204126445497,False,False,False,wifi_only,27,7.5,2.5,0.1968259355470165,median
94,s3_vlp_blocked,7.989681515495209,2.1664204126445497,False,False,False,vlp_only,28,8.5,2.5,0.99999999986949,median
94,s3_vlp_blocked,7.989681515495209,2.1664204126445497,False,False,False,static_fusion,28,8.5,2.5,0.5695531699467096,median
95,s3_vlp_blocked,7.820856477729749,2.216688844603764,False,False,False,wifi_only,28,8.5,2.5,0.19100402932384636,median
95,s3_vlp_blocked,7.820856477729749,2.216688844603764,False,False,False,vlp_only,28,8.5,2.5,0.9999969645261684,median
95,s3_vlp_blocked,7.820856477729749,2.216688844603764,False,False,False,static_fusion,28,8.5,2.5,0.5955004969250074,median
96,s3_vlp_blocked,7.438849577500529,2.091977264871964,False,False,False,wifi_only,27,7.5,2.5,0.24449899619186732,median
96,s3_vlp_blocked,7.438849577500529,2.091977264871964,False,False,False,vlp_only,28,8.5,2.5,0.9998072823307751,median
96,s3_vlp_blocked,7.438849577500529,2.091977264871964,False,False,False,static_fusion,28,8.5,2.5,0.5722359607893498,median
97,s3_vlp_blocked,7.303823403549243,2.032738937171799,False,False,False,wifi_only,28,8.5,2.5,0.2808959273443075,median
97,s3_vlp_blocked,7.303823403549243,2.032738937171799,False,False,False,vlp_only,27,7.5,2.5,0.9257083345495802,median
97,s3_vlp_blocked,7.303823403549243,2.032738937171799,False,False,False,static_fusion,27,7.5,2.5,0.5575988061740366,median
98,s3_vlp_blocked,7.052510845305025,1.9258529473001484,False,False,False,wifi_only,27,7.5,2.5,0.24519181660445263,median
98,s3_vlp_blocked,7.052510845305025,1.9258529473001484,False,False,False,vlp_only,27,7.5,2.5,0.9999561931437886,median
98,s3_vlp_blocked,7.052510845305025,1.9258529473001484,False,False,False,static_fusion,27,7.5,2.5,0.6225740048741206,median
99,s3_vlp_blocked,6.623312112175848,1.726390708485309,False,False,False,wifi_only,17,7.5,1.5,0.2850820062101953,median
99,s3_vlp_blocked,6.623312112175848,1.726390708485309,False,False,False,vlp_only,27,7.5,2.5,0.9997867257264933,median
99,s3_vlp_blocked,6.623312112175848,1.726390708485309,False,False,False,static_fusion,27,7.5,2.5,0.5981902713098919,median
0,s3_vlp_blocked,7.708518498956285,6.537185189018777,False,False,False,wifi_only,67,7.5,6.5,0.1656293765629313,ema
0,s3_vlp_blocked,7.708518498956285,6.537185189018777,False,False,False,vlp_only,67,7.5,6.5,0.9999995323037881,ema
0,s3_vlp_blocked,7.708518498956285,6.537185189018777,False,False,False,static_fusion,67,7.5,6.5,0.5828144544333597,ema
1,s3_vlp_blocked,7.762228944549189,6.781375783910273,False,False,False,wifi_only,68,8.5,6.5,0.15808485156723442,ema
1,s3_vlp_blocked,7.762228944549189,6.781375783910273,False,False,False,vlp_only,67,7.5,6.5,0.9999903637655421,ema
1,s3_vlp_blocked,7.762228944549189,6.781375783910273,False,False,False,static_fusion,67,7.5,6.5,0.547062262271001,ema
2,s3_vlp_blocked,7.839130958677583,7.167874595498286,False,False,False,wifi_only,68,8.5,6.5,0.16590470924227307,ema
2,s3_vlp_blocked,7.839130958677583,7.167874595498286,False,False,False,vlp_only,67,7.5,6.5,0.9999897075003463,ema
2,s3_vlp_blocked,7.839130958677583,7.167874595498286,False,False,False,static_fusion,67,7.5,6.5,0.5511059848756497,ema
3,s3_vlp_blocked,7.94346543019908,7.5103051184045535,False,False,False,wifi_only,67,7.5,6.5,0.1683377687330041,ema
3,s3_vlp_blocked,7.94346543019908,7.5103051184045535,False,False,False,vlp_only,77,7.5,7.5,0.9999606563143218,ema
3,s3_vlp_blocked,7.94346543019908,7.5103051184045535,False,False,False,static_fusion,77,7.5,7.5,0.5336061231240593,ema
4,s3_vlp_blocked,7.999186140694022,7.623886621271602,False,False,False,wifi_only,67,7.5,6.5,0.1647016793216402,ema
4,s3_vlp_blocked,7.999186140694022,7.623886621271602,False,False,False,vlp_only,77,7.5,7.5,0.9986412358622271,ema
4,s3_vlp_blocked,7.999186140694022,7.623886621271602,False,False,False,static_fusion,77,7.5,7.5,0.5424030068271003,ema
5,s3_vlp_blocked,8.226562675373907,7.955827377167044,False,False,False,wifi_only,68,8.5,6.5,0.15136292619793162,ema
5,s3_vlp_blocked,8.226562675373907,7.955827377167044,False,False,False,vlp_only,78,8.5,7.5,0.9785435130855338,ema
5,s3_vlp_blocked,8.226562675373907,7.955827377167044,False,False,False,static_fusion,78,8.5,7.5,0.5547549874776381,ema
6,s3_vlp_blocked,8.280648608306477,8.135508799595996,False,False,False,wifi_only,78,8.5,7.5,0.15943367739197162,ema
6,s3_vlp_blocked,8.280648608306477,8.135508799595996,False,False,False,vlp_only,78,8.5,7.5,0.9963815881254164,ema
6,s3_vlp_blocked,8.280648608306477,8.135508799595996,False,False,False,static_fusion,78,8.5,7.5,0.5779076327586941,ema
7,s3_vlp_blocked,8.426531854440203,8.334139776009467,False,False,False,wifi_only,78,8.5,7.5,0.16870477627007796,ema
7,s3_vlp_blocked,8.426531854440203,8.334139776009467,False,False,False,vlp_only,78,8.5,7.5,0.9779073185677326,ema
7,s3_vlp_blocked,8.426531854440203,8.334139776009467,False,False,False,static_fusion,78,8.5,7.5,0.5733060474189053,ema
8,s3_vlp_blocked,8.640813839766498,8.694587576233882,False,False,False,wifi_only,78,8.5,7.5,0.16404001290022358,ema
8,s3_vlp_blocked,8.640813839766498,8.694587576233882,False,False,False,vlp_only,88,8.5,8.5,0.999998396980424,ema
8,s3_vlp_blocked,8.640813839766498,8.694587576233882,False,False,False,static_fusion,88,8.5,8.5,0.5588916714319624,ema
9,s3_vlp_blocked,8.773434572913224,8.991156753090223,False,False,False,wifi_only,78,8.5,7.5,0.14488669198699186,ema
9,s3_vlp_blocked,8.773434572913224,8.991156753090223,False,False,False,vlp_only,88,8.5,8.5,0.9999999994196936,ema
9,s3_vlp_blocked,8.773434572913224,8.991156753090223,False,False,False,static_fusion,88,8.5,8.5,0.5513171721194282,ema
10,s3_vlp_blocked,8.969081214365445,9.315966535180728,False,False,False,wifi_only,78,8.5,7.5,0.14105936621603293,ema
10,s3_vlp_blocked,8.969081214365445,9.315966535180728,False,False,False,vlp_only,98,8.5,9.5,0.8951033754727316,ema
10,s3_vlp_blocked,8.969081214365445,9.315966535180728,False,False,False,static_fusion,98,8.5,9.5,0.48625479274670197,ema
11,s3_vlp_blocked,9.158262661443551,9.76651178862036,False,False,False,wifi_only,88,8.5,8.5,0.16051565787892313,ema
11,s3_vlp_blocked,9.158262661443551,9.76651178862036,False,False,False,vlp_only,98,8.5,9.5,0.9979975569108206,ema
11,s3_vlp_blocked,9.158262661443551,9.76651178862036,False,False,False,static_fusion,98,8.5,9.5,0.5585664772630359,ema
12,s3_vlp_blocked,9.226935916965898,9.928675601070118,False,False,False,wifi_only,98,8.5,9.5,0.14781780811874437,ema
12,s3_vlp_blocked,9.226935916965898,9.928675601070118,False,False,False,vlp_only,98,8.5,9.5,0.9932479191907936,ema
12,s3_vlp_blocked,9.226935916965898,9.928675601070118,False,False,False,static_fusion,98,8.5,9.5,0.570532863654769,ema
13,s3_vlp_blocked,9.28457534064934,9.54739973958025,False,False,False,wifi_only,99,9.5,9.5,0.19983368015722058,ema
13,s3_vlp_blocked,9.28457534064934,9.54739973958025,False,False,False,vlp_only,98,8.5,9.5,0.993124024460419,ema
13,s3_vlp_blocked,9.28457534064934,9.54739973958025,False,False,False,static_fusion,98,8.5,9.5,0.5714725910023924,ema
14,s3_vlp_blocked,9.55154708556551,9.187880405968292,False,False,False,wifi_only,89,9.5,8.5,0.20153869681080405,ema
14,s3_vlp_blocked,9.55154708556551,9.187880405968292,False,False,False,vlp_only,99,9.5,9.5,0.9999999999010001,ema
14,s3_vlp_blocked,9.55154708556551,9.187880405968292,False,False,False,static_fusion,99,9.5,9.5,0.5751777798492822,ema
15,s3_vlp_blocked,9.66616567574389,8.964158259736895,False,True,False,wifi_only,89,9.5,8.5,0.2186570139028646,ema
15,s3_vlp_blocked,9.66616567574389,8.964158259736895,False,True,False,vlp_only,99,9.5,9.5,0.9999999999010001,ema
15,s3_vlp_blocked,9.66616567574389,8.964158259736895,False,True,False,static_fusion,99,9.5,9.5,0.5865799967755638,ema
16,s3_vlp_blocked,9.783739284953958,8.603729760291959,False,True,False,wifi_only,89,9.5,8.5,0.2478315482112719,ema
16,s3_vlp_blocked,9.783739284953958,8.603729760291959,False,True,False,vlp_only,99,9.5,9.5,0.9999999999010001,ema
16,s3_vlp_blocked,9.783739284953958,8.603729760291959,False,True,False,static_fusion,99,9.5,9.5,0.6165294126901821,ema
17,s3_vlp_blocked,9.816728934060924,8.290196131329282,False,True,False,wifi_only,79,9.5,7.5,0.1911375295944584,ema
17,s3_vlp_blocked,9.816728934060924,8.290196131329282,False,True,False,vlp_only,99,9.5,9.5,0.9999999999010001,ema
17,s3_vlp_blocked,9.816728934060924,8.290196131329282,False,True,False,static_fusion,99,9.5,9.5,0.5609326134763836,ema
18,s3_vlp_blocked,9.898369940505676,8.170920930516099,False,True,False,wifi_only,89,9.5,8.5,0.20697148961424103,ema
18,s3_vlp_blocked,9.898369940505676,8.170920930516099,False,True,False,vlp_only,99,9.5,9.5,0.9999999999010001,ema
18,s3_vlp_blocked,9.898369940505676,8.170920930516099,False,True,False,static_fusion,99,9.5,9.5,0.5750211910989308,ema
19,s3_vlp_blocked,9.760036529571131,8.31653053319644,False,True,False,wifi_only,99,9.5,9.5,0.28737256942711903,ema
19,s3_vlp_blocked,9.760036529571131,8.31653053319644,False,True,False,vlp_only,99,9.5,9.5,0.9999999999010001,ema
19,s3_vlp_blocked,9.760036529571131,8.31653053319644,False,True,False,static_fusion,99,9.5,9.5,0.6436862846640595,ema
20,s3_vlp_blocked,9.637633694040824,8.49751598572513,False,True,False,wifi_only,89,9.5,8.5,0.19323703149481555,ema
20,s3_vlp_blocked,9.637633694040824,8.49751598572513,False,True,False,vlp_only,99,9.5,9.5,0.9999999999010001,ema
20,s3_vlp_blocked,9.637633694040824,8.49751598572513,False,True,False,static_fusion,99,9.5,9.5,0.5826366075008573,ema
21,s3_vlp_blocked,9.488164788775736,8.737066335022115,False,True,False,wifi_only,89,9.5,8.5,0.231346191336903,ema
21,s3_vlp_blocked,9.488164788775736,8.737066335022115,False,True,False,vlp_only,99,9.5,9.5,0.9999999999010001,ema
21,s3_vlp_blocked,9.488164788775736,8.737066335022115,False,True,False,static_fusion,99,9.5,9.5,0.5960863874539054,ema
22,s3_vlp_blocked,9.401483371555605,8.971936242221727,False,True,False,wifi_only,89,9.5,8.5,0.20184654419232442,ema
22,s3_vlp_blocked,9.401483371555605,8.971936242221727,False,True,False,vlp_only,99,9.5,9.5,0.9999999999010001,ema
22,s3_vlp_blocked,9.401483371555605,8.971936242221727,False,True,False,static_fusion,99,9.5,9.5,0.5887820720221806,ema
23,s3_vlp_blocked,9.373588623793506,9.260353868533857,False,True,False,wifi_only,89,9.5,8.5,0.21171614140999304,ema
23,s3_vlp_blocked,9.373588623793506,9.260353868533857,False,True,False,vlp_only,99,9.5,9.5,0.9999999999010001,ema
23,s3_vlp_blocked,9.373588623793506,9.260353868533857,False,True,False,static_fusion,99,9.5,9.5,0.5918737206726015,ema
24,s3_vlp_blocked,9.127375220319832,9.429716922223497,False,True,False,wifi_only,99,9.5,9.5,0.22911480930808448,ema
24,s3_vlp_blocked,9.127375220319832,9.429716922223497,False,True,False,vlp_only,99,9.5,9.5,0.9999999999010001,ema
24,s3_vlp_blocked,9.127375220319832,9.429716922223497,False,True,False,static_fusion,99,9.5,9.5,0.6145574046045422,ema
25,s3_vlp_blocked,8.726509377545842,9.486750180536124,False,True,False,wifi_only,88,8.5,8.5,0.1688723518429495,ema
25,s3_vlp_blocked,8.726509377545842,9.486750180536124,False,True,False,vlp_only,99,9.5,9.5,0.9999999999010001,ema
25,s3_vlp_blocked,8.726509377545842,9.486750180536124,False,True,False,static_fusion,99,9.5,9.5,0.5647608537261026,ema
26,s3_vlp_blocked,8.556615925716626,9.685615586341887,False,True,False,wifi_only,98,8.5,9.5,0.22104184692394618,ema
26,s3_vlp_blocked,8.556615925716626,9.685615586341887,False,True,False,vlp_only,99,9.5,9.5,0.9999999999010001,ema
26,s3_vlp_blocked,8.556615925716626,9.685615586341887,False,True,False,static_fusion,99,9.5,9.5,0.598343969327957,ema
27,s3_vlp_blocked,8.275272196622463,9.90949250147166,False,True,False,wifi_only,98,8.5,9.5,0.22881983613357815,ema
27,s3_vlp_blocked,8.275272196622463,9.90949250147166,False,True,False,vlp_only,95,5.5,9.5,0.9999999999010001,ema
27,s3_vlp_blocked,8.275272196622463,9.90949250147166,False,True,False,static_fusion,95,5.5,9.5,0.49999999995100003,ema
28,s3_vlp_blocked,8.516464193829812,9.620395436542294,False,True,False,wifi_only,98,8.5,9.5,0.17353785195717492,ema
28,s3_vlp_blocked,8.516464193829812,9.620395436542294,False,True,False,vlp_only,99,9.5,9.5,0.9999999999010001,ema
28,s3_vlp_blocked,8.516464193829812,9.620395436542294,False,True,False,static_fusion,99,9.5,9.5,0.5236269390408538,ema
29,s3_vlp_blocked,8.726745769238578,9.594339738596462,False,True,False,wifi_only,98,8.5,9.5,0.2712237242701681,ema
29,s3_vlp_blocked,8.726745769238578,9.594339738596462,False,True,False,vlp_only,99,9.5,9.5,0.9999999999010001,ema
29,s3_vlp_blocked,8.726745769238578,9.594339738596462,False,True,False,static_fusion,99,9.5,9.5,0.5916401779071442,ema
30,s3_vlp_blocked,8.943827322619104,9.579744922705936,False,False,False,wifi_only,99,9.5,9.5,0.2392617272999679,ema
30,s3_vlp_blocked,8.943827322619104,9.579744922705936,False,False,False,vlp_only,99,9.5,9.5,0.9999999999010001,ema
30,s3_vlp_blocked,8.943827322619104,9.579744922705936,False,False,False,static_fusion,99,9.5,9.5,0.619630863600484,ema
31,s3_vlp_blocked,9.351601400735191,9.795243901577573,False,False,False,wifi_only,98,8.5,9.5,0.17262196822141027,ema
31,s3_vlp_blocked,9.351601400735191,9.795243901577573,False,False,False,vlp_only,99,9.5,9.5,0.9999999999010001,ema
31,s3_vlp_blocked,9.351601400735191,9.795243901577573,False,False,False,static_fusion,99,9.5,9.5,0.5773967491235591,ema
32,s3_vlp_blocked,9.577016681956424,9.919176372465715,False,False,False,wifi_only,98,8.5,9.5,0.23737544129280727,ema
32,s3_vlp_blocked,9.577016681956424,9.919176372465715,False,False,False,vlp_only,99,9.5,9.5,0.9999999999010001,ema
32,s3_vlp_blocked,9.577016681956424,9.919176372465715,False,False,False,static_fusion,99,9.5,9.5,0.5699962169458654,ema
33,s3_vlp_blocked,9.147990241252389,9.767587766470918,False,False,False,wifi_only,98,8.5,9.5,0.21668728298030795,ema
33,s3_vlp_blocked,9.147990241252389,9.767587766470918,False,False,False,vlp_only,99,9.5,9.5,0.9999999999010001,ema
33,s3_vlp_blocked,9.147990241252389,9.767587766470918,False,False,False,static_fusion,99,9.5,9.5,0.5907800063891926,ema
34,s3_vlp_blocked,8.966209639861209,9.397254516581212,False,False,False,wifi_only,98,8.5,9.5,0.21763815159662375,ema
34,s3_vlp_blocked,8.966209639861209,9.397254516581212,False,False,False,vlp_only,99,9.5,9.5,0.9999999999010001,ema
34,s3_vlp_blocked,8.966209639861209,9.397254516581212,False,False,False,static_fusion,99,9.5,9.5,0.5680985058908239,ema
35,s3_vlp_blocked,8.92197380793632,9.185323746168985,False,False,False,wifi_only,98,8.5,9.5,0.21382900992486684,ema
35,s3_vlp_blocked,8.92197380793632,9.185323746168985,False,False,False,vlp_only,98,8.5,9.5,0.9868905838788854,ema
35,s3_vlp_blocked,8.92197380793632,9.185323746168985,False,False,False,static_fusion,98,8.5,9.5,0.6003597969018761,ema
36,s3_vlp_blocked,8.914109042937588,8.939758011878457,False,False,False,wifi_only,89,9.5,8.5,0.1910975128458228,ema
36,s3_vlp_blocked,8.914109042937588,8.939758011878457,False,False,False,vlp_only,98,8.5,9.5,0.9996052700669226,ema
36,s3_vlp_blocked,8.914109042937588,8.939758011878457,False,False,False,static_fusion,98,8.5,9.5,0.561484241831112,ema
37,s3_vlp_blocked,9.07928845907877,8.665910920697108,False,False,False,wifi_only,89,9.5,8.5,0.20611867438719622,ema
37,s3_vlp_blocked,9.07928845907877,8.665910920697108,False,False,False,vlp_only,98,8.5,9.5,0.9853140895694892,ema
37,s3_vlp_blocked,9.07928845907877,8.665910920697108,False,False,False,static_fusion,98,8.5,9.5,0.5541403051987849,ema
38,s3_vlp_blocked,9.268317079915311,8.479283196707053,False,False,False,wifi_only,88,8.5,8.5,0.1543870263307659,ema
38,s3_vlp_blocked,9.268317079915311,8.479283196707053,False,False,False,vlp_only,89,9.5,8.5,0.992368876338974,ema
38,s3_vlp_blocked,9.268317079915311,8.479283196707053,False,False,False,static_fusion,89,9.5,8.5,0.5697465640662547,ema
39,s3_vlp_blocked,9.629151173072932,8.405680386891111,False,False,False,wifi_only,88,8.5,8.5,0.17294390338885077,ema
39,s3_vlp_blocked,9.629151173072932,8.405680386891111,False,False,False,vlp_only,89,9.5,8.5,0.9999905041244415,ema
39,s3_vlp_blocked,9.629151173072932,8.405680386891111,False,False,False,static_fusion,89,9.5,8.5,0.5581247425037761,ema
40,s3_vlp_blocked,9.137911967096755,8.357214530377181,False,False,False,wifi_only,78,8.5,7.5,0.15766239096936427,ema
40,s3_vlp_blocked,9.137911967096755,8.357214530377181,False,False,False,vlp_only,89,9.5,8.5,0.9999876735064458,ema
40,s3_vlp_blocked,9.137911967096755,8.357214530377181,False,False,False,static_fusion,89,9.5,8.5,0.5614817512255518,ema
41,s3_vlp_blocked,8.850804346095984,8.419767971950433,False,False,False,wifi_only,88,8.5,8.5,0.1954771144902806,ema
41,s3_vlp_blocked,8.850804346095984,8.419767971950433,False,False,False,vlp_only,89,9.5,8.5,0.9999990713208596,ema
41,s3_vlp_blocked,8.850804346095984,8.419767971950433,False,False,False,static_fusion,89,9.5,8.5,0.5422305387162549,ema
42,s3_vlp_blocked,8.608468710412893,8.558343031691317,False,False,False,wifi_only,88,8.5,8.5,0.16472564332323444,ema
42,s3_vlp_blocked,8.608468710412893,8.558343031691317,False,False,False,vlp_only,88,8.5,8.5,0.9999999998925309,ema
42,s3_vlp_blocked,8.608468710412893,8.558343031691317,False,False,False,static_fusion,88,8.5,8.5,0.5823628216078827,ema
43,s3_vlp_blocked,8.31237088540844,8.610789569269624,False,False,False,wifi_only,77,7.5,7.5,0.13835022552477824,ema
43,s3_vlp_blocked,8.31237088540844,8.610789569269624,False,False,False,vlp_only,88,8.5,8.5,0.9999999998922421,ema
43,s3_vlp_blocked,8.31237088540844,8.610789569269624,False,False,False,static_fusion,88,8.5,8.5,0.5660332062325021,ema
44,s3_vlp_blocked,7.876973615803656,8.676310108296393,False,False,False,wifi_only,88,8.5,8.5,0.16369229788271406,ema
44,s3_vlp_blocked,7.876973615803656,8.676310108296393,False,False,False,vlp_only,88,8.5,8.5,0.999999995642364,ema
44,s3_vlp_blocked,7.876973615803656,8.676310108296393,False,False,False,static_fusion,88,8.5,8.5,0.581846146762539,ema
45,s3_vlp_blocked,7.69864374306643,8.764902399912266,False,True,False,wifi_only,97,7.5,9.5,0.18264214858269218,ema
45,s3_vlp_blocked,7.69864374306643,8.764902399912266,False,True,False,vlp_only,88,8.5,8.5,0.9999999998860869,ema
45,s3_vlp_blocked,7.69864374306643,8.764902399912266,False,True,False,static_fusion,88,8.5,8.5,0.5457576416821739,ema
46,s3_vlp_blocked,7.492119654821085,8.780131979271454,False,True,False,wifi_only,97,7.5,9.5,0.2229721472756261,ema
46,s3_vlp_blocked,7.492119654821085,8.780131979271454,False,True,False,vlp_only,88,8.5,8.5,0.9999999999010001,ema
46,s3_vlp_blocked,7.492119654821085,8.780131979271454,False,True,False,static_fusion,88,8.5,8.5,0.519838157582172,ema
47,s3_vlp_blocked,7.191471021360378,8.723132508528103,False,True,False,wifi_only,87,7.5,8.5,0.18398174513474919,ema
47,s3_vlp_blocked,7.191471021360378,8.723132508528103,False,True,False,vlp_only,88,8.5,8.5,0.9999999999010001,ema
47,s3_vlp_blocked,7.191471021360378,8.723132508528103,False,True,False,static_fusion,88,8.5,8.5,0.5384110245222047,ema
48,s3_vlp_blocked,6.992004119632241,8.748418280606632,False,True,False,wifi_only,87,7.5,8.5,0.12480006771650821,ema
48,s3_vlp_blocked,6.992004119632241,8.748418280606632,False,True,False,vlp_only,88,8.5,8.5,0.9999999999010001,ema
48,s3_vlp_blocked,6.992004119632241,8.748418280606632,False,True,False,static_fusion,88,8.5,8.5,0.5097795024012837,ema
49,s3_vlp_blocked,6.846275017181253,8.922858028731762,False,True,False,wifi_only,87,7.5,8.5,0.12565857215052523,ema
49,s3_vlp_blocked,6.846275017181253,8.922858028731762,False,True,False,vlp_only,98,8.5,9.5,0.9999998905019142,ema
49,s3_vlp_blocked,6.846275017181253,8.922858028731762,False,True,False,static_fusion,98,8.5,9.5,0.5064007742038527,ema
50,s3_vlp_blocked,6.689596236262092,9.105068122957537,False,True,False,wifi_only,76,6.5,7.5,0.1934363323962458,ema
50,s3_vlp_blocked,6.689596236262092,9.105068122957537,False,True,False,vlp_only,98,8.5,9.5,0.9911955163866739,ema
50,s3_vlp_blocked,6.689596236262092,9.105068122957537,False,True,False,static_fusion,98,8.5,9.5,0.4967652043289035,ema
51,s3_vlp_blocked,6.651524336471364,9.303485813902295,False,True,False,wifi_only,87,7.5,8.5,0.14319975976724536,ema
51,s3_vlp_blocked,6.651524336471364,9.303485813902295,False,True,False,vlp_only,97,7.5,9.5,0.999999999382332,ema
51,s3_vlp_blocked,6.651524336471364,9.303485813902295,False,True,False,static_fusion,97,7.5,9.5,0.5693857392469305,ema
52,s3_vlp_blocked,6.511030711247975,9.630572115899897,False,True,False,wifi_only,96,6.5,9.5,0.15478340792110873,ema
52,s3_vlp_blocked,6.511030711247975,9.630572115899897,False,True,False,vlp_only,97,7.5,9.5,0.9999999999010001,ema
52,s3_vlp_blocked,6.511030711247975,9.630572115899897,False,True,False,static_fusion,97,7.5,9.5,0.5744870578263069,ema
53,s3_vlp_blocked,6.420605168362592,9.834308948608536,False,True,False,wifi_only,97,7.5,9.5,0.14114119676449713,ema
53,s3_vlp_blocked,6.420605168362592,9.834308948608536,False,True,False,vlp_only,99,9.5,9.5,0.9999999999010001,ema
53,s3_vlp_blocked,6.420605168362592,9.834308948608536,False,True,False,static_fusion,99,9.5,9.5,0.5000589273918488,ema
54,s3_vlp_blocked,6.482295444389094,9.655075180886994,False,True,False,wifi_only,96,6.5,9.5,0.13962928796479884,ema
54,s3_vlp_blocked,6.482295444389094,9.655075180886994,False,True,False,vlp_only,96,6.5,9.5,0.9999999998586404,ema
54,s3_vlp_blocked,6.482295444389094,9.655075180886994,False,True,False,static_fusion,96,6.5,9.5,0.5698146439117197,ema
55,s3_vlp_blocked,6.562363950563185,9.549970952544058,False,True,False,wifi_only,96,6.5,9.5,0.18210750039581292,ema
55,s3_vlp_blocked,6.562363950563185,9.549970952544058,False,True,False,vlp_only,96,6.5,9.5,0.9999999999010001,ema
55,s3_vlp_blocked,6.562363950563185,9.549970952544058,False,True,False,static_fusion,96,6.5,9.5,0.5910537501484064,ema
56,s3_vlp_blocked,6.608994574111493,9.255964739086862,False,True,False,wifi_only,96,6.5,9.5,0.2818703868349216,ema
56,s3_vlp_blocked,6.608994574111493,9.255964739086862,False,True,False,vlp_only,99,9.5,9.5,0.9999999999010001,ema
56,s3_vlp_blocked,6.608994574111493,9.255964739086862,False,True,False,static_fusion,99,9.5,9.5,0.5000040928372219,ema
57,s3_vlp_blocked,6.638238185227195,8.788984466893778,False,True,False,wifi_only,96,6.5,9.5,0.26719327408653265,ema
57,s3_vlp_blocked,6.638238185227195,8.788984466893778,False,True,False,vlp_only,98,8.5,9.5,0.9999993198584043,ema
57,s3_vlp_blocked,6.638238185227195,8.788984466893778,False,True,False,static_fusion,98,8.5,9.5,0.5001340645597988,ema
58,s3_vlp_blocked,6.715833516903254,8.506019535638835,False,True,False,wifi_only,96,6.5,9.5,0.3308790367304581,ema
58,s3_vlp_blocked,6.715833516903254,8.506019535638835,False,True,False,vlp_only,99,9.5,9.5,0.9999999999010001,ema
58,s3_vlp_blocked,6.715833516903254,8.506019535638835,False,True,False,static_fusion,99,9.5,9.5,0.5000050307368662,ema
59,s3_vlp_blocked,6.712650009001855,8.176417392861678,False,True,False,wifi_only,96,6.5,9.5,0.21723774284562108,ema
59,s3_vlp_blocked,6.712650009001855,8.176417392861678,False,True,False,vlp_only,99,9.5,9.5,0.9999999999010001,ema
59,s3_vlp_blocked,6.712650009001855,8.176417392861678,False,True,False,static_fusion,99,9.5,9.5,0.5000098884351428,ema
60,s3_vlp_blocked,6.866771266170202,7.830791223796943,False,True,False,wifi_only,87,7.5,8.5,0.14231527436536393,ema
60,s3_vlp_blocked,6.866771266170202,7.830791223796943,False,True,False,vlp_only,95,5.5,9.5,0.9999999999010001,ema
60,s3_vlp_blocked,6.866771266170202,7.830791223796943,False,True,False,static_fusion,95,5.5,9.5,0.500000038913519,ema
61,s3_vlp_blocked,6.935196676516079,7.575933102373101,False,False,False,wifi_only,87,7.5,8.5,0.13579020397553446,ema
61,s3_vlp_blocked,6.935196676516079,7.575933102373101,False,False,False,vlp_only,99,9.5,9.5,0.9999998453974218,ema
61,s3_vlp_blocked,6.935196676516079,7.575933102373101,False,False,False,static_fusion,99,9.5,9.5,0.5001518935180052,ema
62,s3_vlp_blocked,6.925151254140051,7.098088212920689,False,False,False,wifi_only,87,7.5,8.5,0.1432720867457365,ema
62,s3_vlp_blocked,6.925151254140051,7.098088212920689,False,False,False,vlp_only,96,6.5,9.5,0.9999999999010001,ema
62,s3_vlp_blocked,6.925151254140051,7.098088212920689,False,False,False,static_fusion,96,6.5,9.5,0.5042663813951793,ema
63,s3_vlp_blocked,6.9536901632065256,6.989777604364947,False,False,False,wifi_only,87,7.5,8.5,0.13182065910435117,ema
63,s3_vlp_blocked,6.9536901632065256,6.989777604364947,False,False,False,vlp_only,76,6.5,7.5,0.9999999998723971,ema
63,s3_vlp_blocked,6.9536901632065256,6.989777604364947,False,False,False,static_fusion,76,6.5,7.5,0.5471759660070425,ema
64,s3_vlp_blocked,6.966708536003405,6.623992067365702,False,False,False,wifi_only,65,5.5,6.5,0.11389955868385696,ema
64,s3_vlp_blocked,6.966708536003405,6.623992067365702,False,False,False,vlp_only,67,7.5,6.5,0.9995908115917872,ema
64,s3_vlp_blocked,6.966708536003405,6.623992067365702,False,False,False,static_fusion,67,7.5,6.5,0.5219488697288095,ema
65,s3_vlp_blocked,7.006265988225517,6.167924934295798,False,False,False,wifi_only,67,7.5,6.5,0.1184860548815836,ema
65,s3_vlp_blocked,7.006265988225517,6.167924934295798,False,False,False,vlp_only,66,6.5,6.5,0.9999999064984292,ema
65,s3_vlp_blocked,7.006265988225517,6.167924934295798,False,False,False,static_fusion,66,6.5,6.5,0.5515080968543655,ema
66,s3_vlp_blocked,7.195573035758812,5.900698987196131,False,False,False,wifi_only,67,7.5,6.5,0.12542557039834587,ema
66,s3_vlp_blocked,7.195573035758812,5.900698987196131,False,False,False,vlp_only,66,6.5,6.5,0.9999999999010001,ema
66,s3_vlp_blocked,7.195573035758812,5.900698987196131,False,False,False,static_fusion,66,6.5,6.5,0.5555247056486992,ema
67,s3_vlp_blocked,7.214622128011173,5.480629494443392,False,False,False,wifi_only,55,5.5,5.5,0.11787089972688272,ema
67,s3_vlp_blocked,7.214622128011173,5.480629494443392,False,False,False,vlp_only,66,6.5,6.5,0.9999999999010001,ema
67,s3_vlp_blocked,7.214622128011173,5.480629494443392,False,False,False,static_fusion,66,6.5,6.5,0.5507994035142022,ema
68,s3_vlp_blocked,7.224596969394833,5.365365355851328,False,False,False,wifi_only,67,7.5,6.5,0.1471025410511195,ema
68,s3_vlp_blocked,7.224596969394833,5.365365355851328,False,False,False,vlp_only,57,7.5,5.5,0.9999999999010002,ema
68,s3_vlp_blocked,7.224596969394833,5.365365355851328,False,False,False,static_fusion,57,7.5,5.5,0.5448216800939556,ema
69,s3_vlp_blocked,7.3987606078939105,4.973012310374174,False,False,False,wifi_only,57,7.5,5.5,0.14528601448147244,ema
69,s3_vlp_blocked,7.3987606078939105,4.973012310374174,False,False,False,vlp_only,57,7.5,5.5,0.9999999999010002,ema
69,s3_vlp_blocked,7.3987606078939105,4.973012310374174,False,False,False,static_fusion,57,7.5,5.5,0.5726430071912363,ema
70,s3_vlp_blocked,7.635914401899096,4.715226258016342,False,False,False,wifi_only,57,7.5,5.5,0.1321666078199361,ema
70,s3_vlp_blocked,7.635914401899096,4.715226258016342,False,False,False,vlp_only,57,7.5,5.5,0.9999999998990682,ema
70,s3_vlp_blocked,7.635914401899096,4.715226258016342,False,False,False,static_fusion,57,7.5,5.5,0.566083303859502,ema
71,s3_vlp_blocked,7.871357392106725,4.543524489496297,False,False,False,wifi_only,58,8.5,5.5,0.15210581840948775,ema
71,s3_vlp_blocked,7.871357392106725,4.543524489496297,False,False,False,vlp_only,47,7.5,4.5,0.9999999995173292,ema
71,s3_vlp_blocked,7.871357392106725,4.543524489496297,False,False,False,static_fusion,47,7.5,4.5,0.547525122481106,ema
72,s3_vlp_blocked,8.272955973874682,4.373796974104669,False,False,False,wifi_only,58,8.5,5.5,0.17133140465304703,ema
72,s3_vlp_blocked,8.272955973874682,4.373796974104669,False,False,False,vlp_only,47,7.5,4.5,0.999996165178445,ema
72,s3_vlp_blocked,8.272955973874682,4.373796974104669,False,False,False,static_fusion,47,7.5,4.5,0.5554528550461758,ema
73,s3_vlp_blocked,8.62151579149036,4.028494957379147,False,False,False,wifi_only,48,8.5,4.5,0.18780428377966338,ema
73,s3_vlp_blocked,8.62151579149036,4.028494957379147,False,False,False,vlp_only,48,8.5,4.5,0.7198393803986853,ema
73,s3_vlp_blocked,8.62151579149036,4.028494957379147,False,False,False,static_fusion,48,8.5,4.5,0.45382183208917426,ema
74,s3_vlp_blocked,8.748435457425892,3.685738487590071,False,False,False,wifi_only,48,8.5,4.5,0.166373441333529,ema
74,s3_vlp_blocked,8.748435457425892,3.685738487590071,False,False,False,vlp_only,48,8.5,4.5,0.9997513019201765,ema
74,s3_vlp_blocked,8.748435457425892,3.685738487590071,False,False,False,static_fusion,48,8.5,4.5,0.5830623716268527,ema
75,s3_vlp_blocked,8.835085190139699,3.5526052200138745,False,True,False,wifi_only,49,9.5,4.5,0.21373376059641447,ema
75,s3_vlp_blocked,8.835085190139699,3.5526052200138745,False,True,False,vlp_only,39,9.5,3.5,0.9999999999010002,ema
75,s3_vlp_blocked,8.835085190139699,3.5526052200138745,False,True,False,static_fusion,39,9.5,3.5,0.587775757390163,ema
76,s3_vlp_blocked,8.909093693609096,3.3558416683741257,False,True,False,wifi_only,49,9.5,4.5,0.23481144601716347,ema
76,s3_vlp_blocked,8.909093693609096,3.3558416683741257,False,True,False,vlp_only,39,9.5,3.5,0.9999999999010002,ema
76,s3_vlp_blocked,8.909093693609096,3.3558416683741257,False,True,False,static_fusion,39,9.5,3.5,0.6090078488713847,ema
77,s3_vlp_blocked,9.099711473119482,3.177715842546163,False,True,False,wifi_only,38,8.5,3.5,0.18823824553590573,ema
77,s3_vlp_blocked,9.099711473119482,3.177715842546163,False,True,False,vlp_only,48,8.5,4.5,0.9898003281649185,ema
77,s3_vlp_blocked,9.099711473119482,3.177715842546163,False,True,False,static_fusion,48,8.5,4.5,0.5701146109661384,ema
78,s3_vlp_blocked,9.333851006911315,2.7984046692967013,False,True,False,wifi_only,38,8.5,3.5,0.27086802557338024,ema
78,s3_vlp_blocked,9.333851006911315,2.7984046692967013,False,True,False,vlp_only,39,9.5,3.5,0.9999999999010002,ema
78,s3_vlp_blocked,9.333851006911315,2.7984046692967013,False,True,False,static_fusion,39,9.5,3.5,0.6241307811465673,ema
79,s3_vlp_blocked,9.466292753776418,2.334363853065204,False,True,False,wifi_only,38,8.5,3.5,0.22571648374463638,ema
79,s3_vlp_blocked,9.466292753776418,2.334363853065204,False,True,False,vlp_only,39,9.5,3.5,0.9999999999010002,ema
79,s3_vlp_blocked,9.466292753776418,2.334363853065204,False,True,False,static_fusion,39,9.5,3.5,0.6022953777791358,ema
80,s3_vlp_blocked,9.611899936659418,2.123312718823533,False,True,False,wifi_only,29,9.5,2.5,0.3549523731687613,ema
80,s3_vlp_blocked,9.611899936659418,2.123312718823533,False,True,False,vlp_only,19,9.5,1.5,0.9535978028226982,ema
80,s3_vlp_blocked,9.611899936659418,2.123312718823533,False,True,False,static_fusion,19,9.5,1.5,0.4768336426774928,ema
81,s3_vlp_blocked,9.858322040787618,1.7145087247330029,False,True,False,wifi_only,29,9.5,2.5,0.3885493121873348,ema
81,s3_vlp_blocked,9.858322040787618,1.7145087247330029,False,True,False,vlp_only,19,9.5,1.5,0.9999999996879921,ema
81,s3_vlp_blocked,9.858322040787618,1.7145087247330029,False,True,False,static_fusion,19,9.5,1.5,0.5002024782611891,ema
82,s3_vlp_blocked,9.758809756481527,1.8587665766892736,False,True,False,wifi_only,29,9.5,2.5,0.5609383458560865,ema
82,s3_vlp_blocked,9.758809756481527,1.8587665766892736,False,True,False,vlp_only,9,9.5,0.5,0.9999999999010003,ema
82,s3_vlp_blocked,9.758809756481527,1.8587665766892736,False,True,False,static_fusion,9,9.5,0.5,0.5013848491808885,ema
83,s3_vlp_blocked,9.674741536762076,1.980219721792202,False,True,False,wifi_only,29,9.5,2.5,0.5373039663806541,ema
83,s3_vlp_blocked,9.674741536762076,1.980219721792202,False,True,False,vlp_only,9,9.5,0.5,0.9999999999010003,ema
83,s3_vlp_blocked,9.674741536762076,1.980219721792202,False,True,False,static_fusion,9,9.5,0.5,0.5025875928055749,ema
84,s3_vlp_blocked,9.543539060630476,2.38811292843674,False,True,False,wifi_only,29,9.5,2.5,0.5025664520469443,ema
84,s3_vlp_blocked,9.543539060630476,2.38811292843674,False,True,False,vlp_only,9,9.5,0.5,0.9999999999010003,ema
84,s3_vlp_blocked,9.543539060630476,2.38811292843674,False,True,False,static_fusion,9,9.5,0.5,0.5024333870717383,ema
85,s3_vlp_blocked,9.538461254265044,2.548657706440192,False,True,False,wifi_only,29,9.5,2.5,0.5409302372200722,ema
85,s3_vlp_blocked,9.538461254265044,2.548657706440192,False,True,False,vlp_only,9,9.5,0.5,0.9999999999010003,ema
85,s3_vlp_blocked,9.538461254265044,2.548657706440192,False,True,False,static_fusion,9,9.5,0.5,0.5046409392474109,ema
86,s3_vlp_blocked,9.544593459510066,2.7077556794947983,False,False,False,wifi_only,29,9.5,2.5,0.4485134665317457,ema
86,s3_vlp_blocked,9.544593459510066,2.7077556794947983,False,False,False,vlp_only,9,9.5,0.5,0.9999999999010003,ema
86,s3_vlp_blocked,9.544593459510066,2.7077556794947983,False,False,False,static_fusion,9,9.5,0.5,0.5037007546063708,ema
87,s3_vlp_blocked,9.633379023943917,3.061085408030138,False,False,False,wifi_only,29,9.5,2.5,0.33959324633084365,ema
87,s3_vlp_blocked,9.633379023943917,3.061085408030138,False,False,False,vlp_only,9,9.5,0.5,0.9999968698050581,ema
87,s3_vlp_blocked,9.633379023943917,3.061085408030138,False,False,False,static_fusion,9,9.5,0.5,0.500110498111518,ema
88,s3_vlp_blocked,9.752600157839524,3.198956190033732,False,False,False,wifi_only,28,8.5,2.5,0.21568432560385042,ema
88,s3_vlp_blocked,9.752600157839524,3.198956190033732,False,False,False,vlp_only,39,9.5,3.5,0.9999999999010002,ema
88,s3_vlp_blocked,9.752600157839524,3.198956190033732,False,False,False,static_fusion,39,9.5,3.5,0.5371095282120912,ema
89,s3_vlp_blocked,9.40578903862998,2.8552477628804214,False,False,False,wifi_only,29,9.5,2.5,0.3234842279339659,ema
89,s3_vlp_blocked,9.40578903862998,2.8552477628804214,False,False,False,vlp_only,39,9.5,3.5,0.9999999999010002,ema
89,s3_vlp_blocked,9.40578903862998,2.8552477628804214,False,False,False,static_fusion,39,9.5,3.5,0.5306639529577418,ema
90,s3_vlp_blocked,9.127964250423506,2.698331211248074,False,False,False,wifi_only,27,7.5,2.5,0.19637172741638217,ema
90,s3_vlp_blocked,9.127964250423506,2.698331211248074,False,False,False,vlp_only,29,9.5,2.5,0.9999999999010002,ema
90,s3_vlp_blocked,9.127964250423506,2.698331211248074,False,False,False,static_fusion,29,9.5,2.5,0.5614047158985797,ema
91,s3_vlp_blocked,8.800406594259712,2.6051004251712406,False,False,False,wifi_only,27,7.5,2.5,0.19792472457526586,ema
91,s3_vlp_blocked,8.800406594259712,2.6051004251712406,False,False,False,vlp_only,29,9.5,2.5,0.9999999999010002,ema
91,s3_vlp_blocked,8.800406594259712,2.6051004251712406,False,False,False,static_fusion,29,9.5,2.5,0.5605117613454533,ema
92,s3_vlp_blocked,8.550281299097398,2.456641319624944,False,False,False,wifi_only,27,7.5,2.5,0.20559645033156154,ema
92,s3_vlp_blocked,8.550281299097398,2.456641319624944,False,False,False,vlp_only,29,9.5,2.5,0.9999999999010002,ema
92,s3_vlp_blocked,8.550281299097398,2.456641319624944,False,False,False,static_fusion,29,9.5,2.5,0.540793095136904,ema
93,s3_vlp_blocked,8.206258987477604,2.220074095586588,False,False,False,wifi_only,7,7.5,0.5,0.1814470389540401,ema
93,s3_vlp_blocked,8.206258987477604,2.220074095586588,False,False,False,vlp_only,28,8.5,2.5,0.9999999952145001,ema
93,s3_vlp_blocked,8.206258987477604,2.220074095586588,False,False,False,static_fusion,28,8.5,2.5,0.5629621147402842,ema
94,s3_vlp_blocked,7.989681515495209,2.1664204126445497,False,False,False,wifi_only,28,8.5,2.5,0.19746938398237274,ema
94,s3_vlp_blocked,7.989681515495209,2.1664204126445497,False,False,False,vlp_only,28,8.5,2.5,0.9999999574039823,ema
94,s3_vlp_blocked,7.989681515495209,2.1664204126445497,False,False,False,static_fusion,28,8.5,2.5,0.5987346706931775,ema
95,s3_vlp_blocked,7.820856477729749,2.216688844603764,False,False,False,wifi_only,28,8.5,2.5,0.229410920156831,ema
95,s3_vlp_blocked,7.820856477729749,2.216688844603764,False,False,False,vlp_only,28,8.5,2.5,0.9999994497245226,ema
95,s3_vlp_blocked,7.820856477729749,2.216688844603764,False,False,False,static_fusion,28,8.5,2.5,0.6147051849406768,ema
96,s3_vlp_blocked,7.438849577500529,2.091977264871964,False,False,False,wifi_only,27,7.5,2.5,0.26781577326557554,ema
96,s3_vlp_blocked,7.438849577500529,2.091977264871964,False,False,False,vlp_only,28,8.5,2.5,0.9982465617885837,ema
96,s3_vlp_blocked,7.438849577500529,2.091977264871964,False,False,False,static_fusion,28,8.5,2.5,0.5354066498873299,ema
97,s3_vlp_blocked,7.303823403549243,2.032738937171799,False,False,False,wifi_only,27,7.5,2.5,0.28925762676772643,ema
97,s3_vlp_blocked,7.303823403549243,2.032738937171799,False,False,False,vlp_only,27,7.5,2.5,0.9997057229332813,ema
97,s3_vlp_blocked,7.303823403549243,2.032738937171799,False,False,False,static_fusion,27,7.5,2.5,0.6444816748505039,ema
98,s3_vlp_blocked,7.052510845305025,1.9258529473001484,False,False,False,wifi_only,27,7.5,2.5,0.24619175614352684,ema
98,s3_vlp_blocked,7.052510845305025,1.9258529473001484,False,False,False,vlp_only,27,7.5,2.5,0.9999822020267324,ema
98,s3_vlp_blocked,7.052510845305025,1.9258529473001484,False,False,False,static_fusion,27,7.5,2.5,0.6230869790851297,ema
99,s3_vlp_blocked,6.623312112175848,1.726390708485309,False,False,False,wifi_only,27,7.5,2.5,0.2223711301243938,ema
99,s3_vlp_blocked,6.623312112175848,1.726390708485309,False,False,False,vlp_only,17,7.5,1.5,0.8770197569187332,ema
99,s3_vlp_blocked,6.623312112175848,1.726390708485309,False,False,False,static_fusion,17,7.5,1.5,0.47040754329023454,ema
0,s4_mixed_dynamic,7.708518498956285,6.537185189018777,False,False,True,wifi_only,56,6.5,5.5,0.1193418966794735,raw
0,s4_mixed_dynamic,7.708518498956285,6.537185189018777,False,False,True,vlp_only,67,7.5,6.5,0.999999999712284,raw
0,s4_mixed_dynamic,7.708518498956285,6.537185189018777,False,False,True,static_fusion,67,7.5,6.5,0.5289602402292867,raw
1,s4_mixed_dynamic,7.762228944549189,6.781375783910273,False,False,True,wifi_only,88,8.5,8.5,0.14586990028063365,raw
1,s4_mixed_dynamic,7.762228944549189,6.781375783910273,False,False,True,vlp_only,67,7.5,6.5,0.9999985802977709,raw
1,s4_mixed_dynamic,7.762228944549189,6.781375783910273,False,False,True,static_fusion,67,7.5,6.5,0.5260635730964689,raw
2,s4_mixed_dynamic,7.839130958677583,7.167874595498286,False,False,True,wifi_only,69,9.5,6.5,0.18626106226179015,raw
2,s4_mixed_dynamic,7.839130958677583,7.167874595498286,False,False,True,vlp_only,78,8.5,7.5,0.7854730483531515,raw
2,s4_mixed_dynamic,7.839130958677583,7.167874595498286,False,False,True,static_fusion,78,8.5,7.5,0.41462922799566193,raw
3,s4_mixed_dynamic,7.94346543019908,7.5103051184045535,False,False,True,wifi_only,88,8.5,8.5,0.16669095423293848,raw
3,s4_mixed_dynamic,7.94346543019908,7.5103051184045535,False,False,True,vlp_only,78,8.5,7.5,0.9999960984096948,raw
3,s4_mixed_dynamic,7.94346543019908,7.5103051184045535,False,False,True,static_fusion,78,8.5,7.5,0.5624322062326046,raw
4,s4_mixed_dynamic,7.999186140694022,7.623886621271602,False,False,True,wifi_only,98,8.5,9.5,0.2471387819919515,raw
4,s4_mixed_dynamic,7.999186140694022,7.623886621271602,False,False,True,vlp_only,78,8.5,7.5,0.9839214499462148,raw
4,s4_mixed_dynamic,7.999186140694022,7.623886621271602,False,False,True,static_fusion,78,8.5,7.5,0.49433140725511426,raw
5,s4_mixed_dynamic,8.226562675373907,7.955827377167044,False,False,True,wifi_only,67,7.5,6.5,0.11449349415000334,raw
5,s4_mixed_dynamic,8.226562675373907,7.955827377167044,False,False,True,vlp_only,88,8.5,8.5,0.9999789561788966,raw
5,s4_mixed_dynamic,8.226562675373907,7.955827377167044,False,False,True,static_fusion,88,8.5,8.5,0.5271503227502905,raw
6,s4_mixed_dynamic,8.280648608306477,8.135508799595996,False,False,True,wifi_only,97,7.5,9.5,0.23185004106756354,raw
6,s4_mixed_dynamic,8.280648608306477,8.135508799595996,False,False,True,vlp_only,88,8.5,8.5,0.9998552474034369,raw
6,s4_mixed_dynamic,8.280648608306477,8.135508799595996,False,False,True,static_fusion,88,8.5,8.5,0.5333237267004722,raw
7,s4_mixed_dynamic,8.426531854440203,8.334139776009467,False,False,True,wifi_only,88,8.5,8.5,0.171276954711825,raw
7,s4_mixed_dynamic,8.426531854440203,8.334139776009467,False,False,True,vlp_only,88,8.5,8.5,0.9999999607044348,raw
7,s4_mixed_dynamic,8.426531854440203,8.334139776009467,False,False,True,static_fusion,88,8.5,8.5,0.5856384577081297,raw
8,s4_mixed_dynamic,8.640813839766498,8.694587576233882,False,False,True,wifi_only,98,8.5,9.5,0.2340420183942152,raw
8,s4_mixed_dynamic,8.640813839766498,8.694587576233882,False,False,True,vlp_only,88,8.5,8.5,0.9999999999010001,raw
8,s4_mixed_dynamic,8.640813839766498,8.694587576233882,False,False,True,static_fusion,88,8.5,8.5,0.5522796371879771,raw
9,s4_mixed_dynamic,8.773434572913224,8.991156753090223,False,False,True,wifi_only,88,8.5,8.5,0.10218725942856291,raw
9,s4_mixed_dynamic,8.773434572913224,8.991156753090223,False,False,True,vlp_only,98,8.5,9.5,0.9999405103453143,raw
9,s4_mixed_dynamic,8.773434572913224,8.991156753090223,False,False,True,static_fusion,98,8.5,9.5,0.5448703661600003,raw
10,s4_mixed_dynamic,8.969081214365445,9.315966535180728,True,False,True,wifi_only,96,6.5,9.5,0.5199576115597442,raw
10,s4_mixed_dynamic,8.969081214365445,9.315966535180728,True,False,True,vlp_only,98,8.5,9.5,0.9999996612049108,raw
10,s4_mixed_dynamic,8.969081214365445,9.315966535180728,True,False,True,static_fusion,98,8.5,9.5,0.5093355057782709,raw
11,s4_mixed_dynamic,9.158262661443551,9.76651178862036,True,False,True,wifi_only,99,9.5,9.5,0.26187684700237807,raw
11,s4_mixed_dynamic,9.158262661443551,9.76651178862036,True,False,True,vlp_only,99,9.5,9.5,0.9999999999010001,raw
11,s4_mixed_dynamic,9.158262661443551,9.76651178862036,True,False,True,static_fusion,99,9.5,9.5,0.630938423451689,raw
12,s4_mixed_dynamic,9.226935916965898,9.928675601070118,True,False,True,wifi_only,99,9.5,9.5,0.5598000262104887,raw
12,s4_mixed_dynamic,9.226935916965898,9.928675601070118,True,False,True,vlp_only,99,9.5,9.5,0.9999999999010001,raw
12,s4_mixed_dynamic,9.226935916965898,9.928675601070118,True,False,True,static_fusion,99,9.5,9.5,0.7799000130557444,raw
13,s4_mixed_dynamic,9.28457534064934,9.54739973958025,True,False,True,wifi_only,89,9.5,8.5,0.2196123498104509,raw
13,s4_mixed_dynamic,9.28457534064934,9.54739973958025,True,False,True,vlp_only,99,9.5,9.5,0.9999999999010001,raw
13,s4_mixed_dynamic,9.28457534064934,9.54739973958025,True,False,True,static_fusion,99,9.5,9.5,0.5767466268402062,raw
14,s4_mixed_dynamic,9.55154708556551,9.187880405968292,True,False,True,wifi_only,99,9.5,9.5,0.6449375418301418,raw
14,s4_mixed_dynamic,9.55154708556551,9.187880405968292,True,False,True,vlp_only,99,9.5,9.5,0.9999999999010001,raw
14,s4_mixed_dynamic,9.55154708556551,9.187880405968292,True,False,True,static_fusion,99,9.5,9.5,0.8224687708655709,raw
15,s4_mixed_dynamic,9.66616567574389,8.964158259736895,True,False,True,wifi_only,91,1.5,9.5,0.28139028007912115,raw
15,s4_mixed_dynamic,9.66616567574389,8.964158259736895,True,False,True,vlp_only,99,9.5,9.5,0.9999999999010001,raw
15,s4_mixed_dynamic,9.66616567574389,8.964158259736895,True,False,True,static_fusion,99,9.5,9.5,0.5003580654288221,raw
16,s4_mixed_dynamic,9.783739284953958,8.603729760291959,True,False,True,wifi_only,55,5.5,5.5,0.12140963829429433,raw
16,s4_mixed_dynamic,9.783739284953958,8.603729760291959,True,False,True,vlp_only,99,9.5,9.5,0.9999999999010001,raw
16,s4_mixed_dynamic,9.783739284953958,8.603729760291959,True,False,True,static_fusion,99,9.5,9.5,0.5001201807115434,raw
17,s4_mixed_dynamic,9.816728934060924,8.290196131329282,True,False,True,wifi_only,98,8.5,9.5,0.25963202374246896,raw
17,s4_mixed_dynamic,9.816728934060924,8.290196131329282,True,False,True,vlp_only,99,9.5,9.5,0.9999999999010001,raw
17,s4_mixed_dynamic,9.816728934060924,8.290196131329282,True,False,True,static_fusion,99,9.5,9.5,0.5265446025028016,raw
18,s4_mixed_dynamic,9.898369940505676,8.170920930516099,True,False,True,wifi_only,99,9.5,9.5,0.3360679094593125,raw
18,s4_mixed_dynamic,9.898369940505676,8.170920930516099,True,False,True,vlp_only,99,9.5,9.5,0.9999999999010001,raw
18,s4_mixed_dynamic,9.898369940505676,8.170920930516099,True,False,True,static_fusion,99,9.5,9.5,0.6680339546801563,raw
19,s4_mixed_dynamic,9.760036529571131,8.31653053319644,True,False,True,wifi_only,59,9.5,5.5,0.2948885458521137,raw
19,s4_mixed_dynamic,9.760036529571131,8.31653053319644,True,False,True,vlp_only,89,9.5,8.5,0.999999934457516,raw
19,s4_mixed_dynamic,9.760036529571131,8.31653053319644,True,False,True,static_fusion,89,9.5,8.5,0.5333604005524241,raw
20,s4_mixed_dynamic,9.637633694040824,8.49751598572513,True,False,True,wifi_only,99,9.5,9.5,0.7289899967229614,raw
20,s4_mixed_dynamic,9.637633694040824,8.49751598572513,True,False,True,vlp_only,89,9.5,8.5,0.9999967587897433,raw
20,s4_mixed_dynamic,9.637633694040824,8.49751598572513,True,False,True,static_fusion,89,9.5,8.5,0.5747330397067835,raw
21,s4_mixed_dynamic,9.488164788775736,8.737066335022115,True,False,True,wifi_only,99,9.5,9.5,0.8169058999305261,raw
21,s4_mixed_dynamic,9.488164788775736,8.737066335022115,True,False,True,vlp_only,89,9.5,8.5,0.9872688669647945,raw
21,s4_mixed_dynamic,9.488164788775736,8.737066335022115,True,False,True,static_fusion,89,9.5,8.5,0.552199600603393,raw
22,s4_mixed_dynamic,9.401483371555605,8.971936242221727,True,False,True,wifi_only,98,8.5,9.5,0.3317522268820625,raw
22,s4_mixed_dynamic,9.401483371555605,8.971936242221727,True,False,True,vlp_only,89,9.5,8.5,0.9767530916826633,raw
22,s4_mixed_dynamic,9.401483371555605,8.971936242221727,True,False,True,static_fusion,89,9.5,8.5,0.5278557641941025,raw
23,s4_mixed_dynamic,9.373588623793506,9.260353868533857,False,False,True,wifi_only,98,8.5,9.5,0.19900089257713577,raw
23,s4_mixed_dynamic,9.373588623793506,9.260353868533857,False,False,True,vlp_only,99,9.5,9.5,0.9999999999010001,raw
23,s4_mixed_dynamic,9.373588623793506,9.260353868533857,False,False,True,static_fusion,99,9.5,9.5,0.539234064253549,raw
24,s4_mixed_dynamic,9.127375220319832,9.429716922223497,False,False,True,wifi_only,99,9.5,9.5,0.4458921080722522,raw
24,s4_mixed_dynamic,9.127375220319832,9.429716922223497,False,False,True,vlp_only,98,8.5,9.5,0.9987951865728233,raw
24,s4_mixed_dynamic,9.127375220319832,9.429716922223497,False,False,True,static_fusion,98,8.5,9.5,0.5910652911789075,raw
25,s4_mixed_dynamic,8.726509377545842,9.486750180536124,False,True,True,wifi_only,98,8.5,9.5,0.20748581963354618,raw
25,s4_mixed_dynamic,8.726509377545842,9.486750180536124,False,True,True,vlp_only,55,5.5,5.5,0.9999999999010002,raw
25,s4_mixed_dynamic,8.726509377545842,9.486750180536124,False,True,True,static_fusion,55,5.5,5.5,0.5002224554243476,raw
26,s4_mixed_dynamic,8.556615925716626,9.685615586341887,False,True,True,wifi_only,78,8.5,7.5,0.14476079975667305,raw
26,s4_mixed_dynamic,8.556615925716626,9.685615586341887,False,True,True,vlp_only,98,8.5,9.5,0.9999991446184238,raw
26,s4_mixed_dynamic,8.556615925716626,9.685615586341887,False,True,True,static_fusion,98,8.5,9.5,0.5193028626934466,raw
27,s4_mixed_dynamic,8.275272196622463,9.90949250147166,False,True,True,wifi_only,97,7.5,9.5,0.22788178330888448,raw
27,s4_mixed_dynamic,8.275272196622463,9.90949250147166,False,True,True,vlp_only,55,5.5,5.5,0.9999999999010002,raw
27,s4_mixed_dynamic,8.275272196622463,9.90949250147166,False,True,True,static_fusion,55,5.5,5.5,0.5001955648347939,raw
28,s4_mixed_dynamic,8.516464193829812,9.620395436542294,False,True,True,wifi_only,97,7.5,9.5,0.2636814652551186,raw
28,s4_mixed_dynamic,8.516464193829812,9.620395436542294,False,True,True,vlp_only,98,8.5,9.5,0.9999999723360208,raw
28,s4_mixed_dynamic,8.516464193829812,9.620395436542294,False,True,True,static_fusion,98,8.5,9.5,0.6204829976988478,raw
29,s4_mixed_dynamic,8.726745769238578,9.594339738596462,False,True,True,wifi_only,98,8.5,9.5,0.15201097158220023,raw
29,s4_mixed_dynamic,8.726745769238578,9.594339738596462,False,True,True,vlp_only,89,9.5,8.5,0.9999999999010001,raw
29,s4_mixed_dynamic,8.726745769238578,9.594339738596462,False,True,True,static_fusion,89,9.5,8.5,0.5313906428386969,raw
30,s4_mixed_dynamic,8.943827322619104,9.579744922705936,False,True,True,wifi_only,98,8.5,9.5,0.19365978927639194,raw
30,s4_mixed_dynamic,8.943827322619104,9.579744922705936,False,True,True,vlp_only,99,9.5,9.5,0.9999155208605867,raw
30,s4_mixed_dynamic,8.943827322619104,9.579744922705936,False,True,True,static_fusion,99,9.5,9.5,0.5185481146298814,raw
31,s4_mixed_dynamic,9.351601400735191,9.795243901577573,False,True,True,wifi_only,98,8.5,9.5,0.29061883148380885,raw
31,s4_mixed_dynamic,9.351601400735191,9.795243901577573,False,True,True,vlp_only,99,9.5,9.5,0.9999999999010001,raw
31,s4_mixed_dynamic,9.351601400735191,9.795243901577573,False,True,True,static_fusion,99,9.5,9.5,0.6449233862719355,raw
32,s4_mixed_dynamic,9.577016681956424,9.919176372465715,False,True,True,wifi_only,98,8.5,9.5,0.2837934987653664,raw
32,s4_mixed_dynamic,9.577016681956424,9.919176372465715,False,True,True,vlp_only,99,9.5,9.5,0.9999999999010001,raw
32,s4_mixed_dynamic,9.577016681956424,9.919176372465715,False,True,True,static_fusion,99,9.5,9.5,0.632924053518573,raw
33,s4_mixed_dynamic,9.147990241252389,9.767587766470918,False,True,True,wifi_only,89,9.5,8.5,0.20052439249246332,raw
33,s4_mixed_dynamic,9.147990241252389,9.767587766470918,False,True,True,vlp_only,99,9.5,9.5,0.9999999999010001,raw
33,s4_mixed_dynamic,9.147990241252389,9.767587766470918,False,True,True,static_fusion,99,9.5,9.5,0.5856499323064219,raw
34,s4_mixed_dynamic,8.966209639861209,9.397254516581212,False,True,True,wifi_only,91,1.5,9.5,0.1813208981578533,raw
34,s4_mixed_dynamic,8.966209639861209,9.397254516581212,False,True,True,vlp_only,89,9.5,8.5,0.8860767778874237,raw
34,s4_mixed_dynamic,8.966209639861209,9.397254516581212,False,True,True,static_fusion,89,9.5,8.5,0.4486897895835398,raw
35,s4_mixed_dynamic,8.92197380793632,9.185323746168985,False,True,True,wifi_only,78,8.5,7.5,0.16693203161867576,raw
35,s4_mixed_dynamic,8.92197380793632,9.185323746168985,False,True,True,vlp_only,55,5.5,5.5,0.9999999999010002,raw
35,s4_mixed_dynamic,8.92197380793632,9.185323746168985,False,True,True,static_fusion,55,5.5,5.5,0.5019341175229747,raw
36,s4_mixed_dynamic,8.914109042937588,8.939758011878457,False,True,True,wifi_only,78,8.5,7.5,0.11368517863636084,raw
36,s4_mixed_dynamic,8.914109042937588,8.939758011878457,False,True,True,vlp_only,95,5.5,9.5,0.9999999999010001,raw
36,s4_mixed_dynamic,8.914109042937588,8.939758011878457,False,True,True,static_fusion,95,5.5,9.5,0.49999999995100003,raw
37,s4_mixed_dynamic,9.07928845907877,8.665910920697108,False,True,True,wifi_only,88,8.5,8.5,0.1746886255229992,raw
37,s4_mixed_dynamic,9.07928845907877,8.665910920697108,False,True,True,vlp_only,89,9.5,8.5,0.9999999996831983,raw
37,s4_mixed_dynamic,9.07928845907877,8.665910920697108,False,True,True,static_fusion,89,9.5,8.5,0.5686031539648811,raw
38,s4_mixed_dynamic,9.268317079915311,8.479283196707053,False,True,True,wifi_only,78,8.5,7.5,0.17289281202691995,raw
38,s4_mixed_dynamic,9.268317079915311,8.479283196707053,False,True,True,vlp_only,95,5.5,9.5,0.9999999999010001,raw
38,s4_mixed_dynamic,9.268317079915311,8.479283196707053,False,True,True,static_fusion,95,5.5,9.5,0.49999999995100003,raw
39,s4_mixed_dynamic,9.629151173072932,8.405680386891111,False,False,True,wifi_only,79,9.5,7.5,0.15529799209452672,raw
39,s4_mixed_dynamic,9.629151173072932,8.405680386891111,False,False,True,vlp_only,89,9.5,8.5,0.9999436115213924,raw
39,s4_mixed_dynamic,9.629151173072932,8.405680386891111,False,False,True,static_fusion,89,9.5,8.5,0.5732813472655438,raw
40,s4_mixed_dynamic,9.137911967096755,8.357214530377181,False,False,True,wifi_only,79,9.5,7.5,0.25786710087808234,raw
40,s4_mixed_dynamic,9.137911967096755,8.357214530377181,False,False,True,vlp_only,89,9.5,8.5,0.9981815479347711,raw
40,s4_mixed_dynamic,9.137911967096755,8.357214530377181,False,False,True,static_fusion,89,9.5,8.5,0.6182564500739886,raw
41,s4_mixed_dynamic,8.850804346095984,8.419767971950433,False,False,True,wifi_only,78,8.5,7.5,0.0841051478524937,raw
41,s4_mixed_dynamic,8.850804346095984,8.419767971950433,False,False,True,vlp_only,88,8.5,8.5,0.9999999998918954,raw
41,s4_mixed_dynamic,8.850804346095984,8.419767971950433,False,False,True,static_fusion,88,8.5,8.5,0.5323899624398566,raw
42,s4_mixed_dynamic,8.608468710412893,8.558343031691317,False,False,True,wifi_only,98,8.5,9.5,0.3037018071496984,raw
42,s4_mixed_dynamic,8.608468710412893,8.558343031691317,False,False,True,vlp_only,88,8.5,8.5,0.9999999999010001,raw
42,s4_mixed_dynamic,8.608468710412893,8.558343031691317,False,False,True,static_fusion,88,8.5,8.5,0.5725614140636337,raw
43,s4_mixed_dynamic,8.31237088540844,8.610789569269624,False,False,True,wifi_only,98,8.5,9.5,0.17922357904745495,raw
43,s4_mixed_dynamic,8.31237088540844,8.610789569269624,False,False,True,vlp_only,88,8.5,8.5,0.9999999961708819,raw
43,s4_mixed_dynamic,8.31237088540844,8.610789569269624,False,False,True,static_fusion,88,8.5,8.5,0.5785396882795577,raw
44,s4_mixed_dynamic,7.876973615803656,8.676310108296393,False,False,True,wifi_only,87,7.5,8.5,0.19121650258313347,raw
44,s4_mixed_dynamic,7.876973615803656,8.676310108296393,False,False,True,vlp_only,87,7.5,8.5,0.9227410691895608,raw
44,s4_mixed_dynamic,7.876973615803656,8.676310108296393,False,False,True,static_fusion,87,7.5,8.5,0.5569787858863471,raw
45,s4_mixed_dynamic,7.69864374306643,8.764902399912266,True,False,True,wifi_only,40,0.5,4.5,0.2960656289741946,raw
45,s4_mixed_dynamic,7.69864374306643,8.764902399912266,True,False,True,vlp_only,87,7.5,8.5,0.9999703610403327,raw
45,s4_mixed_dynamic,7.69864374306643,8.764902399912266,True,False,True,static_fusion,87,7.5,8.5,0.49998518059187314,raw
46,s4_mixed_dynamic,7.492119654821085,8.780131979271454,True,False,True,wifi_only,80,0.5,8.5,0.2612610257269294,raw
46,s4_mixed_dynamic,7.492119654821085,8.780131979271454,True,False,True,vlp_only,87,7.5,8.5,0.9999999751433699,raw
46,s4_mixed_dynamic,7.492119654821085,8.780131979271454,True,False,True,static_fusion,87,7.5,8.5,0.500000089349757,raw
47,s4_mixed_dynamic,7.191471021360378,8.723132508528103,True,False,True,wifi_only,92,2.5,9.5,0.3154557751900743,raw
47,s4_mixed_dynamic,7.191471021360378,8.723132508528103,True,False,True,vlp_only,87,7.5,8.5,0.9999999999010001,raw
47,s4_mixed_dynamic,7.191471021360378,8.723132508528103,True,False,True,static_fusion,87,7.5,8.5,0.5173846503930501,raw
48,s4_mixed_dynamic,6.992004119632241,8.748418280606632,True,False,True,wifi_only,97,7.5,9.5,0.323373996005365,raw
48,s4_mixed_dynamic,6.992004119632241,8.748418280606632,True,False,True,vlp_only,97,7.5,9.5,0.8030515947662579,raw
48,s4_mixed_dynamic,6.992004119632241,8.748418280606632,True,False,True,static_fusion,97,7.5,9.5,0.5632127953858115,raw
49,s4_mixed_dynamic,6.846275017181253,8.922858028731762,True,False,True,wifi_only,97,7.5,9.5,0.320666313216491,raw
49,s4_mixed_dynamic,6.846275017181253,8.922858028731762,True,False,True,vlp_only,97,7.5,9.5,0.8477303043911111,raw
49,s4_mixed_dynamic,6.846275017181253,8.922858028731762,True,False,True,static_fusion,97,7.5,9.5,0.584198308803801,raw
50,s4_mixed_dynamic,6.689596236262092,9.105068122957537,True,False,True,wifi_only,90,0.5,9.5,0.6564033159278503,raw
50,s4_mixed_dynamic,6.689596236262092,9.105068122957537,True,False,True,vlp_only,86,6.5,8.5,0.9999999999010001,raw
50,s4_mixed_dynamic,6.689596236262092,9.105068122957537,True,False,True,static_fusion,86,6.5,8.5,0.5000000000373265,raw
51,s4_mixed_dynamic,6.651524336471364,9.303485813902295,True,False,True,wifi_only,95,5.5,9.5,0.5557352167696556,raw
51,s4_mixed_dynamic,6.651524336471364,9.303485813902295,True,False,True,vlp_only,96,6.5,9.5,0.9999999999010001,raw
51,s4_mixed_dynamic,6.651524336471364,9.303485813902295,True,False,True,static_fusion,96,6.5,9.5,0.5961765143294809,raw
52,s4_mixed_dynamic,6.511030711247975,9.630572115899897,True,False,True,wifi_only,90,0.5,9.5,0.3060140496764606,raw
52,s4_mixed_dynamic,6.511030711247975,9.630572115899897,True,False,True,vlp_only,96,6.5,9.5,0.9999999999010001,raw
52,s4_mixed_dynamic,6.511030711247975,9.630572115899897,True,False,True,static_fusion,96,6.5,9.5,0.49999999995100003,raw
53,s4_mixed_dynamic,6.420605168362592,9.834308948608536,True,False,True,wifi_only,93,3.5,9.5,0.42328404377286694,raw
53,s4_mixed_dynamic,6.420605168362592,9.834308948608536,True,False,True,vlp_only,96,6.5,9.5,0.9999999999010001,raw
53,s4_mixed_dynamic,6.420605168362592,9.834308948608536,True,False,True,static_fusion,96,6.5,9.5,0.5016161308738643,raw
54,s4_mixed_dynamic,6.482295444389094,9.655075180886994,True,False,True,wifi_only,93,3.5,9.5,0.6847604432401888,raw
54,s4_mixed_dynamic,6.482295444389094,9.655075180886994,True,False,True,vlp_only,96,6.5,9.5,0.9999999999010001,raw
54,s4_mixed_dynamic,6.482295444389094,9.655075180886994,True,False,True,static_fusion,96,6.5,9.5,0.5511466519079381,raw
55,s4_mixed_dynamic,6.562363950563185,9.549970952544058,True,False,True,wifi_only,59,9.5,5.5,0.27385530562479365,raw
55,s4_mixed_dynamic,6.562363950563185,9.549970952544058,True,False,True,vlp_only,96,6.5,9.5,0.9999999999010001,raw
55,s4_mixed_dynamic,6.562363950563185,9.549970952544058,True,False,True,static_fusion,96,6.5,9.5,0.49999999998380346,raw
56,s4_mixed_dynamic,6.608994574111493,9.255964739086862,True,False,True,wifi_only,97,7.5,9.5,0.5267170333444596,raw
56,s4_mixed_dynamic,6.608994574111493,9.255964739086862,True,False,True,vlp_only,96,6.5,9.5,0.9999999999010001,raw
56,s4_mixed_dynamic,6.608994574111493,9.255964739086862,True,False,True,static_fusion,96,6.5,9.5,0.5253625505825511,raw
57,s4_mixed_dynamic,6.638238185227195,8.788984466893778,True,False,True,wifi_only,95,5.5,9.5,0.4597340373653668,raw
57,s4_mixed_dynamic,6.638238185227195,8.788984466893778,True,False,True,vlp_only,86,6.5,8.5,0.9999999999010001,raw
57,s4_mixed_dynamic,6.638238185227195,8.788984466893778,True,False,True,static_fusion,86,6.5,8.5,0.5002201426876959,raw
58,s4_mixed_dynamic,6.715833516903254,8.506019535638835,True,False,True,wifi_only,69,9.5,6.5,0.3322016491518857,raw
58,s4_mixed_dynamic,6.715833516903254,8.506019535638835,True,False,True,vlp_only,86,6.5,8.5,0.9999999732972689,raw
58,s4_mixed_dynamic,6.715833516903254,8.506019535638835,True,False,True,static_fusion,86,6.5,8.5,0.4999999866491344,raw
59,s4_mixed_dynamic,6.712650009001855,8.176417392861678,False,False,True,wifi_only,86,6.5,8.5,0.14898701334960965,raw
59,s4_mixed_dynamic,6.712650009001855,8.176417392861678,False,False,True,vlp_only,86,6.5,8.5,0.9536205918946358,raw
59,s4_mixed_dynamic,6.712650009001855,8.176417392861678,False,False,True,static_fusion,86,6.5,8.5,0.5513038026221226,raw
60,s4_mixed_dynamic,6.866771266170202,7.830791223796943,False,False,True,wifi_only,86,6.5,8.5,0.20281095143716893,raw
60,s4_mixed_dynamic,6.866771266170202,7.830791223796943,False,False,True,vlp_only,77,7.5,7.5,0.9786379957949538,raw
60,s4_mixed_dynamic,6.866771266170202,7.830791223796943,False,False,True,static_fusion,77,7.5,7.5,0.4893971916941697,raw
61,s4_mixed_dynamic,6.935196676516079,7.575933102373101,False,False,True,wifi_only,77,7.5,7.5,0.10937141005130954,raw
61,s4_mixed_dynamic,6.935196676516079,7.575933102373101,False,False,True,vlp_only,77,7.5,7.5,0.9999999997222324,raw
61,s4_mixed_dynamic,6.935196676516079,7.575933102373101,False,False,True,static_fusion,77,7.5,7.5,0.554685704886771,raw
62,s4_mixed_dynamic,6.925151254140051,7.098088212920689,False,False,True,wifi_only,78,8.5,7.5,0.16838001974426928,raw
62,s4_mixed_dynamic,6.925151254140051,7.098088212920689,False,False,True,vlp_only,76,6.5,7.5,0.9999998823294121,raw
62,s4_mixed_dynamic,6.925151254140051,7.098088212920689,False,False,True,static_fusion,76,6.5,7.5,0.5006359029282967,raw
63,s4_mixed_dynamic,6.9536901632065256,6.989777604364947,False,False,True,wifi_only,67,7.5,6.5,0.0909490091618967,raw
63,s4_mixed_dynamic,6.9536901632065256,6.989777604364947,False,False,True,vlp_only,76,6.5,7.5,0.9999999998931227,raw
63,s4_mixed_dynamic,6.9536901632065256,6.989777604364947,False,False,True,static_fusion,76,6.5,7.5,0.5045829988361172,raw
64,s4_mixed_dynamic,6.966708536003405,6.623992067365702,False,False,True,wifi_only,78,8.5,7.5,0.12402166534089253,raw
64,s4_mixed_dynamic,6.966708536003405,6.623992067365702,False,False,True,vlp_only,67,7.5,6.5,0.9999999999010001,raw
64,s4_mixed_dynamic,6.966708536003405,6.623992067365702,False,False,True,static_fusion,67,7.5,6.5,0.5445256808768953,raw
65,s4_mixed_dynamic,7.006265988225517,6.167924934295798,False,True,True,wifi_only,56,6.5,5.5,0.11657013066830646,raw
65,s4_mixed_dynamic,7.006265988225517,6.167924934295798,False,True,True,vlp_only,69,9.5,6.5,0.9999999999010001,raw
65,s4_mixed_dynamic,7.006265988225517,6.167924934295798,False,True,True,static_fusion,69,9.5,6.5,0.5173807742531931,raw
66,s4_mixed_dynamic,7.195573035758812,5.900698987196131,False,True,True,wifi_only,56,6.5,5.5,0.1870528261717836,raw
66,s4_mixed_dynamic,7.195573035758812,5.900698987196131,False,True,True,vlp_only,69,9.5,6.5,0.9999999999010001,raw
66,s4_mixed_dynamic,7.195573035758812,5.900698987196131,False,True,True,static_fusion,69,9.5,6.5,0.5035236440039605,raw
67,s4_mixed_dynamic,7.214622128011173,5.480629494443392,False,True,True,wifi_only,68,8.5,6.5,0.14170411228039023,raw
67,s4_mixed_dynamic,7.214622128011173,5.480629494443392,False,True,True,vlp_only,45,5.5,4.5,0.9999999999010002,raw
67,s4_mixed_dynamic,7.214622128011173,5.480629494443392,False,True,True,static_fusion,45,5.5,4.5,0.5065980208282103,raw
68,s4_mixed_dynamic,7.224596969394833,5.365365355851328,False,True,True,wifi_only,67,7.5,6.5,0.16238686066773428,raw
68,s4_mixed_dynamic,7.224596969394833,5.365365355851328,False,True,True,vlp_only,45,5.5,4.5,0.9999999999010002,raw
68,s4_mixed_dynamic,7.224596969394833,5.365365355851328,False,True,True,static_fusion,45,5.5,4.5,0.5073844179507812,raw
69,s4_mixed_dynamic,7.3987606078939105,4.973012310374174,False,True,True,wifi_only,57,7.5,5.5,0.16305006935484237,raw
69,s4_mixed_dynamic,7.3987606078939105,4.973012310374174,False,True,True,vlp_only,5,5.5,0.5,0.9999999999010003,raw
69,s4_mixed_dynamic,7.3987606078939105,4.973012310374174,False,True,True,static_fusion,5,5.5,0.5,0.5000023284919359,raw
70,s4_mixed_dynamic,7.635914401899096,4.715226258016342,False,True,True,wifi_only,57,7.5,5.5,0.16868693559047418,raw
70,s4_mixed_dynamic,7.635914401899096,4.715226258016342,False,True,True,vlp_only,48,8.5,4.5,0.9999999999010002,raw
70,s4_mixed_dynamic,7.635914401899096,4.715226258016342,False,True,True,static_fusion,48,8.5,4.5,0.5073922284460608,raw
71,s4_mixed_dynamic,7.871357392106725,4.543524489496297,False,True,True,wifi_only,26,6.5,2.5,0.15322641017036776,raw
71,s4_mixed_dynamic,7.871357392106725,4.543524489496297,False,True,True,vlp_only,48,8.5,4.5,0.9999999999010002,raw
71,s4_mixed_dynamic,7.871357392106725,4.543524489496297,False,True,True,static_fusion,48,8.5,4.5,0.5121006712821327,raw
72,s4_mixed_dynamic,8.272955973874682,4.373796974104669,False,True,True,wifi_only,49,9.5,4.5,0.37203675181228657,raw
72,s4_mixed_dynamic,8.272955973874682,4.373796974104669,False,True,True,vlp_only,59,9.5,5.5,0.9996309372934624,raw
72,s4_mixed_dynamic,8.272955973874682,4.373796974104669,False,True,True,static_fusion,59,9.5,5.5,0.580831675278003,raw
73,s4_mixed_dynamic,8.62151579149036,4.028494957379147,False,True,True,wifi_only,49,9.5,4.5,0.4224573083785141,raw
73,s4_mixed_dynamic,8.62151579149036,4.028494957379147,False,True,True,vlp_only,9,9.5,0.5,0.9999999999010003,raw
73,s4_mixed_dynamic,8.62151579149036,4.028494957379147,False,True,True,static_fusion,9,9.5,0.5,0.49999999995100014,raw
74,s4_mixed_dynamic,8.748435457425892,3.685738487590071,False,True,True,wifi_only,59,9.5,5.5,0.35595634339319976,raw
74,s4_mixed_dynamic,8.748435457425892,3.685738487590071,False,True,True,vlp_only,45,5.5,4.5,0.9999999999010002,raw
74,s4_mixed_dynamic,8.748435457425892,3.685738487590071,False,True,True,static_fusion,45,5.5,4.5,0.5003566080283164,raw
75,s4_mixed_dynamic,8.835085190139699,3.5526052200138745,False,False,True,wifi_only,28,8.5,2.5,0.31221330056135227,raw
75,s4_mixed_dynamic,8.835085190139699,3.5526052200138745,False,False,True,vlp_only,38,8.5,3.5,0.9999999999010002,raw
75,s4_mixed_dynamic,8.835085190139699,3.5526052200138745,False,False,True,static_fusion,38,8.5,3.5,0.5218017910642748,raw
76,s4_mixed_dynamic,8.909093693609096,3.3558416683741257,False,False,True,wifi_only,37,7.5,3.5,0.15424121510533564,raw
76,s4_mixed_dynamic,8.909093693609096,3.3558416683741257,False,False,True,vlp_only,38,8.5,3.5,0.9999999999010002,raw
76,s4_mixed_dynamic,8.909093693609096,3.3558416683741257,False,False,True,static_fusion,38,8.5,3.5,0.567700211760873,raw
77,s4_mixed_dynamic,9.099711473119482,3.177715842546163,False,False,True,wifi_only,28,8.5,2.5,0.3001081224410804,raw
77,s4_mixed_dynamic,9.099711473119482,3.177715842546163,False,False,True,vlp_only,29,9.5,2.5,0.9999999605837192,raw
77,s4_mixed_dynamic,9.099711473119482,3.177715842546163,False,False,True,static_fusion,29,9.5,2.5,0.6131101634815301,raw
78,s4_mixed_dynamic,9.333851006911315,2.7984046692967013,False,False,True,wifi_only,39,9.5,3.5,0.44662934050376796,raw
78,s4_mixed_dynamic,9.333851006911315,2.7984046692967013,False,False,True,vlp_only,29,9.5,2.5,0.9999999999010002,raw
78,s4_mixed_dynamic,9.333851006911315,2.7984046692967013,False,False,True,static_fusion,29,9.5,2.5,0.6401888793265096,raw
79,s4_mixed_dynamic,9.466292753776418,2.334363853065204,False,False,True,wifi_only,29,9.5,2.5,0.6071153363884528,raw
79,s4_mixed_dynamic,9.466292753776418,2.334363853065204,False,False,True,vlp_only,29,9.5,2.5,0.9997642299205516,raw
79,s4_mixed_dynamic,9.466292753776418,2.334363853065204,False,False,True,static_fusion,29,9.5,2.5,0.8034397831545022,raw
80,s4_mixed_dynamic,9.611899936659418,2.123312718823533,True,False,True,wifi_only,8,8.5,0.5,0.33325868679790227,raw
80,s4_mixed_dynamic,9.611899936659418,2.123312718823533,True,False,True,vlp_only,19,9.5,1.5,0.710706363032133,raw
80,s4_mixed_dynamic,9.611899936659418,2.123312718823533,True,False,True,static_fusion,19,9.5,1.5,0.4522049968581204,raw
81,s4_mixed_dynamic,9.858322040787618,1.7145087247330029,True,False,True,wifi_only,7,7.5,0.5,0.7198003031219273,raw
81,s4_mixed_dynamic,9.858322040787618,1.7145087247330029,True,False,True,vlp_only,9,9.5,0.5,0.9999999999010003,raw
81,s4_mixed_dynamic,9.858322040787618,1.7145087247330029,True,False,True,static_fusion,9,9.5,0.5,0.5002865275486511,raw
82,s4_mixed_dynamic,9.758809756481527,1.8587665766892736,True,False,True,wifi_only,29,9.5,2.5,0.32407879614311275,raw
82,s4_mixed_dynamic,9.758809756481527,1.8587665766892736,True,False,True,vlp_only,19,9.5,1.5,0.9999940291612135,raw
82,s4_mixed_dynamic,9.758809756481527,1.8587665766892736,True,False,True,static_fusion,19,9.5,1.5,0.5000193088404519,raw
83,s4_mixed_dynamic,9.674741536762076,1.980219721792202,True,False,True,wifi_only,19,9.5,1.5,0.4528367682310142,raw
83,s4_mixed_dynamic,9.674741536762076,1.980219721792202,True,False,True,vlp_only,29,9.5,2.5,0.7857412039858357,raw
83,s4_mixed_dynamic,9.674741536762076,1.980219721792202,True,False,True,static_fusion,29,9.5,2.5,0.39287060661539686,raw
84,s4_mixed_dynamic,9.543539060630476,2.38811292843674,True,False,True,wifi_only,9,9.5,0.5,0.6189570321021144,raw
84,s4_mixed_dynamic,9.543539060630476,2.38811292843674,True,False,True,vlp_only,29,9.5,2.5,0.9999996696181656,raw
84,s4_mixed_dynamic,9.543539060630476,2.38811292843674,True,False,True,static_fusion,29,9.5,2.5,0.5000000523609811,raw
85,s4_mixed_dynamic,9.538461254265044,2.548657706440192,True,False,True,wifi_only,9,9.5,0.5,0.2752589522427179,raw
85,s4_mixed_dynamic,9.538461254265044,2.548657706440192,True,False,True,vlp_only,29,9.5,2.5,0.9999999998343427,raw
85,s4_mixed_dynamic,9.538461254265044,2.548657706440192,True,False,True,static_fusion,29,9.5,2.5,0.5480688553536388,raw
86,s4_mixed_dynamic,9.544593459510066,2.7077556794947983,True,False,True,wifi_only,2,2.5,0.5,0.20820494661260924,raw
86,s4_mixed_dynamic,9.544593459510066,2.7077556794947983,True,False,True,vlp_only,29,9.5,2.5,0.9999999999010002,raw
86,s4_mixed_dynamic,9.544593459510066,2.7077556794947983,True,False,True,static_fusion,29,9.5,2.5,0.49999999995100014,raw
87,s4_mixed_dynamic,9.633379023943917,3.061085408030138,True,False,True,wifi_only,18,8.5,1.5,0.7759326171648715,raw
87,s4_mixed_dynamic,9.633379023943917,3.061085408030138,True,False,True,vlp_only,39,9.5,3.5,0.9999999999010002,raw
87,s4_mixed_dynamic,9.633379023943917,3.061085408030138,True,False,True,static_fusion,39,9.5,3.5,0.5000001611393988,raw
88,s4_mixed_dynamic,9.752600157839524,3.198956190033732,True,False,True,wifi_only,66,6.5,6.5,0.24205080284081762,raw
88,s4_mixed_dynamic,9.752600157839524,3.198956190033732,True,False,True,vlp_only,39,9.5,3.5,0.9999999999010002,raw
88,s4_mixed_dynamic,9.752600157839524,3.198956190033732,True,False,True,static_fusion,39,9.5,3.5,0.5000001150425233,raw
89,s4_mixed_dynamic,9.40578903862998,2.8552477628804214,True,False,True,wifi_only,39,9.5,3.5,0.42480280409808824,raw
89,s4_mixed_dynamic,9.40578903862998,2.8552477628804214,True,False,True,vlp_only,29,9.5,2.5,0.9999999999010002,raw
89,s4_mixed_dynamic,9.40578903862998,2.8552477628804214,True,False,True,static_fusion,29,9.5,2.5,0.5166731428395195,raw
90,s4_mixed_dynamic,9.127964250423506,2.698331211248074,False,False,True,wifi_only,29,9.5,2.5,0.19019085558447246,raw
90,s4_mixed_dynamic,9.127964250423506,2.698331211248074,False,False,True,vlp_only,29,9.5,2.5,0.9999999998945214,raw
90,s4_mixed_dynamic,9.127964250423506,2.698331211248074,False,False,True,static_fusion,29,9.5,2.5,0.5950954277394969,raw
91,s4_mixed_dynamic,8.800406594259712,2.6051004251712406,False,False,True,wifi_only,29,9.5,2.5,0.375813690714643,raw
91,s4_mixed_dynamic,8.800406594259712,2.6051004251712406,False,False,True,vlp_only,28,8.5,2.5,0.999999996012021,raw
91,s4_mixed_dynamic,8.800406594259712,2.6051004251712406,False,False,True,static_fusion,28,8.5,2.5,0.6711901563218479,raw
92,s4_mixed_dynamic,8.550281299097398,2.456641319624944,False,False,True,wifi_only,28,8.5,2.5,0.43066630169030223,raw
92,s4_mixed_dynamic,8.550281299097398,2.456641319624944,False,False,True,vlp_only,28,8.5,2.5,0.9999999848373986,raw
92,s4_mixed_dynamic,8.550281299097398,2.456641319624944,False,False,True,static_fusion,28,8.5,2.5,0.7153331432638503,raw
93,s4_mixed_dynamic,8.206258987477604,2.220074095586588,False,False,True,wifi_only,28,8.5,2.5,0.3272664882717566,raw
93,s4_mixed_dynamic,8.206258987477604,2.220074095586588,False,False,True,vlp_only,28,8.5,2.5,0.9999977343879936,raw
93,s4_mixed_dynamic,8.206258987477604,2.220074095586588,False,False,True,static_fusion,28,8.5,2.5,0.6636321113298751,raw
94,s4_mixed_dynamic,7.989681515495209,2.1664204126445497,False,False,True,wifi_only,17,7.5,1.5,0.41433359766243655,raw
94,s4_mixed_dynamic,7.989681515495209,2.1664204126445497,False,False,True,vlp_only,27,7.5,2.5,0.5901060503262127,raw
94,s4_mixed_dynamic,7.989681515495209,2.1664204126445497,False,False,True,static_fusion,27,7.5,2.5,0.31126090746298823,raw
95,s4_mixed_dynamic,7.820856477729749,2.216688844603764,False,False,True,wifi_only,7,7.5,0.5,0.36303548782594336,raw
95,s4_mixed_dynamic,7.820856477729749,2.216688844603764,False,False,True,vlp_only,28,8.5,2.5,0.9990175973687592,raw
95,s4_mixed_dynamic,7.820856477729749,2.216688844603764,False,False,True,static_fusion,28,8.5,2.5,0.5595670659161442,raw
96,s4_mixed_dynamic,7.438849577500529,2.091977264871964,False,False,True,wifi_only,39,9.5,3.5,0.1992288341320876,raw
96,s4_mixed_dynamic,7.438849577500529,2.091977264871964,False,False,True,vlp_only,17,7.5,1.5,0.9985109257975456,raw
96,s4_mixed_dynamic,7.438849577500529,2.091977264871964,False,False,True,static_fusion,17,7.5,1.5,0.5237462802394023,raw
97,s4_mixed_dynamic,7.303823403549243,2.032738937171799,False,False,True,wifi_only,16,6.5,1.5,0.30809120182029837,raw
97,s4_mixed_dynamic,7.303823403549243,2.032738937171799,False,False,True,vlp_only,27,7.5,2.5,0.9999209065317327,raw
97,s4_mixed_dynamic,7.303823403549243,2.032738937171799,False,False,True,static_fusion,27,7.5,2.5,0.5643042773750554,raw
98,s4_mixed_dynamic,7.052510845305025,1.9258529473001484,False,False,True,wifi_only,37,7.5,3.5,0.21434922961187064,raw
98,s4_mixed_dynamic,7.052510845305025,1.9258529473001484,False,False,True,vlp_only,17,7.5,1.5,0.9999996235754506,raw
98,s4_mixed_dynamic,7.052510845305025,1.9258529473001484,False,False,True,static_fusion,17,7.5,1.5,0.5061174573004745,raw
99,s4_mixed_dynamic,6.623312112175848,1.726390708485309,False,False,True,wifi_only,26,6.5,2.5,0.22252060948562924,raw
99,s4_mixed_dynamic,6.623312112175848,1.726390708485309,False,False,True,vlp_only,16,6.5,1.5,0.9999971914433523,raw
99,s4_mixed_dynamic,6.623312112175848,1.726390708485309,False,False,True,static_fusion,16,6.5,1.5,0.6047732279109833,raw
0,s4_mixed_dynamic,7.708518498956285,6.537185189018777,False,False,True,wifi_only,56,6.5,5.5,0.1193418966794735,moving_average
0,s4_mixed_dynamic,7.708518498956285,6.537185189018777,False,False,True,vlp_only,67,7.5,6.5,0.999999999712284,moving_average
0,s4_mixed_dynamic,7.708518498956285,6.537185189018777,False,False,True,static_fusion,67,7.5,6.5,0.5289602402292867,moving_average
1,s4_mixed_dynamic,7.762228944549189,6.781375783910273,False,False,True,wifi_only,67,7.5,6.5,0.10804569366645318,moving_average
1,s4_mixed_dynamic,7.762228944549189,6.781375783910273,False,False,True,vlp_only,67,7.5,6.5,0.9999999834909636,moving_average
1,s4_mixed_dynamic,7.762228944549189,6.781375783910273,False,False,True,static_fusion,67,7.5,6.5,0.5540228385787084,moving_average
2,s4_mixed_dynamic,7.839130958677583,7.167874595498286,False,False,True,wifi_only,68,8.5,6.5,0.15018439883321177,moving_average
2,s4_mixed_dynamic,7.839130958677583,7.167874595498286,False,False,True,vlp_only,67,7.5,6.5,0.9999949278608593,moving_average
2,s4_mixed_dynamic,7.839130958677583,7.167874595498286,False,False,True,static_fusion,67,7.5,6.5,0.54804172942116,moving_average
3,s4_mixed_dynamic,7.94346543019908,7.5103051184045535,False,False,True,wifi_only,78,8.5,7.5,0.14096437329296174,moving_average
3,s4_mixed_dynamic,7.94346543019908,7.5103051184045535,False,False,True,vlp_only,77,7.5,7.5,0.9922907155118182,moving_average
3,s4_mixed_dynamic,7.94346543019908,7.5103051184045535,False,False,True,static_fusion,77,7.5,7.5,0.5177058322998794,moving_average
4,s4_mixed_dynamic,7.999186140694022,7.623886621271602,False,False,True,wifi_only,78,8.5,7.5,0.1505132582577469,moving_average
4,s4_mixed_dynamic,7.999186140694022,7.623886621271602,False,False,True,vlp_only,77,7.5,7.5,0.9553515845888689,moving_average
4,s4_mixed_dynamic,7.999186140694022,7.623886621271602,False,False,True,static_fusion,77,7.5,7.5,0.5096721273060585,moving_average
5,s4_mixed_dynamic,8.226562675373907,7.955827377167044,False,False,True,wifi_only,88,8.5,8.5,0.1657762320971492,moving_average
5,s4_mixed_dynamic,8.226562675373907,7.955827377167044,False,False,True,vlp_only,78,8.5,7.5,0.9889697102265764,moving_average
5,s4_mixed_dynamic,8.226562675373907,7.955827377167044,False,False,True,static_fusion,78,8.5,7.5,0.5644245183530612,moving_average
6,s4_mixed_dynamic,8.280648608306477,8.135508799595996,False,False,True,wifi_only,88,8.5,8.5,0.17268703168859023,moving_average
6,s4_mixed_dynamic,8.280648608306477,8.135508799595996,False,False,True,vlp_only,78,8.5,7.5,0.9999925151288429,moving_average
6,s4_mixed_dynamic,8.280648608306477,8.135508799595996,False,False,True,static_fusion,78,8.5,7.5,0.5561809386684408,moving_average
7,s4_mixed_dynamic,8.426531854440203,8.334139776009467,False,False,True,wifi_only,88,8.5,8.5,0.15500750907299687,moving_average
7,s4_mixed_dynamic,8.426531854440203,8.334139776009467,False,False,True,vlp_only,78,8.5,7.5,0.9974113807133805,moving_average
7,s4_mixed_dynamic,8.426531854440203,8.334139776009467,False,False,True,static_fusion,78,8.5,7.5,0.5339887970722272,moving_average
8,s4_mixed_dynamic,8.640813839766498,8.694587576233882,False,False,True,wifi_only,98,8.5,9.5,0.19233583345315267,moving_average
8,s4_mixed_dynamic,8.640813839766498,8.694587576233882,False,False,True,vlp_only,88,8.5,8.5,0.9999419458516111,moving_average
8,s4_mixed_dynamic,8.640813839766498,8.694587576233882,False,False,True,static_fusion,88,8.5,8.5,0.580259890173683,moving_average
9,s4_mixed_dynamic,8.773434572913224,8.991156753090223,False,False,True,wifi_only,88,8.5,8.5,0.15696106595649387,moving_average
9,s4_mixed_dynamic,8.773434572913224,8.991156753090223,False,False,True,vlp_only,88,8.5,8.5,0.9999999998986902,moving_average
9,s4_mixed_dynamic,8.773434572913224,8.991156753090223,False,False,True,static_fusion,88,8.5,8.5,0.578480532927592,moving_average
10,s4_mixed_dynamic,8.969081214365445,9.315966535180728,True,False,True,wifi_only,97,7.5,9.5,0.3085681712112401,moving_average
10,s4_mixed_dynamic,8.969081214365445,9.315966535180728,True,False,True,vlp_only,88,8.5,8.5,0.9999999999010001,moving_average
10,s4_mixed_dynamic,8.969081214365445,9.315966535180728,True,False,True,static_fusion,88,8.5,8.5,0.5498440600345917,moving_average
11,s4_mixed_dynamic,9.158262661443551,9.76651178862036,True,False,True,wifi_only,98,8.5,9.5,0.34161361436861704,moving_average
11,s4_mixed_dynamic,9.158262661443551,9.76651178862036,True,False,True,vlp_only,98,8.5,9.5,0.9964498876705601,moving_average
11,s4_mixed_dynamic,9.158262661443551,9.76651178862036,True,False,True,static_fusion,98,8.5,9.5,0.6690317510195886,moving_average
12,s4_mixed_dynamic,9.226935916965898,9.928675601070118,True,False,True,wifi_only,98,8.5,9.5,0.40957356699780734,moving_average
12,s4_mixed_dynamic,9.226935916965898,9.928675601070118,True,False,True,vlp_only,98,8.5,9.5,0.999726953474864,moving_average
12,s4_mixed_dynamic,9.226935916965898,9.928675601070118,True,False,True,static_fusion,98,8.5,9.5,0.7046502602363356,moving_average
13,s4_mixed_dynamic,9.28457534064934,9.54739973958025,True,False,True,wifi_only,98,8.5,9.5,0.3874586654783051,moving_average
13,s4_mixed_dynamic,9.28457534064934,9.54739973958025,True,False,True,vlp_only,98,8.5,9.5,0.5442464776170367,moving_average
13,s4_mixed_dynamic,9.28457534064934,9.54739973958025,True,False,True,static_fusion,98,8.5,9.5,0.4658525715476709,moving_average
14,s4_mixed_dynamic,9.55154708556551,9.187880405968292,True,False,True,wifi_only,98,8.5,9.5,0.4114259846419345,moving_average
14,s4_mixed_dynamic,9.55154708556551,9.187880405968292,True,False,True,vlp_only,99,9.5,9.5,0.9999999999010001,moving_average
14,s4_mixed_dynamic,9.55154708556551,9.187880405968292,True,False,True,static_fusion,99,9.5,9.5,0.6998789269270764,moving_average
15,s4_mixed_dynamic,9.66616567574389,8.964158259736895,True,False,True,wifi_only,99,9.5,9.5,0.43124288345562584,moving_average
15,s4_mixed_dynamic,9.66616567574389,8.964158259736895,True,False,True,vlp_only,99,9.5,9.5,0.9999999999010001,moving_average
15,s4_mixed_dynamic,9.66616567574389,8.964158259736895,True,False,True,static_fusion,99,9.5,9.5,0.715621441678313,moving_average
16,s4_mixed_dynamic,9.783739284953958,8.603729760291959,True,False,True,wifi_only,99,9.5,9.5,0.3287358267451611,moving_average
16,s4_mixed_dynamic,9.783739284953958,8.603729760291959,True,False,True,vlp_only,99,9.5,9.5,0.9999999999010001,moving_average
16,s4_mixed_dynamic,9.783739284953958,8.603729760291959,True,False,True,static_fusion,99,9.5,9.5,0.6643679133230806,moving_average
17,s4_mixed_dynamic,9.816728934060924,8.290196131329282,True,False,True,wifi_only,98,8.5,9.5,0.34317935743531414,moving_average
17,s4_mixed_dynamic,9.816728934060924,8.290196131329282,True,False,True,vlp_only,99,9.5,9.5,0.9999999999010001,moving_average
17,s4_mixed_dynamic,9.816728934060924,8.290196131329282,True,False,True,static_fusion,99,9.5,9.5,0.6034759728249941,moving_average
18,s4_mixed_dynamic,9.898369940505676,8.170920930516099,True,False,True,wifi_only,98,8.5,9.5,0.38384147884859615,moving_average
18,s4_mixed_dynamic,9.898369940505676,8.170920930516099,True,False,True,vlp_only,99,9.5,9.5,0.9999999999010001,moving_average
18,s4_mixed_dynamic,9.898369940505676,8.170920930516099,True,False,True,static_fusion,99,9.5,9.5,0.6012762253196445,moving_average
19,s4_mixed_dynamic,9.760036529571131,8.31653053319644,True,False,True,wifi_only,99,9.5,9.5,0.2682196087457129,moving_average
19,s4_mixed_dynamic,9.760036529571131,8.31653053319644,True,False,True,vlp_only,99,9.5,9.5,0.9999999999010001,moving_average
19,s4_mixed_dynamic,9.760036529571131,8.31653053319644,True,False,True,static_fusion,99,9.5,9.5,0.6341098043233565,moving_average
20,s4_mixed_dynamic,9.637633694040824,8.49751598572513,True,False,True,wifi_only,99,9.5,9.5,0.38015740552825933,moving_average
20,s4_mixed_dynamic,9.637633694040824,8.49751598572513,True,False,True,vlp_only,89,9.5,8.5,0.9998300255514442,moving_average
20,s4_mixed_dynamic,9.637633694040824,8.49751598572513,True,False,True,static_fusion,89,9.5,8.5,0.6422154964302541,moving_average
21,s4_mixed_dynamic,9.488164788775736,8.737066335022115,True,False,True,wifi_only,99,9.5,9.5,0.6360863835898378,moving_average
21,s4_mixed_dynamic,9.488164788775736,8.737066335022115,True,False,True,vlp_only,89,9.5,8.5,0.999999811239797,moving_average
21,s4_mixed_dynamic,9.488164788775736,8.737066335022115,True,False,True,static_fusion,89,9.5,8.5,0.6136185173717319,moving_average
22,s4_mixed_dynamic,9.401483371555605,8.971936242221727,True,False,True,wifi_only,99,9.5,9.5,0.6381157387133645,moving_average
22,s4_mixed_dynamic,9.401483371555605,8.971936242221727,True,False,True,vlp_only,89,9.5,8.5,0.9999855156202216,moving_average
22,s4_mixed_dynamic,9.401483371555605,8.971936242221727,True,False,True,static_fusion,89,9.5,8.5,0.6123743322326972,moving_average
23,s4_mixed_dynamic,9.373588623793506,9.260353868533857,False,False,True,wifi_only,99,9.5,9.5,0.5881118990624148,moving_average
23,s4_mixed_dynamic,9.373588623793506,9.260353868533857,False,False,True,vlp_only,89,9.5,8.5,0.9969842635699337,moving_average
23,s4_mixed_dynamic,9.373588623793506,9.260353868533857,False,False,True,static_fusion,89,9.5,8.5,0.6151100588880826,moving_average
24,s4_mixed_dynamic,9.127375220319832,9.429716922223497,False,False,True,wifi_only,99,9.5,9.5,0.6458455248100693,moving_average
24,s4_mixed_dynamic,9.127375220319832,9.429716922223497,False,False,True,vlp_only,89,9.5,8.5,0.7590806750533389,moving_average
24,s4_mixed_dynamic,9.127375220319832,9.429716922223497,False,False,True,static_fusion,89,9.5,8.5,0.49508429141691074,moving_average
25,s4_mixed_dynamic,8.726509377545842,9.486750180536124,False,True,True,wifi_only,99,9.5,9.5,0.5005387119832541,moving_average
25,s4_mixed_dynamic,8.726509377545842,9.486750180536124,False,True,True,vlp_only,99,9.5,9.5,0.9999999999010001,moving_average
25,s4_mixed_dynamic,8.726509377545842,9.486750180536124,False,True,True,static_fusion,99,9.5,9.5,0.7502693559421271,moving_average
26,s4_mixed_dynamic,8.556615925716626,9.685615586341887,False,True,True,wifi_only,98,8.5,9.5,0.23654614888350117,moving_average
26,s4_mixed_dynamic,8.556615925716626,9.685615586341887,False,True,True,vlp_only,99,9.5,9.5,0.9999999999010001,moving_average
26,s4_mixed_dynamic,8.556615925716626,9.685615586341887,False,True,True,static_fusion,99,9.5,9.5,0.5731417012439436,moving_average
27,s4_mixed_dynamic,8.275272196622463,9.90949250147166,False,True,True,wifi_only,98,8.5,9.5,0.22276675790790687,moving_average
27,s4_mixed_dynamic,8.275272196622463,9.90949250147166,False,True,True,vlp_only,99,9.5,9.5,0.9999999999010001,moving_average
27,s4_mixed_dynamic,8.275272196622463,9.90949250147166,False,True,True,static_fusion,99,9.5,9.5,0.5537094710339221,moving_average
28,s4_mixed_dynamic,8.516464193829812,9.620395436542294,False,True,True,wifi_only,98,8.5,9.5,0.25995808219350824,moving_average
28,s4_mixed_dynamic,8.516464193829812,9.620395436542294,False,True,True,vlp_only,99,9.5,9.5,0.9999999999010001,moving_average
28,s4_mixed_dynamic,8.516464193829812,9.620395436542294,False,True,True,static_fusion,99,9.5,9.5,0.5543814563535668,moving_average
29,s4_mixed_dynamic,8.726745769238578,9.594339738596462,False,True,True,wifi_only,98,8.5,9.5,0.2012735880787079,moving_average
29,s4_mixed_dynamic,8.726745769238578,9.594339738596462,False,True,True,vlp_only,99,9.5,9.5,0.9999999999010001,moving_average
29,s4_mixed_dynamic,8.726745769238578,9.594339738596462,False,True,True,static_fusion,99,9.5,9.5,0.5296894379947906,moving_average
30,s4_mixed_dynamic,8.943827322619104,9.579744922705936,False,True,True,wifi_only,98,8.5,9.5,0.20295817403245048,moving_average
30,s4_mixed_dynamic,8.943827322619104,9.579744922705936,False,True,True,vlp_only,99,9.5,9.5,0.9999999999010001,moving_average
30,s4_mixed_dynamic,8.943827322619104,9.579744922705936,False,True,True,static_fusion,99,9.5,9.5,0.5289136889990617,moving_average
31,s4_mixed_dynamic,9.351601400735191,9.795243901577573,False,True,True,wifi_only,98,8.5,9.5,0.25081980796867187,moving_average
31,s4_mixed_dynamic,9.351601400735191,9.795243901577573,False,True,True,vlp_only,99,9.5,9.5,0.9999999999010001,moving_average
31,s4_mixed_dynamic,9.351601400735191,9.795243901577573,False,True,True,static_fusion,99,9.5,9.5,0.5365330649502601,moving_average
32,s4_mixed_dynamic,9.577016681956424,9.919176372465715,False,True,True,wifi_only,98,8.5,9.5,0.29713569832979764,moving_average
32,s4_mixed_dynamic,9.577016681956424,9.919176372465715,False,True,True,vlp_only,99,9.5,9.5,0.9999999999010001,moving_average
32,s4_mixed_dynamic,9.577016681956424,9.919176372465715,False,True,True,static_fusion,99,9.5,9.5,0.5639226381937871,moving_average
33,s4_mixed_dynamic,9.147990241252389,9.767587766470918,False,True,True,wifi_only,98,8.5,9.5,0.2636873136665995,moving_average
33,s4_mixed_dynamic,9.147990241252389,9.767587766470918,False,True,True,vlp_only,99,9.5,9.5,0.9999999999010001,moving_average
33,s4_mixed_dynamic,9.147990241252389,9.767587766470918,False,True,True,static_fusion,99,9.5,9.5,0.5841042748374334,moving_average
34,s4_mixed_dynamic,8.966209639861209,9.397254516581212,False,True,True,wifi_only,98,8.5,9.5,0.2623628834322682,moving_average
34,s4_mixed_dynamic,8.966209639861209,9.397254516581212,False,True,True,vlp_only,99,9.5,9.5,0.9999999999010001,moving_average
34,s4_mixed_dynamic,8.966209639861209,9.397254516581212,False,True,True,static_fusion,99,9.5,9.5,0.5821349667203861,moving_average
35,s4_mixed_dynamic,8.92197380793632,9.185323746168985,False,True,True,wifi_only,98,8.5,9.5,0.20906153014920953,moving_average
35,s4_mixed_dynamic,8.92197380793632,9.185323746168985,False,True,True,vlp_only,99,9.5,9.5,0.9999999999010001,moving_average
35,s4_mixed_dynamic,8.92197380793632,9.185323746168985,False,True,True,static_fusion,99,9.5,9.5,0.5806147924293924,moving_average
36,s4_mixed_dynamic,8.914109042937588,8.939758011878457,False,True,True,wifi_only,88,8.5,8.5,0.16586958867758733,moving_average
36,s4_mixed_dynamic,8.914109042937588,8.939758011878457,False,True,True,vlp_only,99,9.5,9.5,0.9999999999010001,moving_average
36,s4_mixed_dynamic,8.914109042937588,8.939758011878457,False,True,True,static_fusion,99,9.5,9.5,0.5481743611526652,moving_average
37,s4_mixed_dynamic,9.07928845907877,8.665910920697108,False,True,True,wifi_only,88,8.5,8.5,0.1546867399728774,moving_average
37,s4_mixed_dynamic,9.07928845907877,8.665910920697108,False,True,True,vlp_only,99,9.5,9.5,0.9999999999010001,moving_average
37,s4_mixed_dynamic,9.07928845907877,8.665910920697108,False,True,True,static_fusion,99,9.5,9.5,0.5366800457085299,moving_average
38,s4_mixed_dynamic,9.268317079915311,8.479283196707053,False,True,True,wifi_only,78,8.5,7.5,0.15240179436389156,moving_average
38,s4_mixed_dynamic,9.268317079915311,8.479283196707053,False,True,True,vlp_only,99,9.5,9.5,0.9999999999010001,moving_average
38,s4_mixed_dynamic,9.268317079915311,8.479283196707053,False,True,True,static_fusion,99,9.5,9.5,0.5244463666354868,moving_average
39,s4_mixed_dynamic,9.629151173072932,8.405680386891111,False,False,True,wifi_only,78,8.5,7.5,0.16329636680407192,moving_average
39,s4_mixed_dynamic,9.629151173072932,8.405680386891111,False,False,True,vlp_only,99,9.5,9.5,0.9999999999010001,moving_average
39,s4_mixed_dynamic,9.629151173072932,8.405680386891111,False,False,True,static_fusion,99,9.5,9.5,0.5218869321574613,moving_average
40,s4_mixed_dynamic,9.137911967096755,8.357214530377181,False,False,True,wifi_only,79,9.5,7.5,0.15154657587207132,moving_average
40,s4_mixed_dynamic,9.137911967096755,8.357214530377181,False,False,True,vlp_only,99,9.5,9.5,0.9999999999010001,moving_average
40,s4_mixed_dynamic,9.137911967096755,8.357214530377181,False,False,True,static_fusion,99,9.5,9.5,0.5410563047403022,moving_average
41,s4_mixed_dynamic,8.850804346095984,8.419767971950433,False,False,True,wifi_only,89,9.5,8.5,0.15788012370111168,moving_average
41,s4_mixed_dynamic,8.850804346095984,8.419767971950433,False,False,True,vlp_only,89,9.5,8.5,0.9999664674988067,moving_average
41,s4_mixed_dynamic,8.850804346095984,8.419767971950433,False,False,True,static_fusion,89,9.5,8.5,0.5789232955999591,moving_average
42,s4_mixed_dynamic,8.608468710412893,8.558343031691317,False,False,True,wifi_only,89,9.5,8.5,0.16959142646998315,moving_average
42,s4_mixed_dynamic,8.608468710412893,8.558343031691317,False,False,True,vlp_only,98,8.5,9.5,0.8090866715053113,moving_average
42,s4_mixed_dynamic,8.608468710412893,8.558343031691317,False,False,True,static_fusion,98,8.5,9.5,0.4527942880108818,moving_average
43,s4_mixed_dynamic,8.31237088540844,8.610789569269624,False,False,True,wifi_only,89,9.5,8.5,0.19117942493851398,moving_average
43,s4_mixed_dynamic,8.31237088540844,8.610789569269624,False,False,True,vlp_only,88,8.5,8.5,0.9999999999010001,moving_average
43,s4_mixed_dynamic,8.31237088540844,8.610789569269624,False,False,True,static_fusion,88,8.5,8.5,0.5613225987897837,moving_average
44,s4_mixed_dynamic,7.876973615803656,8.676310108296393,False,False,True,wifi_only,88,8.5,8.5,0.1762136043992513,moving_average
44,s4_mixed_dynamic,7.876973615803656,8.676310108296393,False,False,True,vlp_only,88,8.5,8.5,0.9999999998985581,moving_average
44,s4_mixed_dynamic,7.876973615803656,8.676310108296393,False,False,True,static_fusion,88,8.5,8.5,0.5881068021489048,moving_average
45,s4_mixed_dynamic,7.69864374306643,8.764902399912266,True,False,True,wifi_only,81,1.5,8.5,0.13096032140051111,moving_average
45,s4_mixed_dynamic,7.69864374306643,8.764902399912266,True,False,True,vlp_only,88,8.5,8.5,0.9999989371137313,moving_average
45,s4_mixed_dynamic,7.69864374306643,8.764902399912266,True,False,True,static_fusion,88,8.5,8.5,0.5244737981015878,moving_average
46,s4_mixed_dynamic,7.492119654821085,8.780131979271454,True,False,True,wifi_only,81,1.5,8.5,0.16349321603311093,moving_average
46,s4_mixed_dynamic,7.492119654821085,8.780131979271454,True,False,True,vlp_only,88,8.5,8.5,0.9792794935027874,moving_average
46,s4_mixed_dynamic,7.492119654821085,8.780131979271454,True,False,True,static_fusion,88,8.5,8.5,0.4981759583335241,moving_average
47,s4_mixed_dynamic,7.191471021360378,8.723132508528103,True,False,True,wifi_only,81,1.5,8.5,0.18574952231137748,moving_average
47,s4_mixed_dynamic,7.191471021360378,8.723132508528103,True,False,True,vlp_only,87,7.5,8.5,0.999998533099948,moving_average
47,s4_mixed_dynamic,7.191471021360378,8.723132508528103,True,False,True,static_fusion,87,7.5,8.5,0.5026038182617169,moving_average
48,s4_mixed_dynamic,6.992004119632241,8.748418280606632,True,False,True,wifi_only,91,1.5,9.5,0.1907020503261168,moving_average
48,s4_mixed_dynamic,6.992004119632241,8.748418280606632,True,False,True,vlp_only,87,7.5,8.5,0.9999999999010001,moving_average
48,s4_mixed_dynamic,6.992004119632241,8.748418280606632,True,False,True,static_fusion,87,7.5,8.5,0.5036012597768934,moving_average
49,s4_mixed_dynamic,6.846275017181253,8.922858028731762,True,False,True,wifi_only,91,1.5,9.5,0.2051356381393669,moving_average
49,s4_mixed_dynamic,6.846275017181253,8.922858028731762,True,False,True,vlp_only,87,7.5,8.5,0.9999999999010001,moving_average
49,s4_mixed_dynamic,6.846275017181253,8.922858028731762,True,False,True,static_fusion,87,7.5,8.5,0.510579221395117,moving_average
50,s4_mixed_dynamic,6.689596236262092,9.105068122957537,True,False,True,wifi_only,91,1.5,9.5,0.3133447079312757,moving_average
50,s4_mixed_dynamic,6.689596236262092,9.105068122957537,True,False,True,vlp_only,97,7.5,9.5,0.8265877629534901,moving_average
50,s4_mixed_dynamic,6.689596236262092,9.105068122957537,True,False,True,static_fusion,97,7.5,9.5,0.44499916803762996,moving_average
51,s4_mixed_dynamic,6.651524336471364,9.303485813902295,True,False,True,wifi_only,97,7.5,9.5,0.32067601550622493,moving_average
51,s4_mixed_dynamic,6.651524336471364,9.303485813902295,True,False,True,vlp_only,86,6.5,8.5,0.9999999940417377,moving_average
51,s4_mixed_dynamic,6.651524336471364,9.303485813902295,True,False,True,static_fusion,86,6.5,8.5,0.5136634072964864,moving_average
52,s4_mixed_dynamic,6.511030711247975,9.630572115899897,True,False,True,wifi_only,92,2.5,9.5,0.3175429029896451,moving_average
52,s4_mixed_dynamic,6.511030711247975,9.630572115899897,True,False,True,vlp_only,86,6.5,8.5,0.9999999918446015,moving_average
52,s4_mixed_dynamic,6.511030711247975,9.630572115899897,True,False,True,static_fusion,86,6.5,8.5,0.5003749370964355,moving_average
53,s4_mixed_dynamic,6.420605168362592,9.834308948608536,True,False,True,wifi_only,92,2.5,9.5,0.5578429685968991,moving_average
53,s4_mixed_dynamic,6.420605168362592,9.834308948608536,True,False,True,vlp_only,96,6.5,9.5,0.9999999999010001,moving_average
53,s4_mixed_dynamic,6.420605168362592,9.834308948608536,True,False,True,static_fusion,96,6.5,9.5,0.5102834878221956,moving_average
54,s4_mixed_dynamic,6.482295444389094,9.655075180886994,True,False,True,wifi_only,92,2.5,9.5,0.5716546722260716,moving_average
54,s4_mixed_dynamic,6.482295444389094,9.655075180886994,True,False,True,vlp_only,96,6.5,9.5,0.9999999999010001,moving_average
54,s4_mixed_dynamic,6.482295444389094,9.655075180886994,True,False,True,static_fusion,96,6.5,9.5,0.5054253024697735,moving_average
55,s4_mixed_dynamic,6.562363950563185,9.549970952544058,True,False,True,wifi_only,92,2.5,9.5,0.4326833546340908,moving_average
55,s4_mixed_dynamic,6.562363950563185,9.549970952544058,True,False,True,vlp_only,96,6.5,9.5,0.9999999999010001,moving_average
55,s4_mixed_dynamic,6.562363950563185,9.549970952544058,True,False,True,static_fusion,96,6.5,9.5,0.518459602472926,moving_average
56,s4_mixed_dynamic,6.608994574111493,9.255964739086862,True,False,True,wifi_only,92,2.5,9.5,0.3735083492246083,moving_average
56,s4_mixed_dynamic,6.608994574111493,9.255964739086862,True,False,True,vlp_only,96,6.5,9.5,0.9999999999010001,moving_average
56,s4_mixed_dynamic,6.608994574111493,9.255964739086862,True,False,True,static_fusion,96,6.5,9.5,0.5011634466695575,moving_average
57,s4_mixed_dynamic,6.638238185227195,8.788984466893778,True,False,True,wifi_only,93,3.5,9.5,0.4405931261556046,moving_average
57,s4_mixed_dynamic,6.638238185227195,8.788984466893778,True,False,True,vlp_only,96,6.5,9.5,0.9999999999010001,moving_average
57,s4_mixed_dynamic,6.638238185227195,8.788984466893778,True,False,True,static_fusion,96,6.5,9.5,0.6315821584859497,moving_average
58,s4_mixed_dynamic,6.715833516903254,8.506019535638835,True,False,True,wifi_only,97,7.5,9.5,0.39763465690801203,moving_average
58,s4_mixed_dynamic,6.715833516903254,8.506019535638835,True,False,True,vlp_only,86,6.5,8.5,0.9999999998577589,moving_average
58,s4_mixed_dynamic,6.715833516903254,8.506019535638835,True,False,True,static_fusion,86,6.5,8.5,0.5016869910484782,moving_average
59,s4_mixed_dynamic,6.712650009001855,8.176417392861678,False,False,True,wifi_only,97,7.5,9.5,0.31424964342941336,moving_average
59,s4_mixed_dynamic,6.712650009001855,8.176417392861678,False,False,True,vlp_only,86,6.5,8.5,0.9999999999010001,moving_average
59,s4_mixed_dynamic,6.712650009001855,8.176417392861678,False,False,True,static_fusion,86,6.5,8.5,0.5010483153098044,moving_average
60,s4_mixed_dynamic,6.866771266170202,7.830791223796943,False,False,True,wifi_only,97,7.5,9.5,0.3372186515702399,moving_average
60,s4_mixed_dynamic,6.866771266170202,7.830791223796943,False,False,True,vlp_only,86,6.5,8.5,0.9999999982874165,moving_average
60,s4_mixed_dynamic,6.866771266170202,7.830791223796943,False,False,True,static_fusion,86,6.5,8.5,0.525273877913412,moving_average
61,s4_mixed_dynamic,6.935196676516079,7.575933102373101,False,False,True,wifi_only,97,7.5,9.5,0.20732631231617527,moving_average
61,s4_mixed_dynamic,6.935196676516079,7.575933102373101,False,False,True,vlp_only,86,6.5,8.5,0.9968954967498586,moving_average
61,s4_mixed_dynamic,6.935196676516079,7.575933102373101,False,False,True,static_fusion,86,6.5,8.5,0.527084392634193,moving_average
62,s4_mixed_dynamic,6.925151254140051,7.098088212920689,False,False,True,wifi_only,77,7.5,7.5,0.15190917123363898,moving_average
62,s4_mixed_dynamic,6.925151254140051,7.098088212920689,False,False,True,vlp_only,76,6.5,7.5,0.9999972137141786,moving_average
62,s4_mixed_dynamic,6.925151254140051,7.098088212920689,False,False,True,static_fusion,76,6.5,7.5,0.5172827946568924,moving_average
63,s4_mixed_dynamic,6.9536901632065256,6.989777604364947,False,False,True,wifi_only,87,7.5,8.5,0.14650280390916248,moving_average
63,s4_mixed_dynamic,6.9536901632065256,6.989777604364947,False,False,True,vlp_only,76,6.5,7.5,0.9999999998883394,moving_average
63,s4_mixed_dynamic,6.9536901632065256,6.989777604364947,False,False,True,static_fusion,76,6.5,7.5,0.5636546796515851,moving_average
64,s4_mixed_dynamic,6.966708536003405,6.623992067365702,False,False,True,wifi_only,77,7.5,7.5,0.1537769943851413,moving_average
64,s4_mixed_dynamic,6.966708536003405,6.623992067365702,False,False,True,vlp_only,76,6.5,7.5,0.9999999999010001,moving_average
64,s4_mixed_dynamic,6.966708536003405,6.623992067365702,False,False,True,static_fusion,76,6.5,7.5,0.5313708745325614,moving_average
65,s4_mixed_dynamic,7.006265988225517,6.167924934295798,False,True,True,wifi_only,78,8.5,7.5,0.12181471355088354,moving_average
65,s4_mixed_dynamic,7.006265988225517,6.167924934295798,False,True,True,vlp_only,67,7.5,6.5,0.9999999999010001,moving_average
65,s4_mixed_dynamic,7.006265988225517,6.167924934295798,False,True,True,static_fusion,67,7.5,6.5,0.5591181821259774,moving_average
66,s4_mixed_dynamic,7.195573035758812,5.900698987196131,False,True,True,wifi_only,67,7.5,6.5,0.14870024244423366,moving_average
66,s4_mixed_dynamic,7.195573035758812,5.900698987196131,False,True,True,vlp_only,67,7.5,6.5,0.9999999810269131,moving_average
66,s4_mixed_dynamic,7.195573035758812,5.900698987196131,False,True,True,static_fusion,67,7.5,6.5,0.5743501117355735,moving_average
67,s4_mixed_dynamic,7.214622128011173,5.480629494443392,False,True,True,wifi_only,67,7.5,6.5,0.14424430772664934,moving_average
67,s4_mixed_dynamic,7.214622128011173,5.480629494443392,False,True,True,vlp_only,69,9.5,6.5,0.9999998955991064,moving_average
67,s4_mixed_dynamic,7.214622128011173,5.480629494443392,False,True,True,static_fusion,69,9.5,6.5,0.5148280111524605,moving_average
68,s4_mixed_dynamic,7.224596969394833,5.365365355851328,False,True,True,wifi_only,67,7.5,6.5,0.14827363406478614,moving_average
68,s4_mixed_dynamic,7.224596969394833,5.365365355851328,False,True,True,vlp_only,59,9.5,5.5,0.9999987961063053,moving_average
68,s4_mixed_dynamic,7.224596969394833,5.365365355851328,False,True,True,static_fusion,59,9.5,5.5,0.5055365073327496,moving_average
69,s4_mixed_dynamic,7.3987606078939105,4.973012310374174,False,True,True,wifi_only,57,7.5,5.5,0.16225267322311263,moving_average
69,s4_mixed_dynamic,7.3987606078939105,4.973012310374174,False,True,True,vlp_only,59,9.5,5.5,0.9998533902297548,moving_average
69,s4_mixed_dynamic,7.3987606078939105,4.973012310374174,False,True,True,static_fusion,59,9.5,5.5,0.5109219478776019,moving_average
70,s4_mixed_dynamic,7.635914401899096,4.715226258016342,False,True,True,wifi_only,57,7.5,5.5,0.1745446236724218,moving_average
70,s4_mixed_dynamic,7.635914401899096,4.715226258016342,False,True,True,vlp_only,49,9.5,4.5,0.9999999999010002,moving_average
70,s4_mixed_dynamic,7.635914401899096,4.715226258016342,False,True,True,static_fusion,49,9.5,4.5,0.5023382122672609,moving_average
71,s4_mixed_dynamic,7.871357392106725,4.543524489496297,False,True,True,wifi_only,57,7.5,5.5,0.15822765214963794,moving_average
71,s4_mixed_dynamic,7.871357392106725,4.543524489496297,False,True,True,vlp_only,49,9.5,4.5,0.9999999999010002,moving_average
71,s4_mixed_dynamic,7.871357392106725,4.543524489496297,False,True,True,static_fusion,49,9.5,4.5,0.5119842845288487,moving_average
72,s4_mixed_dynamic,8.272955973874682,4.373796974104669,False,True,True,wifi_only,47,7.5,4.5,0.15950737868962916,moving_average
72,s4_mixed_dynamic,8.272955973874682,4.373796974104669,False,True,True,vlp_only,49,9.5,4.5,0.9999999999010002,moving_average
72,s4_mixed_dynamic,8.272955973874682,4.373796974104669,False,True,True,static_fusion,49,9.5,4.5,0.5319467592182537,moving_average
73,s4_mixed_dynamic,8.62151579149036,4.028494957379147,False,True,True,wifi_only,48,8.5,4.5,0.20392254521290692,moving_average
73,s4_mixed_dynamic,8.62151579149036,4.028494957379147,False,True,True,vlp_only,49,9.5,4.5,0.9999999999010002,moving_average
73,s4_mixed_dynamic,8.62151579149036,4.028494957379147,False,True,True,static_fusion,49,9.5,4.5,0.5914615665220269,moving_average
74,s4_mixed_dynamic,8.748435457425892,3.685738487590071,False,True,True,wifi_only,49,9.5,4.5,0.26041894417373784,moving_average
74,s4_mixed_dynamic,8.748435457425892,3.685738487590071,False,True,True,vlp_only,49,9.5,4.5,0.9999999999010002,moving_average
74,s4_mixed_dynamic,8.748435457425892,3.685738487590071,False,True,True,static_fusion,49,9.5,4.5,0.630209472037369,moving_average
75,s4_mixed_dynamic,8.835085190139699,3.5526052200138745,False,False,True,wifi_only,39,9.5,3.5,0.2394476742653107,moving_average
75,s4_mixed_dynamic,8.835085190139699,3.5526052200138745,False,False,True,vlp_only,49,9.5,4.5,0.9999999999010002,moving_average
75,s4_mixed_dynamic,8.835085190139699,3.5526052200138745,False,False,True,static_fusion,49,9.5,4.5,0.6017769852093531,moving_average
76,s4_mixed_dynamic,8.909093693609096,3.3558416683741257,False,False,True,wifi_only,39,9.5,3.5,0.23974862377478426,moving_average
76,s4_mixed_dynamic,8.909093693609096,3.3558416683741257,False,False,True,vlp_only,39,9.5,3.5,0.9999999999010002,moving_average
76,s4_mixed_dynamic,8.909093693609096,3.3558416683741257,False,False,True,static_fusion,39,9.5,3.5,0.6198743118378921,moving_average
77,s4_mixed_dynamic,9.099711473119482,3.177715842546163,False,False,True,wifi_only,39,9.5,3.5,0.26618414713009403,moving_average
77,s4_mixed_dynamic,9.099711473119482,3.177715842546163,False,False,True,vlp_only,39,9.5,3.5,0.9999979851869473,moving_average
77,s4_mixed_dynamic,9.099711473119482,3.177715842546163,False,False,True,static_fusion,39,9.5,3.5,0.6330910661585206,moving_average
78,s4_mixed_dynamic,9.333851006911315,2.7984046692967013,False,False,True,wifi_only,39,9.5,3.5,0.300714748459044,moving_average
78,s4_mixed_dynamic,9.333851006911315,2.7984046692967013,False,False,True,vlp_only,39,9.5,3.5,0.9999999999010002,moving_average
78,s4_mixed_dynamic,9.333851006911315,2.7984046692967013,False,False,True,static_fusion,39,9.5,3.5,0.6503573741800219,moving_average
79,s4_mixed_dynamic,9.466292753776418,2.334363853065204,False,False,True,wifi_only,29,9.5,2.5,0.2601586366748943,moving_average
79,s4_mixed_dynamic,9.466292753776418,2.334363853065204,False,False,True,vlp_only,29,9.5,2.5,0.9999969929704117,moving_average
79,s4_mixed_dynamic,9.466292753776418,2.334363853065204,False,False,True,static_fusion,29,9.5,2.5,0.630077814822653,moving_average
80,s4_mixed_dynamic,9.611899936659418,2.123312718823533,True,False,True,wifi_only,29,9.5,2.5,0.4039386561021429,moving_average
80,s4_mixed_dynamic,9.611899936659418,2.123312718823533,True,False,True,vlp_only,29,9.5,2.5,0.9999999999010002,moving_average
80,s4_mixed_dynamic,9.611899936659418,2.123312718823533,True,False,True,static_fusion,29,9.5,2.5,0.7019693280015715,moving_average
81,s4_mixed_dynamic,9.858322040787618,1.7145087247330029,True,False,True,wifi_only,29,9.5,2.5,0.40905437121432214,moving_average
81,s4_mixed_dynamic,9.858322040787618,1.7145087247330029,True,False,True,vlp_only,29,9.5,2.5,0.999999984113752,moving_average
81,s4_mixed_dynamic,9.858322040787618,1.7145087247330029,True,False,True,static_fusion,29,9.5,2.5,0.7045271776640368,moving_average
82,s4_mixed_dynamic,9.758809756481527,1.8587665766892736,True,False,True,wifi_only,29,9.5,2.5,0.3847165643384589,moving_average
82,s4_mixed_dynamic,9.758809756481527,1.8587665766892736,True,False,True,vlp_only,29,9.5,2.5,0.6415928208889522,moving_average
82,s4_mixed_dynamic,9.758809756481527,1.8587665766892736,True,False,True,static_fusion,29,9.5,2.5,0.5131546926137055,moving_average
83,s4_mixed_dynamic,9.674741536762076,1.980219721792202,True,False,True,wifi_only,9,9.5,0.5,0.3176563835476372,moving_average
83,s4_mixed_dynamic,9.674741536762076,1.980219721792202,True,False,True,vlp_only,19,9.5,1.5,0.9992686369358739,moving_average
83,s4_mixed_dynamic,9.674741536762076,1.980219721792202,True,False,True,static_fusion,19,9.5,1.5,0.6319273264181807,moving_average
84,s4_mixed_dynamic,9.543539060630476,2.38811292843674,True,False,True,wifi_only,9,9.5,0.5,0.4364476296094519,moving_average
84,s4_mixed_dynamic,9.543539060630476,2.38811292843674,True,False,True,vlp_only,19,9.5,1.5,0.997283498064806,moving_average
84,s4_mixed_dynamic,9.543539060630476,2.38811292843674,True,False,True,static_fusion,19,9.5,1.5,0.5816313421320289,moving_average
85,s4_mixed_dynamic,9.538461254265044,2.548657706440192,True,False,True,wifi_only,9,9.5,0.5,0.4497880396781129,moving_average
85,s4_mixed_dynamic,9.538461254265044,2.548657706440192,True,False,True,vlp_only,19,9.5,1.5,0.7393540893897569,moving_average
85,s4_mixed_dynamic,9.538461254265044,2.548657706440192,True,False,True,static_fusion,19,9.5,1.5,0.45101782611334407,moving_average
86,s4_mixed_dynamic,9.544593459510066,2.7077556794947983,True,False,True,wifi_only,7,7.5,0.5,0.6172613069430641,moving_average
86,s4_mixed_dynamic,9.544593459510066,2.7077556794947983,True,False,True,vlp_only,29,9.5,2.5,0.9999030771380124,moving_average
86,s4_mixed_dynamic,9.544593459510066,2.7077556794947983,True,False,True,static_fusion,29,9.5,2.5,0.5370355437602595,moving_average
87,s4_mixed_dynamic,9.633379023943917,3.061085408030138,True,False,True,wifi_only,7,7.5,0.5,0.3194121380176158,moving_average
87,s4_mixed_dynamic,9.633379023943917,3.061085408030138,True,False,True,vlp_only,29,9.5,2.5,0.9999999998988054,moving_average
87,s4_mixed_dynamic,9.633379023943917,3.061085408030138,True,False,True,static_fusion,29,9.5,2.5,0.5211586339741803,moving_average
88,s4_mixed_dynamic,9.752600157839524,3.198956190033732,True,False,True,wifi_only,17,7.5,1.5,0.31699911938968645,moving_average
88,s4_mixed_dynamic,9.752600157839524,3.198956190033732,True,False,True,vlp_only,29,9.5,2.5,0.9999999999010002,moving_average
88,s4_mixed_dynamic,9.752600157839524,3.198956190033732,True,False,True,static_fusion,29,9.5,2.5,0.5141987388648249,moving_average
89,s4_mixed_dynamic,9.40578903862998,2.8552477628804214,True,False,True,wifi_only,27,7.5,2.5,0.2819906386590567,moving_average
89,s4_mixed_dynamic,9.40578903862998,2.8552477628804214,True,False,True,vlp_only,29,9.5,2.5,0.9999999999010002,moving_average
89,s4_mixed_dynamic,9.40578903862998,2.8552477628804214,True,False,True,static_fusion,29,9.5,2.5,0.5053100875818235,moving_average
90,s4_mixed_dynamic,9.127964250423506,2.698331211248074,False,False,True,wifi_only,37,7.5,3.5,0.19304456355220076,moving_average
90,s4_mixed_dynamic,9.127964250423506,2.698331211248074,False,False,True,vlp_only,29,9.5,2.5,0.9999999999010002,moving_average
90,s4_mixed_dynamic,9.127964250423506,2.698331211248074,False,False,True,static_fusion,29,9.5,2.5,0.5010094501478997,moving_average
91,s4_mixed_dynamic,8.800406594259712,2.6051004251712406,False,False,True,wifi_only,27,7.5,2.5,0.22976445297024398,moving_average
91,s4_mixed_dynamic,8.800406594259712,2.6051004251712406,False,False,True,vlp_only,29,9.5,2.5,0.9999999999010002,moving_average
91,s4_mixed_dynamic,8.800406594259712,2.6051004251712406,False,False,True,static_fusion,29,9.5,2.5,0.5485745406872028,moving_average
92,s4_mixed_dynamic,8.550281299097398,2.456641319624944,False,False,True,wifi_only,38,8.5,3.5,0.2687674920133186,moving_average
92,s4_mixed_dynamic,8.550281299097398,2.456641319624944,False,False,True,vlp_only,29,9.5,2.5,0.9999999999010002,moving_average
92,s4_mixed_dynamic,8.550281299097398,2.456641319624944,False,False,True,static_fusion,29,9.5,2.5,0.525066708633292,moving_average
93,s4_mixed_dynamic,8.206258987477604,2.220074095586588,False,False,True,wifi_only,29,9.5,2.5,0.2951339735742691,moving_average
93,s4_mixed_dynamic,8.206258987477604,2.220074095586588,False,False,True,vlp_only,28,8.5,2.5,0.9999999998253524,moving_average
93,s4_mixed_dynamic,8.206258987477604,2.220074095586588,False,False,True,static_fusion,28,8.5,2.5,0.6458965786391447,moving_average
94,s4_mixed_dynamic,7.989681515495209,2.1664204126445497,False,False,True,wifi_only,28,8.5,2.5,0.32617147916217526,moving_average
94,s4_mixed_dynamic,7.989681515495209,2.1664204126445497,False,False,True,vlp_only,28,8.5,2.5,0.9999997451658081,moving_average
94,s4_mixed_dynamic,7.989681515495209,2.1664204126445497,False,False,True,static_fusion,28,8.5,2.5,0.6630856121639916,moving_average
95,s4_mixed_dynamic,7.820856477729749,2.216688844603764,False,False,True,wifi_only,28,8.5,2.5,0.32415543389992524,moving_average
95,s4_mixed_dynamic,7.820856477729749,2.216688844603764,False,False,True,vlp_only,28,8.5,2.5,0.9999992411314141,moving_average
95,s4_mixed_dynamic,7.820856477729749,2.216688844603764,False,False,True,static_fusion,28,8.5,2.5,0.6620773375156697,moving_average
96,s4_mixed_dynamic,7.438849577500529,2.091977264871964,False,False,True,wifi_only,28,8.5,2.5,0.3021354545324286,moving_average
96,s4_mixed_dynamic,7.438849577500529,2.091977264871964,False,False,True,vlp_only,28,8.5,2.5,0.9947266546521929,moving_average
96,s4_mixed_dynamic,7.438849577500529,2.091977264871964,False,False,True,static_fusion,28,8.5,2.5,0.6484310545923107,moving_average
97,s4_mixed_dynamic,7.303823403549243,2.032738937171799,False,False,True,wifi_only,17,7.5,1.5,0.3098954401577592,moving_average
97,s4_mixed_dynamic,7.303823403549243,2.032738937171799,False,False,True,vlp_only,27,7.5,2.5,0.9898431486732865,moving_average
97,s4_mixed_dynamic,7.303823403549243,2.032738937171799,False,False,True,static_fusion,27,7.5,2.5,0.5326888927287172,moving_average
98,s4_mixed_dynamic,7.052510845305025,1.9258529473001484,False,False,True,wifi_only,17,7.5,1.5,0.2598117631403533,moving_average
98,s4_mixed_dynamic,7.052510845305025,1.9258529473001484,False,False,True,vlp_only,17,7.5,1.5,0.5003433421956703,moving_average
98,s4_mixed_dynamic,7.052510845305025,1.9258529473001484,False,False,True,static_fusion,17,7.5,1.5,0.3800775526680117,moving_average
99,s4_mixed_dynamic,6.623312112175848,1.726390708485309,False,False,True,wifi_only,27,7.5,2.5,0.2584675796611388,moving_average
99,s4_mixed_dynamic,6.623312112175848,1.726390708485309,False,False,True,vlp_only,17,7.5,1.5,0.9777839899453343,moving_average
99,s4_mixed_dynamic,6.623312112175848,1.726390708485309,False,False,True,static_fusion,17,7.5,1.5,0.5595277670187025,moving_average
0,s4_mixed_dynamic,7.708518498956285,6.537185189018777,False,False,True,wifi_only,56,6.5,5.5,0.1193418966794735,median
0,s4_mixed_dynamic,7.708518498956285,6.537185189018777,False,False,True,vlp_only,67,7.5,6.5,0.999999999712284,median
0,s4_mixed_dynamic,7.708518498956285,6.537185189018777,False,False,True,static_fusion,67,7.5,6.5,0.5289602402292867,median
1,s4_mixed_dynamic,7.762228944549189,6.781375783910273,False,False,True,wifi_only,67,7.5,6.5,0.10804569366645318,median
1,s4_mixed_dynamic,7.762228944549189,6.781375783910273,False,False,True,vlp_only,67,7.5,6.5,0.9999999834909636,median
1,s4_mixed_dynamic,7.762228944549189,6.781375783910273,False,False,True,static_fusion,67,7.5,6.5,0.5540228385787084,median
2,s4_mixed_dynamic,7.839130958677583,7.167874595498286,False,False,True,wifi_only,68,8.5,6.5,0.15344430602735507,median
2,s4_mixed_dynamic,7.839130958677583,7.167874595498286,False,False,True,vlp_only,67,7.5,6.5,0.9999985802977709,median
2,s4_mixed_dynamic,7.839130958677583,7.167874595498286,False,False,True,static_fusion,67,7.5,6.5,0.5394646800713405,median
3,s4_mixed_dynamic,7.94346543019908,7.5103051184045535,False,False,True,wifi_only,78,8.5,7.5,0.15419322294893306,median
3,s4_mixed_dynamic,7.94346543019908,7.5103051184045535,False,False,True,vlp_only,77,7.5,7.5,0.9953050295277107,median
3,s4_mixed_dynamic,7.94346543019908,7.5103051184045535,False,False,True,static_fusion,77,7.5,7.5,0.5169679155433738,median
4,s4_mixed_dynamic,7.999186140694022,7.623886621271602,False,False,True,wifi_only,88,8.5,8.5,0.1496018627684702,median
4,s4_mixed_dynamic,7.999186140694022,7.623886621271602,False,False,True,vlp_only,77,7.5,7.5,0.8903952092792096,median
4,s4_mixed_dynamic,7.999186140694022,7.623886621271602,False,False,True,static_fusion,77,7.5,7.5,0.4702588181529642,median
5,s4_mixed_dynamic,8.226562675373907,7.955827377167044,False,False,True,wifi_only,88,8.5,8.5,0.16686898537104794,median
5,s4_mixed_dynamic,8.226562675373907,7.955827377167044,False,False,True,vlp_only,78,8.5,7.5,0.99867057287847,median
5,s4_mixed_dynamic,8.226562675373907,7.955827377167044,False,False,True,static_fusion,78,8.5,7.5,0.562009783126753,median
6,s4_mixed_dynamic,8.280648608306477,8.135508799595996,False,False,True,wifi_only,88,8.5,8.5,0.16938276853984158,median
6,s4_mixed_dynamic,8.280648608306477,8.135508799595996,False,False,True,vlp_only,78,8.5,7.5,0.9999983897263791,median
6,s4_mixed_dynamic,8.280648608306477,8.135508799595996,False,False,True,static_fusion,78,8.5,7.5,0.5625133180611487,median
7,s4_mixed_dynamic,8.426531854440203,8.334139776009467,False,False,True,wifi_only,88,8.5,8.5,0.14926904354640982,median
7,s4_mixed_dynamic,8.426531854440203,8.334139776009467,False,False,True,vlp_only,88,8.5,8.5,0.9987310883872327,median
7,s4_mixed_dynamic,8.426531854440203,8.334139776009467,False,False,True,static_fusion,88,8.5,8.5,0.5740000659668213,median
8,s4_mixed_dynamic,8.640813839766498,8.694587576233882,False,False,True,wifi_only,98,8.5,9.5,0.2159492057410237,median
8,s4_mixed_dynamic,8.640813839766498,8.694587576233882,False,False,True,vlp_only,88,8.5,8.5,0.9999973389922013,median
8,s4_mixed_dynamic,8.640813839766498,8.694587576233882,False,False,True,static_fusion,88,8.5,8.5,0.575629575659893,median
9,s4_mixed_dynamic,8.773434572913224,8.991156753090223,False,False,True,wifi_only,98,8.5,9.5,0.164884805114643,median
9,s4_mixed_dynamic,8.773434572913224,8.991156753090223,False,False,True,vlp_only,88,8.5,8.5,0.9999999704646574,median
9,s4_mixed_dynamic,8.773434572913224,8.991156753090223,False,False,True,static_fusion,88,8.5,8.5,0.5751994379008857,median
10,s4_mixed_dynamic,8.969081214365445,9.315966535180728,True,False,True,wifi_only,98,8.5,9.5,0.2159492057410237,median
10,s4_mixed_dynamic,8.969081214365445,9.315966535180728,True,False,True,vlp_only,88,8.5,8.5,0.9999999999010001,median
10,s4_mixed_dynamic,8.969081214365445,9.315966535180728,True,False,True,static_fusion,88,8.5,8.5,0.5756309061142925,median
11,s4_mixed_dynamic,9.158262661443551,9.76651178862036,True,False,True,wifi_only,98,8.5,9.5,0.2522588158006514,median
11,s4_mixed_dynamic,9.158262661443551,9.76651178862036,True,False,True,vlp_only,98,8.5,9.5,0.9998754222886076,median
11,s4_mixed_dynamic,9.158262661443551,9.76651178862036,True,False,True,static_fusion,98,8.5,9.5,0.6260671190446295,median
12,s4_mixed_dynamic,9.226935916965898,9.928675601070118,True,False,True,wifi_only,98,8.5,9.5,0.37129109931451654,median
12,s4_mixed_dynamic,9.226935916965898,9.928675601070118,True,False,True,vlp_only,98,8.5,9.5,0.9999199806877148,median
12,s4_mixed_dynamic,9.226935916965898,9.928675601070118,True,False,True,static_fusion,98,8.5,9.5,0.6856055400011156,median
13,s4_mixed_dynamic,9.28457534064934,9.54739973958025,True,False,True,wifi_only,98,8.5,9.5,0.30886009308870294,median
13,s4_mixed_dynamic,9.28457534064934,9.54739973958025,True,False,True,vlp_only,99,9.5,9.5,0.9999999999010001,median
13,s4_mixed_dynamic,9.28457534064934,9.54739973958025,True,False,True,static_fusion,99,9.5,9.5,0.6163621573202052,median
14,s4_mixed_dynamic,9.55154708556551,9.187880405968292,True,False,True,wifi_only,99,9.5,9.5,0.5372058806231297,median
14,s4_mixed_dynamic,9.55154708556551,9.187880405968292,True,False,True,vlp_only,99,9.5,9.5,0.9999999999010001,median
14,s4_mixed_dynamic,9.55154708556551,9.187880405968292,True,False,True,static_fusion,99,9.5,9.5,0.7686029402620649,median
15,s4_mixed_dynamic,9.66616567574389,8.964158259736895,True,False,True,wifi_only,98,8.5,9.5,0.36986638746134676,median
15,s4_mixed_dynamic,9.66616567574389,8.964158259736895,True,False,True,vlp_only,99,9.5,9.5,0.9999999999010001,median
15,s4_mixed_dynamic,9.66616567574389,8.964158259736895,True,False,True,static_fusion,99,9.5,9.5,0.6393461043731944,median
16,s4_mixed_dynamic,9.783739284953958,8.603729760291959,True,False,True,wifi_only,99,9.5,9.5,0.34495472172823727,median
16,s4_mixed_dynamic,9.783739284953958,8.603729760291959,True,False,True,vlp_only,99,9.5,9.5,0.9999999999010001,median
16,s4_mixed_dynamic,9.783739284953958,8.603729760291959,True,False,True,static_fusion,99,9.5,9.5,0.6724773608146186,median
17,s4_mixed_dynamic,9.816728934060924,8.290196131329282,True,False,True,wifi_only,98,8.5,9.5,0.30138906054303316,median
17,s4_mixed_dynamic,9.816728934060924,8.290196131329282,True,False,True,vlp_only,99,9.5,9.5,0.9999999999010001,median
17,s4_mixed_dynamic,9.816728934060924,8.290196131329282,True,False,True,static_fusion,99,9.5,9.5,0.5456712725247654,median
18,s4_mixed_dynamic,9.898369940505676,8.170920930516099,True,False,True,wifi_only,98,8.5,9.5,0.30138906054303316,median
18,s4_mixed_dynamic,9.898369940505676,8.170920930516099,True,False,True,vlp_only,99,9.5,9.5,0.9999999999010001,median
18,s4_mixed_dynamic,9.898369940505676,8.170920930516099,True,False,True,static_fusion,99,9.5,9.5,0.5456712725247654,median
19,s4_mixed_dynamic,9.760036529571131,8.31653053319644,True,False,True,wifi_only,98,8.5,9.5,0.21432903546260967,median
19,s4_mixed_dynamic,9.760036529571131,8.31653053319644,True,False,True,vlp_only,99,9.5,9.5,0.9999999999010001,median
19,s4_mixed_dynamic,9.760036529571131,8.31653053319644,True,False,True,static_fusion,99,9.5,9.5,0.545640963055193,median
20,s4_mixed_dynamic,9.637633694040824,8.49751598572513,True,False,True,wifi_only,99,9.5,9.5,0.32315883540664425,median
20,s4_mixed_dynamic,9.637633694040824,8.49751598572513,True,False,True,vlp_only,99,9.5,9.5,0.9999999999010001,median
20,s4_mixed_dynamic,9.637633694040824,8.49751598572513,True,False,True,static_fusion,99,9.5,9.5,0.6615794176538221,median
21,s4_mixed_dynamic,9.488164788775736,8.737066335022115,True,False,True,wifi_only,99,9.5,9.5,0.4571533710963885,median
21,s4_mixed_dynamic,9.488164788775736,8.737066335022115,True,False,True,vlp_only,89,9.5,8.5,0.9999996062557789,median
21,s4_mixed_dynamic,9.488164788775736,8.737066335022115,True,False,True,static_fusion,89,9.5,8.5,0.5845245052753041,median
22,s4_mixed_dynamic,9.401483371555605,8.971936242221727,True,False,True,wifi_only,99,9.5,9.5,0.4651420938248491,median
22,s4_mixed_dynamic,9.401483371555605,8.971936242221727,True,False,True,vlp_only,89,9.5,8.5,0.9999967593738487,median
22,s4_mixed_dynamic,9.401483371555605,8.971936242221727,True,False,True,static_fusion,89,9.5,8.5,0.5849183812063472,median
23,s4_mixed_dynamic,9.373588623793506,9.260353868533857,False,False,True,wifi_only,99,9.5,9.5,0.2761441767715608,median
23,s4_mixed_dynamic,9.373588623793506,9.260353868533857,False,False,True,vlp_only,89,9.5,8.5,0.9997045216103634,median
23,s4_mixed_dynamic,9.373588623793506,9.260353868533857,False,False,True,static_fusion,89,9.5,8.5,0.570923508228836,median
24,s4_mixed_dynamic,9.127375220319832,9.429716922223497,False,False,True,wifi_only,99,9.5,9.5,0.4669931272827515,median
24,s4_mixed_dynamic,9.127375220319832,9.429716922223497,False,False,True,vlp_only,89,9.5,8.5,0.9995325312892887,median
24,s4_mixed_dynamic,9.127375220319832,9.429716922223497,False,False,True,static_fusion,89,9.5,8.5,0.5947590255573822,median
25,s4_mixed_dynamic,8.726509377545842,9.486750180536124,False,True,True,wifi_only,98,8.5,9.5,0.31249918031787716,median
25,s4_mixed_dynamic,8.726509377545842,9.486750180536124,False,True,True,vlp_only,98,8.5,9.5,0.7497456623907995,median
25,s4_mixed_dynamic,8.726509377545842,9.486750180536124,False,True,True,static_fusion,98,8.5,9.5,0.5311224213543384,median
26,s4_mixed_dynamic,8.556615925716626,9.685615586341887,False,True,True,wifi_only,98,8.5,9.5,0.2389875338389999,median
26,s4_mixed_dynamic,8.556615925716626,9.685615586341887,False,True,True,vlp_only,98,8.5,9.5,0.9987948034850312,median
26,s4_mixed_dynamic,8.556615925716626,9.685615586341887,False,True,True,static_fusion,98,8.5,9.5,0.6188911686620155,median
27,s4_mixed_dynamic,8.275272196622463,9.90949250147166,False,True,True,wifi_only,98,8.5,9.5,0.23188366523245715,median
27,s4_mixed_dynamic,8.275272196622463,9.90949250147166,False,True,True,vlp_only,99,9.5,9.5,0.9999999999010001,median
27,s4_mixed_dynamic,8.275272196622463,9.90949250147166,False,True,True,static_fusion,99,9.5,9.5,0.5500944228863647,median
28,s4_mixed_dynamic,8.516464193829812,9.620395436542294,False,True,True,wifi_only,98,8.5,9.5,0.20748581963354618,median
28,s4_mixed_dynamic,8.516464193829812,9.620395436542294,False,True,True,vlp_only,98,8.5,9.5,0.9999999052775612,median
28,s4_mixed_dynamic,8.516464193829812,9.620395436542294,False,True,True,static_fusion,98,8.5,9.5,0.6037428624555536,median
29,s4_mixed_dynamic,8.726745769238578,9.594339738596462,False,True,True,wifi_only,98,8.5,9.5,0.202751771866407,median
29,s4_mixed_dynamic,8.726745769238578,9.594339738596462,False,True,True,vlp_only,98,8.5,9.5,0.9999991435270852,median
29,s4_mixed_dynamic,8.726745769238578,9.594339738596462,False,True,True,static_fusion,98,8.5,9.5,0.601375457696746,median
30,s4_mixed_dynamic,8.943827322619104,9.579744922705936,False,True,True,wifi_only,98,8.5,9.5,0.1865443506158208,median
30,s4_mixed_dynamic,8.943827322619104,9.579744922705936,False,True,True,vlp_only,98,8.5,9.5,0.9999991443028686,median
30,s4_mixed_dynamic,8.943827322619104,9.579744922705936,False,True,True,static_fusion,98,8.5,9.5,0.5932717474593447,median
31,s4_mixed_dynamic,9.351601400735191,9.795243901577573,False,True,True,wifi_only,98,8.5,9.5,0.19594959900696196,median
31,s4_mixed_dynamic,9.351601400735191,9.795243901577573,False,True,True,vlp_only,99,9.5,9.5,0.9998623431851268,median
31,s4_mixed_dynamic,9.351601400735191,9.795243901577573,False,True,True,static_fusion,99,9.5,9.5,0.5188364605681403,median
32,s4_mixed_dynamic,9.577016681956424,9.919176372465715,False,True,True,wifi_only,98,8.5,9.5,0.3121267883714597,median
32,s4_mixed_dynamic,9.577016681956424,9.919176372465715,False,True,True,vlp_only,99,9.5,9.5,0.9999999998972023,median
32,s4_mixed_dynamic,9.577016681956424,9.919176372465715,False,True,True,static_fusion,99,9.5,9.5,0.5982490904195298,median
33,s4_mixed_dynamic,9.147990241252389,9.767587766470918,False,True,True,wifi_only,98,8.5,9.5,0.25695146296762067,median
33,s4_mixed_dynamic,9.147990241252389,9.767587766470918,False,True,True,vlp_only,99,9.5,9.5,0.9999999999010001,median
33,s4_mixed_dynamic,9.147990241252389,9.767587766470918,False,True,True,static_fusion,99,9.5,9.5,0.5921582400297102,median
34,s4_mixed_dynamic,8.966209639861209,9.397254516581212,False,True,True,wifi_only,98,8.5,9.5,0.28525339660493115,median
34,s4_mixed_dynamic,8.966209639861209,9.397254516581212,False,True,True,vlp_only,99,9.5,9.5,0.9999999999010001,median
34,s4_mixed_dynamic,8.966209639861209,9.397254516581212,False,True,True,static_fusion,99,9.5,9.5,0.6023090146730202,median
35,s4_mixed_dynamic,8.92197380793632,9.185323746168985,False,True,True,wifi_only,98,8.5,9.5,0.25038268364486654,median
35,s4_mixed_dynamic,8.92197380793632,9.185323746168985,False,True,True,vlp_only,99,9.5,9.5,0.9999999999010001,median
35,s4_mixed_dynamic,8.92197380793632,9.185323746168985,False,True,True,static_fusion,99,9.5,9.5,0.5898022809125207,median
36,s4_mixed_dynamic,8.914109042937588,8.939758011878457,False,True,True,wifi_only,88,8.5,8.5,0.17780978407898063,median
36,s4_mixed_dynamic,8.914109042937588,8.939758011878457,False,True,True,vlp_only,99,9.5,9.5,0.9999999999010001,median
36,s4_mixed_dynamic,8.914109042937588,8.939758011878457,False,True,True,static_fusion,99,9.5,9.5,0.5535838084876701,median
37,s4_mixed_dynamic,9.07928845907877,8.665910920697108,False,True,True,wifi_only,88,8.5,8.5,0.17187375350726253,median
37,s4_mixed_dynamic,9.07928845907877,8.665910920697108,False,True,True,vlp_only,99,9.5,9.5,0.9999999999010001,median
37,s4_mixed_dynamic,9.07928845907877,8.665910920697108,False,True,True,static_fusion,99,9.5,9.5,0.5523867483990953,median
38,s4_mixed_dynamic,9.268317079915311,8.479283196707053,False,True,True,wifi_only,78,8.5,7.5,0.16174879109556714,median
38,s4_mixed_dynamic,9.268317079915311,8.479283196707053,False,True,True,vlp_only,55,5.5,5.5,0.9999999999010002,median
38,s4_mixed_dynamic,9.268317079915311,8.479283196707053,False,True,True,static_fusion,55,5.5,5.5,0.5017401623018635,median
39,s4_mixed_dynamic,9.629151173072932,8.405680386891111,False,False,True,wifi_only,78,8.5,7.5,0.1610350386912618,median
39,s4_mixed_dynamic,9.629151173072932,8.405680386891111,False,False,True,vlp_only,55,5.5,5.5,0.9999999999010002,median
39,s4_mixed_dynamic,9.629151173072932,8.405680386891111,False,False,True,static_fusion,55,5.5,5.5,0.5016494425476529,median
40,s4_mixed_dynamic,9.137911967096755,8.357214530377181,False,False,True,wifi_only,78,8.5,7.5,0.15061298572001622,median
40,s4_mixed_dynamic,9.137911967096755,8.357214530377181,False,False,True,vlp_only,89,9.5,8.5,0.9999436115205836,median
40,s4_mixed_dynamic,9.137911967096755,8.357214530377181,False,False,True,static_fusion,89,9.5,8.5,0.567345663158305,median
41,s4_mixed_dynamic,8.850804346095984,8.419767971950433,False,False,True,wifi_only,89,9.5,8.5,0.1721250502134211,median
41,s4_mixed_dynamic,8.850804346095984,8.419767971950433,False,False,True,vlp_only,89,9.5,8.5,0.9999948725031252,median
41,s4_mixed_dynamic,8.850804346095984,8.419767971950433,False,False,True,static_fusion,89,9.5,8.5,0.5860599613582732,median
42,s4_mixed_dynamic,8.608468710412893,8.558343031691317,False,False,True,wifi_only,89,9.5,8.5,0.1721250502134211,median
42,s4_mixed_dynamic,8.608468710412893,8.558343031691317,False,False,True,vlp_only,89,9.5,8.5,0.9999949737710603,median
42,s4_mixed_dynamic,8.608468710412893,8.558343031691317,False,False,True,static_fusion,89,9.5,8.5,0.5860600119922408,median
43,s4_mixed_dynamic,8.31237088540844,8.610789569269624,False,False,True,wifi_only,89,9.5,8.5,0.20446799230652182,median
43,s4_mixed_dynamic,8.31237088540844,8.610789569269624,False,False,True,vlp_only,88,8.5,8.5,0.9999999999010001,median
43,s4_mixed_dynamic,8.31237088540844,8.610789569269624,False,False,True,static_fusion,88,8.5,8.5,0.5642078854714676,median
44,s4_mixed_dynamic,7.876973615803656,8.676310108296393,False,False,True,wifi_only,98,8.5,9.5,0.17437335284680308,median
44,s4_mixed_dynamic,7.876973615803656,8.676310108296393,False,False,True,vlp_only,88,8.5,8.5,0.9999999999010001,median
44,s4_mixed_dynamic,7.876973615803656,8.676310108296393,False,False,True,static_fusion,88,8.5,8.5,0.5787089328562496,median
45,s4_mixed_dynamic,7.69864374306643,8.764902399912266,True,False,True,wifi_only,88,8.5,8.5,0.15534672024792517,median
45,s4_mixed_dynamic,7.69864374306643,8.764902399912266,True,False,True,vlp_only,88,8.5,8.5,0.999999994586811,median
45,s4_mixed_dynamic,7.69864374306643,8.764902399912266,True,False,True,static_fusion,88,8.5,8.5,0.5776733574173679,median
46,s4_mixed_dynamic,7.492119654821085,8.780131979271454,True,False,True,wifi_only,98,8.5,9.5,0.17904727496697764,median
46,s4_mixed_dynamic,7.492119654821085,8.780131979271454,True,False,True,vlp_only,88,8.5,8.5,0.8065445984499269,median
46,s4_mixed_dynamic,7.492119654821085,8.780131979271454,True,False,True,static_fusion,88,8.5,8.5,0.46154420682233027,median
47,s4_mixed_dynamic,7.191471021360378,8.723132508528103,True,False,True,wifi_only,91,1.5,9.5,0.2463272157633004,median
47,s4_mixed_dynamic,7.191471021360378,8.723132508528103,True,False,True,vlp_only,87,7.5,8.5,0.9999859120455791,median
47,s4_mixed_dynamic,7.191471021360378,8.723132508528103,True,False,True,static_fusion,87,7.5,8.5,0.5016553781480693,median
48,s4_mixed_dynamic,6.992004119632241,8.748418280606632,True,False,True,wifi_only,92,2.5,9.5,0.28442289820326006,median
48,s4_mixed_dynamic,6.992004119632241,8.748418280606632,True,False,True,vlp_only,87,7.5,8.5,0.9999999988559047,median
48,s4_mixed_dynamic,6.992004119632241,8.748418280606632,True,False,True,static_fusion,87,7.5,8.5,0.5156744395618867,median
49,s4_mixed_dynamic,6.846275017181253,8.922858028731762,True,False,True,wifi_only,92,2.5,9.5,0.28442289820326006,median
49,s4_mixed_dynamic,6.846275017181253,8.922858028731762,True,False,True,vlp_only,87,7.5,8.5,0.9999999999010001,median
49,s4_mixed_dynamic,6.846275017181253,8.922858028731762,True,False,True,static_fusion,87,7.5,8.5,0.5156744400844344,median
50,s4_mixed_dynamic,6.689596236262092,9.105068122957537,True,False,True,wifi_only,92,2.5,9.5,0.28442289820326006,median
50,s4_mixed_dynamic,6.689596236262092,9.105068122957537,True,False,True,vlp_only,97,7.5,9.5,0.991860649995468,median
50,s4_mixed_dynamic,6.689596236262092,9.105068122957537,True,False,True,static_fusion,97,7.5,9.5,0.5407290175612453,median
51,s4_mixed_dynamic,6.651524336471364,9.303485813902295,True,False,True,wifi_only,97,7.5,9.5,0.40598649263607833,median
51,s4_mixed_dynamic,6.651524336471364,9.303485813902295,True,False,True,vlp_only,86,6.5,8.5,0.9893959846432477,median
51,s4_mixed_dynamic,6.651524336471364,9.303485813902295,True,False,True,static_fusion,86,6.5,8.5,0.5140849363259273,median
52,s4_mixed_dynamic,6.511030711247975,9.630572115899897,True,False,True,wifi_only,97,7.5,9.5,0.3295929770902132,median
52,s4_mixed_dynamic,6.511030711247975,9.630572115899897,True,False,True,vlp_only,86,6.5,8.5,0.998985968746486,median
52,s4_mixed_dynamic,6.511030711247975,9.630572115899897,True,False,True,static_fusion,86,6.5,8.5,0.5004425963517966,median
53,s4_mixed_dynamic,6.420605168362592,9.834308948608536,True,False,True,wifi_only,92,2.5,9.5,0.4948978714821471,median
53,s4_mixed_dynamic,6.420605168362592,9.834308948608536,True,False,True,vlp_only,96,6.5,9.5,0.9999999999010001,median
53,s4_mixed_dynamic,6.420605168362592,9.834308948608536,True,False,True,static_fusion,96,6.5,9.5,0.5038868664333657,median
54,s4_mixed_dynamic,6.482295444389094,9.655075180886994,True,False,True,wifi_only,93,3.5,9.5,0.7757843686126021,median
54,s4_mixed_dynamic,6.482295444389094,9.655075180886994,True,False,True,vlp_only,96,6.5,9.5,0.9999999999010001,median
54,s4_mixed_dynamic,6.482295444389094,9.655075180886994,True,False,True,static_fusion,96,6.5,9.5,0.5123653858814058,median
55,s4_mixed_dynamic,6.562363950563185,9.549970952544058,True,False,True,wifi_only,93,3.5,9.5,0.6847604432401888,median
55,s4_mixed_dynamic,6.562363950563185,9.549970952544058,True,False,True,vlp_only,96,6.5,9.5,0.9999999999010001,median
55,s4_mixed_dynamic,6.562363950563185,9.549970952544058,True,False,True,static_fusion,96,6.5,9.5,0.5511466519079381,median
56,s4_mixed_dynamic,6.608994574111493,9.255964739086862,True,False,True,wifi_only,92,2.5,9.5,0.5328787606596372,median
56,s4_mixed_dynamic,6.608994574111493,9.255964739086862,True,False,True,vlp_only,96,6.5,9.5,0.9999999999010001,median
56,s4_mixed_dynamic,6.608994574111493,9.255964739086862,True,False,True,static_fusion,96,6.5,9.5,0.5031760665098126,median
57,s4_mixed_dynamic,6.638238185227195,8.788984466893778,True,False,True,wifi_only,93,3.5,9.5,0.6310269955421687,median
57,s4_mixed_dynamic,6.638238185227195,8.788984466893778,True,False,True,vlp_only,96,6.5,9.5,0.9999999999010001,median
57,s4_mixed_dynamic,6.638238185227195,8.788984466893778,True,False,True,static_fusion,96,6.5,9.5,0.6291901634475869,median
58,s4_mixed_dynamic,6.715833516903254,8.506019535638835,True,False,True,wifi_only,92,2.5,9.5,0.44096787902846946,median
58,s4_mixed_dynamic,6.715833516903254,8.506019535638835,True,False,True,vlp_only,96,6.5,9.5,0.9999999999010001,median
58,s4_mixed_dynamic,6.715833516903254,8.506019535638835,True,False,True,static_fusion,96,6.5,9.5,0.5193574821846645,median
59,s4_mixed_dynamic,6.712650009001855,8.176417392861678,False,False,True,wifi_only,97,7.5,9.5,0.3802603869979394,median
59,s4_mixed_dynamic,6.712650009001855,8.176417392861678,False,False,True,vlp_only,86,6.5,8.5,0.9999999999010001,median
59,s4_mixed_dynamic,6.712650009001855,8.176417392861678,False,False,True,static_fusion,86,6.5,8.5,0.5127908709894304,median
60,s4_mixed_dynamic,6.866771266170202,7.830791223796943,False,False,True,wifi_only,96,6.5,9.5,0.3620436851959013,median
60,s4_mixed_dynamic,6.866771266170202,7.830791223796943,False,False,True,vlp_only,86,6.5,8.5,0.9999999732972689,median
60,s4_mixed_dynamic,6.866771266170202,7.830791223796943,False,False,True,static_fusion,86,6.5,8.5,0.5942897122399149,median
61,s4_mixed_dynamic,6.935196676516079,7.575933102373101,False,False,True,wifi_only,86,6.5,8.5,0.15955918900662647,median
61,s4_mixed_dynamic,6.935196676516079,7.575933102373101,False,False,True,vlp_only,86,6.5,8.5,0.9927762865130809,median
61,s4_mixed_dynamic,6.935196676516079,7.575933102373101,False,False,True,static_fusion,86,6.5,8.5,0.5761677377598537,median
62,s4_mixed_dynamic,6.925151254140051,7.098088212920689,False,False,True,wifi_only,77,7.5,7.5,0.1391758323954723,median
62,s4_mixed_dynamic,6.925151254140051,7.098088212920689,False,False,True,vlp_only,76,6.5,7.5,0.9984767544094084,median
62,s4_mixed_dynamic,6.925151254140051,7.098088212920689,False,False,True,static_fusion,76,6.5,7.5,0.5217946534997748,median
63,s4_mixed_dynamic,6.9536901632065256,6.989777604364947,False,False,True,wifi_only,77,7.5,7.5,0.1307415833785334,median
63,s4_mixed_dynamic,6.9536901632065256,6.989777604364947,False,False,True,vlp_only,76,6.5,7.5,0.9999999998782303,median
63,s4_mixed_dynamic,6.9536901632065256,6.989777604364947,False,False,True,static_fusion,76,6.5,7.5,0.5225194236532045,median
64,s4_mixed_dynamic,6.966708536003405,6.623992067365702,False,False,True,wifi_only,77,7.5,7.5,0.10352219356146374,median
64,s4_mixed_dynamic,6.966708536003405,6.623992067365702,False,False,True,vlp_only,76,6.5,7.5,0.9999999999010001,median
64,s4_mixed_dynamic,6.966708536003405,6.623992067365702,False,False,True,static_fusion,76,6.5,7.5,0.505310872540423,median
65,s4_mixed_dynamic,7.006265988225517,6.167924934295798,False,True,True,wifi_only,67,7.5,6.5,0.09389334869738426,median
65,s4_mixed_dynamic,7.006265988225517,6.167924934295798,False,True,True,vlp_only,76,6.5,7.5,0.978381450597486,median
65,s4_mixed_dynamic,7.006265988225517,6.167924934295798,False,True,True,static_fusion,76,6.5,7.5,0.49375976888536444,median
66,s4_mixed_dynamic,7.195573035758812,5.900698987196131,False,True,True,wifi_only,67,7.5,6.5,0.14533520639332873,median
66,s4_mixed_dynamic,7.195573035758812,5.900698987196131,False,True,True,vlp_only,67,7.5,6.5,0.9999999999010001,median
66,s4_mixed_dynamic,7.195573035758812,5.900698987196131,False,True,True,static_fusion,67,7.5,6.5,0.5726676031471643,median
67,s4_mixed_dynamic,7.214622128011173,5.480629494443392,False,True,True,wifi_only,67,7.5,6.5,0.14641889562056823,median
67,s4_mixed_dynamic,7.214622128011173,5.480629494443392,False,True,True,vlp_only,66,6.5,6.5,0.9999999999010001,median
67,s4_mixed_dynamic,7.214622128011173,5.480629494443392,False,True,True,static_fusion,66,6.5,6.5,0.5516546188097079,median
68,s4_mixed_dynamic,7.224596969394833,5.365365355851328,False,True,True,wifi_only,67,7.5,6.5,0.1512860386821433,median
68,s4_mixed_dynamic,7.224596969394833,5.365365355851328,False,True,True,vlp_only,66,6.5,6.5,0.9999999998830857,median
68,s4_mixed_dynamic,7.224596969394833,5.365365355851328,False,True,True,static_fusion,66,6.5,6.5,0.5422101269391886,median
69,s4_mixed_dynamic,7.3987606078939105,4.973012310374174,False,True,True,wifi_only,57,7.5,5.5,0.1700635283679618,median
69,s4_mixed_dynamic,7.3987606078939105,4.973012310374174,False,True,True,vlp_only,45,5.5,4.5,0.9999999999010002,median
69,s4_mixed_dynamic,7.3987606078939105,4.973012310374174,False,True,True,static_fusion,45,5.5,4.5,0.5176192911374862,median
70,s4_mixed_dynamic,7.635914401899096,4.715226258016342,False,True,True,wifi_only,57,7.5,5.5,0.1691946748102366,median
70,s4_mixed_dynamic,7.635914401899096,4.715226258016342,False,True,True,vlp_only,45,5.5,4.5,0.9999999999010002,median
70,s4_mixed_dynamic,7.635914401899096,4.715226258016342,False,True,True,static_fusion,45,5.5,4.5,0.5140826903959054,median
71,s4_mixed_dynamic,7.871357392106725,4.543524489496297,False,True,True,wifi_only,57,7.5,5.5,0.1683860424154479,median
71,s4_mixed_dynamic,7.871357392106725,4.543524489496297,False,True,True,vlp_only,49,9.5,4.5,0.9999999999010002,median
71,s4_mixed_dynamic,7.871357392106725,4.543524489496297,False,True,True,static_fusion,49,9.5,4.5,0.5058167389965297,median
72,s4_mixed_dynamic,8.272955973874682,4.373796974104669,False,True,True,wifi_only,57,7.5,5.5,0.1650625311439091,median
72,s4_mixed_dynamic,8.272955973874682,4.373796974104669,False,True,True,vlp_only,49,9.5,4.5,0.9999999999010002,median
72,s4_mixed_dynamic,8.272955973874682,4.373796974104669,False,True,True,static_fusion,49,9.5,4.5,0.5109742486751193,median
73,s4_mixed_dynamic,8.62151579149036,4.028494957379147,False,True,True,wifi_only,49,9.5,4.5,0.20612353989913185,median
73,s4_mixed_dynamic,8.62151579149036,4.028494957379147,False,True,True,vlp_only,48,8.5,4.5,0.9999999777999272,median
73,s4_mixed_dynamic,8.62151579149036,4.028494957379147,False,True,True,static_fusion,48,8.5,4.5,0.6005386516854376,median
74,s4_mixed_dynamic,8.748435457425892,3.685738487590071,False,True,True,wifi_only,49,9.5,4.5,0.3298471604900901,median
74,s4_mixed_dynamic,8.748435457425892,3.685738487590071,False,True,True,vlp_only,48,8.5,4.5,0.9999999998756304,median
74,s4_mixed_dynamic,8.748435457425892,3.685738487590071,False,True,True,static_fusion,48,8.5,4.5,0.5882494486619295,median
75,s4_mixed_dynamic,8.835085190139699,3.5526052200138745,False,False,True,wifi_only,49,9.5,4.5,0.3158772177566144,median
75,s4_mixed_dynamic,8.835085190139699,3.5526052200138745,False,False,True,vlp_only,48,8.5,4.5,0.9998277992397155,median
75,s4_mixed_dynamic,8.835085190139699,3.5526052200138745,False,False,True,static_fusion,48,8.5,4.5,0.5844257392552508,median
76,s4_mixed_dynamic,8.909093693609096,3.3558416683741257,False,False,True,wifi_only,49,9.5,4.5,0.30298029516782177,median
76,s4_mixed_dynamic,8.909093693609096,3.3558416683741257,False,False,True,vlp_only,39,9.5,3.5,0.9999999999010002,median
76,s4_mixed_dynamic,8.909093693609096,3.3558416683741257,False,False,True,static_fusion,39,9.5,3.5,0.5633002214484335,median
77,s4_mixed_dynamic,9.099711473119482,3.177715842546163,False,False,True,wifi_only,39,9.5,3.5,0.3054288715121646,median
77,s4_mixed_dynamic,9.099711473119482,3.177715842546163,False,False,True,vlp_only,29,9.5,2.5,0.9998067718684024,median
77,s4_mixed_dynamic,9.099711473119482,3.177715842546163,False,False,True,static_fusion,29,9.5,2.5,0.508445270057318,median
78,s4_mixed_dynamic,9.333851006911315,2.7984046692967013,False,False,True,wifi_only,39,9.5,3.5,0.2467304084385385,median
78,s4_mixed_dynamic,9.333851006911315,2.7984046692967013,False,False,True,vlp_only,29,9.5,2.5,0.9999513621084282,median
78,s4_mixed_dynamic,9.333851006911315,2.7984046692967013,False,False,True,static_fusion,29,9.5,2.5,0.570907396006058,median
79,s4_mixed_dynamic,9.466292753776418,2.334363853065204,False,False,True,wifi_only,29,9.5,2.5,0.3303517075911939,median
79,s4_mixed_dynamic,9.466292753776418,2.334363853065204,False,False,True,vlp_only,29,9.5,2.5,0.999999993424849,median
79,s4_mixed_dynamic,9.466292753776418,2.334363853065204,False,False,True,static_fusion,29,9.5,2.5,0.6651758505080214,median
80,s4_mixed_dynamic,9.611899936659418,2.123312718823533,True,False,True,wifi_only,29,9.5,2.5,0.3738026948342482,median
80,s4_mixed_dynamic,9.611899936659418,2.123312718823533,True,False,True,vlp_only,29,9.5,2.5,0.9999999999010002,median
80,s4_mixed_dynamic,9.611899936659418,2.123312718823533,True,False,True,static_fusion,29,9.5,2.5,0.6869013473676242,median
81,s4_mixed_dynamic,9.858322040787618,1.7145087247330029,True,False,True,wifi_only,29,9.5,2.5,0.4491263044489334,median
81,s4_mixed_dynamic,9.858322040787618,1.7145087247330029,True,False,True,vlp_only,29,9.5,2.5,0.9998404894459475,median
81,s4_mixed_dynamic,9.858322040787618,1.7145087247330029,True,False,True,static_fusion,29,9.5,2.5,0.7244833969474404,median
82,s4_mixed_dynamic,9.758809756481527,1.8587665766892736,True,False,True,wifi_only,29,9.5,2.5,0.35908575525720354,median
82,s4_mixed_dynamic,9.758809756481527,1.8587665766892736,True,False,True,vlp_only,19,9.5,1.5,0.7840863524627563,median
82,s4_mixed_dynamic,9.758809756481527,1.8587665766892736,True,False,True,static_fusion,19,9.5,1.5,0.3922919581523449,median
83,s4_mixed_dynamic,9.674741536762076,1.980219721792202,True,False,True,wifi_only,29,9.5,2.5,0.36580034714488985,median
83,s4_mixed_dynamic,9.674741536762076,1.980219721792202,True,False,True,vlp_only,19,9.5,1.5,0.7840863524627566,median
83,s4_mixed_dynamic,9.674741536762076,1.980219721792202,True,False,True,static_fusion,19,9.5,1.5,0.39286620618667123,median
84,s4_mixed_dynamic,9.543539060630476,2.38811292843674,True,False,True,wifi_only,8,8.5,0.5,0.3327185287527504,median
84,s4_mixed_dynamic,9.543539060630476,2.38811292843674,True,False,True,vlp_only,19,9.5,1.5,0.7107063630321325,median
84,s4_mixed_dynamic,9.543539060630476,2.38811292843674,True,False,True,static_fusion,19,9.5,1.5,0.45204801584211957,median
85,s4_mixed_dynamic,9.538461254265044,2.548657706440192,True,False,True,wifi_only,9,9.5,0.5,0.27310194068605065,median
85,s4_mixed_dynamic,9.538461254265044,2.548657706440192,True,False,True,vlp_only,29,9.5,2.5,0.7857412039858357,median
85,s4_mixed_dynamic,9.538461254265044,2.548657706440192,True,False,True,static_fusion,29,9.5,2.5,0.4404939327235281,median
86,s4_mixed_dynamic,9.544593459510066,2.7077556794947983,True,False,True,wifi_only,19,9.5,1.5,0.16330859734671108,median
86,s4_mixed_dynamic,9.544593459510066,2.7077556794947983,True,False,True,vlp_only,29,9.5,2.5,0.9999996696181656,median
86,s4_mixed_dynamic,9.544593459510066,2.7077556794947983,True,False,True,static_fusion,29,9.5,2.5,0.5792142190322603,median
87,s4_mixed_dynamic,9.633379023943917,3.061085408030138,True,False,True,wifi_only,8,8.5,0.5,0.3499459275859764,median
87,s4_mixed_dynamic,9.633379023943917,3.061085408030138,True,False,True,vlp_only,29,9.5,2.5,0.9999999998343427,median
87,s4_mixed_dynamic,9.633379023943917,3.061085408030138,True,False,True,static_fusion,29,9.5,2.5,0.5001515365513083,median
88,s4_mixed_dynamic,9.752600157839524,3.198956190033732,True,False,True,wifi_only,7,7.5,0.5,0.2467355828322965,median
88,s4_mixed_dynamic,9.752600157839524,3.198956190033732,True,False,True,vlp_only,29,9.5,2.5,0.9999999999010002,median
88,s4_mixed_dynamic,9.752600157839524,3.198956190033732,True,False,True,static_fusion,29,9.5,2.5,0.528314319081701,median
89,s4_mixed_dynamic,9.40578903862998,2.8552477628804214,True,False,True,wifi_only,27,7.5,2.5,0.16358338076695056,median
89,s4_mixed_dynamic,9.40578903862998,2.8552477628804214,True,False,True,vlp_only,29,9.5,2.5,0.9999999999010002,median
89,s4_mixed_dynamic,9.40578903862998,2.8552477628804214,True,False,True,static_fusion,29,9.5,2.5,0.5044510452180838,median
90,s4_mixed_dynamic,9.127964250423506,2.698331211248074,False,False,True,wifi_only,27,7.5,2.5,0.16358338076695056,median
90,s4_mixed_dynamic,9.127964250423506,2.698331211248074,False,False,True,vlp_only,29,9.5,2.5,0.9999999999010002,median
90,s4_mixed_dynamic,9.127964250423506,2.698331211248074,False,False,True,static_fusion,29,9.5,2.5,0.5044510452180838,median
91,s4_mixed_dynamic,8.800406594259712,2.6051004251712406,False,False,True,wifi_only,38,8.5,3.5,0.18481179118791893,median
91,s4_mixed_dynamic,8.800406594259712,2.6051004251712406,False,False,True,vlp_only,29,9.5,2.5,0.9999999999010002,median
91,s4_mixed_dynamic,8.800406594259712,2.6051004251712406,False,False,True,static_fusion,29,9.5,2.5,0.5548761318595953,median
92,s4_mixed_dynamic,8.550281299097398,2.456641319624944,False,False,True,wifi_only,38,8.5,3.5,0.18481179118791893,median
92,s4_mixed_dynamic,8.550281299097398,2.456641319624944,False,False,True,vlp_only,29,9.5,2.5,0.9999999999003918,median
92,s4_mixed_dynamic,8.550281299097398,2.456641319624944,False,False,True,static_fusion,29,9.5,2.5,0.5548761318592911,median
93,s4_mixed_dynamic,8.206258987477604,2.220074095586588,False,False,True,wifi_only,28,8.5,2.5,0.3308001155113232,median
93,s4_mixed_dynamic,8.206258987477604,2.220074095586588,False,False,True,vlp_only,28,8.5,2.5,0.9999999955415492,median
93,s4_mixed_dynamic,8.206258987477604,2.220074095586588,False,False,True,static_fusion,28,8.5,2.5,0.6654000555264361,median
94,s4_mixed_dynamic,7.989681515495209,2.1664204126445497,False,False,True,wifi_only,28,8.5,2.5,0.3258961509253842,median
94,s4_mixed_dynamic,7.989681515495209,2.1664204126445497,False,False,True,vlp_only,28,8.5,2.5,0.9999998473479336,median
94,s4_mixed_dynamic,7.989681515495209,2.1664204126445497,False,False,True,static_fusion,28,8.5,2.5,0.6629479991366589,median
95,s4_mixed_dynamic,7.820856477729749,2.216688844603764,False,False,True,wifi_only,28,8.5,2.5,0.32167176619879223,median
95,s4_mixed_dynamic,7.820856477729749,2.216688844603764,False,False,True,vlp_only,28,8.5,2.5,0.9999992002290414,median
95,s4_mixed_dynamic,7.820856477729749,2.216688844603764,False,False,True,static_fusion,28,8.5,2.5,0.6608354832139168,median
96,s4_mixed_dynamic,7.438849577500529,2.091977264871964,False,False,True,wifi_only,28,8.5,2.5,0.31320119129544366,median
96,s4_mixed_dynamic,7.438849577500529,2.091977264871964,False,False,True,vlp_only,28,8.5,2.5,0.9989098615492574,median
96,s4_mixed_dynamic,7.438849577500529,2.091977264871964,False,False,True,static_fusion,28,8.5,2.5,0.6560555264223503,median
97,s4_mixed_dynamic,7.303823403549243,2.032738937171799,False,False,True,wifi_only,17,7.5,1.5,0.3109674610964825,median
97,s4_mixed_dynamic,7.303823403549243,2.032738937171799,False,False,True,vlp_only,28,8.5,2.5,0.7343171031405802,median
97,s4_mixed_dynamic,7.303823403549243,2.032738937171799,False,False,True,static_fusion,28,8.5,2.5,0.499888523454996,median
98,s4_mixed_dynamic,7.052510845305025,1.9258529473001484,False,False,True,wifi_only,27,7.5,2.5,0.2436516698628638,median
98,s4_mixed_dynamic,7.052510845305025,1.9258529473001484,False,False,True,vlp_only,27,7.5,2.5,0.9850642368695111,median
98,s4_mixed_dynamic,7.052510845305025,1.9258529473001484,False,False,True,static_fusion,27,7.5,2.5,0.6143579533661874,median
99,s4_mixed_dynamic,6.623312112175848,1.726390708485309,False,False,True,wifi_only,27,7.5,2.5,0.23716108738370384,median
99,s4_mixed_dynamic,6.623312112175848,1.726390708485309,False,False,True,vlp_only,17,7.5,1.5,0.899344341292478,median
99,s4_mixed_dynamic,6.623312112175848,1.726390708485309,False,False,True,static_fusion,17,7.5,1.5,0.48280443090945463,median
0,s4_mixed_dynamic,7.708518498956285,6.537185189018777,False,False,True,wifi_only,56,6.5,5.5,0.1193418966794735,ema
0,s4_mixed_dynamic,7.708518498956285,6.537185189018777,False,False,True,vlp_only,67,7.5,6.5,0.999999999712284,ema
0,s4_mixed_dynamic,7.708518498956285,6.537185189018777,False,False,True,static_fusion,67,7.5,6.5,0.5289602402292867,ema
1,s4_mixed_dynamic,7.762228944549189,6.781375783910273,False,False,True,wifi_only,67,7.5,6.5,0.10423461138510323,ema
1,s4_mixed_dynamic,7.762228944549189,6.781375783910273,False,False,True,vlp_only,67,7.5,6.5,0.9999999955964718,ema
1,s4_mixed_dynamic,7.762228944549189,6.781375783910273,False,False,True,static_fusion,67,7.5,6.5,0.5521173034907875,ema
2,s4_mixed_dynamic,7.839130958677583,7.167874595498286,False,False,True,wifi_only,68,8.5,6.5,0.1489531768167735,ema
2,s4_mixed_dynamic,7.839130958677583,7.167874595498286,False,False,True,vlp_only,67,7.5,6.5,0.9999971687383659,ema
2,s4_mixed_dynamic,7.839130958677583,7.167874595498286,False,False,True,static_fusion,67,7.5,6.5,0.5474172719068539,ema
3,s4_mixed_dynamic,7.94346543019908,7.5103051184045535,False,False,True,wifi_only,78,8.5,7.5,0.14178246969046085,ema
3,s4_mixed_dynamic,7.94346543019908,7.5103051184045535,False,False,True,vlp_only,77,7.5,7.5,0.949602571208318,ema
3,s4_mixed_dynamic,7.94346543019908,7.5103051184045535,False,False,True,static_fusion,77,7.5,7.5,0.49924439479444177,ema
4,s4_mixed_dynamic,7.999186140694022,7.623886621271602,False,False,True,wifi_only,88,8.5,8.5,0.17511412203695598,ema
4,s4_mixed_dynamic,7.999186140694022,7.623886621271602,False,False,True,vlp_only,77,7.5,7.5,0.6150396066687484,ema
4,s4_mixed_dynamic,7.999186140694022,7.623886621271602,False,False,True,static_fusion,77,7.5,7.5,0.3406300702326785,ema
5,s4_mixed_dynamic,8.226562675373907,7.955827377167044,False,False,True,wifi_only,88,8.5,8.5,0.1456386547012491,ema
5,s4_mixed_dynamic,8.226562675373907,7.955827377167044,False,False,True,vlp_only,78,8.5,7.5,0.9959869998920725,ema
5,s4_mixed_dynamic,8.226562675373907,7.955827377167044,False,False,True,static_fusion,78,8.5,7.5,0.560946188742763,ema
6,s4_mixed_dynamic,8.280648608306477,8.135508799595996,False,False,True,wifi_only,88,8.5,8.5,0.1422233709529276,ema
6,s4_mixed_dynamic,8.280648608306477,8.135508799595996,False,False,True,vlp_only,78,8.5,7.5,0.9999947762267768,ema
6,s4_mixed_dynamic,8.280648608306477,8.135508799595996,False,False,True,static_fusion,78,8.5,7.5,0.5405621552500419,ema
7,s4_mixed_dynamic,8.426531854440203,8.334139776009467,False,False,True,wifi_only,88,8.5,8.5,0.16224493009709942,ema
7,s4_mixed_dynamic,8.426531854440203,8.334139776009467,False,False,True,vlp_only,78,8.5,7.5,0.9952637778343605,ema
7,s4_mixed_dynamic,8.426531854440203,8.334139776009467,False,False,True,static_fusion,78,8.5,7.5,0.5500444471797465,ema
8,s4_mixed_dynamic,8.640813839766498,8.694587576233882,False,False,True,wifi_only,98,8.5,9.5,0.19529930475757554,ema
8,s4_mixed_dynamic,8.640813839766498,8.694587576233882,False,False,True,vlp_only,88,8.5,8.5,0.9999898653201236,ema
8,s4_mixed_dynamic,8.640813839766498,8.694587576233882,False,False,True,static_fusion,88,8.5,8.5,0.5909326078380079,ema
9,s4_mixed_dynamic,8.773434572913224,8.991156753090223,False,False,True,wifi_only,98,8.5,9.5,0.1629747636182414,ema
9,s4_mixed_dynamic,8.773434572913224,8.991156753090223,False,False,True,vlp_only,88,8.5,8.5,0.9999999998961296,ema
9,s4_mixed_dynamic,8.773434572913224,8.991156753090223,False,False,True,static_fusion,88,8.5,8.5,0.5814009883773289,ema
10,s4_mixed_dynamic,8.969081214365445,9.315966535180728,True,False,True,wifi_only,97,7.5,9.5,0.41460870333220207,ema
10,s4_mixed_dynamic,8.969081214365445,9.315966535180728,True,False,True,vlp_only,98,8.5,9.5,0.9860188247623086,ema
10,s4_mixed_dynamic,8.969081214365445,9.315966535180728,True,False,True,static_fusion,98,8.5,9.5,0.6101267249473002,ema
11,s4_mixed_dynamic,9.158262661443551,9.76651178862036,True,False,True,wifi_only,98,8.5,9.5,0.36575865683312037,ema
11,s4_mixed_dynamic,9.158262661443551,9.76651178862036,True,False,True,vlp_only,98,8.5,9.5,0.9980145196902445,ema
11,s4_mixed_dynamic,9.158262661443551,9.76651178862036,True,False,True,static_fusion,98,8.5,9.5,0.6818865882616825,ema
12,s4_mixed_dynamic,9.226935916965898,9.928675601070118,True,False,True,wifi_only,98,8.5,9.5,0.3883097401035317,ema
12,s4_mixed_dynamic,9.226935916965898,9.928675601070118,True,False,True,vlp_only,98,8.5,9.5,0.9988518411277002,ema
12,s4_mixed_dynamic,9.226935916965898,9.928675601070118,True,False,True,static_fusion,98,8.5,9.5,0.693580790615616,ema
13,s4_mixed_dynamic,9.28457534064934,9.54739973958025,True,False,True,wifi_only,99,9.5,9.5,0.30217363291519767,ema
13,s4_mixed_dynamic,9.28457534064934,9.54739973958025,True,False,True,vlp_only,98,8.5,9.5,0.9973016996023262,ema
13,s4_mixed_dynamic,9.28457534064934,9.54739973958025,True,False,True,static_fusion,98,8.5,9.5,0.6378375885638473,ema
14,s4_mixed_dynamic,9.55154708556551,9.187880405968292,True,False,True,wifi_only,99,9.5,9.5,0.48656747919648274,ema
14,s4_mixed_dynamic,9.55154708556551,9.187880405968292,True,False,True,vlp_only,99,9.5,9.5,0.9999999999010001,ema
14,s4_mixed_dynamic,9.55154708556551,9.187880405968292,True,False,True,static_fusion,99,9.5,9.5,0.7432837395487414,ema
15,s4_mixed_dynamic,9.66616567574389,8.964158259736895,True,False,True,wifi_only,98,8.5,9.5,0.4134491423191734,ema
15,s4_mixed_dynamic,9.66616567574389,8.964158259736895,True,False,True,vlp_only,99,9.5,9.5,0.9999999999010001,ema
15,s4_mixed_dynamic,9.66616567574389,8.964158259736895,True,False,True,static_fusion,99,9.5,9.5,0.6296232244952679,ema
16,s4_mixed_dynamic,9.783739284953958,8.603729760291959,True,False,True,wifi_only,98,8.5,9.5,0.27054918024076896,ema
16,s4_mixed_dynamic,9.783739284953958,8.603729760291959,True,False,True,vlp_only,99,9.5,9.5,0.9999999999010001,ema
16,s4_mixed_dynamic,9.783739284953958,8.603729760291959,True,False,True,static_fusion,99,9.5,9.5,0.5812711497062037,ema
17,s4_mixed_dynamic,9.816728934060924,8.290196131329282,True,False,True,wifi_only,98,8.5,9.5,0.2919572471205821,ema
17,s4_mixed_dynamic,9.816728934060924,8.290196131329282,True,False,True,vlp_only,99,9.5,9.5,0.9999999999010001,ema
17,s4_mixed_dynamic,9.816728934060924,8.290196131329282,True,False,True,static_fusion,99,9.5,9.5,0.5601428724851611,ema
18,s4_mixed_dynamic,9.898369940505676,8.170920930516099,True,False,True,wifi_only,98,8.5,9.5,0.3292535400791908,ema
18,s4_mixed_dynamic,9.898369940505676,8.170920930516099,True,False,True,vlp_only,99,9.5,9.5,0.9999999999010001,ema
18,s4_mixed_dynamic,9.898369940505676,8.170920930516099,True,False,True,static_fusion,99,9.5,9.5,0.5977321193901647,ema
19,s4_mixed_dynamic,9.760036529571131,8.31653053319644,True,False,True,wifi_only,99,9.5,9.5,0.459574711518759,ema
19,s4_mixed_dynamic,9.760036529571131,8.31653053319644,True,False,True,vlp_only,99,9.5,9.5,0.9999999999010001,ema
19,s4_mixed_dynamic,9.760036529571131,8.31653053319644,True,False,True,static_fusion,99,9.5,9.5,0.7297873557098795,ema
20,s4_mixed_dynamic,9.637633694040824,8.49751598572513,True,False,True,wifi_only,99,9.5,9.5,0.5796282491071245,ema
20,s4_mixed_dynamic,9.637633694040824,8.49751598572513,True,False,True,vlp_only,89,9.5,8.5,0.9999996724223783,ema
20,s4_mixed_dynamic,9.637633694040824,8.49751598572513,True,False,True,static_fusion,89,9.5,8.5,0.6206923371993407,ema
21,s4_mixed_dynamic,9.488164788775736,8.737066335022115,True,False,True,wifi_only,99,9.5,9.5,0.6809739076776626,ema
21,s4_mixed_dynamic,9.488164788775736,8.737066335022115,True,False,True,vlp_only,89,9.5,8.5,0.9999867164074306,ema
21,s4_mixed_dynamic,9.488164788775736,8.737066335022115,True,False,True,static_fusion,89,9.5,8.5,0.5976246484961367,ema
22,s4_mixed_dynamic,9.401483371555605,8.971936242221727,True,False,True,wifi_only,99,9.5,9.5,0.6516241448515437,ema
22,s4_mixed_dynamic,9.401483371555605,8.971936242221727,True,False,True,vlp_only,89,9.5,8.5,0.9998172404858899,ema
22,s4_mixed_dynamic,9.401483371555605,8.971936242221727,True,False,True,static_fusion,89,9.5,8.5,0.6145629730665914,ema
23,s4_mixed_dynamic,9.373588623793506,9.260353868533857,False,False,True,wifi_only,99,9.5,9.5,0.5286942992930116,ema
23,s4_mixed_dynamic,9.373588623793506,9.260353868533857,False,False,True,vlp_only,89,9.5,8.5,0.9370264951486672,ema
23,s4_mixed_dynamic,9.373588623793506,9.260353868533857,False,False,True,static_fusion,89,9.5,8.5,0.5952157862342645,ema
24,s4_mixed_dynamic,9.127375220319832,9.429716922223497,False,False,True,wifi_only,99,9.5,9.5,0.5179118231823147,ema
24,s4_mixed_dynamic,9.127375220319832,9.429716922223497,False,False,True,vlp_only,98,8.5,9.5,0.6449880690899719,ema
24,s4_mixed_dynamic,9.127375220319832,9.429716922223497,False,False,True,static_fusion,98,8.5,9.5,0.36446380621287083,ema
25,s4_mixed_dynamic,8.726509377545842,9.486750180536124,False,True,True,wifi_only,99,9.5,9.5,0.35933406430268616,ema
25,s4_mixed_dynamic,8.726509377545842,9.486750180536124,False,True,True,vlp_only,99,9.5,9.5,0.9999999999010001,ema
25,s4_mixed_dynamic,8.726509377545842,9.486750180536124,False,True,True,static_fusion,99,9.5,9.5,0.6796670321018431,ema
26,s4_mixed_dynamic,8.556615925716626,9.685615586341887,False,True,True,wifi_only,99,9.5,9.5,0.21925364314489998,ema
26,s4_mixed_dynamic,8.556615925716626,9.685615586341887,False,True,True,vlp_only,99,9.5,9.5,0.9999999999010001,ema
26,s4_mixed_dynamic,8.556615925716626,9.685615586341887,False,True,True,static_fusion,99,9.5,9.5,0.60962682152295,ema
27,s4_mixed_dynamic,8.275272196622463,9.90949250147166,False,True,True,wifi_only,98,8.5,9.5,0.21635066282797796,ema
27,s4_mixed_dynamic,8.275272196622463,9.90949250147166,False,True,True,vlp_only,99,9.5,9.5,0.9999999999010001,ema
27,s4_mixed_dynamic,8.275272196622463,9.90949250147166,False,True,True,static_fusion,99,9.5,9.5,0.5689928275308508,ema
28,s4_mixed_dynamic,8.516464193829812,9.620395436542294,False,True,True,wifi_only,98,8.5,9.5,0.2786100140477431,ema
28,s4_mixed_dynamic,8.516464193829812,9.620395436542294,False,True,True,vlp_only,99,9.5,9.5,0.9999999999010001,ema
28,s4_mixed_dynamic,8.516464193829812,9.620395436542294,False,True,True,static_fusion,99,9.5,9.5,0.5585674904070494,ema
29,s4_mixed_dynamic,8.726745769238578,9.594339738596462,False,True,True,wifi_only,98,8.5,9.5,0.23744866762141892,ema
29,s4_mixed_dynamic,8.726745769238578,9.594339738596462,False,True,True,vlp_only,99,9.5,9.5,0.9999999999010001,ema
29,s4_mixed_dynamic,8.726745769238578,9.594339738596462,False,True,True,static_fusion,99,9.5,9.5,0.5500611496867478,ema
30,s4_mixed_dynamic,8.943827322619104,9.579744922705936,False,True,True,wifi_only,98,8.5,9.5,0.2341503829530888,ema
30,s4_mixed_dynamic,8.943827322619104,9.579744922705936,False,True,True,vlp_only,99,9.5,9.5,0.9999999999010001,ema
30,s4_mixed_dynamic,8.943827322619104,9.579744922705936,False,True,True,static_fusion,99,9.5,9.5,0.537483224914892,ema
31,s4_mixed_dynamic,9.351601400735191,9.795243901577573,False,True,True,wifi_only,98,8.5,9.5,0.27948849238173085,ema
31,s4_mixed_dynamic,9.351601400735191,9.795243901577573,False,True,True,vlp_only,99,9.5,9.5,0.9999999999010001,ema
31,s4_mixed_dynamic,9.351601400735191,9.795243901577573,False,True,True,static_fusion,99,9.5,9.5,0.5665919041083072,ema
32,s4_mixed_dynamic,9.577016681956424,9.919176372465715,False,True,True,wifi_only,98,8.5,9.5,0.301936137952045,ema
32,s4_mixed_dynamic,9.577016681956424,9.919176372465715,False,True,True,vlp_only,99,9.5,9.5,0.9999999999010001,ema
32,s4_mixed_dynamic,9.577016681956424,9.919176372465715,False,True,True,static_fusion,99,9.5,9.5,0.5911408068865093,ema
33,s4_mixed_dynamic,9.147990241252389,9.767587766470918,False,True,True,wifi_only,98,8.5,9.5,0.24646005998608397,ema
33,s4_mixed_dynamic,9.147990241252389,9.767587766470918,False,True,True,vlp_only,99,9.5,9.5,0.9999999999010001,ema
33,s4_mixed_dynamic,9.147990241252389,9.767587766470918,False,True,True,static_fusion,99,9.5,9.5,0.5995877657326887,ema
34,s4_mixed_dynamic,8.966209639861209,9.397254516581212,False,True,True,wifi_only,98,8.5,9.5,0.2235985809400688,ema
34,s4_mixed_dynamic,8.966209639861209,9.397254516581212,False,True,True,vlp_only,99,9.5,9.5,0.9999999999010001,ema
34,s4_mixed_dynamic,8.966209639861209,9.397254516581212,False,True,True,static_fusion,99,9.5,9.5,0.5697733102093124,ema
35,s4_mixed_dynamic,8.92197380793632,9.185323746168985,False,True,True,wifi_only,88,8.5,8.5,0.18044708782332938,ema
35,s4_mixed_dynamic,8.92197380793632,9.185323746168985,False,True,True,vlp_only,99,9.5,9.5,0.9999999999010001,ema
35,s4_mixed_dynamic,8.92197380793632,9.185323746168985,False,True,True,static_fusion,99,9.5,9.5,0.5485844654772656,ema
36,s4_mixed_dynamic,8.914109042937588,8.939758011878457,False,True,True,wifi_only,88,8.5,8.5,0.15105190246014238,ema
36,s4_mixed_dynamic,8.914109042937588,8.939758011878457,False,True,True,vlp_only,95,5.5,9.5,0.9999999999010001,ema
36,s4_mixed_dynamic,8.914109042937588,8.939758011878457,False,True,True,static_fusion,95,5.5,9.5,0.49999999995100003,ema
37,s4_mixed_dynamic,9.07928845907877,8.665910920697108,False,True,True,wifi_only,88,8.5,8.5,0.16405015826728295,ema
37,s4_mixed_dynamic,9.07928845907877,8.665910920697108,False,True,True,vlp_only,99,9.5,9.5,0.9999999999010001,ema
37,s4_mixed_dynamic,9.07928845907877,8.665910920697108,False,True,True,static_fusion,99,9.5,9.5,0.5403733704490399,ema
38,s4_mixed_dynamic,9.268317079915311,8.479283196707053,False,True,True,wifi_only,78,8.5,7.5,0.15604037512678684,ema
38,s4_mixed_dynamic,9.268317079915311,8.479283196707053,False,True,True,vlp_only,99,9.5,9.5,0.9999999999010001,ema
38,s4_mixed_dynamic,9.268317079915311,8.479283196707053,False,True,True,static_fusion,99,9.5,9.5,0.5289470204591518,ema
39,s4_mixed_dynamic,9.629151173072932,8.405680386891111,False,False,True,wifi_only,78,8.5,7.5,0.15134286995279556,ema
39,s4_mixed_dynamic,9.629151173072932,8.405680386891111,False,False,True,vlp_only,99,9.5,9.5,0.9999999999010001,ema
39,s4_mixed_dynamic,9.629151173072932,8.405680386891111,False,False,True,static_fusion,99,9.5,9.5,0.5346821249832351,ema
40,s4_mixed_dynamic,9.137911967096755,8.357214530377181,False,False,True,wifi_only,89,9.5,8.5,0.18748256583616,ema
40,s4_mixed_dynamic,9.137911967096755,8.357214530377181,False,False,True,vlp_only,99,9.5,9.5,0.9999999999010001,ema
40,s4_mixed_dynamic,9.137911967096755,8.357214530377181,False,False,True,static_fusion,99,9.5,9.5,0.5592001493036174,ema
41,s4_mixed_dynamic,8.850804346095984,8.419767971950433,False,False,True,wifi_only,89,9.5,8.5,0.1531036815640783,ema
41,s4_mixed_dynamic,8.850804346095984,8.419767971950433,False,False,True,vlp_only,89,9.5,8.5,0.9890229107641768,ema
41,s4_mixed_dynamic,8.850804346095984,8.419767971950433,False,False,True,static_fusion,89,9.5,8.5,0.5710632961641273,ema
42,s4_mixed_dynamic,8.608468710412893,8.558343031691317,False,False,True,wifi_only,89,9.5,8.5,0.16163216320085172,ema
42,s4_mixed_dynamic,8.608468710412893,8.558343031691317,False,False,True,vlp_only,89,9.5,8.5,0.9050421908475152,ema
42,s4_mixed_dynamic,8.608468710412893,8.558343031691317,False,False,True,static_fusion,89,9.5,8.5,0.5333371770241835,ema
43,s4_mixed_dynamic,8.31237088540844,8.610789569269624,False,False,True,wifi_only,89,9.5,8.5,0.16581097056635577,ema
43,s4_mixed_dynamic,8.31237088540844,8.610789569269624,False,False,True,vlp_only,88,8.5,8.5,0.9999999999010001,ema
43,s4_mixed_dynamic,8.31237088540844,8.610789569269624,False,False,True,static_fusion,88,8.5,8.5,0.5759254974701511,ema
44,s4_mixed_dynamic,7.876973615803656,8.676310108296393,False,False,True,wifi_only,88,8.5,8.5,0.17806881594097848,ema
44,s4_mixed_dynamic,7.876973615803656,8.676310108296393,False,False,True,vlp_only,88,8.5,8.5,0.9999999998004858,ema
44,s4_mixed_dynamic,7.876973615803656,8.676310108296393,False,False,True,static_fusion,88,8.5,8.5,0.5890344078707321,ema
45,s4_mixed_dynamic,7.69864374306643,8.764902399912266,True,False,True,wifi_only,71,1.5,7.5,0.14771487891374435,ema
45,s4_mixed_dynamic,7.69864374306643,8.764902399912266,True,False,True,vlp_only,88,8.5,8.5,0.9999877232107961,ema
45,s4_mixed_dynamic,7.69864374306643,8.764902399912266,True,False,True,static_fusion,88,8.5,8.5,0.503617090971286,ema
46,s4_mixed_dynamic,7.492119654821085,8.780131979271454,True,False,True,wifi_only,80,0.5,8.5,0.18418429242153592,ema
46,s4_mixed_dynamic,7.492119654821085,8.780131979271454,True,False,True,vlp_only,88,8.5,8.5,0.7720873422667286,ema
46,s4_mixed_dynamic,7.492119654821085,8.780131979271454,True,False,True,static_fusion,88,8.5,8.5,0.38692609371198766,ema
47,s4_mixed_dynamic,7.191471021360378,8.723132508528103,True,False,True,wifi_only,91,1.5,9.5,0.19928362594313612,ema
47,s4_mixed_dynamic,7.191471021360378,8.723132508528103,True,False,True,vlp_only,87,7.5,8.5,0.9999999934489632,ema
47,s4_mixed_dynamic,7.191471021360378,8.723132508528103,True,False,True,static_fusion,87,7.5,8.5,0.5024698088563112,ema
48,s4_mixed_dynamic,6.992004119632241,8.748418280606632,True,False,True,wifi_only,91,1.5,9.5,0.20591429617764126,ema
48,s4_mixed_dynamic,6.992004119632241,8.748418280606632,True,False,True,vlp_only,87,7.5,8.5,0.9999999999010001,ema
48,s4_mixed_dynamic,6.992004119632241,8.748418280606632,True,False,True,static_fusion,87,7.5,8.5,0.5159569769437687,ema
49,s4_mixed_dynamic,6.846275017181253,8.922858028731762,True,False,True,wifi_only,97,7.5,9.5,0.30651753357180705,ema
49,s4_mixed_dynamic,6.846275017181253,8.922858028731762,True,False,True,vlp_only,97,7.5,9.5,0.9999999999010001,ema
49,s4_mixed_dynamic,6.846275017181253,8.922858028731762,True,False,True,static_fusion,97,7.5,9.5,0.6532587667364036,ema
50,s4_mixed_dynamic,6.689596236262092,9.105068122957537,True,False,True,wifi_only,91,1.5,9.5,0.35825401145222285,ema
50,s4_mixed_dynamic,6.689596236262092,9.105068122957537,True,False,True,vlp_only,86,6.5,8.5,0.9892731584309413,ema
50,s4_mixed_dynamic,6.689596236262092,9.105068122957537,True,False,True,static_fusion,86,6.5,8.5,0.49469201116197425,ema
51,s4_mixed_dynamic,6.651524336471364,9.303485813902295,True,False,True,wifi_only,97,7.5,9.5,0.2612594574052508,ema
51,s4_mixed_dynamic,6.651524336471364,9.303485813902295,True,False,True,vlp_only,86,6.5,8.5,0.9999991450783818,ema
51,s4_mixed_dynamic,6.651524336471364,9.303485813902295,True,False,True,static_fusion,86,6.5,8.5,0.5145942401591725,ema
52,s4_mixed_dynamic,6.511030711247975,9.630572115899897,True,False,True,wifi_only,91,1.5,9.5,0.41005796829538044,ema
52,s4_mixed_dynamic,6.511030711247975,9.630572115899897,True,False,True,vlp_only,86,6.5,8.5,0.9995871566502119,ema
52,s4_mixed_dynamic,6.511030711247975,9.630572115899897,True,False,True,static_fusion,86,6.5,8.5,0.49979924147496557,ema
53,s4_mixed_dynamic,6.420605168362592,9.834308948608536,True,False,True,wifi_only,92,2.5,9.5,0.5293995909567933,ema
53,s4_mixed_dynamic,6.420605168362592,9.834308948608536,True,False,True,vlp_only,96,6.5,9.5,0.9999999999010001,ema
53,s4_mixed_dynamic,6.420605168362592,9.834308948608536,True,False,True,static_fusion,96,6.5,9.5,0.5037303217713813,ema
54,s4_mixed_dynamic,6.482295444389094,9.655075180886994,True,False,True,wifi_only,93,3.5,9.5,0.38547575069474177,ema
54,s4_mixed_dynamic,6.482295444389094,9.655075180886994,True,False,True,vlp_only,96,6.5,9.5,0.9999999999010001,ema
54,s4_mixed_dynamic,6.482295444389094,9.655075180886994,True,False,True,static_fusion,96,6.5,9.5,0.5190374870101996,ema
55,s4_mixed_dynamic,6.562363950563185,9.549970952544058,True,False,True,wifi_only,92,2.5,9.5,0.2681268726825035,ema
55,s4_mixed_dynamic,6.562363950563185,9.549970952544058,True,False,True,vlp_only,96,6.5,9.5,0.9999999999010001,ema
55,s4_mixed_dynamic,6.562363950563185,9.549970952544058,True,False,True,static_fusion,96,6.5,9.5,0.5039397937890808,ema
56,s4_mixed_dynamic,6.608994574111493,9.255964739086862,True,False,True,wifi_only,97,7.5,9.5,0.3160194013062852,ema
56,s4_mixed_dynamic,6.608994574111493,9.255964739086862,True,False,True,vlp_only,96,6.5,9.5,0.9999999999010001,ema
56,s4_mixed_dynamic,6.608994574111493,9.255964739086862,True,False,True,static_fusion,96,6.5,9.5,0.5100502519827008,ema
57,s4_mixed_dynamic,6.638238185227195,8.788984466893778,True,False,True,wifi_only,96,6.5,9.5,0.37500722809036957,ema
57,s4_mixed_dynamic,6.638238185227195,8.788984466893778,True,False,True,vlp_only,96,6.5,9.5,0.9999999999010001,ema
57,s4_mixed_dynamic,6.638238185227195,8.788984466893778,True,False,True,static_fusion,96,6.5,9.5,0.6875036139956848,ema
58,s4_mixed_dynamic,6.715833516903254,8.506019535638835,True,False,True,wifi_only,98,8.5,9.5,0.33056278095387964,ema
58,s4_mixed_dynamic,6.715833516903254,8.506019535638835,True,False,True,vlp_only,86,6.5,8.5,0.9999999999010001,ema
58,s4_mixed_dynamic,6.715833516903254,8.506019535638835,True,False,True,static_fusion,86,6.5,8.5,0.5001715322873256,ema
59,s4_mixed_dynamic,6.712650009001855,8.176417392861678,False,False,True,wifi_only,97,7.5,9.5,0.33275829951073116,ema
59,s4_mixed_dynamic,6.712650009001855,8.176417392861678,False,False,True,vlp_only,86,6.5,8.5,0.9999999998996874,ema
59,s4_mixed_dynamic,6.712650009001855,8.176417392861678,False,False,True,static_fusion,86,6.5,8.5,0.5047646143822454,ema
60,s4_mixed_dynamic,6.866771266170202,7.830791223796943,False,False,True,wifi_only,97,7.5,9.5,0.16011379783376922,ema
60,s4_mixed_dynamic,6.866771266170202,7.830791223796943,False,False,True,vlp_only,86,6.5,8.5,0.9999997353702955,ema
60,s4_mixed_dynamic,6.866771266170202,7.830791223796943,False,False,True,static_fusion,86,6.5,8.5,0.5489739429302228,ema
61,s4_mixed_dynamic,6.935196676516079,7.575933102373101,False,False,True,wifi_only,97,7.5,9.5,0.15886337434025624,ema
61,s4_mixed_dynamic,6.935196676516079,7.575933102373101,False,False,True,vlp_only,86,6.5,8.5,0.8568734036755263,ema
61,s4_mixed_dynamic,6.935196676516079,7.575933102373101,False,False,True,static_fusion,86,6.5,8.5,0.447493550153571,ema
62,s4_mixed_dynamic,6.925151254140051,7.098088212920689,False,False,True,wifi_only,87,7.5,8.5,0.18012040861258846,ema
62,s4_mixed_dynamic,6.925151254140051,7.098088212920689,False,False,True,vlp_only,76,6.5,7.5,0.9999999855435433,ema
62,s4_mixed_dynamic,6.925151254140051,7.098088212920689,False,False,True,static_fusion,76,6.5,7.5,0.5285993297675227,ema
63,s4_mixed_dynamic,6.9536901632065256,6.989777604364947,False,False,True,wifi_only,77,7.5,7.5,0.14526565969349278,ema
63,s4_mixed_dynamic,6.9536901632065256,6.989777604364947,False,False,True,vlp_only,76,6.5,7.5,0.9999999999001733,ema
63,s4_mixed_dynamic,6.9536901632065256,6.989777604364947,False,False,True,static_fusion,76,6.5,7.5,0.5185373112643348,ema
64,s4_mixed_dynamic,6.966708536003405,6.623992067365702,False,False,True,wifi_only,77,7.5,7.5,0.13942602014162933,ema
64,s4_mixed_dynamic,6.966708536003405,6.623992067365702,False,False,True,vlp_only,76,6.5,7.5,0.9999999999010001,ema
64,s4_mixed_dynamic,6.966708536003405,6.623992067365702,False,False,True,static_fusion,76,6.5,7.5,0.512326265475856,ema
65,s4_mixed_dynamic,7.006265988225517,6.167924934295798,False,True,True,wifi_only,78,8.5,7.5,0.11176041348985927,ema
65,s4_mixed_dynamic,7.006265988225517,6.167924934295798,False,True,True,vlp_only,67,7.5,6.5,0.9999354857224488,ema
65,s4_mixed_dynamic,7.006265988225517,6.167924934295798,False,True,True,static_fusion,67,7.5,6.5,0.5557937686422225,ema
66,s4_mixed_dynamic,7.195573035758812,5.900698987196131,False,True,True,wifi_only,67,7.5,6.5,0.1545138076729349,ema
66,s4_mixed_dynamic,7.195573035758812,5.900698987196131,False,True,True,vlp_only,69,9.5,6.5,0.9999999999010001,ema
66,s4_mixed_dynamic,7.195573035758812,5.900698987196131,False,True,True,static_fusion,69,9.5,6.5,0.5077971049815567,ema
67,s4_mixed_dynamic,7.214622128011173,5.480629494443392,False,True,True,wifi_only,67,7.5,6.5,0.1490362549976753,ema
67,s4_mixed_dynamic,7.214622128011173,5.480629494443392,False,True,True,vlp_only,57,7.5,5.5,0.9999999336553209,ema
67,s4_mixed_dynamic,7.214622128011173,5.480629494443392,False,True,True,static_fusion,57,7.5,5.5,0.5509096340601465,ema
68,s4_mixed_dynamic,7.224596969394833,5.365365355851328,False,True,True,wifi_only,67,7.5,6.5,0.1620831658400125,ema
68,s4_mixed_dynamic,7.224596969394833,5.365365355851328,False,True,True,vlp_only,56,6.5,5.5,0.9999999998996967,ema
68,s4_mixed_dynamic,7.224596969394833,5.365365355851328,False,True,True,static_fusion,56,6.5,5.5,0.564542540641942,ema
69,s4_mixed_dynamic,7.3987606078939105,4.973012310374174,False,True,True,wifi_only,57,7.5,5.5,0.1547444495935152,ema
69,s4_mixed_dynamic,7.3987606078939105,4.973012310374174,False,True,True,vlp_only,49,9.5,4.5,0.9999999999010002,ema
69,s4_mixed_dynamic,7.3987606078939105,4.973012310374174,False,True,True,static_fusion,49,9.5,4.5,0.5015114006355677,ema
70,s4_mixed_dynamic,7.635914401899096,4.715226258016342,False,True,True,wifi_only,57,7.5,5.5,0.16026336031813665,ema
70,s4_mixed_dynamic,7.635914401899096,4.715226258016342,False,True,True,vlp_only,49,9.5,4.5,0.9999999999010002,ema
70,s4_mixed_dynamic,7.635914401899096,4.715226258016342,False,True,True,static_fusion,49,9.5,4.5,0.5016503126452263,ema
71,s4_mixed_dynamic,7.871357392106725,4.543524489496297,False,True,True,wifi_only,47,7.5,4.5,0.17561242284844802,ema
71,s4_mixed_dynamic,7.871357392106725,4.543524489496297,False,True,True,vlp_only,49,9.5,4.5,0.9999999999010002,ema
71,s4_mixed_dynamic,7.871357392106725,4.543524489496297,False,True,True,static_fusion,49,9.5,4.5,0.5196782069410788,ema
72,s4_mixed_dynamic,8.272955973874682,4.373796974104669,False,True,True,wifi_only,48,8.5,4.5,0.18431929619815307,ema
72,s4_mixed_dynamic,8.272955973874682,4.373796974104669,False,True,True,vlp_only,49,9.5,4.5,0.9999999999010002,ema
72,s4_mixed_dynamic,8.272955973874682,4.373796974104669,False,True,True,static_fusion,49,9.5,4.5,0.5652254896046431,ema
73,s4_mixed_dynamic,8.62151579149036,4.028494957379147,False,True,True,wifi_only,49,9.5,4.5,0.24841367474388026,ema
73,s4_mixed_dynamic,8.62151579149036,4.028494957379147,False,True,True,vlp_only,49,9.5,4.5,0.9999999999010002,ema
73,s4_mixed_dynamic,8.62151579149036,4.028494957379147,False,True,True,static_fusion,49,9.5,4.5,0.6242068373224401,ema
74,s4_mixed_dynamic,8.748435457425892,3.685738487590071,False,True,True,wifi_only,49,9.5,4.5,0.2811300144952746,ema
74,s4_mixed_dynamic,8.748435457425892,3.685738487590071,False,True,True,vlp_only,49,9.5,4.5,0.9999999999010002,ema
74,s4_mixed_dynamic,8.748435457425892,3.685738487590071,False,True,True,static_fusion,49,9.5,4.5,0.6405650071981376,ema
75,s4_mixed_dynamic,8.835085190139699,3.5526052200138745,False,False,True,wifi_only,39,9.5,3.5,0.20694395848675187,ema
75,s4_mixed_dynamic,8.835085190139699,3.5526052200138745,False,False,True,vlp_only,49,9.5,4.5,0.9999999999010002,ema
75,s4_mixed_dynamic,8.835085190139699,3.5526052200138745,False,False,True,static_fusion,49,9.5,4.5,0.585007345363942,ema
76,s4_mixed_dynamic,8.909093693609096,3.3558416683741257,False,False,True,wifi_only,38,8.5,3.5,0.20709834326252438,ema
76,s4_mixed_dynamic,8.909093693609096,3.3558416683741257,False,False,True,vlp_only,39,9.5,3.5,0.9999999999010002,ema
76,s4_mixed_dynamic,8.909093693609096,3.3558416683741257,False,False,True,static_fusion,39,9.5,3.5,0.5837751559702765,ema
77,s4_mixed_dynamic,9.099711473119482,3.177715842546163,False,False,True,wifi_only,38,8.5,3.5,0.27556078981534504,ema
77,s4_mixed_dynamic,9.099711473119482,3.177715842546163,False,False,True,vlp_only,39,9.5,3.5,0.9999999999010002,ema
77,s4_mixed_dynamic,9.099711473119482,3.177715842546163,False,False,True,static_fusion,39,9.5,3.5,0.6071461696099164,ema
78,s4_mixed_dynamic,9.333851006911315,2.7984046692967013,False,False,True,wifi_only,39,9.5,3.5,0.3483108581903429,ema
78,s4_mixed_dynamic,9.333851006911315,2.7984046692967013,False,False,True,vlp_only,29,9.5,2.5,0.9999906912078482,ema
78,s4_mixed_dynamic,9.333851006911315,2.7984046692967013,False,False,True,static_fusion,29,9.5,2.5,0.5364731775962289,ema
79,s4_mixed_dynamic,9.466292753776418,2.334363853065204,False,False,True,wifi_only,29,9.5,2.5,0.2985775739194165,ema
79,s4_mixed_dynamic,9.466292753776418,2.334363853065204,False,False,True,vlp_only,29,9.5,2.5,0.9999999999010002,ema
79,s4_mixed_dynamic,9.466292753776418,2.334363853065204,False,False,True,static_fusion,29,9.5,2.5,0.6492887869102082,ema
80,s4_mixed_dynamic,9.611899936659418,2.123312718823533,True,False,True,wifi_only,29,9.5,2.5,0.371637732513619,ema
80,s4_mixed_dynamic,9.611899936659418,2.123312718823533,True,False,True,vlp_only,29,9.5,2.5,0.9999999998988008,ema
80,s4_mixed_dynamic,9.611899936659418,2.123312718823533,True,False,True,static_fusion,29,9.5,2.5,0.6858188662062099,ema
81,s4_mixed_dynamic,9.858322040787618,1.7145087247330029,True,False,True,wifi_only,7,7.5,0.5,0.30799384228231735,ema
81,s4_mixed_dynamic,9.858322040787618,1.7145087247330029,True,False,True,vlp_only,29,9.5,2.5,0.9999958112149095,ema
81,s4_mixed_dynamic,9.858322040787618,1.7145087247330029,True,False,True,static_fusion,29,9.5,2.5,0.6265066416403595,ema
82,s4_mixed_dynamic,9.758809756481527,1.8587665766892736,True,False,True,wifi_only,29,9.5,2.5,0.29526900003260387,ema
82,s4_mixed_dynamic,9.758809756481527,1.8587665766892736,True,False,True,vlp_only,19,9.5,1.5,0.9441797725494367,ema
82,s4_mixed_dynamic,9.758809756481527,1.8587665766892736,True,False,True,static_fusion,19,9.5,1.5,0.47283248827227986,ema
83,s4_mixed_dynamic,9.674741536762076,1.980219721792202,True,False,True,wifi_only,9,9.5,0.5,0.3276014254186488,ema
83,s4_mixed_dynamic,9.674741536762076,1.980219721792202,True,False,True,vlp_only,19,9.5,1.5,0.7995544793777796,ema
83,s4_mixed_dynamic,9.674741536762076,1.980219721792202,True,False,True,static_fusion,19,9.5,1.5,0.5594107566071396,ema
84,s4_mixed_dynamic,9.543539060630476,2.38811292843674,True,False,True,wifi_only,9,9.5,0.5,0.5189401172705688,ema
84,s4_mixed_dynamic,9.543539060630476,2.38811292843674,True,False,True,vlp_only,29,9.5,2.5,0.9869248016315652,ema
84,s4_mixed_dynamic,9.543539060630476,2.38811292843674,True,False,True,static_fusion,29,9.5,2.5,0.49376083119062947,ema
85,s4_mixed_dynamic,9.538461254265044,2.548657706440192,True,False,True,wifi_only,9,9.5,0.5,0.4659352959344348,ema
85,s4_mixed_dynamic,9.538461254265044,2.548657706440192,True,False,True,vlp_only,29,9.5,2.5,0.9999834036464551,ema
85,s4_mixed_dynamic,9.538461254265044,2.548657706440192,True,False,True,static_fusion,29,9.5,2.5,0.5019727278532656,ema
86,s4_mixed_dynamic,9.544593459510066,2.7077556794947983,True,False,True,wifi_only,7,7.5,0.5,0.4886731748729463,ema
86,s4_mixed_dynamic,9.544593459510066,2.7077556794947983,True,False,True,vlp_only,29,9.5,2.5,0.9999999984204482,ema
86,s4_mixed_dynamic,9.544593459510066,2.7077556794947983,True,False,True,static_fusion,29,9.5,2.5,0.5063441683070199,ema
87,s4_mixed_dynamic,9.633379023943917,3.061085408030138,True,False,True,wifi_only,17,7.5,1.5,0.4112011240788249,ema
87,s4_mixed_dynamic,9.633379023943917,3.061085408030138,True,False,True,vlp_only,29,9.5,2.5,0.9999999999010002,ema
87,s4_mixed_dynamic,9.633379023943917,3.061085408030138,True,False,True,static_fusion,29,9.5,2.5,0.5236828949167545,ema
88,s4_mixed_dynamic,9.752600157839524,3.198956190033732,True,False,True,wifi_only,27,7.5,2.5,0.3555269646423208,ema
88,s4_mixed_dynamic,9.752600157839524,3.198956190033732,True,False,True,vlp_only,39,9.5,3.5,0.9999999999010002,ema
88,s4_mixed_dynamic,9.752600157839524,3.198956190033732,True,False,True,static_fusion,39,9.5,3.5,0.5092307004357537,ema
89,s4_mixed_dynamic,9.40578903862998,2.8552477628804214,True,False,True,wifi_only,27,7.5,2.5,0.2680485224977301,ema
89,s4_mixed_dynamic,9.40578903862998,2.8552477628804214,True,False,True,vlp_only,29,9.5,2.5,0.9999999999010002,ema
89,s4_mixed_dynamic,9.40578903862998,2.8552477628804214,True,False,True,static_fusion,29,9.5,2.5,0.5184557291627367,ema
90,s4_mixed_dynamic,9.127964250423506,2.698331211248074,False,False,True,wifi_only,27,7.5,2.5,0.23448604983159238,ema
90,s4_mixed_dynamic,9.127964250423506,2.698331211248074,False,False,True,vlp_only,29,9.5,2.5,0.9999999999010002,ema
90,s4_mixed_dynamic,9.127964250423506,2.698331211248074,False,False,True,static_fusion,29,9.5,2.5,0.537668331888676,ema
91,s4_mixed_dynamic,8.800406594259712,2.6051004251712406,False,False,True,wifi_only,28,8.5,2.5,0.22198975469185123,ema
91,s4_mixed_dynamic,8.800406594259712,2.6051004251712406,False,False,True,vlp_only,29,9.5,2.5,0.9999999999010002,ema
91,s4_mixed_dynamic,8.800406594259712,2.6051004251712406,False,False,True,static_fusion,29,9.5,2.5,0.5870706618736408,ema
92,s4_mixed_dynamic,8.550281299097398,2.456641319624944,False,False,True,wifi_only,28,8.5,2.5,0.29358496967887143,ema
92,s4_mixed_dynamic,8.550281299097398,2.456641319624944,False,False,True,vlp_only,29,9.5,2.5,0.9999999999010002,ema
92,s4_mixed_dynamic,8.550281299097398,2.456641319624944,False,False,True,static_fusion,29,9.5,2.5,0.5903640808072542,ema
93,s4_mixed_dynamic,8.206258987477604,2.220074095586588,False,False,True,wifi_only,28,8.5,2.5,0.35680869619670236,ema
93,s4_mixed_dynamic,8.206258987477604,2.220074095586588,False,False,True,vlp_only,28,8.5,2.5,0.9999999988035616,ema
93,s4_mixed_dynamic,8.206258987477604,2.220074095586588,False,False,True,static_fusion,28,8.5,2.5,0.6784043475001318,ema
94,s4_mixed_dynamic,7.989681515495209,2.1664204126445497,False,False,True,wifi_only,28,8.5,2.5,0.319063730244089,ema
94,s4_mixed_dynamic,7.989681515495209,2.1664204126445497,False,False,True,vlp_only,28,8.5,2.5,0.9999999128460105,ema
94,s4_mixed_dynamic,7.989681515495209,2.1664204126445497,False,False,True,static_fusion,28,8.5,2.5,0.6595318215450497,ema
95,s4_mixed_dynamic,7.820856477729749,2.216688844603764,False,False,True,wifi_only,17,7.5,1.5,0.28887649270072235,ema
95,s4_mixed_dynamic,7.820856477729749,2.216688844603764,False,False,True,vlp_only,28,8.5,2.5,0.9999995919688152,ema
95,s4_mixed_dynamic,7.820856477729749,2.216688844603764,False,False,True,static_fusion,28,8.5,2.5,0.6301067478589035,ema
96,s4_mixed_dynamic,7.438849577500529,2.091977264871964,False,False,True,wifi_only,28,8.5,2.5,0.26226631684712276,ema
96,s4_mixed_dynamic,7.438849577500529,2.091977264871964,False,False,True,vlp_only,28,8.5,2.5,0.9791068816224157,ema
96,s4_mixed_dynamic,7.438849577500529,2.091977264871964,False,False,True,static_fusion,28,8.5,2.5,0.6206865992347691,ema
97,s4_mixed_dynamic,7.303823403549243,2.032738937171799,False,False,True,wifi_only,17,7.5,1.5,0.2629624295767263,ema
97,s4_mixed_dynamic,7.303823403549243,2.032738937171799,False,False,True,vlp_only,27,7.5,2.5,0.9980027639814688,ema
97,s4_mixed_dynamic,7.303823403549243,2.032738937171799,False,False,True,static_fusion,27,7.5,2.5,0.5835641839885134,ema
98,s4_mixed_dynamic,7.052510845305025,1.9258529473001484,False,False,True,wifi_only,27,7.5,2.5,0.27746351678279496,ema
98,s4_mixed_dynamic,7.052510845305025,1.9258529473001484,False,False,True,vlp_only,17,7.5,1.5,0.7572805133859112,ema
98,s4_mixed_dynamic,7.052510845305025,1.9258529473001484,False,False,True,static_fusion,17,7.5,1.5,0.4520218654792987,ema
99,s4_mixed_dynamic,6.623312112175848,1.726390708485309,False,False,True,wifi_only,27,7.5,2.5,0.27061293191394203,ema
99,s4_mixed_dynamic,6.623312112175848,1.726390708485309,False,False,True,vlp_only,17,7.5,1.5,0.9972513273283445,ema
99,s4_mixed_dynamic,6.623312112175848,1.726390708485309,False,False,True,static_fusion,17,7.5,1.5,0.5373869926468452,ema
