t,scenario,true_x,true_y,wifi_degraded,vlp_blocked,mixed_dynamic,method,pred_cell_id,pred_x,pred_y,max_prob,signal_variant
0,s1_clean,8.548260044884431,3.875368266732585,False,False,False,wifi_only,49,9.5,4.5,0.19926273851495901,raw
0,s1_clean,8.548260044884431,3.875368266732585,False,False,False,vlp_only,39,9.5,3.5,0.9999999999010002,raw
0,s1_clean,8.548260044884431,3.875368266732585,False,False,False,static_fusion,39,9.5,3.5,0.5312258672507391,raw
1,s1_clean,8.648647791547123,3.682160416153107,False,False,False,wifi_only,38,8.5,3.5,0.24500201565762667,raw
1,s1_clean,8.648647791547123,3.682160416153107,False,False,False,vlp_only,38,8.5,3.5,0.9999996363699547,raw
1,s1_clean,8.648647791547123,3.682160416153107,False,False,False,static_fusion,38,8.5,3.5,0.6225008260137906,raw
2,s1_clean,8.904314502785434,3.314602216855924,False,False,False,wifi_only,39,9.5,3.5,0.2656745754372764,raw
2,s1_clean,8.904314502785434,3.314602216855924,False,False,False,vlp_only,38,8.5,3.5,0.9999999999010002,raw
2,s1_clean,8.904314502785434,3.314602216855924,False,False,False,static_fusion,38,8.5,3.5,0.5894183100196417,raw
3,s1_clean,9.310389003930128,3.04167485894367,False,False,False,wifi_only,28,8.5,2.5,0.2529047764208375,raw
3,s1_clean,9.310389003930128,3.04167485894367,False,False,False,vlp_only,29,9.5,2.5,0.9990519553609398,raw
3,s1_clean,9.310389003930128,3.04167485894367,False,False,False,static_fusion,29,9.5,2.5,0.6103786847940074,raw
4,s1_clean,9.706838327803332,2.8964874698404373,False,False,False,wifi_only,39,9.5,3.5,0.3595995479461327,raw
4,s1_clean,9.706838327803332,2.8964874698404373,False,False,False,vlp_only,39,9.5,3.5,0.9999999999010002,raw
4,s1_clean,9.706838327803332,2.8964874698404373,False,False,False,static_fusion,39,9.5,3.5,0.6797997739235664,raw
5,s1_clean,9.41844096729231,2.900422758078939,False,False,False,wifi_only,29,9.5,2.5,0.41401966146121305,raw
5,s1_clean,9.41844096729231,2.900422758078939,False,False,False,vlp_only,29,9.5,2.5,0.9999999999010002,raw
5,s1_clean,9.41844096729231,2.900422758078939,False,False,False,static_fusion,29,9.5,2.5,0.7070098306811066,raw
6,s1_clean,8.964378339140287,2.9597287260816096,False,False,False,wifi_only,29,9.5,2.5,0.6121126830120571,raw
6,s1_clean,8.964378339140287,2.9597287260816096,False,False,False,vlp_only,29,9.5,2.5,0.9999999894250299,raw
6,s1_clean,8.964378339140287,2.9597287260816096,False,False,False,static_fusion,29,9.5,2.5,0.8060563362185436,raw
7,s1_clean,8.774353844140126,3.131454780222936,False,False,False,wifi_only,39,9.5,3.5,0.5125299543510831,raw
7,s1_clean,8.774353844140126,3.131454780222936,False,False,False,vlp_only,38,8.5,3.5,0.9999999999010002,raw
7,s1_clean,8.774353844140126,3.131454780222936,False,False,False,static_fusion,38,8.5,3.5,0.582441892334064,raw
8,s1_clean,8.418152736801511,3.188810020474088,False,False,False,wifi_only,37,7.5,3.5,0.20718603232396815,raw
8,s1_clean,8.418152736801511,3.188810020474088,False,False,False,vlp_only,38,8.5,3.5,0.9999999863521422,raw
8,s1_clean,8.418152736801511,3.188810020474088,False,False,False,static_fusion,38,8.5,3.5,0.5547728885858464,raw
9,s1_clean,8.165062128503568,3.3554638975618585,False,False,False,wifi_only,27,7.5,2.5,0.18503064424786583,raw
9,s1_clean,8.165062128503568,3.3554638975618585,False,False,False,vlp_only,38,8.5,3.5,0.9999954377010339,raw
9,s1_clean,8.165062128503568,3.3554638975618585,False,False,False,static_fusion,38,8.5,3.5,0.5841092936813178,raw
10,s1_clean,8.047852018915972,3.3896047138916883,False,False,False,wifi_only,27,7.5,2.5,0.19086667227622162,raw
10,s1_clean,8.047852018915972,3.3896047138916883,False,False,False,vlp_only,38,8.5,3.5,0.9999965502312761,raw
10,s1_clean,8.047852018915972,3.3896047138916883,False,False,False,static_fusion,38,8.5,3.5,0.5627139380003116,raw
11,s1_clean,7.628992597812742,3.5120336380508936,False,False,False,wifi_only,38,8.5,3.5,0.1804753708845371,raw
11,s1_clean,7.628992597812742,3.5120336380508936,False,False,False,vlp_only,37,7.5,3.5,0.9999999998773521,raw
11,s1_clean,7.628992597812742,3.5120336380508936,False,False,False,static_fusion,37,7.5,3.5,0.5756754281476932,raw
12,s1_clean,7.264240580596287,3.551955010215912,False,False,False,wifi_only,46,6.5,4.5,0.16538034851119388,raw
12,s1_clean,7.264240580596287,3.551955010215912,False,False,False,vlp_only,37,7.5,3.5,0.9999999999010002,raw
12,s1_clean,7.264240580596287,3.551955010215912,False,False,False,static_fusion,37,7.5,3.5,0.5031936680150718,raw
13,s1_clean,6.807654944686304,3.3798711617406227,False,False,False,wifi_only,15,5.5,1.5,0.17137238046029524,raw
13,s1_clean,6.807654944686304,3.3798711617406227,False,False,False,vlp_only,36,6.5,3.5,0.9999999999010002,raw
13,s1_clean,6.807654944686304,3.3798711617406227,False,False,False,static_fusion,36,6.5,3.5,0.5218882937990442,raw
14,s1_clean,6.644376635151973,3.2678225998295574,False,False,False,wifi_only,33,3.5,3.5,0.14799458696169376,raw
14,s1_clean,6.644376635151973,3.2678225998295574,False,False,False,vlp_only,36,6.5,3.5,0.9999999999010002,raw
14,s1_clean,6.644376635151973,3.2678225998295574,False,False,False,static_fusion,36,6.5,3.5,0.5002586411309402,raw
15,s1_clean,6.164360277507891,3.220123101722137,False,False,False,wifi_only,26,6.5,2.5,0.2029918108927538,raw
15,s1_clean,6.164360277507891,3.220123101722137,False,False,False,vlp_only,36,6.5,3.5,0.9999999999010002,raw
15,s1_clean,6.164360277507891,3.220123101722137,False,False,False,static_fusion,36,6.5,3.5,0.5881073140979657,raw
16,s1_clean,5.921670782647944,3.170353913208966,False,False,False,wifi_only,24,4.5,2.5,0.16048685300738552,raw
16,s1_clean,5.921670782647944,3.170353913208966,False,False,False,vlp_only,25,5.5,2.5,0.9999999999010002,raw
16,s1_clean,5.921670782647944,3.170353913208966,False,False,False,static_fusion,25,5.5,2.5,0.575485536519833,raw
17,s1_clean,5.679154300480839,2.9818995639648525,False,False,False,wifi_only,15,5.5,1.5,0.16345408198419858,raw
17,s1_clean,5.679154300480839,2.9818995639648525,False,False,False,vlp_only,25,5.5,2.5,0.9999999999010002,raw
17,s1_clean,5.679154300480839,2.9818995639648525,False,False,False,static_fusion,25,5.5,2.5,0.5725933107352764,raw
18,s1_clean,5.40719635144305,2.708371836226452,False,False,False,wifi_only,25,5.5,2.5,0.1953370372858816,raw
18,s1_clean,5.40719635144305,2.708371836226452,False,False,False,vlp_only,25,5.5,2.5,0.9999999999010002,raw
18,s1_clean,5.40719635144305,2.708371836226452,False,False,False,static_fusion,25,5.5,2.5,0.5976685185934408,raw
19,s1_clean,5.231798982702207,2.4839699101632213,False,False,False,wifi_only,24,4.5,2.5,0.21376080946527276,raw
19,s1_clean,5.231798982702207,2.4839699101632213,False,False,False,vlp_only,25,5.5,2.5,0.9999999999010002,raw
19,s1_clean,5.231798982702207,2.4839699101632213,False,False,False,static_fusion,25,5.5,2.5,0.5928350507354857,raw
20,s1_clean,5.28923634607891,2.192766390499288,False,False,False,wifi_only,14,4.5,1.5,0.18580708949708877,raw
20,s1_clean,5.28923634607891,2.192766390499288,False,False,False,vlp_only,15,5.5,1.5,0.9990733469062201,raw
20,s1_clean,5.28923634607891,2.192766390499288,False,False,False,static_fusion,15,5.5,1.5,0.5102532951100689,raw
21,s1_clean,5.38054459804343,2.090291333531373,False,False,False,wifi_only,5,5.5,0.5,0.3062034723964127,raw
21,s1_clean,5.38054459804343,2.090291333531373,False,False,False,vlp_only,15,5.5,1.5,0.8257343737991006,raw
21,s1_clean,5.38054459804343,2.090291333531373,False,False,False,static_fusion,15,5.5,1.5,0.525911180792139,raw
22,s1_clean,5.395660287878729,1.904575277898607,False,False,False,wifi_only,15,5.5,1.5,0.23693941711156147,raw
22,s1_clean,5.395660287878729,1.904575277898607,False,False,False,vlp_only,15,5.5,1.5,0.9999998129434163,raw
22,s1_clean,5.395660287878729,1.904575277898607,False,False,False,static_fusion,15,5.5,1.5,0.6184696150274889,raw
23,s1_clean,5.346981386445022,1.7399481748937806,False,False,False,wifi_only,25,5.5,2.5,0.21245458832790814,raw
23,s1_clean,5.346981386445022,1.7399481748937806,False,False,False,vlp_only,15,5.5,1.5,0.9999953651479992,raw
23,s1_clean,5.346981386445022,1.7399481748937806,False,False,False,static_fusion,15,5.5,1.5,0.5985392170566093,raw
24,s1_clean,5.356397214861652,1.3990305548570758,False,False,False,wifi_only,24,4.5,2.5,0.17295375433331645,raw
24,s1_clean,5.356397214861652,1.3990305548570758,False,False,False,vlp_only,15,5.5,1.5,0.9999999997694051,raw
24,s1_clean,5.356397214861652,1.3990305548570758,False,False,False,static_fusion,15,5.5,1.5,0.5370468631659999,raw
25,s1_clean,5.55511192506875,1.1971395250192285,False,False,False,wifi_only,25,5.5,2.5,0.22019847781240037,raw
25,s1_clean,5.55511192506875,1.1971395250192285,False,False,False,vlp_only,15,5.5,1.5,0.9999999914286904,raw
25,s1_clean,5.55511192506875,1.1971395250192285,False,False,False,static_fusion,15,5.5,1.5,0.5756432135584583,raw
26,s1_clean,5.644488914276651,1.1264421585125568,False,False,False,wifi_only,5,5.5,0.5,0.2571941108775526,raw
26,s1_clean,5.644488914276651,1.1264421585125568,False,False,False,vlp_only,15,5.5,1.5,0.9999999999005267,raw
26,s1_clean,5.644488914276651,1.1264421585125568,False,False,False,static_fusion,15,5.5,1.5,0.5816782859430042,raw
27,s1_clean,5.99191614365339,0.7779056103368667,False,False,False,wifi_only,46,6.5,4.5,0.1805368330891478,raw
27,s1_clean,5.99191614365339,0.7779056103368667,False,False,False,vlp_only,6,6.5,0.5,0.9999997689560932,raw
27,s1_clean,5.99191614365339,0.7779056103368667,False,False,False,static_fusion,6,6.5,0.5,0.5001162677235389,raw
28,s1_clean,6.3719359824611015,0.5133126785859624,False,False,False,wifi_only,16,6.5,1.5,0.18766788594241116,raw
28,s1_clean,6.3719359824611015,0.5133126785859624,False,False,False,vlp_only,6,6.5,0.5,0.9999999999010003,raw
28,s1_clean,6.3719359824611015,0.5133126785859624,False,False,False,static_fusion,6,6.5,0.5,0.5749970010206487,raw
29,s1_clean,6.642725720701172,0.2610300095402053,False,False,False,wifi_only,6,6.5,0.5,0.33880379492401713,raw
29,s1_clean,6.642725720701172,0.2610300095402053,False,False,False,vlp_only,6,6.5,0.5,0.9999999999010003,raw
29,s1_clean,6.642725720701172,0.2610300095402053,False,False,False,static_fusion,6,6.5,0.5,0.6694018974125088,raw
30,s1_clean,6.746242668239441,0.1917048919949815,False,False,False,wifi_only,6,6.5,0.5,0.45325524297328296,raw
30,s1_clean,6.746242668239441,0.1917048919949815,False,False,False,vlp_only,6,6.5,0.5,0.9999999999010003,raw
30,s1_clean,6.746242668239441,0.1917048919949815,False,False,False,static_fusion,6,6.5,0.5,0.7266276214371415,raw
31,s1_clean,6.356442515941112,0.4369455288091974,False,False,False,wifi_only,6,6.5,0.5,0.3019212782984043,raw
31,s1_clean,6.356442515941112,0.4369455288091974,False,False,False,vlp_only,6,6.5,0.5,0.9999999999010003,raw
31,s1_clean,6.356442515941112,0.4369455288091974,False,False,False,static_fusion,6,6.5,0.5,0.6509606390997023,raw
32,s1_clean,6.090439232524188,0.6864641265250186,False,False,False,wifi_only,6,6.5,0.5,0.35359321197998084,raw
32,s1_clean,6.090439232524188,0.6864641265250186,False,False,False,vlp_only,6,6.5,0.5,0.9999999999010003,raw
32,s1_clean,6.090439232524188,0.6864641265250186,False,False,False,static_fusion,6,6.5,0.5,0.6767966059404905,raw
33,s1_clean,5.949226125977861,0.8518939098654703,False,False,False,wifi_only,16,6.5,1.5,0.23040380945931713,raw
33,s1_clean,5.949226125977861,0.8518939098654703,False,False,False,vlp_only,15,5.5,1.5,0.9999952146037775,raw
33,s1_clean,5.949226125977861,0.8518939098654703,False,False,False,static_fusion,15,5.5,1.5,0.5341262987511021,raw
34,s1_clean,5.8095047430555145,1.1091466717902831,False,False,False,wifi_only,36,6.5,3.5,0.16936616733003573,raw
34,s1_clean,5.8095047430555145,1.1091466717902831,False,False,False,vlp_only,15,5.5,1.5,0.9999999999010003,raw
34,s1_clean,5.8095047430555145,1.1091466717902831,False,False,False,static_fusion,15,5.5,1.5,0.5244385510682259,raw
35,s1_clean,5.579978519259318,1.272432489793561,False,False,False,wifi_only,25,5.5,2.5,0.2031710598982199,raw
35,s1_clean,5.579978519259318,1.272432489793561,False,False,False,vlp_only,15,5.5,1.5,0.9999992190122594,raw
35,s1_clean,5.579978519259318,1.272432489793561,False,False,False,static_fusion,15,5.5,1.5,0.5762580130124433,raw
36,s1_clean,5.338528190625762,1.3036592905789073,False,False,False,wifi_only,5,5.5,0.5,0.3484138704112813,raw
36,s1_clean,5.338528190625762,1.3036592905789073,False,False,False,vlp_only,15,5.5,1.5,0.9999999939957798,raw
36,s1_clean,5.338528190625762,1.3036592905789073,False,False,False,static_fusion,15,5.5,1.5,0.5944930097467794,raw
37,s1_clean,4.912072310282084,1.4157812756540196,False,False,False,wifi_only,24,4.5,2.5,0.21461373833861377,raw
37,s1_clean,4.912072310282084,1.4157812756540196,False,False,False,vlp_only,4,4.5,0.5,0.9999999999010003,raw
37,s1_clean,4.912072310282084,1.4157812756540196,False,False,False,static_fusion,4,4.5,0.5,0.5173569870467996,raw
38,s1_clean,4.826303961432351,1.586236364932186,False,False,False,wifi_only,4,4.5,0.5,0.29801048786472856,raw
38,s1_clean,4.826303961432351,1.586236364932186,False,False,False,vlp_only,4,4.5,0.5,0.999999842385434,raw
38,s1_clean,4.826303961432351,1.586236364932186,False,False,False,static_fusion,4,4.5,0.5,0.6490051651250811,raw
39,s1_clean,4.8018178978276085,1.8759997678234683,False,False,False,wifi_only,16,6.5,1.5,0.20270704094714892,raw
39,s1_clean,4.8018178978276085,1.8759997678234683,False,False,False,vlp_only,14,4.5,1.5,0.9999905821967733,raw
39,s1_clean,4.8018178978276085,1.8759997678234683,False,False,False,static_fusion,14,4.5,1.5,0.5050351502215271,raw
40,s1_clean,4.769561461430565,2.1910721381589235,False,False,False,wifi_only,14,4.5,1.5,0.22979241546774423,raw
40,s1_clean,4.769561461430565,2.1910721381589235,False,False,False,vlp_only,24,4.5,2.5,0.9992378952303341,raw
40,s1_clean,4.769561461430565,2.1910721381589235,False,False,False,static_fusion,24,4.5,2.5,0.5716745006822913,raw
41,s1_clean,4.525918490013359,2.572296491893161,False,False,False,wifi_only,34,4.5,3.5,0.20643969906682028,raw
41,s1_clean,4.525918490013359,2.572296491893161,False,False,False,vlp_only,24,4.5,2.5,0.9999999998261635,raw
41,s1_clean,4.525918490013359,2.572296491893161,False,False,False,static_fusion,24,4.5,2.5,0.5732316976887654,raw
42,s1_clean,4.603145206950584,2.691606464543516,False,False,False,wifi_only,34,4.5,3.5,0.18029397440922074,raw
42,s1_clean,4.603145206950584,2.691606464543516,False,False,False,vlp_only,24,4.5,2.5,0.9999999999010002,raw
42,s1_clean,4.603145206950584,2.691606464543516,False,False,False,static_fusion,24,4.5,2.5,0.5571994616594522,raw
43,s1_clean,4.636858519470941,2.83301729155527,False,False,False,wifi_only,24,4.5,2.5,0.22229907328991486,raw
43,s1_clean,4.636858519470941,2.83301729155527,False,False,False,vlp_only,24,4.5,2.5,0.9999999999010002,raw
43,s1_clean,4.636858519470941,2.83301729155527,False,False,False,static_fusion,24,4.5,2.5,0.6111495365954575,raw
44,s1_clean,4.734121569139968,3.1877348970907184,False,False,False,wifi_only,5,5.5,0.5,0.21653848738051729,raw
44,s1_clean,4.734121569139968,3.1877348970907184,False,False,False,vlp_only,34,4.5,3.5,0.9999999999010002,raw
44,s1_clean,4.734121569139968,3.1877348970907184,False,False,False,static_fusion,34,4.5,3.5,0.50856306111816,raw
45,s1_clean,4.820450082367587,3.2794971977323337,False,False,False,wifi_only,35,5.5,3.5,0.14618868434341348,raw
45,s1_clean,4.820450082367587,3.2794971977323337,False,False,False,vlp_only,34,4.5,3.5,0.9999999999010002,raw
45,s1_clean,4.820450082367587,3.2794971977323337,False,False,False,static_fusion,34,4.5,3.5,0.5721831549493698,raw
46,s1_clean,5.062857013263392,3.3252726841438496,False,False,False,wifi_only,15,5.5,1.5,0.18706906933952888,raw
46,s1_clean,5.062857013263392,3.3252726841438496,False,False,False,vlp_only,35,5.5,3.5,0.9999999999010002,raw
46,s1_clean,5.062857013263392,3.3252726841438496,False,False,False,static_fusion,35,5.5,3.5,0.5238467064748373,raw
47,s1_clean,5.223527674927983,3.3636079119505795,False,False,False,wifi_only,5,5.5,0.5,0.18912624983484325,raw
47,s1_clean,5.223527674927983,3.3636079119505795,False,False,False,vlp_only,35,5.5,3.5,0.9999999999010002,raw
47,s1_clean,5.223527674927983,3.3636079119505795,False,False,False,static_fusion,35,5.5,3.5,0.5369388232654297,raw
48,s1_clean,5.715643126853525,3.4347811219492,False,False,False,wifi_only,45,5.5,4.5,0.14980995049235163,raw
48,s1_clean,5.715643126853525,3.4347811219492,False,False,False,vlp_only,35,5.5,3.5,0.9999999999010002,raw
48,s1_clean,5.715643126853525,3.4347811219492,False,False,False,static_fusion,35,5.5,3.5,0.5360054560968243,raw
49,s1_clean,6.036475943181564,3.33849425496013,False,False,False,wifi_only,26,6.5,2.5,0.21751400726366713,raw
49,s1_clean,6.036475943181564,3.33849425496013,False,False,False,vlp_only,36,6.5,3.5,0.9999999999010002,raw
49,s1_clean,6.036475943181564,3.33849425496013,False,False,False,static_fusion,36,6.5,3.5,0.5626109097103456,raw
50,s1_clean,6.26597077792921,3.2310160910129526,False,False,False,wifi_only,25,5.5,2.5,0.19482724742612376,raw
50,s1_clean,6.26597077792921,3.2310160910129526,False,False,False,vlp_only,36,6.5,3.5,0.9999999999010002,raw
50,s1_clean,6.26597077792921,3.2310160910129526,False,False,False,static_fusion,36,6.5,3.5,0.5326490451388743,raw
51,s1_clean,6.557154939381723,3.0499936079927075,False,False,False,wifi_only,37,7.5,3.5,0.1722154090282573,raw
51,s1_clean,6.557154939381723,3.0499936079927075,False,False,False,vlp_only,26,6.5,2.5,0.9999999999010002,raw
51,s1_clean,6.557154939381723,3.0499936079927075,False,False,False,static_fusion,26,6.5,2.5,0.5653004202776815,raw
52,s1_clean,6.7452470995562726,2.868494108966797,False,False,False,wifi_only,35,5.5,3.5,0.1817531476946006,raw
52,s1_clean,6.7452470995562726,2.868494108966797,False,False,False,vlp_only,26,6.5,2.5,0.9999999999010002,raw
52,s1_clean,6.7452470995562726,2.868494108966797,False,False,False,static_fusion,26,6.5,2.5,0.5264972998463936,raw
53,s1_clean,6.89633119872926,2.646701910339533,False,False,False,wifi_only,6,6.5,0.5,0.19628101853577554,raw
53,s1_clean,6.89633119872926,2.646701910339533,False,False,False,vlp_only,26,6.5,2.5,0.9999999999010002,raw
53,s1_clean,6.89633119872926,2.646701910339533,False,False,False,static_fusion,26,6.5,2.5,0.5582673860481395,raw
54,s1_clean,7.093839490462012,2.230395250989873,False,False,False,wifi_only,37,7.5,3.5,0.2060687066409578,raw
54,s1_clean,7.093839490462012,2.230395250989873,False,False,False,vlp_only,27,7.5,2.5,0.9956733024239279,raw
54,s1_clean,7.093839490462012,2.230395250989873,False,False,False,static_fusion,27,7.5,2.5,0.5191957064357561,raw
55,s1_clean,7.327799421114381,2.083866639869165,False,False,False,wifi_only,27,7.5,2.5,0.3019374837789358,raw
55,s1_clean,7.327799421114381,2.083866639869165,False,False,False,vlp_only,17,7.5,1.5,0.9806991352432617,raw
55,s1_clean,7.327799421114381,2.083866639869165,False,False,False,static_fusion,17,7.5,1.5,0.5820084583536934,raw
56,s1_clean,7.4404788553418495,2.0885416935474934,False,False,False,wifi_only,16,6.5,1.5,0.27341056087663995,raw
56,s1_clean,7.4404788553418495,2.0885416935474934,False,False,False,vlp_only,27,7.5,2.5,0.9999829727697555,raw
56,s1_clean,7.4404788553418495,2.0885416935474934,False,False,False,static_fusion,27,7.5,2.5,0.5455453724986075,raw
57,s1_clean,7.579211275373233,2.0714456103345764,False,False,False,wifi_only,16,6.5,1.5,0.28520017787846236,raw
57,s1_clean,7.579211275373233,2.0714456103345764,False,False,False,vlp_only,27,7.5,2.5,0.994289683272306,raw
57,s1_clean,7.579211275373233,2.0714456103345764,False,False,False,static_fusion,27,7.5,2.5,0.586417395832432,raw
58,s1_clean,7.844337613028887,1.6670430401807117,False,False,False,wifi_only,7,7.5,0.5,0.29713104235825144,raw
58,s1_clean,7.844337613028887,1.6670430401807117,False,False,False,vlp_only,17,7.5,1.5,0.9551360544155646,raw
58,s1_clean,7.844337613028887,1.6670430401807117,False,False,False,static_fusion,17,7.5,1.5,0.5897856492986107,raw
59,s1_clean,7.979950544975631,1.4630004361001532,False,False,False,wifi_only,17,7.5,1.5,0.418825834951515,raw
59,s1_clean,7.979950544975631,1.4630004361001532,False,False,False,vlp_only,17,7.5,1.5,0.9997844929895902,raw
59,s1_clean,7.979950544975631,1.4630004361001532,False,False,False,static_fusion,17,7.5,1.5,0.7093051639705524,raw
60,s1_clean,8.127206923732981,1.3162437323059886,False,False,False,wifi_only,8,8.5,0.5,0.334526864224005,raw
60,s1_clean,8.127206923732981,1.3162437323059886,False,False,False,vlp_only,18,8.5,1.5,0.9985081483470896,raw
60,s1_clean,8.127206923732981,1.3162437323059886,False,False,False,static_fusion,18,8.5,1.5,0.6196479763948752,raw
61,s1_clean,8.189098931075993,1.1020139318013231,False,False,False,wifi_only,19,9.5,1.5,0.30944882146251423,raw
61,s1_clean,8.189098931075993,1.1020139318013231,False,False,False,vlp_only,18,8.5,1.5,0.9999898166710568,raw
61,s1_clean,8.189098931075993,1.1020139318013231,False,False,False,static_fusion,18,8.5,1.5,0.5950814893186488,raw
62,s1_clean,8.244559866287215,0.9834290739202508,False,False,False,wifi_only,18,8.5,1.5,0.5863565005346456,raw
62,s1_clean,8.244559866287215,0.9834290739202508,False,False,False,vlp_only,18,8.5,1.5,0.99999999989324,raw
62,s1_clean,8.244559866287215,0.9834290739202508,False,False,False,static_fusion,18,8.5,1.5,0.7931782502139428,raw
63,s1_clean,8.469449233099015,0.5380851752887181,False,False,False,wifi_only,18,8.5,1.5,0.41204512829970896,raw
63,s1_clean,8.469449233099015,0.5380851752887181,False,False,False,vlp_only,8,8.5,0.5,0.9999972612169628,raw
63,s1_clean,8.469449233099015,0.5380851752887181,False,False,False,static_fusion,8,8.5,0.5,0.6402168484265529,raw
64,s1_clean,8.61129496830597,0.2850740111733432,False,False,False,wifi_only,8,8.5,0.5,0.477139179815926,raw
64,s1_clean,8.61129496830597,0.2850740111733432,False,False,False,vlp_only,9,9.5,0.5,0.9999968691136664,raw
64,s1_clean,8.61129496830597,0.2850740111733432,False,False,False,static_fusion,9,9.5,0.5,0.5802607779051874,raw
65,s1_clean,8.649656672908945,0.1829723899998202,False,False,False,wifi_only,9,9.5,0.5,0.2197690493378626,raw
65,s1_clean,8.649656672908945,0.1829723899998202,False,False,False,vlp_only,9,9.5,0.5,0.9999999999010003,raw
65,s1_clean,8.649656672908945,0.1829723899998202,False,False,False,static_fusion,9,9.5,0.5,0.6098845246194314,raw
66,s1_clean,8.433510539178341,0.5984305923139432,False,False,False,wifi_only,19,9.5,1.5,0.3687698510339139,raw
66,s1_clean,8.433510539178341,0.5984305923139432,False,False,False,vlp_only,8,8.5,0.5,0.9999999950704704,raw
66,s1_clean,8.433510539178341,0.5984305923139432,False,False,False,static_fusion,8,8.5,0.5,0.5671511445441133,raw
67,s1_clean,8.390725265666473,0.8870681197350446,False,False,False,wifi_only,19,9.5,1.5,0.3035224910265069,raw
67,s1_clean,8.390725265666473,0.8870681197350446,False,False,False,vlp_only,8,8.5,0.5,0.9999734963117791,raw
67,s1_clean,8.390725265666473,0.8870681197350446,False,False,False,static_fusion,8,8.5,0.5,0.6062857585962829,raw
68,s1_clean,8.28586833451047,1.075450447649671,False,False,False,wifi_only,8,8.5,0.5,0.39447607378574195,raw
68,s1_clean,8.28586833451047,1.075450447649671,False,False,False,vlp_only,18,8.5,1.5,0.9999998326188652,raw
68,s1_clean,8.28586833451047,1.075450447649671,False,False,False,static_fusion,18,8.5,1.5,0.6399761979299543,raw
69,s1_clean,8.00771188370768,1.2586421068158191,False,False,False,wifi_only,7,7.5,0.5,0.3584435688710613,raw
69,s1_clean,8.00771188370768,1.2586421068158191,False,False,False,vlp_only,18,8.5,1.5,0.9999846134859892,raw
69,s1_clean,8.00771188370768,1.2586421068158191,False,False,False,static_fusion,18,8.5,1.5,0.5000423618249626,raw
70,s1_clean,7.876253087162693,1.4325757096206515,False,False,False,wifi_only,17,7.5,1.5,0.4505161728163891,raw
70,s1_clean,7.876253087162693,1.4325757096206515,False,False,False,vlp_only,17,7.5,1.5,0.9774964918965113,raw
70,s1_clean,7.876253087162693,1.4325757096206515,False,False,False,static_fusion,17,7.5,1.5,0.7140063323564502,raw
71,s1_clean,7.764584357169141,1.783515740895847,False,False,False,wifi_only,28,8.5,2.5,0.2942167513239263,raw
71,s1_clean,7.764584357169141,1.783515740895847,False,False,False,vlp_only,17,7.5,1.5,0.9999999688520478,raw
71,s1_clean,7.764584357169141,1.783515740895847,False,False,False,static_fusion,17,7.5,1.5,0.5830248655280847,raw
72,s1_clean,7.724461665749093,1.919199890822522,False,False,False,wifi_only,38,8.5,3.5,0.23701769297817332,raw
72,s1_clean,7.724461665749093,1.919199890822522,False,False,False,vlp_only,17,7.5,1.5,0.9867983882567447,raw
72,s1_clean,7.724461665749093,1.919199890822522,False,False,False,static_fusion,17,7.5,1.5,0.5005388497234643,raw
73,s1_clean,7.434410446855592,2.196460502510213,False,False,False,wifi_only,7,7.5,0.5,0.4564461829477466,raw
73,s1_clean,7.434410446855592,2.196460502510213,False,False,False,vlp_only,27,7.5,2.5,0.9905046511615341,raw
73,s1_clean,7.434410446855592,2.196460502510213,False,False,False,static_fusion,27,7.5,2.5,0.5095619543728854,raw
74,s1_clean,7.329501734941545,2.341512908882469,False,False,False,wifi_only,27,7.5,2.5,0.3115313954043141,raw
74,s1_clean,7.329501734941545,2.341512908882469,False,False,False,vlp_only,27,7.5,2.5,0.997045550270194,raw
74,s1_clean,7.329501734941545,2.341512908882469,False,False,False,static_fusion,27,7.5,2.5,0.6542884728372541,raw
75,s1_clean,7.071931175766185,2.639246667376174,False,False,False,wifi_only,28,8.5,2.5,0.2690191895985013,raw
75,s1_clean,7.071931175766185,2.639246667376174,False,False,False,vlp_only,27,7.5,2.5,0.9999999999010002,raw
75,s1_clean,7.071931175766185,2.639246667376174,False,False,False,static_fusion,27,7.5,2.5,0.5943139060919344,raw
76,s1_clean,6.978026390337671,2.8586906033898587,False,False,False,wifi_only,39,9.5,3.5,0.21133801258334217,raw
76,s1_clean,6.978026390337671,2.8586906033898587,False,False,False,vlp_only,26,6.5,2.5,0.9999999999010002,raw
76,s1_clean,6.978026390337671,2.8586906033898587,False,False,False,static_fusion,26,6.5,2.5,0.5240248250960804,raw
77,s1_clean,7.056281076272732,3.07562739707137,False,False,False,wifi_only,37,7.5,3.5,0.2460668926470607,raw
77,s1_clean,7.056281076272732,3.07562739707137,False,False,False,vlp_only,37,7.5,3.5,0.9999999998999233,raw
77,s1_clean,7.056281076272732,3.07562739707137,False,False,False,static_fusion,37,7.5,3.5,0.6230334462734921,raw
78,s1_clean,6.986478911581751,3.499417790512807,False,False,False,wifi_only,35,5.5,3.5,0.1634374780123879,raw
78,s1_clean,6.986478911581751,3.499417790512807,False,False,False,vlp_only,37,7.5,3.5,0.9999999999010002,raw
78,s1_clean,6.986478911581751,3.499417790512807,False,False,False,static_fusion,37,7.5,3.5,0.5133506991344797,raw
79,s1_clean,7.059635179641974,3.643912026483358,False,False,False,wifi_only,47,7.5,4.5,0.20862484666979278,raw
79,s1_clean,7.059635179641974,3.643912026483358,False,False,False,vlp_only,36,6.5,3.5,0.9999999999010002,raw
79,s1_clean,7.059635179641974,3.643912026483358,False,False,False,static_fusion,36,6.5,3.5,0.5577790841638224,raw
80,s1_clean,7.111230980212548,3.866216527347812,False,False,False,wifi_only,59,9.5,5.5,0.20404038564061,raw
80,s1_clean,7.111230980212548,3.866216527347812,False,False,False,vlp_only,36,6.5,3.5,0.9999999999010002,raw
80,s1_clean,7.111230980212548,3.866216527347812,False,False,False,static_fusion,36,6.5,3.5,0.516085284400031,raw
81,s1_clean,7.093666462300226,4.151666727840037,False,False,False,wifi_only,47,7.5,4.5,0.14718072257367265,raw
81,s1_clean,7.093666462300226,4.151666727840037,False,False,False,vlp_only,47,7.5,4.5,0.9999999946920471,raw
81,s1_clean,7.093666462300226,4.151666727840037,False,False,False,static_fusion,47,7.5,4.5,0.5735903586328599,raw
82,s1_clean,7.179940304559092,4.40982120831966,False,False,False,wifi_only,47,7.5,4.5,0.1297458228829526,raw
82,s1_clean,7.179940304559092,4.40982120831966,False,False,False,vlp_only,47,7.5,4.5,0.9999999999010002,raw
82,s1_clean,7.179940304559092,4.40982120831966,False,False,False,static_fusion,47,7.5,4.5,0.5648729113919764,raw
83,s1_clean,7.389306456175779,4.728806808316636,False,False,False,wifi_only,36,6.5,3.5,0.18510885760621665,raw
83,s1_clean,7.389306456175779,4.728806808316636,False,False,False,vlp_only,47,7.5,4.5,0.9999984563983763,raw
83,s1_clean,7.389306456175779,4.728806808316636,False,False,False,static_fusion,47,7.5,4.5,0.5735524895577704,raw
84,s1_clean,7.471099094223947,5.062300262899215,False,False,False,wifi_only,69,9.5,6.5,0.1944519632000143,raw
84,s1_clean,7.471099094223947,5.062300262899215,False,False,False,vlp_only,57,7.5,5.5,0.602456392871698,raw
84,s1_clean,7.471099094223947,5.062300262899215,False,False,False,static_fusion,57,7.5,5.5,0.3350985940331674,raw
85,s1_clean,7.639476103338564,5.452330212055501,False,False,False,wifi_only,58,8.5,5.5,0.15655811098375536,raw
85,s1_clean,7.639476103338564,5.452330212055501,False,False,False,vlp_only,57,7.5,5.5,0.9999998479199402,raw
85,s1_clean,7.639476103338564,5.452330212055501,False,False,False,static_fusion,57,7.5,5.5,0.5509327573488784,raw
86,s1_clean,7.590210281547375,5.578300437724326,False,False,False,wifi_only,56,6.5,5.5,0.19611833297715167,raw
86,s1_clean,7.590210281547375,5.578300437724326,False,False,False,vlp_only,57,7.5,5.5,0.9999999999010002,raw
86,s1_clean,7.590210281547375,5.578300437724326,False,False,False,static_fusion,57,7.5,5.5,0.5530389278812983,raw
87,s1_clean,7.462795792010998,5.791477714093946,False,False,False,wifi_only,56,6.5,5.5,0.1499808093128601,raw
87,s1_clean,7.462795792010998,5.791477714093946,False,False,False,vlp_only,57,7.5,5.5,0.9999995313593847,raw
87,s1_clean,7.462795792010998,5.791477714093946,False,False,False,static_fusion,57,7.5,5.5,0.5423073076839787,raw
88,s1_clean,7.440607753073426,5.980848219358611,False,False,False,wifi_only,68,8.5,6.5,0.13394684634585063,raw
88,s1_clean,7.440607753073426,5.980848219358611,False,False,False,vlp_only,66,6.5,6.5,0.9999999781274904,raw
88,s1_clean,7.440607753073426,5.980848219358611,False,False,False,static_fusion,66,6.5,6.5,0.5184799985821839,raw
89,s1_clean,7.440906125309533,6.113793031097752,False,False,False,wifi_only,55,5.5,5.5,0.15752230205747683,raw
89,s1_clean,7.440906125309533,6.113793031097752,False,False,False,vlp_only,66,6.5,6.5,0.9999999999010001,raw
89,s1_clean,7.440906125309533,6.113793031097752,False,False,False,static_fusion,66,6.5,6.5,0.5223922773913604,raw
90,s1_clean,7.279806471044582,6.464561962588011,False,False,False,wifi_only,67,7.5,6.5,0.1491143990889409,raw
90,s1_clean,7.279806471044582,6.464561962588011,False,False,False,vlp_only,67,7.5,6.5,0.9999999999010001,raw
90,s1_clean,7.279806471044582,6.464561962588011,False,False,False,static_fusion,67,7.5,6.5,0.5745571994949705,raw
91,s1_clean,7.195775699002211,6.545903417221667,False,False,False,wifi_only,56,6.5,5.5,0.15160010160939272,raw
91,s1_clean,7.195775699002211,6.545903417221667,False,False,False,vlp_only,67,7.5,6.5,0.9999999999010001,raw
91,s1_clean,7.195775699002211,6.545903417221667,False,False,False,static_fusion,67,7.5,6.5,0.5605963349037499,raw
92,s1_clean,7.071679731335141,6.664553875446808,False,False,False,wifi_only,67,7.5,6.5,0.11614328819437236,raw
92,s1_clean,7.071679731335141,6.664553875446808,False,False,False,vlp_only,67,7.5,6.5,0.9999999999010001,raw
92,s1_clean,7.071679731335141,6.664553875446808,False,False,False,static_fusion,67,7.5,6.5,0.5580716440476863,raw
93,s1_clean,6.88601961932652,6.885266262387327,False,False,False,wifi_only,87,7.5,8.5,0.12220670483318828,raw
93,s1_clean,6.88601961932652,6.885266262387327,False,False,False,vlp_only,76,6.5,7.5,0.9999999999010001,raw
93,s1_clean,6.88601961932652,6.885266262387327,False,False,False,static_fusion,76,6.5,7.5,0.5297823061768395,raw
94,s1_clean,6.836265376227635,7.09347815473235,False,False,False,wifi_only,76,6.5,7.5,0.14692341077272592,raw
94,s1_clean,6.836265376227635,7.09347815473235,False,False,False,vlp_only,76,6.5,7.5,0.9999999999010001,raw
94,s1_clean,6.836265376227635,7.09347815473235,False,False,False,static_fusion,76,6.5,7.5,0.573461705336863,raw
95,s1_clean,6.749970613133377,7.2047970050942345,False,False,False,wifi_only,65,5.5,6.5,0.12866476690199877,raw
95,s1_clean,6.749970613133377,7.2047970050942345,False,False,False,vlp_only,76,6.5,7.5,0.9999999999010001,raw
95,s1_clean,6.749970613133377,7.2047970050942345,False,False,False,static_fusion,76,6.5,7.5,0.5265562130526857,raw
96,s1_clean,6.520102407663193,7.416654680272662,False,False,False,wifi_only,97,7.5,9.5,0.21810395916451877,raw
96,s1_clean,6.520102407663193,7.416654680272662,False,False,False,vlp_only,76,6.5,7.5,0.9999999998833807,raw
96,s1_clean,6.520102407663193,7.416654680272662,False,False,False,static_fusion,76,6.5,7.5,0.5236277867789941,raw
97,s1_clean,6.235078071420909,7.80527981884087,False,False,False,wifi_only,76,6.5,7.5,0.2421866316894872,raw
97,s1_clean,6.235078071420909,7.80527981884087,False,False,False,vlp_only,76,6.5,7.5,0.9998551013342257,raw
97,s1_clean,6.235078071420909,7.80527981884087,False,False,False,static_fusion,76,6.5,7.5,0.6210208665118564,raw
98,s1_clean,5.98823397903378,7.93574951314563,False,False,False,wifi_only,75,5.5,7.5,0.3543714915959581,raw
98,s1_clean,5.98823397903378,7.93574951314563,False,False,False,vlp_only,96,6.5,9.5,0.9999999999010001,raw
98,s1_clean,5.98823397903378,7.93574951314563,False,False,False,static_fusion,96,6.5,9.5,0.5417945210583195,raw
99,s1_clean,5.822657938153183,7.968265377624689,False,False,False,wifi_only,75,5.5,7.5,0.3052645346962199,raw
99,s1_clean,5.822657938153183,7.968265377624689,False,False,False,vlp_only,96,6.5,9.5,0.881448624398195,raw
99,s1_clean,5.822657938153183,7.968265377624689,False,False,False,static_fusion,96,6.5,9.5,0.4719747654492808,raw
0,s1_clean,8.548260044884431,3.875368266732585,False,False,False,wifi_only,49,9.5,4.5,0.19926273851495901,moving_average
0,s1_clean,8.548260044884431,3.875368266732585,False,False,False,vlp_only,39,9.5,3.5,0.9999999999010002,moving_average
0,s1_clean,8.548260044884431,3.875368266732585,False,False,False,static_fusion,39,9.5,3.5,0.5312258672507391,moving_average
1,s1_clean,8.648647791547123,3.682160416153107,False,False,False,wifi_only,38,8.5,3.5,0.22105941871771795,moving_average
1,s1_clean,8.648647791547123,3.682160416153107,False,False,False,vlp_only,39,9.5,3.5,0.9999999999010002,moving_average
1,s1_clean,8.648647791547123,3.682160416153107,False,False,False,static_fusion,39,9.5,3.5,0.5910738757388094,moving_average
2,s1_clean,8.904314502785434,3.314602216855924,False,False,False,wifi_only,39,9.5,3.5,0.21770185843175768,moving_average
2,s1_clean,8.904314502785434,3.314602216855924,False,False,False,vlp_only,38,8.5,3.5,0.9999999999010002,moving_average
2,s1_clean,8.904314502785434,3.314602216855924,False,False,False,static_fusion,38,8.5,3.5,0.6085403204246731,moving_average
3,s1_clean,9.310389003930128,3.04167485894367,False,False,False,wifi_only,38,8.5,3.5,0.261417243315458,moving_average
3,s1_clean,9.310389003930128,3.04167485894367,False,False,False,vlp_only,38,8.5,3.5,0.9999999999010002,moving_average
3,s1_clean,9.310389003930128,3.04167485894367,False,False,False,static_fusion,38,8.5,3.5,0.6307086216082292,moving_average
4,s1_clean,9.706838327803332,2.8964874698404373,False,False,False,wifi_only,39,9.5,3.5,0.2955494012056321,moving_average
4,s1_clean,9.706838327803332,2.8964874698404373,False,False,False,vlp_only,38,8.5,3.5,0.9999999999010002,moving_average
4,s1_clean,9.706838327803332,2.8964874698404373,False,False,False,static_fusion,38,8.5,3.5,0.6326924667856341,moving_average
5,s1_clean,9.41844096729231,2.900422758078939,False,False,False,wifi_only,39,9.5,3.5,0.30306859248264034,moving_average
5,s1_clean,9.41844096729231,2.900422758078939,False,False,False,vlp_only,38,8.5,3.5,0.9999999941134091,moving_average
5,s1_clean,9.41844096729231,2.900422758078939,False,False,False,static_fusion,38,8.5,3.5,0.6073393606739755,moving_average
6,s1_clean,8.964378339140287,2.9597287260816096,False,False,False,wifi_only,39,9.5,3.5,0.30254654807952414,moving_average
6,s1_clean,8.964378339140287,2.9597287260816096,False,False,False,vlp_only,29,9.5,2.5,0.9999992687136432,moving_average
6,s1_clean,8.964378339140287,2.9597287260816096,False,False,False,static_fusion,29,9.5,2.5,0.613097023675121,moving_average
7,s1_clean,8.774353844140126,3.131454780222936,False,False,False,wifi_only,29,9.5,2.5,0.3340591182144653,moving_average
7,s1_clean,8.774353844140126,3.131454780222936,False,False,False,vlp_only,29,9.5,2.5,0.9999959970919825,moving_average
7,s1_clean,8.774353844140126,3.131454780222936,False,False,False,static_fusion,29,9.5,2.5,0.667027557653224,moving_average
8,s1_clean,8.418152736801511,3.188810020474088,False,False,False,wifi_only,39,9.5,3.5,0.3606360051174537,moving_average
8,s1_clean,8.418152736801511,3.188810020474088,False,False,False,vlp_only,38,8.5,3.5,0.7313905516398147,moving_average
8,s1_clean,8.418152736801511,3.188810020474088,False,False,False,static_fusion,38,8.5,3.5,0.46001161650208,moving_average
9,s1_clean,8.165062128503568,3.3554638975618585,False,False,False,wifi_only,39,9.5,3.5,0.3325519677179578,moving_average
9,s1_clean,8.165062128503568,3.3554638975618585,False,False,False,vlp_only,38,8.5,3.5,0.9999999998994199,moving_average
9,s1_clean,8.165062128503568,3.3554638975618585,False,False,False,static_fusion,38,8.5,3.5,0.5968919934463286,moving_average
10,s1_clean,8.047852018915972,3.3896047138916883,False,False,False,wifi_only,39,9.5,3.5,0.27246660445227805,moving_average
10,s1_clean,8.047852018915972,3.3896047138916883,False,False,False,vlp_only,38,8.5,3.5,0.9999999998551001,moving_average
10,s1_clean,8.047852018915972,3.3896047138916883,False,False,False,static_fusion,38,8.5,3.5,0.6140044508594888,moving_average
11,s1_clean,7.628992597812742,3.5120336380508936,False,False,False,wifi_only,38,8.5,3.5,0.2343603515360411,moving_average
11,s1_clean,7.628992597812742,3.5120336380508936,False,False,False,vlp_only,38,8.5,3.5,0.9999772123586989,moving_average
11,s1_clean,7.628992597812742,3.5120336380508936,False,False,False,static_fusion,38,8.5,3.5,0.6171687819473699,moving_average
12,s1_clean,7.264240580596287,3.551955010215912,False,False,False,wifi_only,37,7.5,3.5,0.19386968727922363,moving_average
12,s1_clean,7.264240580596287,3.551955010215912,False,False,False,vlp_only,37,7.5,3.5,0.9955823881950371,moving_average
12,s1_clean,7.264240580596287,3.551955010215912,False,False,False,static_fusion,37,7.5,3.5,0.5947260377371304,moving_average
13,s1_clean,6.807654944686304,3.3798711617406227,False,False,False,wifi_only,26,6.5,2.5,0.16524403321513978,moving_average
13,s1_clean,6.807654944686304,3.3798711617406227,False,False,False,vlp_only,37,7.5,3.5,0.9999999999007656,moving_average
13,s1_clean,6.807654944686304,3.3798711617406227,False,False,False,static_fusion,37,7.5,3.5,0.581403253849502,moving_average
14,s1_clean,6.644376635151973,3.2678225998295574,False,False,False,wifi_only,36,6.5,3.5,0.15206815392868347,moving_average
14,s1_clean,6.644376635151973,3.2678225998295574,False,False,False,vlp_only,37,7.5,3.5,0.9999999999010002,moving_average
14,s1_clean,6.644376635151973,3.2678225998295574,False,False,False,static_fusion,37,7.5,3.5,0.5356262202178499,moving_average
15,s1_clean,6.164360277507891,3.220123101722137,False,False,False,wifi_only,25,5.5,2.5,0.1682827704783957,moving_average
15,s1_clean,6.164360277507891,3.220123101722137,False,False,False,vlp_only,36,6.5,3.5,0.9999999998585472,moving_average
15,s1_clean,6.164360277507891,3.220123101722137,False,False,False,static_fusion,36,6.5,3.5,0.5754759454361427,moving_average
16,s1_clean,5.921670782647944,3.170353913208966,False,False,False,wifi_only,25,5.5,2.5,0.18928682362715007,moving_average
16,s1_clean,5.921670782647944,3.170353913208966,False,False,False,vlp_only,36,6.5,3.5,0.9999999999010002,moving_average
16,s1_clean,5.921670782647944,3.170353913208966,False,False,False,static_fusion,36,6.5,3.5,0.5416312572337167,moving_average
17,s1_clean,5.679154300480839,2.9818995639648525,False,False,False,wifi_only,25,5.5,2.5,0.1937168831543951,moving_average
17,s1_clean,5.679154300480839,2.9818995639648525,False,False,False,vlp_only,36,6.5,3.5,0.9999999999010002,moving_average
17,s1_clean,5.679154300480839,2.9818995639648525,False,False,False,static_fusion,36,6.5,3.5,0.5221310221838984,moving_average
18,s1_clean,5.40719635144305,2.708371836226452,False,False,False,wifi_only,25,5.5,2.5,0.18892080183586749,moving_average
18,s1_clean,5.40719635144305,2.708371836226452,False,False,False,vlp_only,25,5.5,2.5,0.999591100091337,moving_average
18,s1_clean,5.40719635144305,2.708371836226452,False,False,False,static_fusion,25,5.5,2.5,0.5942559509636022,moving_average
19,s1_clean,5.231798982702207,2.4839699101632213,False,False,False,wifi_only,25,5.5,2.5,0.222492502915013,moving_average
19,s1_clean,5.231798982702207,2.4839699101632213,False,False,False,vlp_only,25,5.5,2.5,0.9999999999010002,moving_average
19,s1_clean,5.231798982702207,2.4839699101632213,False,False,False,static_fusion,25,5.5,2.5,0.6112462514080065,moving_average
20,s1_clean,5.28923634607891,2.192766390499288,False,False,False,wifi_only,24,4.5,2.5,0.17374725768296673,moving_average
20,s1_clean,5.28923634607891,2.192766390499288,False,False,False,vlp_only,25,5.5,2.5,0.9999999999010002,moving_average
20,s1_clean,5.28923634607891,2.192766390499288,False,False,False,static_fusion,25,5.5,2.5,0.5837702165718298,moving_average
21,s1_clean,5.38054459804343,2.090291333531373,False,False,False,wifi_only,15,5.5,1.5,0.18042340827106987,moving_average
21,s1_clean,5.38054459804343,2.090291333531373,False,False,False,vlp_only,25,5.5,2.5,0.9999999997153267,moving_average
21,s1_clean,5.38054459804343,2.090291333531373,False,False,False,static_fusion,25,5.5,2.5,0.5887801896269975,moving_average
22,s1_clean,5.395660287878729,1.904575277898607,False,False,False,wifi_only,15,5.5,1.5,0.19781300203387386,moving_average
22,s1_clean,5.395660287878729,1.904575277898607,False,False,False,vlp_only,25,5.5,2.5,0.9999388452572892,moving_average
22,s1_clean,5.395660287878729,1.904575277898607,False,False,False,static_fusion,25,5.5,2.5,0.5914876968590771,moving_average
23,s1_clean,5.346981386445022,1.7399481748937806,False,False,False,wifi_only,15,5.5,1.5,0.20107234511507033,moving_average
23,s1_clean,5.346981386445022,1.7399481748937806,False,False,False,vlp_only,15,5.5,1.5,0.7671461322205972,moving_average
23,s1_clean,5.346981386445022,1.7399481748937806,False,False,False,static_fusion,15,5.5,1.5,0.4841092386678338,moving_average
24,s1_clean,5.356397214861652,1.3990305548570758,False,False,False,wifi_only,15,5.5,1.5,0.18706888701484298,moving_average
24,s1_clean,5.356397214861652,1.3990305548570758,False,False,False,vlp_only,15,5.5,1.5,0.9999925800474393,moving_average
24,s1_clean,5.356397214861652,1.3990305548570758,False,False,False,static_fusion,15,5.5,1.5,0.5935307335311412,moving_average
25,s1_clean,5.55511192506875,1.1971395250192285,False,False,False,wifi_only,15,5.5,1.5,0.21566211554615408,moving_average
25,s1_clean,5.55511192506875,1.1971395250192285,False,False,False,vlp_only,15,5.5,1.5,0.9999992712083832,moving_average
25,s1_clean,5.55511192506875,1.1971395250192285,False,False,False,static_fusion,15,5.5,1.5,0.6078306933772686,moving_average
26,s1_clean,5.644488914276651,1.1264421585125568,False,False,False,wifi_only,15,5.5,1.5,0.218708454742977,moving_average
26,s1_clean,5.644488914276651,1.1264421585125568,False,False,False,vlp_only,15,5.5,1.5,0.9999999956228929,moving_average
26,s1_clean,5.644488914276651,1.1264421585125568,False,False,False,static_fusion,15,5.5,1.5,0.6093542251829349,moving_average
27,s1_clean,5.99191614365339,0.7779056103368667,False,False,False,wifi_only,25,5.5,2.5,0.21062035066629428,moving_average
27,s1_clean,5.99191614365339,0.7779056103368667,False,False,False,vlp_only,15,5.5,1.5,0.9999999999009761,moving_average
27,s1_clean,5.99191614365339,0.7779056103368667,False,False,False,static_fusion,15,5.5,1.5,0.5823058306323794,moving_average
28,s1_clean,6.3719359824611015,0.5133126785859624,False,False,False,wifi_only,25,5.5,2.5,0.19542350376286385,moving_average
28,s1_clean,6.3719359824611015,0.5133126785859624,False,False,False,vlp_only,15,5.5,1.5,0.9999999999010003,moving_average
28,s1_clean,6.3719359824611015,0.5133126785859624,False,False,False,static_fusion,15,5.5,1.5,0.5850489545922375,moving_average
29,s1_clean,6.642725720701172,0.2610300095402053,False,False,False,wifi_only,26,6.5,2.5,0.17147028432028844,moving_average
29,s1_clean,6.642725720701172,0.2610300095402053,False,False,False,vlp_only,6,6.5,0.5,0.9791460349573674,moving_average
29,s1_clean,6.642725720701172,0.2610300095402053,False,False,False,static_fusion,6,6.5,0.5,0.5263111369199609,moving_average
30,s1_clean,6.746242668239441,0.1917048919949815,False,False,False,wifi_only,16,6.5,1.5,0.19168005728996781,moving_average
30,s1_clean,6.746242668239441,0.1917048919949815,False,False,False,vlp_only,6,6.5,0.5,0.9999999999010003,moving_average
30,s1_clean,6.746242668239441,0.1917048919949815,False,False,False,static_fusion,6,6.5,0.5,0.5904135329414173,moving_average
31,s1_clean,6.356442515941112,0.4369455288091974,False,False,False,wifi_only,16,6.5,1.5,0.2118414736421428,moving_average
31,s1_clean,6.356442515941112,0.4369455288091974,False,False,False,vlp_only,6,6.5,0.5,0.9999999999010003,moving_average
31,s1_clean,6.356442515941112,0.4369455288091974,False,False,False,static_fusion,6,6.5,0.5,0.5975769155045784,moving_average
32,s1_clean,6.090439232524188,0.6864641265250186,False,False,False,wifi_only,6,6.5,0.5,0.34985903702601634,moving_average
32,s1_clean,6.090439232524188,0.6864641265250186,False,False,False,vlp_only,6,6.5,0.5,0.9999999999010003,moving_average
32,s1_clean,6.090439232524188,0.6864641265250186,False,False,False,static_fusion,6,6.5,0.5,0.6749295184635083,moving_average
33,s1_clean,5.949226125977861,0.8518939098654703,False,False,False,wifi_only,6,6.5,0.5,0.36664697701699517,moving_average
33,s1_clean,5.949226125977861,0.8518939098654703,False,False,False,vlp_only,6,6.5,0.5,0.9999999999010003,moving_average
33,s1_clean,5.949226125977861,0.8518939098654703,False,False,False,static_fusion,6,6.5,0.5,0.6833234884589977,moving_average
34,s1_clean,5.8095047430555145,1.1091466717902831,False,False,False,wifi_only,6,6.5,0.5,0.2750665259820495,moving_average
34,s1_clean,5.8095047430555145,1.1091466717902831,False,False,False,vlp_only,6,6.5,0.5,0.9999999999010003,moving_average
34,s1_clean,5.8095047430555145,1.1091466717902831,False,False,False,static_fusion,6,6.5,0.5,0.6375332629415248,moving_average
35,s1_clean,5.579978519259318,1.272432489793561,False,False,False,wifi_only,16,6.5,1.5,0.1647273406609407,moving_average
35,s1_clean,5.579978519259318,1.272432489793561,False,False,False,vlp_only,15,5.5,1.5,0.9998804569044379,moving_average
35,s1_clean,5.579978519259318,1.272432489793561,False,False,False,static_fusion,15,5.5,1.5,0.5704292525500987,moving_average
36,s1_clean,5.338528190625762,1.3036592905789073,False,False,False,wifi_only,15,5.5,1.5,0.1518105804552996,moving_average
36,s1_clean,5.338528190625762,1.3036592905789073,False,False,False,vlp_only,15,5.5,1.5,0.9999999999010003,moving_average
36,s1_clean,5.338528190625762,1.3036592905789073,False,False,False,static_fusion,15,5.5,1.5,0.5759052901781497,moving_average
37,s1_clean,4.912072310282084,1.4157812756540196,False,False,False,wifi_only,15,5.5,1.5,0.18424620796079322,moving_average
37,s1_clean,4.912072310282084,1.4157812756540196,False,False,False,vlp_only,15,5.5,1.5,0.9999999999010003,moving_average
37,s1_clean,4.912072310282084,1.4157812756540196,False,False,False,static_fusion,15,5.5,1.5,0.5921231039308967,moving_average
38,s1_clean,4.826303961432351,1.586236364932186,False,False,False,wifi_only,25,5.5,2.5,0.18951699879117787,moving_average
38,s1_clean,4.826303961432351,1.586236364932186,False,False,False,vlp_only,15,5.5,1.5,0.999999999061368,moving_average
38,s1_clean,4.826303961432351,1.586236364932186,False,False,False,static_fusion,15,5.5,1.5,0.5875541534667017,moving_average
39,s1_clean,4.8018178978276085,1.8759997678234683,False,False,False,wifi_only,15,5.5,1.5,0.19618522015143364,moving_average
39,s1_clean,4.8018178978276085,1.8759997678234683,False,False,False,vlp_only,5,5.5,0.5,0.9999999999010003,moving_average
39,s1_clean,4.8018178978276085,1.8759997678234683,False,False,False,static_fusion,5,5.5,0.5,0.5713734838925539,moving_average
40,s1_clean,4.769561461430565,2.1910721381589235,False,False,False,wifi_only,15,5.5,1.5,0.17829253095534167,moving_average
40,s1_clean,4.769561461430565,2.1910721381589235,False,False,False,vlp_only,4,4.5,0.5,0.9999999996432667,moving_average
40,s1_clean,4.769561461430565,2.1910721381589235,False,False,False,static_fusion,4,4.5,0.5,0.5553900396785039,moving_average
41,s1_clean,4.525918490013359,2.572296491893161,False,False,False,wifi_only,24,4.5,2.5,0.18571330087836302,moving_average
41,s1_clean,4.525918490013359,2.572296491893161,False,False,False,vlp_only,14,4.5,1.5,0.9992782658916981,moving_average
41,s1_clean,4.525918490013359,2.572296491893161,False,False,False,static_fusion,14,4.5,1.5,0.5795501316774383,moving_average
42,s1_clean,4.603145206950584,2.691606464543516,False,False,False,wifi_only,24,4.5,2.5,0.1885432887694067,moving_average
42,s1_clean,4.603145206950584,2.691606464543516,False,False,False,vlp_only,24,4.5,2.5,0.9960964141424462,moving_average
42,s1_clean,4.603145206950584,2.691606464543516,False,False,False,static_fusion,24,4.5,2.5,0.5923198514559265,moving_average
43,s1_clean,4.636858519470941,2.83301729155527,False,False,False,wifi_only,24,4.5,2.5,0.20335097732308977,moving_average
43,s1_clean,4.636858519470941,2.83301729155527,False,False,False,vlp_only,24,4.5,2.5,0.9999999556988797,moving_average
43,s1_clean,4.636858519470941,2.83301729155527,False,False,False,static_fusion,24,4.5,2.5,0.6016754665109847,moving_average
44,s1_clean,4.734121569139968,3.1877348970907184,False,False,False,wifi_only,24,4.5,2.5,0.20911195133138644,moving_average
44,s1_clean,4.734121569139968,3.1877348970907184,False,False,False,vlp_only,24,4.5,2.5,0.9999999999010002,moving_average
44,s1_clean,4.734121569139968,3.1877348970907184,False,False,False,static_fusion,24,4.5,2.5,0.6045559756161933,moving_average
45,s1_clean,4.820450082367587,3.2794971977323337,False,False,False,wifi_only,24,4.5,2.5,0.18521734888628985,moving_average
45,s1_clean,4.820450082367587,3.2794971977323337,False,False,False,vlp_only,24,4.5,2.5,0.6836243193577283,moving_average
45,s1_clean,4.820450082367587,3.2794971977323337,False,False,False,static_fusion,24,4.5,2.5,0.43442083412200905,moving_average
46,s1_clean,5.062857013263392,3.3252726841438496,False,False,False,wifi_only,24,4.5,2.5,0.1772812080692679,moving_average
46,s1_clean,5.062857013263392,3.3252726841438496,False,False,False,vlp_only,34,4.5,3.5,0.9999999999010002,moving_average
46,s1_clean,5.062857013263392,3.3252726841438496,False,False,False,static_fusion,34,4.5,3.5,0.5576022881377851,moving_average
47,s1_clean,5.223527674927983,3.3636079119505795,False,False,False,wifi_only,25,5.5,2.5,0.15891750296563412,moving_average
47,s1_clean,5.223527674927983,3.3636079119505795,False,False,False,vlp_only,34,4.5,3.5,0.9999999999010002,moving_average
47,s1_clean,5.223527674927983,3.3636079119505795,False,False,False,static_fusion,34,4.5,3.5,0.5379192573989181,moving_average
48,s1_clean,5.715643126853525,3.4347811219492,False,False,False,wifi_only,25,5.5,2.5,0.1607864515296438,moving_average
48,s1_clean,5.715643126853525,3.4347811219492,False,False,False,vlp_only,35,5.5,3.5,0.9999999999010002,moving_average
48,s1_clean,5.715643126853525,3.4347811219492,False,False,False,static_fusion,35,5.5,3.5,0.5712924026675898,moving_average
49,s1_clean,6.036475943181564,3.33849425496013,False,False,False,wifi_only,35,5.5,3.5,0.17284240046668767,moving_average
49,s1_clean,6.036475943181564,3.33849425496013,False,False,False,vlp_only,35,5.5,3.5,0.9999999999010002,moving_average
49,s1_clean,6.036475943181564,3.33849425496013,False,False,False,static_fusion,35,5.5,3.5,0.586421200183844,moving_average
50,s1_clean,6.26597077792921,3.2310160910129526,False,False,False,wifi_only,25,5.5,2.5,0.19158106183454815,moving_average
50,s1_clean,6.26597077792921,3.2310160910129526,False,False,False,vlp_only,35,5.5,3.5,0.9999999753861459,moving_average
50,s1_clean,6.26597077792921,3.2310160910129526,False,False,False,static_fusion,35,5.5,3.5,0.5745466181689203,moving_average
51,s1_clean,6.557154939381723,3.0499936079927075,False,False,False,wifi_only,25,5.5,2.5,0.1628802599375852,moving_average
51,s1_clean,6.557154939381723,3.0499936079927075,False,False,False,vlp_only,36,6.5,3.5,0.9762327468115296,moving_average
51,s1_clean,6.557154939381723,3.0499936079927075,False,False,False,static_fusion,36,6.5,3.5,0.5630056858169641,moving_average
52,s1_clean,6.7452470995562726,2.868494108966797,False,False,False,wifi_only,36,6.5,3.5,0.17212345099246978,moving_average
52,s1_clean,6.7452470995562726,2.868494108966797,False,False,False,vlp_only,36,6.5,3.5,0.9999999999010002,moving_average
52,s1_clean,6.7452470995562726,2.868494108966797,False,False,False,static_fusion,36,6.5,3.5,0.586061725446735,moving_average
53,s1_clean,6.89633119872926,2.646701910339533,False,False,False,wifi_only,26,6.5,2.5,0.17604613168800523,moving_average
53,s1_clean,6.89633119872926,2.646701910339533,False,False,False,vlp_only,26,6.5,2.5,0.9999999999010002,moving_average
53,s1_clean,6.89633119872926,2.646701910339533,False,False,False,static_fusion,26,6.5,2.5,0.5880230657945026,moving_average
54,s1_clean,7.093839490462012,2.230395250989873,False,False,False,wifi_only,26,6.5,2.5,0.18011603051779732,moving_average
54,s1_clean,7.093839490462012,2.230395250989873,False,False,False,vlp_only,26,6.5,2.5,0.9999999999010002,moving_average
54,s1_clean,7.093839490462012,2.230395250989873,False,False,False,static_fusion,26,6.5,2.5,0.5900580152093987,moving_average
55,s1_clean,7.327799421114381,2.083866639869165,False,False,False,wifi_only,26,6.5,2.5,0.21706122890974472,moving_average
55,s1_clean,7.327799421114381,2.083866639869165,False,False,False,vlp_only,26,6.5,2.5,0.9999999999010002,moving_average
55,s1_clean,7.327799421114381,2.083866639869165,False,False,False,static_fusion,26,6.5,2.5,0.6085306144053726,moving_average
56,s1_clean,7.4404788553418495,2.0885416935474934,False,False,False,wifi_only,26,6.5,2.5,0.22302006842245556,moving_average
56,s1_clean,7.4404788553418495,2.0885416935474934,False,False,False,vlp_only,27,7.5,2.5,0.9999999980924045,moving_average
56,s1_clean,7.4404788553418495,2.0885416935474934,False,False,False,static_fusion,27,7.5,2.5,0.5359175346047677,moving_average
57,s1_clean,7.579211275373233,2.0714456103345764,False,False,False,wifi_only,16,6.5,1.5,0.24652366373055662,moving_average
57,s1_clean,7.579211275373233,2.0714456103345764,False,False,False,vlp_only,27,7.5,2.5,0.9999745174383142,moving_average
57,s1_clean,7.579211275373233,2.0714456103345764,False,False,False,static_fusion,27,7.5,2.5,0.5711784016630896,moving_average
58,s1_clean,7.844337613028887,1.6670430401807117,False,False,False,wifi_only,27,7.5,2.5,0.2571558241897415,moving_average
58,s1_clean,7.844337613028887,1.6670430401807117,False,False,False,vlp_only,17,7.5,1.5,0.8052616065665567,moving_average
58,s1_clean,7.844337613028887,1.6670430401807117,False,False,False,static_fusion,17,7.5,1.5,0.4562669406449147,moving_average
59,s1_clean,7.979950544975631,1.4630004361001532,False,False,False,wifi_only,17,7.5,1.5,0.288806670888098,moving_average
59,s1_clean,7.979950544975631,1.4630004361001532,False,False,False,vlp_only,17,7.5,1.5,0.9999847949076198,moving_average
59,s1_clean,7.979950544975631,1.4630004361001532,False,False,False,static_fusion,17,7.5,1.5,0.6443957328978589,moving_average
60,s1_clean,8.127206923732981,1.3162437323059886,False,False,False,wifi_only,17,7.5,1.5,0.3551954822178608,moving_average
60,s1_clean,8.127206923732981,1.3162437323059886,False,False,False,vlp_only,17,7.5,1.5,0.9999807125678003,moving_average
60,s1_clean,8.127206923732981,1.3162437323059886,False,False,False,static_fusion,17,7.5,1.5,0.6775880973928304,moving_average
61,s1_clean,8.189098931075993,1.1020139318013231,False,False,False,wifi_only,7,7.5,0.5,0.3032773255300879,moving_average
61,s1_clean,8.189098931075993,1.1020139318013231,False,False,False,vlp_only,17,7.5,1.5,0.7392258401896394,moving_average
61,s1_clean,8.189098931075993,1.1020139318013231,False,False,False,static_fusion,17,7.5,1.5,0.5211004497104343,moving_average
62,s1_clean,8.244559866287215,0.9834290739202508,False,False,False,wifi_only,18,8.5,1.5,0.29610458900439157,moving_average
62,s1_clean,8.244559866287215,0.9834290739202508,False,False,False,vlp_only,18,8.5,1.5,0.9983283211860369,moving_average
62,s1_clean,8.244559866287215,0.9834290739202508,False,False,False,static_fusion,18,8.5,1.5,0.6472164550952142,moving_average
63,s1_clean,8.469449233099015,0.5380851752887181,False,False,False,wifi_only,18,8.5,1.5,0.36903024592557576,moving_average
63,s1_clean,8.469449233099015,0.5380851752887181,False,False,False,vlp_only,18,8.5,1.5,0.9999995318632146,moving_average
63,s1_clean,8.469449233099015,0.5380851752887181,False,False,False,static_fusion,18,8.5,1.5,0.6845148888943952,moving_average
64,s1_clean,8.61129496830597,0.2850740111733432,False,False,False,wifi_only,18,8.5,1.5,0.33558820483963187,moving_average
64,s1_clean,8.61129496830597,0.2850740111733432,False,False,False,vlp_only,8,8.5,0.5,0.9999990815935887,moving_average
64,s1_clean,8.61129496830597,0.2850740111733432,False,False,False,static_fusion,8,8.5,0.5,0.6547061649027358,moving_average
65,s1_clean,8.649656672908945,0.1829723899998202,False,False,False,wifi_only,18,8.5,1.5,0.31703025731810036,moving_average
65,s1_clean,8.649656672908945,0.1829723899998202,False,False,False,vlp_only,8,8.5,0.5,0.9999998476250428,moving_average
65,s1_clean,8.649656672908945,0.1829723899998202,False,False,False,static_fusion,8,8.5,0.5,0.6490374862281891,moving_average
66,s1_clean,8.433510539178341,0.5984305923139432,False,False,False,wifi_only,18,8.5,1.5,0.3592857538068787,moving_average
66,s1_clean,8.433510539178341,0.5984305923139432,False,False,False,vlp_only,8,8.5,0.5,0.9999999434079468,moving_average
66,s1_clean,8.433510539178341,0.5984305923139432,False,False,False,static_fusion,8,8.5,0.5,0.6378679165988105,moving_average
67,s1_clean,8.390725265666473,0.8870681197350446,False,False,False,wifi_only,18,8.5,1.5,0.2895146843221684,moving_average
67,s1_clean,8.390725265666473,0.8870681197350446,False,False,False,vlp_only,8,8.5,0.5,0.9999999129941297,moving_average
67,s1_clean,8.390725265666473,0.8870681197350446,False,False,False,static_fusion,8,8.5,0.5,0.6366750145715172,moving_average
68,s1_clean,8.28586833451047,1.075450447649671,False,False,False,wifi_only,8,8.5,0.5,0.2915286630424331,moving_average
68,s1_clean,8.28586833451047,1.075450447649671,False,False,False,vlp_only,8,8.5,0.5,0.9999998688366216,moving_average
68,s1_clean,8.28586833451047,1.075450447649671,False,False,False,static_fusion,8,8.5,0.5,0.6457642659395272,moving_average
69,s1_clean,8.00771188370768,1.2586421068158191,False,False,False,wifi_only,18,8.5,1.5,0.280017847988908,moving_average
69,s1_clean,8.00771188370768,1.2586421068158191,False,False,False,vlp_only,8,8.5,0.5,0.9999870271427603,moving_average
69,s1_clean,8.00771188370768,1.2586421068158191,False,False,False,static_fusion,8,8.5,0.5,0.6339067514379324,moving_average
70,s1_clean,7.876253087162693,1.4325757096206515,False,False,False,wifi_only,18,8.5,1.5,0.3468628267712135,moving_average
70,s1_clean,7.876253087162693,1.4325757096206515,False,False,False,vlp_only,18,8.5,1.5,0.9999999252471068,moving_average
70,s1_clean,7.876253087162693,1.4325757096206515,False,False,False,static_fusion,18,8.5,1.5,0.6734313760091601,moving_average
71,s1_clean,7.764584357169141,1.783515740895847,False,False,False,wifi_only,18,8.5,1.5,0.31818185793690246,moving_average
71,s1_clean,7.764584357169141,1.783515740895847,False,False,False,vlp_only,18,8.5,1.5,0.998321678725423,moving_average
71,s1_clean,7.764584357169141,1.783515740895847,False,False,False,static_fusion,18,8.5,1.5,0.6582517683311626,moving_average
72,s1_clean,7.724461665749093,1.919199890822522,False,False,False,wifi_only,17,7.5,1.5,0.34395441297856433,moving_average
72,s1_clean,7.724461665749093,1.919199890822522,False,False,False,vlp_only,17,7.5,1.5,0.6362644604317956,moving_average
72,s1_clean,7.724461665749093,1.919199890822522,False,False,False,static_fusion,17,7.5,1.5,0.49010943670517987,moving_average
73,s1_clean,7.434410446855592,2.196460502510213,False,False,False,wifi_only,17,7.5,1.5,0.35231090660149295,moving_average
73,s1_clean,7.434410446855592,2.196460502510213,False,False,False,vlp_only,17,7.5,1.5,0.9999601985532622,moving_average
73,s1_clean,7.434410446855592,2.196460502510213,False,False,False,static_fusion,17,7.5,1.5,0.6761355525773775,moving_average
74,s1_clean,7.329501734941545,2.341512908882469,False,False,False,wifi_only,17,7.5,1.5,0.3597769273650835,moving_average
74,s1_clean,7.329501734941545,2.341512908882469,False,False,False,vlp_only,17,7.5,1.5,0.9999527695461963,moving_average
74,s1_clean,7.329501734941545,2.341512908882469,False,False,False,static_fusion,17,7.5,1.5,0.6798648484556399,moving_average
75,s1_clean,7.071931175766185,2.639246667376174,False,False,False,wifi_only,17,7.5,1.5,0.2552055049011097,moving_average
75,s1_clean,7.071931175766185,2.639246667376174,False,False,False,vlp_only,27,7.5,2.5,0.9920939526897921,moving_average
75,s1_clean,7.071931175766185,2.639246667376174,False,False,False,static_fusion,27,7.5,2.5,0.5752807705255952,moving_average
76,s1_clean,6.978026390337671,2.8586906033898587,False,False,False,wifi_only,27,7.5,2.5,0.2548378273684354,moving_average
76,s1_clean,6.978026390337671,2.8586906033898587,False,False,False,vlp_only,27,7.5,2.5,0.999999966896269,moving_average
76,s1_clean,6.978026390337671,2.8586906033898587,False,False,False,static_fusion,27,7.5,2.5,0.6274188971323522,moving_average
77,s1_clean,7.056281076272732,3.07562739707137,False,False,False,wifi_only,27,7.5,2.5,0.2841598150130309,moving_average
77,s1_clean,7.056281076272732,3.07562739707137,False,False,False,vlp_only,27,7.5,2.5,0.9999999999010002,moving_average
77,s1_clean,7.056281076272732,3.07562739707137,False,False,False,static_fusion,27,7.5,2.5,0.6420799074570156,moving_average
78,s1_clean,6.986478911581751,3.499417790512807,False,False,False,wifi_only,27,7.5,2.5,0.17976163049750427,moving_average
78,s1_clean,6.986478911581751,3.499417790512807,False,False,False,vlp_only,26,6.5,2.5,0.9997563416669909,moving_average
78,s1_clean,6.986478911581751,3.499417790512807,False,False,False,static_fusion,26,6.5,2.5,0.5603977190807204,moving_average
79,s1_clean,7.059635179641974,3.643912026483358,False,False,False,wifi_only,37,7.5,3.5,0.22046936977352946,moving_average
79,s1_clean,7.059635179641974,3.643912026483358,False,False,False,vlp_only,37,7.5,3.5,0.9999999999010002,moving_average
79,s1_clean,7.059635179641974,3.643912026483358,False,False,False,static_fusion,37,7.5,3.5,0.6102346848372647,moving_average
80,s1_clean,7.111230980212548,3.866216527347812,False,False,False,wifi_only,37,7.5,3.5,0.16509392316022423,moving_average
80,s1_clean,7.111230980212548,3.866216527347812,False,False,False,vlp_only,37,7.5,3.5,0.9999999999010002,moving_average
80,s1_clean,7.111230980212548,3.866216527347812,False,False,False,static_fusion,37,7.5,3.5,0.5825469615306123,moving_average
81,s1_clean,7.093666462300226,4.151666727840037,False,False,False,wifi_only,47,7.5,4.5,0.1571262523642574,moving_average
81,s1_clean,7.093666462300226,4.151666727840037,False,False,False,vlp_only,36,6.5,3.5,0.9999999999010002,moving_average
81,s1_clean,7.093666462300226,4.151666727840037,False,False,False,static_fusion,36,6.5,3.5,0.5737237852134575,moving_average
82,s1_clean,7.179940304559092,4.40982120831966,False,False,False,wifi_only,47,7.5,4.5,0.15554610502905175,moving_average
82,s1_clean,7.179940304559092,4.40982120831966,False,False,False,vlp_only,36,6.5,3.5,0.9999999999010002,moving_average
82,s1_clean,7.179940304559092,4.40982120831966,False,False,False,static_fusion,36,6.5,3.5,0.5591553813239843,moving_average
83,s1_clean,7.389306456175779,4.728806808316636,False,False,False,wifi_only,47,7.5,4.5,0.17449796371439358,moving_average
83,s1_clean,7.389306456175779,4.728806808316636,False,False,False,vlp_only,47,7.5,4.5,0.9999999999010002,moving_average
83,s1_clean,7.389306456175779,4.728806808316636,False,False,False,static_fusion,47,7.5,4.5,0.5872489818076969,moving_average
84,s1_clean,7.471099094223947,5.062300262899215,False,False,False,wifi_only,47,7.5,4.5,0.15029098389925835,moving_average
84,s1_clean,7.471099094223947,5.062300262899215,False,False,False,vlp_only,47,7.5,4.5,0.9999999999010002,moving_average
84,s1_clean,7.471099094223947,5.062300262899215,False,False,False,static_fusion,47,7.5,4.5,0.5751454919001293,moving_average
85,s1_clean,7.639476103338564,5.452330212055501,False,False,False,wifi_only,47,7.5,4.5,0.15861262674246424,moving_average
85,s1_clean,7.639476103338564,5.452330212055501,False,False,False,vlp_only,47,7.5,4.5,0.9999999998691732,moving_average
85,s1_clean,7.639476103338564,5.452330212055501,False,False,False,static_fusion,47,7.5,4.5,0.5793063133058186,moving_average
86,s1_clean,7.590210281547375,5.578300437724326,False,False,False,wifi_only,57,7.5,5.5,0.14107495689885427,moving_average
86,s1_clean,7.590210281547375,5.578300437724326,False,False,False,vlp_only,57,7.5,5.5,0.9999999995072417,moving_average
86,s1_clean,7.590210281547375,5.578300437724326,False,False,False,static_fusion,57,7.5,5.5,0.570537478203048,moving_average
87,s1_clean,7.462795792010998,5.791477714093946,False,False,False,wifi_only,57,7.5,5.5,0.16727801210126647,moving_average
87,s1_clean,7.462795792010998,5.791477714093946,False,False,False,vlp_only,57,7.5,5.5,0.9999999898963463,moving_average
87,s1_clean,7.462795792010998,5.791477714093946,False,False,False,static_fusion,57,7.5,5.5,0.5836390009988064,moving_average
88,s1_clean,7.440607753073426,5.980848219358611,False,False,False,wifi_only,57,7.5,5.5,0.16169598787227132,moving_average
88,s1_clean,7.440607753073426,5.980848219358611,False,False,False,vlp_only,57,7.5,5.5,0.9999999993088078,moving_average
88,s1_clean,7.440607753073426,5.980848219358611,False,False,False,static_fusion,57,7.5,5.5,0.5808479935905395,moving_average
89,s1_clean,7.440906125309533,6.113793031097752,False,False,False,wifi_only,56,6.5,5.5,0.16449605081196708,moving_average
89,s1_clean,7.440906125309533,6.113793031097752,False,False,False,vlp_only,57,7.5,5.5,0.9999999998631351,moving_average
89,s1_clean,7.440906125309533,6.113793031097752,False,False,False,static_fusion,57,7.5,5.5,0.5723820822467822,moving_average
90,s1_clean,7.279806471044582,6.464561962588011,False,False,False,wifi_only,56,6.5,5.5,0.162036010239299,moving_average
90,s1_clean,7.279806471044582,6.464561962588011,False,False,False,vlp_only,66,6.5,6.5,0.9999999999010001,moving_average
90,s1_clean,7.279806471044582,6.464561962588011,False,False,False,static_fusion,66,6.5,6.5,0.540325463994731,moving_average
91,s1_clean,7.195775699002211,6.545903417221667,False,False,False,wifi_only,56,6.5,5.5,0.14919214812867412,moving_average
91,s1_clean,7.195775699002211,6.545903417221667,False,False,False,vlp_only,66,6.5,6.5,0.9999999999010001,moving_average
91,s1_clean,7.195775699002211,6.545903417221667,False,False,False,static_fusion,66,6.5,6.5,0.537460198818218,moving_average
92,s1_clean,7.071679731335141,6.664553875446808,False,False,False,wifi_only,67,7.5,6.5,0.1318940596391132,moving_average
92,s1_clean,7.071679731335141,6.664553875446808,False,False,False,vlp_only,67,7.5,6.5,0.9999999999010001,moving_average
92,s1_clean,7.071679731335141,6.664553875446808,False,False,False,static_fusion,67,7.5,6.5,0.5659470297700565,moving_average
93,s1_clean,6.88601961932652,6.885266262387327,False,False,False,wifi_only,66,6.5,6.5,0.12545447371104476,moving_average
93,s1_clean,6.88601961932652,6.885266262387327,False,False,False,vlp_only,67,7.5,6.5,0.9999999999010001,moving_average
93,s1_clean,6.88601961932652,6.885266262387327,False,False,False,static_fusion,67,7.5,6.5,0.5564926995688372,moving_average
94,s1_clean,6.836265376227635,7.09347815473235,False,False,False,wifi_only,66,6.5,6.5,0.136313980327253,moving_average
94,s1_clean,6.836265376227635,7.09347815473235,False,False,False,vlp_only,67,7.5,6.5,0.9999999999010001,moving_average
94,s1_clean,6.836265376227635,7.09347815473235,False,False,False,static_fusion,67,7.5,6.5,0.5444955005244757,moving_average
95,s1_clean,6.749970613133377,7.2047970050942345,False,False,False,wifi_only,66,6.5,6.5,0.12155008937788539,moving_average
95,s1_clean,6.749970613133377,7.2047970050942345,False,False,False,vlp_only,67,7.5,6.5,0.9999999755572612,moving_average
95,s1_clean,6.749970613133377,7.2047970050942345,False,False,False,static_fusion,67,7.5,6.5,0.5290084244098295,moving_average
96,s1_clean,6.520102407663193,7.416654680272662,False,False,False,wifi_only,87,7.5,8.5,0.11363198445156047,moving_average
96,s1_clean,6.520102407663193,7.416654680272662,False,False,False,vlp_only,76,6.5,7.5,0.9999999999010001,moving_average
96,s1_clean,6.520102407663193,7.416654680272662,False,False,False,static_fusion,76,6.5,7.5,0.5333851637475449,moving_average
97,s1_clean,6.235078071420909,7.80527981884087,False,False,False,wifi_only,87,7.5,8.5,0.15079127274217743,moving_average
97,s1_clean,6.235078071420909,7.80527981884087,False,False,False,vlp_only,76,6.5,7.5,0.9999999999010001,moving_average
97,s1_clean,6.235078071420909,7.80527981884087,False,False,False,static_fusion,76,6.5,7.5,0.5663582449349958,moving_average
98,s1_clean,5.98823397903378,7.93574951314563,False,False,False,wifi_only,76,6.5,7.5,0.21575423238425154,moving_average
98,s1_clean,5.98823397903378,7.93574951314563,False,False,False,vlp_only,76,6.5,7.5,0.999999999899241,moving_average
98,s1_clean,5.98823397903378,7.93574951314563,False,False,False,static_fusion,76,6.5,7.5,0.6078771161417462,moving_average
99,s1_clean,5.822657938153183,7.968265377624689,False,False,False,wifi_only,76,6.5,7.5,0.19533136195675432,moving_average
99,s1_clean,5.822657938153183,7.968265377624689,False,False,False,vlp_only,76,6.5,7.5,0.9999996043609924,moving_average
99,s1_clean,5.822657938153183,7.968265377624689,False,False,False,static_fusion,76,6.5,7.5,0.5976654831588732,moving_average
0,s1_clean,8.548260044884431,3.875368266732585,False,False,False,wifi_only,49,9.5,4.5,0.19926273851495901,median
0,s1_clean,8.548260044884431,3.875368266732585,False,False,False,vlp_only,39,9.5,3.5,0.9999999999010002,median
0,s1_clean,8.548260044884431,3.875368266732585,False,False,False,static_fusion,39,9.5,3.5,0.5312258672507391,median
1,s1_clean,8.648647791547123,3.682160416153107,False,False,False,wifi_only,38,8.5,3.5,0.22105941871771795,median
1,s1_clean,8.648647791547123,3.682160416153107,False,False,False,vlp_only,39,9.5,3.5,0.9999999999010002,median
1,s1_clean,8.648647791547123,3.682160416153107,False,False,False,static_fusion,39,9.5,3.5,0.5910738757388094,median
2,s1_clean,8.904314502785434,3.314602216855924,False,False,False,wifi_only,39,9.5,3.5,0.19933143983818788,median
2,s1_clean,8.904314502785434,3.314602216855924,False,False,False,vlp_only,38,8.5,3.5,0.9999999999010002,median
2,s1_clean,8.904314502785434,3.314602216855924,False,False,False,static_fusion,38,8.5,3.5,0.5969684217607274,median
3,s1_clean,9.310389003930128,3.04167485894367,False,False,False,wifi_only,38,8.5,3.5,0.2611285570211791,median
3,s1_clean,9.310389003930128,3.04167485894367,False,False,False,vlp_only,38,8.5,3.5,0.9999999999010002,median
3,s1_clean,9.310389003930128,3.04167485894367,False,False,False,static_fusion,38,8.5,3.5,0.6305642784610898,median
4,s1_clean,9.706838327803332,2.8964874698404373,False,False,False,wifi_only,39,9.5,3.5,0.2224182459367636,median
4,s1_clean,9.706838327803332,2.8964874698404373,False,False,False,vlp_only,38,8.5,3.5,0.9999999999010002,median
4,s1_clean,9.706838327803332,2.8964874698404373,False,False,False,static_fusion,38,8.5,3.5,0.6081994205125296,median
5,s1_clean,9.41844096729231,2.900422758078939,False,False,False,wifi_only,39,9.5,3.5,0.24498813037040912,median
5,s1_clean,9.41844096729231,2.900422758078939,False,False,False,vlp_only,29,9.5,2.5,0.997802559820304,median
5,s1_clean,9.41844096729231,2.900422758078939,False,False,False,static_fusion,29,9.5,2.5,0.6105409238221832,median
6,s1_clean,8.964378339140287,2.9597287260816096,False,False,False,wifi_only,39,9.5,3.5,0.26505649206398946,median
6,s1_clean,8.964378339140287,2.9597287260816096,False,False,False,vlp_only,29,9.5,2.5,0.9999999998693554,median
6,s1_clean,8.964378339140287,2.9597287260816096,False,False,False,static_fusion,29,9.5,2.5,0.6296215388923034,median
7,s1_clean,8.774353844140126,3.131454780222936,False,False,False,wifi_only,29,9.5,2.5,0.30452258472185906,median
7,s1_clean,8.774353844140126,3.131454780222936,False,False,False,vlp_only,29,9.5,2.5,0.9999999998693554,median
7,s1_clean,8.774353844140126,3.131454780222936,False,False,False,static_fusion,29,9.5,2.5,0.6522612922956071,median
8,s1_clean,8.418152736801511,3.188810020474088,False,False,False,wifi_only,39,9.5,3.5,0.38955627378258495,median
8,s1_clean,8.418152736801511,3.188810020474088,False,False,False,vlp_only,29,9.5,2.5,0.999999887596951,median
8,s1_clean,8.418152736801511,3.188810020474088,False,False,False,static_fusion,29,9.5,2.5,0.5933953642318929,median
9,s1_clean,8.165062128503568,3.3554638975618585,False,False,False,wifi_only,39,9.5,3.5,0.44013713932296117,median
9,s1_clean,8.165062128503568,3.3554638975618585,False,False,False,vlp_only,38,8.5,3.5,0.9999999999010002,median
9,s1_clean,8.165062128503568,3.3554638975618585,False,False,False,static_fusion,38,8.5,3.5,0.5847314974511186,median
10,s1_clean,8.047852018915972,3.3896047138916883,False,False,False,wifi_only,38,8.5,3.5,0.19334815029200197,median
10,s1_clean,8.047852018915972,3.3896047138916883,False,False,False,vlp_only,38,8.5,3.5,0.9999999954348697,median
10,s1_clean,8.047852018915972,3.3896047138916883,False,False,False,static_fusion,38,8.5,3.5,0.5966740728634359,median
11,s1_clean,7.628992597812742,3.5120336380508936,False,False,False,wifi_only,38,8.5,3.5,0.20692677454639738,median
11,s1_clean,7.628992597812742,3.5120336380508936,False,False,False,vlp_only,38,8.5,3.5,0.9999990415965176,median
11,s1_clean,7.628992597812742,3.5120336380508936,False,False,False,static_fusion,38,8.5,3.5,0.6034629080714575,median
12,s1_clean,7.264240580596287,3.551955010215912,False,False,False,wifi_only,37,7.5,3.5,0.15700152068860854,median
12,s1_clean,7.264240580596287,3.551955010215912,False,False,False,vlp_only,38,8.5,3.5,0.9999501877127286,median
12,s1_clean,7.264240580596287,3.551955010215912,False,False,False,static_fusion,38,8.5,3.5,0.5717158216281156,median
13,s1_clean,6.807654944686304,3.3798711617406227,False,False,False,wifi_only,26,6.5,2.5,0.16150539805301573,median
13,s1_clean,6.807654944686304,3.3798711617406227,False,False,False,vlp_only,37,7.5,3.5,0.9999999998773521,median
13,s1_clean,6.807654944686304,3.3798711617406227,False,False,False,static_fusion,37,7.5,3.5,0.5700633347941635,median
14,s1_clean,6.644376635151973,3.2678225998295574,False,False,False,wifi_only,26,6.5,2.5,0.18787128202226375,median
14,s1_clean,6.644376635151973,3.2678225998295574,False,False,False,vlp_only,37,7.5,3.5,0.9999999999010002,median
14,s1_clean,6.644376635151973,3.2678225998295574,False,False,False,static_fusion,37,7.5,3.5,0.5565671222642958,median
15,s1_clean,6.164360277507891,3.220123101722137,False,False,False,wifi_only,26,6.5,2.5,0.17401257093009273,median
15,s1_clean,6.164360277507891,3.220123101722137,False,False,False,vlp_only,36,6.5,3.5,0.9999999999010002,median
15,s1_clean,6.164360277507891,3.220123101722137,False,False,False,static_fusion,36,6.5,3.5,0.5369896792485184,median
16,s1_clean,5.921670782647944,3.170353913208966,False,False,False,wifi_only,25,5.5,2.5,0.16885705175131133,median
16,s1_clean,5.921670782647944,3.170353913208966,False,False,False,vlp_only,36,6.5,3.5,0.9999999999010002,median
16,s1_clean,5.921670782647944,3.170353913208966,False,False,False,static_fusion,36,6.5,3.5,0.5236153664154061,median
17,s1_clean,5.679154300480839,2.9818995639648525,False,False,False,wifi_only,25,5.5,2.5,0.1691564811098018,median
17,s1_clean,5.679154300480839,2.9818995639648525,False,False,False,vlp_only,36,6.5,3.5,0.9999999999010002,median
17,s1_clean,5.679154300480839,2.9818995639648525,False,False,False,static_fusion,36,6.5,3.5,0.5161313173662422,median
18,s1_clean,5.40719635144305,2.708371836226452,False,False,False,wifi_only,25,5.5,2.5,0.17132825248968708,median
18,s1_clean,5.40719635144305,2.708371836226452,False,False,False,vlp_only,25,5.5,2.5,0.9999999999010002,median
18,s1_clean,5.40719635144305,2.708371836226452,False,False,False,static_fusion,25,5.5,2.5,0.5856641261953437,median
19,s1_clean,5.231798982702207,2.4839699101632213,False,False,False,wifi_only,25,5.5,2.5,0.2142101579784458,median
19,s1_clean,5.231798982702207,2.4839699101632213,False,False,False,vlp_only,25,5.5,2.5,0.9999999999010002,median
19,s1_clean,5.231798982702207,2.4839699101632213,False,False,False,static_fusion,25,5.5,2.5,0.607105078939723,median
20,s1_clean,5.28923634607891,2.192766390499288,False,False,False,wifi_only,25,5.5,2.5,0.16008061492137998,median
20,s1_clean,5.28923634607891,2.192766390499288,False,False,False,vlp_only,25,5.5,2.5,0.9999999999010002,median
20,s1_clean,5.28923634607891,2.192766390499288,False,False,False,static_fusion,25,5.5,2.5,0.5800403074111901,median
21,s1_clean,5.38054459804343,2.090291333531373,False,False,False,wifi_only,25,5.5,2.5,0.21481444940096578,median
21,s1_clean,5.38054459804343,2.090291333531373,False,False,False,vlp_only,25,5.5,2.5,0.9999999999010002,median
21,s1_clean,5.38054459804343,2.090291333531373,False,False,False,static_fusion,25,5.5,2.5,0.607407224650983,median
22,s1_clean,5.395660287878729,1.904575277898607,False,False,False,wifi_only,25,5.5,2.5,0.21497831856162733,median
22,s1_clean,5.395660287878729,1.904575277898607,False,False,False,vlp_only,25,5.5,2.5,0.8343168413747046,median
22,s1_clean,5.395660287878729,1.904575277898607,False,False,False,static_fusion,25,5.5,2.5,0.5246475799681659,median
23,s1_clean,5.346981386445022,1.7399481748937806,False,False,False,wifi_only,15,5.5,1.5,0.20921120197743856,median
23,s1_clean,5.346981386445022,1.7399481748937806,False,False,False,vlp_only,15,5.5,1.5,0.9969024418461174,median
23,s1_clean,5.346981386445022,1.7399481748937806,False,False,False,static_fusion,15,5.5,1.5,0.603056821911778,median
24,s1_clean,5.356397214861652,1.3990305548570758,False,False,False,wifi_only,15,5.5,1.5,0.23693941711156147,median
24,s1_clean,5.356397214861652,1.3990305548570758,False,False,False,vlp_only,15,5.5,1.5,0.9999953651479992,median
24,s1_clean,5.356397214861652,1.3990305548570758,False,False,False,static_fusion,15,5.5,1.5,0.6184673911297804,median
25,s1_clean,5.55511192506875,1.1971395250192285,False,False,False,wifi_only,15,5.5,1.5,0.23694014774737826,median
25,s1_clean,5.55511192506875,1.1971395250192285,False,False,False,vlp_only,15,5.5,1.5,0.9999998482239884,median
25,s1_clean,5.55511192506875,1.1971395250192285,False,False,False,static_fusion,15,5.5,1.5,0.6184699979856834,median
26,s1_clean,5.644488914276651,1.1264421585125568,False,False,False,wifi_only,15,5.5,1.5,0.23694014774737826,median
26,s1_clean,5.644488914276651,1.1264421585125568,False,False,False,vlp_only,15,5.5,1.5,0.9999999944782209,median
26,s1_clean,5.644488914276651,1.1264421585125568,False,False,False,static_fusion,15,5.5,1.5,0.6184700711127995,median
27,s1_clean,5.99191614365339,0.7779056103368667,False,False,False,wifi_only,25,5.5,2.5,0.2195204123334916,median
27,s1_clean,5.99191614365339,0.7779056103368667,False,False,False,vlp_only,15,5.5,1.5,0.9999999995768325,median
27,s1_clean,5.99191614365339,0.7779056103368667,False,False,False,static_fusion,15,5.5,1.5,0.5784932776513151,median
28,s1_clean,6.3719359824611015,0.5133126785859624,False,False,False,wifi_only,15,5.5,1.5,0.1925098099623471,median
28,s1_clean,6.3719359824611015,0.5133126785859624,False,False,False,vlp_only,15,5.5,1.5,0.9999999999010003,median
28,s1_clean,6.3719359824611015,0.5133126785859624,False,False,False,static_fusion,15,5.5,1.5,0.5962549049316737,median
29,s1_clean,6.642725720701172,0.2610300095402053,False,False,False,wifi_only,15,5.5,1.5,0.16330115280399865,median
29,s1_clean,6.642725720701172,0.2610300095402053,False,False,False,vlp_only,6,6.5,0.5,0.999991818041237,median
29,s1_clean,6.642725720701172,0.2610300095402053,False,False,False,static_fusion,6,6.5,0.5,0.5519182245967315,median
30,s1_clean,6.746242668239441,0.1917048919949815,False,False,False,wifi_only,6,6.5,0.5,0.24482464753765332,median
30,s1_clean,6.746242668239441,0.1917048919949815,False,False,False,vlp_only,6,6.5,0.5,0.9999999999010003,median
30,s1_clean,6.746242668239441,0.1917048919949815,False,False,False,static_fusion,6,6.5,0.5,0.6224123237193269,median
31,s1_clean,6.356442515941112,0.4369455288091974,False,False,False,wifi_only,6,6.5,0.5,0.27205739986313887,median
31,s1_clean,6.356442515941112,0.4369455288091974,False,False,False,vlp_only,6,6.5,0.5,0.9999999999010003,median
31,s1_clean,6.356442515941112,0.4369455288091974,False,False,False,static_fusion,6,6.5,0.5,0.6360286998820693,median
32,s1_clean,6.090439232524188,0.6864641265250186,False,False,False,wifi_only,6,6.5,0.5,0.3074784436163104,median
32,s1_clean,6.090439232524188,0.6864641265250186,False,False,False,vlp_only,6,6.5,0.5,0.9999999999010003,median
32,s1_clean,6.090439232524188,0.6864641265250186,False,False,False,static_fusion,6,6.5,0.5,0.6537392217586553,median
33,s1_clean,5.949226125977861,0.8518939098654703,False,False,False,wifi_only,6,6.5,0.5,0.3115835540620249,median
33,s1_clean,5.949226125977861,0.8518939098654703,False,False,False,vlp_only,6,6.5,0.5,0.9999999999010003,median
33,s1_clean,5.949226125977861,0.8518939098654703,False,False,False,static_fusion,6,6.5,0.5,0.6557917769815125,median
34,s1_clean,5.8095047430555145,1.1091466717902831,False,False,False,wifi_only,6,6.5,0.5,0.3045098023054979,median
34,s1_clean,5.8095047430555145,1.1091466717902831,False,False,False,vlp_only,6,6.5,0.5,0.9999999999010003,median
34,s1_clean,5.8095047430555145,1.1091466717902831,False,False,False,static_fusion,6,6.5,0.5,0.6522549011032492,median
35,s1_clean,5.579978519259318,1.272432489793561,False,False,False,wifi_only,16,6.5,1.5,0.22447626088899247,median
35,s1_clean,5.579978519259318,1.272432489793561,False,False,False,vlp_only,15,5.5,1.5,0.999997765099598,median
35,s1_clean,5.579978519259318,1.272432489793561,False,False,False,static_fusion,15,5.5,1.5,0.5366841144508726,median
36,s1_clean,5.338528190625762,1.3036592905789073,False,False,False,wifi_only,26,6.5,2.5,0.15347695634694092,median
36,s1_clean,5.338528190625762,1.3036592905789073,False,False,False,vlp_only,15,5.5,1.5,0.9999999999010003,median
36,s1_clean,5.338528190625762,1.3036592905789073,False,False,False,static_fusion,15,5.5,1.5,0.5633592988276189,median
37,s1_clean,4.912072310282084,1.4157812756540196,False,False,False,wifi_only,36,6.5,3.5,0.1594106377223054,median
37,s1_clean,4.912072310282084,1.4157812756540196,False,False,False,vlp_only,15,5.5,1.5,0.9999999999010003,median
37,s1_clean,4.912072310282084,1.4157812756540196,False,False,False,static_fusion,15,5.5,1.5,0.5445684014325561,median
38,s1_clean,4.826303961432351,1.586236364932186,False,False,False,wifi_only,25,5.5,2.5,0.20898956070868135,median
38,s1_clean,4.826303961432351,1.586236364932186,False,False,False,vlp_only,15,5.5,1.5,0.9999999997981402,median
38,s1_clean,4.826303961432351,1.586236364932186,False,False,False,static_fusion,15,5.5,1.5,0.5745220170988703,median
39,s1_clean,4.8018178978276085,1.8759997678234683,False,False,False,wifi_only,25,5.5,2.5,0.2031710598982199,median
39,s1_clean,4.8018178978276085,1.8759997678234683,False,False,False,vlp_only,4,4.5,0.5,0.9999999999010003,median
39,s1_clean,4.8018178978276085,1.8759997678234683,False,False,False,static_fusion,4,4.5,0.5,0.5195028668149977,median
40,s1_clean,4.769561461430565,2.1910721381589235,False,False,False,wifi_only,15,5.5,1.5,0.16738528599397118,median
40,s1_clean,4.769561461430565,2.1910721381589235,False,False,False,vlp_only,4,4.5,0.5,0.9997778070735882,median
40,s1_clean,4.769561461430565,2.1910721381589235,False,False,False,static_fusion,4,4.5,0.5,0.5739599238141949,median
41,s1_clean,4.525918490013359,2.572296491893161,False,False,False,wifi_only,24,4.5,2.5,0.21147435566613,median
41,s1_clean,4.525918490013359,2.572296491893161,False,False,False,vlp_only,14,4.5,1.5,0.9999905821967733,median
41,s1_clean,4.525918490013359,2.572296491893161,False,False,False,static_fusion,14,4.5,1.5,0.5745406594123955,median
42,s1_clean,4.603145206950584,2.691606464543516,False,False,False,wifi_only,24,4.5,2.5,0.18733120724101662,median
42,s1_clean,4.603145206950584,2.691606464543516,False,False,False,vlp_only,24,4.5,2.5,0.9987486947611115,median
42,s1_clean,4.603145206950584,2.691606464543516,False,False,False,static_fusion,24,4.5,2.5,0.5930399510010641,median
43,s1_clean,4.636858519470941,2.83301729155527,False,False,False,wifi_only,24,4.5,2.5,0.21148975519044932,median
43,s1_clean,4.636858519470941,2.83301729155527,False,False,False,vlp_only,24,4.5,2.5,0.9999999971096933,median
43,s1_clean,4.636858519470941,2.83301729155527,False,False,False,static_fusion,24,4.5,2.5,0.6057448761500713,median
44,s1_clean,4.734121569139968,3.1877348970907184,False,False,False,wifi_only,24,4.5,2.5,0.21148975519044932,median
44,s1_clean,4.734121569139968,3.1877348970907184,False,False,False,vlp_only,24,4.5,2.5,0.9999999999010002,median
44,s1_clean,4.734121569139968,3.1877348970907184,False,False,False,static_fusion,24,4.5,2.5,0.6057448775457248,median
45,s1_clean,4.820450082367587,3.2794971977323337,False,False,False,wifi_only,34,4.5,3.5,0.18367269648782852,median
45,s1_clean,4.820450082367587,3.2794971977323337,False,False,False,vlp_only,24,4.5,2.5,0.9999999999010002,median
45,s1_clean,4.820450082367587,3.2794971977323337,False,False,False,static_fusion,24,4.5,2.5,0.5741915468136396,median
46,s1_clean,5.062857013263392,3.3252726841438496,False,False,False,wifi_only,25,5.5,2.5,0.19145879572814486,median
46,s1_clean,5.062857013263392,3.3252726841438496,False,False,False,vlp_only,34,4.5,3.5,0.9999999999010002,median
46,s1_clean,5.062857013263392,3.3252726841438496,False,False,False,static_fusion,34,4.5,3.5,0.5425927073549502,median
47,s1_clean,5.223527674927983,3.3636079119505795,False,False,False,wifi_only,15,5.5,1.5,0.18706906933952888,median
47,s1_clean,5.223527674927983,3.3636079119505795,False,False,False,vlp_only,34,4.5,3.5,0.9999999999010002,median
47,s1_clean,5.223527674927983,3.3636079119505795,False,False,False,static_fusion,34,4.5,3.5,0.5168889110242628,median
48,s1_clean,5.715643126853525,3.4347811219492,False,False,False,wifi_only,25,5.5,2.5,0.1727765825328371,median
48,s1_clean,5.715643126853525,3.4347811219492,False,False,False,vlp_only,35,5.5,3.5,0.9999999999010002,median
48,s1_clean,5.715643126853525,3.4347811219492,False,False,False,static_fusion,35,5.5,3.5,0.5562727596295015,median
49,s1_clean,6.036475943181564,3.33849425496013,False,False,False,wifi_only,35,5.5,3.5,0.19471269520675155,median
49,s1_clean,6.036475943181564,3.33849425496013,False,False,False,vlp_only,35,5.5,3.5,0.9999999999010002,median
49,s1_clean,6.036475943181564,3.33849425496013,False,False,False,static_fusion,35,5.5,3.5,0.5973563475538758,median
50,s1_clean,6.26597077792921,3.2310160910129526,False,False,False,wifi_only,25,5.5,2.5,0.19202314687539002,median
50,s1_clean,6.26597077792921,3.2310160910129526,False,False,False,vlp_only,35,5.5,3.5,0.9999999999010002,median
50,s1_clean,6.26597077792921,3.2310160910129526,False,False,False,static_fusion,35,5.5,3.5,0.5815987500565085,median
51,s1_clean,6.557154939381723,3.0499936079927075,False,False,False,wifi_only,35,5.5,3.5,0.1639073597797825,median
51,s1_clean,6.557154939381723,3.0499936079927075,False,False,False,vlp_only,36,6.5,3.5,0.9999999294498668,median
51,s1_clean,6.557154939381723,3.0499936079927075,False,False,False,static_fusion,36,6.5,3.5,0.5722157144743758,median
52,s1_clean,6.7452470995562726,2.868494108966797,False,False,False,wifi_only,35,5.5,3.5,0.17666251718273276,median
52,s1_clean,6.7452470995562726,2.868494108966797,False,False,False,vlp_only,36,6.5,3.5,0.9999999999010002,median
52,s1_clean,6.7452470995562726,2.868494108966797,False,False,False,static_fusion,36,6.5,3.5,0.57234047245916,median
53,s1_clean,6.89633119872926,2.646701910339533,False,False,False,wifi_only,26,6.5,2.5,0.2086083898130808,median
53,s1_clean,6.89633119872926,2.646701910339533,False,False,False,vlp_only,26,6.5,2.5,0.9999999999010002,median
53,s1_clean,6.89633119872926,2.646701910339533,False,False,False,static_fusion,26,6.5,2.5,0.6043041948570406,median
54,s1_clean,7.093839490462012,2.230395250989873,False,False,False,wifi_only,26,6.5,2.5,0.2175246545421047,median
54,s1_clean,7.093839490462012,2.230395250989873,False,False,False,vlp_only,26,6.5,2.5,0.9999999999010002,median
54,s1_clean,7.093839490462012,2.230395250989873,False,False,False,static_fusion,26,6.5,2.5,0.6087623272215524,median
55,s1_clean,7.327799421114381,2.083866639869165,False,False,False,wifi_only,26,6.5,2.5,0.21270615464345008,median
55,s1_clean,7.327799421114381,2.083866639869165,False,False,False,vlp_only,26,6.5,2.5,0.9999999999010002,median
55,s1_clean,7.327799421114381,2.083866639869165,False,False,False,static_fusion,26,6.5,2.5,0.6063530772722251,median
56,s1_clean,7.4404788553418495,2.0885416935474934,False,False,False,wifi_only,26,6.5,2.5,0.21359116374835146,median
56,s1_clean,7.4404788553418495,2.0885416935474934,False,False,False,vlp_only,27,7.5,2.5,0.999999644038977,median
56,s1_clean,7.4404788553418495,2.0885416935474934,False,False,False,static_fusion,27,7.5,2.5,0.5157918401006838,median
57,s1_clean,7.579211275373233,2.0714456103345764,False,False,False,wifi_only,16,6.5,1.5,0.25010939968212,median
57,s1_clean,7.579211275373233,2.0714456103345764,False,False,False,vlp_only,27,7.5,2.5,0.9991334136529164,median
57,s1_clean,7.579211275373233,2.0714456103345764,False,False,False,static_fusion,27,7.5,2.5,0.5439989194251736,median
58,s1_clean,7.844337613028887,1.6670430401807117,False,False,False,wifi_only,27,7.5,2.5,0.24056720842478949,median
58,s1_clean,7.844337613028887,1.6670430401807117,False,False,False,vlp_only,27,7.5,2.5,0.8345729775961924,median
58,s1_clean,7.844337613028887,1.6670430401807117,False,False,False,static_fusion,27,7.5,2.5,0.5375700930104911,median
59,s1_clean,7.979950544975631,1.4630004361001532,False,False,False,wifi_only,17,7.5,1.5,0.25886151964374043,median
59,s1_clean,7.979950544975631,1.4630004361001532,False,False,False,vlp_only,17,7.5,1.5,0.9970770766739901,median
59,s1_clean,7.979950544975631,1.4630004361001532,False,False,False,static_fusion,17,7.5,1.5,0.6279692981588653,median
60,s1_clean,8.127206923732981,1.3162437323059886,False,False,False,wifi_only,17,7.5,1.5,0.3988119533874683,median
60,s1_clean,8.127206923732981,1.3162437323059886,False,False,False,vlp_only,17,7.5,1.5,0.9999375649926767,median
60,s1_clean,8.127206923732981,1.3162437323059886,False,False,False,static_fusion,17,7.5,1.5,0.6993747591900723,median
61,s1_clean,8.189098931075993,1.1020139318013231,False,False,False,wifi_only,7,7.5,0.5,0.31463534104319396,median
61,s1_clean,8.189098931075993,1.1020139318013231,False,False,False,vlp_only,17,7.5,1.5,0.8604698107177591,median
61,s1_clean,8.189098931075993,1.1020139318013231,False,False,False,static_fusion,17,7.5,1.5,0.5655653605479881,median
62,s1_clean,8.244559866287215,0.9834290739202508,False,False,False,wifi_only,8,8.5,0.5,0.3051847350160272,median
62,s1_clean,8.244559866287215,0.9834290739202508,False,False,False,vlp_only,18,8.5,1.5,0.9982768039281121,median
62,s1_clean,8.244559866287215,0.9834290739202508,False,False,False,static_fusion,18,8.5,1.5,0.6457990960832451,median
63,s1_clean,8.469449233099015,0.5380851752887181,False,False,False,wifi_only,18,8.5,1.5,0.3989371663966681,median
63,s1_clean,8.469449233099015,0.5380851752887181,False,False,False,vlp_only,18,8.5,1.5,0.9998484587585308,median
63,s1_clean,8.469449233099015,0.5380851752887181,False,False,False,static_fusion,18,8.5,1.5,0.6993928125775993,median
64,s1_clean,8.61129496830597,0.2850740111733432,False,False,False,wifi_only,8,8.5,0.5,0.33158854692220363,median
64,s1_clean,8.61129496830597,0.2850740111733432,False,False,False,vlp_only,18,8.5,1.5,0.999999999897741,median
64,s1_clean,8.61129496830597,0.2850740111733432,False,False,False,static_fusion,18,8.5,1.5,0.6593494066321038,median
65,s1_clean,8.649656672908945,0.1829723899998202,False,False,False,wifi_only,8,8.5,0.5,0.33158854692220363,median
65,s1_clean,8.649656672908945,0.1829723899998202,False,False,False,vlp_only,8,8.5,0.5,0.9999998195607156,median
65,s1_clean,8.649656672908945,0.1829723899998202,False,False,False,static_fusion,8,8.5,0.5,0.6657941832414594,median
66,s1_clean,8.433510539178341,0.5984305923139432,False,False,False,wifi_only,18,8.5,1.5,0.41204512829970896,median
66,s1_clean,8.433510539178341,0.5984305923139432,False,False,False,vlp_only,8,8.5,0.5,0.9999999736782534,median
66,s1_clean,8.433510539178341,0.5984305923139432,False,False,False,static_fusion,8,8.5,0.5,0.6402182046571983,median
67,s1_clean,8.390725265666473,0.8870681197350446,False,False,False,wifi_only,19,9.5,1.5,0.2693799666100857,median
67,s1_clean,8.390725265666473,0.8870681197350446,False,False,False,vlp_only,8,8.5,0.5,0.9999999756910322,median
67,s1_clean,8.390725265666473,0.8870681197350446,False,False,False,static_fusion,8,8.5,0.5,0.6201461653069986,median
68,s1_clean,8.28586833451047,1.075450447649671,False,False,False,wifi_only,9,9.5,0.5,0.30177072938397914,median
68,s1_clean,8.28586833451047,1.075450447649671,False,False,False,vlp_only,8,8.5,0.5,0.9999999852995857,median
68,s1_clean,8.28586833451047,1.075450447649671,False,False,False,static_fusion,8,8.5,0.5,0.6317641460723946,median
69,s1_clean,8.00771188370768,1.2586421068158191,False,False,False,wifi_only,19,9.5,1.5,0.26781664561574636,median
69,s1_clean,8.00771188370768,1.2586421068158191,False,False,False,vlp_only,8,8.5,0.5,0.9999667530590339,median
69,s1_clean,8.00771188370768,1.2586421068158191,False,False,False,static_fusion,8,8.5,0.5,0.62276204154011,median
70,s1_clean,7.876253087162693,1.4325757096206515,False,False,False,wifi_only,18,8.5,1.5,0.3608035026632795,median
70,s1_clean,7.876253087162693,1.4325757096206515,False,False,False,vlp_only,18,8.5,1.5,0.9999999951486851,median
70,s1_clean,7.876253087162693,1.4325757096206515,False,False,False,static_fusion,18,8.5,1.5,0.6804017489059822,median
71,s1_clean,7.764584357169141,1.783515740895847,False,False,False,wifi_only,7,7.5,0.5,0.31090490827285017,median
71,s1_clean,7.764584357169141,1.783515740895847,False,False,False,vlp_only,18,8.5,1.5,0.9996413325868301,median
71,s1_clean,7.764584357169141,1.783515740895847,False,False,False,static_fusion,18,8.5,1.5,0.5361315830978992,median
72,s1_clean,7.724461665749093,1.919199890822522,False,False,False,wifi_only,17,7.5,1.5,0.33980899227239003,median
72,s1_clean,7.724461665749093,1.919199890822522,False,False,False,vlp_only,17,7.5,1.5,0.9849752189927085,median
72,s1_clean,7.724461665749093,1.919199890822522,False,False,False,static_fusion,17,7.5,1.5,0.6623921056325491,median
73,s1_clean,7.434410446855592,2.196460502510213,False,False,False,wifi_only,17,7.5,1.5,0.3630913171075067,median
73,s1_clean,7.434410446855592,2.196460502510213,False,False,False,vlp_only,17,7.5,1.5,0.9977947429833574,median
73,s1_clean,7.434410446855592,2.196460502510213,False,False,False,static_fusion,17,7.5,1.5,0.6804430300454319,median
74,s1_clean,7.329501734941545,2.341512908882469,False,False,False,wifi_only,17,7.5,1.5,0.42635460327027436,median
74,s1_clean,7.329501734941545,2.341512908882469,False,False,False,vlp_only,17,7.5,1.5,0.9983808258952608,median
74,s1_clean,7.329501734941545,2.341512908882469,False,False,False,static_fusion,17,7.5,1.5,0.7123677145827675,median
75,s1_clean,7.071931175766185,2.639246667376174,False,False,False,wifi_only,28,8.5,2.5,0.2782111473098083,median
75,s1_clean,7.071931175766185,2.639246667376174,False,False,False,vlp_only,27,7.5,2.5,0.9358448261914247,median
75,s1_clean,7.071931175766185,2.639246667376174,False,False,False,static_fusion,27,7.5,2.5,0.5426002745454286,median
76,s1_clean,6.978026390337671,2.8586906033898587,False,False,False,wifi_only,28,8.5,2.5,0.26104840907029875,median
76,s1_clean,6.978026390337671,2.8586906033898587,False,False,False,vlp_only,27,7.5,2.5,0.9999817180347311,median
76,s1_clean,6.978026390337671,2.8586906033898587,False,False,False,static_fusion,27,7.5,2.5,0.5820888356618533,median
77,s1_clean,7.056281076272732,3.07562739707137,False,False,False,wifi_only,27,7.5,2.5,0.27245184879980494,median
77,s1_clean,7.056281076272732,3.07562739707137,False,False,False,vlp_only,27,7.5,2.5,0.9999999999010002,median
77,s1_clean,7.056281076272732,3.07562739707137,False,False,False,static_fusion,27,7.5,2.5,0.6362259243504026,median
78,s1_clean,6.986478911581751,3.499417790512807,False,False,False,wifi_only,37,7.5,3.5,0.19239921682812203,median
78,s1_clean,6.986478911581751,3.499417790512807,False,False,False,vlp_only,26,6.5,2.5,0.9999999554228683,median
78,s1_clean,6.986478911581751,3.499417790512807,False,False,False,static_fusion,26,6.5,2.5,0.5613781573533133,median
79,s1_clean,7.059635179641974,3.643912026483358,False,False,False,wifi_only,37,7.5,3.5,0.20670009912365364,median
79,s1_clean,7.059635179641974,3.643912026483358,False,False,False,vlp_only,37,7.5,3.5,0.9999999997088492,median
79,s1_clean,7.059635179641974,3.643912026483358,False,False,False,static_fusion,37,7.5,3.5,0.6033500494162515,median
80,s1_clean,7.111230980212548,3.866216527347812,False,False,False,wifi_only,37,7.5,3.5,0.1816739123948526,median
80,s1_clean,7.111230980212548,3.866216527347812,False,False,False,vlp_only,37,7.5,3.5,0.9999999999010002,median
80,s1_clean,7.111230980212548,3.866216527347812,False,False,False,static_fusion,37,7.5,3.5,0.5908369561479264,median
81,s1_clean,7.093666462300226,4.151666727840037,False,False,False,wifi_only,47,7.5,4.5,0.14718072257367265,median
81,s1_clean,7.093666462300226,4.151666727840037,False,False,False,vlp_only,36,6.5,3.5,0.9999999999010002,median
81,s1_clean,7.093666462300226,4.151666727840037,False,False,False,static_fusion,36,6.5,3.5,0.5701092628736513,median
82,s1_clean,7.179940304559092,4.40982120831966,False,False,False,wifi_only,47,7.5,4.5,0.14050962400642306,median
82,s1_clean,7.179940304559092,4.40982120831966,False,False,False,vlp_only,36,6.5,3.5,0.9999999999010002,median
82,s1_clean,7.179940304559092,4.40982120831966,False,False,False,static_fusion,36,6.5,3.5,0.5519271863228017,median
83,s1_clean,7.389306456175779,4.728806808316636,False,False,False,wifi_only,47,7.5,4.5,0.15309856298590535,median
83,s1_clean,7.389306456175779,4.728806808316636,False,False,False,vlp_only,47,7.5,4.5,0.9999999946920471,median
83,s1_clean,7.389306456175779,4.728806808316636,False,False,False,static_fusion,47,7.5,4.5,0.5765492788389762,median
84,s1_clean,7.471099094223947,5.062300262899215,False,False,False,wifi_only,47,7.5,4.5,0.1380621570521017,median
84,s1_clean,7.471099094223947,5.062300262899215,False,False,False,vlp_only,47,7.5,4.5,0.9999999999010002,median
84,s1_clean,7.471099094223947,5.062300262899215,False,False,False,static_fusion,47,7.5,4.5,0.569031078476551,median
85,s1_clean,7.639476103338564,5.452330212055501,False,False,False,wifi_only,47,7.5,4.5,0.16924919051292991,median
85,s1_clean,7.639476103338564,5.452330212055501,False,False,False,vlp_only,47,7.5,4.5,0.9999999664924248,median
85,s1_clean,7.639476103338564,5.452330212055501,False,False,False,static_fusion,47,7.5,4.5,0.5846245785026772,median
86,s1_clean,7.590210281547375,5.578300437724326,False,False,False,wifi_only,47,7.5,4.5,0.16425394360784443,median
86,s1_clean,7.590210281547375,5.578300437724326,False,False,False,vlp_only,56,6.5,5.5,0.9981770392458659,median
86,s1_clean,7.590210281547375,5.578300437724326,False,False,False,static_fusion,56,6.5,5.5,0.5226151077204827,median
87,s1_clean,7.462795792010998,5.791477714093946,False,False,False,wifi_only,47,7.5,4.5,0.1570907735238888,median
87,s1_clean,7.462795792010998,5.791477714093946,False,False,False,vlp_only,57,7.5,5.5,0.9999999998568864,median
87,s1_clean,7.462795792010998,5.791477714093946,False,False,False,static_fusion,57,7.5,5.5,0.5613504795165473,median
88,s1_clean,7.440607753073426,5.980848219358611,False,False,False,wifi_only,68,8.5,6.5,0.13394684634585063,median
88,s1_clean,7.440607753073426,5.980848219358611,False,False,False,vlp_only,57,7.5,5.5,0.9999999733492609,median
88,s1_clean,7.440607753073426,5.980848219358611,False,False,False,static_fusion,57,7.5,5.5,0.5572698703562917,median
89,s1_clean,7.440906125309533,6.113793031097752,False,False,False,wifi_only,56,6.5,5.5,0.14846478840265,median
89,s1_clean,7.440906125309533,6.113793031097752,False,False,False,vlp_only,57,7.5,5.5,0.9999999921626098,median
89,s1_clean,7.440906125309533,6.113793031097752,False,False,False,static_fusion,57,7.5,5.5,0.5531852434938475,median
90,s1_clean,7.279806471044582,6.464561962588011,False,False,False,wifi_only,56,6.5,5.5,0.14835139516217988,median
90,s1_clean,7.279806471044582,6.464561962588011,False,False,False,vlp_only,66,6.5,6.5,0.9999999998999867,median
90,s1_clean,7.279806471044582,6.464561962588011,False,False,False,static_fusion,66,6.5,6.5,0.5330601158672768,median
91,s1_clean,7.195775699002211,6.545903417221667,False,False,False,wifi_only,56,6.5,5.5,0.1509900338226708,median
91,s1_clean,7.195775699002211,6.545903417221667,False,False,False,vlp_only,66,6.5,6.5,0.9999999999010001,median
91,s1_clean,7.195775699002211,6.545903417221667,False,False,False,static_fusion,66,6.5,6.5,0.532311997409901,median
92,s1_clean,7.071679731335141,6.664553875446808,False,False,False,wifi_only,67,7.5,6.5,0.14454618944870032,median
92,s1_clean,7.071679731335141,6.664553875446808,False,False,False,vlp_only,67,7.5,6.5,0.9999999999010001,median
92,s1_clean,7.071679731335141,6.664553875446808,False,False,False,static_fusion,67,7.5,6.5,0.5722730946748502,median
93,s1_clean,6.88601961932652,6.885266262387327,False,False,False,wifi_only,67,7.5,6.5,0.1469237540489954,median
93,s1_clean,6.88601961932652,6.885266262387327,False,False,False,vlp_only,67,7.5,6.5,0.9999999999010001,median
93,s1_clean,6.88601961932652,6.885266262387327,False,False,False,static_fusion,67,7.5,6.5,0.5734618769749976,median
94,s1_clean,6.836265376227635,7.09347815473235,False,False,False,wifi_only,77,7.5,7.5,0.1156202730076162,median
94,s1_clean,6.836265376227635,7.09347815473235,False,False,False,vlp_only,67,7.5,6.5,0.9999999999010001,median
94,s1_clean,6.836265376227635,7.09347815473235,False,False,False,static_fusion,67,7.5,6.5,0.5519277146875017,median
95,s1_clean,6.749970613133377,7.2047970050942345,False,False,False,wifi_only,77,7.5,7.5,0.12243461655044477,median
95,s1_clean,6.749970613133377,7.2047970050942345,False,False,False,vlp_only,76,6.5,7.5,0.9935492767017933,median
95,s1_clean,6.749970613133377,7.2047970050942345,False,False,False,static_fusion,76,6.5,7.5,0.5347897246380953,median
96,s1_clean,6.520102407663193,7.416654680272662,False,False,False,wifi_only,77,7.5,7.5,0.11515055248010388,median
96,s1_clean,6.520102407663193,7.416654680272662,False,False,False,vlp_only,76,6.5,7.5,0.9999999999010001,median
96,s1_clean,6.520102407663193,7.416654680272662,False,False,False,static_fusion,76,6.5,7.5,0.5532417780003168,median
97,s1_clean,6.235078071420909,7.80527981884087,False,False,False,wifi_only,87,7.5,8.5,0.14299735331892405,median
97,s1_clean,6.235078071420909,7.80527981884087,False,False,False,vlp_only,76,6.5,7.5,0.9999999999010001,median
97,s1_clean,6.235078071420909,7.80527981884087,False,False,False,static_fusion,76,6.5,7.5,0.5599583160620031,median
98,s1_clean,5.98823397903378,7.93574951314563,False,False,False,wifi_only,87,7.5,8.5,0.16114174518993976,median
98,s1_clean,5.98823397903378,7.93574951314563,False,False,False,vlp_only,76,6.5,7.5,0.9999999998833807,median
98,s1_clean,5.98823397903378,7.93574951314563,False,False,False,static_fusion,76,6.5,7.5,0.5751891785822174,median
99,s1_clean,5.822657938153183,7.968265377624689,False,False,False,wifi_only,76,6.5,7.5,0.20779218636643168,median
99,s1_clean,5.822657938153183,7.968265377624689,False,False,False,vlp_only,76,6.5,7.5,0.999962991058122,median
99,s1_clean,5.822657938153183,7.968265377624689,False,False,False,static_fusion,76,6.5,7.5,0.6038775887122768,median
0,s1_clean,8.548260044884431,3.875368266732585,False,False,False,wifi_only,49,9.5,4.5,0.19926273851495901,ema
0,s1_clean,8.548260044884431,3.875368266732585,False,False,False,vlp_only,39,9.5,3.5,0.9999999999010002,ema
0,s1_clean,8.548260044884431,3.875368266732585,False,False,False,static_fusion,39,9.5,3.5,0.5312258672507391,ema
1,s1_clean,8.648647791547123,3.682160416153107,False,False,False,wifi_only,38,8.5,3.5,0.16772812169196308,ema
1,s1_clean,8.648647791547123,3.682160416153107,False,False,False,vlp_only,39,9.5,3.5,0.9999999999010002,ema
1,s1_clean,8.648647791547123,3.682160416153107,False,False,False,static_fusion,39,9.5,3.5,0.5741139230293878,ema
2,s1_clean,8.904314502785434,3.314602216855924,False,False,False,wifi_only,39,9.5,3.5,0.19128774206311072,ema
2,s1_clean,8.904314502785434,3.314602216855924,False,False,False,vlp_only,38,8.5,3.5,0.9999999999010002,ema
2,s1_clean,8.904314502785434,3.314602216855924,False,False,False,static_fusion,38,8.5,3.5,0.5902368363638869,ema
3,s1_clean,9.310389003930128,3.04167485894367,False,False,False,wifi_only,39,9.5,3.5,0.2624599147852551,ema
3,s1_clean,9.310389003930128,3.04167485894367,False,False,False,vlp_only,38,8.5,3.5,0.9999999999010002,ema
3,s1_clean,9.310389003930128,3.04167485894367,False,False,False,static_fusion,38,8.5,3.5,0.6288181349393234,ema
4,s1_clean,9.706838327803332,2.8964874698404373,False,False,False,wifi_only,39,9.5,3.5,0.3211189281540468,ema
4,s1_clean,9.706838327803332,2.8964874698404373,False,False,False,vlp_only,38,8.5,3.5,0.9999999999010002,ema
4,s1_clean,9.706838327803332,2.8964874698404373,False,False,False,static_fusion,38,8.5,3.5,0.6292741754288131,ema
5,s1_clean,9.41844096729231,2.900422758078939,False,False,False,wifi_only,39,9.5,3.5,0.3568229041243696,ema
5,s1_clean,9.41844096729231,2.900422758078939,False,False,False,vlp_only,38,8.5,3.5,0.9999306177355257,ema
5,s1_clean,9.41844096729231,2.900422758078939,False,False,False,static_fusion,38,8.5,3.5,0.6008784857283292,ema
6,s1_clean,8.964378339140287,2.9597287260816096,False,False,False,wifi_only,29,9.5,2.5,0.28923028360331743,ema
6,s1_clean,8.964378339140287,2.9597287260816096,False,False,False,vlp_only,29,9.5,2.5,0.5514801358208815,ema
6,s1_clean,8.964378339140287,2.9597287260816096,False,False,False,static_fusion,29,9.5,2.5,0.4203552097120995,ema
7,s1_clean,8.774353844140126,3.131454780222936,False,False,False,wifi_only,39,9.5,3.5,0.362325033036566,ema
7,s1_clean,8.774353844140126,3.131454780222936,False,False,False,vlp_only,38,8.5,3.5,0.9999994751074289,ema
7,s1_clean,8.774353844140126,3.131454780222936,False,False,False,static_fusion,38,8.5,3.5,0.5725198250731056,ema
8,s1_clean,8.418152736801511,3.188810020474088,False,False,False,wifi_only,39,9.5,3.5,0.3369338307362121,ema
8,s1_clean,8.418152736801511,3.188810020474088,False,False,False,vlp_only,38,8.5,3.5,0.9999999999010002,ema
8,s1_clean,8.418152736801511,3.188810020474088,False,False,False,static_fusion,38,8.5,3.5,0.6284495977826742,ema
9,s1_clean,8.165062128503568,3.3554638975618585,False,False,False,wifi_only,39,9.5,3.5,0.28921406182612464,ema
9,s1_clean,8.165062128503568,3.3554638975618585,False,False,False,vlp_only,38,8.5,3.5,0.9999999998992342,ema
9,s1_clean,8.165062128503568,3.3554638975618585,False,False,False,static_fusion,38,8.5,3.5,0.619353961300414,ema
10,s1_clean,8.047852018915972,3.3896047138916883,False,False,False,wifi_only,38,8.5,3.5,0.2178246984054681,ema
10,s1_clean,8.047852018915972,3.3896047138916883,False,False,False,vlp_only,38,8.5,3.5,0.9999999995257894,ema
10,s1_clean,8.047852018915972,3.3896047138916883,False,False,False,static_fusion,38,8.5,3.5,0.6089123489656287,ema
11,s1_clean,7.628992597812742,3.5120336380508936,False,False,False,wifi_only,38,8.5,3.5,0.22003846546562,ema
11,s1_clean,7.628992597812742,3.5120336380508936,False,False,False,vlp_only,38,8.5,3.5,0.9961520281604016,ema
11,s1_clean,7.628992597812742,3.5120336380508936,False,False,False,static_fusion,38,8.5,3.5,0.6080952468130107,ema
12,s1_clean,7.264240580596287,3.551955010215912,False,False,False,wifi_only,37,7.5,3.5,0.18717341323020423,ema
12,s1_clean,7.264240580596287,3.551955010215912,False,False,False,vlp_only,37,7.5,3.5,0.9999957445082495,ema
12,s1_clean,7.264240580596287,3.551955010215912,False,False,False,static_fusion,37,7.5,3.5,0.5935845788692268,ema
13,s1_clean,6.807654944686304,3.3798711617406227,False,False,False,wifi_only,26,6.5,2.5,0.1713253506991261,ema
13,s1_clean,6.807654944686304,3.3798711617406227,False,False,False,vlp_only,37,7.5,3.5,0.9999999999010002,ema
13,s1_clean,6.807654944686304,3.3798711617406227,False,False,False,static_fusion,37,7.5,3.5,0.576911477531995,ema
14,s1_clean,6.644376635151973,3.2678225998295574,False,False,False,wifi_only,25,5.5,2.5,0.18658486735039095,ema
14,s1_clean,6.644376635151973,3.2678225998295574,False,False,False,vlp_only,37,7.5,3.5,0.9999999999010002,ema
14,s1_clean,6.644376635151973,3.2678225998295574,False,False,False,static_fusion,37,7.5,3.5,0.5148473477450526,ema
15,s1_clean,6.164360277507891,3.220123101722137,False,False,False,wifi_only,25,5.5,2.5,0.17838433281427554,ema
15,s1_clean,6.164360277507891,3.220123101722137,False,False,False,vlp_only,36,6.5,3.5,0.9999999999010002,ema
15,s1_clean,6.164360277507891,3.220123101722137,False,False,False,static_fusion,36,6.5,3.5,0.5715046260235007,ema
16,s1_clean,5.921670782647944,3.170353913208966,False,False,False,wifi_only,25,5.5,2.5,0.20501081127093623,ema
16,s1_clean,5.921670782647944,3.170353913208966,False,False,False,vlp_only,36,6.5,3.5,0.9999999999010002,ema
16,s1_clean,5.921670782647944,3.170353913208966,False,False,False,static_fusion,36,6.5,3.5,0.5494583753274171,ema
17,s1_clean,5.679154300480839,2.9818995639648525,False,False,False,wifi_only,25,5.5,2.5,0.20260166737117838,ema
17,s1_clean,5.679154300480839,2.9818995639648525,False,False,False,vlp_only,36,6.5,3.5,0.9999999999010002,ema
17,s1_clean,5.679154300480839,2.9818995639648525,False,False,False,static_fusion,36,6.5,3.5,0.5314160578865873,ema
18,s1_clean,5.40719635144305,2.708371836226452,False,False,False,wifi_only,25,5.5,2.5,0.20908898401359458,ema
18,s1_clean,5.40719635144305,2.708371836226452,False,False,False,vlp_only,25,5.5,2.5,0.9999999999010002,ema
18,s1_clean,5.40719635144305,2.708371836226452,False,False,False,static_fusion,25,5.5,2.5,0.6045444919572974,ema
19,s1_clean,5.231798982702207,2.4839699101632213,False,False,False,wifi_only,25,5.5,2.5,0.22324630059928188,ema
19,s1_clean,5.231798982702207,2.4839699101632213,False,False,False,vlp_only,25,5.5,2.5,0.9999999999010002,ema
19,s1_clean,5.231798982702207,2.4839699101632213,False,False,False,static_fusion,25,5.5,2.5,0.611623150250141,ema
20,s1_clean,5.28923634607891,2.192766390499288,False,False,False,wifi_only,24,4.5,2.5,0.19275075605864145,ema
20,s1_clean,5.28923634607891,2.192766390499288,False,False,False,vlp_only,25,5.5,2.5,0.9999999999010002,ema
20,s1_clean,5.28923634607891,2.192766390499288,False,False,False,static_fusion,25,5.5,2.5,0.5776012847313459,ema
21,s1_clean,5.38054459804343,2.090291333531373,False,False,False,wifi_only,15,5.5,1.5,0.20339009918992101,ema
21,s1_clean,5.38054459804343,2.090291333531373,False,False,False,vlp_only,25,5.5,2.5,0.9999999772041972,ema
21,s1_clean,5.38054459804343,2.090291333531373,False,False,False,static_fusion,25,5.5,2.5,0.5844013844936833,ema
22,s1_clean,5.395660287878729,1.904575277898607,False,False,False,wifi_only,15,5.5,1.5,0.2185030021652021,ema
22,s1_clean,5.395660287878729,1.904575277898607,False,False,False,vlp_only,25,5.5,2.5,0.9975721441304078,ema
22,s1_clean,5.395660287878729,1.904575277898607,False,False,False,static_fusion,25,5.5,2.5,0.5821441585483635,ema
23,s1_clean,5.346981386445022,1.7399481748937806,False,False,False,wifi_only,15,5.5,1.5,0.22038048263051166,ema
23,s1_clean,5.346981386445022,1.7399481748937806,False,False,False,vlp_only,15,5.5,1.5,0.5955043180471982,ema
23,s1_clean,5.346981386445022,1.7399481748937806,False,False,False,static_fusion,15,5.5,1.5,0.40794240033885487,ema
24,s1_clean,5.356397214861652,1.3990305548570758,False,False,False,wifi_only,15,5.5,1.5,0.17465149688165643,ema
24,s1_clean,5.356397214861652,1.3990305548570758,False,False,False,vlp_only,15,5.5,1.5,0.9997286150074985,ema
24,s1_clean,5.356397214861652,1.3990305548570758,False,False,False,static_fusion,15,5.5,1.5,0.5871900559445774,ema
25,s1_clean,5.55511192506875,1.1971395250192285,False,False,False,wifi_only,25,5.5,2.5,0.19030535865964235,ema
25,s1_clean,5.55511192506875,1.1971395250192285,False,False,False,vlp_only,15,5.5,1.5,0.999992810003377,ema
25,s1_clean,5.55511192506875,1.1971395250192285,False,False,False,static_fusion,15,5.5,1.5,0.5868229061464183,ema
26,s1_clean,5.644488914276651,1.1264421585125568,False,False,False,wifi_only,15,5.5,1.5,0.23082034069078605,ema
26,s1_clean,5.644488914276651,1.1264421585125568,False,False,False,vlp_only,15,5.5,1.5,0.9999999671063956,ema
26,s1_clean,5.644488914276651,1.1264421585125568,False,False,False,static_fusion,15,5.5,1.5,0.6154101538985907,ema
27,s1_clean,5.99191614365339,0.7779056103368667,False,False,False,wifi_only,25,5.5,2.5,0.20411249632884243,ema
27,s1_clean,5.99191614365339,0.7779056103368667,False,False,False,vlp_only,15,5.5,1.5,0.9999999999010003,ema
27,s1_clean,5.99191614365339,0.7779056103368667,False,False,False,static_fusion,15,5.5,1.5,0.5673508691445148,ema
28,s1_clean,6.3719359824611015,0.5133126785859624,False,False,False,wifi_only,25,5.5,2.5,0.16679200161012614,ema
28,s1_clean,6.3719359824611015,0.5133126785859624,False,False,False,vlp_only,15,5.5,1.5,0.9999999999010003,ema
28,s1_clean,6.3719359824611015,0.5133126785859624,False,False,False,static_fusion,15,5.5,1.5,0.574858313373304,ema
29,s1_clean,6.642725720701172,0.2610300095402053,False,False,False,wifi_only,26,6.5,2.5,0.16686637095075235,ema
29,s1_clean,6.642725720701172,0.2610300095402053,False,False,False,vlp_only,6,6.5,0.5,0.9999999999010003,ema
29,s1_clean,6.642725720701172,0.2610300095402053,False,False,False,static_fusion,6,6.5,0.5,0.5575237174680335,ema
30,s1_clean,6.746242668239441,0.1917048919949815,False,False,False,wifi_only,6,6.5,0.5,0.25942782045221585,ema
30,s1_clean,6.746242668239441,0.1917048919949815,False,False,False,vlp_only,6,6.5,0.5,0.9999999999010003,ema
30,s1_clean,6.746242668239441,0.1917048919949815,False,False,False,static_fusion,6,6.5,0.5,0.629713910176608,ema
31,s1_clean,6.356442515941112,0.4369455288091974,False,False,False,wifi_only,6,6.5,0.5,0.2819330882396395,ema
31,s1_clean,6.356442515941112,0.4369455288091974,False,False,False,vlp_only,6,6.5,0.5,0.9999999999010003,ema
31,s1_clean,6.356442515941112,0.4369455288091974,False,False,False,static_fusion,6,6.5,0.5,0.6409665440703198,ema
32,s1_clean,6.090439232524188,0.6864641265250186,False,False,False,wifi_only,6,6.5,0.5,0.30888549213952415,ema
32,s1_clean,6.090439232524188,0.6864641265250186,False,False,False,vlp_only,6,6.5,0.5,0.9999999999010003,ema
32,s1_clean,6.090439232524188,0.6864641265250186,False,False,False,static_fusion,6,6.5,0.5,0.6544427460202622,ema
33,s1_clean,5.949226125977861,0.8518939098654703,False,False,False,wifi_only,6,6.5,0.5,0.2814690626083916,ema
33,s1_clean,5.949226125977861,0.8518939098654703,False,False,False,vlp_only,6,6.5,0.5,0.9999999999010003,ema
33,s1_clean,5.949226125977861,0.8518939098654703,False,False,False,static_fusion,6,6.5,0.5,0.6407345312546958,ema
34,s1_clean,5.8095047430555145,1.1091466717902831,False,False,False,wifi_only,16,6.5,1.5,0.18364860464848162,ema
34,s1_clean,5.8095047430555145,1.1091466717902831,False,False,False,vlp_only,6,6.5,0.5,0.9999999999010003,ema
34,s1_clean,5.8095047430555145,1.1091466717902831,False,False,False,static_fusion,6,6.5,0.5,0.5794559684057641,ema
35,s1_clean,5.579978519259318,1.272432489793561,False,False,False,wifi_only,15,5.5,1.5,0.16110338375534786,ema
35,s1_clean,5.579978519259318,1.272432489793561,False,False,False,vlp_only,15,5.5,1.5,0.9999999999010003,ema
35,s1_clean,5.579978519259318,1.272432489793561,False,False,False,static_fusion,15,5.5,1.5,0.5805516918281742,ema
36,s1_clean,5.338528190625762,1.3036592905789073,False,False,False,wifi_only,5,5.5,0.5,0.18589990605638626,ema
36,s1_clean,5.338528190625762,1.3036592905789073,False,False,False,vlp_only,15,5.5,1.5,0.9999999999010003,ema
36,s1_clean,5.338528190625762,1.3036592905789073,False,False,False,static_fusion,15,5.5,1.5,0.5914377322399006,ema
37,s1_clean,4.912072310282084,1.4157812756540196,False,False,False,wifi_only,15,5.5,1.5,0.20299921907142965,ema
37,s1_clean,4.912072310282084,1.4157812756540196,False,False,False,vlp_only,15,5.5,1.5,0.9999999999010003,ema
37,s1_clean,4.912072310282084,1.4157812756540196,False,False,False,static_fusion,15,5.5,1.5,0.601499609486215,ema
38,s1_clean,4.826303961432351,1.586236364932186,False,False,False,wifi_only,15,5.5,1.5,0.1776423705603972,ema
38,s1_clean,4.826303961432351,1.586236364932186,False,False,False,vlp_only,5,5.5,0.5,0.9999999726942532,ema
38,s1_clean,4.826303961432351,1.586236364932186,False,False,False,static_fusion,5,5.5,0.5,0.5785007207445686,ema
39,s1_clean,4.8018178978276085,1.8759997678234683,False,False,False,wifi_only,15,5.5,1.5,0.2225617397855362,ema
39,s1_clean,4.8018178978276085,1.8759997678234683,False,False,False,vlp_only,5,5.5,0.5,0.9999999999010003,ema
39,s1_clean,4.8018178978276085,1.8759997678234683,False,False,False,static_fusion,5,5.5,0.5,0.579964274799324,ema
40,s1_clean,4.769561461430565,2.1910721381589235,False,False,False,wifi_only,15,5.5,1.5,0.18060982514752796,ema
40,s1_clean,4.769561461430565,2.1910721381589235,False,False,False,vlp_only,4,4.5,0.5,0.9905709856239207,ema
40,s1_clean,4.769561461430565,2.1910721381589235,False,False,False,static_fusion,4,4.5,0.5,0.5513991685288087,ema
41,s1_clean,4.525918490013359,2.572296491893161,False,False,False,wifi_only,24,4.5,2.5,0.18352225275490944,ema
41,s1_clean,4.525918490013359,2.572296491893161,False,False,False,vlp_only,14,4.5,1.5,0.5585665448666054,ema
41,s1_clean,4.525918490013359,2.572296491893161,False,False,False,static_fusion,14,4.5,1.5,0.3497127758520697,ema
42,s1_clean,4.603145206950584,2.691606464543516,False,False,False,wifi_only,24,4.5,2.5,0.18934501548731492,ema
42,s1_clean,4.603145206950584,2.691606464543516,False,False,False,vlp_only,24,4.5,2.5,0.9999784173050652,ema
42,s1_clean,4.603145206950584,2.691606464543516,False,False,False,static_fusion,24,4.5,2.5,0.59466171639619,ema
43,s1_clean,4.636858519470941,2.83301729155527,False,False,False,wifi_only,24,4.5,2.5,0.2123027982923462,ema
43,s1_clean,4.636858519470941,2.83301729155527,False,False,False,vlp_only,24,4.5,2.5,0.9999999948537278,ema
43,s1_clean,4.636858519470941,2.83301729155527,False,False,False,static_fusion,24,4.5,2.5,0.606151396573037,ema
44,s1_clean,4.734121569139968,3.1877348970907184,False,False,False,wifi_only,24,4.5,2.5,0.17984368054351682,ema
44,s1_clean,4.734121569139968,3.1877348970907184,False,False,False,vlp_only,24,4.5,2.5,0.9999989426812713,ema
44,s1_clean,4.734121569139968,3.1877348970907184,False,False,False,static_fusion,24,4.5,2.5,0.5899213116123939,ema
45,s1_clean,4.820450082367587,3.2794971977323337,False,False,False,wifi_only,24,4.5,2.5,0.16746684907629258,ema
45,s1_clean,4.820450082367587,3.2794971977323337,False,False,False,vlp_only,34,4.5,3.5,0.9999999999010002,ema
45,s1_clean,4.820450082367587,3.2794971977323337,False,False,False,static_fusion,34,4.5,3.5,0.5683045407122865,ema
46,s1_clean,5.062857013263392,3.3252726841438496,False,False,False,wifi_only,24,4.5,2.5,0.1561983272006544,ema
46,s1_clean,5.062857013263392,3.3252726841438496,False,False,False,vlp_only,34,4.5,3.5,0.9999999999010002,ema
46,s1_clean,5.062857013263392,3.3252726841438496,False,False,False,static_fusion,34,4.5,3.5,0.5464541729166997,ema
47,s1_clean,5.223527674927983,3.3636079119505795,False,False,False,wifi_only,25,5.5,2.5,0.16516892653703086,ema
47,s1_clean,5.223527674927983,3.3636079119505795,False,False,False,vlp_only,34,4.5,3.5,0.9999999999010002,ema
47,s1_clean,5.223527674927983,3.3636079119505795,False,False,False,static_fusion,34,4.5,3.5,0.5357630760991643,ema
48,s1_clean,5.715643126853525,3.4347811219492,False,False,False,wifi_only,35,5.5,3.5,0.16663145521258557,ema
48,s1_clean,5.715643126853525,3.4347811219492,False,False,False,vlp_only,35,5.5,3.5,0.9999999999010002,ema
48,s1_clean,5.715643126853525,3.4347811219492,False,False,False,static_fusion,35,5.5,3.5,0.5833157275567928,ema
49,s1_clean,6.036475943181564,3.33849425496013,False,False,False,wifi_only,25,5.5,2.5,0.18746033002209828,ema
49,s1_clean,6.036475943181564,3.33849425496013,False,False,False,vlp_only,35,5.5,3.5,0.9999999999010002,ema
49,s1_clean,6.036475943181564,3.33849425496013,False,False,False,static_fusion,35,5.5,3.5,0.581481497031503,ema
50,s1_clean,6.26597077792921,3.2310160910129526,False,False,False,wifi_only,25,5.5,2.5,0.19263920914203633,ema
50,s1_clean,6.26597077792921,3.2310160910129526,False,False,False,vlp_only,25,5.5,2.5,0.9999999999010002,ema
50,s1_clean,6.26597077792921,3.2310160910129526,False,False,False,static_fusion,25,5.5,2.5,0.5963196045215182,ema
51,s1_clean,6.557154939381723,3.0499936079927075,False,False,False,wifi_only,36,6.5,3.5,0.15797778824610417,ema
51,s1_clean,6.557154939381723,3.0499936079927075,False,False,False,vlp_only,36,6.5,3.5,0.9999999999010002,ema
51,s1_clean,6.557154939381723,3.0499936079927075,False,False,False,static_fusion,36,6.5,3.5,0.5789888940735521,ema
52,s1_clean,6.7452470995562726,2.868494108966797,False,False,False,wifi_only,36,6.5,3.5,0.16496639914908656,ema
52,s1_clean,6.7452470995562726,2.868494108966797,False,False,False,vlp_only,36,6.5,3.5,0.9999999999010002,ema
52,s1_clean,6.7452470995562726,2.868494108966797,False,False,False,static_fusion,36,6.5,3.5,0.5824831995250432,ema
53,s1_clean,6.89633119872926,2.646701910339533,False,False,False,wifi_only,25,5.5,2.5,0.15456409387925596,ema
53,s1_clean,6.89633119872926,2.646701910339533,False,False,False,vlp_only,26,6.5,2.5,0.9999999999010002,ema
53,s1_clean,6.89633119872926,2.646701910339533,False,False,False,static_fusion,26,6.5,2.5,0.5761251127741637,ema
54,s1_clean,7.093839490462012,2.230395250989873,False,False,False,wifi_only,26,6.5,2.5,0.17929847902253743,ema
54,s1_clean,7.093839490462012,2.230395250989873,False,False,False,vlp_only,26,6.5,2.5,0.9999999999010002,ema
54,s1_clean,7.093839490462012,2.230395250989873,False,False,False,static_fusion,26,6.5,2.5,0.5896492394617687,ema
55,s1_clean,7.327799421114381,2.083866639869165,False,False,False,wifi_only,26,6.5,2.5,0.22932314418389216,ema
55,s1_clean,7.327799421114381,2.083866639869165,False,False,False,vlp_only,26,6.5,2.5,0.9999999998313565,ema
55,s1_clean,7.327799421114381,2.083866639869165,False,False,False,static_fusion,26,6.5,2.5,0.6146615720076243,ema
56,s1_clean,7.4404788553418495,2.0885416935474934,False,False,False,wifi_only,16,6.5,1.5,0.21355652165679842,ema
56,s1_clean,7.4404788553418495,2.0885416935474934,False,False,False,vlp_only,27,7.5,2.5,0.9999999840458782,ema
56,s1_clean,7.4404788553418495,2.0885416935474934,False,False,False,static_fusion,27,7.5,2.5,0.5510423500891792,ema
57,s1_clean,7.579211275373233,2.0714456103345764,False,False,False,wifi_only,16,6.5,1.5,0.25761896609698687,ema
57,s1_clean,7.579211275373233,2.0714456103345764,False,False,False,vlp_only,27,7.5,2.5,0.9999986159254314,ema
57,s1_clean,7.579211275373233,2.0714456103345764,False,False,False,static_fusion,27,7.5,2.5,0.5676696421516658,ema
58,s1_clean,7.844337613028887,1.6670430401807117,False,False,False,wifi_only,27,7.5,2.5,0.22701430333551353,ema
58,s1_clean,7.844337613028887,1.6670430401807117,False,False,False,vlp_only,27,7.5,2.5,0.5239971762680852,ema
58,s1_clean,7.844337613028887,1.6670430401807117,False,False,False,static_fusion,27,7.5,2.5,0.3755057398017994,ema
59,s1_clean,7.979950544975631,1.4630004361001532,False,False,False,wifi_only,17,7.5,1.5,0.314892745555601,ema
59,s1_clean,7.979950544975631,1.4630004361001532,False,False,False,vlp_only,17,7.5,1.5,0.9999996827392226,ema
59,s1_clean,7.979950544975631,1.4630004361001532,False,False,False,static_fusion,17,7.5,1.5,0.6574462141474118,ema
60,s1_clean,8.127206923732981,1.3162437323059886,False,False,False,wifi_only,17,7.5,1.5,0.35377274548765647,ema
60,s1_clean,8.127206923732981,1.3162437323059886,False,False,False,vlp_only,17,7.5,1.5,0.9999965030493754,ema
60,s1_clean,8.127206923732981,1.3162437323059886,False,False,False,static_fusion,17,7.5,1.5,0.6768846242685158,ema
61,s1_clean,8.189098931075993,1.1020139318013231,False,False,False,wifi_only,7,7.5,0.5,0.23091951989442072,ema
61,s1_clean,8.189098931075993,1.1020139318013231,False,False,False,vlp_only,17,7.5,1.5,0.984376089066937,ema
61,s1_clean,8.189098931075993,1.1020139318013231,False,False,False,static_fusion,17,7.5,1.5,0.6038951685556286,ema
62,s1_clean,8.244559866287215,0.9834290739202508,False,False,False,wifi_only,18,8.5,1.5,0.37018044167082187,ema
62,s1_clean,8.244559866287215,0.9834290739202508,False,False,False,vlp_only,18,8.5,1.5,0.9980111190263588,ema
62,s1_clean,8.244559866287215,0.9834290739202508,False,False,False,static_fusion,18,8.5,1.5,0.6840957803485903,ema
63,s1_clean,8.469449233099015,0.5380851752887181,False,False,False,wifi_only,18,8.5,1.5,0.39053832324208904,ema
63,s1_clean,8.469449233099015,0.5380851752887181,False,False,False,vlp_only,18,8.5,1.5,0.9999999689476988,ema
63,s1_clean,8.469449233099015,0.5380851752887181,False,False,False,static_fusion,18,8.5,1.5,0.6952691460948939,ema
64,s1_clean,8.61129496830597,0.2850740111733432,False,False,False,wifi_only,18,8.5,1.5,0.3428922754434896,ema
64,s1_clean,8.61129496830597,0.2850740111733432,False,False,False,vlp_only,8,8.5,0.5,0.9999997115524152,ema
64,s1_clean,8.61129496830597,0.2850740111733432,False,False,False,static_fusion,8,8.5,0.5,0.6670798081010404,ema
65,s1_clean,8.649656672908945,0.1829723899998202,False,False,False,wifi_only,8,8.5,0.5,0.3020259146112502,ema
65,s1_clean,8.649656672908945,0.1829723899998202,False,False,False,vlp_only,8,8.5,0.5,0.9999998680883018,ema
65,s1_clean,8.649656672908945,0.1829723899998202,False,False,False,static_fusion,8,8.5,0.5,0.6510128913497758,ema
66,s1_clean,8.433510539178341,0.5984305923139432,False,False,False,wifi_only,18,8.5,1.5,0.31477846826972883,ema
66,s1_clean,8.433510539178341,0.5984305923139432,False,False,False,vlp_only,8,8.5,0.5,0.9999999799627234,ema
66,s1_clean,8.433510539178341,0.5984305923139432,False,False,False,static_fusion,8,8.5,0.5,0.6219311027620829,ema
67,s1_clean,8.390725265666473,0.8870681197350446,False,False,False,wifi_only,18,8.5,1.5,0.2848590837042528,ema
67,s1_clean,8.390725265666473,0.8870681197350446,False,False,False,vlp_only,8,8.5,0.5,0.9999998401544447,ema
67,s1_clean,8.390725265666473,0.8870681197350446,False,False,False,static_fusion,8,8.5,0.5,0.6190877291746175,ema
68,s1_clean,8.28586833451047,1.075450447649671,False,False,False,wifi_only,8,8.5,0.5,0.28965771684485686,ema
68,s1_clean,8.28586833451047,1.075450447649671,False,False,False,vlp_only,8,8.5,0.5,0.9999951645612227,ema
68,s1_clean,8.28586833451047,1.075450447649671,False,False,False,static_fusion,8,8.5,0.5,0.6448264407030395,ema
69,s1_clean,8.00771188370768,1.2586421068158191,False,False,False,wifi_only,8,8.5,0.5,0.29573445552790345,ema
69,s1_clean,8.00771188370768,1.2586421068158191,False,False,False,vlp_only,18,8.5,1.5,0.9999999974597101,ema
69,s1_clean,8.00771188370768,1.2586421068158191,False,False,False,static_fusion,18,8.5,1.5,0.6464481760444638,ema
70,s1_clean,7.876253087162693,1.4325757096206515,False,False,False,wifi_only,18,8.5,1.5,0.24048759100688807,ema
70,s1_clean,7.876253087162693,1.4325757096206515,False,False,False,vlp_only,18,8.5,1.5,0.9999905524028897,ema
70,s1_clean,7.876253087162693,1.4325757096206515,False,False,False,static_fusion,18,8.5,1.5,0.620239071704889,ema
71,s1_clean,7.764584357169141,1.783515740895847,False,False,False,wifi_only,18,8.5,1.5,0.19377750289089243,ema
71,s1_clean,7.764584357169141,1.783515740895847,False,False,False,vlp_only,18,8.5,1.5,0.8112251548701128,ema
71,s1_clean,7.764584357169141,1.783515740895847,False,False,False,static_fusion,18,8.5,1.5,0.5025013288805028,ema
72,s1_clean,7.724461665749093,1.919199890822522,False,False,False,wifi_only,17,7.5,1.5,0.2922254315473573,ema
72,s1_clean,7.724461665749093,1.919199890822522,False,False,False,vlp_only,17,7.5,1.5,0.8795874016404306,ema
72,s1_clean,7.724461665749093,1.919199890822522,False,False,False,static_fusion,17,7.5,1.5,0.5859064165938939,ema
73,s1_clean,7.434410446855592,2.196460502510213,False,False,False,wifi_only,17,7.5,1.5,0.35117291087958735,ema
73,s1_clean,7.434410446855592,2.196460502510213,False,False,False,vlp_only,17,7.5,1.5,0.9999960930234721,ema
73,s1_clean,7.434410446855592,2.196460502510213,False,False,False,static_fusion,17,7.5,1.5,0.6755845019515297,ema
74,s1_clean,7.329501734941545,2.341512908882469,False,False,False,wifi_only,17,7.5,1.5,0.36021363148524904,ema
74,s1_clean,7.329501734941545,2.341512908882469,False,False,False,vlp_only,17,7.5,1.5,0.9994019181835297,ema
74,s1_clean,7.329501734941545,2.341512908882469,False,False,False,static_fusion,17,7.5,1.5,0.6798077748343894,ema
75,s1_clean,7.071931175766185,2.639246667376174,False,False,False,wifi_only,17,7.5,1.5,0.27478811564910016,ema
75,s1_clean,7.071931175766185,2.639246667376174,False,False,False,vlp_only,27,7.5,2.5,0.9998389778928898,ema
75,s1_clean,7.071931175766185,2.639246667376174,False,False,False,static_fusion,27,7.5,2.5,0.5745069626697512,ema
76,s1_clean,6.978026390337671,2.8586906033898587,False,False,False,wifi_only,27,7.5,2.5,0.2198160633585552,ema
76,s1_clean,6.978026390337671,2.8586906033898587,False,False,False,vlp_only,27,7.5,2.5,0.9999999980748315,ema
76,s1_clean,6.978026390337671,2.8586906033898587,False,False,False,static_fusion,27,7.5,2.5,0.6099080307166934,ema
77,s1_clean,7.056281076272732,3.07562739707137,False,False,False,wifi_only,27,7.5,2.5,0.27978106616917275,ema
77,s1_clean,7.056281076272732,3.07562739707137,False,False,False,vlp_only,26,6.5,2.5,0.9999999998049415,ema
77,s1_clean,7.056281076272732,3.07562739707137,False,False,False,static_fusion,26,6.5,2.5,0.5266732339827316,ema
78,s1_clean,6.986478911581751,3.499417790512807,False,False,False,wifi_only,37,7.5,3.5,0.17686020659813673,ema
78,s1_clean,6.986478911581751,3.499417790512807,False,False,False,vlp_only,37,7.5,3.5,0.999999998693384,ema
78,s1_clean,6.986478911581751,3.499417790512807,False,False,False,static_fusion,37,7.5,3.5,0.5884301026457602,ema
79,s1_clean,7.059635179641974,3.643912026483358,False,False,False,wifi_only,37,7.5,3.5,0.22135849096430726,ema
79,s1_clean,7.059635179641974,3.643912026483358,False,False,False,vlp_only,37,7.5,3.5,0.9999999999010002,ema
79,s1_clean,7.059635179641974,3.643912026483358,False,False,False,static_fusion,37,7.5,3.5,0.6106792454326537,ema
80,s1_clean,7.111230980212548,3.866216527347812,False,False,False,wifi_only,37,7.5,3.5,0.15593731280442996,ema
80,s1_clean,7.111230980212548,3.866216527347812,False,False,False,vlp_only,37,7.5,3.5,0.9999999999010002,ema
80,s1_clean,7.111230980212548,3.866216527347812,False,False,False,static_fusion,37,7.5,3.5,0.5779686563527151,ema
81,s1_clean,7.093666462300226,4.151666727840037,False,False,False,wifi_only,47,7.5,4.5,0.1427723093992258,ema
81,s1_clean,7.093666462300226,4.151666727840037,False,False,False,vlp_only,36,6.5,3.5,0.9999999999010002,ema
81,s1_clean,7.093666462300226,4.151666727840037,False,False,False,static_fusion,36,6.5,3.5,0.5682116243466919,ema
82,s1_clean,7.179940304559092,4.40982120831966,False,False,False,wifi_only,47,7.5,4.5,0.15567713884196113,ema
82,s1_clean,7.179940304559092,4.40982120831966,False,False,False,vlp_only,36,6.5,3.5,0.9999999999010002,ema
82,s1_clean,7.179940304559092,4.40982120831966,False,False,False,static_fusion,36,6.5,3.5,0.5617489863936485,ema
83,s1_clean,7.389306456175779,4.728806808316636,False,False,False,wifi_only,47,7.5,4.5,0.16127463678990483,ema
83,s1_clean,7.389306456175779,4.728806808316636,False,False,False,vlp_only,47,7.5,4.5,0.9999999999010002,ema
83,s1_clean,7.389306456175779,4.728806808316636,False,False,False,static_fusion,47,7.5,4.5,0.5806373183454524,ema
84,s1_clean,7.471099094223947,5.062300262899215,False,False,False,wifi_only,47,7.5,4.5,0.15510665770789692,ema
84,s1_clean,7.471099094223947,5.062300262899215,False,False,False,vlp_only,47,7.5,4.5,0.9999999998996972,ema
84,s1_clean,7.471099094223947,5.062300262899215,False,False,False,static_fusion,47,7.5,4.5,0.5775533288037971,ema
85,s1_clean,7.639476103338564,5.452330212055501,False,False,False,wifi_only,47,7.5,4.5,0.15441359914186328,ema
85,s1_clean,7.639476103338564,5.452330212055501,False,False,False,vlp_only,47,7.5,4.5,0.9999999986805092,ema
85,s1_clean,7.639476103338564,5.452330212055501,False,False,False,static_fusion,47,7.5,4.5,0.5772067989111862,ema
86,s1_clean,7.590210281547375,5.578300437724326,False,False,False,wifi_only,57,7.5,5.5,0.1641758129638412,ema
86,s1_clean,7.590210281547375,5.578300437724326,False,False,False,vlp_only,57,7.5,5.5,0.9999999998809873,ema
86,s1_clean,7.590210281547375,5.578300437724326,False,False,False,static_fusion,57,7.5,5.5,0.5820879064224143,ema
87,s1_clean,7.462795792010998,5.791477714093946,False,False,False,wifi_only,57,7.5,5.5,0.16322370269775646,ema
87,s1_clean,7.462795792010998,5.791477714093946,False,False,False,vlp_only,57,7.5,5.5,0.99999999920316,ema
87,s1_clean,7.462795792010998,5.791477714093946,False,False,False,static_fusion,57,7.5,5.5,0.5816118509504581,ema
88,s1_clean,7.440607753073426,5.980848219358611,False,False,False,wifi_only,57,7.5,5.5,0.16033757909680202,ema
88,s1_clean,7.440607753073426,5.980848219358611,False,False,False,vlp_only,57,7.5,5.5,0.999999999769953,ema
88,s1_clean,7.440607753073426,5.980848219358611,False,False,False,static_fusion,57,7.5,5.5,0.5801687894333775,ema
89,s1_clean,7.440906125309533,6.113793031097752,False,False,False,wifi_only,56,6.5,5.5,0.15911701087323588,ema
89,s1_clean,7.440906125309533,6.113793031097752,False,False,False,vlp_only,57,7.5,5.5,0.9999999998963236,ema
89,s1_clean,7.440906125309533,6.113793031097752,False,False,False,static_fusion,57,7.5,5.5,0.563705155966626,ema
90,s1_clean,7.279806471044582,6.464561962588011,False,False,False,wifi_only,56,6.5,5.5,0.15583544027622337,ema
90,s1_clean,7.279806471044582,6.464561962588011,False,False,False,vlp_only,66,6.5,6.5,0.9999999999010001,ema
90,s1_clean,7.279806471044582,6.464561962588011,False,False,False,static_fusion,66,6.5,6.5,0.5305554458982866,ema
91,s1_clean,7.195775699002211,6.545903417221667,False,False,False,wifi_only,56,6.5,5.5,0.15927298559400999,ema
91,s1_clean,7.195775699002211,6.545903417221667,False,False,False,vlp_only,66,6.5,6.5,0.9999999999010001,ema
91,s1_clean,7.195775699002211,6.545903417221667,False,False,False,static_fusion,66,6.5,6.5,0.5401594093524469,ema
92,s1_clean,7.071679731335141,6.664553875446808,False,False,False,wifi_only,67,7.5,6.5,0.13612527155542523,ema
92,s1_clean,7.071679731335141,6.664553875446808,False,False,False,vlp_only,67,7.5,6.5,0.9999999999010001,ema
92,s1_clean,7.071679731335141,6.664553875446808,False,False,False,static_fusion,67,7.5,6.5,0.5680626357282125,ema
93,s1_clean,6.88601961932652,6.885266262387327,False,False,False,wifi_only,66,6.5,6.5,0.12153207470780346,ema
93,s1_clean,6.88601961932652,6.885266262387327,False,False,False,vlp_only,67,7.5,6.5,0.9999999999010001,ema
93,s1_clean,6.88601961932652,6.885266262387327,False,False,False,static_fusion,67,7.5,6.5,0.5491925342144002,ema
94,s1_clean,6.836265376227635,7.09347815473235,False,False,False,wifi_only,77,7.5,7.5,0.13109275042034896,ema
94,s1_clean,6.836265376227635,7.09347815473235,False,False,False,vlp_only,67,7.5,6.5,0.9999999999010001,ema
94,s1_clean,6.836265376227635,7.09347815473235,False,False,False,static_fusion,67,7.5,6.5,0.5327736575236521,ema
95,s1_clean,6.749970613133377,7.2047970050942345,False,False,False,wifi_only,66,6.5,6.5,0.1190810591974405,ema
95,s1_clean,6.749970613133377,7.2047970050942345,False,False,False,vlp_only,67,7.5,6.5,0.9999999094706382,ema
95,s1_clean,6.749970613133377,7.2047970050942345,False,False,False,static_fusion,67,7.5,6.5,0.5250774032946021,ema
96,s1_clean,6.520102407663193,7.416654680272662,False,False,False,wifi_only,87,7.5,8.5,0.11682978719477664,ema
96,s1_clean,6.520102407663193,7.416654680272662,False,False,False,vlp_only,76,6.5,7.5,0.9999999999010001,ema
96,s1_clean,6.520102407663193,7.416654680272662,False,False,False,static_fusion,76,6.5,7.5,0.5355778916183678,ema
97,s1_clean,6.235078071420909,7.80527981884087,False,False,False,wifi_only,87,7.5,8.5,0.16401576925154826,ema
97,s1_clean,6.235078071420909,7.80527981884087,False,False,False,vlp_only,76,6.5,7.5,0.9999999999010001,ema
97,s1_clean,6.235078071420909,7.80527981884087,False,False,False,static_fusion,76,6.5,7.5,0.5771184827046942,ema
98,s1_clean,5.98823397903378,7.93574951314563,False,False,False,wifi_only,76,6.5,7.5,0.23232343249748363,ema
98,s1_clean,5.98823397903378,7.93574951314563,False,False,False,vlp_only,76,6.5,7.5,0.9999999998991845,ema
98,s1_clean,5.98823397903378,7.93574951314563,False,False,False,static_fusion,76,6.5,7.5,0.616161716198334,ema
99,s1_clean,5.822657938153183,7.968265377624689,False,False,False,wifi_only,75,5.5,7.5,0.21201098160095613,ema
99,s1_clean,5.822657938153183,7.968265377624689,False,False,False,vlp_only,96,6.5,9.5,0.9999998312364544,ema
99,s1_clean,5.822657938153183,7.968265377624689,False,False,False,static_fusion,96,6.5,9.5,0.538095171269146,ema
0,s2_wifi_degraded,8.548260044884431,3.875368266732585,False,False,False,wifi_only,27,7.5,2.5,0.18580036708006928,raw
0,s2_wifi_degraded,8.548260044884431,3.875368266732585,False,False,False,vlp_only,39,9.5,3.5,0.9999999999010002,raw
0,s2_wifi_degraded,8.548260044884431,3.875368266732585,False,False,False,static_fusion,39,9.5,3.5,0.5581480765890854,raw
1,s2_wifi_degraded,8.648647791547123,3.682160416153107,False,False,False,wifi_only,49,9.5,4.5,0.27359729705922065,raw
1,s2_wifi_degraded,8.648647791547123,3.682160416153107,False,False,False,vlp_only,38,8.5,3.5,0.9999999999010002,raw
1,s2_wifi_degraded,8.648647791547123,3.682160416153107,False,False,False,static_fusion,38,8.5,3.5,0.5393008957564009,raw
2,s2_wifi_degraded,8.904314502785434,3.314602216855924,False,False,False,wifi_only,28,8.5,2.5,0.3914579730216224,raw
2,s2_wifi_degraded,8.904314502785434,3.314602216855924,False,False,False,vlp_only,38,8.5,3.5,0.9999999999010002,raw
2,s2_wifi_degraded,8.904314502785434,3.314602216855924,False,False,False,static_fusion,38,8.5,3.5,0.5096722296526133,raw
3,s2_wifi_degraded,9.310389003930128,3.04167485894367,False,False,False,wifi_only,39,9.5,3.5,0.3479614568323887,raw
3,s2_wifi_degraded,9.310389003930128,3.04167485894367,False,False,False,vlp_only,29,9.5,2.5,0.9999999999010002,raw
3,s2_wifi_degraded,9.310389003930128,3.04167485894367,False,False,False,static_fusion,29,9.5,2.5,0.523158453336895,raw
4,s2_wifi_degraded,9.706838327803332,2.8964874698404373,False,False,False,wifi_only,29,9.5,2.5,0.2691596637943602,raw
4,s2_wifi_degraded,9.706838327803332,2.8964874698404373,False,False,False,vlp_only,39,9.5,3.5,0.9999999998991842,raw
4,s2_wifi_degraded,9.706838327803332,2.8964874698404373,False,False,False,static_fusion,39,9.5,3.5,0.5587906026506307,raw
5,s2_wifi_degraded,9.41844096729231,2.900422758078939,False,False,False,wifi_only,28,8.5,2.5,0.3608439591836024,raw
5,s2_wifi_degraded,9.41844096729231,2.900422758078939,False,False,False,vlp_only,29,9.5,2.5,0.9999999999010002,raw
5,s2_wifi_degraded,9.41844096729231,2.900422758078939,False,False,False,static_fusion,29,9.5,2.5,0.5712310368443393,raw
6,s2_wifi_degraded,8.964378339140287,2.9597287260816096,False,False,False,wifi_only,39,9.5,3.5,0.23566107826959887,raw
6,s2_wifi_degraded,8.964378339140287,2.9597287260816096,False,False,False,vlp_only,29,9.5,2.5,0.999963480985064,raw
6,s2_wifi_degraded,8.964378339140287,2.9597287260816096,False,False,False,static_fusion,29,9.5,2.5,0.5810472282591305,raw
7,s2_wifi_degraded,8.774353844140126,3.131454780222936,False,False,False,wifi_only,39,9.5,3.5,0.2684820559484171,raw
7,s2_wifi_degraded,8.774353844140126,3.131454780222936,False,False,False,vlp_only,38,8.5,3.5,0.9953862234259577,raw
7,s2_wifi_degraded,8.774353844140126,3.131454780222936,False,False,False,static_fusion,38,8.5,3.5,0.6253590845419479,raw
8,s2_wifi_degraded,8.418152736801511,3.188810020474088,False,False,False,wifi_only,16,6.5,1.5,0.2694309385693943,raw
8,s2_wifi_degraded,8.418152736801511,3.188810020474088,False,False,False,vlp_only,38,8.5,3.5,0.9999999512610296,raw
8,s2_wifi_degraded,8.418152736801511,3.188810020474088,False,False,False,static_fusion,38,8.5,3.5,0.5108296343225874,raw
9,s2_wifi_degraded,8.165062128503568,3.3554638975618585,False,False,False,wifi_only,36,6.5,3.5,0.21416664332979785,raw
9,s2_wifi_degraded,8.165062128503568,3.3554638975618585,False,False,False,vlp_only,38,8.5,3.5,0.9998861356205525,raw
9,s2_wifi_degraded,8.165062128503568,3.3554638975618585,False,False,False,static_fusion,38,8.5,3.5,0.511605197345509,raw
10,s2_wifi_degraded,8.047852018915972,3.3896047138916883,True,False,False,wifi_only,37,7.5,3.5,0.1782529109711462,raw
10,s2_wifi_degraded,8.047852018915972,3.3896047138916883,True,False,False,vlp_only,37,7.5,3.5,0.5360591878660302,raw
10,s2_wifi_degraded,8.047852018915972,3.3896047138916883,True,False,False,static_fusion,37,7.5,3.5,0.3571560494185882,raw
11,s2_wifi_degraded,7.628992597812742,3.5120336380508936,True,False,False,wifi_only,5,5.5,0.5,0.1826163127861806,raw
11,s2_wifi_degraded,7.628992597812742,3.5120336380508936,True,False,False,vlp_only,37,7.5,3.5,0.9999999998991673,raw
11,s2_wifi_degraded,7.628992597812742,3.5120336380508936,True,False,False,static_fusion,37,7.5,3.5,0.5154704483225796,raw
12,s2_wifi_degraded,7.264240580596287,3.551955010215912,True,False,False,wifi_only,56,6.5,5.5,0.20753280262800003,raw
12,s2_wifi_degraded,7.264240580596287,3.551955010215912,True,False,False,vlp_only,37,7.5,3.5,0.9999999999010002,raw
12,s2_wifi_degraded,7.264240580596287,3.551955010215912,True,False,False,static_fusion,37,7.5,3.5,0.5011816963350574,raw
13,s2_wifi_degraded,6.807654944686304,3.3798711617406227,True,False,False,wifi_only,16,6.5,1.5,0.3081845891585925,raw
13,s2_wifi_degraded,6.807654944686304,3.3798711617406227,True,False,False,vlp_only,37,7.5,3.5,0.9967695460973498,raw
13,s2_wifi_degraded,6.807654944686304,3.3798711617406227,True,False,False,static_fusion,37,7.5,3.5,0.5072812268634068,raw
14,s2_wifi_degraded,6.644376635151973,3.2678225998295574,True,False,False,wifi_only,50,0.5,5.5,0.34979608444866445,raw
14,s2_wifi_degraded,6.644376635151973,3.2678225998295574,True,False,False,vlp_only,36,6.5,3.5,0.9999999999010002,raw
14,s2_wifi_degraded,6.644376635151973,3.2678225998295574,True,False,False,static_fusion,36,6.5,3.5,0.4999999999510001,raw
15,s2_wifi_degraded,6.164360277507891,3.220123101722137,True,False,False,wifi_only,40,0.5,4.5,0.3999137885500554,raw
15,s2_wifi_degraded,6.164360277507891,3.220123101722137,True,False,False,vlp_only,36,6.5,3.5,0.9999999999010002,raw
15,s2_wifi_degraded,6.164360277507891,3.220123101722137,True,False,False,static_fusion,36,6.5,3.5,0.5000000014521385,raw
16,s2_wifi_degraded,5.921670782647944,3.170353913208966,True,False,False,wifi_only,36,6.5,3.5,0.12624644939375887,raw
16,s2_wifi_degraded,5.921670782647944,3.170353913208966,True,False,False,vlp_only,25,5.5,2.5,0.9999999999010002,raw
16,s2_wifi_degraded,5.921670782647944,3.170353913208966,True,False,False,static_fusion,25,5.5,2.5,0.534292249216091,raw
17,s2_wifi_degraded,5.679154300480839,2.9818995639648525,True,False,False,wifi_only,28,8.5,2.5,0.33527441191375335,raw
17,s2_wifi_degraded,5.679154300480839,2.9818995639648525,True,False,False,vlp_only,25,5.5,2.5,0.9999999999010002,raw
17,s2_wifi_degraded,5.679154300480839,2.9818995639648525,True,False,False,static_fusion,25,5.5,2.5,0.5000005650307561,raw
18,s2_wifi_degraded,5.40719635144305,2.708371836226452,True,False,False,wifi_only,30,0.5,3.5,0.7607640115012795,raw
18,s2_wifi_degraded,5.40719635144305,2.708371836226452,True,False,False,vlp_only,25,5.5,2.5,0.9999999999010002,raw
18,s2_wifi_degraded,5.40719635144305,2.708371836226452,True,False,False,static_fusion,25,5.5,2.5,0.500000000039447,raw
19,s2_wifi_degraded,5.231798982702207,2.4839699101632213,True,False,False,wifi_only,4,4.5,0.5,0.4305970789658203,raw
19,s2_wifi_degraded,5.231798982702207,2.4839699101632213,True,False,False,vlp_only,25,5.5,2.5,0.999999305375328,raw
19,s2_wifi_degraded,5.231798982702207,2.4839699101632213,True,False,False,static_fusion,25,5.5,2.5,0.5029527087961653,raw
20,s2_wifi_degraded,5.28923634607891,2.192766390499288,False,False,False,wifi_only,13,3.5,1.5,0.2041599443728437,raw
20,s2_wifi_degraded,5.28923634607891,2.192766390499288,False,False,False,vlp_only,15,5.5,1.5,0.5322141831114302,raw
20,s2_wifi_degraded,5.28923634607891,2.192766390499288,False,False,False,static_fusion,15,5.5,1.5,0.27203399124097843,raw
21,s2_wifi_degraded,5.38054459804343,2.090291333531373,False,False,False,wifi_only,34,4.5,3.5,0.16131521660312548,raw
21,s2_wifi_degraded,5.38054459804343,2.090291333531373,False,False,False,vlp_only,25,5.5,2.5,0.9914203765729316,raw
21,s2_wifi_degraded,5.38054459804343,2.090291333531373,False,False,False,static_fusion,25,5.5,2.5,0.5551038022233832,raw
22,s2_wifi_degraded,5.395660287878729,1.904575277898607,False,False,False,wifi_only,16,6.5,1.5,0.21259844301580977,raw
22,s2_wifi_degraded,5.395660287878729,1.904575277898607,False,False,False,vlp_only,15,5.5,1.5,0.9998725834541833,raw
22,s2_wifi_degraded,5.395660287878729,1.904575277898607,False,False,False,static_fusion,15,5.5,1.5,0.5525757675390256,raw
23,s2_wifi_degraded,5.346981386445022,1.7399481748937806,False,False,False,wifi_only,25,5.5,2.5,0.15183403983527255,raw
23,s2_wifi_degraded,5.346981386445022,1.7399481748937806,False,False,False,vlp_only,15,5.5,1.5,0.999993150130135,raw
23,s2_wifi_degraded,5.346981386445022,1.7399481748937806,False,False,False,static_fusion,15,5.5,1.5,0.5687520475890135,raw
24,s2_wifi_degraded,5.356397214861652,1.3990305548570758,False,False,False,wifi_only,15,5.5,1.5,0.19520338115234037,raw
24,s2_wifi_degraded,5.356397214861652,1.3990305548570758,False,False,False,vlp_only,15,5.5,1.5,0.9999999987769306,raw
24,s2_wifi_degraded,5.356397214861652,1.3990305548570758,False,False,False,static_fusion,15,5.5,1.5,0.5976016899646355,raw
25,s2_wifi_degraded,5.55511192506875,1.1971395250192285,False,False,False,wifi_only,35,5.5,3.5,0.2052992130645626,raw
25,s2_wifi_degraded,5.55511192506875,1.1971395250192285,False,False,False,vlp_only,15,5.5,1.5,0.9999999999010003,raw
25,s2_wifi_degraded,5.55511192506875,1.1971395250192285,False,False,False,static_fusion,15,5.5,1.5,0.5244187311849303,raw
26,s2_wifi_degraded,5.644488914276651,1.1264421585125568,False,False,False,wifi_only,4,4.5,0.5,0.1655688718572684,raw
26,s2_wifi_degraded,5.644488914276651,1.1264421585125568,False,False,False,vlp_only,15,5.5,1.5,0.9999999988390105,raw
26,s2_wifi_degraded,5.644488914276651,1.1264421585125568,False,False,False,static_fusion,15,5.5,1.5,0.5041391943195471,raw
27,s2_wifi_degraded,5.99191614365339,0.7779056103368667,False,False,False,wifi_only,27,7.5,2.5,0.238513152464989,raw
27,s2_wifi_degraded,5.99191614365339,0.7779056103368667,False,False,False,vlp_only,6,6.5,0.5,0.9999999999010003,raw
27,s2_wifi_degraded,5.99191614365339,0.7779056103368667,False,False,False,static_fusion,6,6.5,0.5,0.5097985096946229,raw
28,s2_wifi_degraded,6.3719359824611015,0.5133126785859624,False,False,False,wifi_only,49,9.5,4.5,0.2675446567815742,raw
28,s2_wifi_degraded,6.3719359824611015,0.5133126785859624,False,False,False,vlp_only,6,6.5,0.5,0.9999999999010003,raw
28,s2_wifi_degraded,6.3719359824611015,0.5133126785859624,False,False,False,static_fusion,6,6.5,0.5,0.5063616367060714,raw
29,s2_wifi_degraded,6.642725720701172,0.2610300095402053,False,False,False,wifi_only,4,4.5,0.5,0.32526529687112654,raw
29,s2_wifi_degraded,6.642725720701172,0.2610300095402053,False,False,False,vlp_only,6,6.5,0.5,0.9999999999010003,raw
29,s2_wifi_degraded,6.642725720701172,0.2610300095402053,False,False,False,static_fusion,6,6.5,0.5,0.5146371345316058,raw
30,s2_wifi_degraded,6.746242668239441,0.1917048919949815,False,False,False,wifi_only,29,9.5,2.5,0.2278098213353495,raw
30,s2_wifi_degraded,6.746242668239441,0.1917048919949815,False,False,False,vlp_only,6,6.5,0.5,0.9999999999010003,raw
30,s2_wifi_degraded,6.746242668239441,0.1917048919949815,False,False,False,static_fusion,6,6.5,0.5,0.5164921312782045,raw
31,s2_wifi_degraded,6.356442515941112,0.4369455288091974,False,False,False,wifi_only,6,6.5,0.5,0.21404915939914176,raw
31,s2_wifi_degraded,6.356442515941112,0.4369455288091974,False,False,False,vlp_only,6,6.5,0.5,0.9999999999010003,raw
31,s2_wifi_degraded,6.356442515941112,0.4369455288091974,False,False,False,static_fusion,6,6.5,0.5,0.6070245796500708,raw
32,s2_wifi_degraded,6.090439232524188,0.6864641265250186,False,False,False,wifi_only,6,6.5,0.5,0.4045519738390167,raw
32,s2_wifi_degraded,6.090439232524188,0.6864641265250186,False,False,False,vlp_only,6,6.5,0.5,0.9999999999010003,raw
32,s2_wifi_degraded,6.090439232524188,0.6864641265250186,False,False,False,static_fusion,6,6.5,0.5,0.7022759868700084,raw
33,s2_wifi_degraded,5.949226125977861,0.8518939098654703,False,False,False,wifi_only,37,7.5,3.5,0.2158785195844437,raw
33,s2_wifi_degraded,5.949226125977861,0.8518939098654703,False,False,False,vlp_only,6,6.5,0.5,0.9999999958161226,raw
33,s2_wifi_degraded,5.949226125977861,0.8518939098654703,False,False,False,static_fusion,6,6.5,0.5,0.5055391459825828,raw
34,s2_wifi_degraded,5.8095047430555145,1.1091466717902831,False,False,False,wifi_only,37,7.5,3.5,0.15849687534150206,raw
34,s2_wifi_degraded,5.8095047430555145,1.1091466717902831,False,False,False,vlp_only,15,5.5,1.5,0.9999999999010003,raw
34,s2_wifi_degraded,5.8095047430555145,1.1091466717902831,False,False,False,static_fusion,15,5.5,1.5,0.5068304921113812,raw
35,s2_wifi_degraded,5.579978519259318,1.272432489793561,True,False,False,wifi_only,4,4.5,0.5,0.6986668852746079,raw
35,s2_wifi_degraded,5.579978519259318,1.272432489793561,True,False,False,vlp_only,15,5.5,1.5,0.999999999900666,raw
35,s2_wifi_degraded,5.579978519259318,1.272432489793561,True,False,False,static_fusion,15,5.5,1.5,0.5041199798061731,raw
36,s2_wifi_degraded,5.338528190625762,1.3036592905789073,True,False,False,wifi_only,33,3.5,3.5,0.18087276647832393,raw
36,s2_wifi_degraded,5.338528190625762,1.3036592905789073,True,False,False,vlp_only,15,5.5,1.5,0.9999869843751897,raw
36,s2_wifi_degraded,5.338528190625762,1.3036592905789073,True,False,False,static_fusion,15,5.5,1.5,0.5034515282353116,raw
37,s2_wifi_degraded,4.912072310282084,1.4157812756540196,True,False,False,wifi_only,5,5.5,0.5,0.5903470931283389,raw
37,s2_wifi_degraded,4.912072310282084,1.4157812756540196,True,False,False,vlp_only,4,4.5,0.5,0.9997010725584397,raw
37,s2_wifi_degraded,4.912072310282084,1.4157812756540196,True,False,False,static_fusion,4,4.5,0.5,0.6463880399547317,raw
38,s2_wifi_degraded,4.826303961432351,1.586236364932186,True,False,False,wifi_only,60,0.5,6.5,0.32405173031806417,raw
38,s2_wifi_degraded,4.826303961432351,1.586236364932186,True,False,False,vlp_only,14,4.5,1.5,0.9999999751096587,raw
38,s2_wifi_degraded,4.826303961432351,1.586236364932186,True,False,False,static_fusion,14,4.5,1.5,0.5000000263882856,raw
39,s2_wifi_degraded,4.8018178978276085,1.8759997678234683,True,False,False,wifi_only,40,0.5,4.5,0.23556763387066543,raw
39,s2_wifi_degraded,4.8018178978276085,1.8759997678234683,True,False,False,vlp_only,14,4.5,1.5,0.9900711154122955,raw
39,s2_wifi_degraded,4.8018178978276085,1.8759997678234683,True,False,False,static_fusion,14,4.5,1.5,0.500558749717046,raw
40,s2_wifi_degraded,4.769561461430565,2.1910721381589235,True,False,False,wifi_only,26,6.5,2.5,0.25755764396360026,raw
40,s2_wifi_degraded,4.769561461430565,2.1910721381589235,True,False,False,vlp_only,24,4.5,2.5,0.9329433644278822,raw
40,s2_wifi_degraded,4.769561461430565,2.1910721381589235,True,False,False,static_fusion,24,4.5,2.5,0.4673191523015892,raw
41,s2_wifi_degraded,4.525918490013359,2.572296491893161,True,False,False,wifi_only,44,4.5,4.5,0.11912043720562192,raw
41,s2_wifi_degraded,4.525918490013359,2.572296491893161,True,False,False,vlp_only,24,4.5,2.5,0.9999999999010002,raw
41,s2_wifi_degraded,4.525918490013359,2.572296491893161,True,False,False,static_fusion,24,4.5,2.5,0.501954623184403,raw
42,s2_wifi_degraded,4.603145206950584,2.691606464543516,True,False,False,wifi_only,69,9.5,6.5,0.3223858880599091,raw
42,s2_wifi_degraded,4.603145206950584,2.691606464543516,True,False,False,vlp_only,24,4.5,2.5,0.9999999999010002,raw
42,s2_wifi_degraded,4.603145206950584,2.691606464543516,True,False,False,static_fusion,24,4.5,2.5,0.500000001101477,raw
43,s2_wifi_degraded,4.636858519470941,2.83301729155527,True,False,False,wifi_only,50,0.5,5.5,0.4028165595740737,raw
43,s2_wifi_degraded,4.636858519470941,2.83301729155527,True,False,False,vlp_only,24,4.5,2.5,0.9999999999009234,raw
43,s2_wifi_degraded,4.636858519470941,2.83301729155527,True,False,False,static_fusion,24,4.5,2.5,0.5000000007491536,raw
44,s2_wifi_degraded,4.734121569139968,3.1877348970907184,True,False,False,wifi_only,13,3.5,1.5,0.3359816179785927,raw
44,s2_wifi_degraded,4.734121569139968,3.1877348970907184,True,False,False,vlp_only,34,4.5,3.5,0.9999999999010002,raw
44,s2_wifi_degraded,4.734121569139968,3.1877348970907184,True,False,False,static_fusion,34,4.5,3.5,0.5005563668214821,raw
45,s2_wifi_degraded,4.820450082367587,3.2794971977323337,True,False,False,wifi_only,69,9.5,6.5,0.2957620787536969,raw
45,s2_wifi_degraded,4.820450082367587,3.2794971977323337,True,False,False,vlp_only,34,4.5,3.5,0.9999999999010002,raw
45,s2_wifi_degraded,4.820450082367587,3.2794971977323337,True,False,False,static_fusion,34,4.5,3.5,0.5000000008187206,raw
46,s2_wifi_degraded,5.062857013263392,3.3252726841438496,True,False,False,wifi_only,54,4.5,5.5,0.2400562940934339,raw
46,s2_wifi_degraded,5.062857013263392,3.3252726841438496,True,False,False,vlp_only,35,5.5,3.5,0.9999999999010002,raw
46,s2_wifi_degraded,5.062857013263392,3.3252726841438496,True,False,False,static_fusion,35,5.5,3.5,0.5012989807053557,raw
47,s2_wifi_degraded,5.223527674927983,3.3636079119505795,True,False,False,wifi_only,34,4.5,3.5,0.16459076724840338,raw
47,s2_wifi_degraded,5.223527674927983,3.3636079119505795,True,False,False,vlp_only,35,5.5,3.5,0.9999999999010002,raw
47,s2_wifi_degraded,5.223527674927983,3.3636079119505795,True,False,False,static_fusion,35,5.5,3.5,0.5396894825723384,raw
48,s2_wifi_degraded,5.715643126853525,3.4347811219492,True,False,False,wifi_only,6,6.5,0.5,0.6533272845160805,raw
48,s2_wifi_degraded,5.715643126853525,3.4347811219492,True,False,False,vlp_only,35,5.5,3.5,0.9999999999010002,raw
48,s2_wifi_degraded,5.715643126853525,3.4347811219492,True,False,False,static_fusion,35,5.5,3.5,0.5000035526891423,raw
49,s2_wifi_degraded,6.036475943181564,3.33849425496013,True,False,False,wifi_only,40,0.5,4.5,0.3335059095583183,raw
49,s2_wifi_degraded,6.036475943181564,3.33849425496013,True,False,False,vlp_only,36,6.5,3.5,0.9999999999010002,raw
49,s2_wifi_degraded,6.036475943181564,3.33849425496013,True,False,False,static_fusion,36,6.5,3.5,0.5000083155742154,raw
50,s2_wifi_degraded,6.26597077792921,3.2310160910129526,False,False,False,wifi_only,36,6.5,3.5,0.18188675762498563,raw
50,s2_wifi_degraded,6.26597077792921,3.2310160910129526,False,False,False,vlp_only,36,6.5,3.5,0.9999999999010002,raw
50,s2_wifi_degraded,6.26597077792921,3.2310160910129526,False,False,False,static_fusion,36,6.5,3.5,0.590943378762993,raw
51,s2_wifi_degraded,6.557154939381723,3.0499936079927075,False,False,False,wifi_only,48,8.5,4.5,0.19652459324995952,raw
51,s2_wifi_degraded,6.557154939381723,3.0499936079927075,False,False,False,vlp_only,26,6.5,2.5,0.9999999999010002,raw
51,s2_wifi_degraded,6.557154939381723,3.0499936079927075,False,False,False,static_fusion,26,6.5,2.5,0.5032238704536056,raw
52,s2_wifi_degraded,6.7452470995562726,2.868494108966797,False,False,False,wifi_only,26,6.5,2.5,0.19808217713770482,raw
52,s2_wifi_degraded,6.7452470995562726,2.868494108966797,False,False,False,vlp_only,26,6.5,2.5,0.9999999999010002,raw
52,s2_wifi_degraded,6.7452470995562726,2.868494108966797,False,False,False,static_fusion,26,6.5,2.5,0.5990410885193524,raw
53,s2_wifi_degraded,6.89633119872926,2.646701910339533,False,False,False,wifi_only,26,6.5,2.5,0.2147642722188982,raw
53,s2_wifi_degraded,6.89633119872926,2.646701910339533,False,False,False,vlp_only,26,6.5,2.5,0.9999999999010002,raw
53,s2_wifi_degraded,6.89633119872926,2.646701910339533,False,False,False,static_fusion,26,6.5,2.5,0.6073821360599492,raw
54,s2_wifi_degraded,7.093839490462012,2.230395250989873,False,False,False,wifi_only,27,7.5,2.5,0.2522801163095831,raw
54,s2_wifi_degraded,7.093839490462012,2.230395250989873,False,False,False,vlp_only,27,7.5,2.5,0.9999958737954795,raw
54,s2_wifi_degraded,7.093839490462012,2.230395250989873,False,False,False,static_fusion,27,7.5,2.5,0.6261379950525313,raw
55,s2_wifi_degraded,7.327799421114381,2.083866639869165,False,False,False,wifi_only,6,6.5,0.5,0.20738736720571826,raw
55,s2_wifi_degraded,7.327799421114381,2.083866639869165,False,False,False,vlp_only,27,7.5,2.5,0.9986603402761474,raw
55,s2_wifi_degraded,7.327799421114381,2.083866639869165,False,False,False,static_fusion,27,7.5,2.5,0.5096399218128357,raw
56,s2_wifi_degraded,7.4404788553418495,2.0885416935474934,False,False,False,wifi_only,27,7.5,2.5,0.24172403320565972,raw
56,s2_wifi_degraded,7.4404788553418495,2.0885416935474934,False,False,False,vlp_only,17,7.5,1.5,0.7891124941716665,raw
56,s2_wifi_degraded,7.4404788553418495,2.0885416935474934,False,False,False,static_fusion,17,7.5,1.5,0.43426938320574515,raw
57,s2_wifi_degraded,7.579211275373233,2.0714456103345764,False,False,False,wifi_only,27,7.5,2.5,0.26750012997146005,raw
57,s2_wifi_degraded,7.579211275373233,2.0714456103345764,False,False,False,vlp_only,27,7.5,2.5,0.9011563894594647,raw
57,s2_wifi_degraded,7.579211275373233,2.0714456103345764,False,False,False,static_fusion,27,7.5,2.5,0.5843282597154624,raw
58,s2_wifi_degraded,7.844337613028887,1.6670430401807117,False,False,False,wifi_only,28,8.5,2.5,0.3317512476497142,raw
58,s2_wifi_degraded,7.844337613028887,1.6670430401807117,False,False,False,vlp_only,17,7.5,1.5,0.7540207186381974,raw
58,s2_wifi_degraded,7.844337613028887,1.6670430401807117,False,False,False,static_fusion,17,7.5,1.5,0.4939370683623336,raw
59,s2_wifi_degraded,7.979950544975631,1.4630004361001532,False,False,False,wifi_only,18,8.5,1.5,0.38816131994940367,raw
59,s2_wifi_degraded,7.979950544975631,1.4630004361001532,False,False,False,vlp_only,17,7.5,1.5,0.9998181235717031,raw
59,s2_wifi_degraded,7.979950544975631,1.4630004361001532,False,False,False,static_fusion,17,7.5,1.5,0.5155818508834324,raw
60,s2_wifi_degraded,8.127206923732981,1.3162437323059886,True,False,False,wifi_only,18,8.5,1.5,0.5137748773344931,raw
60,s2_wifi_degraded,8.127206923732981,1.3162437323059886,True,False,False,vlp_only,18,8.5,1.5,0.9633036455111398,raw
60,s2_wifi_degraded,8.127206923732981,1.3162437323059886,True,False,False,static_fusion,18,8.5,1.5,0.7385392614228162,raw
61,s2_wifi_degraded,8.189098931075993,1.1020139318013231,True,False,False,wifi_only,18,8.5,1.5,0.7315746656595025,raw
61,s2_wifi_degraded,8.189098931075993,1.1020139318013231,True,False,False,vlp_only,18,8.5,1.5,0.9999999933749989,raw
61,s2_wifi_degraded,8.189098931075993,1.1020139318013231,True,False,False,static_fusion,18,8.5,1.5,0.8657873295172507,raw
62,s2_wifi_degraded,8.244559866287215,0.9834290739202508,True,False,False,wifi_only,9,9.5,0.5,0.6125765441998706,raw
62,s2_wifi_degraded,8.244559866287215,0.9834290739202508,True,False,False,vlp_only,18,8.5,1.5,0.9863007008122533,raw
62,s2_wifi_degraded,8.244559866287215,0.9834290739202508,True,False,False,static_fusion,18,8.5,1.5,0.5104883206228301,raw
63,s2_wifi_degraded,8.469449233099015,0.5380851752887181,True,False,False,wifi_only,29,9.5,2.5,0.49294699331678704,raw
63,s2_wifi_degraded,8.469449233099015,0.5380851752887181,True,False,False,vlp_only,8,8.5,0.5,0.9999998209480115,raw
63,s2_wifi_degraded,8.469449233099015,0.5380851752887181,True,False,False,static_fusion,8,8.5,0.5,0.5000641520310551,raw
64,s2_wifi_degraded,8.61129496830597,0.2850740111733432,True,False,False,wifi_only,18,8.5,1.5,0.6008221343362421,raw
64,s2_wifi_degraded,8.61129496830597,0.2850740111733432,True,False,False,vlp_only,8,8.5,0.5,0.9999326618731146,raw
64,s2_wifi_degraded,8.61129496830597,0.2850740111733432,True,False,False,static_fusion,8,8.5,0.5,0.6557273681854828,raw
65,s2_wifi_degraded,8.649656672908945,0.1829723899998202,True,False,False,wifi_only,9,9.5,0.5,0.742521789745816,raw
65,s2_wifi_degraded,8.649656672908945,0.1829723899998202,True,False,False,vlp_only,9,9.5,0.5,0.9999999999010003,raw
65,s2_wifi_degraded,8.649656672908945,0.1829723899998202,True,False,False,static_fusion,9,9.5,0.5,0.8712608948234082,raw
66,s2_wifi_degraded,8.433510539178341,0.5984305923139432,True,False,False,wifi_only,29,9.5,2.5,0.6366859830500569,raw
66,s2_wifi_degraded,8.433510539178341,0.5984305923139432,True,False,False,vlp_only,8,8.5,0.5,0.9999341848019679,raw
66,s2_wifi_degraded,8.433510539178341,0.5984305923139432,True,False,False,static_fusion,8,8.5,0.5,0.5049181606762896,raw
67,s2_wifi_degraded,8.390725265666473,0.8870681197350446,True,False,False,wifi_only,7,7.5,0.5,0.8722069504492211,raw
67,s2_wifi_degraded,8.390725265666473,0.8870681197350446,True,False,False,vlp_only,8,8.5,0.5,0.999995816368176,raw
67,s2_wifi_degraded,8.390725265666473,0.8870681197350446,True,False,False,static_fusion,8,8.5,0.5,0.5126341305656267,raw
68,s2_wifi_degraded,8.28586833451047,1.075450447649671,True,False,False,wifi_only,18,8.5,1.5,0.6451808911027161,raw
68,s2_wifi_degraded,8.28586833451047,1.075450447649671,True,False,False,vlp_only,18,8.5,1.5,0.999999999896866,raw
68,s2_wifi_degraded,8.28586833451047,1.075450447649671,True,False,False,static_fusion,18,8.5,1.5,0.822590445499791,raw
69,s2_wifi_degraded,8.00771188370768,1.2586421068158191,True,False,False,wifi_only,8,8.5,0.5,0.5031660240313641,raw
69,s2_wifi_degraded,8.00771188370768,1.2586421068158191,True,False,False,vlp_only,18,8.5,1.5,0.9999907303571354,raw
69,s2_wifi_degraded,8.00771188370768,1.2586421068158191,True,False,False,static_fusion,18,8.5,1.5,0.6909629056735009,raw
70,s2_wifi_degraded,7.876253087162693,1.4325757096206515,True,False,False,wifi_only,7,7.5,0.5,0.6712736417561848,raw
70,s2_wifi_degraded,7.876253087162693,1.4325757096206515,True,False,False,vlp_only,17,7.5,1.5,0.5054140325633849,raw
70,s2_wifi_degraded,7.876253087162693,1.4325757096206515,True,False,False,static_fusion,7,7.5,0.5,0.33563682087859237,raw
71,s2_wifi_degraded,7.764584357169141,1.783515740895847,True,False,False,wifi_only,18,8.5,1.5,0.40134753111223864,raw
71,s2_wifi_degraded,7.764584357169141,1.783515740895847,True,False,False,vlp_only,17,7.5,1.5,0.9999454441682358,raw
71,s2_wifi_degraded,7.764584357169141,1.783515740895847,True,False,False,static_fusion,17,7.5,1.5,0.5493165116244719,raw
72,s2_wifi_degraded,7.724461665749093,1.919199890822522,True,False,False,wifi_only,7,7.5,0.5,0.6919266570296129,raw
72,s2_wifi_degraded,7.724461665749093,1.919199890822522,True,False,False,vlp_only,17,7.5,1.5,0.9837002826224349,raw
72,s2_wifi_degraded,7.724461665749093,1.919199890822522,True,False,False,static_fusion,17,7.5,1.5,0.5084946634507969,raw
73,s2_wifi_degraded,7.434410446855592,2.196460502510213,False,False,False,wifi_only,26,6.5,2.5,0.21942856934698587,raw
73,s2_wifi_degraded,7.434410446855592,2.196460502510213,False,False,False,vlp_only,17,7.5,1.5,0.5148472386553189,raw
73,s2_wifi_degraded,7.434410446855592,2.196460502510213,False,False,False,static_fusion,27,7.5,2.5,0.2729051179433275,raw
74,s2_wifi_degraded,7.329501734941545,2.341512908882469,False,False,False,wifi_only,27,7.5,2.5,0.2537264610538032,raw
74,s2_wifi_degraded,7.329501734941545,2.341512908882469,False,False,False,vlp_only,27,7.5,2.5,0.9999996666335137,raw
74,s2_wifi_degraded,7.329501734941545,2.341512908882469,False,False,False,static_fusion,27,7.5,2.5,0.6268630638436585,raw
75,s2_wifi_degraded,7.071931175766185,2.639246667376174,False,False,False,wifi_only,6,6.5,0.5,0.4370511937215691,raw
75,s2_wifi_degraded,7.071931175766185,2.639246667376174,False,False,False,vlp_only,27,7.5,2.5,0.9999999999010002,raw
75,s2_wifi_degraded,7.071931175766185,2.639246667376174,False,False,False,static_fusion,27,7.5,2.5,0.518188192910407,raw
76,s2_wifi_degraded,6.978026390337671,2.8586906033898587,False,False,False,wifi_only,37,7.5,3.5,0.2435380991256897,raw
76,s2_wifi_degraded,6.978026390337671,2.8586906033898587,False,False,False,vlp_only,26,6.5,2.5,0.9999999995453406,raw
76,s2_wifi_degraded,6.978026390337671,2.8586906033898587,False,False,False,static_fusion,26,6.5,2.5,0.5595276244051962,raw
77,s2_wifi_degraded,7.056281076272732,3.07562739707137,False,False,False,wifi_only,25,5.5,2.5,0.16525526609874766,raw
77,s2_wifi_degraded,7.056281076272732,3.07562739707137,False,False,False,vlp_only,37,7.5,3.5,0.9999969215210675,raw
77,s2_wifi_degraded,7.056281076272732,3.07562739707137,False,False,False,static_fusion,37,7.5,3.5,0.5220758446798303,raw
78,s2_wifi_degraded,6.986478911581751,3.499417790512807,False,False,False,wifi_only,47,7.5,4.5,0.1667466885118972,raw
78,s2_wifi_degraded,6.986478911581751,3.499417790512807,False,False,False,vlp_only,37,7.5,3.5,0.9999999998993946,raw
78,s2_wifi_degraded,6.986478911581751,3.499417790512807,False,False,False,static_fusion,37,7.5,3.5,0.5274795562127709,raw
79,s2_wifi_degraded,7.059635179641974,3.643912026483358,False,False,False,wifi_only,36,6.5,3.5,0.17317971541661997,raw
79,s2_wifi_degraded,7.059635179641974,3.643912026483358,False,False,False,vlp_only,36,6.5,3.5,0.9999999999010002,raw
79,s2_wifi_degraded,7.059635179641974,3.643912026483358,False,False,False,static_fusion,36,6.5,3.5,0.5865898576588101,raw
80,s2_wifi_degraded,7.111230980212548,3.866216527347812,False,False,False,wifi_only,46,6.5,4.5,0.1584050388398316,raw
80,s2_wifi_degraded,7.111230980212548,3.866216527347812,False,False,False,vlp_only,36,6.5,3.5,0.9999999999010002,raw
80,s2_wifi_degraded,7.111230980212548,3.866216527347812,False,False,False,static_fusion,36,6.5,3.5,0.5671829472851578,raw
81,s2_wifi_degraded,7.093666462300226,4.151666727840037,False,False,False,wifi_only,46,6.5,4.5,0.1305031992490551,raw
81,s2_wifi_degraded,7.093666462300226,4.151666727840037,False,False,False,vlp_only,47,7.5,4.5,0.9999999999010002,raw
81,s2_wifi_degraded,7.093666462300226,4.151666727840037,False,False,False,static_fusion,47,7.5,4.5,0.5528858975713893,raw
82,s2_wifi_degraded,7.179940304559092,4.40982120831966,False,False,False,wifi_only,47,7.5,4.5,0.1682882280256494,raw
82,s2_wifi_degraded,7.179940304559092,4.40982120831966,False,False,False,vlp_only,47,7.5,4.5,0.9999999999010002,raw
82,s2_wifi_degraded,7.179940304559092,4.40982120831966,False,False,False,static_fusion,47,7.5,4.5,0.5841441139633248,raw
83,s2_wifi_degraded,7.389306456175779,4.728806808316636,False,False,False,wifi_only,36,6.5,3.5,0.1288141172065933,raw
83,s2_wifi_degraded,7.389306456175779,4.728806808316636,False,False,False,vlp_only,46,6.5,4.5,0.9070149109641537,raw
83,s2_wifi_degraded,7.389306456175779,4.728806808316636,False,False,False,static_fusion,46,6.5,4.5,0.4716901325056604,raw
84,s2_wifi_degraded,7.471099094223947,5.062300262899215,False,False,False,wifi_only,36,6.5,3.5,0.17847519026668615,raw
84,s2_wifi_degraded,7.471099094223947,5.062300262899215,False,False,False,vlp_only,59,9.5,5.5,0.9975619046450043,raw
84,s2_wifi_degraded,7.471099094223947,5.062300262899215,False,False,False,static_fusion,59,9.5,5.5,0.499561126751338,raw
85,s2_wifi_degraded,7.639476103338564,5.452330212055501,True,False,False,wifi_only,96,6.5,9.5,0.3414029803674537,raw
85,s2_wifi_degraded,7.639476103338564,5.452330212055501,True,False,False,vlp_only,57,7.5,5.5,0.9999999675382029,raw
85,s2_wifi_degraded,7.639476103338564,5.452330212055501,True,False,False,static_fusion,57,7.5,5.5,0.5000001934018871,raw
86,s2_wifi_degraded,7.590210281547375,5.578300437724326,True,False,False,wifi_only,59,9.5,5.5,0.3701901511445026,raw
86,s2_wifi_degraded,7.590210281547375,5.578300437724326,True,False,False,vlp_only,57,7.5,5.5,0.9999999933061245,raw
86,s2_wifi_degraded,7.590210281547375,5.578300437724326,True,False,False,static_fusion,57,7.5,5.5,0.5008898805448764,raw
87,s2_wifi_degraded,7.462795792010998,5.791477714093946,True,False,False,wifi_only,97,7.5,9.5,0.37614149533817515,raw
87,s2_wifi_degraded,7.462795792010998,5.791477714093946,True,False,False,vlp_only,57,7.5,5.5,0.9999999743868182,raw
87,s2_wifi_degraded,7.462795792010998,5.791477714093946,True,False,False,static_fusion,57,7.5,5.5,0.5000000073241823,raw
88,s2_wifi_degraded,7.440607753073426,5.980848219358611,True,False,False,wifi_only,49,9.5,4.5,0.24690682553037155,raw
88,s2_wifi_degraded,7.440607753073426,5.980848219358611,True,False,False,vlp_only,66,6.5,6.5,0.9999505253829674,raw
88,s2_wifi_degraded,7.440607753073426,5.980848219358611,True,False,False,static_fusion,66,6.5,6.5,0.4999826693097202,raw
89,s2_wifi_degraded,7.440906125309533,6.113793031097752,True,False,False,wifi_only,99,9.5,9.5,0.4536157742900624,raw
89,s2_wifi_degraded,7.440906125309533,6.113793031097752,True,False,False,vlp_only,66,6.5,6.5,0.99999988011367,raw
89,s2_wifi_degraded,7.440906125309533,6.113793031097752,True,False,False,static_fusion,66,6.5,6.5,0.5000002195523785,raw
90,s2_wifi_degraded,7.279806471044582,6.464561962588011,True,False,False,wifi_only,98,8.5,9.5,0.433145315981942,raw
90,s2_wifi_degraded,7.279806471044582,6.464561962588011,True,False,False,vlp_only,67,7.5,6.5,0.9999999999010001,raw
90,s2_wifi_degraded,7.279806471044582,6.464561962588011,True,False,False,static_fusion,67,7.5,6.5,0.5000023650784613,raw
91,s2_wifi_degraded,7.195775699002211,6.545903417221667,True,False,False,wifi_only,59,9.5,5.5,0.38799472509308425,raw
91,s2_wifi_degraded,7.195775699002211,6.545903417221667,True,False,False,vlp_only,67,7.5,6.5,0.9999999999010001,raw
91,s2_wifi_degraded,7.195775699002211,6.545903417221667,True,False,False,static_fusion,67,7.5,6.5,0.5001025310537687,raw
92,s2_wifi_degraded,7.071679731335141,6.664553875446808,True,False,False,wifi_only,65,5.5,6.5,0.24167468761059135,raw
92,s2_wifi_degraded,7.071679731335141,6.664553875446808,True,False,False,vlp_only,67,7.5,6.5,0.9999999999010001,raw
92,s2_wifi_degraded,7.071679731335141,6.664553875446808,True,False,False,static_fusion,67,7.5,6.5,0.5141672303127289,raw
93,s2_wifi_degraded,6.88601961932652,6.885266262387327,True,False,False,wifi_only,97,7.5,9.5,0.41200864798130366,raw
93,s2_wifi_degraded,6.88601961932652,6.885266262387327,True,False,False,vlp_only,76,6.5,7.5,0.999999990400233,raw
93,s2_wifi_degraded,6.88601961932652,6.885266262387327,True,False,False,static_fusion,76,6.5,7.5,0.5116843426718098,raw
94,s2_wifi_degraded,6.836265376227635,7.09347815473235,True,False,False,wifi_only,84,4.5,8.5,0.5591998334756425,raw
94,s2_wifi_degraded,6.836265376227635,7.09347815473235,True,False,False,vlp_only,76,6.5,7.5,0.9999999999010001,raw
94,s2_wifi_degraded,6.836265376227635,7.09347815473235,True,False,False,static_fusion,76,6.5,7.5,0.5000012014228274,raw
95,s2_wifi_degraded,6.749970613133377,7.2047970050942345,False,False,False,wifi_only,76,6.5,7.5,0.25882153964184307,raw
95,s2_wifi_degraded,6.749970613133377,7.2047970050942345,False,False,False,vlp_only,76,6.5,7.5,0.9999999999010001,raw
95,s2_wifi_degraded,6.749970613133377,7.2047970050942345,False,False,False,static_fusion,76,6.5,7.5,0.6294107697714215,raw
96,s2_wifi_degraded,6.520102407663193,7.416654680272662,False,False,False,wifi_only,87,7.5,8.5,0.18645907031051726,raw
96,s2_wifi_degraded,6.520102407663193,7.416654680272662,False,False,False,vlp_only,76,6.5,7.5,0.9999999999010001,raw
96,s2_wifi_degraded,6.520102407663193,7.416654680272662,False,False,False,static_fusion,76,6.5,7.5,0.5755452356514851,raw
97,s2_wifi_degraded,6.235078071420909,7.80527981884087,False,False,False,wifi_only,76,6.5,7.5,0.16886366719418067,raw
97,s2_wifi_degraded,6.235078071420909,7.80527981884087,False,False,False,vlp_only,76,6.5,7.5,0.9999999998847289,raw
97,s2_wifi_degraded,6.235078071420909,7.80527981884087,False,False,False,static_fusion,76,6.5,7.5,0.5844318335394547,raw
98,s2_wifi_degraded,5.98823397903378,7.93574951314563,False,False,False,wifi_only,97,7.5,9.5,0.3335010459553496,raw
98,s2_wifi_degraded,5.98823397903378,7.93574951314563,False,False,False,vlp_only,96,6.5,9.5,0.9999999999010001,raw
98,s2_wifi_degraded,5.98823397903378,7.93574951314563,False,False,False,static_fusion,96,6.5,9.5,0.5785932408833112,raw
99,s2_wifi_degraded,5.822657938153183,7.968265377624689,False,False,False,wifi_only,86,6.5,8.5,0.21627488178610008,raw
99,s2_wifi_degraded,5.822657938153183,7.968265377624689,False,False,False,vlp_only,85,5.5,8.5,0.9967911537101752,raw
99,s2_wifi_degraded,5.822657938153183,7.968265377624689,False,False,False,static_fusion,85,5.5,8.5,0.4990670059065654,raw
0,s2_wifi_degraded,8.548260044884431,3.875368266732585,False,False,False,wifi_only,27,7.5,2.5,0.18580036708006928,moving_average
0,s2_wifi_degraded,8.548260044884431,3.875368266732585,False,False,False,vlp_only,39,9.5,3.5,0.9999999999010002,moving_average
0,s2_wifi_degraded,8.548260044884431,3.875368266732585,False,False,False,static_fusion,39,9.5,3.5,0.5581480765890854,moving_average
1,s2_wifi_degraded,8.648647791547123,3.682160416153107,False,False,False,wifi_only,39,9.5,3.5,0.2296898678042685,moving_average
1,s2_wifi_degraded,8.648647791547123,3.682160416153107,False,False,False,vlp_only,39,9.5,3.5,0.9999999999010002,moving_average
1,s2_wifi_degraded,8.648647791547123,3.682160416153107,False,False,False,static_fusion,39,9.5,3.5,0.6148449338526344,moving_average
2,s2_wifi_degraded,8.904314502785434,3.314602216855924,False,False,False,wifi_only,38,8.5,3.5,0.22083153296097152,moving_average
2,s2_wifi_degraded,8.904314502785434,3.314602216855924,False,False,False,vlp_only,38,8.5,3.5,0.9999999999010002,moving_average
2,s2_wifi_degraded,8.904314502785434,3.314602216855924,False,False,False,static_fusion,38,8.5,3.5,0.6104157664309858,moving_average
3,s2_wifi_degraded,9.310389003930128,3.04167485894367,False,False,False,wifi_only,38,8.5,3.5,0.23015565595418083,moving_average
3,s2_wifi_degraded,9.310389003930128,3.04167485894367,False,False,False,vlp_only,38,8.5,3.5,0.9999999999010002,moving_average
3,s2_wifi_degraded,9.310389003930128,3.04167485894367,False,False,False,static_fusion,38,8.5,3.5,0.6150778279275905,moving_average
4,s2_wifi_degraded,9.706838327803332,2.8964874698404373,False,False,False,wifi_only,39,9.5,3.5,0.21669046381395948,moving_average
4,s2_wifi_degraded,9.706838327803332,2.8964874698404373,False,False,False,vlp_only,38,8.5,3.5,0.9999999999010002,moving_average
4,s2_wifi_degraded,9.706838327803332,2.8964874698404373,False,False,False,static_fusion,38,8.5,3.5,0.6046751646055606,moving_average
5,s2_wifi_degraded,9.41844096729231,2.900422758078939,False,False,False,wifi_only,27,7.5,2.5,0.19215646961596317,moving_average
5,s2_wifi_degraded,9.41844096729231,2.900422758078939,False,False,False,vlp_only,29,9.5,2.5,0.9895211465634538,moving_average
5,s2_wifi_degraded,9.41844096729231,2.900422758078939,False,False,False,static_fusion,29,9.5,2.5,0.5490432374299188,moving_average
6,s2_wifi_degraded,8.964378339140287,2.9597287260816096,False,False,False,wifi_only,28,8.5,2.5,0.24139488420360133,moving_average
6,s2_wifi_degraded,8.964378339140287,2.9597287260816096,False,False,False,vlp_only,29,9.5,2.5,0.9999999999010002,moving_average
6,s2_wifi_degraded,8.964378339140287,2.9597287260816096,False,False,False,static_fusion,29,9.5,2.5,0.5956215686194111,moving_average
7,s2_wifi_degraded,8.774353844140126,3.131454780222936,False,False,False,wifi_only,39,9.5,3.5,0.1911425978383467,moving_average
7,s2_wifi_degraded,8.774353844140126,3.131454780222936,False,False,False,vlp_only,29,9.5,2.5,0.9999999999010002,moving_average
7,s2_wifi_degraded,8.774353844140126,3.131454780222936,False,False,False,static_fusion,29,9.5,2.5,0.5639167327997753,moving_average
8,s2_wifi_degraded,8.418152736801511,3.188810020474088,False,False,False,wifi_only,27,7.5,2.5,0.2370849080412333,moving_average
8,s2_wifi_degraded,8.418152736801511,3.188810020474088,False,False,False,vlp_only,29,9.5,2.5,0.9999999999008926,moving_average
8,s2_wifi_degraded,8.418152736801511,3.188810020474088,False,False,False,static_fusion,29,9.5,2.5,0.5400544881173865,moving_average
9,s2_wifi_degraded,8.165062128503568,3.3554638975618585,False,False,False,wifi_only,27,7.5,2.5,0.24132673335889998,moving_average
9,s2_wifi_degraded,8.165062128503568,3.3554638975618585,False,False,False,vlp_only,38,8.5,3.5,0.9919039978163234,moving_average
9,s2_wifi_degraded,8.165062128503568,3.3554638975618585,False,False,False,static_fusion,38,8.5,3.5,0.5864446166645987,moving_average
10,s2_wifi_degraded,8.047852018915972,3.3896047138916883,True,False,False,wifi_only,37,7.5,3.5,0.19032662326690483,moving_average
10,s2_wifi_degraded,8.047852018915972,3.3896047138916883,True,False,False,vlp_only,38,8.5,3.5,0.9999999997861341,moving_average
10,s2_wifi_degraded,8.047852018915972,3.3896047138916883,True,False,False,static_fusion,38,8.5,3.5,0.595004154735533,moving_average
11,s2_wifi_degraded,7.628992597812742,3.5120336380508936,True,False,False,wifi_only,26,6.5,2.5,0.1748883732015074,moving_average
11,s2_wifi_degraded,7.628992597812742,3.5120336380508936,True,False,False,vlp_only,38,8.5,3.5,0.9990933693320309,moving_average
11,s2_wifi_degraded,7.628992597812742,3.5120336380508936,True,False,False,static_fusion,38,8.5,3.5,0.5460613902343086,moving_average
12,s2_wifi_degraded,7.264240580596287,3.551955010215912,True,False,False,wifi_only,36,6.5,3.5,0.19087119920001794,moving_average
12,s2_wifi_degraded,7.264240580596287,3.551955010215912,True,False,False,vlp_only,37,7.5,3.5,0.9995215699747693,moving_average
12,s2_wifi_degraded,7.264240580596287,3.551955010215912,True,False,False,static_fusion,37,7.5,3.5,0.5755473640076196,moving_average
13,s2_wifi_degraded,6.807654944686304,3.3798711617406227,True,False,False,wifi_only,36,6.5,3.5,0.20527356441977648,moving_average
13,s2_wifi_degraded,6.807654944686304,3.3798711617406227,True,False,False,vlp_only,37,7.5,3.5,0.9999999998981752,moving_average
13,s2_wifi_degraded,6.807654944686304,3.3798711617406227,True,False,False,static_fusion,37,7.5,3.5,0.5709162771689443,moving_average
14,s2_wifi_degraded,6.644376635151973,3.2678225998295574,True,False,False,wifi_only,35,5.5,3.5,0.19477103327669046,moving_average
14,s2_wifi_degraded,6.644376635151973,3.2678225998295574,True,False,False,vlp_only,37,7.5,3.5,0.9999999999010002,moving_average
14,s2_wifi_degraded,6.644376635151973,3.2678225998295574,True,False,False,static_fusion,37,7.5,3.5,0.5040292640591456,moving_average
15,s2_wifi_degraded,6.164360277507891,3.220123101722137,True,False,False,wifi_only,34,4.5,3.5,0.17396431222914682,moving_average
15,s2_wifi_degraded,6.164360277507891,3.220123101722137,True,False,False,vlp_only,37,7.5,3.5,0.9999999998521997,moving_average
15,s2_wifi_degraded,6.164360277507891,3.220123101722137,True,False,False,static_fusion,37,7.5,3.5,0.5000384299484677,moving_average
16,s2_wifi_degraded,5.921670782647944,3.170353913208966,True,False,False,wifi_only,34,4.5,3.5,0.17965069677792744,moving_average
16,s2_wifi_degraded,5.921670782647944,3.170353913208966,True,False,False,vlp_only,36,6.5,3.5,0.9999999999010002,moving_average
16,s2_wifi_degraded,5.921670782647944,3.170353913208966,True,False,False,static_fusion,36,6.5,3.5,0.5028143427589382,moving_average
17,s2_wifi_degraded,5.679154300480839,2.9818995639648525,True,False,False,wifi_only,24,4.5,2.5,0.16141744395369642,moving_average
17,s2_wifi_degraded,5.679154300480839,2.9818995639648525,True,False,False,vlp_only,36,6.5,3.5,0.9999999999010002,moving_average
17,s2_wifi_degraded,5.679154300480839,2.9818995639648525,True,False,False,static_fusion,36,6.5,3.5,0.5133366387591188,moving_average
18,s2_wifi_degraded,5.40719635144305,2.708371836226452,True,False,False,wifi_only,33,3.5,3.5,0.11345221991741453,moving_average
18,s2_wifi_degraded,5.40719635144305,2.708371836226452,True,False,False,vlp_only,36,6.5,3.5,0.9999999999010002,moving_average
18,s2_wifi_degraded,5.40719635144305,2.708371836226452,True,False,False,static_fusion,36,6.5,3.5,0.5001783551149405,moving_average
19,s2_wifi_degraded,5.231798982702207,2.4839699101632213,True,False,False,wifi_only,4,4.5,0.5,0.31721821503911957,moving_average
19,s2_wifi_degraded,5.231798982702207,2.4839699101632213,True,False,False,vlp_only,25,5.5,2.5,0.9999999999010002,moving_average
19,s2_wifi_degraded,5.231798982702207,2.4839699101632213,True,False,False,static_fusion,25,5.5,2.5,0.5246500293889556,moving_average
20,s2_wifi_degraded,5.28923634607891,2.192766390499288,False,False,False,wifi_only,5,5.5,0.5,0.246050326805423,moving_average
20,s2_wifi_degraded,5.28923634607891,2.192766390499288,False,False,False,vlp_only,25,5.5,2.5,0.9999999999010002,moving_average
20,s2_wifi_degraded,5.28923634607891,2.192766390499288,False,False,False,static_fusion,25,5.5,2.5,0.5330134206047228,moving_average
21,s2_wifi_degraded,5.38054459804343,2.090291333531373,False,False,False,wifi_only,4,4.5,0.5,0.28625410701474635,moving_average
21,s2_wifi_degraded,5.38054459804343,2.090291333531373,False,False,False,vlp_only,25,5.5,2.5,0.9999999991194464,moving_average
21,s2_wifi_degraded,5.38054459804343,2.090291333531373,False,False,False,static_fusion,25,5.5,2.5,0.5258901537346874,moving_average
22,s2_wifi_degraded,5.395660287878729,1.904575277898607,False,False,False,wifi_only,4,4.5,0.5,0.3419316441043281,moving_average
22,s2_wifi_degraded,5.395660287878729,1.904575277898607,False,False,False,vlp_only,25,5.5,2.5,0.999640791963593,moving_average
22,s2_wifi_degraded,5.395660287878729,1.904575277898607,False,False,False,static_fusion,25,5.5,2.5,0.5094825309408789,moving_average
23,s2_wifi_degraded,5.346981386445022,1.7399481748937806,False,False,False,wifi_only,5,5.5,0.5,0.2225290015771075,moving_average
23,s2_wifi_degraded,5.346981386445022,1.7399481748937806,False,False,False,vlp_only,15,5.5,1.5,0.6014936594290063,moving_average
23,s2_wifi_degraded,5.346981386445022,1.7399481748937806,False,False,False,static_fusion,15,5.5,1.5,0.40568338123713565,moving_average
24,s2_wifi_degraded,5.356397214861652,1.3990305548570758,False,False,False,wifi_only,15,5.5,1.5,0.20539230600872813,moving_average
24,s2_wifi_degraded,5.356397214861652,1.3990305548570758,False,False,False,vlp_only,15,5.5,1.5,0.999949445558225,moving_average
24,s2_wifi_degraded,5.356397214861652,1.3990305548570758,False,False,False,static_fusion,15,5.5,1.5,0.6026708757834766,moving_average
25,s2_wifi_degraded,5.55511192506875,1.1971395250192285,False,False,False,wifi_only,25,5.5,2.5,0.1931761710981311,moving_average
25,s2_wifi_degraded,5.55511192506875,1.1971395250192285,False,False,False,vlp_only,15,5.5,1.5,0.999999924117937,moving_average
25,s2_wifi_degraded,5.55511192506875,1.1971395250192285,False,False,False,static_fusion,15,5.5,1.5,0.575267176089505,moving_average
26,s2_wifi_degraded,5.644488914276651,1.1264421585125568,False,False,False,wifi_only,25,5.5,2.5,0.1940095400219031,moving_average
26,s2_wifi_degraded,5.644488914276651,1.1264421585125568,False,False,False,vlp_only,15,5.5,1.5,0.9999999994317536,moving_average
26,s2_wifi_degraded,5.644488914276651,1.1264421585125568,False,False,False,static_fusion,15,5.5,1.5,0.5945000651433037,moving_average
27,s2_wifi_degraded,5.99191614365339,0.7779056103368667,False,False,False,wifi_only,25,5.5,2.5,0.1851359930100493,moving_average
27,s2_wifi_degraded,5.99191614365339,0.7779056103368667,False,False,False,vlp_only,15,5.5,1.5,0.9999999998995488,moving_average
27,s2_wifi_degraded,5.99191614365339,0.7779056103368667,False,False,False,static_fusion,15,5.5,1.5,0.579509491751919,moving_average
28,s2_wifi_degraded,6.3719359824611015,0.5133126785859624,False,False,False,wifi_only,25,5.5,2.5,0.15221128200590353,moving_average
28,s2_wifi_degraded,6.3719359824611015,0.5133126785859624,False,False,False,vlp_only,15,5.5,1.5,0.9999999999010003,moving_average
28,s2_wifi_degraded,6.3719359824611015,0.5133126785859624,False,False,False,static_fusion,15,5.5,1.5,0.5630204066055731,moving_average
29,s2_wifi_degraded,6.642725720701172,0.2610300095402053,False,False,False,wifi_only,15,5.5,1.5,0.2001852240552687,moving_average
29,s2_wifi_degraded,6.642725720701172,0.2610300095402053,False,False,False,vlp_only,6,6.5,0.5,0.9999999999010003,moving_average
29,s2_wifi_degraded,6.642725720701172,0.2610300095402053,False,False,False,static_fusion,6,6.5,0.5,0.5245952081384547,moving_average
30,s2_wifi_degraded,6.746242668239441,0.1917048919949815,False,False,False,wifi_only,6,6.5,0.5,0.19462872455322433,moving_average
30,s2_wifi_degraded,6.746242668239441,0.1917048919949815,False,False,False,vlp_only,6,6.5,0.5,0.9999999999010003,moving_average
30,s2_wifi_degraded,6.746242668239441,0.1917048919949815,False,False,False,static_fusion,6,6.5,0.5,0.5973143622271123,moving_average
31,s2_wifi_degraded,6.356442515941112,0.4369455288091974,False,False,False,wifi_only,6,6.5,0.5,0.24150564471545571,moving_average
31,s2_wifi_degraded,6.356442515941112,0.4369455288091974,False,False,False,vlp_only,6,6.5,0.5,0.9999999999010003,moving_average
31,s2_wifi_degraded,6.356442515941112,0.4369455288091974,False,False,False,static_fusion,6,6.5,0.5,0.6207528223082279,moving_average
32,s2_wifi_degraded,6.090439232524188,0.6864641265250186,False,False,False,wifi_only,6,6.5,0.5,0.35980651324159185,moving_average
32,s2_wifi_degraded,6.090439232524188,0.6864641265250186,False,False,False,vlp_only,6,6.5,0.5,0.9999999999010003,moving_average
32,s2_wifi_degraded,6.090439232524188,0.6864641265250186,False,False,False,static_fusion,6,6.5,0.5,0.6799032565712961,moving_average
33,s2_wifi_degraded,5.949226125977861,0.8518939098654703,False,False,False,wifi_only,6,6.5,0.5,0.31030926944276793,moving_average
33,s2_wifi_degraded,5.949226125977861,0.8518939098654703,False,False,False,vlp_only,6,6.5,0.5,0.9999999999010003,moving_average
33,s2_wifi_degraded,5.949226125977861,0.8518939098654703,False,False,False,static_fusion,6,6.5,0.5,0.6551546346718842,moving_average
34,s2_wifi_degraded,5.8095047430555145,1.1091466717902831,False,False,False,wifi_only,16,6.5,1.5,0.18602247365228697,moving_average
34,s2_wifi_degraded,5.8095047430555145,1.1091466717902831,False,False,False,vlp_only,6,6.5,0.5,0.9999999999010003,moving_average
34,s2_wifi_degraded,5.8095047430555145,1.1091466717902831,False,False,False,static_fusion,6,6.5,0.5,0.5875863865665848,moving_average
35,s2_wifi_degraded,5.579978519259318,1.272432489793561,True,False,False,wifi_only,6,6.5,0.5,0.24355265748591773,moving_average
35,s2_wifi_degraded,5.579978519259318,1.272432489793561,True,False,False,vlp_only,6,6.5,0.5,0.9999999097244088,moving_average
35,s2_wifi_degraded,5.579978519259318,1.272432489793561,True,False,False,static_fusion,6,6.5,0.5,0.6217762836051632,moving_average
36,s2_wifi_degraded,5.338528190625762,1.3036592905789073,True,False,False,wifi_only,5,5.5,0.5,0.21924659812351158,moving_average
36,s2_wifi_degraded,5.338528190625762,1.3036592905789073,True,False,False,vlp_only,15,5.5,1.5,0.9999999999010003,moving_average
36,s2_wifi_degraded,5.338528190625762,1.3036592905789073,True,False,False,static_fusion,15,5.5,1.5,0.6054771049874971,moving_average
37,s2_wifi_degraded,4.912072310282084,1.4157812756540196,True,False,False,wifi_only,5,5.5,0.5,0.38913652171427476,moving_average
37,s2_wifi_degraded,4.912072310282084,1.4157812756540196,True,False,False,vlp_only,15,5.5,1.5,0.9999999999010003,moving_average
37,s2_wifi_degraded,4.912072310282084,1.4157812756540196,True,False,False,static_fusion,15,5.5,1.5,0.6038860332777718,moving_average
38,s2_wifi_degraded,4.826303961432351,1.586236364932186,True,False,False,wifi_only,4,4.5,0.5,0.39837409037918636,moving_average
38,s2_wifi_degraded,4.826303961432351,1.586236364932186,True,False,False,vlp_only,15,5.5,1.5,0.9999999998990858,moving_average
38,s2_wifi_degraded,4.826303961432351,1.586236364932186,True,False,False,static_fusion,15,5.5,1.5,0.5401925073356203,moving_average
39,s2_wifi_degraded,4.8018178978276085,1.8759997678234683,True,False,False,wifi_only,4,4.5,0.5,0.4391305114874984,moving_average
39,s2_wifi_degraded,4.8018178978276085,1.8759997678234683,True,False,False,vlp_only,5,5.5,0.5,0.9998595070374692,moving_average
39,s2_wifi_degraded,4.8018178978276085,1.8759997678234683,True,False,False,static_fusion,5,5.5,0.5,0.517654876625194,moving_average
40,s2_wifi_degraded,4.769561461430565,2.1910721381589235,True,False,False,wifi_only,4,4.5,0.5,0.2648069252241761,moving_average
40,s2_wifi_degraded,4.769561461430565,2.1910721381589235,True,False,False,vlp_only,4,4.5,0.5,0.9978802173928581,moving_average
40,s2_wifi_degraded,4.769561461430565,2.1910721381589235,True,False,False,static_fusion,4,4.5,0.5,0.6313435713085171,moving_average
41,s2_wifi_degraded,4.525918490013359,2.572296491893161,True,False,False,wifi_only,4,4.5,0.5,0.22472882355767668,moving_average
41,s2_wifi_degraded,4.525918490013359,2.572296491893161,True,False,False,vlp_only,14,4.5,1.5,0.887746048508466,moving_average
41,s2_wifi_degraded,4.525918490013359,2.572296491893161,True,False,False,static_fusion,14,4.5,1.5,0.5260153273891248,moving_average
42,s2_wifi_degraded,4.603145206950584,2.691606464543516,True,False,False,wifi_only,34,4.5,3.5,0.10851755360372155,moving_average
42,s2_wifi_degraded,4.603145206950584,2.691606464543516,True,False,False,vlp_only,24,4.5,2.5,0.9997171327836293,moving_average
42,s2_wifi_degraded,4.603145206950584,2.691606464543516,True,False,False,static_fusion,24,4.5,2.5,0.5179315262950317,moving_average
43,s2_wifi_degraded,4.636858519470941,2.83301729155527,True,False,False,wifi_only,43,3.5,4.5,0.09901475485231591,moving_average
43,s2_wifi_degraded,4.636858519470941,2.83301729155527,True,False,False,vlp_only,24,4.5,2.5,0.9999999654670713,moving_average
43,s2_wifi_degraded,4.636858519470941,2.83301729155527,True,False,False,static_fusion,24,4.5,2.5,0.511529073943186,moving_average
44,s2_wifi_degraded,4.734121569139968,3.1877348970907184,True,False,False,wifi_only,34,4.5,3.5,0.16638972546180597,moving_average
44,s2_wifi_degraded,4.734121569139968,3.1877348970907184,True,False,False,vlp_only,24,4.5,2.5,0.9999999999010002,moving_average
44,s2_wifi_degraded,4.734121569139968,3.1877348970907184,True,False,False,static_fusion,24,4.5,2.5,0.5375101751407282,moving_average
45,s2_wifi_degraded,4.820450082367587,3.2794971977323337,True,False,False,wifi_only,60,0.5,6.5,0.16652665208993295,moving_average
45,s2_wifi_degraded,4.820450082367587,3.2794971977323337,True,False,False,vlp_only,34,4.5,3.5,0.9872117699308629,moving_average
45,s2_wifi_degraded,4.820450082367587,3.2794971977323337,True,False,False,static_fusion,34,4.5,3.5,0.5110603467064111,moving_average
46,s2_wifi_degraded,5.062857013263392,3.3252726841438496,True,False,False,wifi_only,44,4.5,4.5,0.08894121742932216,moving_average
46,s2_wifi_degraded,5.062857013263392,3.3252726841438496,True,False,False,vlp_only,34,4.5,3.5,0.9999999999010002,moving_average
46,s2_wifi_degraded,5.062857013263392,3.3252726841438496,True,False,False,static_fusion,34,4.5,3.5,0.5297367216308736,moving_average
47,s2_wifi_degraded,5.223527674927983,3.3636079119505795,True,False,False,wifi_only,43,3.5,4.5,0.11106022509010802,moving_average
47,s2_wifi_degraded,5.223527674927983,3.3636079119505795,True,False,False,vlp_only,34,4.5,3.5,0.9999999999010002,moving_average
47,s2_wifi_degraded,5.223527674927983,3.3636079119505795,True,False,False,static_fusion,34,4.5,3.5,0.5434484007193072,moving_average
48,s2_wifi_degraded,5.715643126853525,3.4347811219492,True,False,False,wifi_only,25,5.5,2.5,0.1812052528180939,moving_average
48,s2_wifi_degraded,5.715643126853525,3.4347811219492,True,False,False,vlp_only,35,5.5,3.5,0.9999999999010002,moving_average
48,s2_wifi_degraded,5.715643126853525,3.4347811219492,True,False,False,static_fusion,35,5.5,3.5,0.5617491856170644,moving_average
49,s2_wifi_degraded,6.036475943181564,3.33849425496013,True,False,False,wifi_only,35,5.5,3.5,0.14529110844741958,moving_average
49,s2_wifi_degraded,6.036475943181564,3.33849425496013,True,False,False,vlp_only,35,5.5,3.5,0.9999999999010002,moving_average
49,s2_wifi_degraded,6.036475943181564,3.33849425496013,True,False,False,static_fusion,35,5.5,3.5,0.5726455541742099,moving_average
50,s2_wifi_degraded,6.26597077792921,3.2310160910129526,False,False,False,wifi_only,25,5.5,2.5,0.16890613300975424,moving_average
50,s2_wifi_degraded,6.26597077792921,3.2310160910129526,False,False,False,vlp_only,35,5.5,3.5,0.9999968596467965,moving_average
50,s2_wifi_degraded,6.26597077792921,3.2310160910129526,False,False,False,static_fusion,35,5.5,3.5,0.5702793968866423,moving_average
51,s2_wifi_degraded,6.557154939381723,3.0499936079927075,False,False,False,wifi_only,25,5.5,2.5,0.1423191804179017,moving_average
51,s2_wifi_degraded,6.557154939381723,3.0499936079927075,False,False,False,vlp_only,36,6.5,3.5,0.887828334642104,moving_average
51,s2_wifi_degraded,6.557154939381723,3.0499936079927075,False,False,False,static_fusion,36,6.5,3.5,0.4988198618161294,moving_average
52,s2_wifi_degraded,6.7452470995562726,2.868494108966797,False,False,False,wifi_only,26,6.5,2.5,0.1502089757226389,moving_average
52,s2_wifi_degraded,6.7452470995562726,2.868494108966797,False,False,False,vlp_only,36,6.5,3.5,0.9999999999010002,moving_average
52,s2_wifi_degraded,6.7452470995562726,2.868494108966797,False,False,False,static_fusion,36,6.5,3.5,0.5513005288375875,moving_average
53,s2_wifi_degraded,6.89633119872926,2.646701910339533,False,False,False,wifi_only,36,6.5,3.5,0.1747853538617558,moving_average
53,s2_wifi_degraded,6.89633119872926,2.646701910339533,False,False,False,vlp_only,26,6.5,2.5,0.9999999999010002,moving_average
53,s2_wifi_degraded,6.89633119872926,2.646701910339533,False,False,False,static_fusion,26,6.5,2.5,0.5597964595907777,moving_average
54,s2_wifi_degraded,7.093839490462012,2.230395250989873,False,False,False,wifi_only,37,7.5,3.5,0.20351599513712232,moving_average
54,s2_wifi_degraded,7.093839490462012,2.230395250989873,False,False,False,vlp_only,26,6.5,2.5,0.9999999999010002,moving_average
54,s2_wifi_degraded,7.093839490462012,2.230395250989873,False,False,False,static_fusion,26,6.5,2.5,0.5770459943682054,moving_average
55,s2_wifi_degraded,7.327799421114381,2.083866639869165,False,False,False,wifi_only,26,6.5,2.5,0.17125959040204292,moving_average
55,s2_wifi_degraded,7.327799421114381,2.083866639869165,False,False,False,vlp_only,26,6.5,2.5,0.9999999999010002,moving_average
55,s2_wifi_degraded,7.327799421114381,2.083866639869165,False,False,False,static_fusion,26,6.5,2.5,0.5856297951515216,moving_average
56,s2_wifi_degraded,7.4404788553418495,2.0885416935474934,False,False,False,wifi_only,16,6.5,1.5,0.21239454857461287,moving_average
56,s2_wifi_degraded,7.4404788553418495,2.0885416935474934,False,False,False,vlp_only,27,7.5,2.5,0.9999999776704444,moving_average
56,s2_wifi_degraded,7.4404788553418495,2.0885416935474934,False,False,False,static_fusion,27,7.5,2.5,0.566248299040191,moving_average
57,s2_wifi_degraded,7.579211275373233,2.0714456103345764,False,False,False,wifi_only,16,6.5,1.5,0.21489448067078887,moving_average
57,s2_wifi_degraded,7.579211275373233,2.0714456103345764,False,False,False,vlp_only,27,7.5,2.5,0.9999509706832473,moving_average
57,s2_wifi_degraded,7.579211275373233,2.0714456103345764,False,False,False,static_fusion,27,7.5,2.5,0.5834409305573156,moving_average
58,s2_wifi_degraded,7.844337613028887,1.6670430401807117,False,False,False,wifi_only,27,7.5,2.5,0.25355710970539763,moving_average
58,s2_wifi_degraded,7.844337613028887,1.6670430401807117,False,False,False,vlp_only,17,7.5,1.5,0.899923106630381,moving_average
58,s2_wifi_degraded,7.844337613028887,1.6670430401807117,False,False,False,static_fusion,17,7.5,1.5,0.4984182628471909,moving_average
59,s2_wifi_degraded,7.979950544975631,1.4630004361001532,False,False,False,wifi_only,17,7.5,1.5,0.2422303490172479,moving_average
59,s2_wifi_degraded,7.979950544975631,1.4630004361001532,False,False,False,vlp_only,17,7.5,1.5,0.9999950785712818,moving_average
59,s2_wifi_degraded,7.979950544975631,1.4630004361001532,False,False,False,static_fusion,17,7.5,1.5,0.6211127137942649,moving_average
60,s2_wifi_degraded,8.127206923732981,1.3162437323059886,True,False,False,wifi_only,17,7.5,1.5,0.4579923356457831,moving_average
60,s2_wifi_degraded,8.127206923732981,1.3162437323059886,True,False,False,vlp_only,17,7.5,1.5,0.9999998213002983,moving_average
60,s2_wifi_degraded,8.127206923732981,1.3162437323059886,True,False,False,static_fusion,17,7.5,1.5,0.7289960784730407,moving_average
61,s2_wifi_degraded,8.189098931075993,1.1020139318013231,True,False,False,wifi_only,17,7.5,1.5,0.41470773379316656,moving_average
61,s2_wifi_degraded,8.189098931075993,1.1020139318013231,True,False,False,vlp_only,17,7.5,1.5,0.935720899353176,moving_average
61,s2_wifi_degraded,8.189098931075993,1.1020139318013231,True,False,False,static_fusion,17,7.5,1.5,0.6752143165731712,moving_average
62,s2_wifi_degraded,8.244559866287215,0.9834290739202508,True,False,False,wifi_only,18,8.5,1.5,0.4468698788473007,moving_average
62,s2_wifi_degraded,8.244559866287215,0.9834290739202508,True,False,False,vlp_only,18,8.5,1.5,0.9655067824400663,moving_average
62,s2_wifi_degraded,8.244559866287215,0.9834290739202508,True,False,False,static_fusion,18,8.5,1.5,0.7061883306436834,moving_average
63,s2_wifi_degraded,8.469449233099015,0.5380851752887181,True,False,False,wifi_only,18,8.5,1.5,0.4390254452957861,moving_average
63,s2_wifi_degraded,8.469449233099015,0.5380851752887181,True,False,False,vlp_only,18,8.5,1.5,0.9999519417161284,moving_average
63,s2_wifi_degraded,8.469449233099015,0.5380851752887181,True,False,False,static_fusion,18,8.5,1.5,0.7194886935059571,moving_average
64,s2_wifi_degraded,8.61129496830597,0.2850740111733432,True,False,False,wifi_only,18,8.5,1.5,0.47720987380672963,moving_average
64,s2_wifi_degraded,8.61129496830597,0.2850740111733432,True,False,False,vlp_only,8,8.5,0.5,0.9918013479745528,moving_average
64,s2_wifi_degraded,8.61129496830597,0.2850740111733432,True,False,False,static_fusion,8,8.5,0.5,0.6454745047304044,moving_average
65,s2_wifi_degraded,8.649656672908945,0.1829723899998202,True,False,False,wifi_only,8,8.5,0.5,0.26090154032399354,moving_average
65,s2_wifi_degraded,8.649656672908945,0.1829723899998202,True,False,False,vlp_only,8,8.5,0.5,0.999883700248439,moving_average
65,s2_wifi_degraded,8.649656672908945,0.1829723899998202,True,False,False,static_fusion,8,8.5,0.5,0.630392620286216,moving_average
66,s2_wifi_degraded,8.433510539178341,0.5984305923139432,True,False,False,wifi_only,9,9.5,0.5,0.35347333506242834,moving_average
66,s2_wifi_degraded,8.433510539178341,0.5984305923139432,True,False,False,vlp_only,8,8.5,0.5,0.9999254242858236,moving_average
66,s2_wifi_degraded,8.433510539178341,0.5984305923139432,True,False,False,static_fusion,8,8.5,0.5,0.6118132724947168,moving_average
67,s2_wifi_degraded,8.390725265666473,0.8870681197350446,True,False,False,wifi_only,9,9.5,0.5,0.24579197991683163,moving_average
67,s2_wifi_degraded,8.390725265666473,0.8870681197350446,True,False,False,vlp_only,8,8.5,0.5,0.9999979320483694,moving_average
67,s2_wifi_degraded,8.390725265666473,0.8870681197350446,True,False,False,static_fusion,8,8.5,0.5,0.5999918086883751,moving_average
68,s2_wifi_degraded,8.28586833451047,1.075450447649671,True,False,False,wifi_only,8,8.5,0.5,0.3922881014387368,moving_average
68,s2_wifi_degraded,8.28586833451047,1.075450447649671,True,False,False,vlp_only,8,8.5,0.5,0.9999940347080387,moving_average
68,s2_wifi_degraded,8.28586833451047,1.075450447649671,True,False,False,static_fusion,8,8.5,0.5,0.6961410680733875,moving_average
69,s2_wifi_degraded,8.00771188370768,1.2586421068158191,True,False,False,wifi_only,8,8.5,0.5,0.4053106182282964,moving_average
69,s2_wifi_degraded,8.00771188370768,1.2586421068158191,True,False,False,vlp_only,8,8.5,0.5,0.9999671917825205,moving_average
69,s2_wifi_degraded,8.00771188370768,1.2586421068158191,True,False,False,static_fusion,8,8.5,0.5,0.7026389050054083,moving_average
70,s2_wifi_degraded,7.876253087162693,1.4325757096206515,True,False,False,wifi_only,8,8.5,0.5,0.5128887200806678,moving_average
70,s2_wifi_degraded,7.876253087162693,1.4325757096206515,True,False,False,vlp_only,18,8.5,1.5,0.9999999495739448,moving_average
70,s2_wifi_degraded,7.876253087162693,1.4325757096206515,True,False,False,static_fusion,18,8.5,1.5,0.6071588340803943,moving_average
71,s2_wifi_degraded,7.764584357169141,1.783515740895847,True,False,False,wifi_only,8,8.5,0.5,0.5697760250807726,moving_average
71,s2_wifi_degraded,7.764584357169141,1.783515740895847,True,False,False,vlp_only,18,8.5,1.5,0.9999604125792654,moving_average
71,s2_wifi_degraded,7.764584357169141,1.783515740895847,True,False,False,static_fusion,18,8.5,1.5,0.6289366084414816,moving_average
72,s2_wifi_degraded,7.724461665749093,1.919199890822522,True,False,False,wifi_only,8,8.5,0.5,0.5408941574528793,moving_average
72,s2_wifi_degraded,7.724461665749093,1.919199890822522,True,False,False,vlp_only,18,8.5,1.5,0.9317187363585452,moving_average
72,s2_wifi_degraded,7.724461665749093,1.919199890822522,True,False,False,static_fusion,18,8.5,1.5,0.5914006781091651,moving_average
73,s2_wifi_degraded,7.434410446855592,2.196460502510213,False,False,False,wifi_only,7,7.5,0.5,0.6506001858714643,moving_average
73,s2_wifi_degraded,7.434410446855592,2.196460502510213,False,False,False,vlp_only,17,7.5,1.5,0.9999673277408249,moving_average
73,s2_wifi_degraded,7.434410446855592,2.196460502510213,False,False,False,static_fusion,17,7.5,1.5,0.6397791537075348,moving_average
74,s2_wifi_degraded,7.329501734941545,2.341512908882469,False,False,False,wifi_only,7,7.5,0.5,0.43742825906040295,moving_average
74,s2_wifi_degraded,7.329501734941545,2.341512908882469,False,False,False,vlp_only,17,7.5,1.5,0.9994061513686668,moving_average
74,s2_wifi_degraded,7.329501734941545,2.341512908882469,False,False,False,static_fusion,17,7.5,1.5,0.613664532847744,moving_average
75,s2_wifi_degraded,7.071931175766185,2.639246667376174,False,False,False,wifi_only,7,7.5,0.5,0.3058418609822193,moving_average
75,s2_wifi_degraded,7.071931175766185,2.639246667376174,False,False,False,vlp_only,27,7.5,2.5,0.9989594210311876,moving_average
75,s2_wifi_degraded,7.071931175766185,2.639246667376174,False,False,False,static_fusion,27,7.5,2.5,0.5461200014887698,moving_average
76,s2_wifi_degraded,6.978026390337671,2.8586906033898587,False,False,False,wifi_only,6,6.5,0.5,0.26876274986786414,moving_average
76,s2_wifi_degraded,6.978026390337671,2.8586906033898587,False,False,False,vlp_only,27,7.5,2.5,0.999999988142891,moving_average
76,s2_wifi_degraded,6.978026390337671,2.8586906033898587,False,False,False,static_fusion,27,7.5,2.5,0.5725775762717187,moving_average
77,s2_wifi_degraded,7.056281076272732,3.07562739707137,False,False,False,wifi_only,26,6.5,2.5,0.20808189885470152,moving_average
77,s2_wifi_degraded,7.056281076272732,3.07562739707137,False,False,False,vlp_only,27,7.5,2.5,0.9999999999010002,moving_average
77,s2_wifi_degraded,7.056281076272732,3.07562739707137,False,False,False,static_fusion,27,7.5,2.5,0.5543628437865248,moving_average
78,s2_wifi_degraded,6.986478911581751,3.499417790512807,False,False,False,wifi_only,26,6.5,2.5,0.1973547275428498,moving_average
78,s2_wifi_degraded,6.986478911581751,3.499417790512807,False,False,False,vlp_only,26,6.5,2.5,0.9806546277176967,moving_average
78,s2_wifi_degraded,6.986478911581751,3.499417790512807,False,False,False,static_fusion,26,6.5,2.5,0.5890046776302732,moving_average
79,s2_wifi_degraded,7.059635179641974,3.643912026483358,False,False,False,wifi_only,26,6.5,2.5,0.1881587982333158,moving_average
79,s2_wifi_degraded,7.059635179641974,3.643912026483358,False,False,False,vlp_only,37,7.5,3.5,0.9999999999010002,moving_average
79,s2_wifi_degraded,7.059635179641974,3.643912026483358,False,False,False,static_fusion,37,7.5,3.5,0.571669564778584,moving_average
80,s2_wifi_degraded,7.111230980212548,3.866216527347812,False,False,False,wifi_only,36,6.5,3.5,0.1806891647914675,moving_average
80,s2_wifi_degraded,7.111230980212548,3.866216527347812,False,False,False,vlp_only,37,7.5,3.5,0.9999999999010002,moving_average
80,s2_wifi_degraded,7.111230980212548,3.866216527347812,False,False,False,static_fusion,37,7.5,3.5,0.5557718432401328,moving_average
81,s2_wifi_degraded,7.093666462300226,4.151666727840037,False,False,False,wifi_only,36,6.5,3.5,0.15415454245746862,moving_average
81,s2_wifi_degraded,7.093666462300226,4.151666727840037,False,False,False,vlp_only,36,6.5,3.5,0.9999999999010002,moving_average
81,s2_wifi_degraded,7.093666462300226,4.151666727840037,False,False,False,static_fusion,36,6.5,3.5,0.5770772711792344,moving_average
82,s2_wifi_degraded,7.179940304559092,4.40982120831966,False,False,False,wifi_only,47,7.5,4.5,0.16089663717319794,moving_average
82,s2_wifi_degraded,7.179940304559092,4.40982120831966,False,False,False,vlp_only,36,6.5,3.5,0.9999999999010002,moving_average
82,s2_wifi_degraded,7.179940304559092,4.40982120831966,False,False,False,static_fusion,36,6.5,3.5,0.5551587962892294,moving_average
83,s2_wifi_degraded,7.389306456175779,4.728806808316636,False,False,False,wifi_only,47,7.5,4.5,0.14654739519050453,moving_average
83,s2_wifi_degraded,7.389306456175779,4.728806808316636,False,False,False,vlp_only,47,7.5,4.5,0.9999999999010002,moving_average
83,s2_wifi_degraded,7.389306456175779,4.728806808316636,False,False,False,static_fusion,47,7.5,4.5,0.5732736975457523,moving_average
84,s2_wifi_degraded,7.471099094223947,5.062300262899215,False,False,False,wifi_only,47,7.5,4.5,0.14713560572622533,moving_average
84,s2_wifi_degraded,7.471099094223947,5.062300262899215,False,False,False,vlp_only,47,7.5,4.5,0.9999999999010002,moving_average
84,s2_wifi_degraded,7.471099094223947,5.062300262899215,False,False,False,static_fusion,47,7.5,4.5,0.5735678028136127,moving_average
85,s2_wifi_degraded,7.639476103338564,5.452330212055501,True,False,False,wifi_only,57,7.5,5.5,0.16190383177262627,moving_average
85,s2_wifi_degraded,7.639476103338564,5.452330212055501,True,False,False,vlp_only,47,7.5,4.5,0.9999999999010002,moving_average
85,s2_wifi_degraded,7.639476103338564,5.452330212055501,True,False,False,static_fusion,47,7.5,4.5,0.5448929014495433,moving_average
86,s2_wifi_degraded,7.590210281547375,5.578300437724326,True,False,False,wifi_only,58,8.5,5.5,0.18088712933496548,moving_average
86,s2_wifi_degraded,7.590210281547375,5.578300437724326,True,False,False,vlp_only,57,7.5,5.5,0.9999991404305311,moving_average
86,s2_wifi_degraded,7.590210281547375,5.578300437724326,True,False,False,static_fusion,57,7.5,5.5,0.5593033172878945,moving_average
87,s2_wifi_degraded,7.462795792010998,5.791477714093946,True,False,False,wifi_only,68,8.5,6.5,0.16185982396780532,moving_average
87,s2_wifi_degraded,7.462795792010998,5.791477714093946,True,False,False,vlp_only,57,7.5,5.5,0.9999999989000395,moving_average
87,s2_wifi_degraded,7.462795792010998,5.791477714093946,True,False,False,static_fusion,57,7.5,5.5,0.5302175276069215,moving_average
88,s2_wifi_degraded,7.440607753073426,5.980848219358611,True,False,False,wifi_only,68,8.5,6.5,0.1600273243767818,moving_average
88,s2_wifi_degraded,7.440607753073426,5.980848219358611,True,False,False,vlp_only,57,7.5,5.5,0.9999999803108427,moving_average
88,s2_wifi_degraded,7.440607753073426,5.980848219358611,True,False,False,static_fusion,57,7.5,5.5,0.5253297860924071,moving_average
89,s2_wifi_degraded,7.440906125309533,6.113793031097752,True,False,False,wifi_only,89,9.5,8.5,0.20905168613553404,moving_average
89,s2_wifi_degraded,7.440906125309533,6.113793031097752,True,False,False,vlp_only,57,7.5,5.5,0.9999999986788334,moving_average
89,s2_wifi_degraded,7.440906125309533,6.113793031097752,True,False,False,static_fusion,57,7.5,5.5,0.5023264840956049,moving_average
90,s2_wifi_degraded,7.279806471044582,6.464561962588011,True,False,False,wifi_only,99,9.5,9.5,0.27934293853950715,moving_average
90,s2_wifi_degraded,7.279806471044582,6.464561962588011,True,False,False,vlp_only,66,6.5,6.5,0.9869804547063985,moving_average
90,s2_wifi_degraded,7.279806471044582,6.464561962588011,True,False,False,static_fusion,66,6.5,6.5,0.49360125941394256,moving_average
91,s2_wifi_degraded,7.195775699002211,6.545903417221667,True,False,False,wifi_only,99,9.5,9.5,0.31980210187933283,moving_average
91,s2_wifi_degraded,7.195775699002211,6.545903417221667,True,False,False,vlp_only,66,6.5,6.5,0.9999999998064107,moving_average
91,s2_wifi_degraded,7.195775699002211,6.545903417221667,True,False,False,static_fusion,66,6.5,6.5,0.5000937225865891,moving_average
92,s2_wifi_degraded,7.071679731335141,6.664553875446808,True,False,False,wifi_only,79,9.5,7.5,0.23275570345278884,moving_average
92,s2_wifi_degraded,7.071679731335141,6.664553875446808,True,False,False,vlp_only,67,7.5,6.5,0.9999999999010001,moving_average
92,s2_wifi_degraded,7.071679731335141,6.664553875446808,True,False,False,static_fusion,67,7.5,6.5,0.5074029113635136,moving_average
93,s2_wifi_degraded,6.88601961932652,6.885266262387327,True,False,False,wifi_only,99,9.5,9.5,0.2303443807727819,moving_average
93,s2_wifi_degraded,6.88601961932652,6.885266262387327,True,False,False,vlp_only,67,7.5,6.5,0.9999999999010001,moving_average
93,s2_wifi_degraded,6.88601961932652,6.885266262387327,True,False,False,static_fusion,67,7.5,6.5,0.5037372173614251,moving_average
94,s2_wifi_degraded,6.836265376227635,7.09347815473235,True,False,False,wifi_only,97,7.5,9.5,0.19532260951085492,moving_average
94,s2_wifi_degraded,6.836265376227635,7.09347815473235,True,False,False,vlp_only,67,7.5,6.5,0.9999999999010001,moving_average
94,s2_wifi_degraded,6.836265376227635,7.09347815473235,True,False,False,static_fusion,67,7.5,6.5,0.503927403343975,moving_average
95,s2_wifi_degraded,6.749970613133377,7.2047970050942345,False,False,False,wifi_only,76,6.5,7.5,0.14778814787603142,moving_average
95,s2_wifi_degraded,6.749970613133377,7.2047970050942345,False,False,False,vlp_only,67,7.5,6.5,0.9985884421207556,moving_average
95,s2_wifi_degraded,6.749970613133377,7.2047970050942345,False,False,False,static_fusion,67,7.5,6.5,0.507488619575369,moving_average
96,s2_wifi_degraded,6.520102407663193,7.416654680272662,False,False,False,wifi_only,75,5.5,7.5,0.15894345624248682,moving_average
96,s2_wifi_degraded,6.520102407663193,7.416654680272662,False,False,False,vlp_only,76,6.5,7.5,0.9999999999010001,moving_average
96,s2_wifi_degraded,6.520102407663193,7.416654680272662,False,False,False,static_fusion,76,6.5,7.5,0.5655800705838682,moving_average
97,s2_wifi_degraded,6.235078071420909,7.80527981884087,False,False,False,wifi_only,86,6.5,8.5,0.14865237340333418,moving_average
97,s2_wifi_degraded,6.235078071420909,7.80527981884087,False,False,False,vlp_only,76,6.5,7.5,0.9999999999010001,moving_average
97,s2_wifi_degraded,6.235078071420909,7.80527981884087,False,False,False,static_fusion,76,6.5,7.5,0.5499632929924274,moving_average
98,s2_wifi_degraded,5.98823397903378,7.93574951314563,False,False,False,wifi_only,74,4.5,7.5,0.14920014406937046,moving_average
98,s2_wifi_degraded,5.98823397903378,7.93574951314563,False,False,False,vlp_only,76,6.5,7.5,0.9999999999010001,moving_average
98,s2_wifi_degraded,5.98823397903378,7.93574951314563,False,False,False,static_fusion,76,6.5,7.5,0.5397142581344593,moving_average
99,s2_wifi_degraded,5.822657938153183,7.968265377624689,False,False,False,wifi_only,76,6.5,7.5,0.16906286714953137,moving_average
99,s2_wifi_degraded,5.822657938153183,7.968265377624689,False,False,False,vlp_only,76,6.5,7.5,0.9999999759717522,moving_average
99,s2_wifi_degraded,5.822657938153183,7.968265377624689,False,False,False,static_fusion,76,6.5,7.5,0.5845314215606418,moving_average
0,s2_wifi_degraded,8.548260044884431,3.875368266732585,False,False,False,wifi_only,27,7.5,2.5,0.18580036708006928,median
0,s2_wifi_degraded,8.548260044884431,3.875368266732585,False,False,False,vlp_only,39,9.5,3.5,0.9999999999010002,median
0,s2_wifi_degraded,8.548260044884431,3.875368266732585,False,False,False,static_fusion,39,9.5,3.5,0.5581480765890854,median
1,s2_wifi_degraded,8.648647791547123,3.682160416153107,False,False,False,wifi_only,39,9.5,3.5,0.2296898678042685,median
1,s2_wifi_degraded,8.648647791547123,3.682160416153107,False,False,False,vlp_only,39,9.5,3.5,0.9999999999010002,median
1,s2_wifi_degraded,8.648647791547123,3.682160416153107,False,False,False,static_fusion,39,9.5,3.5,0.6148449338526344,median
2,s2_wifi_degraded,8.904314502785434,3.314602216855924,False,False,False,wifi_only,27,7.5,2.5,0.2058427215384585,median
2,s2_wifi_degraded,8.904314502785434,3.314602216855924,False,False,False,vlp_only,38,8.5,3.5,0.9999999999010002,median
2,s2_wifi_degraded,8.904314502785434,3.314602216855924,False,False,False,static_fusion,38,8.5,3.5,0.5993545831469614,median
3,s2_wifi_degraded,9.310389003930128,3.04167485894367,False,False,False,wifi_only,38,8.5,3.5,0.23311375161858308,median
3,s2_wifi_degraded,9.310389003930128,3.04167485894367,False,False,False,vlp_only,38,8.5,3.5,0.9999999999010002,median
3,s2_wifi_degraded,9.310389003930128,3.04167485894367,False,False,False,static_fusion,38,8.5,3.5,0.6165568757597917,median
4,s2_wifi_degraded,9.706838327803332,2.8964874698404373,False,False,False,wifi_only,39,9.5,3.5,0.30410755417796886,median
4,s2_wifi_degraded,9.706838327803332,2.8964874698404373,False,False,False,vlp_only,38,8.5,3.5,0.9999999999010002,median
4,s2_wifi_degraded,9.706838327803332,2.8964874698404373,False,False,False,static_fusion,38,8.5,3.5,0.6094723983500397,median
5,s2_wifi_degraded,9.41844096729231,2.900422758078939,False,False,False,wifi_only,28,8.5,2.5,0.2121131054170703,median
5,s2_wifi_degraded,9.41844096729231,2.900422758078939,False,False,False,vlp_only,29,9.5,2.5,0.9999999998775765,median
5,s2_wifi_degraded,9.41844096729231,2.900422758078939,False,False,False,static_fusion,29,9.5,2.5,0.6019574850518403,median
6,s2_wifi_degraded,8.964378339140287,2.9597287260816096,False,False,False,wifi_only,28,8.5,2.5,0.2084360130287672,median
6,s2_wifi_degraded,8.964378339140287,2.9597287260816096,False,False,False,vlp_only,29,9.5,2.5,0.9999999998775765,median
6,s2_wifi_degraded,8.964378339140287,2.9597287260816096,False,False,False,static_fusion,29,9.5,2.5,0.5928022124664459,median
7,s2_wifi_degraded,8.774353844140126,3.131454780222936,False,False,False,wifi_only,39,9.5,3.5,0.18515276385718304,median
7,s2_wifi_degraded,8.774353844140126,3.131454780222936,False,False,False,vlp_only,29,9.5,2.5,0.9999999998775765,median
7,s2_wifi_degraded,8.774353844140126,3.131454780222936,False,False,False,static_fusion,29,9.5,2.5,0.5813467701226829,median
8,s2_wifi_degraded,8.418152736801511,3.188810020474088,False,False,False,wifi_only,39,9.5,3.5,0.17596284464372147,median
8,s2_wifi_degraded,8.418152736801511,3.188810020474088,False,False,False,vlp_only,29,9.5,2.5,0.999963480985064,median
8,s2_wifi_degraded,8.418152736801511,3.188810020474088,False,False,False,static_fusion,29,9.5,2.5,0.5776683283306271,median
9,s2_wifi_degraded,8.165062128503568,3.3554638975618585,False,False,False,wifi_only,38,8.5,3.5,0.2052541618345405,median
9,s2_wifi_degraded,8.165062128503568,3.3554638975618585,False,False,False,vlp_only,38,8.5,3.5,0.9953862234259577,median
9,s2_wifi_degraded,8.165062128503568,3.3554638975618585,False,False,False,static_fusion,38,8.5,3.5,0.6003201926302492,median
10,s2_wifi_degraded,8.047852018915972,3.3896047138916883,True,False,False,wifi_only,38,8.5,3.5,0.25007132954765326,median
10,s2_wifi_degraded,8.047852018915972,3.3896047138916883,True,False,False,vlp_only,38,8.5,3.5,0.9999999748116812,median
10,s2_wifi_degraded,8.047852018915972,3.3896047138916883,True,False,False,static_fusion,38,8.5,3.5,0.6250356521796671,median
11,s2_wifi_degraded,7.628992597812742,3.5120336380508936,True,False,False,wifi_only,26,6.5,2.5,0.2121153340042457,median
11,s2_wifi_degraded,7.628992597812742,3.5120336380508936,True,False,False,vlp_only,38,8.5,3.5,0.9997792822044476,median
11,s2_wifi_degraded,7.628992597812742,3.5120336380508936,True,False,False,static_fusion,38,8.5,3.5,0.5230051270153648,median
12,s2_wifi_degraded,7.264240580596287,3.551955010215912,True,False,False,wifi_only,26,6.5,2.5,0.20271059409140132,median
12,s2_wifi_degraded,7.264240580596287,3.551955010215912,True,False,False,vlp_only,37,7.5,3.5,0.5360591878660302,median
12,s2_wifi_degraded,7.264240580596287,3.551955010215912,True,False,False,static_fusion,37,7.5,3.5,0.3413909656429144,median
13,s2_wifi_degraded,6.807654944686304,3.3798711617406227,True,False,False,wifi_only,36,6.5,3.5,0.20952402151180763,median
13,s2_wifi_degraded,6.807654944686304,3.3798711617406227,True,False,False,vlp_only,37,7.5,3.5,0.9999999998991673,median
13,s2_wifi_degraded,6.807654944686304,3.3798711617406227,True,False,False,static_fusion,37,7.5,3.5,0.5798636851022171,median
14,s2_wifi_degraded,6.644376635151973,3.2678225998295574,True,False,False,wifi_only,36,6.5,3.5,0.16582689411543,median
14,s2_wifi_degraded,6.644376635151973,3.2678225998295574,True,False,False,vlp_only,37,7.5,3.5,0.9999999999010002,median
14,s2_wifi_degraded,6.644376635151973,3.2678225998295574,True,False,False,static_fusion,37,7.5,3.5,0.5205428000431829,median
15,s2_wifi_degraded,6.164360277507891,3.220123101722137,True,False,False,wifi_only,24,4.5,2.5,0.21250904539166868,median
15,s2_wifi_degraded,6.164360277507891,3.220123101722137,True,False,False,vlp_only,37,7.5,3.5,0.9995783006290606,median
15,s2_wifi_degraded,6.164360277507891,3.220123101722137,True,False,False,static_fusion,37,7.5,3.5,0.5001201678206874,median
16,s2_wifi_degraded,5.921670782647944,3.170353913208966,True,False,False,wifi_only,24,4.5,2.5,0.21250904539166868,median
16,s2_wifi_degraded,5.921670782647944,3.170353913208966,True,False,False,vlp_only,36,6.5,3.5,0.9999999999010002,median
16,s2_wifi_degraded,5.921670782647944,3.170353913208966,True,False,False,static_fusion,36,6.5,3.5,0.5069744443232466,median
17,s2_wifi_degraded,5.679154300480839,2.9818995639648525,True,False,False,wifi_only,24,4.5,2.5,0.1834443585821393,median
17,s2_wifi_degraded,5.679154300480839,2.9818995639648525,True,False,False,vlp_only,36,6.5,3.5,0.9999999999010002,median
17,s2_wifi_degraded,5.679154300480839,2.9818995639648525,True,False,False,static_fusion,36,6.5,3.5,0.5083207907853027,median
18,s2_wifi_degraded,5.40719635144305,2.708371836226452,True,False,False,wifi_only,40,0.5,4.5,0.3946850686871864,median
18,s2_wifi_degraded,5.40719635144305,2.708371836226452,True,False,False,vlp_only,25,5.5,2.5,0.9999999999010002,median
18,s2_wifi_degraded,5.40719635144305,2.708371836226452,True,False,False,static_fusion,25,5.5,2.5,0.5000003958548598,median
19,s2_wifi_degraded,5.231798982702207,2.4839699101632213,True,False,False,wifi_only,4,4.5,0.5,0.2631844816205801,median
19,s2_wifi_degraded,5.231798982702207,2.4839699101632213,True,False,False,vlp_only,25,5.5,2.5,0.9999999999010002,median
19,s2_wifi_degraded,5.231798982702207,2.4839699101632213,True,False,False,static_fusion,25,5.5,2.5,0.5276461139546152,median
20,s2_wifi_degraded,5.28923634607891,2.192766390499288,False,False,False,wifi_only,14,4.5,1.5,0.18657888037406525,median
20,s2_wifi_degraded,5.28923634607891,2.192766390499288,False,False,False,vlp_only,25,5.5,2.5,0.9999999999010002,median
20,s2_wifi_degraded,5.28923634607891,2.192766390499288,False,False,False,static_fusion,25,5.5,2.5,0.5468535942779149,median
21,s2_wifi_degraded,5.38054459804343,2.090291333531373,False,False,False,wifi_only,14,4.5,1.5,0.20903384373387837,median
21,s2_wifi_degraded,5.38054459804343,2.090291333531373,False,False,False,vlp_only,25,5.5,2.5,0.999999305375328,median
21,s2_wifi_degraded,5.38054459804343,2.090291333531373,False,False,False,static_fusion,25,5.5,2.5,0.5385957789742601,median
22,s2_wifi_degraded,5.395660287878729,1.904575277898607,False,False,False,wifi_only,14,4.5,1.5,0.20903384373387837,median
22,s2_wifi_degraded,5.395660287878729,1.904575277898607,False,False,False,vlp_only,25,5.5,2.5,0.9987102093811345,median
22,s2_wifi_degraded,5.395660287878729,1.904575277898607,False,False,False,static_fusion,25,5.5,2.5,0.5379512309771634,median
23,s2_wifi_degraded,5.346981386445022,1.7399481748937806,False,False,False,wifi_only,15,5.5,1.5,0.18940481095504266,median
23,s2_wifi_degraded,5.346981386445022,1.7399481748937806,False,False,False,vlp_only,25,5.5,2.5,0.5704947120684071,median
23,s2_wifi_degraded,5.346981386445022,1.7399481748937806,False,False,False,static_fusion,25,5.5,2.5,0.37428745237553657,median
24,s2_wifi_degraded,5.356397214861652,1.3990305548570758,False,False,False,wifi_only,15,5.5,1.5,0.1917511918572211,median
24,s2_wifi_degraded,5.356397214861652,1.3990305548570758,False,False,False,vlp_only,15,5.5,1.5,0.9999464234658468,median
24,s2_wifi_degraded,5.356397214861652,1.3990305548570758,False,False,False,static_fusion,15,5.5,1.5,0.595848807661534,median
25,s2_wifi_degraded,5.55511192506875,1.1971395250192285,False,False,False,wifi_only,25,5.5,2.5,0.17974465615956733,median
25,s2_wifi_degraded,5.55511192506875,1.1971395250192285,False,False,False,vlp_only,15,5.5,1.5,0.999993150130135,median
25,s2_wifi_degraded,5.55511192506875,1.1971395250192285,False,False,False,static_fusion,15,5.5,1.5,0.5896581552480388,median
26,s2_wifi_degraded,5.644488914276651,1.1264421585125568,False,False,False,wifi_only,15,5.5,1.5,0.1917511918572211,median
26,s2_wifi_degraded,5.644488914276651,1.1264421585125568,False,False,False,vlp_only,15,5.5,1.5,0.9999999947923001,median
26,s2_wifi_degraded,5.644488914276651,1.1264421585125568,False,False,False,static_fusion,15,5.5,1.5,0.5958755933247606,median
27,s2_wifi_degraded,5.99191614365339,0.7779056103368667,False,False,False,wifi_only,25,5.5,2.5,0.17307338165262612,median
27,s2_wifi_degraded,5.99191614365339,0.7779056103368667,False,False,False,vlp_only,15,5.5,1.5,0.9999999998997311,median
27,s2_wifi_degraded,5.99191614365339,0.7779056103368667,False,False,False,static_fusion,15,5.5,1.5,0.5837661217197353,median
28,s2_wifi_degraded,6.3719359824611015,0.5133126785859624,False,False,False,wifi_only,15,5.5,1.5,0.19231904036171774,median
28,s2_wifi_degraded,6.3719359824611015,0.5133126785859624,False,False,False,vlp_only,15,5.5,1.5,0.9999999999010003,median
28,s2_wifi_degraded,6.3719359824611015,0.5133126785859624,False,False,False,static_fusion,15,5.5,1.5,0.596159520131359,median
29,s2_wifi_degraded,6.642725720701172,0.2610300095402053,False,False,False,wifi_only,15,5.5,1.5,0.2238795279833244,median
29,s2_wifi_degraded,6.642725720701172,0.2610300095402053,False,False,False,vlp_only,6,6.5,0.5,0.9999999999010003,median
29,s2_wifi_degraded,6.642725720701172,0.2610300095402053,False,False,False,static_fusion,6,6.5,0.5,0.5195570469622582,median
30,s2_wifi_degraded,6.746242668239441,0.1917048919949815,False,False,False,wifi_only,39,9.5,3.5,0.1454367840203417,median
30,s2_wifi_degraded,6.746242668239441,0.1917048919949815,False,False,False,vlp_only,6,6.5,0.5,0.9999999999010003,median
30,s2_wifi_degraded,6.746242668239441,0.1917048919949815,False,False,False,static_fusion,6,6.5,0.5,0.5484685882842268,median
31,s2_wifi_degraded,6.356442515941112,0.4369455288091974,False,False,False,wifi_only,39,9.5,3.5,0.18740776189689323,median
31,s2_wifi_degraded,6.356442515941112,0.4369455288091974,False,False,False,vlp_only,6,6.5,0.5,0.9999999999010003,median
31,s2_wifi_degraded,6.356442515941112,0.4369455288091974,False,False,False,static_fusion,6,6.5,0.5,0.5802478932506927,median
32,s2_wifi_degraded,6.090439232524188,0.6864641265250186,False,False,False,wifi_only,39,9.5,3.5,0.18776035679590666,median
32,s2_wifi_degraded,6.090439232524188,0.6864641265250186,False,False,False,vlp_only,6,6.5,0.5,0.9999999999010003,median
32,s2_wifi_degraded,6.090439232524188,0.6864641265250186,False,False,False,static_fusion,6,6.5,0.5,0.5860799684522996,median
33,s2_wifi_degraded,5.949226125977861,0.8518939098654703,False,False,False,wifi_only,6,6.5,0.5,0.37253354426868285,median
33,s2_wifi_degraded,5.949226125977861,0.8518939098654703,False,False,False,vlp_only,6,6.5,0.5,0.9999999999010003,median
33,s2_wifi_degraded,5.949226125977861,0.8518939098654703,False,False,False,static_fusion,6,6.5,0.5,0.6862667720848415,median
34,s2_wifi_degraded,5.8095047430555145,1.1091466717902831,False,False,False,wifi_only,6,6.5,0.5,0.2606543335458024,median
34,s2_wifi_degraded,5.8095047430555145,1.1091466717902831,False,False,False,vlp_only,6,6.5,0.5,0.9999999999010003,median
34,s2_wifi_degraded,5.8095047430555145,1.1091466717902831,False,False,False,static_fusion,6,6.5,0.5,0.6303271667234014,median
35,s2_wifi_degraded,5.579978519259318,1.272432489793561,True,False,False,wifi_only,6,6.5,0.5,0.34321346028162925,median
35,s2_wifi_degraded,5.579978519259318,1.272432489793561,True,False,False,vlp_only,6,6.5,0.5,0.9999999987865196,median
35,s2_wifi_degraded,5.579978519259318,1.272432489793561,True,False,False,static_fusion,6,6.5,0.5,0.6716067295340745,median
36,s2_wifi_degraded,5.338528190625762,1.3036592905789073,True,False,False,wifi_only,26,6.5,2.5,0.20139198497442462,median
36,s2_wifi_degraded,5.338528190625762,1.3036592905789073,True,False,False,vlp_only,15,5.5,1.5,0.9999999999010003,median
36,s2_wifi_degraded,5.338528190625762,1.3036592905789073,True,False,False,static_fusion,15,5.5,1.5,0.5297717774299433,median
37,s2_wifi_degraded,4.912072310282084,1.4157812756540196,True,False,False,wifi_only,25,5.5,2.5,0.15107179826032205,median
37,s2_wifi_degraded,4.912072310282084,1.4157812756540196,True,False,False,vlp_only,15,5.5,1.5,0.9999999999010003,median
37,s2_wifi_degraded,4.912072310282084,1.4157812756540196,True,False,False,static_fusion,15,5.5,1.5,0.5585987576571255,median
38,s2_wifi_degraded,4.826303961432351,1.586236364932186,True,False,False,wifi_only,5,5.5,0.5,0.369524461899257,median
38,s2_wifi_degraded,4.826303961432351,1.586236364932186,True,False,False,vlp_only,15,5.5,1.5,0.9999869843751897,median
38,s2_wifi_degraded,4.826303961432351,1.586236364932186,True,False,False,static_fusion,15,5.5,1.5,0.5972402926888126,median
39,s2_wifi_degraded,4.8018178978276085,1.8759997678234683,True,False,False,wifi_only,4,4.5,0.5,0.22586266567484922,median
39,s2_wifi_degraded,4.8018178978276085,1.8759997678234683,True,False,False,vlp_only,4,4.5,0.5,0.9996964993289092,median
39,s2_wifi_degraded,4.8018178978276085,1.8759997678234683,True,False,False,static_fusion,4,4.5,0.5,0.6127795825018791,median
40,s2_wifi_degraded,4.769561461430565,2.1910721381589235,True,False,False,wifi_only,4,4.5,0.5,0.19594935102289046,median
40,s2_wifi_degraded,4.769561461430565,2.1910721381589235,True,False,False,vlp_only,14,4.5,1.5,0.9999997992755,median
40,s2_wifi_degraded,4.769561461430565,2.1910721381589235,True,False,False,static_fusion,14,4.5,1.5,0.5809348110690551,median
41,s2_wifi_degraded,4.525918490013359,2.572296491893161,True,False,False,wifi_only,4,4.5,0.5,0.11278569693529458,median
41,s2_wifi_degraded,4.525918490013359,2.572296491893161,True,False,False,vlp_only,14,4.5,1.5,0.9863289985018271,median
41,s2_wifi_degraded,4.525918490013359,2.572296491893161,True,False,False,static_fusion,14,4.5,1.5,0.5397494986118438,median
42,s2_wifi_degraded,4.603145206950584,2.691606464543516,True,False,False,wifi_only,34,4.5,3.5,0.10865855420674886,median
42,s2_wifi_degraded,4.603145206950584,2.691606464543516,True,False,False,vlp_only,24,4.5,2.5,0.9329433644278822,median
42,s2_wifi_degraded,4.603145206950584,2.691606464543516,True,False,False,static_fusion,24,4.5,2.5,0.4911047101989112,median
43,s2_wifi_degraded,4.636858519470941,2.83301729155527,True,False,False,wifi_only,33,3.5,3.5,0.1208981342181938,median
43,s2_wifi_degraded,4.636858519470941,2.83301729155527,True,False,False,vlp_only,24,4.5,2.5,0.9999999999002177,median
43,s2_wifi_degraded,4.636858519470941,2.83301729155527,True,False,False,static_fusion,24,4.5,2.5,0.5325851383987671,median
44,s2_wifi_degraded,4.734121569139968,3.1877348970907184,True,False,False,wifi_only,24,4.5,2.5,0.16270836071685998,median
44,s2_wifi_degraded,4.734121569139968,3.1877348970907184,True,False,False,vlp_only,24,4.5,2.5,0.9999999999010002,median
44,s2_wifi_degraded,4.734121569139968,3.1877348970907184,True,False,False,static_fusion,24,4.5,2.5,0.58135418030893,median
45,s2_wifi_degraded,4.820450082367587,3.2794971977323337,True,False,False,wifi_only,34,4.5,3.5,0.11707023113353533,median
45,s2_wifi_degraded,4.820450082367587,3.2794971977323337,True,False,False,vlp_only,24,4.5,2.5,0.9999999999010002,median
45,s2_wifi_degraded,4.820450082367587,3.2794971977323337,True,False,False,static_fusion,24,4.5,2.5,0.530637692380884,median
46,s2_wifi_degraded,5.062857013263392,3.3252726841438496,True,False,False,wifi_only,24,4.5,2.5,0.17215200283281587,median
46,s2_wifi_degraded,5.062857013263392,3.3252726841438496,True,False,False,vlp_only,34,4.5,3.5,0.9999999999010002,median
46,s2_wifi_degraded,5.062857013263392,3.3252726841438496,True,False,False,static_fusion,34,4.5,3.5,0.5544051770403062,median
47,s2_wifi_degraded,5.223527674927983,3.3636079119505795,True,False,False,wifi_only,24,4.5,2.5,0.17991044517218652,median
47,s2_wifi_degraded,5.223527674927983,3.3636079119505795,True,False,False,vlp_only,34,4.5,3.5,0.9999999999010002,median
47,s2_wifi_degraded,5.223527674927983,3.3636079119505795,True,False,False,static_fusion,34,4.5,3.5,0.5545041322048027,median
48,s2_wifi_degraded,5.715643126853525,3.4347811219492,True,False,False,wifi_only,24,4.5,2.5,0.1655506042710415,median
48,s2_wifi_degraded,5.715643126853525,3.4347811219492,True,False,False,vlp_only,35,5.5,3.5,0.9999999999010002,median
48,s2_wifi_degraded,5.715643126853525,3.4347811219492,True,False,False,static_fusion,35,5.5,3.5,0.544803973809515,median
49,s2_wifi_degraded,6.036475943181564,3.33849425496013,True,False,False,wifi_only,4,4.5,0.5,0.2857329764030515,median
49,s2_wifi_degraded,6.036475943181564,3.33849425496013,True,False,False,vlp_only,35,5.5,3.5,0.9999999999010002,median
49,s2_wifi_degraded,6.036475943181564,3.33849425496013,True,False,False,static_fusion,35,5.5,3.5,0.5107735262478076,median
50,s2_wifi_degraded,6.26597077792921,3.2310160910129526,False,False,False,wifi_only,24,4.5,2.5,0.13374365340583436,median
50,s2_wifi_degraded,6.26597077792921,3.2310160910129526,False,False,False,vlp_only,35,5.5,3.5,0.9999999999010002,median
50,s2_wifi_degraded,6.26597077792921,3.2310160910129526,False,False,False,static_fusion,35,5.5,3.5,0.5664238477511853,median
51,s2_wifi_degraded,6.557154939381723,3.0499936079927075,False,False,False,wifi_only,26,6.5,2.5,0.19768570747127234,median
51,s2_wifi_degraded,6.557154939381723,3.0499936079927075,False,False,False,vlp_only,36,6.5,3.5,0.9999999999010002,median
51,s2_wifi_degraded,6.557154939381723,3.0499936079927075,False,False,False,static_fusion,36,6.5,3.5,0.5515011714248905,median
52,s2_wifi_degraded,6.7452470995562726,2.868494108966797,False,False,False,wifi_only,26,6.5,2.5,0.2002923920590421,median
52,s2_wifi_degraded,6.7452470995562726,2.868494108966797,False,False,False,vlp_only,36,6.5,3.5,0.9999999999010002,median
52,s2_wifi_degraded,6.7452470995562726,2.868494108966797,False,False,False,static_fusion,36,6.5,3.5,0.5382925542709557,median
53,s2_wifi_degraded,6.89633119872926,2.646701910339533,False,False,False,wifi_only,26,6.5,2.5,0.21524774059328108,median
53,s2_wifi_degraded,6.89633119872926,2.646701910339533,False,False,False,vlp_only,26,6.5,2.5,0.9999999999010002,median
53,s2_wifi_degraded,6.89633119872926,2.646701910339533,False,False,False,static_fusion,26,6.5,2.5,0.6076238702471407,median
54,s2_wifi_degraded,7.093839490462012,2.230395250989873,False,False,False,wifi_only,26,6.5,2.5,0.19505891442320553,median
54,s2_wifi_degraded,7.093839490462012,2.230395250989873,False,False,False,vlp_only,26,6.5,2.5,0.9999999999010002,median
54,s2_wifi_degraded,7.093839490462012,2.230395250989873,False,False,False,static_fusion,26,6.5,2.5,0.5975294571621028,median
55,s2_wifi_degraded,7.327799421114381,2.083866639869165,False,False,False,wifi_only,26,6.5,2.5,0.19886188172746996,median
55,s2_wifi_degraded,7.327799421114381,2.083866639869165,False,False,False,vlp_only,26,6.5,2.5,0.9999999999010002,median
55,s2_wifi_degraded,7.327799421114381,2.083866639869165,False,False,False,static_fusion,26,6.5,2.5,0.5994309408142351,median
56,s2_wifi_degraded,7.4404788553418495,2.0885416935474934,False,False,False,wifi_only,26,6.5,2.5,0.2082534205963722,median
56,s2_wifi_degraded,7.4404788553418495,2.0885416935474934,False,False,False,vlp_only,27,7.5,2.5,0.9999958737954795,median
56,s2_wifi_degraded,7.4404788553418495,2.0885416935474934,False,False,False,static_fusion,27,7.5,2.5,0.5476039484491299,median
57,s2_wifi_degraded,7.579211275373233,2.0714456103345764,False,False,False,wifi_only,27,7.5,2.5,0.23647890580918313,median
57,s2_wifi_degraded,7.579211275373233,2.0714456103345764,False,False,False,vlp_only,27,7.5,2.5,0.9999023115369884,median
57,s2_wifi_degraded,7.579211275373233,2.0714456103345764,False,False,False,static_fusion,27,7.5,2.5,0.6181906086730857,median
58,s2_wifi_degraded,7.844337613028887,1.6670430401807117,False,False,False,wifi_only,27,7.5,2.5,0.25090769063025375,median
58,s2_wifi_degraded,7.844337613028887,1.6670430401807117,False,False,False,vlp_only,27,7.5,2.5,0.9949645470978994,median
58,s2_wifi_degraded,7.844337613028887,1.6670430401807117,False,False,False,static_fusion,27,7.5,2.5,0.6229361188640766,median
59,s2_wifi_degraded,7.979950544975631,1.4630004361001532,False,False,False,wifi_only,27,7.5,2.5,0.25765437765425003,median
59,s2_wifi_degraded,7.979950544975631,1.4630004361001532,False,False,False,vlp_only,17,7.5,1.5,0.9991027504915653,median
59,s2_wifi_degraded,7.979950544975631,1.4630004361001532,False,False,False,static_fusion,17,7.5,1.5,0.5406523691178738,median
60,s2_wifi_degraded,8.127206923732981,1.3162437323059886,True,False,False,wifi_only,17,7.5,1.5,0.37757324572252343,median
60,s2_wifi_degraded,8.127206923732981,1.3162437323059886,True,False,False,vlp_only,17,7.5,1.5,0.9998181234782041,median
60,s2_wifi_degraded,8.127206923732981,1.3162437323059886,True,False,False,static_fusion,17,7.5,1.5,0.6886956846003638,median
61,s2_wifi_degraded,8.189098931075993,1.1020139318013231,True,False,False,wifi_only,18,8.5,1.5,0.4361100601541391,median
61,s2_wifi_degraded,8.189098931075993,1.1020139318013231,True,False,False,vlp_only,17,7.5,1.5,0.9132208836564092,median
61,s2_wifi_degraded,8.189098931075993,1.1020139318013231,True,False,False,static_fusion,17,7.5,1.5,0.49259226989929084,median
62,s2_wifi_degraded,8.244559866287215,0.9834290739202508,True,False,False,wifi_only,18,8.5,1.5,0.3987394334491186,median
62,s2_wifi_degraded,8.244559866287215,0.9834290739202508,True,False,False,vlp_only,18,8.5,1.5,0.9633036549738963,median
62,s2_wifi_degraded,8.244559866287215,0.9834290739202508,True,False,False,static_fusion,18,8.5,1.5,0.6810215442115074,median
63,s2_wifi_degraded,8.469449233099015,0.5380851752887181,True,False,False,wifi_only,18,8.5,1.5,0.4391354738721054,median
63,s2_wifi_degraded,8.469449233099015,0.5380851752887181,True,False,False,vlp_only,18,8.5,1.5,0.9965194969639288,median
63,s2_wifi_degraded,8.469449233099015,0.5380851752887181,True,False,False,static_fusion,18,8.5,1.5,0.7178274854180171,median
64,s2_wifi_degraded,8.61129496830597,0.2850740111733432,True,False,False,wifi_only,18,8.5,1.5,0.5221175737767756,median
64,s2_wifi_degraded,8.61129496830597,0.2850740111733432,True,False,False,vlp_only,18,8.5,1.5,0.9999999576116326,median
64,s2_wifi_degraded,8.61129496830597,0.2850740111733432,True,False,False,static_fusion,18,8.5,1.5,0.761058765694204,median
65,s2_wifi_degraded,8.649656672908945,0.1829723899998202,True,False,False,wifi_only,19,9.5,1.5,0.3872485690243839,median
65,s2_wifi_degraded,8.649656672908945,0.1829723899998202,True,False,False,vlp_only,8,8.5,0.5,0.9997587822452734,median
65,s2_wifi_degraded,8.649656672908945,0.1829723899998202,True,False,False,static_fusion,8,8.5,0.5,0.5711473996527295,median
66,s2_wifi_degraded,8.433510539178341,0.5984305923139432,True,False,False,wifi_only,19,9.5,1.5,0.3483226675331001,median
66,s2_wifi_degraded,8.433510539178341,0.5984305923139432,True,False,False,vlp_only,8,8.5,0.5,0.9999535806620428,median
66,s2_wifi_degraded,8.433510539178341,0.5984305923139432,True,False,False,static_fusion,8,8.5,0.5,0.5779134009124134,median
67,s2_wifi_degraded,8.390725265666473,0.8870681197350446,True,False,False,wifi_only,29,9.5,2.5,0.5249098227082607,median
67,s2_wifi_degraded,8.390725265666473,0.8870681197350446,True,False,False,vlp_only,8,8.5,0.5,0.999991614508984,median
67,s2_wifi_degraded,8.390725265666473,0.8870681197350446,True,False,False,static_fusion,8,8.5,0.5,0.506082160051547,median
68,s2_wifi_degraded,8.28586833451047,1.075450447649671,True,False,False,wifi_only,8,8.5,0.5,0.33212984223884434,median
68,s2_wifi_degraded,8.28586833451047,1.075450447649671,True,False,False,vlp_only,8,8.5,0.5,0.9999915113116558,median
68,s2_wifi_degraded,8.28586833451047,1.075450447649671,True,False,False,static_fusion,8,8.5,0.5,0.6660606767752499,median
69,s2_wifi_degraded,8.00771188370768,1.2586421068158191,True,False,False,wifi_only,8,8.5,0.5,0.3513449606587681,median
69,s2_wifi_degraded,8.00771188370768,1.2586421068158191,True,False,False,vlp_only,8,8.5,0.5,0.9999815867972643,median
69,s2_wifi_degraded,8.00771188370768,1.2586421068158191,True,False,False,static_fusion,8,8.5,0.5,0.6756632737280162,median
70,s2_wifi_degraded,7.876253087162693,1.4325757096206515,True,False,False,wifi_only,7,7.5,0.5,0.5533842682320322,median
70,s2_wifi_degraded,7.876253087162693,1.4325757096206515,True,False,False,vlp_only,18,8.5,1.5,0.9999999994162233,median
70,s2_wifi_degraded,7.876253087162693,1.4325757096206515,True,False,False,static_fusion,18,8.5,1.5,0.50120219872457,median
71,s2_wifi_degraded,7.764584357169141,1.783515740895847,True,False,False,wifi_only,8,8.5,0.5,0.3909027567220258,median
71,s2_wifi_degraded,7.764584357169141,1.783515740895847,True,False,False,vlp_only,18,8.5,1.5,0.999996257677553,median
71,s2_wifi_degraded,7.764584357169141,1.783515740895847,True,False,False,static_fusion,18,8.5,1.5,0.6483581818999928,median
72,s2_wifi_degraded,7.724461665749093,1.919199890822522,True,False,False,wifi_only,8,8.5,0.5,0.3909027567220258,median
72,s2_wifi_degraded,7.724461665749093,1.919199890822522,True,False,False,vlp_only,17,7.5,1.5,0.7168148344650671,median
72,s2_wifi_degraded,7.724461665749093,1.919199890822522,True,False,False,static_fusion,17,7.5,1.5,0.4004920870126963,median
73,s2_wifi_degraded,7.434410446855592,2.196460502510213,False,False,False,wifi_only,7,7.5,0.5,0.5165583220115988,median
73,s2_wifi_degraded,7.434410446855592,2.196460502510213,False,False,False,vlp_only,17,7.5,1.5,0.9999454441682358,median
73,s2_wifi_degraded,7.434410446855592,2.196460502510213,False,False,False,static_fusion,17,7.5,1.5,0.6719251699665706,median
74,s2_wifi_degraded,7.329501734941545,2.341512908882469,False,False,False,wifi_only,16,6.5,1.5,0.2151409758053037,median
74,s2_wifi_degraded,7.329501734941545,2.341512908882469,False,False,False,vlp_only,17,7.5,1.5,0.9965839429446937,median
74,s2_wifi_degraded,7.329501734941545,2.341512908882469,False,False,False,static_fusion,17,7.5,1.5,0.557813226358853,median
75,s2_wifi_degraded,7.071931175766185,2.639246667376174,False,False,False,wifi_only,16,6.5,1.5,0.2151409758053037,median
75,s2_wifi_degraded,7.071931175766185,2.639246667376174,False,False,False,vlp_only,17,7.5,1.5,0.7978369084449667,median
75,s2_wifi_degraded,7.071931175766185,2.639246667376174,False,False,False,static_fusion,17,7.5,1.5,0.4584397091089895,median
76,s2_wifi_degraded,6.978026390337671,2.8586906033898587,False,False,False,wifi_only,27,7.5,2.5,0.25307464453535616,median
76,s2_wifi_degraded,6.978026390337671,2.8586906033898587,False,False,False,vlp_only,27,7.5,2.5,0.9999999813777846,median
76,s2_wifi_degraded,6.978026390337671,2.8586906033898587,False,False,False,static_fusion,27,7.5,2.5,0.6265373129565703,median
77,s2_wifi_degraded,7.056281076272732,3.07562739707137,False,False,False,wifi_only,16,6.5,1.5,0.2127173473321789,median
77,s2_wifi_degraded,7.056281076272732,3.07562739707137,False,False,False,vlp_only,27,7.5,2.5,0.9999999999010002,median
77,s2_wifi_degraded,7.056281076272732,3.07562739707137,False,False,False,static_fusion,27,7.5,2.5,0.5520316936082282,median
78,s2_wifi_degraded,6.986478911581751,3.499417790512807,False,False,False,wifi_only,26,6.5,2.5,0.1649416562027961,median
78,s2_wifi_degraded,6.986478911581751,3.499417790512807,False,False,False,vlp_only,26,6.5,2.5,0.9999999995453406,median
78,s2_wifi_degraded,6.986478911581751,3.499417790512807,False,False,False,static_fusion,26,6.5,2.5,0.5824708278740682,median
79,s2_wifi_degraded,7.059635179641974,3.643912026483358,False,False,False,wifi_only,36,6.5,3.5,0.18147728341087463,median
79,s2_wifi_degraded,7.059635179641974,3.643912026483358,False,False,False,vlp_only,37,7.5,3.5,0.9999999998739197,median
79,s2_wifi_degraded,7.059635179641974,3.643912026483358,False,False,False,static_fusion,37,7.5,3.5,0.5496959147661086,median
80,s2_wifi_degraded,7.111230980212548,3.866216527347812,False,False,False,wifi_only,36,6.5,3.5,0.17272495140644734,median
80,s2_wifi_degraded,7.111230980212548,3.866216527347812,False,False,False,vlp_only,37,7.5,3.5,0.9999999998993946,median
80,s2_wifi_degraded,7.111230980212548,3.866216527347812,False,False,False,static_fusion,37,7.5,3.5,0.5339964075105026,median
81,s2_wifi_degraded,7.093666462300226,4.151666727840037,False,False,False,wifi_only,36,6.5,3.5,0.17073768939071907,median
81,s2_wifi_degraded,7.093666462300226,4.151666727840037,False,False,False,vlp_only,36,6.5,3.5,0.9999999999010002,median
81,s2_wifi_degraded,7.093666462300226,4.151666727840037,False,False,False,static_fusion,36,6.5,3.5,0.5853688446458596,median
82,s2_wifi_degraded,7.179940304559092,4.40982120831966,False,False,False,wifi_only,47,7.5,4.5,0.16353400649579686,median
82,s2_wifi_degraded,7.179940304559092,4.40982120831966,False,False,False,vlp_only,36,6.5,3.5,0.9999999999010002,median
82,s2_wifi_degraded,7.179940304559092,4.40982120831966,False,False,False,static_fusion,36,6.5,3.5,0.5631428291784625,median
83,s2_wifi_degraded,7.389306456175779,4.728806808316636,False,False,False,wifi_only,36,6.5,3.5,0.1445741072038934,median
83,s2_wifi_degraded,7.389306456175779,4.728806808316636,False,False,False,vlp_only,47,7.5,4.5,0.9999999999010002,median
83,s2_wifi_degraded,7.389306456175779,4.728806808316636,False,False,False,static_fusion,47,7.5,4.5,0.571613620725322,median
84,s2_wifi_degraded,7.471099094223947,5.062300262899215,False,False,False,wifi_only,47,7.5,4.5,0.1654549001254889,median
84,s2_wifi_degraded,7.471099094223947,5.062300262899215,False,False,False,vlp_only,47,7.5,4.5,0.9999999999010002,median
84,s2_wifi_degraded,7.471099094223947,5.062300262899215,False,False,False,static_fusion,47,7.5,4.5,0.5827274500132444,median
85,s2_wifi_degraded,7.639476103338564,5.452330212055501,True,False,False,wifi_only,47,7.5,4.5,0.17050201273335475,median
85,s2_wifi_degraded,7.639476103338564,5.452330212055501,True,False,False,vlp_only,47,7.5,4.5,0.9141690527490031,median
85,s2_wifi_degraded,7.639476103338564,5.452330212055501,True,False,False,static_fusion,47,7.5,4.5,0.542335532741179,median
86,s2_wifi_degraded,7.590210281547375,5.578300437724326,True,False,False,wifi_only,47,7.5,4.5,0.1682882280256494,median
86,s2_wifi_degraded,7.590210281547375,5.578300437724326,True,False,False,vlp_only,59,9.5,5.5,0.9781021739714457,median
86,s2_wifi_degraded,7.590210281547375,5.578300437724326,True,False,False,static_fusion,59,9.5,5.5,0.5242463816128128,median
87,s2_wifi_degraded,7.462795792010998,5.791477714093946,True,False,False,wifi_only,69,9.5,6.5,0.18771137512419095,median
87,s2_wifi_degraded,7.462795792010998,5.791477714093946,True,False,False,vlp_only,57,7.5,5.5,0.999999950265399,median
87,s2_wifi_degraded,7.462795792010998,5.791477714093946,True,False,False,static_fusion,57,7.5,5.5,0.5262004872134007,median
88,s2_wifi_degraded,7.440607753073426,5.980848219358611,True,False,False,wifi_only,69,9.5,6.5,0.18771137512419095,median
88,s2_wifi_degraded,7.440607753073426,5.980848219358611,True,False,False,vlp_only,57,7.5,5.5,0.9999999887014154,median
88,s2_wifi_degraded,7.440607753073426,5.980848219358611,True,False,False,static_fusion,57,7.5,5.5,0.5262005064314089,median
89,s2_wifi_degraded,7.440906125309533,6.113793031097752,True,False,False,wifi_only,89,9.5,8.5,0.25169808534346394,median
89,s2_wifi_degraded,7.440906125309533,6.113793031097752,True,False,False,vlp_only,57,7.5,5.5,0.9999999922861903,median
89,s2_wifi_degraded,7.440906125309533,6.113793031097752,True,False,False,static_fusion,57,7.5,5.5,0.5011695311464374,median
90,s2_wifi_degraded,7.279806471044582,6.464561962588011,True,False,False,wifi_only,99,9.5,9.5,0.4581658234508785,median
90,s2_wifi_degraded,7.279806471044582,6.464561962588011,True,False,False,vlp_only,66,6.5,6.5,0.999999436632223,median
90,s2_wifi_degraded,7.279806471044582,6.464561962588011,True,False,False,static_fusion,66,6.5,6.5,0.5000192261153698,median
91,s2_wifi_degraded,7.195775699002211,6.545903417221667,True,False,False,wifi_only,99,9.5,9.5,0.4581658234508785,median
91,s2_wifi_degraded,7.195775699002211,6.545903417221667,True,False,False,vlp_only,66,6.5,6.5,0.999993714713321,median
91,s2_wifi_degraded,7.195775699002211,6.545903417221667,True,False,False,static_fusion,66,6.5,6.5,0.5000163651559187,median
92,s2_wifi_degraded,7.071679731335141,6.664553875446808,True,False,False,wifi_only,69,9.5,6.5,0.25035820583092044,median
92,s2_wifi_degraded,7.071679731335141,6.664553875446808,True,False,False,vlp_only,67,7.5,6.5,0.9999999999010001,median
92,s2_wifi_degraded,7.071679731335141,6.664553875446808,True,False,False,static_fusion,67,7.5,6.5,0.5064121825369533,median
93,s2_wifi_degraded,6.88601961932652,6.885266262387327,True,False,False,wifi_only,88,8.5,8.5,0.19783720521982887,median
93,s2_wifi_degraded,6.88601961932652,6.885266262387327,True,False,False,vlp_only,67,7.5,6.5,0.9999999999010001,median
93,s2_wifi_degraded,6.88601961932652,6.885266262387327,True,False,False,static_fusion,67,7.5,6.5,0.5145714574956174,median
94,s2_wifi_degraded,6.836265376227635,7.09347815473235,True,False,False,wifi_only,87,7.5,8.5,0.23659609646828295,median
94,s2_wifi_degraded,6.836265376227635,7.09347815473235,True,False,False,vlp_only,67,7.5,6.5,0.9999999999010001,median
94,s2_wifi_degraded,6.836265376227635,7.09347815473235,True,False,False,static_fusion,67,7.5,6.5,0.5069045351878081,median
95,s2_wifi_degraded,6.749970613133377,7.2047970050942345,False,False,False,wifi_only,76,6.5,7.5,0.25144036024049227,median
95,s2_wifi_degraded,6.749970613133377,7.2047970050942345,False,False,False,vlp_only,76,6.5,7.5,0.9999944882677204,median
95,s2_wifi_degraded,6.749970613133377,7.2047970050942345,False,False,False,static_fusion,76,6.5,7.5,0.6257174242541061,median
96,s2_wifi_degraded,6.520102407663193,7.416654680272662,False,False,False,wifi_only,76,6.5,7.5,0.21776653258590897,median
96,s2_wifi_degraded,6.520102407663193,7.416654680272662,False,False,False,vlp_only,76,6.5,7.5,0.9999999999010001,median
96,s2_wifi_degraded,6.520102407663193,7.416654680272662,False,False,False,static_fusion,76,6.5,7.5,0.6088832662434545,median
97,s2_wifi_degraded,6.235078071420909,7.80527981884087,False,False,False,wifi_only,76,6.5,7.5,0.18731640789219003,median
97,s2_wifi_degraded,6.235078071420909,7.80527981884087,False,False,False,vlp_only,76,6.5,7.5,0.9999999999010001,median
97,s2_wifi_degraded,6.235078071420909,7.80527981884087,False,False,False,static_fusion,76,6.5,7.5,0.593658203896595,median
98,s2_wifi_degraded,5.98823397903378,7.93574951314563,False,False,False,wifi_only,76,6.5,7.5,0.17165364111350434,median
98,s2_wifi_degraded,5.98823397903378,7.93574951314563,False,False,False,vlp_only,76,6.5,7.5,0.9999999999010001,median
98,s2_wifi_degraded,5.98823397903378,7.93574951314563,False,False,False,static_fusion,76,6.5,7.5,0.5858268205072522,median
99,s2_wifi_degraded,5.822657938153183,7.968265377624689,False,False,False,wifi_only,76,6.5,7.5,0.1716134586592724,median
99,s2_wifi_degraded,5.822657938153183,7.968265377624689,False,False,False,vlp_only,76,6.5,7.5,0.9999999984506432,median
99,s2_wifi_degraded,5.822657938153183,7.968265377624689,False,False,False,static_fusion,76,6.5,7.5,0.5858067285549579,median
0,s2_wifi_degraded,8.548260044884431,3.875368266732585,False,False,False,wifi_only,27,7.5,2.5,0.18580036708006928,ema
0,s2_wifi_degraded,8.548260044884431,3.875368266732585,False,False,False,vlp_only,39,9.5,3.5,0.9999999999010002,ema
0,s2_wifi_degraded,8.548260044884431,3.875368266732585,False,False,False,static_fusion,39,9.5,3.5,0.5581480765890854,ema
1,s2_wifi_degraded,8.648647791547123,3.682160416153107,False,False,False,wifi_only,39,9.5,3.5,0.2202551722449066,ema
1,s2_wifi_degraded,8.648647791547123,3.682160416153107,False,False,False,vlp_only,39,9.5,3.5,0.9999999999010002,ema
1,s2_wifi_degraded,8.648647791547123,3.682160416153107,False,False,False,static_fusion,39,9.5,3.5,0.6101275860729534,ema
2,s2_wifi_degraded,8.904314502785434,3.314602216855924,False,False,False,wifi_only,27,7.5,2.5,0.22058397143055566,ema
2,s2_wifi_degraded,8.904314502785434,3.314602216855924,False,False,False,vlp_only,38,8.5,3.5,0.9999999999010002,ema
2,s2_wifi_degraded,8.904314502785434,3.314602216855924,False,False,False,static_fusion,38,8.5,3.5,0.5900008989833311,ema
3,s2_wifi_degraded,9.310389003930128,3.04167485894367,False,False,False,wifi_only,38,8.5,3.5,0.2108970785317818,ema
3,s2_wifi_degraded,9.310389003930128,3.04167485894367,False,False,False,vlp_only,38,8.5,3.5,0.9999999999010002,ema
3,s2_wifi_degraded,9.310389003930128,3.04167485894367,False,False,False,static_fusion,38,8.5,3.5,0.6054485392163911,ema
4,s2_wifi_degraded,9.706838327803332,2.8964874698404373,False,False,False,wifi_only,39,9.5,3.5,0.19347103933705956,ema
4,s2_wifi_degraded,9.706838327803332,2.8964874698404373,False,False,False,vlp_only,38,8.5,3.5,0.9999139929773366,ema
4,s2_wifi_degraded,9.706838327803332,2.8964874698404373,False,False,False,static_fusion,38,8.5,3.5,0.5852679955578449,ema
5,s2_wifi_degraded,9.41844096729231,2.900422758078939,False,False,False,wifi_only,28,8.5,2.5,0.20438849677821083,ema
5,s2_wifi_degraded,9.41844096729231,2.900422758078939,False,False,False,vlp_only,29,9.5,2.5,0.9999999998163742,ema
5,s2_wifi_degraded,9.41844096729231,2.900422758078939,False,False,False,static_fusion,29,9.5,2.5,0.573773540566857,ema
6,s2_wifi_degraded,8.964378339140287,2.9597287260816096,False,False,False,wifi_only,28,8.5,2.5,0.19138049423642753,ema
6,s2_wifi_degraded,8.964378339140287,2.9597287260816096,False,False,False,vlp_only,29,9.5,2.5,0.9999999919021759,ema
6,s2_wifi_degraded,8.964378339140287,2.9597287260816096,False,False,False,static_fusion,29,9.5,2.5,0.580282760724932,ema
7,s2_wifi_degraded,8.774353844140126,3.131454780222936,False,False,False,wifi_only,38,8.5,3.5,0.22046931110979892,ema
7,s2_wifi_degraded,8.774353844140126,3.131454780222936,False,False,False,vlp_only,29,9.5,2.5,0.9999642014684403,ema
7,s2_wifi_degraded,8.774353844140126,3.131454780222936,False,False,False,static_fusion,29,9.5,2.5,0.5451321939847392,ema
8,s2_wifi_degraded,8.418152736801511,3.188810020474088,False,False,False,wifi_only,27,7.5,2.5,0.24349854706608762,ema
8,s2_wifi_degraded,8.418152736801511,3.188810020474088,False,False,False,vlp_only,38,8.5,3.5,0.9981280949078214,ema
8,s2_wifi_degraded,8.418152736801511,3.188810020474088,False,False,False,static_fusion,38,8.5,3.5,0.5818630577908941,ema
9,s2_wifi_degraded,8.165062128503568,3.3554638975618585,False,False,False,wifi_only,37,7.5,3.5,0.17219227838840964,ema
9,s2_wifi_degraded,8.165062128503568,3.3554638975618585,False,False,False,vlp_only,38,8.5,3.5,0.9999999999010002,ema
9,s2_wifi_degraded,8.165062128503568,3.3554638975618585,False,False,False,static_fusion,38,8.5,3.5,0.5679122758660115,ema
10,s2_wifi_degraded,8.047852018915972,3.3896047138916883,True,False,False,wifi_only,37,7.5,3.5,0.2050414143544737,ema
10,s2_wifi_degraded,8.047852018915972,3.3896047138916883,True,False,False,vlp_only,38,8.5,3.5,0.9999999880488657,ema
10,s2_wifi_degraded,8.047852018915972,3.3896047138916883,True,False,False,static_fusion,38,8.5,3.5,0.5869374198678717,ema
11,s2_wifi_degraded,7.628992597812742,3.5120336380508936,True,False,False,wifi_only,26,6.5,2.5,0.1677561574784459,ema
11,s2_wifi_degraded,7.628992597812742,3.5120336380508936,True,False,False,vlp_only,38,8.5,3.5,0.9280108389678439,ema
11,s2_wifi_degraded,7.628992597812742,3.5120336380508936,True,False,False,static_fusion,38,8.5,3.5,0.5092521131542787,ema
12,s2_wifi_degraded,7.264240580596287,3.551955010215912,True,False,False,wifi_only,36,6.5,3.5,0.16916870118500643,ema
12,s2_wifi_degraded,7.264240580596287,3.551955010215912,True,False,False,vlp_only,37,7.5,3.5,0.999989145255278,ema
12,s2_wifi_degraded,7.264240580596287,3.551955010215912,True,False,False,static_fusion,37,7.5,3.5,0.5679849001155859,ema
13,s2_wifi_degraded,6.807654944686304,3.3798711617406227,True,False,False,wifi_only,26,6.5,2.5,0.21829491777145546,ema
13,s2_wifi_degraded,6.807654944686304,3.3798711617406227,True,False,False,vlp_only,37,7.5,3.5,0.9999999999010002,ema
13,s2_wifi_degraded,6.807654944686304,3.3798711617406227,True,False,False,static_fusion,37,7.5,3.5,0.5709331923688977,ema
14,s2_wifi_degraded,6.644376635151973,3.2678225998295574,True,False,False,wifi_only,34,4.5,3.5,0.1739596747667331,ema
14,s2_wifi_degraded,6.644376635151973,3.2678225998295574,True,False,False,vlp_only,37,7.5,3.5,0.9999999999010002,ema
14,s2_wifi_degraded,6.644376635151973,3.2678225998295574,True,False,False,static_fusion,37,7.5,3.5,0.5000930054135247,ema
15,s2_wifi_degraded,6.164360277507891,3.220123101722137,True,False,False,wifi_only,33,3.5,3.5,0.13294593336200752,ema
15,s2_wifi_degraded,6.164360277507891,3.220123101722137,True,False,False,vlp_only,36,6.5,3.5,0.9999999999010002,ema
15,s2_wifi_degraded,6.164360277507891,3.220123101722137,True,False,False,static_fusion,36,6.5,3.5,0.5001030029865811,ema
16,s2_wifi_degraded,5.921670782647944,3.170353913208966,True,False,False,wifi_only,34,4.5,3.5,0.17772569860602278,ema
16,s2_wifi_degraded,5.921670782647944,3.170353913208966,True,False,False,vlp_only,36,6.5,3.5,0.9999999999010002,ema
16,s2_wifi_degraded,5.921670782647944,3.170353913208966,True,False,False,static_fusion,36,6.5,3.5,0.5073578281903598,ema
17,s2_wifi_degraded,5.679154300480839,2.9818995639648525,True,False,False,wifi_only,26,6.5,2.5,0.1541969910189442,ema
17,s2_wifi_degraded,5.679154300480839,2.9818995639648525,True,False,False,vlp_only,36,6.5,3.5,0.9999999999010002,ema
17,s2_wifi_degraded,5.679154300480839,2.9818995639648525,True,False,False,static_fusion,36,6.5,3.5,0.5704573376243428,ema
18,s2_wifi_degraded,5.40719635144305,2.708371836226452,True,False,False,wifi_only,4,4.5,0.5,0.21723785589619593,ema
18,s2_wifi_degraded,5.40719635144305,2.708371836226452,True,False,False,vlp_only,25,5.5,2.5,0.9999999999010002,ema
18,s2_wifi_degraded,5.40719635144305,2.708371836226452,True,False,False,static_fusion,25,5.5,2.5,0.5198024774001013,ema
19,s2_wifi_degraded,5.231798982702207,2.4839699101632213,True,False,False,wifi_only,4,4.5,0.5,0.3885527582673621,ema
19,s2_wifi_degraded,5.231798982702207,2.4839699101632213,True,False,False,vlp_only,25,5.5,2.5,0.9999999999010002,ema
19,s2_wifi_degraded,5.231798982702207,2.4839699101632213,True,False,False,static_fusion,25,5.5,2.5,0.5143212136684817,ema
20,s2_wifi_degraded,5.28923634607891,2.192766390499288,False,False,False,wifi_only,4,4.5,0.5,0.34626601090234627,ema
20,s2_wifi_degraded,5.28923634607891,2.192766390499288,False,False,False,vlp_only,25,5.5,2.5,0.9999999998973232,ema
20,s2_wifi_degraded,5.28923634607891,2.192766390499288,False,False,False,static_fusion,25,5.5,2.5,0.5097096487761869,ema
21,s2_wifi_degraded,5.38054459804343,2.090291333531373,False,False,False,wifi_only,14,4.5,1.5,0.21447431031365857,ema
21,s2_wifi_degraded,5.38054459804343,2.090291333531373,False,False,False,vlp_only,25,5.5,2.5,0.9999999917078621,ema
21,s2_wifi_degraded,5.38054459804343,2.090291333531373,False,False,False,static_fusion,25,5.5,2.5,0.5298870404092022,ema
22,s2_wifi_degraded,5.395660287878729,1.904575277898607,False,False,False,wifi_only,15,5.5,1.5,0.19803256035760836,ema
22,s2_wifi_degraded,5.395660287878729,1.904575277898607,False,False,False,vlp_only,25,5.5,2.5,0.9998720990933442,ema
22,s2_wifi_degraded,5.395660287878729,1.904575277898607,False,False,False,static_fusion,25,5.5,2.5,0.5705362934793317,ema
23,s2_wifi_degraded,5.346981386445022,1.7399481748937806,False,False,False,wifi_only,15,5.5,1.5,0.20939700721307053,ema
23,s2_wifi_degraded,5.346981386445022,1.7399481748937806,False,False,False,vlp_only,25,5.5,2.5,0.8408721988166402,ema
23,s2_wifi_degraded,5.346981386445022,1.7399481748937806,False,False,False,static_fusion,25,5.5,2.5,0.5074355218365509,ema
24,s2_wifi_degraded,5.356397214861652,1.3990305548570758,False,False,False,wifi_only,15,5.5,1.5,0.21093822181153757,ema
24,s2_wifi_degraded,5.356397214861652,1.3990305548570758,False,False,False,vlp_only,15,5.5,1.5,0.9999737065868947,ema
24,s2_wifi_degraded,5.356397214861652,1.3990305548570758,False,False,False,static_fusion,15,5.5,1.5,0.6054559641992161,ema
25,s2_wifi_degraded,5.55511192506875,1.1971395250192285,False,False,False,wifi_only,25,5.5,2.5,0.20343202983389175,ema
25,s2_wifi_degraded,5.55511192506875,1.1971395250192285,False,False,False,vlp_only,15,5.5,1.5,0.9999999883956205,ema
25,s2_wifi_degraded,5.55511192506875,1.1971395250192285,False,False,False,static_fusion,15,5.5,1.5,0.5799683231858648,ema
26,s2_wifi_degraded,5.644488914276651,1.1264421585125568,False,False,False,wifi_only,24,4.5,2.5,0.15587755000511294,ema
26,s2_wifi_degraded,5.644488914276651,1.1264421585125568,False,False,False,vlp_only,15,5.5,1.5,0.9999999949028597,ema
26,s2_wifi_degraded,5.644488914276651,1.1264421585125568,False,False,False,static_fusion,15,5.5,1.5,0.5614768202230707,ema
27,s2_wifi_degraded,5.99191614365339,0.7779056103368667,False,False,False,wifi_only,25,5.5,2.5,0.15982568495723165,ema
27,s2_wifi_degraded,5.99191614365339,0.7779056103368667,False,False,False,vlp_only,15,5.5,1.5,0.9999999998843767,ema
27,s2_wifi_degraded,5.99191614365339,0.7779056103368667,False,False,False,static_fusion,15,5.5,1.5,0.5744063608477301,ema
28,s2_wifi_degraded,6.3719359824611015,0.5133126785859624,False,False,False,wifi_only,26,6.5,2.5,0.1499553054468619,ema
28,s2_wifi_degraded,6.3719359824611015,0.5133126785859624,False,False,False,vlp_only,15,5.5,1.5,0.9999999999010003,ema
28,s2_wifi_degraded,6.3719359824611015,0.5133126785859624,False,False,False,static_fusion,15,5.5,1.5,0.5387837506495765,ema
29,s2_wifi_degraded,6.642725720701172,0.2610300095402053,False,False,False,wifi_only,5,5.5,0.5,0.24244911894252816,ema
29,s2_wifi_degraded,6.642725720701172,0.2610300095402053,False,False,False,vlp_only,6,6.5,0.5,0.9999999999010003,ema
29,s2_wifi_degraded,6.642725720701172,0.2610300095402053,False,False,False,static_fusion,6,6.5,0.5,0.548019013842582,ema
30,s2_wifi_degraded,6.746242668239441,0.1917048919949815,False,False,False,wifi_only,6,6.5,0.5,0.2759066543233721,ema
30,s2_wifi_degraded,6.746242668239441,0.1917048919949815,False,False,False,vlp_only,6,6.5,0.5,0.9999999999010003,ema
30,s2_wifi_degraded,6.746242668239441,0.1917048919949815,False,False,False,static_fusion,6,6.5,0.5,0.6379533271121862,ema
31,s2_wifi_degraded,6.356442515941112,0.4369455288091974,False,False,False,wifi_only,6,6.5,0.5,0.27882180213435936,ema
31,s2_wifi_degraded,6.356442515941112,0.4369455288091974,False,False,False,vlp_only,6,6.5,0.5,0.9999999999010003,ema
31,s2_wifi_degraded,6.356442515941112,0.4369455288091974,False,False,False,static_fusion,6,6.5,0.5,0.6394109010176797,ema
32,s2_wifi_degraded,6.090439232524188,0.6864641265250186,False,False,False,wifi_only,6,6.5,0.5,0.3614783440752108,ema
32,s2_wifi_degraded,6.090439232524188,0.6864641265250186,False,False,False,vlp_only,6,6.5,0.5,0.9999999999010003,ema
32,s2_wifi_degraded,6.090439232524188,0.6864641265250186,False,False,False,static_fusion,6,6.5,0.5,0.6807391719881055,ema
33,s2_wifi_degraded,5.949226125977861,0.8518939098654703,False,False,False,wifi_only,16,6.5,1.5,0.218020195542872,ema
33,s2_wifi_degraded,5.949226125977861,0.8518939098654703,False,False,False,vlp_only,6,6.5,0.5,0.9999999999010003,ema
33,s2_wifi_degraded,5.949226125977861,0.8518939098654703,False,False,False,static_fusion,6,6.5,0.5,0.5835353777803945,ema
34,s2_wifi_degraded,5.8095047430555145,1.1091466717902831,False,False,False,wifi_only,16,6.5,1.5,0.17886110762180224,ema
34,s2_wifi_degraded,5.8095047430555145,1.1091466717902831,False,False,False,vlp_only,6,6.5,0.5,0.9999999999010003,ema
34,s2_wifi_degraded,5.8095047430555145,1.1091466717902831,False,False,False,static_fusion,6,6.5,0.5,0.5650983364120375,ema
35,s2_wifi_degraded,5.579978519259318,1.272432489793561,True,False,False,wifi_only,5,5.5,0.5,0.4004617831797217,ema
35,s2_wifi_degraded,5.579978519259318,1.272432489793561,True,False,False,vlp_only,15,5.5,1.5,0.9999999999010003,ema
35,s2_wifi_degraded,5.579978519259318,1.272432489793561,True,False,False,static_fusion,15,5.5,1.5,0.5757622593129318,ema
36,s2_wifi_degraded,5.338528190625762,1.3036592905789073,True,False,False,wifi_only,5,5.5,0.5,0.21965156967754068,ema
36,s2_wifi_degraded,5.338528190625762,1.3036592905789073,True,False,False,vlp_only,15,5.5,1.5,0.9999999999010003,ema
36,s2_wifi_degraded,5.338528190625762,1.3036592905789073,True,False,False,static_fusion,15,5.5,1.5,0.606053683180395,ema
37,s2_wifi_degraded,4.912072310282084,1.4157812756540196,True,False,False,wifi_only,5,5.5,0.5,0.48125931014195206,ema
37,s2_wifi_degraded,4.912072310282084,1.4157812756540196,True,False,False,vlp_only,15,5.5,1.5,0.9999999999010003,ema
37,s2_wifi_degraded,4.912072310282084,1.4157812756540196,True,False,False,static_fusion,15,5.5,1.5,0.5704669016032936,ema
38,s2_wifi_degraded,4.826303961432351,1.586236364932186,True,False,False,wifi_only,4,4.5,0.5,0.4293508398998955,ema
38,s2_wifi_degraded,4.826303961432351,1.586236364932186,True,False,False,vlp_only,15,5.5,1.5,0.9999785248008449,ema
38,s2_wifi_degraded,4.826303961432351,1.586236364932186,True,False,False,static_fusion,15,5.5,1.5,0.5211825929765611,ema
39,s2_wifi_degraded,4.8018178978276085,1.8759997678234683,True,False,False,wifi_only,4,4.5,0.5,0.26506802541555696,ema
39,s2_wifi_degraded,4.8018178978276085,1.8759997678234683,True,False,False,vlp_only,5,5.5,0.5,0.9999999697468752,ema
39,s2_wifi_degraded,4.8018178978276085,1.8759997678234683,True,False,False,static_fusion,5,5.5,0.5,0.5107305804896366,ema
40,s2_wifi_degraded,4.769561461430565,2.1910721381589235,True,False,False,wifi_only,4,4.5,0.5,0.1694371745484087,ema
40,s2_wifi_degraded,4.769561461430565,2.1910721381589235,True,False,False,vlp_only,4,4.5,0.5,0.9720850010680273,ema
40,s2_wifi_degraded,4.769561461430565,2.1910721381589235,True,False,False,static_fusion,4,4.5,0.5,0.570761087808218,ema
41,s2_wifi_degraded,4.525918490013359,2.572296491893161,True,False,False,wifi_only,34,4.5,3.5,0.1692136367614605,ema
41,s2_wifi_degraded,4.525918490013359,2.572296491893161,True,False,False,vlp_only,24,4.5,2.5,0.9282545905274634,ema
41,s2_wifi_degraded,4.525918490013359,2.572296491893161,True,False,False,static_fusion,24,4.5,2.5,0.5388348848414084,ema
42,s2_wifi_degraded,4.603145206950584,2.691606464543516,True,False,False,wifi_only,59,9.5,5.5,0.11653029700510636,ema
42,s2_wifi_degraded,4.603145206950584,2.691606464543516,True,False,False,vlp_only,24,4.5,2.5,0.9999969535576966,ema
42,s2_wifi_degraded,4.603145206950584,2.691606464543516,True,False,False,static_fusion,24,4.5,2.5,0.5040554233787374,ema
43,s2_wifi_degraded,4.636858519470941,2.83301729155527,True,False,False,wifi_only,50,0.5,5.5,0.25479744509088503,ema
43,s2_wifi_degraded,4.636858519470941,2.83301729155527,True,False,False,vlp_only,24,4.5,2.5,0.9999999830864792,ema
43,s2_wifi_degraded,4.636858519470941,2.83301729155527,True,False,False,static_fusion,24,4.5,2.5,0.5004850793466573,ema
44,s2_wifi_degraded,4.734121569139968,3.1877348970907184,True,False,False,wifi_only,33,3.5,3.5,0.142344451290731,ema
44,s2_wifi_degraded,4.734121569139968,3.1877348970907184,True,False,False,vlp_only,24,4.5,2.5,0.9507149470547348,ema
44,s2_wifi_degraded,4.734121569139968,3.1877348970907184,True,False,False,static_fusion,24,4.5,2.5,0.5130656559705974,ema
45,s2_wifi_degraded,4.820450082367587,3.2794971977323337,True,False,False,wifi_only,59,9.5,5.5,0.09337785018640239,ema
45,s2_wifi_degraded,4.820450082367587,3.2794971977323337,True,False,False,vlp_only,34,4.5,3.5,0.9999999999010002,ema
45,s2_wifi_degraded,4.820450082367587,3.2794971977323337,True,False,False,static_fusion,34,4.5,3.5,0.5308887536887416,ema
46,s2_wifi_degraded,5.062857013263392,3.3252726841438496,True,False,False,wifi_only,44,4.5,4.5,0.1539431343650197,ema
46,s2_wifi_degraded,5.062857013263392,3.3252726841438496,True,False,False,vlp_only,34,4.5,3.5,0.9999999999010002,ema
46,s2_wifi_degraded,5.062857013263392,3.3252726841438496,True,False,False,static_fusion,34,4.5,3.5,0.5506507681114098,ema
47,s2_wifi_degraded,5.223527674927983,3.3636079119505795,True,False,False,wifi_only,34,4.5,3.5,0.15840301992404046,ema
47,s2_wifi_degraded,5.223527674927983,3.3636079119505795,True,False,False,vlp_only,34,4.5,3.5,0.9999999998367076,ema
47,s2_wifi_degraded,5.223527674927983,3.3636079119505795,True,False,False,static_fusion,34,4.5,3.5,0.579201509880374,ema
48,s2_wifi_degraded,5.715643126853525,3.4347811219492,True,False,False,wifi_only,5,5.5,0.5,0.18276050394994411,ema
48,s2_wifi_degraded,5.715643126853525,3.4347811219492,True,False,False,vlp_only,35,5.5,3.5,0.9999999999010002,ema
48,s2_wifi_degraded,5.715643126853525,3.4347811219492,True,False,False,static_fusion,35,5.5,3.5,0.5380215239694937,ema
49,s2_wifi_degraded,6.036475943181564,3.33849425496013,True,False,False,wifi_only,4,4.5,0.5,0.1502785893619408,ema
49,s2_wifi_degraded,6.036475943181564,3.33849425496013,True,False,False,vlp_only,35,5.5,3.5,0.9999999999010002,ema
49,s2_wifi_degraded,6.036475943181564,3.33849425496013,True,False,False,static_fusion,35,5.5,3.5,0.5328579614828202,ema
50,s2_wifi_degraded,6.26597077792921,3.2310160910129526,False,False,False,wifi_only,25,5.5,2.5,0.177821160326203,ema
50,s2_wifi_degraded,6.26597077792921,3.2310160910129526,False,False,False,vlp_only,25,5.5,2.5,0.9999999999010002,ema
50,s2_wifi_degraded,6.26597077792921,3.2310160910129526,False,False,False,static_fusion,25,5.5,2.5,0.5889105801136015,ema
51,s2_wifi_degraded,6.557154939381723,3.0499936079927075,False,False,False,wifi_only,36,6.5,3.5,0.15441545480693894,ema
51,s2_wifi_degraded,6.557154939381723,3.0499936079927075,False,False,False,vlp_only,36,6.5,3.5,0.9999999999010002,ema
51,s2_wifi_degraded,6.557154939381723,3.0499936079927075,False,False,False,static_fusion,36,6.5,3.5,0.5772077273539695,ema
52,s2_wifi_degraded,6.7452470995562726,2.868494108966797,False,False,False,wifi_only,36,6.5,3.5,0.15087173566572226,ema
52,s2_wifi_degraded,6.7452470995562726,2.868494108966797,False,False,False,vlp_only,36,6.5,3.5,0.9999999999010002,ema
52,s2_wifi_degraded,6.7452470995562726,2.868494108966797,False,False,False,static_fusion,36,6.5,3.5,0.5754358677833612,ema
53,s2_wifi_degraded,6.89633119872926,2.646701910339533,False,False,False,wifi_only,26,6.5,2.5,0.1674555615578165,ema
53,s2_wifi_degraded,6.89633119872926,2.646701910339533,False,False,False,vlp_only,26,6.5,2.5,0.9999999999010002,ema
53,s2_wifi_degraded,6.89633119872926,2.646701910339533,False,False,False,static_fusion,26,6.5,2.5,0.5837277807294082,ema
54,s2_wifi_degraded,7.093839490462012,2.230395250989873,False,False,False,wifi_only,26,6.5,2.5,0.1942631879942315,ema
54,s2_wifi_degraded,7.093839490462012,2.230395250989873,False,False,False,vlp_only,26,6.5,2.5,0.9999999999010002,ema
54,s2_wifi_degraded,7.093839490462012,2.230395250989873,False,False,False,static_fusion,26,6.5,2.5,0.5971315939476158,ema
55,s2_wifi_degraded,7.327799421114381,2.083866639869165,False,False,False,wifi_only,26,6.5,2.5,0.20547480005401528,ema
55,s2_wifi_degraded,7.327799421114381,2.083866639869165,False,False,False,vlp_only,26,6.5,2.5,0.9999999998996811,ema
55,s2_wifi_degraded,7.327799421114381,2.083866639869165,False,False,False,static_fusion,26,6.5,2.5,0.6027373999768482,ema
56,s2_wifi_degraded,7.4404788553418495,2.0885416935474934,False,False,False,wifi_only,16,6.5,1.5,0.21534793635138,ema
56,s2_wifi_degraded,7.4404788553418495,2.0885416935474934,False,False,False,vlp_only,27,7.5,2.5,0.9999999377603679,ema
56,s2_wifi_degraded,7.4404788553418495,2.0885416935474934,False,False,False,static_fusion,27,7.5,2.5,0.5601610405476172,ema
57,s2_wifi_degraded,7.579211275373233,2.0714456103345764,False,False,False,wifi_only,16,6.5,1.5,0.2026580695274301,ema
57,s2_wifi_degraded,7.579211275373233,2.0714456103345764,False,False,False,vlp_only,27,7.5,2.5,0.9999904555477386,ema
57,s2_wifi_degraded,7.579211275373233,2.0714456103345764,False,False,False,static_fusion,27,7.5,2.5,0.5850928592469684,ema
58,s2_wifi_degraded,7.844337613028887,1.6670430401807117,False,False,False,wifi_only,27,7.5,2.5,0.27587741987557546,ema
58,s2_wifi_degraded,7.844337613028887,1.6670430401807117,False,False,False,vlp_only,17,7.5,1.5,0.9642877028542991,ema
58,s2_wifi_degraded,7.844337613028887,1.6670430401807117,False,False,False,static_fusion,17,7.5,1.5,0.5483821646484242,ema
59,s2_wifi_degraded,7.979950544975631,1.4630004361001532,False,False,False,wifi_only,17,7.5,1.5,0.289123718172684,ema
59,s2_wifi_degraded,7.979950544975631,1.4630004361001532,False,False,False,vlp_only,17,7.5,1.5,0.9999997838294418,ema
59,s2_wifi_degraded,7.979950544975631,1.4630004361001532,False,False,False,static_fusion,17,7.5,1.5,0.6445617510010628,ema
60,s2_wifi_degraded,8.127206923732981,1.3162437323059886,True,False,False,wifi_only,17,7.5,1.5,0.4962171716964069,ema
60,s2_wifi_degraded,8.127206923732981,1.3162437323059886,True,False,False,vlp_only,17,7.5,1.5,0.9999997284885714,ema
60,s2_wifi_degraded,8.127206923732981,1.3162437323059886,True,False,False,static_fusion,17,7.5,1.5,0.7481084500924892,ema
61,s2_wifi_degraded,8.189098931075993,1.1020139318013231,True,False,False,wifi_only,17,7.5,1.5,0.3341375694077763,ema
61,s2_wifi_degraded,8.189098931075993,1.1020139318013231,True,False,False,vlp_only,17,7.5,1.5,0.9631846533334399,ema
61,s2_wifi_degraded,8.189098931075993,1.1020139318013231,True,False,False,static_fusion,17,7.5,1.5,0.6486611113706081,ema
62,s2_wifi_degraded,8.244559866287215,0.9834290739202508,True,False,False,wifi_only,18,8.5,1.5,0.36257275124224503,ema
62,s2_wifi_degraded,8.244559866287215,0.9834290739202508,True,False,False,vlp_only,17,7.5,1.5,0.6513546191351388,ema
62,s2_wifi_degraded,8.244559866287215,0.9834290739202508,True,False,False,static_fusion,18,8.5,1.5,0.35560906600455333,ema
63,s2_wifi_degraded,8.469449233099015,0.5380851752887181,True,False,False,wifi_only,18,8.5,1.5,0.3373517356811367,ema
63,s2_wifi_degraded,8.469449233099015,0.5380851752887181,True,False,False,vlp_only,18,8.5,1.5,0.9999790052035734,ema
63,s2_wifi_degraded,8.469449233099015,0.5380851752887181,True,False,False,static_fusion,18,8.5,1.5,0.6686653704423549,ema
64,s2_wifi_degraded,8.61129496830597,0.2850740111733432,True,False,False,wifi_only,18,8.5,1.5,0.45655464941704327,ema
64,s2_wifi_degraded,8.61129496830597,0.2850740111733432,True,False,False,vlp_only,8,8.5,0.5,0.9700961084602843,ema
64,s2_wifi_degraded,8.61129496830597,0.2850740111733432,True,False,False,static_fusion,8,8.5,0.5,0.6198726309981405,ema
65,s2_wifi_degraded,8.649656672908945,0.1829723899998202,True,False,False,wifi_only,8,8.5,0.5,0.31826100834462123,ema
65,s2_wifi_degraded,8.649656672908945,0.1829723899998202,True,False,False,vlp_only,8,8.5,0.5,0.99939296094568,ema
65,s2_wifi_degraded,8.649656672908945,0.1829723899998202,True,False,False,static_fusion,8,8.5,0.5,0.6588269846451504,ema
66,s2_wifi_degraded,8.433510539178341,0.5984305923139432,True,False,False,wifi_only,9,9.5,0.5,0.30119161774180325,ema
66,s2_wifi_degraded,8.433510539178341,0.5984305923139432,True,False,False,vlp_only,8,8.5,0.5,0.9997210938823946,ema
66,s2_wifi_degraded,8.433510539178341,0.5984305923139432,True,False,False,static_fusion,8,8.5,0.5,0.6153971416052243,ema
67,s2_wifi_degraded,8.390725265666473,0.8870681197350446,True,False,False,wifi_only,9,9.5,0.5,0.3314984108280058,ema
67,s2_wifi_degraded,8.390725265666473,0.8870681197350446,True,False,False,vlp_only,8,8.5,0.5,0.9999378920692003,ema
67,s2_wifi_degraded,8.390725265666473,0.8870681197350446,True,False,False,static_fusion,8,8.5,0.5,0.6178073548037329,ema
68,s2_wifi_degraded,8.28586833451047,1.075450447649671,True,False,False,wifi_only,8,8.5,0.5,0.4019561464633867,ema
68,s2_wifi_degraded,8.28586833451047,1.075450447649671,True,False,False,vlp_only,8,8.5,0.5,0.9999847976645773,ema
68,s2_wifi_degraded,8.28586833451047,1.075450447649671,True,False,False,static_fusion,8,8.5,0.5,0.700970472063982,ema
69,s2_wifi_degraded,8.00771188370768,1.2586421068158191,True,False,False,wifi_only,8,8.5,0.5,0.4535624253722527,ema
69,s2_wifi_degraded,8.00771188370768,1.2586421068158191,True,False,False,vlp_only,18,8.5,1.5,0.9999999950849383,ema
69,s2_wifi_degraded,8.00771188370768,1.2586421068158191,True,False,False,static_fusion,18,8.5,1.5,0.6487997144527763,ema
70,s2_wifi_degraded,7.876253087162693,1.4325757096206515,True,False,False,wifi_only,8,8.5,0.5,0.5697251140141533,ema
70,s2_wifi_degraded,7.876253087162693,1.4325757096206515,True,False,False,vlp_only,18,8.5,1.5,0.9999960453374835,ema
70,s2_wifi_degraded,7.876253087162693,1.4325757096206515,True,False,False,static_fusion,18,8.5,1.5,0.6074158224859774,ema
71,s2_wifi_degraded,7.764584357169141,1.783515740895847,True,False,False,wifi_only,8,8.5,0.5,0.4873185986816957,ema
71,s2_wifi_degraded,7.764584357169141,1.783515740895847,True,False,False,vlp_only,18,8.5,1.5,0.9806613012595052,ema
71,s2_wifi_degraded,7.764584357169141,1.783515740895847,True,False,False,static_fusion,18,8.5,1.5,0.6339804470857926,ema
72,s2_wifi_degraded,7.724461665749093,1.919199890822522,True,False,False,wifi_only,7,7.5,0.5,0.6996915618217384,ema
72,s2_wifi_degraded,7.724461665749093,1.919199890822522,True,False,False,vlp_only,17,7.5,1.5,0.8654195046512335,ema
72,s2_wifi_degraded,7.724461665749093,1.919199890822522,True,False,False,static_fusion,17,7.5,1.5,0.5103978794099966,ema
73,s2_wifi_degraded,7.434410446855592,2.196460502510213,False,False,False,wifi_only,7,7.5,0.5,0.5067916065189448,ema
73,s2_wifi_degraded,7.434410446855592,2.196460502510213,False,False,False,vlp_only,17,7.5,1.5,0.9999993507833294,ema
73,s2_wifi_degraded,7.434410446855592,2.196460502510213,False,False,False,static_fusion,17,7.5,1.5,0.6492229061804087,ema
74,s2_wifi_degraded,7.329501734941545,2.341512908882469,False,False,False,wifi_only,7,7.5,0.5,0.3149872306278069,ema
74,s2_wifi_degraded,7.329501734941545,2.341512908882469,False,False,False,vlp_only,17,7.5,1.5,0.990377782337823,ema
74,s2_wifi_degraded,7.329501734941545,2.341512908882469,False,False,False,static_fusion,17,7.5,1.5,0.6308248931563162,ema
75,s2_wifi_degraded,7.071931175766185,2.639246667376174,False,False,False,wifi_only,7,7.5,0.5,0.30291839034792395,ema
75,s2_wifi_degraded,7.071931175766185,2.639246667376174,False,False,False,vlp_only,27,7.5,2.5,0.9998374088880091,ema
75,s2_wifi_degraded,7.071931175766185,2.639246667376174,False,False,False,static_fusion,27,7.5,2.5,0.5419870679231039,ema
76,s2_wifi_degraded,6.978026390337671,2.8586906033898587,False,False,False,wifi_only,27,7.5,2.5,0.21458743409720266,ema
76,s2_wifi_degraded,6.978026390337671,2.8586906033898587,False,False,False,vlp_only,27,7.5,2.5,0.9999999996553555,ema
76,s2_wifi_degraded,6.978026390337671,2.8586906033898587,False,False,False,static_fusion,27,7.5,2.5,0.6072937168762791,ema
77,s2_wifi_degraded,7.056281076272732,3.07562739707137,False,False,False,wifi_only,16,6.5,1.5,0.23936592894273465,ema
77,s2_wifi_degraded,7.056281076272732,3.07562739707137,False,False,False,vlp_only,26,6.5,2.5,0.9999999996553862,ema
77,s2_wifi_degraded,7.056281076272732,3.07562739707137,False,False,False,static_fusion,26,6.5,2.5,0.5880816076366444,ema
78,s2_wifi_degraded,6.986478911581751,3.499417790512807,False,False,False,wifi_only,26,6.5,2.5,0.17881689426154507,ema
78,s2_wifi_degraded,6.986478911581751,3.499417790512807,False,False,False,vlp_only,37,7.5,3.5,0.9999999976017546,ema
78,s2_wifi_degraded,6.986478911581751,3.499417790512807,False,False,False,static_fusion,37,7.5,3.5,0.5820370843380938,ema
79,s2_wifi_degraded,7.059635179641974,3.643912026483358,False,False,False,wifi_only,37,7.5,3.5,0.15968472086339489,ema
79,s2_wifi_degraded,7.059635179641974,3.643912026483358,False,False,False,vlp_only,37,7.5,3.5,0.9999999999010002,ema
79,s2_wifi_degraded,7.059635179641974,3.643912026483358,False,False,False,static_fusion,37,7.5,3.5,0.5798423603821975,ema
80,s2_wifi_degraded,7.111230980212548,3.866216527347812,False,False,False,wifi_only,36,6.5,3.5,0.18321939239092394,ema
80,s2_wifi_degraded,7.111230980212548,3.866216527347812,False,False,False,vlp_only,37,7.5,3.5,0.9999999999010002,ema
80,s2_wifi_degraded,7.111230980212548,3.866216527347812,False,False,False,static_fusion,37,7.5,3.5,0.5620716541898928,ema
81,s2_wifi_degraded,7.093666462300226,4.151666727840037,False,False,False,wifi_only,36,6.5,3.5,0.1654290393902466,ema
81,s2_wifi_degraded,7.093666462300226,4.151666727840037,False,False,False,vlp_only,36,6.5,3.5,0.9999999999010002,ema
81,s2_wifi_degraded,7.093666462300226,4.151666727840037,False,False,False,static_fusion,36,6.5,3.5,0.5827145196456234,ema
82,s2_wifi_degraded,7.179940304559092,4.40982120831966,False,False,False,wifi_only,47,7.5,4.5,0.15944287314371433,ema
82,s2_wifi_degraded,7.179940304559092,4.40982120831966,False,False,False,vlp_only,36,6.5,3.5,0.9999999999010002,ema
82,s2_wifi_degraded,7.179940304559092,4.40982120831966,False,False,False,static_fusion,36,6.5,3.5,0.5645181753240961,ema
83,s2_wifi_degraded,7.389306456175779,4.728806808316636,False,False,False,wifi_only,36,6.5,3.5,0.13905120488273948,ema
83,s2_wifi_degraded,7.389306456175779,4.728806808316636,False,False,False,vlp_only,47,7.5,4.5,0.9999999999010002,ema
83,s2_wifi_degraded,7.389306456175779,4.728806808316636,False,False,False,static_fusion,47,7.5,4.5,0.5694511505807808,ema
84,s2_wifi_degraded,7.471099094223947,5.062300262899215,False,False,False,wifi_only,36,6.5,3.5,0.17175651874221606,ema
84,s2_wifi_degraded,7.471099094223947,5.062300262899215,False,False,False,vlp_only,47,7.5,4.5,0.9999999999010002,ema
84,s2_wifi_degraded,7.471099094223947,5.062300262899215,False,False,False,static_fusion,47,7.5,4.5,0.5688673682644013,ema
85,s2_wifi_degraded,7.639476103338564,5.452330212055501,True,False,False,wifi_only,57,7.5,5.5,0.14715562287154108,ema
85,s2_wifi_degraded,7.639476103338564,5.452330212055501,True,False,False,vlp_only,47,7.5,4.5,0.9999999998964357,ema
85,s2_wifi_degraded,7.639476103338564,5.452330212055501,True,False,False,static_fusion,47,7.5,4.5,0.5133355060944238,ema
86,s2_wifi_degraded,7.590210281547375,5.578300437724326,True,False,False,wifi_only,59,9.5,5.5,0.1769216617634534,ema
86,s2_wifi_degraded,7.590210281547375,5.578300437724326,True,False,False,vlp_only,57,7.5,5.5,0.999999999657115,ema
86,s2_wifi_degraded,7.590210281547375,5.578300437724326,True,False,False,static_fusion,57,7.5,5.5,0.5399254302151637,ema
87,s2_wifi_degraded,7.462795792010998,5.791477714093946,True,False,False,wifi_only,78,8.5,7.5,0.16136356752870012,ema
87,s2_wifi_degraded,7.462795792010998,5.791477714093946,True,False,False,vlp_only,57,7.5,5.5,0.9999999986568971,ema
87,s2_wifi_degraded,7.462795792010998,5.791477714093946,True,False,False,static_fusion,57,7.5,5.5,0.5057429521208289,ema
88,s2_wifi_degraded,7.440607753073426,5.980848219358611,True,False,False,wifi_only,68,8.5,6.5,0.16749239502547347,ema
88,s2_wifi_degraded,7.440607753073426,5.980848219358611,True,False,False,vlp_only,57,7.5,5.5,0.999999999133876,ema
88,s2_wifi_degraded,7.440607753073426,5.980848219358611,True,False,False,static_fusion,57,7.5,5.5,0.5343758811569804,ema
89,s2_wifi_degraded,7.440906125309533,6.113793031097752,True,False,False,wifi_only,79,9.5,7.5,0.2418421661003632,ema
89,s2_wifi_degraded,7.440906125309533,6.113793031097752,True,False,False,vlp_only,57,7.5,5.5,0.9999999998133996,ema
89,s2_wifi_degraded,7.440906125309533,6.113793031097752,True,False,False,static_fusion,57,7.5,5.5,0.5062641984637785,ema
90,s2_wifi_degraded,7.279806471044582,6.464561962588011,True,False,False,wifi_only,99,9.5,9.5,0.36446268085334754,ema
90,s2_wifi_degraded,7.279806471044582,6.464561962588011,True,False,False,vlp_only,66,6.5,6.5,0.9999874053768406,ema
90,s2_wifi_degraded,7.279806471044582,6.464561962588011,True,False,False,static_fusion,66,6.5,6.5,0.5000892130163562,ema
91,s2_wifi_degraded,7.195775699002211,6.545903417221667,True,False,False,wifi_only,89,9.5,8.5,0.2703799526379221,ema
91,s2_wifi_degraded,7.195775699002211,6.545903417221667,True,False,False,vlp_only,66,6.5,6.5,0.9999999999010001,ema
91,s2_wifi_degraded,7.195775699002211,6.545903417221667,True,False,False,static_fusion,66,6.5,6.5,0.5000364007657915,ema
92,s2_wifi_degraded,7.071679731335141,6.664553875446808,True,False,False,wifi_only,79,9.5,7.5,0.14601290532672068,ema
92,s2_wifi_degraded,7.071679731335141,6.664553875446808,True,False,False,vlp_only,67,7.5,6.5,0.9999999999010001,ema
92,s2_wifi_degraded,7.071679731335141,6.664553875446808,True,False,False,static_fusion,67,7.5,6.5,0.528252724945089,ema
93,s2_wifi_degraded,6.88601961932652,6.885266262387327,True,False,False,wifi_only,88,8.5,8.5,0.1992648800112095,ema
93,s2_wifi_degraded,6.88601961932652,6.885266262387327,True,False,False,vlp_only,67,7.5,6.5,0.9999999999010001,ema
93,s2_wifi_degraded,6.88601961932652,6.885266262387327,True,False,False,static_fusion,67,7.5,6.5,0.5152898629146625,ema
94,s2_wifi_degraded,6.836265376227635,7.09347815473235,True,False,False,wifi_only,73,3.5,7.5,0.1447424472740529,ema
94,s2_wifi_degraded,6.836265376227635,7.09347815473235,True,False,False,vlp_only,67,7.5,6.5,0.9999999999010001,ema
94,s2_wifi_degraded,6.836265376227635,7.09347815473235,True,False,False,static_fusion,67,7.5,6.5,0.500308185277152,ema
95,s2_wifi_degraded,6.749970613133377,7.2047970050942345,False,False,False,wifi_only,76,6.5,7.5,0.16747800232111498,ema
95,s2_wifi_degraded,6.749970613133377,7.2047970050942345,False,False,False,vlp_only,67,7.5,6.5,0.9999996776137843,ema
95,s2_wifi_degraded,6.749970613133377,7.2047970050942345,False,False,False,static_fusion,67,7.5,6.5,0.5014113172557961,ema
96,s2_wifi_degraded,6.520102407663193,7.416654680272662,False,False,False,wifi_only,76,6.5,7.5,0.17409121184508405,ema
96,s2_wifi_degraded,6.520102407663193,7.416654680272662,False,False,False,vlp_only,76,6.5,7.5,0.9999999999010001,ema
96,s2_wifi_degraded,6.520102407663193,7.416654680272662,False,False,False,static_fusion,76,6.5,7.5,0.587045605873042,ema
97,s2_wifi_degraded,6.235078071420909,7.80527981884087,False,False,False,wifi_only,76,6.5,7.5,0.17545399052994134,ema
97,s2_wifi_degraded,6.235078071420909,7.80527981884087,False,False,False,vlp_only,76,6.5,7.5,0.9999999999010001,ema
97,s2_wifi_degraded,6.235078071420909,7.80527981884087,False,False,False,static_fusion,76,6.5,7.5,0.5877269952154706,ema
98,s2_wifi_degraded,5.98823397903378,7.93574951314563,False,False,False,wifi_only,87,7.5,8.5,0.14429970901940822,ema
98,s2_wifi_degraded,5.98823397903378,7.93574951314563,False,False,False,vlp_only,76,6.5,7.5,0.999999999900018,ema
98,s2_wifi_degraded,5.98823397903378,7.93574951314563,False,False,False,static_fusion,76,6.5,7.5,0.5717722158475318,ema
99,s2_wifi_degraded,5.822657938153183,7.968265377624689,False,False,False,wifi_only,86,6.5,8.5,0.17136340898537664,ema
99,s2_wifi_degraded,5.822657938153183,7.968265377624689,False,False,False,vlp_only,96,6.5,9.5,0.9999999836777527,ema
99,s2_wifi_degraded,5.822657938153183,7.968265377624689,False,False,False,static_fusion,96,6.5,9.5,0.5796794313579545,ema
0,s3_vlp_blocked,8.548260044884431,3.875368266732585,False,False,False,wifi_only,26,6.5,2.5,0.14479055294150858,raw
0,s3_vlp_blocked,8.548260044884431,3.875368266732585,False,False,False,vlp_only,39,9.5,3.5,0.9999999999010002,raw
0,s3_vlp_blocked,8.548260044884431,3.875368266732585,False,False,False,static_fusion,39,9.5,3.5,0.5048456840646857,raw
1,s3_vlp_blocked,8.648647791547123,3.682160416153107,False,False,False,wifi_only,28,8.5,2.5,0.22492144694385577,raw
1,s3_vlp_blocked,8.648647791547123,3.682160416153107,False,False,False,vlp_only,38,8.5,3.5,0.9999999999010002,raw
1,s3_vlp_blocked,8.648647791547123,3.682160416153107,False,False,False,static_fusion,38,8.5,3.5,0.5694248052679801,raw
2,s3_vlp_blocked,8.904314502785434,3.314602216855924,False,False,False,wifi_only,27,7.5,2.5,0.18191779368454075,raw
2,s3_vlp_blocked,8.904314502785434,3.314602216855924,False,False,False,vlp_only,38,8.5,3.5,0.9999999999010002,raw
2,s3_vlp_blocked,8.904314502785434,3.314602216855924,False,False,False,static_fusion,38,8.5,3.5,0.5486861292947656,raw
3,s3_vlp_blocked,9.310389003930128,3.04167485894367,False,False,False,wifi_only,39,9.5,3.5,0.358706642434127,raw
3,s3_vlp_blocked,9.310389003930128,3.04167485894367,False,False,False,vlp_only,29,9.5,2.5,0.9999730398302298,raw
3,s3_vlp_blocked,9.310389003930128,3.04167485894367,False,False,False,static_fusion,29,9.5,2.5,0.5073275534928369,raw
4,s3_vlp_blocked,9.706838327803332,2.8964874698404373,False,False,False,wifi_only,39,9.5,3.5,0.25214656364220195,raw
4,s3_vlp_blocked,9.706838327803332,2.8964874698404373,False,False,False,vlp_only,39,9.5,3.5,0.9999999999010002,raw
4,s3_vlp_blocked,9.706838327803332,2.8964874698404373,False,False,False,static_fusion,39,9.5,3.5,0.626073281771601,raw
5,s3_vlp_blocked,9.41844096729231,2.900422758078939,False,False,False,wifi_only,27,7.5,2.5,0.20793725485212292,raw
5,s3_vlp_blocked,9.41844096729231,2.900422758078939,False,False,False,vlp_only,29,9.5,2.5,0.9999999999010002,raw
5,s3_vlp_blocked,9.41844096729231,2.900422758078939,False,False,False,static_fusion,29,9.5,2.5,0.5545629173909172,raw
6,s3_vlp_blocked,8.964378339140287,2.9597287260816096,False,False,False,wifi_only,27,7.5,2.5,0.26317410028858834,raw
6,s3_vlp_blocked,8.964378339140287,2.9597287260816096,False,False,False,vlp_only,29,9.5,2.5,0.9999999907300517,raw
6,s3_vlp_blocked,8.964378339140287,2.9597287260816096,False,False,False,static_fusion,29,9.5,2.5,0.5271463388941089,raw
7,s3_vlp_blocked,8.774353844140126,3.131454780222936,False,False,False,wifi_only,27,7.5,2.5,0.19434153595522968,raw
7,s3_vlp_blocked,8.774353844140126,3.131454780222936,False,False,False,vlp_only,38,8.5,3.5,0.9999966378346671,raw
7,s3_vlp_blocked,8.774353844140126,3.131454780222936,False,False,False,static_fusion,38,8.5,3.5,0.5799649375904388,raw
8,s3_vlp_blocked,8.418152736801511,3.188810020474088,False,False,False,wifi_only,37,7.5,3.5,0.2220834596817352,raw
8,s3_vlp_blocked,8.418152736801511,3.188810020474088,False,False,False,vlp_only,38,8.5,3.5,0.9999999998082877,raw
8,s3_vlp_blocked,8.418152736801511,3.188810020474088,False,False,False,static_fusion,38,8.5,3.5,0.5898939798545515,raw
9,s3_vlp_blocked,8.165062128503568,3.3554638975618585,False,False,False,wifi_only,38,8.5,3.5,0.26871905287854525,raw
9,s3_vlp_blocked,8.165062128503568,3.3554638975618585,False,False,False,vlp_only,38,8.5,3.5,0.9975723402446659,raw
9,s3_vlp_blocked,8.165062128503568,3.3554638975618585,False,False,False,static_fusion,38,8.5,3.5,0.6331456965616056,raw
10,s3_vlp_blocked,8.047852018915972,3.3896047138916883,False,False,False,wifi_only,49,9.5,4.5,0.3612072606013875,raw
10,s3_vlp_blocked,8.047852018915972,3.3896047138916883,False,False,False,vlp_only,38,8.5,3.5,0.9918644871238823,raw
10,s3_vlp_blocked,8.047852018915972,3.3896047138916883,False,False,False,static_fusion,38,8.5,3.5,0.5243351194749252,raw
11,s3_vlp_blocked,7.628992597812742,3.5120336380508936,False,False,False,wifi_only,28,8.5,2.5,0.1862359692244606,raw
11,s3_vlp_blocked,7.628992597812742,3.5120336380508936,False,False,False,vlp_only,37,7.5,3.5,0.9999999998982982,raw
11,s3_vlp_blocked,7.628992597812742,3.5120336380508936,False,False,False,static_fusion,37,7.5,3.5,0.507404117689538,raw
12,s3_vlp_blocked,7.264240580596287,3.551955010215912,False,False,False,wifi_only,27,7.5,2.5,0.19628816869417928,raw
12,s3_vlp_blocked,7.264240580596287,3.551955010215912,False,False,False,vlp_only,37,7.5,3.5,0.9999999999010002,raw
12,s3_vlp_blocked,7.264240580596287,3.551955010215912,False,False,False,static_fusion,37,7.5,3.5,0.5568691835921592,raw
13,s3_vlp_blocked,6.807654944686304,3.3798711617406227,False,False,False,wifi_only,37,7.5,3.5,0.20302406621282026,raw
13,s3_vlp_blocked,6.807654944686304,3.3798711617406227,False,False,False,vlp_only,37,7.5,3.5,0.9999999999010002,raw
13,s3_vlp_blocked,6.807654944686304,3.3798711617406227,False,False,False,static_fusion,37,7.5,3.5,0.6015120330569103,raw
14,s3_vlp_blocked,6.644376635151973,3.2678225998295574,False,False,False,wifi_only,46,6.5,4.5,0.19183225109215551,raw
14,s3_vlp_blocked,6.644376635151973,3.2678225998295574,False,False,False,vlp_only,36,6.5,3.5,0.9999999999010002,raw
14,s3_vlp_blocked,6.644376635151973,3.2678225998295574,False,False,False,static_fusion,36,6.5,3.5,0.5400381215512987,raw
15,s3_vlp_blocked,6.164360277507891,3.220123101722137,False,True,False,wifi_only,5,5.5,0.5,0.17846386039262901,raw
15,s3_vlp_blocked,6.164360277507891,3.220123101722137,False,True,False,vlp_only,36,6.5,3.5,0.9999999887635848,raw
15,s3_vlp_blocked,6.164360277507891,3.220123101722137,False,True,False,static_fusion,36,6.5,3.5,0.5110683032851727,raw
16,s3_vlp_blocked,5.921670782647944,3.170353913208966,False,True,False,wifi_only,36,6.5,3.5,0.18450998030874202,raw
16,s3_vlp_blocked,5.921670782647944,3.170353913208966,False,True,False,vlp_only,15,5.5,1.5,0.9999999998811603,raw
16,s3_vlp_blocked,5.921670782647944,3.170353913208966,False,True,False,static_fusion,15,5.5,1.5,0.5116778627000093,raw
17,s3_vlp_blocked,5.679154300480839,2.9818995639648525,False,True,False,wifi_only,35,5.5,3.5,0.16021628775553315,raw
17,s3_vlp_blocked,5.679154300480839,2.9818995639648525,False,True,False,vlp_only,15,5.5,1.5,0.9999999999010003,raw
17,s3_vlp_blocked,5.679154300480839,2.9818995639648525,False,True,False,static_fusion,15,5.5,1.5,0.5125811379264474,raw
18,s3_vlp_blocked,5.40719635144305,2.708371836226452,False,True,False,wifi_only,4,4.5,0.5,0.39793317758270436,raw
18,s3_vlp_blocked,5.40719635144305,2.708371836226452,False,True,False,vlp_only,49,9.5,4.5,0.9999999999010002,raw
18,s3_vlp_blocked,5.40719635144305,2.708371836226452,False,True,False,static_fusion,49,9.5,4.5,0.5000001360708867,raw
19,s3_vlp_blocked,5.231798982702207,2.4839699101632213,False,True,False,wifi_only,24,4.5,2.5,0.17025077443120132,raw
19,s3_vlp_blocked,5.231798982702207,2.4839699101632213,False,True,False,vlp_only,44,4.5,4.5,0.9999999999010002,raw
19,s3_vlp_blocked,5.231798982702207,2.4839699101632213,False,True,False,static_fusion,44,4.5,4.5,0.5119263997187645,raw
20,s3_vlp_blocked,5.28923634607891,2.192766390499288,False,True,False,wifi_only,35,5.5,3.5,0.1864572341449431,raw
20,s3_vlp_blocked,5.28923634607891,2.192766390499288,False,True,False,vlp_only,40,0.5,4.5,0.999998924651336,raw
20,s3_vlp_blocked,5.28923634607891,2.192766390499288,False,True,False,static_fusion,40,0.5,4.5,0.5000928939810237,raw
21,s3_vlp_blocked,5.38054459804343,2.090291333531373,False,True,False,wifi_only,15,5.5,1.5,0.21079515912015512,raw
21,s3_vlp_blocked,5.38054459804343,2.090291333531373,False,True,False,vlp_only,45,5.5,4.5,0.9998185194405922,raw
21,s3_vlp_blocked,5.38054459804343,2.090291333531373,False,True,False,static_fusion,45,5.5,4.5,0.501646582487575,raw
22,s3_vlp_blocked,5.395660287878729,1.904575277898607,False,True,False,wifi_only,35,5.5,3.5,0.16575651924294915,raw
22,s3_vlp_blocked,5.395660287878729,1.904575277898607,False,True,False,vlp_only,45,5.5,4.5,0.9999999999010002,raw
22,s3_vlp_blocked,5.395660287878729,1.904575277898607,False,True,False,static_fusion,45,5.5,4.5,0.5277331965007196,raw
23,s3_vlp_blocked,5.346981386445022,1.7399481748937806,False,True,False,wifi_only,26,6.5,2.5,0.19612450685519525,raw
23,s3_vlp_blocked,5.346981386445022,1.7399481748937806,False,True,False,vlp_only,15,5.5,1.5,0.9999999999010003,raw
23,s3_vlp_blocked,5.346981386445022,1.7399481748937806,False,True,False,static_fusion,15,5.5,1.5,0.5106027509860674,raw
24,s3_vlp_blocked,5.356397214861652,1.3990305548570758,False,True,False,wifi_only,25,5.5,2.5,0.1788399533676839,raw
24,s3_vlp_blocked,5.356397214861652,1.3990305548570758,False,True,False,vlp_only,15,5.5,1.5,0.9999999999010003,raw
24,s3_vlp_blocked,5.356397214861652,1.3990305548570758,False,True,False,static_fusion,15,5.5,1.5,0.574916657094747,raw
25,s3_vlp_blocked,5.55511192506875,1.1971395250192285,False,True,False,wifi_only,5,5.5,0.5,0.21469263161745722,raw
25,s3_vlp_blocked,5.55511192506875,1.1971395250192285,False,True,False,vlp_only,4,4.5,0.5,0.9267695559090284,raw
25,s3_vlp_blocked,5.55511192506875,1.1971395250192285,False,True,False,static_fusion,4,4.5,0.5,0.5150863476136375,raw
26,s3_vlp_blocked,5.644488914276651,1.1264421585125568,False,False,False,wifi_only,5,5.5,0.5,0.2292875680384486,raw
26,s3_vlp_blocked,5.644488914276651,1.1264421585125568,False,False,False,vlp_only,15,5.5,1.5,0.9999999999010003,raw
26,s3_vlp_blocked,5.644488914276651,1.1264421585125568,False,False,False,static_fusion,15,5.5,1.5,0.5961655089918556,raw
27,s3_vlp_blocked,5.99191614365339,0.7779056103368667,False,False,False,wifi_only,7,7.5,0.5,0.26104087534832837,raw
27,s3_vlp_blocked,5.99191614365339,0.7779056103368667,False,False,False,vlp_only,6,6.5,0.5,0.9999999360764046,raw
27,s3_vlp_blocked,5.99191614365339,0.7779056103368667,False,False,False,static_fusion,6,6.5,0.5,0.6129360254448859,raw
28,s3_vlp_blocked,6.3719359824611015,0.5133126785859624,False,False,False,wifi_only,6,6.5,0.5,0.7139365108355443,raw
28,s3_vlp_blocked,6.3719359824611015,0.5133126785859624,False,False,False,vlp_only,6,6.5,0.5,0.9999999999010003,raw
28,s3_vlp_blocked,6.3719359824611015,0.5133126785859624,False,False,False,static_fusion,6,6.5,0.5,0.8569682553682723,raw
29,s3_vlp_blocked,6.642725720701172,0.2610300095402053,False,False,False,wifi_only,6,6.5,0.5,0.4002221544755332,raw
29,s3_vlp_blocked,6.642725720701172,0.2610300095402053,False,False,False,vlp_only,6,6.5,0.5,0.9999999999010003,raw
29,s3_vlp_blocked,6.642725720701172,0.2610300095402053,False,False,False,static_fusion,6,6.5,0.5,0.7001110771882667,raw
30,s3_vlp_blocked,6.746242668239441,0.1917048919949815,False,False,False,wifi_only,6,6.5,0.5,0.30791405957148693,raw
30,s3_vlp_blocked,6.746242668239441,0.1917048919949815,False,False,False,vlp_only,6,6.5,0.5,0.9999999999010003,raw
30,s3_vlp_blocked,6.746242668239441,0.1917048919949815,False,False,False,static_fusion,6,6.5,0.5,0.6539570297362436,raw
31,s3_vlp_blocked,6.356442515941112,0.4369455288091974,False,False,False,wifi_only,36,6.5,3.5,0.10366396399587643,raw
31,s3_vlp_blocked,6.356442515941112,0.4369455288091974,False,False,False,vlp_only,6,6.5,0.5,0.9999999999010003,raw
31,s3_vlp_blocked,6.356442515941112,0.4369455288091974,False,False,False,static_fusion,6,6.5,0.5,0.5020411269397625,raw
32,s3_vlp_blocked,6.090439232524188,0.6864641265250186,False,False,False,wifi_only,16,6.5,1.5,0.24298752782148098,raw
32,s3_vlp_blocked,6.090439232524188,0.6864641265250186,False,False,False,vlp_only,6,6.5,0.5,0.9999999999010003,raw
32,s3_vlp_blocked,6.090439232524188,0.6864641265250186,False,False,False,static_fusion,6,6.5,0.5,0.6176529199363858,raw
33,s3_vlp_blocked,5.949226125977861,0.8518939098654703,False,False,False,wifi_only,25,5.5,2.5,0.18974601203198388,raw
33,s3_vlp_blocked,5.949226125977861,0.8518939098654703,False,False,False,vlp_only,15,5.5,1.5,0.9999999758579918,raw
33,s3_vlp_blocked,5.949226125977861,0.8518939098654703,False,False,False,static_fusion,15,5.5,1.5,0.5587661447872196,raw
34,s3_vlp_blocked,5.8095047430555145,1.1091466717902831,False,False,False,wifi_only,6,6.5,0.5,0.3752371505041272,raw
34,s3_vlp_blocked,5.8095047430555145,1.1091466717902831,False,False,False,vlp_only,15,5.5,1.5,0.9999999999010003,raw
34,s3_vlp_blocked,5.8095047430555145,1.1091466717902831,False,False,False,static_fusion,15,5.5,1.5,0.5532463507635513,raw
35,s3_vlp_blocked,5.579978519259318,1.272432489793561,False,False,False,wifi_only,25,5.5,2.5,0.1642250667813666,raw
35,s3_vlp_blocked,5.579978519259318,1.272432489793561,False,False,False,vlp_only,15,5.5,1.5,0.9999999999010003,raw
35,s3_vlp_blocked,5.579978519259318,1.272432489793561,False,False,False,static_fusion,15,5.5,1.5,0.5712711744794289,raw
36,s3_vlp_blocked,5.338528190625762,1.3036592905789073,False,False,False,wifi_only,4,4.5,0.5,0.2455839117307771,raw
36,s3_vlp_blocked,5.338528190625762,1.3036592905789073,False,False,False,vlp_only,15,5.5,1.5,0.9999999999009666,raw
36,s3_vlp_blocked,5.338528190625762,1.3036592905789073,False,False,False,static_fusion,15,5.5,1.5,0.5676495898052467,raw
37,s3_vlp_blocked,4.912072310282084,1.4157812756540196,False,False,False,wifi_only,15,5.5,1.5,0.19019388399719483,raw
37,s3_vlp_blocked,4.912072310282084,1.4157812756540196,False,False,False,vlp_only,4,4.5,0.5,0.9999999999010003,raw
37,s3_vlp_blocked,4.912072310282084,1.4157812756540196,False,False,False,static_fusion,4,4.5,0.5,0.5057981168642015,raw
38,s3_vlp_blocked,4.826303961432351,1.586236364932186,False,False,False,wifi_only,26,6.5,2.5,0.20558760695157763,raw
38,s3_vlp_blocked,4.826303961432351,1.586236364932186,False,False,False,vlp_only,14,4.5,1.5,0.9999999998646087,raw
38,s3_vlp_blocked,4.826303961432351,1.586236364932186,False,False,False,static_fusion,14,4.5,1.5,0.5038768948171465,raw
39,s3_vlp_blocked,4.8018178978276085,1.8759997678234683,False,False,False,wifi_only,34,4.5,3.5,0.19940802512259775,raw
39,s3_vlp_blocked,4.8018178978276085,1.8759997678234683,False,False,False,vlp_only,14,4.5,1.5,0.9954714065284163,raw
39,s3_vlp_blocked,4.8018178978276085,1.8759997678234683,False,False,False,static_fusion,14,4.5,1.5,0.5187898666591166,raw
40,s3_vlp_blocked,4.769561461430565,2.1910721381589235,False,False,False,wifi_only,4,4.5,0.5,0.4290748882321037,raw
40,s3_vlp_blocked,4.769561461430565,2.1910721381589235,False,False,False,vlp_only,14,4.5,1.5,0.5006378457667202,raw
40,s3_vlp_blocked,4.769561461430565,2.1910721381589235,False,False,False,static_fusion,14,4.5,1.5,0.3384658678214427,raw
41,s3_vlp_blocked,4.525918490013359,2.572296491893161,False,False,False,wifi_only,24,4.5,2.5,0.1721169444879251,raw
41,s3_vlp_blocked,4.525918490013359,2.572296491893161,False,False,False,vlp_only,24,4.5,2.5,0.9999999900995123,raw
41,s3_vlp_blocked,4.525918490013359,2.572296491893161,False,False,False,static_fusion,24,4.5,2.5,0.5860584672937187,raw
42,s3_vlp_blocked,4.603145206950584,2.691606464543516,False,False,False,wifi_only,36,6.5,3.5,0.16996116597755925,raw
42,s3_vlp_blocked,4.603145206950584,2.691606464543516,False,False,False,vlp_only,24,4.5,2.5,0.9999999999010002,raw
42,s3_vlp_blocked,4.603145206950584,2.691606464543516,False,False,False,static_fusion,24,4.5,2.5,0.5086550622391862,raw
43,s3_vlp_blocked,4.636858519470941,2.83301729155527,False,False,False,wifi_only,33,3.5,3.5,0.12878295343186427,raw
43,s3_vlp_blocked,4.636858519470941,2.83301729155527,False,False,False,vlp_only,24,4.5,2.5,0.9999999999010002,raw
43,s3_vlp_blocked,4.636858519470941,2.83301729155527,False,False,False,static_fusion,24,4.5,2.5,0.5521508101703202,raw
44,s3_vlp_blocked,4.734121569139968,3.1877348970907184,False,False,False,wifi_only,15,5.5,1.5,0.17668712476029913,raw
44,s3_vlp_blocked,4.734121569139968,3.1877348970907184,False,False,False,vlp_only,34,4.5,3.5,0.9999999999010002,raw
44,s3_vlp_blocked,4.734121569139968,3.1877348970907184,False,False,False,static_fusion,34,4.5,3.5,0.5180109565834622,raw
45,s3_vlp_blocked,4.820450082367587,3.2794971977323337,False,True,False,wifi_only,5,5.5,0.5,0.35093475884699143,raw
45,s3_vlp_blocked,4.820450082367587,3.2794971977323337,False,True,False,vlp_only,40,0.5,4.5,0.9999999999010002,raw
45,s3_vlp_blocked,4.820450082367587,3.2794971977323337,False,True,False,static_fusion,40,0.5,4.5,0.5000036271123399,raw
46,s3_vlp_blocked,5.062857013263392,3.3252726841438496,False,True,False,wifi_only,34,4.5,3.5,0.16280964973559403,raw
46,s3_vlp_blocked,5.062857013263392,3.3252726841438496,False,True,False,vlp_only,49,9.5,4.5,0.9999999999010002,raw
46,s3_vlp_blocked,5.062857013263392,3.3252726841438496,False,True,False,static_fusion,49,9.5,4.5,0.5001341404142144,raw
47,s3_vlp_blocked,5.223527674927983,3.3636079119505795,False,True,False,wifi_only,33,3.5,3.5,0.18823232268429077,raw
47,s3_vlp_blocked,5.223527674927983,3.3636079119505795,False,True,False,vlp_only,5,5.5,0.5,0.9999999999010003,raw
47,s3_vlp_blocked,5.223527674927983,3.3636079119505795,False,True,False,static_fusion,5,5.5,0.5,0.5008210169641779,raw
48,s3_vlp_blocked,5.715643126853525,3.4347811219492,False,True,False,wifi_only,55,5.5,5.5,0.08354588309814101,raw
48,s3_vlp_blocked,5.715643126853525,3.4347811219492,False,True,False,vlp_only,5,5.5,0.5,0.9999999999010003,raw
48,s3_vlp_blocked,5.715643126853525,3.4347811219492,False,True,False,static_fusion,5,5.5,0.5,0.500000519026405,raw
49,s3_vlp_blocked,6.036475943181564,3.33849425496013,False,True,False,wifi_only,26,6.5,2.5,0.2008797022453804,raw
49,s3_vlp_blocked,6.036475943181564,3.33849425496013,False,True,False,vlp_only,6,6.5,0.5,0.9999999999010003,raw
49,s3_vlp_blocked,6.036475943181564,3.33849425496013,False,True,False,static_fusion,6,6.5,0.5,0.5410613181056335,raw
50,s3_vlp_blocked,6.26597077792921,3.2310160910129526,False,True,False,wifi_only,5,5.5,0.5,0.15092582285308814,raw
50,s3_vlp_blocked,6.26597077792921,3.2310160910129526,False,True,False,vlp_only,4,4.5,0.5,0.9999999999010003,raw
50,s3_vlp_blocked,6.26597077792921,3.2310160910129526,False,True,False,static_fusion,4,4.5,0.5,0.5054792530185912,raw
51,s3_vlp_blocked,6.557154939381723,3.0499936079927075,False,True,False,wifi_only,36,6.5,3.5,0.20083174539757012,raw
51,s3_vlp_blocked,6.557154939381723,3.0499936079927075,False,True,False,vlp_only,29,9.5,2.5,0.9999972236860538,raw
51,s3_vlp_blocked,6.557154939381723,3.0499936079927075,False,True,False,static_fusion,29,9.5,2.5,0.4999994960920907,raw
52,s3_vlp_blocked,6.7452470995562726,2.868494108966797,False,True,False,wifi_only,38,8.5,3.5,0.15024758231578875,raw
52,s3_vlp_blocked,6.7452470995562726,2.868494108966797,False,True,False,vlp_only,7,7.5,0.5,0.974949549551294,raw
52,s3_vlp_blocked,6.7452470995562726,2.868494108966797,False,True,False,static_fusion,7,7.5,0.5,0.4930895013216169,raw
53,s3_vlp_blocked,6.89633119872926,2.646701910339533,False,True,False,wifi_only,37,7.5,3.5,0.17599089034532167,raw
53,s3_vlp_blocked,6.89633119872926,2.646701910339533,False,True,False,vlp_only,16,6.5,1.5,0.9760333211854012,raw
53,s3_vlp_blocked,6.89633119872926,2.646701910339533,False,True,False,static_fusion,16,6.5,1.5,0.5065138856131531,raw
54,s3_vlp_blocked,7.093839490462012,2.230395250989873,False,True,False,wifi_only,36,6.5,3.5,0.12383768814107916,raw
54,s3_vlp_blocked,7.093839490462012,2.230395250989873,False,True,False,vlp_only,17,7.5,1.5,0.999999999684857,raw
54,s3_vlp_blocked,7.093839490462012,2.230395250989873,False,True,False,static_fusion,17,7.5,1.5,0.500003796997504,raw
55,s3_vlp_blocked,7.327799421114381,2.083866639869165,False,True,False,wifi_only,17,7.5,1.5,0.31221360666956893,raw
55,s3_vlp_blocked,7.327799421114381,2.083866639869165,False,True,False,vlp_only,17,7.5,1.5,0.9999999990049204,raw
55,s3_vlp_blocked,7.327799421114381,2.083866639869165,False,True,False,static_fusion,17,7.5,1.5,0.6561068028372447,raw
56,s3_vlp_blocked,7.4404788553418495,2.0885416935474934,False,True,False,wifi_only,17,7.5,1.5,0.3447137262562696,raw
56,s3_vlp_blocked,7.4404788553418495,2.0885416935474934,False,True,False,vlp_only,17,7.5,1.5,0.9999941656648715,raw
56,s3_vlp_blocked,7.4404788553418495,2.0885416935474934,False,True,False,static_fusion,17,7.5,1.5,0.6723539459605704,raw
57,s3_vlp_blocked,7.579211275373233,2.0714456103345764,False,True,False,wifi_only,27,7.5,2.5,0.1833719213376874,raw
57,s3_vlp_blocked,7.579211275373233,2.0714456103345764,False,True,False,vlp_only,17,7.5,1.5,0.9998592930294808,raw
57,s3_vlp_blocked,7.579211275373233,2.0714456103345764,False,True,False,static_fusion,17,7.5,1.5,0.5326027984357715,raw
58,s3_vlp_blocked,7.844337613028887,1.6670430401807117,False,True,False,wifi_only,17,7.5,1.5,0.31691312799744564,raw
58,s3_vlp_blocked,7.844337613028887,1.6670430401807117,False,True,False,vlp_only,17,7.5,1.5,0.9926761436900211,raw
58,s3_vlp_blocked,7.844337613028887,1.6670430401807117,False,True,False,static_fusion,17,7.5,1.5,0.6547946358437333,raw
59,s3_vlp_blocked,7.979950544975631,1.4630004361001532,False,True,False,wifi_only,18,8.5,1.5,0.24853200403151773,raw
59,s3_vlp_blocked,7.979950544975631,1.4630004361001532,False,True,False,vlp_only,5,5.5,0.5,0.9999999999010003,raw
59,s3_vlp_blocked,7.979950544975631,1.4630004361001532,False,True,False,static_fusion,5,5.5,0.5,0.5000000005125107,raw
60,s3_vlp_blocked,8.127206923732981,1.3162437323059886,False,True,False,wifi_only,18,8.5,1.5,0.3137195151938866,raw
60,s3_vlp_blocked,8.127206923732981,1.3162437323059886,False,True,False,vlp_only,18,8.5,1.5,0.9999999999010003,raw
60,s3_vlp_blocked,8.127206923732981,1.3162437323059886,False,True,False,static_fusion,18,8.5,1.5,0.6568597575474432,raw
61,s3_vlp_blocked,8.189098931075993,1.1020139318013231,False,True,False,wifi_only,18,8.5,1.5,0.3300544221890882,raw
61,s3_vlp_blocked,8.189098931075993,1.1020139318013231,False,True,False,vlp_only,18,8.5,1.5,0.9999380317901212,raw
61,s3_vlp_blocked,8.189098931075993,1.1020139318013231,False,True,False,static_fusion,18,8.5,1.5,0.6649962269896046,raw
62,s3_vlp_blocked,8.244559866287215,0.9834290739202508,False,False,False,wifi_only,9,9.5,0.5,0.41333030313563834,raw
62,s3_vlp_blocked,8.244559866287215,0.9834290739202508,False,False,False,vlp_only,18,8.5,1.5,0.9999999999010003,raw
62,s3_vlp_blocked,8.244559866287215,0.9834290739202508,False,False,False,static_fusion,18,8.5,1.5,0.5485340407016664,raw
63,s3_vlp_blocked,8.469449233099015,0.5380851752887181,False,False,False,wifi_only,18,8.5,1.5,0.3057273204839314,raw
63,s3_vlp_blocked,8.469449233099015,0.5380851752887181,False,False,False,vlp_only,8,8.5,0.5,0.9999647911422481,raw
63,s3_vlp_blocked,8.469449233099015,0.5380851752887181,False,False,False,static_fusion,8,8.5,0.5,0.6374138149574945,raw
64,s3_vlp_blocked,8.61129496830597,0.2850740111733432,False,False,False,wifi_only,29,9.5,2.5,0.21867844339195494,raw
64,s3_vlp_blocked,8.61129496830597,0.2850740111733432,False,False,False,vlp_only,9,9.5,0.5,0.9999999997725746,raw
64,s3_vlp_blocked,8.61129496830597,0.2850740111733432,False,False,False,static_fusion,9,9.5,0.5,0.5691686014701096,raw
65,s3_vlp_blocked,8.649656672908945,0.1829723899998202,False,False,False,wifi_only,8,8.5,0.5,0.3030369397117391,raw
65,s3_vlp_blocked,8.649656672908945,0.1829723899998202,False,False,False,vlp_only,9,9.5,0.5,0.9999999999010003,raw
65,s3_vlp_blocked,8.649656672908945,0.1829723899998202,False,False,False,static_fusion,9,9.5,0.5,0.6470007555055847,raw
66,s3_vlp_blocked,8.433510539178341,0.5984305923139432,False,False,False,wifi_only,18,8.5,1.5,0.2978856961076278,raw
66,s3_vlp_blocked,8.433510539178341,0.5984305923139432,False,False,False,vlp_only,8,8.5,0.5,0.9999148133416466,raw
66,s3_vlp_blocked,8.433510539178341,0.5984305923139432,False,False,False,static_fusion,8,8.5,0.5,0.614473764705584,raw
67,s3_vlp_blocked,8.390725265666473,0.8870681197350446,False,False,False,wifi_only,18,8.5,1.5,0.3369552304293075,raw
67,s3_vlp_blocked,8.390725265666473,0.8870681197350446,False,False,False,vlp_only,7,7.5,0.5,0.9917995884758438,raw
67,s3_vlp_blocked,8.390725265666473,0.8870681197350446,False,False,False,static_fusion,7,7.5,0.5,0.4962372746452716,raw
68,s3_vlp_blocked,8.28586833451047,1.075450447649671,False,False,False,wifi_only,9,9.5,0.5,0.28235814444794755,raw
68,s3_vlp_blocked,8.28586833451047,1.075450447649671,False,False,False,vlp_only,18,8.5,1.5,0.9999999998738027,raw
68,s3_vlp_blocked,8.28586833451047,1.075450447649671,False,False,False,static_fusion,18,8.5,1.5,0.6023523095114006,raw
69,s3_vlp_blocked,8.00771188370768,1.2586421068158191,False,False,False,wifi_only,8,8.5,0.5,0.369014819556398,raw
69,s3_vlp_blocked,8.00771188370768,1.2586421068158191,False,False,False,vlp_only,18,8.5,1.5,0.5840220270425562,raw
69,s3_vlp_blocked,8.00771188370768,1.2586421068158191,False,False,False,static_fusion,18,8.5,1.5,0.39320348763090196,raw
70,s3_vlp_blocked,7.876253087162693,1.4325757096206515,False,False,False,wifi_only,18,8.5,1.5,0.3177010513337603,raw
70,s3_vlp_blocked,7.876253087162693,1.4325757096206515,False,False,False,vlp_only,18,8.5,1.5,0.7911211578632257,raw
70,s3_vlp_blocked,7.876253087162693,1.4325757096206515,False,False,False,static_fusion,18,8.5,1.5,0.554411104598493,raw
71,s3_vlp_blocked,7.764584357169141,1.783515740895847,False,False,False,wifi_only,28,8.5,2.5,0.30739194942313414,raw
71,s3_vlp_blocked,7.764584357169141,1.783515740895847,False,False,False,vlp_only,17,7.5,1.5,0.9999926983467609,raw
71,s3_vlp_blocked,7.764584357169141,1.783515740895847,False,False,False,static_fusion,17,7.5,1.5,0.6091700844969483,raw
72,s3_vlp_blocked,7.724461665749093,1.919199890822522,False,False,False,wifi_only,17,7.5,1.5,0.26918536611285127,raw
72,s3_vlp_blocked,7.724461665749093,1.919199890822522,False,False,False,vlp_only,17,7.5,1.5,0.9999994292135177,raw
72,s3_vlp_blocked,7.724461665749093,1.919199890822522,False,False,False,static_fusion,17,7.5,1.5,0.6345923976631844,raw
73,s3_vlp_blocked,7.434410446855592,2.196460502510213,False,False,False,wifi_only,27,7.5,2.5,0.1769889187906978,raw
73,s3_vlp_blocked,7.434410446855592,2.196460502510213,False,False,False,vlp_only,27,7.5,2.5,0.9774413965192863,raw
73,s3_vlp_blocked,7.434410446855592,2.196460502510213,False,False,False,static_fusion,27,7.5,2.5,0.5772151576549921,raw
74,s3_vlp_blocked,7.329501734941545,2.341512908882469,False,False,False,wifi_only,37,7.5,3.5,0.18446039103665948,raw
74,s3_vlp_blocked,7.329501734941545,2.341512908882469,False,False,False,vlp_only,27,7.5,2.5,0.999999910649694,raw
74,s3_vlp_blocked,7.329501734941545,2.341512908882469,False,False,False,static_fusion,27,7.5,2.5,0.5877999760158822,raw
75,s3_vlp_blocked,7.071931175766185,2.639246667376174,False,True,False,wifi_only,46,6.5,4.5,0.19527045004975185,raw
75,s3_vlp_blocked,7.071931175766185,2.639246667376174,False,True,False,vlp_only,28,8.5,2.5,0.9999999999010002,raw
75,s3_vlp_blocked,7.071931175766185,2.639246667376174,False,True,False,static_fusion,28,8.5,2.5,0.5000006815954191,raw
76,s3_vlp_blocked,6.978026390337671,2.8586906033898587,False,True,False,wifi_only,27,7.5,2.5,0.23673405230878442,raw
76,s3_vlp_blocked,6.978026390337671,2.8586906033898587,False,True,False,vlp_only,26,6.5,2.5,0.9999152790452628,raw
76,s3_vlp_blocked,6.978026390337671,2.8586906033898587,False,True,False,static_fusion,26,6.5,2.5,0.5341523554479849,raw
77,s3_vlp_blocked,7.056281076272732,3.07562739707137,False,True,False,wifi_only,26,6.5,2.5,0.21482700237718508,raw
77,s3_vlp_blocked,7.056281076272732,3.07562739707137,False,True,False,vlp_only,45,5.5,4.5,0.9999999999010002,raw
77,s3_vlp_blocked,7.056281076272732,3.07562739707137,False,True,False,static_fusion,45,5.5,4.5,0.5021236018341787,raw
78,s3_vlp_blocked,6.986478911581751,3.499417790512807,False,True,False,wifi_only,39,9.5,3.5,0.28129701326660556,raw
78,s3_vlp_blocked,6.986478911581751,3.499417790512807,False,True,False,vlp_only,38,8.5,3.5,0.8330416293689479,raw
78,s3_vlp_blocked,6.986478911581751,3.499417790512807,False,True,False,static_fusion,38,8.5,3.5,0.4645421908706581,raw
79,s3_vlp_blocked,7.059635179641974,3.643912026483358,False,True,False,wifi_only,26,6.5,2.5,0.19927834258513252,raw
79,s3_vlp_blocked,7.059635179641974,3.643912026483358,False,True,False,vlp_only,55,5.5,5.5,0.9999999999010002,raw
79,s3_vlp_blocked,7.059635179641974,3.643912026483358,False,True,False,static_fusion,55,5.5,5.5,0.5000150750861112,raw
80,s3_vlp_blocked,7.111230980212548,3.866216527347812,False,True,False,wifi_only,35,5.5,3.5,0.17454258344979517,raw
80,s3_vlp_blocked,7.111230980212548,3.866216527347812,False,True,False,vlp_only,39,9.5,3.5,0.9999999999010002,raw
80,s3_vlp_blocked,7.111230980212548,3.866216527347812,False,True,False,static_fusion,39,9.5,3.5,0.5002289165021887,raw
81,s3_vlp_blocked,7.093666462300226,4.151666727840037,False,True,False,wifi_only,37,7.5,3.5,0.19143206904504004,raw
81,s3_vlp_blocked,7.093666462300226,4.151666727840037,False,True,False,vlp_only,55,5.5,5.5,0.9999999999010002,raw
81,s3_vlp_blocked,7.093666462300226,4.151666727840037,False,True,False,static_fusion,55,5.5,5.5,0.5000023896423963,raw
82,s3_vlp_blocked,7.179940304559092,4.40982120831966,False,True,False,wifi_only,46,6.5,4.5,0.17225602443582594,raw
82,s3_vlp_blocked,7.179940304559092,4.40982120831966,False,True,False,vlp_only,48,8.5,4.5,0.9999999999010002,raw
82,s3_vlp_blocked,7.179940304559092,4.40982120831966,False,True,False,static_fusion,48,8.5,4.5,0.5180536238452852,raw
83,s3_vlp_blocked,7.389306456175779,4.728806808316636,False,True,False,wifi_only,47,7.5,4.5,0.164840753479011,raw
83,s3_vlp_blocked,7.389306456175779,4.728806808316636,False,True,False,vlp_only,49,9.5,4.5,0.999999968362647,raw
83,s3_vlp_blocked,7.389306456175779,4.728806808316636,False,True,False,static_fusion,49,9.5,4.5,0.5378455735994865,raw
84,s3_vlp_blocked,7.471099094223947,5.062300262899215,False,True,False,wifi_only,59,9.5,5.5,0.23321790536704534,raw
84,s3_vlp_blocked,7.471099094223947,5.062300262899215,False,True,False,vlp_only,5,5.5,0.5,0.9999999999010003,raw
84,s3_vlp_blocked,7.471099094223947,5.062300262899215,False,True,False,static_fusion,5,5.5,0.5,0.5000003706853363,raw
85,s3_vlp_blocked,7.639476103338564,5.452330212055501,False,True,False,wifi_only,56,6.5,5.5,0.17220061098580053,raw
85,s3_vlp_blocked,7.639476103338564,5.452330212055501,False,True,False,vlp_only,58,8.5,5.5,0.9999999999010002,raw
85,s3_vlp_blocked,7.639476103338564,5.452330212055501,False,True,False,static_fusion,58,8.5,5.5,0.5234719374188126,raw
86,s3_vlp_blocked,7.590210281547375,5.578300437724326,False,True,False,wifi_only,67,7.5,6.5,0.14827637691500684,raw
86,s3_vlp_blocked,7.590210281547375,5.578300437724326,False,True,False,vlp_only,99,9.5,9.5,0.9999999957406496,raw
86,s3_vlp_blocked,7.590210281547375,5.578300437724326,False,True,False,static_fusion,99,9.5,9.5,0.500506208936377,raw
87,s3_vlp_blocked,7.462795792010998,5.791477714093946,False,True,False,wifi_only,57,7.5,5.5,0.1845292447176025,raw
87,s3_vlp_blocked,7.462795792010998,5.791477714093946,False,True,False,vlp_only,58,8.5,5.5,0.9999999999010002,raw
87,s3_vlp_blocked,7.462795792010998,5.791477714093946,False,True,False,static_fusion,58,8.5,5.5,0.5334668401590025,raw
88,s3_vlp_blocked,7.440607753073426,5.980848219358611,False,True,False,wifi_only,67,7.5,6.5,0.15752269140863964,raw
88,s3_vlp_blocked,7.440607753073426,5.980848219358611,False,True,False,vlp_only,45,5.5,4.5,0.9999999999010002,raw
88,s3_vlp_blocked,7.440607753073426,5.980848219358611,False,True,False,static_fusion,45,5.5,4.5,0.5016110109743112,raw
89,s3_vlp_blocked,7.440906125309533,6.113793031097752,False,False,False,wifi_only,68,8.5,6.5,0.16252388275784843,raw
89,s3_vlp_blocked,7.440906125309533,6.113793031097752,False,False,False,vlp_only,66,6.5,6.5,0.9999999999010001,raw
89,s3_vlp_blocked,7.440906125309533,6.113793031097752,False,False,False,static_fusion,66,6.5,6.5,0.5072838623689295,raw
90,s3_vlp_blocked,7.279806471044582,6.464561962588011,False,False,False,wifi_only,67,7.5,6.5,0.11740620922667386,raw
90,s3_vlp_blocked,7.279806471044582,6.464561962588011,False,False,False,vlp_only,67,7.5,6.5,0.9999999999010001,raw
90,s3_vlp_blocked,7.279806471044582,6.464561962588011,False,False,False,static_fusion,67,7.5,6.5,0.558703104563837,raw
91,s3_vlp_blocked,7.195775699002211,6.545903417221667,False,False,False,wifi_only,67,7.5,6.5,0.08226122695192072,raw
91,s3_vlp_blocked,7.195775699002211,6.545903417221667,False,False,False,vlp_only,67,7.5,6.5,0.9999999999010001,raw
91,s3_vlp_blocked,7.195775699002211,6.545903417221667,False,False,False,static_fusion,67,7.5,6.5,0.5411306134264604,raw
92,s3_vlp_blocked,7.071679731335141,6.664553875446808,False,False,False,wifi_only,67,7.5,6.5,0.13007678884317958,raw
92,s3_vlp_blocked,7.071679731335141,6.664553875446808,False,False,False,vlp_only,67,7.5,6.5,0.9999999999010001,raw
92,s3_vlp_blocked,7.071679731335141,6.664553875446808,False,False,False,static_fusion,67,7.5,6.5,0.5650383943720898,raw
93,s3_vlp_blocked,6.88601961932652,6.885266262387327,False,False,False,wifi_only,97,7.5,9.5,0.1458913219864794,raw
93,s3_vlp_blocked,6.88601961932652,6.885266262387327,False,False,False,vlp_only,67,7.5,6.5,0.9936622597781253,raw
93,s3_vlp_blocked,6.88601961932652,6.885266262387327,False,False,False,static_fusion,67,7.5,6.5,0.5048511570762304,raw
94,s3_vlp_blocked,6.836265376227635,7.09347815473235,False,False,False,wifi_only,82,2.5,8.5,0.12314360495875139,raw
94,s3_vlp_blocked,6.836265376227635,7.09347815473235,False,False,False,vlp_only,76,6.5,7.5,0.9999999999010001,raw
94,s3_vlp_blocked,6.836265376227635,7.09347815473235,False,False,False,static_fusion,76,6.5,7.5,0.5287713333979683,raw
95,s3_vlp_blocked,6.749970613133377,7.2047970050942345,False,False,False,wifi_only,77,7.5,7.5,0.18413739036208035,raw
95,s3_vlp_blocked,6.749970613133377,7.2047970050942345,False,False,False,vlp_only,76,6.5,7.5,0.9999999999010001,raw
95,s3_vlp_blocked,6.749970613133377,7.2047970050942345,False,False,False,static_fusion,76,6.5,7.5,0.587211006594356,raw
96,s3_vlp_blocked,6.520102407663193,7.416654680272662,False,False,False,wifi_only,87,7.5,8.5,0.2378301712533911,raw
96,s3_vlp_blocked,6.520102407663193,7.416654680272662,False,False,False,vlp_only,76,6.5,7.5,0.9999999999010001,raw
96,s3_vlp_blocked,6.520102407663193,7.416654680272662,False,False,False,static_fusion,76,6.5,7.5,0.5861228230779919,raw
97,s3_vlp_blocked,6.235078071420909,7.80527981884087,False,False,False,wifi_only,83,3.5,8.5,0.22657580738375152,raw
97,s3_vlp_blocked,6.235078071420909,7.80527981884087,False,False,False,vlp_only,76,6.5,7.5,0.9999705655340427,raw
97,s3_vlp_blocked,6.235078071420909,7.80527981884087,False,False,False,static_fusion,76,6.5,7.5,0.5068441652766135,raw
98,s3_vlp_blocked,5.98823397903378,7.93574951314563,False,False,False,wifi_only,86,6.5,8.5,0.35989080361610076,raw
98,s3_vlp_blocked,5.98823397903378,7.93574951314563,False,False,False,vlp_only,96,6.5,9.5,0.9999999999010001,raw
98,s3_vlp_blocked,5.98823397903378,7.93574951314563,False,False,False,static_fusion,96,6.5,9.5,0.5870205922504448,raw
99,s3_vlp_blocked,5.822657938153183,7.968265377624689,False,False,False,wifi_only,86,6.5,8.5,0.2848917098023589,raw
99,s3_vlp_blocked,5.822657938153183,7.968265377624689,False,False,False,vlp_only,96,6.5,9.5,0.9999999999010001,raw
99,s3_vlp_blocked,5.822657938153183,7.968265377624689,False,False,False,static_fusion,96,6.5,9.5,0.5623378954830467,raw
0,s3_vlp_blocked,8.548260044884431,3.875368266732585,False,False,False,wifi_only,26,6.5,2.5,0.14479055294150858,moving_average
0,s3_vlp_blocked,8.548260044884431,3.875368266732585,False,False,False,vlp_only,39,9.5,3.5,0.9999999999010002,moving_average
0,s3_vlp_blocked,8.548260044884431,3.875368266732585,False,False,False,static_fusion,39,9.5,3.5,0.5048456840646857,moving_average
1,s3_vlp_blocked,8.648647791547123,3.682160416153107,False,False,False,wifi_only,38,8.5,3.5,0.177651371600296,moving_average
1,s3_vlp_blocked,8.648647791547123,3.682160416153107,False,False,False,vlp_only,39,9.5,3.5,0.9999999999010002,moving_average
1,s3_vlp_blocked,8.648647791547123,3.682160416153107,False,False,False,static_fusion,39,9.5,3.5,0.5587418748532944,moving_average
2,s3_vlp_blocked,8.904314502785434,3.314602216855924,False,False,False,wifi_only,27,7.5,2.5,0.18545064390359786,moving_average
2,s3_vlp_blocked,8.904314502785434,3.314602216855924,False,False,False,vlp_only,38,8.5,3.5,0.9999999999010002,moving_average
2,s3_vlp_blocked,8.904314502785434,3.314602216855924,False,False,False,static_fusion,38,8.5,3.5,0.5846241593805283,moving_average
3,s3_vlp_blocked,9.310389003930128,3.04167485894367,False,False,False,wifi_only,38,8.5,3.5,0.20833073272250924,moving_average
3,s3_vlp_blocked,9.310389003930128,3.04167485894367,False,False,False,vlp_only,38,8.5,3.5,0.9999999999010002,moving_average
3,s3_vlp_blocked,9.310389003930128,3.04167485894367,False,False,False,static_fusion,38,8.5,3.5,0.6041653663117548,moving_average
4,s3_vlp_blocked,9.706838327803332,2.8964874698404373,False,False,False,wifi_only,39,9.5,3.5,0.22462351712306589,moving_average
4,s3_vlp_blocked,9.706838327803332,2.8964874698404373,False,False,False,vlp_only,38,8.5,3.5,0.9999999999010002,moving_average
4,s3_vlp_blocked,9.706838327803332,2.8964874698404373,False,False,False,static_fusion,38,8.5,3.5,0.6066873928409616,moving_average
5,s3_vlp_blocked,9.41844096729231,2.900422758078939,False,False,False,wifi_only,39,9.5,3.5,0.2199665945807257,moving_average
5,s3_vlp_blocked,9.41844096729231,2.900422758078939,False,False,False,vlp_only,38,8.5,3.5,0.999999990410777,moving_average
5,s3_vlp_blocked,9.41844096729231,2.900422758078939,False,False,False,static_fusion,38,8.5,3.5,0.5977311318727667,moving_average
6,s3_vlp_blocked,8.964378339140287,2.9597287260816096,False,False,False,wifi_only,39,9.5,3.5,0.20546439695229726,moving_average
6,s3_vlp_blocked,8.964378339140287,2.9597287260816096,False,False,False,vlp_only,29,9.5,2.5,0.9999889806097993,moving_average
6,s3_vlp_blocked,8.964378339140287,2.9597287260816096,False,False,False,static_fusion,29,9.5,2.5,0.5425203952289825,moving_average
7,s3_vlp_blocked,8.774353844140126,3.131454780222936,False,False,False,wifi_only,38,8.5,3.5,0.22603581190139194,moving_average
7,s3_vlp_blocked,8.774353844140126,3.131454780222936,False,False,False,vlp_only,29,9.5,2.5,0.9999999995516452,moving_average
7,s3_vlp_blocked,8.774353844140126,3.131454780222936,False,False,False,static_fusion,29,9.5,2.5,0.5289437349393614,moving_average
8,s3_vlp_blocked,8.418152736801511,3.188810020474088,False,False,False,wifi_only,38,8.5,3.5,0.22255794841712084,moving_average
8,s3_vlp_blocked,8.418152736801511,3.188810020474088,False,False,False,vlp_only,29,9.5,2.5,0.9999406560488164,moving_average
8,s3_vlp_blocked,8.418152736801511,3.188810020474088,False,False,False,static_fusion,29,9.5,2.5,0.5203532051277471,moving_average
9,s3_vlp_blocked,8.165062128503568,3.3554638975618585,False,False,False,wifi_only,38,8.5,3.5,0.2305718562026955,moving_average
9,s3_vlp_blocked,8.165062128503568,3.3554638975618585,False,False,False,vlp_only,38,8.5,3.5,0.9999999996613419,moving_average
9,s3_vlp_blocked,8.165062128503568,3.3554638975618585,False,False,False,static_fusion,38,8.5,3.5,0.6152859279320186,moving_average
10,s3_vlp_blocked,8.047852018915972,3.3896047138916883,False,False,False,wifi_only,38,8.5,3.5,0.2251914689236415,moving_average
10,s3_vlp_blocked,8.047852018915972,3.3896047138916883,False,False,False,vlp_only,38,8.5,3.5,0.999999998380879,moving_average
10,s3_vlp_blocked,8.047852018915972,3.3896047138916883,False,False,False,static_fusion,38,8.5,3.5,0.6125957336522603,moving_average
11,s3_vlp_blocked,7.628992597812742,3.5120336380508936,False,False,False,wifi_only,38,8.5,3.5,0.22840150203402934,moving_average
11,s3_vlp_blocked,7.628992597812742,3.5120336380508936,False,False,False,vlp_only,38,8.5,3.5,0.9996440234815664,moving_average
11,s3_vlp_blocked,7.628992597812742,3.5120336380508936,False,False,False,static_fusion,38,8.5,3.5,0.6140227627577979,moving_average
12,s3_vlp_blocked,7.264240580596287,3.551955010215912,False,False,False,wifi_only,38,8.5,3.5,0.21398032983791143,moving_average
12,s3_vlp_blocked,7.264240580596287,3.551955010215912,False,False,False,vlp_only,37,7.5,3.5,0.999089016829164,moving_average
12,s3_vlp_blocked,7.264240580596287,3.551955010215912,False,False,False,static_fusion,37,7.5,3.5,0.5796755380740654,moving_average
13,s3_vlp_blocked,6.807654944686304,3.3798711617406227,False,False,False,wifi_only,38,8.5,3.5,0.2071932846800917,moving_average
13,s3_vlp_blocked,6.807654944686304,3.3798711617406227,False,False,False,vlp_only,37,7.5,3.5,0.9999999998983231,moving_average
13,s3_vlp_blocked,6.807654944686304,3.3798711617406227,False,False,False,static_fusion,37,7.5,3.5,0.5788434315983131,moving_average
14,s3_vlp_blocked,6.644376635151973,3.2678225998295574,False,False,False,wifi_only,37,7.5,3.5,0.19563401459483068,moving_average
14,s3_vlp_blocked,6.644376635151973,3.2678225998295574,False,False,False,vlp_only,37,7.5,3.5,0.9999999999010002,moving_average
14,s3_vlp_blocked,6.644376635151973,3.2678225998295574,False,False,False,static_fusion,37,7.5,3.5,0.5978170072479154,moving_average
15,s3_vlp_blocked,6.164360277507891,3.220123101722137,False,True,False,wifi_only,37,7.5,3.5,0.1746021721931563,moving_average
15,s3_vlp_blocked,6.164360277507891,3.220123101722137,False,True,False,vlp_only,37,7.5,3.5,0.9999793178441954,moving_average
15,s3_vlp_blocked,6.164360277507891,3.220123101722137,False,True,False,static_fusion,37,7.5,3.5,0.5872907450186758,moving_average
16,s3_vlp_blocked,5.921670782647944,3.170353913208966,False,True,False,wifi_only,36,6.5,3.5,0.18293779726459378,moving_average
16,s3_vlp_blocked,5.921670782647944,3.170353913208966,False,True,False,vlp_only,36,6.5,3.5,0.9999999999010002,moving_average
16,s3_vlp_blocked,5.921670782647944,3.170353913208966,False,True,False,static_fusion,36,6.5,3.5,0.5914688985827969,moving_average
17,s3_vlp_blocked,5.679154300480839,2.9818995639648525,False,True,False,wifi_only,36,6.5,3.5,0.16896078007863277,moving_average
17,s3_vlp_blocked,5.679154300480839,2.9818995639648525,False,True,False,vlp_only,6,6.5,0.5,0.9999999998973206,moving_average
17,s3_vlp_blocked,5.679154300480839,2.9818995639648525,False,True,False,static_fusion,6,6.5,0.5,0.5019358928466144,moving_average
18,s3_vlp_blocked,5.40719635144305,2.708371836226452,False,True,False,wifi_only,25,5.5,2.5,0.1734011605170308,moving_average
18,s3_vlp_blocked,5.40719635144305,2.708371836226452,False,True,False,vlp_only,6,6.5,0.5,0.9999999999010003,moving_average
18,s3_vlp_blocked,5.40719635144305,2.708371836226452,False,True,False,static_fusion,6,6.5,0.5,0.5032338645070008,moving_average
19,s3_vlp_blocked,5.231798982702207,2.4839699101632213,False,True,False,wifi_only,25,5.5,2.5,0.18621342620994108,moving_average
19,s3_vlp_blocked,5.231798982702207,2.4839699101632213,False,True,False,vlp_only,5,5.5,0.5,0.9999999999010003,moving_average
19,s3_vlp_blocked,5.231798982702207,2.4839699101632213,False,True,False,static_fusion,5,5.5,0.5,0.549702490666256,moving_average
20,s3_vlp_blocked,5.28923634607891,2.192766390499288,False,True,False,wifi_only,25,5.5,2.5,0.19442027842149118,moving_average
20,s3_vlp_blocked,5.28923634607891,2.192766390499288,False,True,False,vlp_only,5,5.5,0.5,0.9999999999010003,moving_average
20,s3_vlp_blocked,5.28923634607891,2.192766390499288,False,True,False,static_fusion,5,5.5,0.5,0.5339057031411449,moving_average
21,s3_vlp_blocked,5.38054459804343,2.090291333531373,False,True,False,wifi_only,25,5.5,2.5,0.18952304682971952,moving_average
21,s3_vlp_blocked,5.38054459804343,2.090291333531373,False,True,False,vlp_only,45,5.5,4.5,0.9999981317178016,moving_average
21,s3_vlp_blocked,5.38054459804343,2.090291333531373,False,True,False,static_fusion,45,5.5,4.5,0.5049354244161977,moving_average
22,s3_vlp_blocked,5.395660287878729,1.904575277898607,False,True,False,wifi_only,25,5.5,2.5,0.1860215679328833,moving_average
22,s3_vlp_blocked,5.395660287878729,1.904575277898607,False,True,False,vlp_only,44,4.5,4.5,0.8285847816453639,moving_average
22,s3_vlp_blocked,5.395660287878729,1.904575277898607,False,True,False,static_fusion,44,4.5,4.5,0.41725047399913695,moving_average
23,s3_vlp_blocked,5.346981386445022,1.7399481748937806,False,True,False,wifi_only,25,5.5,2.5,0.1880368793484977,moving_average
23,s3_vlp_blocked,5.346981386445022,1.7399481748937806,False,True,False,vlp_only,4,4.5,0.5,0.9999712469412343,moving_average
23,s3_vlp_blocked,5.346981386445022,1.7399481748937806,False,True,False,static_fusion,4,4.5,0.5,0.50458006723142,moving_average
24,s3_vlp_blocked,5.356397214861652,1.3990305548570758,False,True,False,wifi_only,25,5.5,2.5,0.17146589623459088,moving_average
24,s3_vlp_blocked,5.356397214861652,1.3990305548570758,False,True,False,vlp_only,5,5.5,0.5,0.9999999999010003,moving_average
24,s3_vlp_blocked,5.356397214861652,1.3990305548570758,False,True,False,static_fusion,5,5.5,0.5,0.5253660588731869,moving_average
25,s3_vlp_blocked,5.55511192506875,1.1971395250192285,False,True,False,wifi_only,25,5.5,2.5,0.17659390415863255,moving_average
25,s3_vlp_blocked,5.55511192506875,1.1971395250192285,False,True,False,vlp_only,5,5.5,0.5,0.9999999999010003,moving_average
25,s3_vlp_blocked,5.55511192506875,1.1971395250192285,False,True,False,static_fusion,5,5.5,0.5,0.5392763404827188,moving_average
26,s3_vlp_blocked,5.644488914276651,1.1264421585125568,False,False,False,wifi_only,25,5.5,2.5,0.16836022714897084,moving_average
26,s3_vlp_blocked,5.644488914276651,1.1264421585125568,False,False,False,vlp_only,5,5.5,0.5,0.9999999999010003,moving_average
26,s3_vlp_blocked,5.644488914276651,1.1264421585125568,False,False,False,static_fusion,5,5.5,0.5,0.5442728793807138,moving_average
27,s3_vlp_blocked,5.99191614365339,0.7779056103368667,False,False,False,wifi_only,15,5.5,1.5,0.17234333466115198,moving_average
27,s3_vlp_blocked,5.99191614365339,0.7779056103368667,False,False,False,vlp_only,5,5.5,0.5,0.9999999999010003,moving_average
27,s3_vlp_blocked,5.99191614365339,0.7779056103368667,False,False,False,static_fusion,5,5.5,0.5,0.5721719965446306,moving_average
28,s3_vlp_blocked,6.3719359824611015,0.5133126785859624,False,False,False,wifi_only,5,5.5,0.5,0.2637546293404375,moving_average
28,s3_vlp_blocked,6.3719359824611015,0.5133126785859624,False,False,False,vlp_only,5,5.5,0.5,0.9999999999010003,moving_average
28,s3_vlp_blocked,6.3719359824611015,0.5133126785859624,False,False,False,static_fusion,5,5.5,0.5,0.6318773146207188,moving_average
29,s3_vlp_blocked,6.642725720701172,0.2610300095402053,False,False,False,wifi_only,6,6.5,0.5,0.31384595729589615,moving_average
29,s3_vlp_blocked,6.642725720701172,0.2610300095402053,False,False,False,vlp_only,5,5.5,0.5,0.9999999999010003,moving_average
29,s3_vlp_blocked,6.642725720701172,0.2610300095402053,False,False,False,static_fusion,5,5.5,0.5,0.627023896398426,moving_average
30,s3_vlp_blocked,6.746242668239441,0.1917048919949815,False,False,False,wifi_only,6,6.5,0.5,0.4191184893650145,moving_average
30,s3_vlp_blocked,6.746242668239441,0.1917048919949815,False,False,False,vlp_only,6,6.5,0.5,0.9999999999010003,moving_average
30,s3_vlp_blocked,6.746242668239441,0.1917048919949815,False,False,False,static_fusion,6,6.5,0.5,0.7095592446330075,moving_average
31,s3_vlp_blocked,6.356442515941112,0.4369455288091974,False,False,False,wifi_only,6,6.5,0.5,0.3960876249630191,moving_average
31,s3_vlp_blocked,6.356442515941112,0.4369455288091974,False,False,False,vlp_only,6,6.5,0.5,0.9999999999010003,moving_average
31,s3_vlp_blocked,6.356442515941112,0.4369455288091974,False,False,False,static_fusion,6,6.5,0.5,0.6980438124320096,moving_average
32,s3_vlp_blocked,6.090439232524188,0.6864641265250186,False,False,False,wifi_only,6,6.5,0.5,0.36658451979314916,moving_average
32,s3_vlp_blocked,6.090439232524188,0.6864641265250186,False,False,False,vlp_only,6,6.5,0.5,0.9999999999010003,moving_average
32,s3_vlp_blocked,6.090439232524188,0.6864641265250186,False,False,False,static_fusion,6,6.5,0.5,0.6832922598470746,moving_average
33,s3_vlp_blocked,5.949226125977861,0.8518939098654703,False,False,False,wifi_only,16,6.5,1.5,0.17622708361088532,moving_average
33,s3_vlp_blocked,5.949226125977861,0.8518939098654703,False,False,False,vlp_only,6,6.5,0.5,0.9999999999010003,moving_average
33,s3_vlp_blocked,5.949226125977861,0.8518939098654703,False,False,False,static_fusion,6,6.5,0.5,0.5831128227229079,moving_average
34,s3_vlp_blocked,5.8095047430555145,1.1091466717902831,False,False,False,wifi_only,16,6.5,1.5,0.17253918504154805,moving_average
34,s3_vlp_blocked,5.8095047430555145,1.1091466717902831,False,False,False,vlp_only,6,6.5,0.5,0.9999999999010003,moving_average
34,s3_vlp_blocked,5.8095047430555145,1.1091466717902831,False,False,False,static_fusion,6,6.5,0.5,0.5850416144222621,moving_average
35,s3_vlp_blocked,5.579978519259318,1.272432489793561,False,False,False,wifi_only,15,5.5,1.5,0.1830390452032525,moving_average
35,s3_vlp_blocked,5.579978519259318,1.272432489793561,False,False,False,vlp_only,15,5.5,1.5,0.9999999867027398,moving_average
35,s3_vlp_blocked,5.579978519259318,1.272432489793561,False,False,False,static_fusion,15,5.5,1.5,0.5915195159529962,moving_average
36,s3_vlp_blocked,5.338528190625762,1.3036592905789073,False,False,False,wifi_only,5,5.5,0.5,0.2350253074823884,moving_average
36,s3_vlp_blocked,5.338528190625762,1.3036592905789073,False,False,False,vlp_only,15,5.5,1.5,0.9999999999010003,moving_average
36,s3_vlp_blocked,5.338528190625762,1.3036592905789073,False,False,False,static_fusion,15,5.5,1.5,0.612475074887403,moving_average
37,s3_vlp_blocked,4.912072310282084,1.4157812756540196,False,False,False,wifi_only,15,5.5,1.5,0.23619111563406453,moving_average
37,s3_vlp_blocked,4.912072310282084,1.4157812756540196,False,False,False,vlp_only,15,5.5,1.5,0.9999999999010003,moving_average
37,s3_vlp_blocked,4.912072310282084,1.4157812756540196,False,False,False,static_fusion,15,5.5,1.5,0.6180955577675324,moving_average
38,s3_vlp_blocked,4.826303961432351,1.586236364932186,False,False,False,wifi_only,15,5.5,1.5,0.23850495423298304,moving_average
38,s3_vlp_blocked,4.826303961432351,1.586236364932186,False,False,False,vlp_only,15,5.5,1.5,0.9999999999010003,moving_average
38,s3_vlp_blocked,4.826303961432351,1.586236364932186,False,False,False,static_fusion,15,5.5,1.5,0.6192524770669917,moving_average
39,s3_vlp_blocked,4.8018178978276085,1.8759997678234683,False,False,False,wifi_only,25,5.5,2.5,0.1917195633189845,moving_average
39,s3_vlp_blocked,4.8018178978276085,1.8759997678234683,False,False,False,vlp_only,5,5.5,0.5,0.6474993695183079,moving_average
39,s3_vlp_blocked,4.8018178978276085,1.8759997678234683,False,False,False,static_fusion,5,5.5,0.5,0.3878317536562274,moving_average
40,s3_vlp_blocked,4.769561461430565,2.1910721381589235,False,False,False,wifi_only,15,5.5,1.5,0.20780640919547982,moving_average
40,s3_vlp_blocked,4.769561461430565,2.1910721381589235,False,False,False,vlp_only,14,4.5,1.5,0.6907562660402733,moving_average
40,s3_vlp_blocked,4.769561461430565,2.1910721381589235,False,False,False,static_fusion,14,4.5,1.5,0.40727420482045384,moving_average
41,s3_vlp_blocked,4.525918490013359,2.572296491893161,False,False,False,wifi_only,15,5.5,1.5,0.166534372597791,moving_average
41,s3_vlp_blocked,4.525918490013359,2.572296491893161,False,False,False,vlp_only,14,4.5,1.5,0.9964450404638355,moving_average
41,s3_vlp_blocked,4.525918490013359,2.572296491893161,False,False,False,static_fusion,14,4.5,1.5,0.5717671335886861,moving_average
42,s3_vlp_blocked,4.603145206950584,2.691606464543516,False,False,False,wifi_only,25,5.5,2.5,0.16150911698165976,moving_average
42,s3_vlp_blocked,4.603145206950584,2.691606464543516,False,False,False,vlp_only,24,4.5,2.5,0.9931685093094627,moving_average
42,s3_vlp_blocked,4.603145206950584,2.691606464543516,False,False,False,static_fusion,24,4.5,2.5,0.5702935904134588,moving_average
43,s3_vlp_blocked,4.636858519470941,2.83301729155527,False,False,False,wifi_only,24,4.5,2.5,0.19547839168383957,moving_average
43,s3_vlp_blocked,4.636858519470941,2.83301729155527,False,False,False,vlp_only,24,4.5,2.5,0.999999906289997,moving_average
43,s3_vlp_blocked,4.636858519470941,2.83301729155527,False,False,False,static_fusion,24,4.5,2.5,0.5977391489869182,moving_average
44,s3_vlp_blocked,4.734121569139968,3.1877348970907184,False,False,False,wifi_only,24,4.5,2.5,0.1689113808289875,moving_average
44,s3_vlp_blocked,4.734121569139968,3.1877348970907184,False,False,False,vlp_only,24,4.5,2.5,0.9999999999010002,moving_average
44,s3_vlp_blocked,4.734121569139968,3.1877348970907184,False,False,False,static_fusion,24,4.5,2.5,0.5844556903649936,moving_average
45,s3_vlp_blocked,4.820450082367587,3.2794971977323337,False,True,False,wifi_only,25,5.5,2.5,0.15146442882802538,moving_average
45,s3_vlp_blocked,4.820450082367587,3.2794971977323337,False,True,False,vlp_only,34,4.5,3.5,0.9999999999010002,moving_average
45,s3_vlp_blocked,4.820450082367587,3.2794971977323337,False,True,False,static_fusion,34,4.5,3.5,0.5448602981051206,moving_average
46,s3_vlp_blocked,5.062857013263392,3.3252726841438496,False,True,False,wifi_only,25,5.5,2.5,0.16821739132525962,moving_average
46,s3_vlp_blocked,5.062857013263392,3.3252726841438496,False,True,False,vlp_only,34,4.5,3.5,0.9999999999010002,moving_average
46,s3_vlp_blocked,5.062857013263392,3.3252726841438496,False,True,False,static_fusion,34,4.5,3.5,0.5460633294784912,moving_average
47,s3_vlp_blocked,5.223527674927983,3.3636079119505795,False,True,False,wifi_only,24,4.5,2.5,0.1620119258640376,moving_average
47,s3_vlp_blocked,5.223527674927983,3.3636079119505795,False,True,False,vlp_only,34,4.5,3.5,0.9999997974106458,moving_average
47,s3_vlp_blocked,5.223527674927983,3.3636079119505795,False,True,False,static_fusion,34,4.5,3.5,0.568191437704662,moving_average
48,s3_vlp_blocked,5.715643126853525,3.4347811219492,False,True,False,wifi_only,35,5.5,3.5,0.16591353995221075,moving_average
48,s3_vlp_blocked,5.715643126853525,3.4347811219492,False,True,False,vlp_only,5,5.5,0.5,0.9999999999010003,moving_average
48,s3_vlp_blocked,5.715643126853525,3.4347811219492,False,True,False,static_fusion,5,5.5,0.5,0.5091041179499317,moving_average
49,s3_vlp_blocked,6.036475943181564,3.33849425496013,False,True,False,wifi_only,35,5.5,3.5,0.1860929708963672,moving_average
49,s3_vlp_blocked,6.036475943181564,3.33849425496013,False,True,False,vlp_only,5,5.5,0.5,0.9999999999010003,moving_average
49,s3_vlp_blocked,6.036475943181564,3.33849425496013,False,True,False,static_fusion,5,5.5,0.5,0.5104641403141345,moving_average
50,s3_vlp_blocked,6.26597077792921,3.2310160910129526,False,True,False,wifi_only,35,5.5,3.5,0.1947406944068345,moving_average
50,s3_vlp_blocked,6.26597077792921,3.2310160910129526,False,True,False,vlp_only,5,5.5,0.5,0.9999999999010003,moving_average
50,s3_vlp_blocked,6.26597077792921,3.2310160910129526,False,True,False,static_fusion,5,5.5,0.5,0.5079107753014873,moving_average
51,s3_vlp_blocked,6.557154939381723,3.0499936079927075,False,True,False,wifi_only,35,5.5,3.5,0.1957830845254659,moving_average
51,s3_vlp_blocked,6.557154939381723,3.0499936079927075,False,True,False,vlp_only,5,5.5,0.5,0.9999999999010003,moving_average
51,s3_vlp_blocked,6.557154939381723,3.0499936079927075,False,True,False,static_fusion,5,5.5,0.5,0.5088534841359693,moving_average
52,s3_vlp_blocked,6.7452470995562726,2.868494108966797,False,True,False,wifi_only,36,6.5,3.5,0.17703329180687413,moving_average
52,s3_vlp_blocked,6.7452470995562726,2.868494108966797,False,True,False,vlp_only,6,6.5,0.5,0.9999999999010003,moving_average
52,s3_vlp_blocked,6.7452470995562726,2.868494108966797,False,True,False,static_fusion,6,6.5,0.5,0.5053081056229705,moving_average
53,s3_vlp_blocked,6.89633119872926,2.646701910339533,False,True,False,wifi_only,26,6.5,2.5,0.17579276150627793,moving_average
53,s3_vlp_blocked,6.89633119872926,2.646701910339533,False,True,False,vlp_only,6,6.5,0.5,0.9999999999010003,moving_average
53,s3_vlp_blocked,6.89633119872926,2.646701910339533,False,True,False,static_fusion,6,6.5,0.5,0.5231401274390578,moving_average
54,s3_vlp_blocked,7.093839490462012,2.230395250989873,False,True,False,wifi_only,36,6.5,3.5,0.1442855642649042,moving_average
54,s3_vlp_blocked,7.093839490462012,2.230395250989873,False,True,False,vlp_only,7,7.5,0.5,0.9999999999010003,moving_average
54,s3_vlp_blocked,7.093839490462012,2.230395250989873,False,True,False,static_fusion,7,7.5,0.5,0.5000568332952983,moving_average
55,s3_vlp_blocked,7.327799421114381,2.083866639869165,False,True,False,wifi_only,26,6.5,2.5,0.17133980355384695,moving_average
55,s3_vlp_blocked,7.327799421114381,2.083866639869165,False,True,False,vlp_only,7,7.5,0.5,0.9999999999010003,moving_average
55,s3_vlp_blocked,7.327799421114381,2.083866639869165,False,True,False,static_fusion,7,7.5,0.5,0.5009417891429532,moving_average
56,s3_vlp_blocked,7.4404788553418495,2.0885416935474934,False,True,False,wifi_only,27,7.5,2.5,0.18924547299251454,moving_average
56,s3_vlp_blocked,7.4404788553418495,2.0885416935474934,False,True,False,vlp_only,17,7.5,1.5,0.9999999999010003,moving_average
56,s3_vlp_blocked,7.4404788553418495,2.0885416935474934,False,True,False,static_fusion,17,7.5,1.5,0.5169261781961768,moving_average
57,s3_vlp_blocked,7.579211275373233,2.0714456103345764,False,True,False,wifi_only,27,7.5,2.5,0.2245300501307636,moving_average
57,s3_vlp_blocked,7.579211275373233,2.0714456103345764,False,True,False,vlp_only,17,7.5,1.5,0.9999999972246637,moving_average
57,s3_vlp_blocked,7.579211275373233,2.0714456103345764,False,True,False,static_fusion,17,7.5,1.5,0.5257410569109536,moving_average
58,s3_vlp_blocked,7.844337613028887,1.6670430401807117,False,True,False,wifi_only,27,7.5,2.5,0.21030080339544968,moving_average
58,s3_vlp_blocked,7.844337613028887,1.6670430401807117,False,True,False,vlp_only,17,7.5,1.5,0.9999999943232224,moving_average
58,s3_vlp_blocked,7.844337613028887,1.6670430401807117,False,True,False,static_fusion,17,7.5,1.5,0.5836862297188798,moving_average
59,s3_vlp_blocked,7.979950544975631,1.4630004361001532,False,True,False,wifi_only,17,7.5,1.5,0.28528224565642984,moving_average
59,s3_vlp_blocked,7.979950544975631,1.4630004361001532,False,True,False,vlp_only,17,7.5,1.5,0.9985230829708185,moving_average
59,s3_vlp_blocked,7.979950544975631,1.4630004361001532,False,True,False,static_fusion,17,7.5,1.5,0.641902664313624,moving_average
60,s3_vlp_blocked,8.127206923732981,1.3162437323059886,False,True,False,wifi_only,28,8.5,2.5,0.2928224888797342,moving_average
60,s3_vlp_blocked,8.127206923732981,1.3162437323059886,False,True,False,vlp_only,18,8.5,1.5,0.9999999998356635,moving_average
60,s3_vlp_blocked,8.127206923732981,1.3162437323059886,False,True,False,static_fusion,18,8.5,1.5,0.5085724531656923,moving_average
61,s3_vlp_blocked,8.189098931075993,1.1020139318013231,False,True,False,wifi_only,18,8.5,1.5,0.174106634126659,moving_average
61,s3_vlp_blocked,8.189098931075993,1.1020139318013231,False,True,False,vlp_only,18,8.5,1.5,0.9999999999010003,moving_average
61,s3_vlp_blocked,8.189098931075993,1.1020139318013231,False,True,False,static_fusion,18,8.5,1.5,0.5870533170138297,moving_average
62,s3_vlp_blocked,8.244559866287215,0.9834290739202508,False,False,False,wifi_only,18,8.5,1.5,0.29756793949681987,moving_average
62,s3_vlp_blocked,8.244559866287215,0.9834290739202508,False,False,False,vlp_only,8,8.5,0.5,0.9999999991046062,moving_average
62,s3_vlp_blocked,8.244559866287215,0.9834290739202508,False,False,False,static_fusion,8,8.5,0.5,0.6455569366385362,moving_average
63,s3_vlp_blocked,8.469449233099015,0.5380851752887181,False,False,False,wifi_only,8,8.5,0.5,0.2890305900076406,moving_average
63,s3_vlp_blocked,8.469449233099015,0.5380851752887181,False,False,False,vlp_only,8,8.5,0.5,0.9998488307402881,moving_average
63,s3_vlp_blocked,8.469449233099015,0.5380851752887181,False,False,False,static_fusion,8,8.5,0.5,0.6444397103739642,moving_average
64,s3_vlp_blocked,8.61129496830597,0.2850740111733432,False,False,False,wifi_only,8,8.5,0.5,0.27595795218238367,moving_average
64,s3_vlp_blocked,8.61129496830597,0.2850740111733432,False,False,False,vlp_only,8,8.5,0.5,0.9999483908051198,moving_average
64,s3_vlp_blocked,8.61129496830597,0.2850740111733432,False,False,False,static_fusion,8,8.5,0.5,0.6379531714937517,moving_average
65,s3_vlp_blocked,8.649656672908945,0.1829723899998202,False,False,False,wifi_only,8,8.5,0.5,0.2889869054254059,moving_average
65,s3_vlp_blocked,8.649656672908945,0.1829723899998202,False,False,False,vlp_only,8,8.5,0.5,0.9999999984134712,moving_average
65,s3_vlp_blocked,8.649656672908945,0.1829723899998202,False,False,False,static_fusion,8,8.5,0.5,0.6444934519194384,moving_average
66,s3_vlp_blocked,8.433510539178341,0.5984305923139432,False,False,False,wifi_only,8,8.5,0.5,0.26856387746046995,moving_average
66,s3_vlp_blocked,8.433510539178341,0.5984305923139432,False,False,False,vlp_only,8,8.5,0.5,0.9999979027547841,moving_average
66,s3_vlp_blocked,8.433510539178341,0.5984305923139432,False,False,False,static_fusion,8,8.5,0.5,0.6342808901076268,moving_average
67,s3_vlp_blocked,8.390725265666473,0.8870681197350446,False,False,False,wifi_only,18,8.5,1.5,0.2726653562221831,moving_average
67,s3_vlp_blocked,8.390725265666473,0.8870681197350446,False,False,False,vlp_only,8,8.5,0.5,0.9999998476435559,moving_average
67,s3_vlp_blocked,8.390725265666473,0.8870681197350446,False,False,False,static_fusion,8,8.5,0.5,0.629545125452276,moving_average
68,s3_vlp_blocked,8.28586833451047,1.075450447649671,False,False,False,wifi_only,19,9.5,1.5,0.26091191804734354,moving_average
68,s3_vlp_blocked,8.28586833451047,1.075450447649671,False,False,False,vlp_only,8,8.5,0.5,0.9999998211446373,moving_average
68,s3_vlp_blocked,8.28586833451047,1.075450447649671,False,False,False,static_fusion,8,8.5,0.5,0.6257530367211254,moving_average
69,s3_vlp_blocked,8.00771188370768,1.2586421068158191,False,False,False,wifi_only,8,8.5,0.5,0.3012178715063611,moving_average
69,s3_vlp_blocked,8.00771188370768,1.2586421068158191,False,False,False,vlp_only,8,8.5,0.5,0.9999510859268366,moving_average
69,s3_vlp_blocked,8.00771188370768,1.2586421068158191,False,False,False,static_fusion,8,8.5,0.5,0.6505844787165987,moving_average
70,s3_vlp_blocked,7.876253087162693,1.4325757096206515,False,False,False,wifi_only,8,8.5,0.5,0.29193612545383585,moving_average
70,s3_vlp_blocked,7.876253087162693,1.4325757096206515,False,False,False,vlp_only,18,8.5,1.5,0.9999992124179725,moving_average
70,s3_vlp_blocked,7.876253087162693,1.4325757096206515,False,False,False,static_fusion,18,8.5,1.5,0.6394135024847801,moving_average
71,s3_vlp_blocked,7.764584357169141,1.783515740895847,False,False,False,wifi_only,18,8.5,1.5,0.30491421094224175,moving_average
71,s3_vlp_blocked,7.764584357169141,1.783515740895847,False,False,False,vlp_only,18,8.5,1.5,0.981924724243276,moving_average
71,s3_vlp_blocked,7.764584357169141,1.783515740895847,False,False,False,static_fusion,18,8.5,1.5,0.6434194675927587,moving_average
72,s3_vlp_blocked,7.724461665749093,1.919199890822522,False,False,False,wifi_only,18,8.5,1.5,0.26270242750991485,moving_average
72,s3_vlp_blocked,7.724461665749093,1.919199890822522,False,False,False,vlp_only,17,7.5,1.5,0.8909360348901241,moving_average
72,s3_vlp_blocked,7.724461665749093,1.919199890822522,False,False,False,static_fusion,17,7.5,1.5,0.4737317333918898,moving_average
73,s3_vlp_blocked,7.434410446855592,2.196460502510213,False,False,False,wifi_only,17,7.5,1.5,0.2955145109698128,moving_average
73,s3_vlp_blocked,7.434410446855592,2.196460502510213,False,False,False,vlp_only,17,7.5,1.5,0.9999958095476149,moving_average
73,s3_vlp_blocked,7.434410446855592,2.196460502510213,False,False,False,static_fusion,17,7.5,1.5,0.6477551602587136,moving_average
74,s3_vlp_blocked,7.329501734941545,2.341512908882469,False,False,False,wifi_only,28,8.5,2.5,0.28352354114065537,moving_average
74,s3_vlp_blocked,7.329501734941545,2.341512908882469,False,False,False,vlp_only,17,7.5,1.5,0.9960758753171518,moving_average
74,s3_vlp_blocked,7.329501734941545,2.341512908882469,False,False,False,static_fusion,17,7.5,1.5,0.6343487618447975,moving_average
75,s3_vlp_blocked,7.071931175766185,2.639246667376174,False,True,False,wifi_only,27,7.5,2.5,0.2900988604552867,moving_average
75,s3_vlp_blocked,7.071931175766185,2.639246667376174,False,True,False,vlp_only,28,8.5,2.5,0.9505545078871211,moving_average
75,s3_vlp_blocked,7.071931175766185,2.639246667376174,False,True,False,static_fusion,28,8.5,2.5,0.5164080160210623,moving_average
76,s3_vlp_blocked,6.978026390337671,2.8586906033898587,False,True,False,wifi_only,27,7.5,2.5,0.20955144254469515,moving_average
76,s3_vlp_blocked,6.978026390337671,2.8586906033898587,False,True,False,vlp_only,27,7.5,2.5,0.8962053836520573,moving_average
76,s3_vlp_blocked,6.978026390337671,2.8586906033898587,False,True,False,static_fusion,27,7.5,2.5,0.5528784130983762,moving_average
77,s3_vlp_blocked,7.056281076272732,3.07562739707137,False,True,False,wifi_only,26,6.5,2.5,0.2025230758553949,moving_average
77,s3_vlp_blocked,7.056281076272732,3.07562739707137,False,True,False,vlp_only,29,9.5,2.5,0.9993919035685711,moving_average
77,s3_vlp_blocked,7.056281076272732,3.07562739707137,False,True,False,static_fusion,29,9.5,2.5,0.500218143835309,moving_average
78,s3_vlp_blocked,6.986478911581751,3.499417790512807,False,True,False,wifi_only,26,6.5,2.5,0.17202400552088684,moving_average
78,s3_vlp_blocked,6.986478911581751,3.499417790512807,False,True,False,vlp_only,37,7.5,3.5,0.9839793590356276,moving_average
78,s3_vlp_blocked,6.986478911581751,3.499417790512807,False,True,False,static_fusion,37,7.5,3.5,0.5711352771444972,moving_average
79,s3_vlp_blocked,7.059635179641974,3.643912026483358,False,True,False,wifi_only,26,6.5,2.5,0.1956988482169131,moving_average
79,s3_vlp_blocked,7.059635179641974,3.643912026483358,False,True,False,vlp_only,39,9.5,3.5,0.9999999999010002,moving_average
79,s3_vlp_blocked,7.059635179641974,3.643912026483358,False,True,False,static_fusion,39,9.5,3.5,0.5151948312842445,moving_average
80,s3_vlp_blocked,7.111230980212548,3.866216527347812,False,True,False,wifi_only,26,6.5,2.5,0.20134249015980524,moving_average
80,s3_vlp_blocked,7.111230980212548,3.866216527347812,False,True,False,vlp_only,36,6.5,3.5,0.9996466830025615,moving_average
80,s3_vlp_blocked,7.111230980212548,3.866216527347812,False,True,False,static_fusion,36,6.5,3.5,0.5307528710036397,moving_average
81,s3_vlp_blocked,7.093666462300226,4.151666727840037,False,True,False,wifi_only,26,6.5,2.5,0.19986791737605641,moving_average
81,s3_vlp_blocked,7.093666462300226,4.151666727840037,False,True,False,vlp_only,46,6.5,4.5,0.9999956669239515,moving_average
81,s3_vlp_blocked,7.093666462300226,4.151666727840037,False,True,False,static_fusion,46,6.5,4.5,0.5034714387233648,moving_average
82,s3_vlp_blocked,7.179940304559092,4.40982120831966,False,True,False,wifi_only,37,7.5,3.5,0.1764593085481229,moving_average
82,s3_vlp_blocked,7.179940304559092,4.40982120831966,False,True,False,vlp_only,49,9.5,4.5,0.9999999999010002,moving_average
82,s3_vlp_blocked,7.179940304559092,4.40982120831966,False,True,False,static_fusion,49,9.5,4.5,0.5158350854055207,moving_average
83,s3_vlp_blocked,7.389306456175779,4.728806808316636,False,True,False,wifi_only,36,6.5,3.5,0.19496018216621647,moving_average
83,s3_vlp_blocked,7.389306456175779,4.728806808316636,False,True,False,vlp_only,49,9.5,4.5,0.9999999999010002,moving_average
83,s3_vlp_blocked,7.389306456175779,4.728806808316636,False,True,False,static_fusion,49,9.5,4.5,0.510937017561531,moving_average
84,s3_vlp_blocked,7.471099094223947,5.062300262899215,False,True,False,wifi_only,47,7.5,4.5,0.17408959016488162,moving_average
84,s3_vlp_blocked,7.471099094223947,5.062300262899215,False,True,False,vlp_only,49,9.5,4.5,0.9999999999010002,moving_average
84,s3_vlp_blocked,7.471099094223947,5.062300262899215,False,True,False,static_fusion,49,9.5,4.5,0.5312802182900883,moving_average
85,s3_vlp_blocked,7.639476103338564,5.452330212055501,False,True,False,wifi_only,47,7.5,4.5,0.18714660627585314,moving_average
85,s3_vlp_blocked,7.639476103338564,5.452330212055501,False,True,False,vlp_only,49,9.5,4.5,0.9999999999010002,moving_average
85,s3_vlp_blocked,7.639476103338564,5.452330212055501,False,True,False,static_fusion,49,9.5,4.5,0.5300004649662041,moving_average
86,s3_vlp_blocked,7.590210281547375,5.578300437724326,False,True,False,wifi_only,57,7.5,5.5,0.1697917058797355,moving_average
86,s3_vlp_blocked,7.590210281547375,5.578300437724326,False,True,False,vlp_only,59,9.5,5.5,0.9999962536478564,moving_average
86,s3_vlp_blocked,7.590210281547375,5.578300437724326,False,True,False,static_fusion,59,9.5,5.5,0.525126015840851,moving_average
87,s3_vlp_blocked,7.462795792010998,5.791477714093946,False,True,False,wifi_only,57,7.5,5.5,0.18114255122575781,moving_average
87,s3_vlp_blocked,7.462795792010998,5.791477714093946,False,True,False,vlp_only,59,9.5,5.5,0.9999999999010002,moving_average
87,s3_vlp_blocked,7.462795792010998,5.791477714093946,False,True,False,static_fusion,59,9.5,5.5,0.5236361566077704,moving_average
88,s3_vlp_blocked,7.440607753073426,5.980848219358611,False,True,False,wifi_only,57,7.5,5.5,0.15748974521271383,moving_average
88,s3_vlp_blocked,7.440607753073426,5.980848219358611,False,True,False,vlp_only,59,9.5,5.5,0.9999999999010002,moving_average
88,s3_vlp_blocked,7.440607753073426,5.980848219358611,False,True,False,static_fusion,59,9.5,5.5,0.5108390078393945,moving_average
89,s3_vlp_blocked,7.440906125309533,6.113793031097752,False,False,False,wifi_only,67,7.5,6.5,0.16604299139351703,moving_average
89,s3_vlp_blocked,7.440906125309533,6.113793031097752,False,False,False,vlp_only,59,9.5,5.5,0.9995912723507174,moving_average
89,s3_vlp_blocked,7.440906125309533,6.113793031097752,False,False,False,static_fusion,59,9.5,5.5,0.5051535918314329,moving_average
90,s3_vlp_blocked,7.279806471044582,6.464561962588011,False,False,False,wifi_only,67,7.5,6.5,0.15940929377567722,moving_average
90,s3_vlp_blocked,7.279806471044582,6.464561962588011,False,False,False,vlp_only,69,9.5,6.5,0.9999999860684883,moving_average
90,s3_vlp_blocked,7.279806471044582,6.464561962588011,False,False,False,static_fusion,69,9.5,6.5,0.5133772684963316,moving_average
91,s3_vlp_blocked,7.195775699002211,6.545903417221667,False,False,False,wifi_only,67,7.5,6.5,0.15833319644093208,moving_average
91,s3_vlp_blocked,7.195775699002211,6.545903417221667,False,False,False,vlp_only,69,9.5,6.5,0.9999999999010001,moving_average
91,s3_vlp_blocked,7.195775699002211,6.545903417221667,False,False,False,static_fusion,69,9.5,6.5,0.5126507089303479,moving_average
92,s3_vlp_blocked,7.071679731335141,6.664553875446808,False,False,False,wifi_only,67,7.5,6.5,0.14283278373258185,moving_average
92,s3_vlp_blocked,7.071679731335141,6.664553875446808,False,False,False,vlp_only,66,6.5,6.5,0.9999999999010001,moving_average
92,s3_vlp_blocked,7.071679731335141,6.664553875446808,False,False,False,static_fusion,66,6.5,6.5,0.5383227062890065,moving_average
93,s3_vlp_blocked,6.88601961932652,6.885266262387327,False,False,False,wifi_only,67,7.5,6.5,0.1207400372174357,moving_average
93,s3_vlp_blocked,6.88601961932652,6.885266262387327,False,False,False,vlp_only,67,7.5,6.5,0.9999999999010001,moving_average
93,s3_vlp_blocked,6.88601961932652,6.885266262387327,False,False,False,static_fusion,67,7.5,6.5,0.5603700185592179,moving_average
94,s3_vlp_blocked,6.836265376227635,7.09347815473235,False,False,False,wifi_only,77,7.5,7.5,0.1095932755583935,moving_average
94,s3_vlp_blocked,6.836265376227635,7.09347815473235,False,False,False,vlp_only,67,7.5,6.5,0.9999999999010001,moving_average
94,s3_vlp_blocked,6.836265376227635,7.09347815473235,False,False,False,static_fusion,67,7.5,6.5,0.5368051849392202,moving_average
95,s3_vlp_blocked,6.749970613133377,7.2047970050942345,False,False,False,wifi_only,77,7.5,7.5,0.14730105752935216,moving_average
95,s3_vlp_blocked,6.749970613133377,7.2047970050942345,False,False,False,vlp_only,67,7.5,6.5,0.9981622846336657,moving_average
95,s3_vlp_blocked,6.749970613133377,7.2047970050942345,False,False,False,static_fusion,67,7.5,6.5,0.5316913880212071,moving_average
96,s3_vlp_blocked,6.520102407663193,7.416654680272662,False,False,False,wifi_only,77,7.5,7.5,0.16421214999965236,moving_average
96,s3_vlp_blocked,6.520102407663193,7.416654680272662,False,False,False,vlp_only,76,6.5,7.5,0.9999999999010001,moving_average
96,s3_vlp_blocked,6.520102407663193,7.416654680272662,False,False,False,static_fusion,76,6.5,7.5,0.5469744297656047,moving_average
97,s3_vlp_blocked,6.235078071420909,7.80527981884087,False,False,False,wifi_only,76,6.5,7.5,0.1727662148188041,moving_average
97,s3_vlp_blocked,6.235078071420909,7.80527981884087,False,False,False,vlp_only,76,6.5,7.5,0.9999999999010001,moving_average
97,s3_vlp_blocked,6.235078071420909,7.80527981884087,False,False,False,static_fusion,76,6.5,7.5,0.5863831073599021,moving_average
98,s3_vlp_blocked,5.98823397903378,7.93574951314563,False,False,False,wifi_only,76,6.5,7.5,0.20673669929980368,moving_average
98,s3_vlp_blocked,5.98823397903378,7.93574951314563,False,False,False,vlp_only,76,6.5,7.5,0.9999999998924357,moving_average
98,s3_vlp_blocked,5.98823397903378,7.93574951314563,False,False,False,static_fusion,76,6.5,7.5,0.6033683495961196,moving_average
99,s3_vlp_blocked,5.822657938153183,7.968265377624689,False,False,False,wifi_only,86,6.5,8.5,0.25324795499541436,moving_average
99,s3_vlp_blocked,5.822657938153183,7.968265377624689,False,False,False,vlp_only,76,6.5,7.5,0.9999996934007765,moving_average
99,s3_vlp_blocked,5.822657938153183,7.968265377624689,False,False,False,static_fusion,76,6.5,7.5,0.573111159190565,moving_average
0,s3_vlp_blocked,8.548260044884431,3.875368266732585,False,False,False,wifi_only,26,6.5,2.5,0.14479055294150858,median
0,s3_vlp_blocked,8.548260044884431,3.875368266732585,False,False,False,vlp_only,39,9.5,3.5,0.9999999999010002,median
0,s3_vlp_blocked,8.548260044884431,3.875368266732585,False,False,False,static_fusion,39,9.5,3.5,0.5048456840646857,median
1,s3_vlp_blocked,8.648647791547123,3.682160416153107,False,False,False,wifi_only,38,8.5,3.5,0.177651371600296,median
1,s3_vlp_blocked,8.648647791547123,3.682160416153107,False,False,False,vlp_only,39,9.5,3.5,0.9999999999010002,median
1,s3_vlp_blocked,8.648647791547123,3.682160416153107,False,False,False,static_fusion,39,9.5,3.5,0.5587418748532944,median
2,s3_vlp_blocked,8.904314502785434,3.314602216855924,False,False,False,wifi_only,27,7.5,2.5,0.20415521073979637,median
2,s3_vlp_blocked,8.904314502785434,3.314602216855924,False,False,False,vlp_only,38,8.5,3.5,0.9999999999010002,median
2,s3_vlp_blocked,8.904314502785434,3.314602216855924,False,False,False,static_fusion,38,8.5,3.5,0.562117859371872,median
3,s3_vlp_blocked,9.310389003930128,3.04167485894367,False,False,False,wifi_only,39,9.5,3.5,0.2348793446535788,median
3,s3_vlp_blocked,9.310389003930128,3.04167485894367,False,False,False,vlp_only,38,8.5,3.5,0.9999999999010002,median
3,s3_vlp_blocked,9.310389003930128,3.04167485894367,False,False,False,static_fusion,38,8.5,3.5,0.6060172804685925,median
4,s3_vlp_blocked,9.706838327803332,2.8964874698404373,False,False,False,wifi_only,39,9.5,3.5,0.22932525626101727,median
4,s3_vlp_blocked,9.706838327803332,2.8964874698404373,False,False,False,vlp_only,38,8.5,3.5,0.9999999999010002,median
4,s3_vlp_blocked,9.706838327803332,2.8964874698404373,False,False,False,static_fusion,38,8.5,3.5,0.5847268271643932,median
5,s3_vlp_blocked,9.41844096729231,2.900422758078939,False,False,False,wifi_only,39,9.5,3.5,0.21381947387098477,median
5,s3_vlp_blocked,9.41844096729231,2.900422758078939,False,False,False,vlp_only,29,9.5,2.5,0.9333920732585038,median
5,s3_vlp_blocked,9.41844096729231,2.900422758078939,False,False,False,static_fusion,29,9.5,2.5,0.5347995770221501,median
6,s3_vlp_blocked,8.964378339140287,2.9597287260816096,False,False,False,wifi_only,27,7.5,2.5,0.1868090145625006,median
6,s3_vlp_blocked,8.964378339140287,2.9597287260816096,False,False,False,vlp_only,29,9.5,2.5,0.9999999999002919,median
6,s3_vlp_blocked,8.964378339140287,2.9597287260816096,False,False,False,static_fusion,29,9.5,2.5,0.556281172249331,median
7,s3_vlp_blocked,8.774353844140126,3.131454780222936,False,False,False,wifi_only,27,7.5,2.5,0.19322637093460254,median
7,s3_vlp_blocked,8.774353844140126,3.131454780222936,False,False,False,vlp_only,29,9.5,2.5,0.9999999998989116,median
7,s3_vlp_blocked,8.774353844140126,3.131454780222936,False,False,False,static_fusion,29,9.5,2.5,0.5493831030567066,median
8,s3_vlp_blocked,8.418152736801511,3.188810020474088,False,False,False,wifi_only,27,7.5,2.5,0.2548241539836495,median
8,s3_vlp_blocked,8.418152736801511,3.188810020474088,False,False,False,vlp_only,29,9.5,2.5,0.9999999907300517,median
8,s3_vlp_blocked,8.418152736801511,3.188810020474088,False,False,False,static_fusion,29,9.5,2.5,0.5219442719576319,median
9,s3_vlp_blocked,8.165062128503568,3.3554638975618585,False,False,False,wifi_only,27,7.5,2.5,0.2471728918464681,median
9,s3_vlp_blocked,8.165062128503568,3.3554638975618585,False,False,False,vlp_only,38,8.5,3.5,0.9999966378346671,median
9,s3_vlp_blocked,8.165062128503568,3.3554638975618585,False,False,False,static_fusion,38,8.5,3.5,0.6010988182564535,median
10,s3_vlp_blocked,8.047852018915972,3.3896047138916883,False,False,False,wifi_only,38,8.5,3.5,0.2197151052321693,median
10,s3_vlp_blocked,8.047852018915972,3.3896047138916883,False,False,False,vlp_only,38,8.5,3.5,0.9999999998802046,median
10,s3_vlp_blocked,8.047852018915972,3.3896047138916883,False,False,False,static_fusion,38,8.5,3.5,0.6098575525561868,median
11,s3_vlp_blocked,7.628992597812742,3.5120336380508936,False,False,False,wifi_only,38,8.5,3.5,0.22291855456618884,median
11,s3_vlp_blocked,7.628992597812742,3.5120336380508936,False,False,False,vlp_only,38,8.5,3.5,0.9923475286061223,median
11,s3_vlp_blocked,7.628992597812742,3.5120336380508936,False,False,False,static_fusion,38,8.5,3.5,0.6076330415861556,median
12,s3_vlp_blocked,7.264240580596287,3.551955010215912,False,False,False,wifi_only,38,8.5,3.5,0.2456582956440637,median
12,s3_vlp_blocked,7.264240580596287,3.551955010215912,False,False,False,vlp_only,38,8.5,3.5,0.9889932416278892,median
12,s3_vlp_blocked,7.264240580596287,3.551955010215912,False,False,False,static_fusion,38,8.5,3.5,0.6173257686359763,median
13,s3_vlp_blocked,6.807654944686304,3.3798711617406227,False,False,False,wifi_only,38,8.5,3.5,0.24299961264860562,median
13,s3_vlp_blocked,6.807654944686304,3.3798711617406227,False,False,False,vlp_only,37,7.5,3.5,0.9999999998982982,median
13,s3_vlp_blocked,6.807654944686304,3.3798711617406227,False,False,False,static_fusion,37,7.5,3.5,0.5681872855628807,median
14,s3_vlp_blocked,6.644376635151973,3.2678225998295574,False,False,False,wifi_only,37,7.5,3.5,0.20302406621282026,median
14,s3_vlp_blocked,6.644376635151973,3.2678225998295574,False,False,False,vlp_only,37,7.5,3.5,0.9999999999010002,median
14,s3_vlp_blocked,6.644376635151973,3.2678225998295574,False,False,False,static_fusion,37,7.5,3.5,0.6015120330569103,median
15,s3_vlp_blocked,6.164360277507891,3.220123101722137,False,True,False,wifi_only,37,7.5,3.5,0.19881277065717617,median
15,s3_vlp_blocked,6.164360277507891,3.220123101722137,False,True,False,vlp_only,37,7.5,3.5,0.9999999999010002,median
15,s3_vlp_blocked,6.164360277507891,3.220123101722137,False,True,False,static_fusion,37,7.5,3.5,0.5994063852790881,median
16,s3_vlp_blocked,5.921670782647944,3.170353913208966,False,True,False,wifi_only,36,6.5,3.5,0.1859981963274953,median
16,s3_vlp_blocked,5.921670782647944,3.170353913208966,False,True,False,vlp_only,36,6.5,3.5,0.9999999999010002,median
16,s3_vlp_blocked,5.921670782647944,3.170353913208966,False,True,False,static_fusion,36,6.5,3.5,0.5929990981142477,median
17,s3_vlp_blocked,5.679154300480839,2.9818995639648525,False,True,False,wifi_only,36,6.5,3.5,0.1864657799798427,median
17,s3_vlp_blocked,5.679154300480839,2.9818995639648525,False,True,False,vlp_only,36,6.5,3.5,0.9999999999010002,median
17,s3_vlp_blocked,5.679154300480839,2.9818995639648525,False,True,False,static_fusion,36,6.5,3.5,0.5932328899404214,median
18,s3_vlp_blocked,5.40719635144305,2.708371836226452,False,True,False,wifi_only,36,6.5,3.5,0.17652933232487483,median
18,s3_vlp_blocked,5.40719635144305,2.708371836226452,False,True,False,vlp_only,25,5.5,2.5,0.9999082454176241,median
18,s3_vlp_blocked,5.40719635144305,2.708371836226452,False,True,False,static_fusion,25,5.5,2.5,0.5406949964703253,median
19,s3_vlp_blocked,5.231798982702207,2.4839699101632213,False,True,False,wifi_only,35,5.5,3.5,0.1599284183086688,median
19,s3_vlp_blocked,5.231798982702207,2.4839699101632213,False,True,False,vlp_only,25,5.5,2.5,0.9999999998874649,median
19,s3_vlp_blocked,5.231798982702207,2.4839699101632213,False,True,False,static_fusion,25,5.5,2.5,0.5486517664343942,median
20,s3_vlp_blocked,5.28923634607891,2.192766390499288,False,True,False,wifi_only,35,5.5,3.5,0.18493391022867106,median
20,s3_vlp_blocked,5.28923634607891,2.192766390499288,False,True,False,vlp_only,5,5.5,0.5,0.9998949883078786,median
20,s3_vlp_blocked,5.28923634607891,2.192766390499288,False,True,False,static_fusion,5,5.5,0.5,0.5095069705145518,median
21,s3_vlp_blocked,5.38054459804343,2.090291333531373,False,True,False,wifi_only,25,5.5,2.5,0.1731159320852927,median
21,s3_vlp_blocked,5.38054459804343,2.090291333531373,False,True,False,vlp_only,44,4.5,4.5,0.9999999999010002,median
21,s3_vlp_blocked,5.38054459804343,2.090291333531373,False,True,False,static_fusion,44,4.5,4.5,0.507614687402977,median
22,s3_vlp_blocked,5.395660287878729,1.904575277898607,False,True,False,wifi_only,25,5.5,2.5,0.1731159320852927,median
22,s3_vlp_blocked,5.395660287878729,1.904575277898607,False,True,False,vlp_only,55,5.5,5.5,0.9999981164844833,median
22,s3_vlp_blocked,5.395660287878729,1.904575277898607,False,True,False,static_fusion,55,5.5,5.5,0.5001286439003032,median
23,s3_vlp_blocked,5.346981386445022,1.7399481748937806,False,True,False,wifi_only,35,5.5,3.5,0.17716781947537757,median
23,s3_vlp_blocked,5.346981386445022,1.7399481748937806,False,True,False,vlp_only,4,4.5,0.5,0.9999999999010003,median
23,s3_vlp_blocked,5.346981386445022,1.7399481748937806,False,True,False,static_fusion,4,4.5,0.5,0.5031596045983708,median
24,s3_vlp_blocked,5.356397214861652,1.3990305548570758,False,True,False,wifi_only,36,6.5,3.5,0.15487166721235704,median
24,s3_vlp_blocked,5.356397214861652,1.3990305548570758,False,True,False,vlp_only,4,4.5,0.5,0.9999999999010003,median
24,s3_vlp_blocked,5.356397214861652,1.3990305548570758,False,True,False,static_fusion,4,4.5,0.5,0.501962498279412,median
25,s3_vlp_blocked,5.55511192506875,1.1971395250192285,False,True,False,wifi_only,26,6.5,2.5,0.14167694178703985,median
25,s3_vlp_blocked,5.55511192506875,1.1971395250192285,False,True,False,vlp_only,4,4.5,0.5,0.9999999999010003,median
25,s3_vlp_blocked,5.55511192506875,1.1971395250192285,False,True,False,static_fusion,4,4.5,0.5,0.5022328623228021,median
26,s3_vlp_blocked,5.644488914276651,1.1264421585125568,False,False,False,wifi_only,25,5.5,2.5,0.16520479445902925,median
26,s3_vlp_blocked,5.644488914276651,1.1264421585125568,False,False,False,vlp_only,15,5.5,1.5,0.9479886283011879,median
26,s3_vlp_blocked,5.644488914276651,1.1264421585125568,False,False,False,static_fusion,15,5.5,1.5,0.5200860576040242,median
27,s3_vlp_blocked,5.99191614365339,0.7779056103368667,False,False,False,wifi_only,5,5.5,0.5,0.21418544322770522,median
27,s3_vlp_blocked,5.99191614365339,0.7779056103368667,False,False,False,vlp_only,15,5.5,1.5,0.9999999999010003,median
27,s3_vlp_blocked,5.99191614365339,0.7779056103368667,False,False,False,static_fusion,15,5.5,1.5,0.5898315261577419,median
28,s3_vlp_blocked,6.3719359824611015,0.5133126785859624,False,False,False,wifi_only,5,5.5,0.5,0.24341187478620585,median
28,s3_vlp_blocked,6.3719359824611015,0.5133126785859624,False,False,False,vlp_only,15,5.5,1.5,0.9999999999010003,median
28,s3_vlp_blocked,6.3719359824611015,0.5133126785859624,False,False,False,static_fusion,15,5.5,1.5,0.5907566943344271,median
29,s3_vlp_blocked,6.642725720701172,0.2610300095402053,False,False,False,wifi_only,6,6.5,0.5,0.32516354940001185,median
29,s3_vlp_blocked,6.642725720701172,0.2610300095402053,False,False,False,vlp_only,6,6.5,0.5,0.9999981380434669,median
29,s3_vlp_blocked,6.642725720701172,0.2610300095402053,False,False,False,static_fusion,6,6.5,0.5,0.6625808437217394,median
30,s3_vlp_blocked,6.746242668239441,0.1917048919949815,False,False,False,wifi_only,6,6.5,0.5,0.3288810854842902,median
30,s3_vlp_blocked,6.746242668239441,0.1917048919949815,False,False,False,vlp_only,6,6.5,0.5,0.9999999999010003,median
30,s3_vlp_blocked,6.746242668239441,0.1917048919949815,False,False,False,static_fusion,6,6.5,0.5,0.6644405426926451,median
31,s3_vlp_blocked,6.356442515941112,0.4369455288091974,False,False,False,wifi_only,6,6.5,0.5,0.3288810854842902,median
31,s3_vlp_blocked,6.356442515941112,0.4369455288091974,False,False,False,vlp_only,6,6.5,0.5,0.9999999999010003,median
31,s3_vlp_blocked,6.356442515941112,0.4369455288091974,False,False,False,static_fusion,6,6.5,0.5,0.6644405426926451,median
32,s3_vlp_blocked,6.090439232524188,0.6864641265250186,False,False,False,wifi_only,6,6.5,0.5,0.3295345016412556,median
32,s3_vlp_blocked,6.090439232524188,0.6864641265250186,False,False,False,vlp_only,6,6.5,0.5,0.9999999999010003,median
32,s3_vlp_blocked,6.090439232524188,0.6864641265250186,False,False,False,static_fusion,6,6.5,0.5,0.6647672507711279,median
33,s3_vlp_blocked,5.949226125977861,0.8518939098654703,False,False,False,wifi_only,16,6.5,1.5,0.23961162781199583,median
33,s3_vlp_blocked,5.949226125977861,0.8518939098654703,False,False,False,vlp_only,6,6.5,0.5,0.9999999999010003,median
33,s3_vlp_blocked,5.949226125977861,0.8518939098654703,False,False,False,static_fusion,6,6.5,0.5,0.6160183319505033,median
34,s3_vlp_blocked,5.8095047430555145,1.1091466717902831,False,False,False,wifi_only,16,6.5,1.5,0.23961162781199583,median
34,s3_vlp_blocked,5.8095047430555145,1.1091466717902831,False,False,False,vlp_only,6,6.5,0.5,0.9999999999010003,median
34,s3_vlp_blocked,5.8095047430555145,1.1091466717902831,False,False,False,static_fusion,6,6.5,0.5,0.6160183319505033,median
35,s3_vlp_blocked,5.579978519259318,1.272432489793561,False,False,False,wifi_only,15,5.5,1.5,0.20593172577480168,median
35,s3_vlp_blocked,5.579978519259318,1.272432489793561,False,False,False,vlp_only,15,5.5,1.5,0.9999999936619578,median
35,s3_vlp_blocked,5.579978519259318,1.272432489793561,False,False,False,static_fusion,15,5.5,1.5,0.6029658597183798,median
36,s3_vlp_blocked,5.338528190625762,1.3036592905789073,False,False,False,wifi_only,5,5.5,0.5,0.22164593536003466,median
36,s3_vlp_blocked,5.338528190625762,1.3036592905789073,False,False,False,vlp_only,15,5.5,1.5,0.9999999999010003,median
36,s3_vlp_blocked,5.338528190625762,1.3036592905789073,False,False,False,static_fusion,15,5.5,1.5,0.6096138026893114,median
37,s3_vlp_blocked,4.912072310282084,1.4157812756540196,False,False,False,wifi_only,15,5.5,1.5,0.23610395102214052,median
37,s3_vlp_blocked,4.912072310282084,1.4157812756540196,False,False,False,vlp_only,15,5.5,1.5,0.9999999999010003,median
37,s3_vlp_blocked,4.912072310282084,1.4157812756540196,False,False,False,static_fusion,15,5.5,1.5,0.6180519754615704,median
38,s3_vlp_blocked,4.826303961432351,1.586236364932186,False,False,False,wifi_only,15,5.5,1.5,0.2023446246279113,median
38,s3_vlp_blocked,4.826303961432351,1.586236364932186,False,False,False,vlp_only,15,5.5,1.5,0.9999999999010003,median
38,s3_vlp_blocked,4.826303961432351,1.586236364932186,False,False,False,static_fusion,15,5.5,1.5,0.6011723122644558,median
39,s3_vlp_blocked,4.8018178978276085,1.8759997678234683,False,False,False,wifi_only,25,5.5,2.5,0.18573179371134171,median
39,s3_vlp_blocked,4.8018178978276085,1.8759997678234683,False,False,False,vlp_only,4,4.5,0.5,0.9999999999010003,median
39,s3_vlp_blocked,4.8018178978276085,1.8759997678234683,False,False,False,static_fusion,4,4.5,0.5,0.5284082092223972,median
40,s3_vlp_blocked,4.769561461430565,2.1910721381589235,False,False,False,wifi_only,25,5.5,2.5,0.1854515923802356,median
40,s3_vlp_blocked,4.769561461430565,2.1910721381589235,False,False,False,vlp_only,14,4.5,1.5,0.9999999842553722,median
40,s3_vlp_blocked,4.769561461430565,2.1910721381589235,False,False,False,static_fusion,14,4.5,1.5,0.546897993985723,median
41,s3_vlp_blocked,4.525918490013359,2.572296491893161,False,False,False,wifi_only,25,5.5,2.5,0.19642833071464025,median
41,s3_vlp_blocked,4.525918490013359,2.572296491893161,False,False,False,vlp_only,14,4.5,1.5,0.9807757658710862,median
41,s3_vlp_blocked,4.525918490013359,2.572296491893161,False,False,False,static_fusion,14,4.5,1.5,0.5286926534603863,median
42,s3_vlp_blocked,4.603145206950584,2.691606464543516,False,False,False,wifi_only,25,5.5,2.5,0.19530604298242876,median
42,s3_vlp_blocked,4.603145206950584,2.691606464543516,False,False,False,vlp_only,24,4.5,2.5,0.6889266243509157,median
42,s3_vlp_blocked,4.603145206950584,2.691606464543516,False,False,False,static_fusion,24,4.5,2.5,0.40220827496761474,median
43,s3_vlp_blocked,4.636858519470941,2.83301729155527,False,False,False,wifi_only,34,4.5,3.5,0.17402018663866115,median
43,s3_vlp_blocked,4.636858519470941,2.83301729155527,False,False,False,vlp_only,24,4.5,2.5,0.9999999898049702,median
43,s3_vlp_blocked,4.636858519470941,2.83301729155527,False,False,False,static_fusion,24,4.5,2.5,0.5788313116206202,median
44,s3_vlp_blocked,4.734121569139968,3.1877348970907184,False,False,False,wifi_only,25,5.5,2.5,0.16286513990376064,median
44,s3_vlp_blocked,4.734121569139968,3.1877348970907184,False,False,False,vlp_only,24,4.5,2.5,0.9999999998870401,median
44,s3_vlp_blocked,4.734121569139968,3.1877348970907184,False,False,False,static_fusion,24,4.5,2.5,0.5651866466413104,median
45,s3_vlp_blocked,4.820450082367587,3.2794971977323337,False,True,False,wifi_only,25,5.5,2.5,0.18906233404506376,median
45,s3_vlp_blocked,4.820450082367587,3.2794971977323337,False,True,False,vlp_only,24,4.5,2.5,0.9999851566584536,median
45,s3_vlp_blocked,4.820450082367587,3.2794971977323337,False,True,False,static_fusion,24,4.5,2.5,0.5360078268839124,median
46,s3_vlp_blocked,5.062857013263392,3.3252726841438496,False,True,False,wifi_only,25,5.5,2.5,0.18906233404506376,median
46,s3_vlp_blocked,5.062857013263392,3.3252726841438496,False,True,False,vlp_only,34,4.5,3.5,0.9999999999010002,median
46,s3_vlp_blocked,5.062857013263392,3.3252726841438496,False,True,False,static_fusion,34,4.5,3.5,0.5266090226060883,median
47,s3_vlp_blocked,5.223527674927983,3.3636079119505795,False,True,False,wifi_only,24,4.5,2.5,0.1452157661698257,median
47,s3_vlp_blocked,5.223527674927983,3.3636079119505795,False,True,False,vlp_only,34,4.5,3.5,0.9999999999010002,median
47,s3_vlp_blocked,5.223527674927983,3.3636079119505795,False,True,False,static_fusion,34,4.5,3.5,0.5526489001697862,median
48,s3_vlp_blocked,5.715643126853525,3.4347811219492,False,True,False,wifi_only,35,5.5,3.5,0.17654703791809828,median
48,s3_vlp_blocked,5.715643126853525,3.4347811219492,False,True,False,vlp_only,35,5.5,3.5,0.9999999999010002,median
48,s3_vlp_blocked,5.715643126853525,3.4347811219492,False,True,False,static_fusion,35,5.5,3.5,0.5882735189095493,median
49,s3_vlp_blocked,6.036475943181564,3.33849425496013,False,True,False,wifi_only,35,5.5,3.5,0.17591595255991344,median
49,s3_vlp_blocked,6.036475943181564,3.33849425496013,False,True,False,vlp_only,5,5.5,0.5,0.9999999999010003,median
49,s3_vlp_blocked,6.036475943181564,3.33849425496013,False,True,False,static_fusion,5,5.5,0.5,0.5024631710720736,median
50,s3_vlp_blocked,6.26597077792921,3.2310160910129526,False,True,False,wifi_only,35,5.5,3.5,0.17591595255991344,median
50,s3_vlp_blocked,6.26597077792921,3.2310160910129526,False,True,False,vlp_only,5,5.5,0.5,0.9999999999010003,median
50,s3_vlp_blocked,6.26597077792921,3.2310160910129526,False,True,False,static_fusion,5,5.5,0.5,0.5024631710720736,median
51,s3_vlp_blocked,6.557154939381723,3.0499936079927075,False,True,False,wifi_only,35,5.5,3.5,0.18212940337242411,median
51,s3_vlp_blocked,6.557154939381723,3.0499936079927075,False,True,False,vlp_only,5,5.5,0.5,0.9999999999010003,median
51,s3_vlp_blocked,6.557154939381723,3.0499936079927075,False,True,False,static_fusion,5,5.5,0.5,0.5064873602797088,median
52,s3_vlp_blocked,6.7452470995562726,2.868494108966797,False,True,False,wifi_only,26,6.5,2.5,0.15416702450028255,median
52,s3_vlp_blocked,6.7452470995562726,2.868494108966797,False,True,False,vlp_only,6,6.5,0.5,0.9999999999010003,median
52,s3_vlp_blocked,6.7452470995562726,2.868494108966797,False,True,False,static_fusion,6,6.5,0.5,0.5193245014204487,median
53,s3_vlp_blocked,6.89633119872926,2.646701910339533,False,True,False,wifi_only,26,6.5,2.5,0.17875243013505215,median
53,s3_vlp_blocked,6.89633119872926,2.646701910339533,False,True,False,vlp_only,7,7.5,0.5,0.7668116295720254,median
53,s3_vlp_blocked,6.89633119872926,2.646701910339533,False,True,False,static_fusion,7,7.5,0.5,0.38361386790968344,median
54,s3_vlp_blocked,7.093839490462012,2.230395250989873,False,True,False,wifi_only,26,6.5,2.5,0.14937060370271796,median
54,s3_vlp_blocked,7.093839490462012,2.230395250989873,False,True,False,vlp_only,16,6.5,1.5,0.5288679580330775,median
54,s3_vlp_blocked,7.093839490462012,2.230395250989873,False,True,False,static_fusion,16,6.5,1.5,0.308252606756623,median
55,s3_vlp_blocked,7.327799421114381,2.083866639869165,False,True,False,wifi_only,26,6.5,2.5,0.15960604045116872,median
55,s3_vlp_blocked,7.327799421114381,2.083866639869165,False,True,False,vlp_only,7,7.5,0.5,0.9982217556208409,median
55,s3_vlp_blocked,7.327799421114381,2.083866639869165,False,True,False,static_fusion,7,7.5,0.5,0.49962004129880105,median
56,s3_vlp_blocked,7.4404788553418495,2.0885416935474934,False,True,False,wifi_only,16,6.5,1.5,0.17965471795929458,median
56,s3_vlp_blocked,7.4404788553418495,2.0885416935474934,False,True,False,vlp_only,17,7.5,1.5,0.999999999684857,median
56,s3_vlp_blocked,7.4404788553418495,2.0885416935474934,False,True,False,static_fusion,17,7.5,1.5,0.5062452693637223,median
57,s3_vlp_blocked,7.579211275373233,2.0714456103345764,False,True,False,wifi_only,27,7.5,2.5,0.23150225218430281,median
57,s3_vlp_blocked,7.579211275373233,2.0714456103345764,False,True,False,vlp_only,17,7.5,1.5,0.9999999996534137,median
57,s3_vlp_blocked,7.579211275373233,2.0714456103345764,False,True,False,static_fusion,17,7.5,1.5,0.5637301806058561,median
58,s3_vlp_blocked,7.844337613028887,1.6670430401807117,False,True,False,wifi_only,17,7.5,1.5,0.3075126485579885,median
58,s3_vlp_blocked,7.844337613028887,1.6670430401807117,False,True,False,vlp_only,17,7.5,1.5,0.9999973364037908,median
58,s3_vlp_blocked,7.844337613028887,1.6670430401807117,False,True,False,static_fusion,17,7.5,1.5,0.6537549924808896,median
59,s3_vlp_blocked,7.979950544975631,1.4630004361001532,False,True,False,wifi_only,17,7.5,1.5,0.3134343635285466,median
59,s3_vlp_blocked,7.979950544975631,1.4630004361001532,False,True,False,vlp_only,17,7.5,1.5,0.9998921891294952,median
59,s3_vlp_blocked,7.979950544975631,1.4630004361001532,False,True,False,static_fusion,17,7.5,1.5,0.6566632763290208,median
60,s3_vlp_blocked,8.127206923732981,1.3162437323059886,False,True,False,wifi_only,28,8.5,2.5,0.27209257100694856,median
60,s3_vlp_blocked,8.127206923732981,1.3162437323059886,False,True,False,vlp_only,17,7.5,1.5,0.8682421763693,median
60,s3_vlp_blocked,8.127206923732981,1.3162437323059886,False,True,False,static_fusion,17,7.5,1.5,0.5626536923465579,median
61,s3_vlp_blocked,8.189098931075993,1.1020139318013231,False,True,False,wifi_only,18,8.5,1.5,0.2315564028022908,median
61,s3_vlp_blocked,8.189098931075993,1.1020139318013231,False,True,False,vlp_only,18,8.5,1.5,0.9999694757380986,median
61,s3_vlp_blocked,8.189098931075993,1.1020139318013231,False,True,False,static_fusion,18,8.5,1.5,0.6157629392701948,median
62,s3_vlp_blocked,8.244559866287215,0.9834290739202508,False,False,False,wifi_only,18,8.5,1.5,0.3343897247520623,median
62,s3_vlp_blocked,8.244559866287215,0.9834290739202508,False,False,False,vlp_only,18,8.5,1.5,0.9999998366633429,median
62,s3_vlp_blocked,8.244559866287215,0.9834290739202508,False,False,False,static_fusion,18,8.5,1.5,0.6671947807077023,median
63,s3_vlp_blocked,8.469449233099015,0.5380851752887181,False,False,False,wifi_only,18,8.5,1.5,0.3083552417750709,median
63,s3_vlp_blocked,8.469449233099015,0.5380851752887181,False,False,False,vlp_only,18,8.5,1.5,0.9999999999010003,median
63,s3_vlp_blocked,8.469449233099015,0.5380851752887181,False,False,False,static_fusion,18,8.5,1.5,0.6541776208380355,median
64,s3_vlp_blocked,8.61129496830597,0.2850740111733432,False,False,False,wifi_only,18,8.5,1.5,0.30569076803361167,median
64,s3_vlp_blocked,8.61129496830597,0.2850740111733432,False,False,False,vlp_only,18,8.5,1.5,0.9999999999010003,median
64,s3_vlp_blocked,8.61129496830597,0.2850740111733432,False,False,False,static_fusion,18,8.5,1.5,0.6528453839673058,median
65,s3_vlp_blocked,8.649656672908945,0.1829723899998202,False,False,False,wifi_only,18,8.5,1.5,0.2893919069681294,median
65,s3_vlp_blocked,8.649656672908945,0.1829723899998202,False,False,False,vlp_only,8,8.5,0.5,0.9999999392411922,median
65,s3_vlp_blocked,8.649656672908945,0.1829723899998202,False,False,False,static_fusion,8,8.5,0.5,0.641034790588474,median
66,s3_vlp_blocked,8.433510539178341,0.5984305923139432,False,False,False,wifi_only,18,8.5,1.5,0.29311851908022635,median
66,s3_vlp_blocked,8.433510539178341,0.5984305923139432,False,False,False,vlp_only,8,8.5,0.5,0.9999841322849615,median
66,s3_vlp_blocked,8.433510539178341,0.5984305923139432,False,False,False,static_fusion,8,8.5,0.5,0.6317555410647151,median
67,s3_vlp_blocked,8.390725265666473,0.8870681197350446,False,False,False,wifi_only,18,8.5,1.5,0.2927794748748838,median
67,s3_vlp_blocked,8.390725265666473,0.8870681197350446,False,False,False,vlp_only,8,8.5,0.5,0.9999841322849615,median
67,s3_vlp_blocked,8.390725265666473,0.8870681197350446,False,False,False,static_fusion,8,8.5,0.5,0.6316031329439713,median
68,s3_vlp_blocked,8.28586833451047,1.075450447649671,False,False,False,wifi_only,19,9.5,1.5,0.2676066514339392,median
68,s3_vlp_blocked,8.28586833451047,1.075450447649671,False,False,False,vlp_only,8,8.5,0.5,0.9999148133416466,median
68,s3_vlp_blocked,8.28586833451047,1.075450447649671,False,False,False,static_fusion,8,8.5,0.5,0.6222636470551848,median
69,s3_vlp_blocked,8.00771188370768,1.2586421068158191,False,False,False,wifi_only,8,8.5,0.5,0.2827166444940215,median
69,s3_vlp_blocked,8.00771188370768,1.2586421068158191,False,False,False,vlp_only,8,8.5,0.5,0.9999982958684034,median
69,s3_vlp_blocked,8.00771188370768,1.2586421068158191,False,False,False,static_fusion,8,8.5,0.5,0.6413574701812125,median
70,s3_vlp_blocked,7.876253087162693,1.4325757096206515,False,False,False,wifi_only,18,8.5,1.5,0.29115518991602984,median
70,s3_vlp_blocked,7.876253087162693,1.4325757096206515,False,False,False,vlp_only,18,8.5,1.5,0.947314709170593,median
70,s3_vlp_blocked,7.876253087162693,1.4325757096206515,False,False,False,static_fusion,18,8.5,1.5,0.6192349495433114,median
71,s3_vlp_blocked,7.764584357169141,1.783515740895847,False,False,False,wifi_only,18,8.5,1.5,0.3005362519683298,median
71,s3_vlp_blocked,7.764584357169141,1.783515740895847,False,False,False,vlp_only,18,8.5,1.5,0.8309954555498489,median
71,s3_vlp_blocked,7.764584357169141,1.783515740895847,False,False,False,static_fusion,18,8.5,1.5,0.5657658537590893,median
72,s3_vlp_blocked,7.724461665749093,1.919199890822522,False,False,False,wifi_only,18,8.5,1.5,0.29202832251572847,median
72,s3_vlp_blocked,7.724461665749093,1.919199890822522,False,False,False,vlp_only,18,8.5,1.5,0.5840219232001898,median
72,s3_vlp_blocked,7.724461665749093,1.919199890822522,False,False,False,static_fusion,18,8.5,1.5,0.43802512285795914,median
73,s3_vlp_blocked,7.434410446855592,2.196460502510213,False,False,False,wifi_only,17,7.5,1.5,0.21679801527658776,median
73,s3_vlp_blocked,7.434410446855592,2.196460502510213,False,False,False,vlp_only,17,7.5,1.5,0.9999249437801586,median
73,s3_vlp_blocked,7.434410446855592,2.196460502510213,False,False,False,static_fusion,17,7.5,1.5,0.6083614795283732,median
74,s3_vlp_blocked,7.329501734941545,2.341512908882469,False,False,False,wifi_only,28,8.5,2.5,0.2756947945847568,median
74,s3_vlp_blocked,7.329501734941545,2.341512908882469,False,False,False,vlp_only,17,7.5,1.5,0.9999977374834286,median
74,s3_vlp_blocked,7.329501734941545,2.341512908882469,False,False,False,static_fusion,17,7.5,1.5,0.6284462377535268,median
75,s3_vlp_blocked,7.071931175766185,2.639246667376174,False,True,False,wifi_only,27,7.5,2.5,0.19688609704278934,median
75,s3_vlp_blocked,7.071931175766185,2.639246667376174,False,True,False,vlp_only,27,7.5,2.5,0.9987203765464299,median
75,s3_vlp_blocked,7.071931175766185,2.639246667376174,False,True,False,static_fusion,27,7.5,2.5,0.5978032367946096,median
76,s3_vlp_blocked,6.978026390337671,2.8586906033898587,False,True,False,wifi_only,27,7.5,2.5,0.19573680393367707,median
76,s3_vlp_blocked,6.978026390337671,2.8586906033898587,False,True,False,vlp_only,27,7.5,2.5,0.998401749626817,median
76,s3_vlp_blocked,6.978026390337671,2.8586906033898587,False,True,False,static_fusion,27,7.5,2.5,0.597069276780247,median
77,s3_vlp_blocked,7.056281076272732,3.07562739707137,False,True,False,wifi_only,37,7.5,3.5,0.17398917812482784,median
77,s3_vlp_blocked,7.056281076272732,3.07562739707137,False,True,False,vlp_only,27,7.5,2.5,0.9999999999010002,median
77,s3_vlp_blocked,7.056281076272732,3.07562739707137,False,True,False,static_fusion,27,7.5,2.5,0.5805889493848784,median
78,s3_vlp_blocked,6.986478911581751,3.499417790512807,False,True,False,wifi_only,27,7.5,2.5,0.18326484803379947,median
78,s3_vlp_blocked,6.986478911581751,3.499417790512807,False,True,False,vlp_only,37,7.5,3.5,0.9999999999010002,median
78,s3_vlp_blocked,6.986478911581751,3.499417790512807,False,True,False,static_fusion,37,7.5,3.5,0.5829260490745939,median
79,s3_vlp_blocked,7.059635179641974,3.643912026483358,False,True,False,wifi_only,26,6.5,2.5,0.21347799192192615,median
79,s3_vlp_blocked,7.059635179641974,3.643912026483358,False,True,False,vlp_only,37,7.5,3.5,0.9214304425540965,median
79,s3_vlp_blocked,7.059635179641974,3.643912026483358,False,True,False,static_fusion,37,7.5,3.5,0.5281767369065744,median
80,s3_vlp_blocked,7.111230980212548,3.866216527347812,False,True,False,wifi_only,26,6.5,2.5,0.22258999894510018,median
80,s3_vlp_blocked,7.111230980212548,3.866216527347812,False,True,False,vlp_only,39,9.5,3.5,0.9999999999010002,median
80,s3_vlp_blocked,7.111230980212548,3.866216527347812,False,True,False,static_fusion,39,9.5,3.5,0.502453364874354,median
81,s3_vlp_blocked,7.093666462300226,4.151666727840037,False,True,False,wifi_only,26,6.5,2.5,0.22582934942525337,median
81,s3_vlp_blocked,7.093666462300226,4.151666727840037,False,True,False,vlp_only,45,5.5,4.5,0.9999999999010002,median
81,s3_vlp_blocked,7.093666462300226,4.151666727840037,False,True,False,static_fusion,45,5.5,4.5,0.501556973771011,median
82,s3_vlp_blocked,7.179940304559092,4.40982120831966,False,True,False,wifi_only,37,7.5,3.5,0.1941451821012991,median
82,s3_vlp_blocked,7.179940304559092,4.40982120831966,False,True,False,vlp_only,47,7.5,4.5,0.9999999999010002,median
82,s3_vlp_blocked,7.179940304559092,4.40982120831966,False,True,False,static_fusion,47,7.5,4.5,0.5377743733495179,median
83,s3_vlp_blocked,7.389306456175779,4.728806808316636,False,True,False,wifi_only,36,6.5,3.5,0.1519538083092879,median
83,s3_vlp_blocked,7.389306456175779,4.728806808316636,False,True,False,vlp_only,46,6.5,4.5,0.9999999999010002,median
83,s3_vlp_blocked,7.389306456175779,4.728806808316636,False,True,False,static_fusion,46,6.5,4.5,0.5409895812408886,median
84,s3_vlp_blocked,7.471099094223947,5.062300262899215,False,True,False,wifi_only,47,7.5,4.5,0.1570434582962347,median
84,s3_vlp_blocked,7.471099094223947,5.062300262899215,False,True,False,vlp_only,46,6.5,4.5,0.9999999998127997,median
84,s3_vlp_blocked,7.471099094223947,5.062300262899215,False,True,False,static_fusion,46,6.5,4.5,0.5552020608151939,median
85,s3_vlp_blocked,7.639476103338564,5.452330212055501,False,True,False,wifi_only,47,7.5,4.5,0.17773902980582282,median
85,s3_vlp_blocked,7.639476103338564,5.452330212055501,False,True,False,vlp_only,49,9.5,4.5,0.9999954132359776,median
85,s3_vlp_blocked,7.639476103338564,5.452330212055501,False,True,False,static_fusion,49,9.5,4.5,0.5260527975972846,median
86,s3_vlp_blocked,7.590210281547375,5.578300437724326,False,True,False,wifi_only,57,7.5,5.5,0.17528253918668255,median
86,s3_vlp_blocked,7.590210281547375,5.578300437724326,False,True,False,vlp_only,49,9.5,4.5,0.9999999997252045,median
86,s3_vlp_blocked,7.590210281547375,5.578300437724326,False,True,False,static_fusion,49,9.5,4.5,0.5080837755833453,median
87,s3_vlp_blocked,7.462795792010998,5.791477714093946,False,True,False,wifi_only,57,7.5,5.5,0.19259131340141913,median
87,s3_vlp_blocked,7.462795792010998,5.791477714093946,False,True,False,vlp_only,57,7.5,5.5,0.6290586463515028,median
87,s3_vlp_blocked,7.462795792010998,5.791477714093946,False,True,False,static_fusion,57,7.5,5.5,0.41082497987646094,median
88,s3_vlp_blocked,7.440607753073426,5.980848219358611,False,True,False,wifi_only,67,7.5,6.5,0.1634278234816285,median
88,s3_vlp_blocked,7.440607753073426,5.980848219358611,False,True,False,vlp_only,57,7.5,5.5,0.9999924217884181,median
88,s3_vlp_blocked,7.440607753073426,5.980848219358611,False,True,False,static_fusion,57,7.5,5.5,0.5739577250000434,median
89,s3_vlp_blocked,7.440906125309533,6.113793031097752,False,False,False,wifi_only,67,7.5,6.5,0.17098248721167178,median
89,s3_vlp_blocked,7.440906125309533,6.113793031097752,False,False,False,vlp_only,57,7.5,5.5,0.9999995187288451,median
89,s3_vlp_blocked,7.440906125309533,6.113793031097752,False,False,False,static_fusion,57,7.5,5.5,0.5301836999163595,median
90,s3_vlp_blocked,7.279806471044582,6.464561962588011,False,False,False,wifi_only,67,7.5,6.5,0.1603653928872536,median
90,s3_vlp_blocked,7.279806471044582,6.464561962588011,False,False,False,vlp_only,66,6.5,6.5,0.9996422732407659,median
90,s3_vlp_blocked,7.279806471044582,6.464561962588011,False,False,False,static_fusion,66,6.5,6.5,0.5384628496688697,median
91,s3_vlp_blocked,7.195775699002211,6.545903417221667,False,False,False,wifi_only,67,7.5,6.5,0.15362127938026746,median
91,s3_vlp_blocked,7.195775699002211,6.545903417221667,False,False,False,vlp_only,66,6.5,6.5,0.9999999999010001,median
91,s3_vlp_blocked,7.195775699002211,6.545903417221667,False,False,False,static_fusion,66,6.5,6.5,0.5360271726452498,median
92,s3_vlp_blocked,7.071679731335141,6.664553875446808,False,False,False,wifi_only,67,7.5,6.5,0.14269252730121182,median
92,s3_vlp_blocked,7.071679731335141,6.664553875446808,False,False,False,vlp_only,67,7.5,6.5,0.9999999999010001,median
92,s3_vlp_blocked,7.071679731335141,6.664553875446808,False,False,False,static_fusion,67,7.5,6.5,0.571346263601106,median
93,s3_vlp_blocked,6.88601961932652,6.885266262387327,False,False,False,wifi_only,67,7.5,6.5,0.1312313132149249,median
93,s3_vlp_blocked,6.88601961932652,6.885266262387327,False,False,False,vlp_only,67,7.5,6.5,0.9999999999010001,median
93,s3_vlp_blocked,6.88601961932652,6.885266262387327,False,False,False,static_fusion,67,7.5,6.5,0.5656156565579625,median
94,s3_vlp_blocked,6.836265376227635,7.09347815473235,False,False,False,wifi_only,66,6.5,6.5,0.09023257573071969,median
94,s3_vlp_blocked,6.836265376227635,7.09347815473235,False,False,False,vlp_only,67,7.5,6.5,0.9999999999010001,median
94,s3_vlp_blocked,6.836265376227635,7.09347815473235,False,False,False,static_fusion,67,7.5,6.5,0.53885637062881,median
95,s3_vlp_blocked,6.749970613133377,7.2047970050942345,False,False,False,wifi_only,77,7.5,7.5,0.14087264274065875,median
95,s3_vlp_blocked,6.749970613133377,7.2047970050942345,False,False,False,vlp_only,67,7.5,6.5,0.9936622597781252,median
95,s3_vlp_blocked,6.749970613133377,7.2047970050942345,False,False,False,static_fusion,67,7.5,6.5,0.5268651317726875,median
96,s3_vlp_blocked,6.520102407663193,7.416654680272662,False,False,False,wifi_only,77,7.5,7.5,0.17915028328726096,median
96,s3_vlp_blocked,6.520102407663193,7.416654680272662,False,False,False,vlp_only,76,6.5,7.5,0.9999999999010001,median
96,s3_vlp_blocked,6.520102407663193,7.416654680272662,False,False,False,static_fusion,76,6.5,7.5,0.5574915638547908,median
97,s3_vlp_blocked,6.235078071420909,7.80527981884087,False,False,False,wifi_only,97,7.5,9.5,0.1876926142535235,median
97,s3_vlp_blocked,6.235078071420909,7.80527981884087,False,False,False,vlp_only,76,6.5,7.5,0.9999999999010001,median
97,s3_vlp_blocked,6.235078071420909,7.80527981884087,False,False,False,static_fusion,76,6.5,7.5,0.5479860976608945,median
98,s3_vlp_blocked,5.98823397903378,7.93574951314563,False,False,False,wifi_only,76,6.5,7.5,0.21979526445218114,median
98,s3_vlp_blocked,5.98823397903378,7.93574951314563,False,False,False,vlp_only,76,6.5,7.5,0.9999999999010001,median
98,s3_vlp_blocked,5.98823397903378,7.93574951314563,False,False,False,static_fusion,76,6.5,7.5,0.6098976321765907,median
99,s3_vlp_blocked,5.822657938153183,7.968265377624689,False,False,False,wifi_only,86,6.5,8.5,0.31218971969884834,median
99,s3_vlp_blocked,5.822657938153183,7.968265377624689,False,False,False,vlp_only,76,6.5,7.5,0.9999937208327772,median
99,s3_vlp_blocked,5.822657938153183,7.968265377624689,False,False,False,static_fusion,76,6.5,7.5,0.534944652316003,median
0,s3_vlp_blocked,8.548260044884431,3.875368266732585,False,False,False,wifi_only,26,6.5,2.5,0.14479055294150858,ema
0,s3_vlp_blocked,8.548260044884431,3.875368266732585,False,False,False,vlp_only,39,9.5,3.5,0.9999999999010002,ema
0,s3_vlp_blocked,8.548260044884431,3.875368266732585,False,False,False,static_fusion,39,9.5,3.5,0.5048456840646857,ema
1,s3_vlp_blocked,8.648647791547123,3.682160416153107,False,False,False,wifi_only,26,6.5,2.5,0.14773652304404933,ema
1,s3_vlp_blocked,8.648647791547123,3.682160416153107,False,False,False,vlp_only,39,9.5,3.5,0.9999999999010002,ema
1,s3_vlp_blocked,8.648647791547123,3.682160416153107,False,False,False,static_fusion,39,9.5,3.5,0.5368273222085584,ema
2,s3_vlp_blocked,8.904314502785434,3.314602216855924,False,False,False,wifi_only,27,7.5,2.5,0.15245495734149217,ema
2,s3_vlp_blocked,8.904314502785434,3.314602216855924,False,False,False,vlp_only,38,8.5,3.5,0.9999999999010002,ema
2,s3_vlp_blocked,8.904314502785434,3.314602216855924,False,False,False,static_fusion,38,8.5,3.5,0.5729258271110697,ema
3,s3_vlp_blocked,9.310389003930128,3.04167485894367,False,False,False,wifi_only,38,8.5,3.5,0.20680259111231922,ema
3,s3_vlp_blocked,9.310389003930128,3.04167485894367,False,False,False,vlp_only,38,8.5,3.5,0.9999999999010002,ema
3,s3_vlp_blocked,9.310389003930128,3.04167485894367,False,False,False,static_fusion,38,8.5,3.5,0.6034012955066597,ema
4,s3_vlp_blocked,9.706838327803332,2.8964874698404373,False,False,False,wifi_only,39,9.5,3.5,0.2543257068428686,ema
4,s3_vlp_blocked,9.706838327803332,2.8964874698404373,False,False,False,vlp_only,38,8.5,3.5,0.9999999999010002,ema
4,s3_vlp_blocked,9.706838327803332,2.8964874698404373,False,False,False,static_fusion,38,8.5,3.5,0.6093362925888722,ema
5,s3_vlp_blocked,9.41844096729231,2.900422758078939,False,False,False,wifi_only,38,8.5,3.5,0.22049580753407597,ema
5,s3_vlp_blocked,9.41844096729231,2.900422758078939,False,False,False,vlp_only,38,8.5,3.5,0.9984454431099322,ema
5,s3_vlp_blocked,9.41844096729231,2.900422758078939,False,False,False,static_fusion,38,8.5,3.5,0.6094706253220041,ema
6,s3_vlp_blocked,8.964378339140287,2.9597287260816096,False,False,False,wifi_only,38,8.5,3.5,0.20911786557515868,ema
6,s3_vlp_blocked,8.964378339140287,2.9597287260816096,False,False,False,vlp_only,29,9.5,2.5,0.9068051180774942,ema
6,s3_vlp_blocked,8.964378339140287,2.9597287260816096,False,False,False,static_fusion,29,9.5,2.5,0.4837187726326326,ema
7,s3_vlp_blocked,8.774353844140126,3.131454780222936,False,False,False,wifi_only,27,7.5,2.5,0.2136737999033604,ema
7,s3_vlp_blocked,8.774353844140126,3.131454780222936,False,False,False,vlp_only,38,8.5,3.5,0.9494120888561224,ema
7,s3_vlp_blocked,8.774353844140126,3.131454780222936,False,False,False,static_fusion,38,8.5,3.5,0.5752958152799017,ema
8,s3_vlp_blocked,8.418152736801511,3.188810020474088,False,False,False,wifi_only,38,8.5,3.5,0.22206903212623166,ema
8,s3_vlp_blocked,8.418152736801511,3.188810020474088,False,False,False,vlp_only,38,8.5,3.5,0.9999999957240306,ema
8,s3_vlp_blocked,8.418152736801511,3.188810020474088,False,False,False,static_fusion,38,8.5,3.5,0.6110345139251312,ema
9,s3_vlp_blocked,8.165062128503568,3.3554638975618585,False,False,False,wifi_only,38,8.5,3.5,0.24206737500619477,ema
9,s3_vlp_blocked,8.165062128503568,3.3554638975618585,False,False,False,vlp_only,38,8.5,3.5,0.9999999998725408,ema
9,s3_vlp_blocked,8.165062128503568,3.3554638975618585,False,False,False,static_fusion,38,8.5,3.5,0.6210336874393678,ema
10,s3_vlp_blocked,8.047852018915972,3.3896047138916883,False,False,False,wifi_only,38,8.5,3.5,0.21387638095333233,ema
10,s3_vlp_blocked,8.047852018915972,3.3896047138916883,False,False,False,vlp_only,38,8.5,3.5,0.9999999733026017,ema
10,s3_vlp_blocked,8.047852018915972,3.3896047138916883,False,False,False,static_fusion,38,8.5,3.5,0.606938177127967,ema
11,s3_vlp_blocked,7.628992597812742,3.5120336380508936,False,False,False,wifi_only,38,8.5,3.5,0.22964148613767396,ema
11,s3_vlp_blocked,7.628992597812742,3.5120336380508936,False,False,False,vlp_only,38,8.5,3.5,0.893289066004846,ema
11,s3_vlp_blocked,7.628992597812742,3.5120336380508936,False,False,False,static_fusion,38,8.5,3.5,0.56146527607126,ema
12,s3_vlp_blocked,7.264240580596287,3.551955010215912,False,False,False,wifi_only,27,7.5,2.5,0.19433478726702477,ema
12,s3_vlp_blocked,7.264240580596287,3.551955010215912,False,False,False,vlp_only,37,7.5,3.5,0.9999986636602095,ema
12,s3_vlp_blocked,7.264240580596287,3.551955010215912,False,False,False,static_fusion,37,7.5,3.5,0.5647170623206549,ema
13,s3_vlp_blocked,6.807654944686304,3.3798711617406227,False,False,False,wifi_only,38,8.5,3.5,0.18435861394187564,ema
13,s3_vlp_blocked,6.807654944686304,3.3798711617406227,False,False,False,vlp_only,37,7.5,3.5,0.9999999999010002,ema
13,s3_vlp_blocked,6.807654944686304,3.3798711617406227,False,False,False,static_fusion,37,7.5,3.5,0.5819936990917944,ema
14,s3_vlp_blocked,6.644376635151973,3.2678225998295574,False,False,False,wifi_only,37,7.5,3.5,0.21756868693448864,ema
14,s3_vlp_blocked,6.644376635151973,3.2678225998295574,False,False,False,vlp_only,37,7.5,3.5,0.9999999999010002,ema
14,s3_vlp_blocked,6.644376635151973,3.2678225998295574,False,False,False,static_fusion,37,7.5,3.5,0.6087843434177443,ema
15,s3_vlp_blocked,6.164360277507891,3.220123101722137,False,True,False,wifi_only,36,6.5,3.5,0.15693220052487988,ema
15,s3_vlp_blocked,6.164360277507891,3.220123101722137,False,True,False,vlp_only,36,6.5,3.5,0.9999999999010002,ema
15,s3_vlp_blocked,6.164360277507891,3.220123101722137,False,True,False,static_fusion,36,6.5,3.5,0.57846610021294,ema
16,s3_vlp_blocked,5.921670782647944,3.170353913208966,False,True,False,wifi_only,36,6.5,3.5,0.17541885452015513,ema
16,s3_vlp_blocked,5.921670782647944,3.170353913208966,False,True,False,vlp_only,6,6.5,0.5,0.9987283240627175,ema
16,s3_vlp_blocked,5.921670782647944,3.170353913208966,False,True,False,static_fusion,6,6.5,0.5,0.5042835100087513,ema
17,s3_vlp_blocked,5.679154300480839,2.9818995639648525,False,True,False,wifi_only,36,6.5,3.5,0.175307330203193,ema
17,s3_vlp_blocked,5.679154300480839,2.9818995639648525,False,True,False,vlp_only,6,6.5,0.5,0.9999999999010003,ema
17,s3_vlp_blocked,5.679154300480839,2.9818995639648525,False,True,False,static_fusion,6,6.5,0.5,0.5026703283641822,ema
18,s3_vlp_blocked,5.40719635144305,2.708371836226452,False,True,False,wifi_only,25,5.5,2.5,0.18936311529172736,ema
18,s3_vlp_blocked,5.40719635144305,2.708371836226452,False,True,False,vlp_only,6,6.5,0.5,0.9999999999010003,ema
18,s3_vlp_blocked,5.40719635144305,2.708371836226452,False,True,False,static_fusion,6,6.5,0.5,0.5105058305450206,ema
19,s3_vlp_blocked,5.231798982702207,2.4839699101632213,False,True,False,wifi_only,25,5.5,2.5,0.1999016133220866,ema
19,s3_vlp_blocked,5.231798982702207,2.4839699101632213,False,True,False,vlp_only,5,5.5,0.5,0.9997656305252921,ema
19,s3_vlp_blocked,5.231798982702207,2.4839699101632213,False,True,False,static_fusion,5,5.5,0.5,0.5472521979643414,ema
20,s3_vlp_blocked,5.28923634607891,2.192766390499288,False,True,False,wifi_only,25,5.5,2.5,0.18904446920942627,ema
20,s3_vlp_blocked,5.28923634607891,2.192766390499288,False,True,False,vlp_only,5,5.5,0.5,0.9999999999010003,ema
20,s3_vlp_blocked,5.28923634607891,2.192766390499288,False,True,False,static_fusion,5,5.5,0.5,0.5331075692145272,ema
21,s3_vlp_blocked,5.38054459804343,2.090291333531373,False,True,False,wifi_only,25,5.5,2.5,0.20403713048701022,ema
21,s3_vlp_blocked,5.38054459804343,2.090291333531373,False,True,False,vlp_only,45,5.5,4.5,0.9999999999010002,ema
21,s3_vlp_blocked,5.38054459804343,2.090291333531373,False,True,False,static_fusion,45,5.5,4.5,0.506414994568735,ema
22,s3_vlp_blocked,5.395660287878729,1.904575277898607,False,True,False,wifi_only,25,5.5,2.5,0.1934909388799643,ema
22,s3_vlp_blocked,5.395660287878729,1.904575277898607,False,True,False,vlp_only,45,5.5,4.5,0.9999999999010002,ema
22,s3_vlp_blocked,5.395660287878729,1.904575277898607,False,True,False,static_fusion,45,5.5,4.5,0.5121192320764691,ema
23,s3_vlp_blocked,5.346981386445022,1.7399481748937806,False,True,False,wifi_only,36,6.5,3.5,0.1596448415943787,ema
23,s3_vlp_blocked,5.346981386445022,1.7399481748937806,False,True,False,vlp_only,5,5.5,0.5,0.9999999999010003,ema
23,s3_vlp_blocked,5.346981386445022,1.7399481748937806,False,True,False,static_fusion,5,5.5,0.5,0.5210597258934228,ema
24,s3_vlp_blocked,5.356397214861652,1.3990305548570758,False,True,False,wifi_only,25,5.5,2.5,0.16683318063135258,ema
24,s3_vlp_blocked,5.356397214861652,1.3990305548570758,False,True,False,vlp_only,5,5.5,0.5,0.9999999999010003,ema
24,s3_vlp_blocked,5.356397214861652,1.3990305548570758,False,True,False,static_fusion,5,5.5,0.5,0.5276786706143755,ema
25,s3_vlp_blocked,5.55511192506875,1.1971395250192285,False,True,False,wifi_only,25,5.5,2.5,0.18458374338739894,ema
25,s3_vlp_blocked,5.55511192506875,1.1971395250192285,False,True,False,vlp_only,4,4.5,0.5,0.9996804600751481,ema
25,s3_vlp_blocked,5.55511192506875,1.1971395250192285,False,True,False,static_fusion,4,4.5,0.5,0.509057070895699,ema
26,s3_vlp_blocked,5.644488914276651,1.1264421585125568,False,False,False,wifi_only,25,5.5,2.5,0.17919269451809963,ema
26,s3_vlp_blocked,5.644488914276651,1.1264421585125568,False,False,False,vlp_only,5,5.5,0.5,0.9999999999010003,ema
26,s3_vlp_blocked,5.644488914276651,1.1264421585125568,False,False,False,static_fusion,5,5.5,0.5,0.5713319008116998,ema
27,s3_vlp_blocked,5.99191614365339,0.7779056103368667,False,False,False,wifi_only,15,5.5,1.5,0.18098768036996046,ema
27,s3_vlp_blocked,5.99191614365339,0.7779056103368667,False,False,False,vlp_only,5,5.5,0.5,0.9999999999010003,ema
27,s3_vlp_blocked,5.99191614365339,0.7779056103368667,False,False,False,static_fusion,5,5.5,0.5,0.5897714062106687,ema
28,s3_vlp_blocked,6.3719359824611015,0.5133126785859624,False,False,False,wifi_only,6,6.5,0.5,0.38888589201079454,ema
28,s3_vlp_blocked,6.3719359824611015,0.5133126785859624,False,False,False,vlp_only,5,5.5,0.5,0.9999999128302103,ema
28,s3_vlp_blocked,6.3719359824611015,0.5133126785859624,False,False,False,static_fusion,5,5.5,0.5,0.595232192919144,ema
29,s3_vlp_blocked,6.642725720701172,0.2610300095402053,False,False,False,wifi_only,6,6.5,0.5,0.3940337103640728,ema
29,s3_vlp_blocked,6.642725720701172,0.2610300095402053,False,False,False,vlp_only,15,5.5,1.5,0.9999999799461645,ema
29,s3_vlp_blocked,6.642725720701172,0.2610300095402053,False,False,False,static_fusion,15,5.5,1.5,0.542634743944372,ema
30,s3_vlp_blocked,6.746242668239441,0.1917048919949815,False,False,False,wifi_only,6,6.5,0.5,0.3655318611427957,ema
30,s3_vlp_blocked,6.746242668239441,0.1917048919949815,False,False,False,vlp_only,6,6.5,0.5,0.9999999999010003,ema
30,s3_vlp_blocked,6.746242668239441,0.1917048919949815,False,False,False,static_fusion,6,6.5,0.5,0.6827659305218978,ema
31,s3_vlp_blocked,6.356442515941112,0.4369455288091974,False,False,False,wifi_only,5,5.5,0.5,0.20363348054320524,ema
31,s3_vlp_blocked,6.356442515941112,0.4369455288091974,False,False,False,vlp_only,6,6.5,0.5,0.9999999999010003,ema
31,s3_vlp_blocked,6.356442515941112,0.4369455288091974,False,False,False,static_fusion,6,6.5,0.5,0.584528359565216,ema
32,s3_vlp_blocked,6.090439232524188,0.6864641265250186,False,False,False,wifi_only,6,6.5,0.5,0.26100374509411395,ema
32,s3_vlp_blocked,6.090439232524188,0.6864641265250186,False,False,False,vlp_only,6,6.5,0.5,0.9999999999010003,ema
32,s3_vlp_blocked,6.090439232524188,0.6864641265250186,False,False,False,static_fusion,6,6.5,0.5,0.6305018724975571,ema
33,s3_vlp_blocked,5.949226125977861,0.8518939098654703,False,False,False,wifi_only,26,6.5,2.5,0.169583051416267,ema
33,s3_vlp_blocked,5.949226125977861,0.8518939098654703,False,False,False,vlp_only,6,6.5,0.5,0.9999999999010003,ema
33,s3_vlp_blocked,5.949226125977861,0.8518939098654703,False,False,False,static_fusion,6,6.5,0.5,0.564717934900994,ema
34,s3_vlp_blocked,5.8095047430555145,1.1091466717902831,False,False,False,wifi_only,6,6.5,0.5,0.22017816554391573,ema
34,s3_vlp_blocked,5.8095047430555145,1.1091466717902831,False,False,False,vlp_only,6,6.5,0.5,0.9999999999010003,ema
34,s3_vlp_blocked,5.8095047430555145,1.1091466717902831,False,False,False,static_fusion,6,6.5,0.5,0.6100890827224579,ema
35,s3_vlp_blocked,5.579978519259318,1.272432489793561,False,False,False,wifi_only,5,5.5,0.5,0.23582774505957357,ema
35,s3_vlp_blocked,5.579978519259318,1.272432489793561,False,False,False,vlp_only,15,5.5,1.5,0.9999999999010003,ema
35,s3_vlp_blocked,5.579978519259318,1.272432489793561,False,False,False,static_fusion,15,5.5,1.5,0.6055787614237147,ema
36,s3_vlp_blocked,5.338528190625762,1.3036592905789073,False,False,False,wifi_only,5,5.5,0.5,0.271379916814311,ema
36,s3_vlp_blocked,5.338528190625762,1.3036592905789073,False,False,False,vlp_only,15,5.5,1.5,0.9999999999010003,ema
36,s3_vlp_blocked,5.338528190625762,1.3036592905789073,False,False,False,static_fusion,15,5.5,1.5,0.616920126340902,ema
37,s3_vlp_blocked,4.912072310282084,1.4157812756540196,False,False,False,wifi_only,15,5.5,1.5,0.23615721581639526,ema
37,s3_vlp_blocked,4.912072310282084,1.4157812756540196,False,False,False,vlp_only,15,5.5,1.5,0.9999999999010003,ema
37,s3_vlp_blocked,4.912072310282084,1.4157812756540196,False,False,False,static_fusion,15,5.5,1.5,0.6180786078586978,ema
38,s3_vlp_blocked,4.826303961432351,1.586236364932186,False,False,False,wifi_only,15,5.5,1.5,0.21368264411606705,ema
38,s3_vlp_blocked,4.826303961432351,1.586236364932186,False,False,False,vlp_only,15,5.5,1.5,0.999999174763697,ema
38,s3_vlp_blocked,4.826303961432351,1.586236364932186,False,False,False,static_fusion,15,5.5,1.5,0.606840909439882,ema
39,s3_vlp_blocked,4.8018178978276085,1.8759997678234683,False,False,False,wifi_only,25,5.5,2.5,0.2040371445024862,ema
39,s3_vlp_blocked,4.8018178978276085,1.8759997678234683,False,False,False,vlp_only,5,5.5,0.5,0.9999823101014362,ema
39,s3_vlp_blocked,4.8018178978276085,1.8759997678234683,False,False,False,static_fusion,5,5.5,0.5,0.5522610395961145,ema
40,s3_vlp_blocked,4.769561461430565,2.1910721381589235,False,False,False,wifi_only,15,5.5,1.5,0.18809942084548845,ema
40,s3_vlp_blocked,4.769561461430565,2.1910721381589235,False,False,False,vlp_only,4,4.5,0.5,0.5595014429973171,ema
40,s3_vlp_blocked,4.769561461430565,2.1910721381589235,False,False,False,static_fusion,4,4.5,0.5,0.3548569623406358,ema
41,s3_vlp_blocked,4.525918490013359,2.572296491893161,False,False,False,wifi_only,14,4.5,1.5,0.20824239817562942,ema
41,s3_vlp_blocked,4.525918490013359,2.572296491893161,False,False,False,vlp_only,14,4.5,1.5,0.9205520324924803,ema
41,s3_vlp_blocked,4.525918490013359,2.572296491893161,False,False,False,static_fusion,14,4.5,1.5,0.5643972153340548,ema
42,s3_vlp_blocked,4.603145206950584,2.691606464543516,False,False,False,wifi_only,25,5.5,2.5,0.17736513706928422,ema
42,s3_vlp_blocked,4.603145206950584,2.691606464543516,False,False,False,vlp_only,24,4.5,2.5,0.9999825988995679,ema
42,s3_vlp_blocked,4.603145206950584,2.691606464543516,False,False,False,static_fusion,24,4.5,2.5,0.5654002372754169,ema
43,s3_vlp_blocked,4.636858519470941,2.83301729155527,False,False,False,wifi_only,24,4.5,2.5,0.17936646144788213,ema
43,s3_vlp_blocked,4.636858519470941,2.83301729155527,False,False,False,vlp_only,24,4.5,2.5,0.9999999889340421,ema
43,s3_vlp_blocked,4.636858519470941,2.83301729155527,False,False,False,static_fusion,24,4.5,2.5,0.5896832251909618,ema
44,s3_vlp_blocked,4.734121569139968,3.1877348970907184,False,False,False,wifi_only,25,5.5,2.5,0.1490223613770694,ema
44,s3_vlp_blocked,4.734121569139968,3.1877348970907184,False,False,False,vlp_only,24,4.5,2.5,0.999999833672694,ema
44,s3_vlp_blocked,4.734121569139968,3.1877348970907184,False,False,False,static_fusion,24,4.5,2.5,0.5717676901602744,ema
45,s3_vlp_blocked,4.820450082367587,3.2794971977323337,False,True,False,wifi_only,15,5.5,1.5,0.16909543980113717,ema
45,s3_vlp_blocked,4.820450082367587,3.2794971977323337,False,True,False,vlp_only,34,4.5,3.5,0.9999999999010002,ema
45,s3_vlp_blocked,4.820450082367587,3.2794971977323337,False,True,False,static_fusion,34,4.5,3.5,0.5210248779811373,ema
46,s3_vlp_blocked,5.062857013263392,3.3252726841438496,False,True,False,wifi_only,25,5.5,2.5,0.1659460149628539,ema
46,s3_vlp_blocked,5.062857013263392,3.3252726841438496,False,True,False,vlp_only,34,4.5,3.5,0.9639726417302696,ema
46,s3_vlp_blocked,5.062857013263392,3.3252726841438496,False,True,False,static_fusion,34,4.5,3.5,0.5318232607561335,ema
47,s3_vlp_blocked,5.223527674927983,3.3636079119505795,False,True,False,wifi_only,24,4.5,2.5,0.173345331638173,ema
47,s3_vlp_blocked,5.223527674927983,3.3636079119505795,False,True,False,vlp_only,5,5.5,0.5,0.9999999999010003,ema
47,s3_vlp_blocked,5.223527674927983,3.3636079119505795,False,True,False,static_fusion,5,5.5,0.5,0.5126327623482702,ema
48,s3_vlp_blocked,5.715643126853525,3.4347811219492,False,True,False,wifi_only,34,4.5,3.5,0.15628745571568817,ema
48,s3_vlp_blocked,5.715643126853525,3.4347811219492,False,True,False,vlp_only,5,5.5,0.5,0.9999999999010003,ema
48,s3_vlp_blocked,5.715643126853525,3.4347811219492,False,True,False,static_fusion,5,5.5,0.5,0.5014129205478548,ema
49,s3_vlp_blocked,6.036475943181564,3.33849425496013,False,True,False,wifi_only,35,5.5,3.5,0.19389356484968334,ema
49,s3_vlp_blocked,6.036475943181564,3.33849425496013,False,True,False,vlp_only,5,5.5,0.5,0.9999999999010003,ema
49,s3_vlp_blocked,6.036475943181564,3.33849425496013,False,True,False,static_fusion,5,5.5,0.5,0.5113133043742271,ema
50,s3_vlp_blocked,6.26597077792921,3.2310160910129526,False,True,False,wifi_only,25,5.5,2.5,0.1713343836657507,ema
50,s3_vlp_blocked,6.26597077792921,3.2310160910129526,False,True,False,vlp_only,5,5.5,0.5,0.9999999999010003,ema
50,s3_vlp_blocked,6.26597077792921,3.2310160910129526,False,True,False,static_fusion,5,5.5,0.5,0.528767867731971,ema
51,s3_vlp_blocked,6.557154939381723,3.0499936079927075,False,True,False,wifi_only,35,5.5,3.5,0.16234613128963868,ema
51,s3_vlp_blocked,6.557154939381723,3.0499936079927075,False,True,False,vlp_only,5,5.5,0.5,0.9999999999010003,ema
51,s3_vlp_blocked,6.557154939381723,3.0499936079927075,False,True,False,static_fusion,5,5.5,0.5,0.5141206344582404,ema
52,s3_vlp_blocked,6.7452470995562726,2.868494108966797,False,True,False,wifi_only,36,6.5,3.5,0.15357269573013638,ema
52,s3_vlp_blocked,6.7452470995562726,2.868494108966797,False,True,False,vlp_only,6,6.5,0.5,0.9999999999010003,ema
52,s3_vlp_blocked,6.7452470995562726,2.868494108966797,False,True,False,static_fusion,6,6.5,0.5,0.5160875222924457,ema
53,s3_vlp_blocked,6.89633119872926,2.646701910339533,False,True,False,wifi_only,36,6.5,3.5,0.160238568883855,ema
53,s3_vlp_blocked,6.89633119872926,2.646701910339533,False,True,False,vlp_only,16,6.5,1.5,0.999963636331835,ema
53,s3_vlp_blocked,6.89633119872926,2.646701910339533,False,True,False,static_fusion,16,6.5,1.5,0.5260943226386345,ema
54,s3_vlp_blocked,7.093839490462012,2.230395250989873,False,True,False,wifi_only,36,6.5,3.5,0.15564747721257957,ema
54,s3_vlp_blocked,7.093839490462012,2.230395250989873,False,True,False,vlp_only,16,6.5,1.5,0.999955876689579,ema
54,s3_vlp_blocked,7.093839490462012,2.230395250989873,False,True,False,static_fusion,16,6.5,1.5,0.5197514739297879,ema
55,s3_vlp_blocked,7.327799421114381,2.083866639869165,False,True,False,wifi_only,16,6.5,1.5,0.1598764656104945,ema
55,s3_vlp_blocked,7.327799421114381,2.083866639869165,False,True,False,vlp_only,7,7.5,0.5,0.9999460646854014,ema
55,s3_vlp_blocked,7.327799421114381,2.083866639869165,False,True,False,static_fusion,7,7.5,0.5,0.5030396958708238,ema
56,s3_vlp_blocked,7.4404788553418495,2.0885416935474934,False,True,False,wifi_only,27,7.5,2.5,0.23358887153737717,ema
56,s3_vlp_blocked,7.4404788553418495,2.0885416935474934,False,True,False,vlp_only,17,7.5,1.5,0.9999999999010003,ema
56,s3_vlp_blocked,7.4404788553418495,2.0885416935474934,False,True,False,static_fusion,17,7.5,1.5,0.5429868323810507,ema
57,s3_vlp_blocked,7.579211275373233,2.0714456103345764,False,True,False,wifi_only,27,7.5,2.5,0.24433536362732206,ema
57,s3_vlp_blocked,7.579211275373233,2.0714456103345764,False,True,False,vlp_only,17,7.5,1.5,0.9999999998951019,ema
57,s3_vlp_blocked,7.579211275373233,2.0714456103345764,False,True,False,static_fusion,17,7.5,1.5,0.5444591176499933,ema
58,s3_vlp_blocked,7.844337613028887,1.6670430401807117,False,True,False,wifi_only,17,7.5,1.5,0.19794689531043255,ema
58,s3_vlp_blocked,7.844337613028887,1.6670430401807117,False,True,False,vlp_only,17,7.5,1.5,0.999999989925892,ema
58,s3_vlp_blocked,7.844337613028887,1.6670430401807117,False,True,False,static_fusion,17,7.5,1.5,0.5989734426181623,ema
59,s3_vlp_blocked,7.979950544975631,1.4630004361001532,False,True,False,wifi_only,28,8.5,2.5,0.2878079367243952,ema
59,s3_vlp_blocked,7.979950544975631,1.4630004361001532,False,True,False,vlp_only,7,7.5,0.5,0.9999998539622267,ema
59,s3_vlp_blocked,7.979950544975631,1.4630004361001532,False,True,False,static_fusion,7,7.5,0.5,0.5848800735356172,ema
60,s3_vlp_blocked,8.127206923732981,1.3162437323059886,False,True,False,wifi_only,28,8.5,2.5,0.25357134090256384,ema
60,s3_vlp_blocked,8.127206923732981,1.3162437323059886,False,True,False,vlp_only,8,8.5,0.5,0.7308056207520305,ema
60,s3_vlp_blocked,8.127206923732981,1.3162437323059886,False,True,False,static_fusion,8,8.5,0.5,0.39053854978817154,ema
61,s3_vlp_blocked,8.189098931075993,1.1020139318013231,False,True,False,wifi_only,18,8.5,1.5,0.3244132642150105,ema
61,s3_vlp_blocked,8.189098931075993,1.1020139318013231,False,True,False,vlp_only,18,8.5,1.5,0.9999999999010003,ema
61,s3_vlp_blocked,8.189098931075993,1.1020139318013231,False,True,False,static_fusion,18,8.5,1.5,0.6622066320580053,ema
62,s3_vlp_blocked,8.244559866287215,0.9834290739202508,False,False,False,wifi_only,8,8.5,0.5,0.3148197566837811,ema
62,s3_vlp_blocked,8.244559866287215,0.9834290739202508,False,False,False,vlp_only,18,8.5,1.5,0.9999999999010003,ema
62,s3_vlp_blocked,8.244559866287215,0.9834290739202508,False,False,False,static_fusion,18,8.5,1.5,0.6229247916391948,ema
63,s3_vlp_blocked,8.469449233099015,0.5380851752887181,False,False,False,wifi_only,8,8.5,0.5,0.30259689448601074,ema
63,s3_vlp_blocked,8.469449233099015,0.5380851752887181,False,False,False,vlp_only,8,8.5,0.5,0.9999999334650679,ema
63,s3_vlp_blocked,8.469449233099015,0.5380851752887181,False,False,False,static_fusion,8,8.5,0.5,0.6512984139755391,ema
64,s3_vlp_blocked,8.61129496830597,0.2850740111733432,False,False,False,wifi_only,19,9.5,1.5,0.2573159940884434,ema
64,s3_vlp_blocked,8.61129496830597,0.2850740111733432,False,False,False,vlp_only,8,8.5,0.5,0.9999996001642539,ema
64,s3_vlp_blocked,8.61129496830597,0.2850740111733432,False,False,False,static_fusion,8,8.5,0.5,0.6245228574287477,ema
65,s3_vlp_blocked,8.649656672908945,0.1829723899998202,False,False,False,wifi_only,8,8.5,0.5,0.2692519441435558,ema
65,s3_vlp_blocked,8.649656672908945,0.1829723899998202,False,False,False,vlp_only,8,8.5,0.5,0.9999999712767398,ema
65,s3_vlp_blocked,8.649656672908945,0.1829723899998202,False,False,False,static_fusion,8,8.5,0.5,0.6346259577101477,ema
66,s3_vlp_blocked,8.433510539178341,0.5984305923139432,False,False,False,wifi_only,19,9.5,1.5,0.2562333309825367,ema
66,s3_vlp_blocked,8.433510539178341,0.5984305923139432,False,False,False,vlp_only,8,8.5,0.5,0.9999995295135914,ema
66,s3_vlp_blocked,8.433510539178341,0.5984305923139432,False,False,False,static_fusion,8,8.5,0.5,0.6280856213187079,ema
67,s3_vlp_blocked,8.390725265666473,0.8870681197350446,False,False,False,wifi_only,18,8.5,1.5,0.2841072123999403,ema
67,s3_vlp_blocked,8.390725265666473,0.8870681197350446,False,False,False,vlp_only,8,8.5,0.5,0.9999995573542698,ema
67,s3_vlp_blocked,8.390725265666473,0.8870681197350446,False,False,False,static_fusion,8,8.5,0.5,0.6399247834937857,ema
68,s3_vlp_blocked,8.28586833451047,1.075450447649671,False,False,False,wifi_only,8,8.5,0.5,0.26564104884518513,ema
68,s3_vlp_blocked,8.28586833451047,1.075450447649671,False,False,False,vlp_only,8,8.5,0.5,0.9999988329178576,ema
68,s3_vlp_blocked,8.28586833451047,1.075450447649671,False,False,False,static_fusion,8,8.5,0.5,0.6328199408815212,ema
69,s3_vlp_blocked,8.00771188370768,1.2586421068158191,False,False,False,wifi_only,8,8.5,0.5,0.3144055747931116,ema
69,s3_vlp_blocked,8.00771188370768,1.2586421068158191,False,False,False,vlp_only,18,8.5,1.5,0.9999999655971306,ema
69,s3_vlp_blocked,8.00771188370768,1.2586421068158191,False,False,False,static_fusion,18,8.5,1.5,0.6241926996678744,ema
70,s3_vlp_blocked,7.876253087162693,1.4325757096206515,False,False,False,wifi_only,8,8.5,0.5,0.29628126081888473,ema
70,s3_vlp_blocked,7.876253087162693,1.4325757096206515,False,False,False,vlp_only,18,8.5,1.5,0.9999911781615073,ema
70,s3_vlp_blocked,7.876253087162693,1.4325757096206515,False,False,False,static_fusion,18,8.5,1.5,0.6361721964631517,ema
71,s3_vlp_blocked,7.764584357169141,1.783515740895847,False,False,False,wifi_only,18,8.5,1.5,0.31984663202025765,ema
71,s3_vlp_blocked,7.764584357169141,1.783515740895847,False,False,False,vlp_only,18,8.5,1.5,0.9682940856161559,ema
71,s3_vlp_blocked,7.764584357169141,1.783515740895847,False,False,False,static_fusion,18,8.5,1.5,0.6440703588182067,ema
72,s3_vlp_blocked,7.724461665749093,1.919199890822522,False,False,False,wifi_only,17,7.5,1.5,0.2054802607148433,ema
72,s3_vlp_blocked,7.724461665749093,1.919199890822522,False,False,False,vlp_only,17,7.5,1.5,0.9983318119234739,ema
72,s3_vlp_blocked,7.724461665749093,1.919199890822522,False,False,False,static_fusion,17,7.5,1.5,0.6019060363191586,ema
73,s3_vlp_blocked,7.434410446855592,2.196460502510213,False,False,False,wifi_only,17,7.5,1.5,0.2773234930479272,ema
73,s3_vlp_blocked,7.434410446855592,2.196460502510213,False,False,False,vlp_only,17,7.5,1.5,0.9999986592467812,ema
73,s3_vlp_blocked,7.434410446855592,2.196460502510213,False,False,False,static_fusion,17,7.5,1.5,0.6386610761473541,ema
74,s3_vlp_blocked,7.329501734941545,2.341512908882469,False,False,False,wifi_only,17,7.5,1.5,0.23163236477737018,ema
74,s3_vlp_blocked,7.329501734941545,2.341512908882469,False,False,False,vlp_only,17,7.5,1.5,0.9882677480198084,ema
74,s3_vlp_blocked,7.329501734941545,2.341512908882469,False,False,False,static_fusion,17,7.5,1.5,0.6099500563985892,ema
75,s3_vlp_blocked,7.071931175766185,2.639246667376174,False,True,False,wifi_only,27,7.5,2.5,0.23084188915601422,ema
75,s3_vlp_blocked,7.071931175766185,2.639246667376174,False,True,False,vlp_only,28,8.5,2.5,0.9999996794355167,ema
75,s3_vlp_blocked,7.071931175766185,2.639246667376174,False,True,False,static_fusion,28,8.5,2.5,0.5161013857243009,ema
76,s3_vlp_blocked,6.978026390337671,2.8586906033898587,False,True,False,wifi_only,27,7.5,2.5,0.2624625114417561,ema
76,s3_vlp_blocked,6.978026390337671,2.8586906033898587,False,True,False,vlp_only,28,8.5,2.5,0.9761580580866204,ema
76,s3_vlp_blocked,6.978026390337671,2.8586906033898587,False,True,False,static_fusion,28,8.5,2.5,0.510502501000765,ema
77,s3_vlp_blocked,7.056281076272732,3.07562739707137,False,True,False,wifi_only,26,6.5,2.5,0.1930888278601935,ema
77,s3_vlp_blocked,7.056281076272732,3.07562739707137,False,True,False,vlp_only,37,7.5,3.5,0.9997593060584343,ema
77,s3_vlp_blocked,7.056281076272732,3.07562739707137,False,True,False,static_fusion,37,7.5,3.5,0.5609111689051285,ema
78,s3_vlp_blocked,6.986478911581751,3.499417790512807,False,True,False,wifi_only,27,7.5,2.5,0.20758845104535303,ema
78,s3_vlp_blocked,6.986478911581751,3.499417790512807,False,True,False,vlp_only,37,7.5,3.5,0.9999110435294959,ema
78,s3_vlp_blocked,6.986478911581751,3.499417790512807,False,True,False,static_fusion,37,7.5,3.5,0.5415260500377447,ema
79,s3_vlp_blocked,7.059635179641974,3.643912026483358,False,True,False,wifi_only,16,6.5,1.5,0.17959329907627267,ema
79,s3_vlp_blocked,7.059635179641974,3.643912026483358,False,True,False,vlp_only,36,6.5,3.5,0.9541992941546233,ema
79,s3_vlp_blocked,7.059635179641974,3.643912026483358,False,True,False,static_fusion,36,6.5,3.5,0.4976546115714867,ema
80,s3_vlp_blocked,7.111230980212548,3.866216527347812,False,True,False,wifi_only,26,6.5,2.5,0.20833056280004314,ema
80,s3_vlp_blocked,7.111230980212548,3.866216527347812,False,True,False,vlp_only,39,9.5,3.5,0.9999999999010002,ema
80,s3_vlp_blocked,7.111230980212548,3.866216527347812,False,True,False,static_fusion,39,9.5,3.5,0.5072868584410999,ema
81,s3_vlp_blocked,7.093666462300226,4.151666727840037,False,True,False,wifi_only,26,6.5,2.5,0.19292805893352902,ema
81,s3_vlp_blocked,7.093666462300226,4.151666727840037,False,True,False,vlp_only,46,6.5,4.5,0.9870464144767634,ema
81,s3_vlp_blocked,7.093666462300226,4.151666727840037,False,True,False,static_fusion,46,6.5,4.5,0.49793638114025596,ema
82,s3_vlp_blocked,7.179940304559092,4.40982120831966,False,True,False,wifi_only,36,6.5,3.5,0.18080294735112437,ema
82,s3_vlp_blocked,7.179940304559092,4.40982120831966,False,True,False,vlp_only,49,9.5,4.5,0.9999999999010002,ema
82,s3_vlp_blocked,7.179940304559092,4.40982120831966,False,True,False,static_fusion,49,9.5,4.5,0.513123259422136,ema
83,s3_vlp_blocked,7.389306456175779,4.728806808316636,False,True,False,wifi_only,36,6.5,3.5,0.16526769875797856,ema
83,s3_vlp_blocked,7.389306456175779,4.728806808316636,False,True,False,vlp_only,49,9.5,4.5,0.9999999999010002,ema
83,s3_vlp_blocked,7.389306456175779,4.728806808316636,False,True,False,static_fusion,49,9.5,4.5,0.520510096756305,ema
84,s3_vlp_blocked,7.471099094223947,5.062300262899215,False,True,False,wifi_only,48,8.5,4.5,0.1865283530724817,ema
84,s3_vlp_blocked,7.471099094223947,5.062300262899215,False,True,False,vlp_only,49,9.5,4.5,0.9999999999010002,ema
84,s3_vlp_blocked,7.471099094223947,5.062300262899215,False,True,False,static_fusion,49,9.5,4.5,0.5562906084912189,ema
85,s3_vlp_blocked,7.639476103338564,5.452330212055501,False,True,False,wifi_only,47,7.5,4.5,0.1707751449932597,ema
85,s3_vlp_blocked,7.639476103338564,5.452330212055501,False,True,False,vlp_only,49,9.5,4.5,0.9999999999010002,ema
85,s3_vlp_blocked,7.639476103338564,5.452330212055501,False,True,False,static_fusion,49,9.5,4.5,0.5225945482211514,ema
86,s3_vlp_blocked,7.590210281547375,5.578300437724326,False,True,False,wifi_only,57,7.5,5.5,0.17372730910986642,ema
86,s3_vlp_blocked,7.590210281547375,5.578300437724326,False,True,False,vlp_only,59,9.5,5.5,0.9999999999010002,ema
86,s3_vlp_blocked,7.590210281547375,5.578300437724326,False,True,False,static_fusion,59,9.5,5.5,0.5209693503859282,ema
87,s3_vlp_blocked,7.462795792010998,5.791477714093946,False,True,False,wifi_only,57,7.5,5.5,0.19043348625504833,ema
87,s3_vlp_blocked,7.462795792010998,5.791477714093946,False,True,False,vlp_only,59,9.5,5.5,0.9999999999010002,ema
87,s3_vlp_blocked,7.462795792010998,5.791477714093946,False,True,False,static_fusion,59,9.5,5.5,0.5134053250082072,ema
88,s3_vlp_blocked,7.440607753073426,5.980848219358611,False,True,False,wifi_only,57,7.5,5.5,0.1533394422568534,ema
88,s3_vlp_blocked,7.440607753073426,5.980848219358611,False,True,False,vlp_only,59,9.5,5.5,0.9999999999010002,ema
88,s3_vlp_blocked,7.440607753073426,5.980848219358611,False,True,False,static_fusion,59,9.5,5.5,0.5073200611480532,ema
89,s3_vlp_blocked,7.440906125309533,6.113793031097752,False,False,False,wifi_only,57,7.5,5.5,0.14502775036000126,ema
89,s3_vlp_blocked,7.440906125309533,6.113793031097752,False,False,False,vlp_only,59,9.5,5.5,0.9999999800978898,ema
89,s3_vlp_blocked,7.440906125309533,6.113793031097752,False,False,False,static_fusion,59,9.5,5.5,0.5126593357340649,ema
90,s3_vlp_blocked,7.279806471044582,6.464561962588011,False,False,False,wifi_only,67,7.5,6.5,0.1364821064970726,ema
90,s3_vlp_blocked,7.279806471044582,6.464561962588011,False,False,False,vlp_only,69,9.5,6.5,0.9611176810388933,ema
90,s3_vlp_blocked,7.279806471044582,6.464561962588011,False,False,False,static_fusion,69,9.5,6.5,0.49998563091133325,ema
91,s3_vlp_blocked,7.195775699002211,6.545903417221667,False,False,False,wifi_only,67,7.5,6.5,0.14001883696663592,ema
91,s3_vlp_blocked,7.195775699002211,6.545903417221667,False,False,False,vlp_only,66,6.5,6.5,0.9999999011198678,ema
91,s3_vlp_blocked,7.195775699002211,6.545903417221667,False,False,False,static_fusion,66,6.5,6.5,0.5337856581362012,ema
92,s3_vlp_blocked,7.071679731335141,6.664553875446808,False,False,False,wifi_only,67,7.5,6.5,0.14549152567767926,ema
92,s3_vlp_blocked,7.071679731335141,6.664553875446808,False,False,False,vlp_only,66,6.5,6.5,0.9999999999010001,ema
92,s3_vlp_blocked,7.071679731335141,6.664553875446808,False,False,False,static_fusion,66,6.5,6.5,0.5416041377608006,ema
93,s3_vlp_blocked,6.88601961932652,6.885266262387327,False,False,False,wifi_only,77,7.5,7.5,0.11915572495210706,ema
93,s3_vlp_blocked,6.88601961932652,6.885266262387327,False,False,False,vlp_only,67,7.5,6.5,0.9999999999010001,ema
93,s3_vlp_blocked,6.88601961932652,6.885266262387327,False,False,False,static_fusion,67,7.5,6.5,0.5529184343792091,ema
94,s3_vlp_blocked,6.836265376227635,7.09347815473235,False,False,False,wifi_only,77,7.5,7.5,0.12197292998102365,ema
94,s3_vlp_blocked,6.836265376227635,7.09347815473235,False,False,False,vlp_only,67,7.5,6.5,0.9999999999010001,ema
94,s3_vlp_blocked,6.836265376227635,7.09347815473235,False,False,False,static_fusion,67,7.5,6.5,0.5283307007801527,ema
95,s3_vlp_blocked,6.749970613133377,7.2047970050942345,False,False,False,wifi_only,77,7.5,7.5,0.167147680301212,ema
95,s3_vlp_blocked,6.749970613133377,7.2047970050942345,False,False,False,vlp_only,67,7.5,6.5,0.9383434816817511,ema
95,s3_vlp_blocked,6.749970613133377,7.2047970050942345,False,False,False,static_fusion,67,7.5,6.5,0.5067648624729193,ema
96,s3_vlp_blocked,6.520102407663193,7.416654680272662,False,False,False,wifi_only,77,7.5,7.5,0.17756206535845848,ema
96,s3_vlp_blocked,6.520102407663193,7.416654680272662,False,False,False,vlp_only,76,6.5,7.5,0.9999999999010001,ema
96,s3_vlp_blocked,6.520102407663193,7.416654680272662,False,False,False,static_fusion,76,6.5,7.5,0.5577123980488051,ema
97,s3_vlp_blocked,6.235078071420909,7.80527981884087,False,False,False,wifi_only,76,6.5,7.5,0.18880598522653994,ema
97,s3_vlp_blocked,6.235078071420909,7.80527981884087,False,False,False,vlp_only,76,6.5,7.5,0.9999999999010001,ema
97,s3_vlp_blocked,6.235078071420909,7.80527981884087,False,False,False,static_fusion,76,6.5,7.5,0.5944029925637699,ema
98,s3_vlp_blocked,5.98823397903378,7.93574951314563,False,False,False,wifi_only,86,6.5,8.5,0.18722633763615829,ema
98,s3_vlp_blocked,5.98823397903378,7.93574951314563,False,False,False,vlp_only,76,6.5,7.5,0.9999999998323711,ema
98,s3_vlp_blocked,5.98823397903378,7.93574951314563,False,False,False,static_fusion,76,6.5,7.5,0.5933021187515155,ema
99,s3_vlp_blocked,5.822657938153183,7.968265377624689,False,False,False,wifi_only,86,6.5,8.5,0.2613268612920223,ema
99,s3_vlp_blocked,5.822657938153183,7.968265377624689,False,False,False,vlp_only,96,6.5,9.5,0.9999999997235615,ema
99,s3_vlp_blocked,5.822657938153183,7.968265377624689,False,False,False,static_fusion,96,6.5,9.5,0.5680523552775929,ema
0,s4_mixed_dynamic,8.548260044884431,3.875368266732585,False,False,True,wifi_only,39,9.5,3.5,0.21328416950968565,raw
0,s4_mixed_dynamic,8.548260044884431,3.875368266732585,False,False,True,vlp_only,39,9.5,3.5,0.9999999999010002,raw
0,s4_mixed_dynamic,8.548260044884431,3.875368266732585,False,False,True,static_fusion,39,9.5,3.5,0.6066420847053428,raw
1,s4_mixed_dynamic,8.648647791547123,3.682160416153107,False,False,True,wifi_only,27,7.5,2.5,0.1818741868901468,raw
1,s4_mixed_dynamic,8.648647791547123,3.682160416153107,False,False,True,vlp_only,38,8.5,3.5,0.9999999999010002,raw
1,s4_mixed_dynamic,8.648647791547123,3.682160416153107,False,False,True,static_fusion,38,8.5,3.5,0.5513567089745219,raw
2,s4_mixed_dynamic,8.904314502785434,3.314602216855924,False,False,True,wifi_only,49,9.5,4.5,0.2627832991684659,raw
2,s4_mixed_dynamic,8.904314502785434,3.314602216855924,False,False,True,vlp_only,38,8.5,3.5,0.9999999999010002,raw
2,s4_mixed_dynamic,8.904314502785434,3.314602216855924,False,False,True,static_fusion,38,8.5,3.5,0.563564889720792,raw
3,s4_mixed_dynamic,9.310389003930128,3.04167485894367,False,False,True,wifi_only,27,7.5,2.5,0.21111800696913044,raw
3,s4_mixed_dynamic,9.310389003930128,3.04167485894367,False,False,True,vlp_only,29,9.5,2.5,0.9999999999010002,raw
3,s4_mixed_dynamic,9.310389003930128,3.04167485894367,False,False,True,static_fusion,29,9.5,2.5,0.509545981445878,raw
4,s4_mixed_dynamic,9.706838327803332,2.8964874698404373,False,False,True,wifi_only,17,7.5,1.5,0.3654766345890214,raw
4,s4_mixed_dynamic,9.706838327803332,2.8964874698404373,False,False,True,vlp_only,39,9.5,3.5,0.9999999999010002,raw
4,s4_mixed_dynamic,9.706838327803332,2.8964874698404373,False,False,True,static_fusion,39,9.5,3.5,0.5008290411485933,raw
5,s4_mixed_dynamic,9.41844096729231,2.900422758078939,False,False,True,wifi_only,29,9.5,2.5,0.2990030684887431,raw
5,s4_mixed_dynamic,9.41844096729231,2.900422758078939,False,False,True,vlp_only,29,9.5,2.5,0.9999999999010002,raw
5,s4_mixed_dynamic,9.41844096729231,2.900422758078939,False,False,True,static_fusion,29,9.5,2.5,0.6495015341948717,raw
6,s4_mixed_dynamic,8.964378339140287,2.9597287260816096,False,False,True,wifi_only,29,9.5,2.5,0.3733883613127459,raw
6,s4_mixed_dynamic,8.964378339140287,2.9597287260816096,False,False,True,vlp_only,29,9.5,2.5,0.9999999999010002,raw
6,s4_mixed_dynamic,8.964378339140287,2.9597287260816096,False,False,True,static_fusion,29,9.5,2.5,0.686694180606873,raw
7,s4_mixed_dynamic,8.774353844140126,3.131454780222936,False,False,True,wifi_only,39,9.5,3.5,0.5081413137580668,raw
7,s4_mixed_dynamic,8.774353844140126,3.131454780222936,False,False,True,vlp_only,29,9.5,2.5,0.8712858310976266,raw
7,s4_mixed_dynamic,8.774353844140126,3.131454780222936,False,False,True,static_fusion,29,9.5,2.5,0.4723340184817771,raw
8,s4_mixed_dynamic,8.418152736801511,3.188810020474088,False,False,True,wifi_only,37,7.5,3.5,0.16359949644601965,raw
8,s4_mixed_dynamic,8.418152736801511,3.188810020474088,False,False,True,vlp_only,38,8.5,3.5,0.9999999995052116,raw
8,s4_mixed_dynamic,8.418152736801511,3.188810020474088,False,False,True,static_fusion,38,8.5,3.5,0.5484919475500136,raw
9,s4_mixed_dynamic,8.165062128503568,3.3554638975618585,False,False,True,wifi_only,29,9.5,2.5,0.36964908855222683,raw
9,s4_mixed_dynamic,8.165062128503568,3.3554638975618585,False,False,True,vlp_only,38,8.5,3.5,0.9999899789114279,raw
9,s4_mixed_dynamic,8.165062128503568,3.3554638975618585,False,False,True,static_fusion,38,8.5,3.5,0.5382998115017601,raw
10,s4_mixed_dynamic,8.047852018915972,3.3896047138916883,True,False,True,wifi_only,29,9.5,2.5,0.8336204344495235,raw
10,s4_mixed_dynamic,8.047852018915972,3.3896047138916883,True,False,True,vlp_only,38,8.5,3.5,0.999999989480853,raw
10,s4_mixed_dynamic,8.047852018915972,3.3896047138916883,True,False,True,static_fusion,38,8.5,3.5,0.5003722500468505,raw
11,s4_mixed_dynamic,7.628992597812742,3.5120336380508936,True,False,True,wifi_only,57,7.5,5.5,0.1786835666544304,raw
11,s4_mixed_dynamic,7.628992597812742,3.5120336380508936,True,False,True,vlp_only,37,7.5,3.5,0.9999999998068778,raw
11,s4_mixed_dynamic,7.628992597812742,3.5120336380508936,True,False,True,static_fusion,37,7.5,3.5,0.5129065892097364,raw
12,s4_mixed_dynamic,7.264240580596287,3.551955010215912,True,False,True,wifi_only,49,9.5,4.5,0.5045529230370235,raw
12,s4_mixed_dynamic,7.264240580596287,3.551955010215912,True,False,True,vlp_only,37,7.5,3.5,0.9999999999010002,raw
12,s4_mixed_dynamic,7.264240580596287,3.551955010215912,True,False,True,static_fusion,37,7.5,3.5,0.5037530538668806,raw
13,s4_mixed_dynamic,6.807654944686304,3.3798711617406227,True,False,True,wifi_only,3,3.5,0.5,0.32744573401383475,raw
13,s4_mixed_dynamic,6.807654944686304,3.3798711617406227,True,False,True,vlp_only,37,7.5,3.5,0.9999999998851594,raw
13,s4_mixed_dynamic,6.807654944686304,3.3798711617406227,True,False,True,static_fusion,37,7.5,3.5,0.500000024019053,raw
14,s4_mixed_dynamic,6.644376635151973,3.2678225998295574,True,False,True,wifi_only,6,6.5,0.5,0.7616633685092816,raw
14,s4_mixed_dynamic,6.644376635151973,3.2678225998295574,True,False,True,vlp_only,36,6.5,3.5,0.9999999999010002,raw
14,s4_mixed_dynamic,6.644376635151973,3.2678225998295574,True,False,True,static_fusion,36,6.5,3.5,0.5000000897729759,raw
15,s4_mixed_dynamic,6.164360277507891,3.220123101722137,True,False,True,wifi_only,48,8.5,4.5,0.22769604737671478,raw
15,s4_mixed_dynamic,6.164360277507891,3.220123101722137,True,False,True,vlp_only,36,6.5,3.5,0.9999999999010002,raw
15,s4_mixed_dynamic,6.164360277507891,3.220123101722137,True,False,True,static_fusion,36,6.5,3.5,0.5015887546483113,raw
16,s4_mixed_dynamic,5.921670782647944,3.170353913208966,True,False,True,wifi_only,24,4.5,2.5,0.2047336169041618,raw
16,s4_mixed_dynamic,5.921670782647944,3.170353913208966,True,False,True,vlp_only,25,5.5,2.5,0.9999999999010002,raw
16,s4_mixed_dynamic,5.921670782647944,3.170353913208966,True,False,True,static_fusion,25,5.5,2.5,0.5242040279032165,raw
17,s4_mixed_dynamic,5.679154300480839,2.9818995639648525,True,False,True,wifi_only,26,6.5,2.5,0.2962746220329829,raw
17,s4_mixed_dynamic,5.679154300480839,2.9818995639648525,True,False,True,vlp_only,25,5.5,2.5,0.9999999999010002,raw
17,s4_mixed_dynamic,5.679154300480839,2.9818995639648525,True,False,True,static_fusion,25,5.5,2.5,0.5451366794866764,raw
18,s4_mixed_dynamic,5.40719635144305,2.708371836226452,True,False,True,wifi_only,54,4.5,5.5,0.19116817085710527,raw
18,s4_mixed_dynamic,5.40719635144305,2.708371836226452,True,False,True,vlp_only,25,5.5,2.5,0.9999999999010002,raw
18,s4_mixed_dynamic,5.40719635144305,2.708371836226452,True,False,True,static_fusion,25,5.5,2.5,0.500130474102324,raw
19,s4_mixed_dynamic,5.231798982702207,2.4839699101632213,True,False,True,wifi_only,5,5.5,0.5,0.36454908914112855,raw
19,s4_mixed_dynamic,5.231798982702207,2.4839699101632213,True,False,True,vlp_only,25,5.5,2.5,0.999875709375969,raw
19,s4_mixed_dynamic,5.231798982702207,2.4839699101632213,True,False,True,static_fusion,25,5.5,2.5,0.5116144649265965,raw
20,s4_mixed_dynamic,5.28923634607891,2.192766390499288,False,False,True,wifi_only,36,6.5,3.5,0.12274971975355947,raw
20,s4_mixed_dynamic,5.28923634607891,2.192766390499288,False,False,True,vlp_only,25,5.5,2.5,0.9999991080496561,raw
20,s4_mixed_dynamic,5.28923634607891,2.192766390499288,False,False,True,static_fusion,25,5.5,2.5,0.5392595905645825,raw
21,s4_mixed_dynamic,5.38054459804343,2.090291333531373,False,False,True,wifi_only,24,4.5,2.5,0.1885393032181774,raw
21,s4_mixed_dynamic,5.38054459804343,2.090291333531373,False,False,True,vlp_only,25,5.5,2.5,0.6131070708150251,raw
21,s4_mixed_dynamic,5.38054459804343,2.090291333531373,False,False,True,static_fusion,25,5.5,2.5,0.3502486845347548,raw
22,s4_mixed_dynamic,5.395660287878729,1.904575277898607,False,False,True,wifi_only,35,5.5,3.5,0.17754558387645147,raw
22,s4_mixed_dynamic,5.395660287878729,1.904575277898607,False,False,True,vlp_only,15,5.5,1.5,0.9999979476915063,raw
22,s4_mixed_dynamic,5.395660287878729,1.904575277898607,False,False,True,static_fusion,15,5.5,1.5,0.5200118546661481,raw
23,s4_mixed_dynamic,5.346981386445022,1.7399481748937806,False,False,True,wifi_only,4,4.5,0.5,0.33818240325336735,raw
23,s4_mixed_dynamic,5.346981386445022,1.7399481748937806,False,False,True,vlp_only,15,5.5,1.5,0.9999999998999399,raw
23,s4_mixed_dynamic,5.346981386445022,1.7399481748937806,False,False,True,static_fusion,15,5.5,1.5,0.5228721513898573,raw
24,s4_mixed_dynamic,5.356397214861652,1.3990305548570758,False,False,True,wifi_only,5,5.5,0.5,0.2270595815800647,raw
24,s4_mixed_dynamic,5.356397214861652,1.3990305548570758,False,False,True,vlp_only,15,5.5,1.5,0.9999999999010003,raw
24,s4_mixed_dynamic,5.356397214861652,1.3990305548570758,False,False,True,static_fusion,15,5.5,1.5,0.5935840479323469,raw
25,s4_mixed_dynamic,5.55511192506875,1.1971395250192285,False,True,True,wifi_only,4,4.5,0.5,0.3900360514847674,raw
25,s4_mixed_dynamic,5.55511192506875,1.1971395250192285,False,True,True,vlp_only,15,5.5,1.5,0.9999999990256129,raw
25,s4_mixed_dynamic,5.55511192506875,1.1971395250192285,False,True,True,static_fusion,15,5.5,1.5,0.5474079142233266,raw
26,s4_mixed_dynamic,5.644488914276651,1.1264421585125568,False,True,True,wifi_only,26,6.5,2.5,0.20281171644376098,raw
26,s4_mixed_dynamic,5.644488914276651,1.1264421585125568,False,True,True,vlp_only,4,4.5,0.5,0.9999999999010003,raw
26,s4_mixed_dynamic,5.644488914276651,1.1264421585125568,False,True,True,static_fusion,4,4.5,0.5,0.5018945274838382,raw
27,s4_mixed_dynamic,5.99191614365339,0.7779056103368667,False,True,True,wifi_only,16,6.5,1.5,0.23586960215771263,raw
27,s4_mixed_dynamic,5.99191614365339,0.7779056103368667,False,True,True,vlp_only,9,9.5,0.5,0.9999999999010003,raw
27,s4_mixed_dynamic,5.99191614365339,0.7779056103368667,False,True,True,static_fusion,9,9.5,0.5,0.499999999955033,raw
28,s4_mixed_dynamic,6.3719359824611015,0.5133126785859624,False,True,True,wifi_only,16,6.5,1.5,0.24285313784829263,raw
28,s4_mixed_dynamic,6.3719359824611015,0.5133126785859624,False,True,True,vlp_only,44,4.5,4.5,0.9999999999010002,raw
28,s4_mixed_dynamic,6.3719359824611015,0.5133126785859624,False,True,True,static_fusion,44,4.5,4.5,0.500000086066559,raw
29,s4_mixed_dynamic,6.642725720701172,0.2610300095402053,False,True,True,wifi_only,6,6.5,0.5,0.38332692229537735,raw
29,s4_mixed_dynamic,6.642725720701172,0.2610300095402053,False,True,True,vlp_only,9,9.5,0.5,0.9999999999010003,raw
29,s4_mixed_dynamic,6.642725720701172,0.2610300095402053,False,True,True,static_fusion,9,9.5,0.5,0.5000000001169315,raw
30,s4_mixed_dynamic,6.746242668239441,0.1917048919949815,False,True,True,wifi_only,17,7.5,1.5,0.32005194224045824,raw
30,s4_mixed_dynamic,6.746242668239441,0.1917048919949815,False,True,True,vlp_only,9,9.5,0.5,0.9999999999010003,raw
30,s4_mixed_dynamic,6.746242668239441,0.1917048919949815,False,True,True,static_fusion,9,9.5,0.5,0.5001055048189504,raw
31,s4_mixed_dynamic,6.356442515941112,0.4369455288091974,False,True,True,wifi_only,37,7.5,3.5,0.20255020724527587,raw
31,s4_mixed_dynamic,6.356442515941112,0.4369455288091974,False,True,True,vlp_only,6,6.5,0.5,0.9999999999010003,raw
31,s4_mixed_dynamic,6.356442515941112,0.4369455288091974,False,True,True,static_fusion,6,6.5,0.5,0.5153687458369692,raw
32,s4_mixed_dynamic,6.090439232524188,0.6864641265250186,False,True,True,wifi_only,15,5.5,1.5,0.2591149481023843,raw
32,s4_mixed_dynamic,6.090439232524188,0.6864641265250186,False,True,True,vlp_only,6,6.5,0.5,0.9999999999010003,raw
32,s4_mixed_dynamic,6.090439232524188,0.6864641265250186,False,True,True,static_fusion,6,6.5,0.5,0.5383275637015495,raw
33,s4_mixed_dynamic,5.949226125977861,0.8518939098654703,False,True,True,wifi_only,27,7.5,2.5,0.17108055255197768,raw
33,s4_mixed_dynamic,5.949226125977861,0.8518939098654703,False,True,True,vlp_only,44,4.5,4.5,0.9999739726105951,raw
33,s4_mixed_dynamic,5.949226125977861,0.8518939098654703,False,True,True,static_fusion,44,4.5,4.5,0.499986989280357,raw
34,s4_mixed_dynamic,5.8095047430555145,1.1091466717902831,False,True,True,wifi_only,5,5.5,0.5,0.23567696030711793,raw
34,s4_mixed_dynamic,5.8095047430555145,1.1091466717902831,False,True,True,vlp_only,15,5.5,1.5,0.9999999999010003,raw
34,s4_mixed_dynamic,5.8095047430555145,1.1091466717902831,False,True,True,static_fusion,15,5.5,1.5,0.5975275839511496,raw
35,s4_mixed_dynamic,5.579978519259318,1.272432489793561,False,True,True,wifi_only,4,4.5,0.5,0.20921484482069505,raw
35,s4_mixed_dynamic,5.579978519259318,1.272432489793561,False,True,True,vlp_only,15,5.5,1.5,0.9999999999010003,raw
35,s4_mixed_dynamic,5.579978519259318,1.272432489793561,False,True,True,static_fusion,15,5.5,1.5,0.5651827548787823,raw
36,s4_mixed_dynamic,5.338528190625762,1.3036592905789073,False,False,True,wifi_only,25,5.5,2.5,0.18590762265075517,raw
36,s4_mixed_dynamic,5.338528190625762,1.3036592905789073,False,False,True,vlp_only,15,5.5,1.5,0.9999999575607297,raw
36,s4_mixed_dynamic,5.338528190625762,1.3036592905789073,False,False,True,static_fusion,15,5.5,1.5,0.5636039793356494,raw
37,s4_mixed_dynamic,4.912072310282084,1.4157812756540196,False,False,True,wifi_only,5,5.5,0.5,0.41220423819562524,raw
37,s4_mixed_dynamic,4.912072310282084,1.4157812756540196,False,False,True,vlp_only,4,4.5,0.5,0.999999999898074,raw
37,s4_mixed_dynamic,4.912072310282084,1.4157812756540196,False,False,True,static_fusion,4,4.5,0.5,0.5622807087302762,raw
38,s4_mixed_dynamic,4.826303961432351,1.586236364932186,False,False,True,wifi_only,33,3.5,3.5,0.18592114234182283,raw
38,s4_mixed_dynamic,4.826303961432351,1.586236364932186,False,False,True,vlp_only,4,4.5,0.5,0.560351072933124,raw
38,s4_mixed_dynamic,4.826303961432351,1.586236364932186,False,False,True,static_fusion,4,4.5,0.5,0.2809533992733068,raw
39,s4_mixed_dynamic,4.8018178978276085,1.8759997678234683,False,False,True,wifi_only,25,5.5,2.5,0.1747688728188212,raw
39,s4_mixed_dynamic,4.8018178978276085,1.8759997678234683,False,False,True,vlp_only,14,4.5,1.5,0.9998937796141465,raw
39,s4_mixed_dynamic,4.8018178978276085,1.8759997678234683,False,False,True,static_fusion,14,4.5,1.5,0.5146745813493525,raw
40,s4_mixed_dynamic,4.769561461430565,2.1910721381589235,False,False,True,wifi_only,25,5.5,2.5,0.17718043499256608,raw
40,s4_mixed_dynamic,4.769561461430565,2.1910721381589235,False,False,True,vlp_only,24,4.5,2.5,0.9753523002619994,raw
40,s4_mixed_dynamic,4.769561461430565,2.1910721381589235,False,False,True,static_fusion,24,4.5,2.5,0.5736846186602265,raw
41,s4_mixed_dynamic,4.525918490013359,2.572296491893161,False,False,True,wifi_only,25,5.5,2.5,0.18447837342430673,raw
41,s4_mixed_dynamic,4.525918490013359,2.572296491893161,False,False,True,vlp_only,24,4.5,2.5,0.9999999999010002,raw
41,s4_mixed_dynamic,4.525918490013359,2.572296491893161,False,False,True,static_fusion,24,4.5,2.5,0.5260606362564205,raw
42,s4_mixed_dynamic,4.603145206950584,2.691606464543516,False,False,True,wifi_only,32,2.5,3.5,0.22455736140248692,raw
42,s4_mixed_dynamic,4.603145206950584,2.691606464543516,False,False,True,vlp_only,24,4.5,2.5,0.9999999999010002,raw
42,s4_mixed_dynamic,4.603145206950584,2.691606464543516,False,False,True,static_fusion,24,4.5,2.5,0.5034754132040242,raw
43,s4_mixed_dynamic,4.636858519470941,2.83301729155527,False,False,True,wifi_only,14,4.5,1.5,0.2081355321162788,raw
43,s4_mixed_dynamic,4.636858519470941,2.83301729155527,False,False,True,vlp_only,24,4.5,2.5,0.9652270090147984,raw
43,s4_mixed_dynamic,4.636858519470941,2.83301729155527,False,False,True,static_fusion,24,4.5,2.5,0.5666387103969414,raw
44,s4_mixed_dynamic,4.734121569139968,3.1877348970907184,False,False,True,wifi_only,14,4.5,1.5,0.16383827634085085,raw
44,s4_mixed_dynamic,4.734121569139968,3.1877348970907184,False,False,True,vlp_only,34,4.5,3.5,0.9999999999010002,raw
44,s4_mixed_dynamic,4.734121569139968,3.1877348970907184,False,False,True,static_fusion,34,4.5,3.5,0.5156326437721501,raw
45,s4_mixed_dynamic,4.820450082367587,3.2794971977323337,True,False,True,wifi_only,57,7.5,5.5,0.1674336345715514,raw
45,s4_mixed_dynamic,4.820450082367587,3.2794971977323337,True,False,True,vlp_only,34,4.5,3.5,0.9999999999010002,raw
45,s4_mixed_dynamic,4.820450082367587,3.2794971977323337,True,False,True,static_fusion,34,4.5,3.5,0.5000081975525745,raw
46,s4_mixed_dynamic,5.062857013263392,3.3252726841438496,True,False,True,wifi_only,7,7.5,0.5,0.6200139473473362,raw
46,s4_mixed_dynamic,5.062857013263392,3.3252726841438496,True,False,True,vlp_only,35,5.5,3.5,0.9999999999010002,raw
46,s4_mixed_dynamic,5.062857013263392,3.3252726841438496,True,False,True,static_fusion,35,5.5,3.5,0.5000000018495476,raw
47,s4_mixed_dynamic,5.223527674927983,3.3636079119505795,True,False,True,wifi_only,27,7.5,2.5,0.24307589627962484,raw
47,s4_mixed_dynamic,5.223527674927983,3.3636079119505795,True,False,True,vlp_only,35,5.5,3.5,0.9999999999010002,raw
47,s4_mixed_dynamic,5.223527674927983,3.3636079119505795,True,False,True,static_fusion,35,5.5,3.5,0.5002800939336807,raw
48,s4_mixed_dynamic,5.715643126853525,3.4347811219492,True,False,True,wifi_only,5,5.5,0.5,0.2228036203711432,raw
48,s4_mixed_dynamic,5.715643126853525,3.4347811219492,True,False,True,vlp_only,35,5.5,3.5,0.9999999999010002,raw
48,s4_mixed_dynamic,5.715643126853525,3.4347811219492,True,False,True,static_fusion,35,5.5,3.5,0.5227235077095943,raw
49,s4_mixed_dynamic,6.036475943181564,3.33849425496013,True,False,True,wifi_only,59,9.5,5.5,0.3954535609906943,raw
49,s4_mixed_dynamic,6.036475943181564,3.33849425496013,True,False,True,vlp_only,36,6.5,3.5,0.9999999999010002,raw
49,s4_mixed_dynamic,6.036475943181564,3.33849425496013,True,False,True,static_fusion,36,6.5,3.5,0.5047646325213345,raw
50,s4_mixed_dynamic,6.26597077792921,3.2310160910129526,True,False,True,wifi_only,27,7.5,2.5,0.21695465940878697,raw
50,s4_mixed_dynamic,6.26597077792921,3.2310160910129526,True,False,True,vlp_only,36,6.5,3.5,0.9999999999010002,raw
50,s4_mixed_dynamic,6.26597077792921,3.2310160910129526,True,False,True,static_fusion,36,6.5,3.5,0.5032768093590213,raw
51,s4_mixed_dynamic,6.557154939381723,3.0499936079927075,True,False,True,wifi_only,48,8.5,4.5,0.17461416135786703,raw
51,s4_mixed_dynamic,6.557154939381723,3.0499936079927075,True,False,True,vlp_only,26,6.5,2.5,0.9999999999010002,raw
51,s4_mixed_dynamic,6.557154939381723,3.0499936079927075,True,False,True,static_fusion,26,6.5,2.5,0.5113450849103165,raw
52,s4_mixed_dynamic,6.7452470995562726,2.868494108966797,True,False,True,wifi_only,7,7.5,0.5,0.6569706548096003,raw
52,s4_mixed_dynamic,6.7452470995562726,2.868494108966797,True,False,True,vlp_only,26,6.5,2.5,0.9999999999010002,raw
52,s4_mixed_dynamic,6.7452470995562726,2.868494108966797,True,False,True,static_fusion,26,6.5,2.5,0.5001174607660884,raw
53,s4_mixed_dynamic,6.89633119872926,2.646701910339533,True,False,True,wifi_only,4,4.5,0.5,0.4125891186599851,raw
53,s4_mixed_dynamic,6.89633119872926,2.646701910339533,True,False,True,vlp_only,26,6.5,2.5,0.9999999999010002,raw
53,s4_mixed_dynamic,6.89633119872926,2.646701910339533,True,False,True,static_fusion,26,6.5,2.5,0.5004234967675499,raw
54,s4_mixed_dynamic,7.093839490462012,2.230395250989873,True,False,True,wifi_only,15,5.5,1.5,0.2722415484937049,raw
54,s4_mixed_dynamic,7.093839490462012,2.230395250989873,True,False,True,vlp_only,27,7.5,2.5,0.9783558975125582,raw
54,s4_mixed_dynamic,7.093839490462012,2.230395250989873,True,False,True,static_fusion,27,7.5,2.5,0.49067554315175604,raw
55,s4_mixed_dynamic,7.327799421114381,2.083866639869165,True,False,True,wifi_only,18,8.5,1.5,0.759291968203511,raw
55,s4_mixed_dynamic,7.327799421114381,2.083866639869165,True,False,True,vlp_only,27,7.5,2.5,0.9950914901362765,raw
55,s4_mixed_dynamic,7.327799421114381,2.083866639869165,True,False,True,static_fusion,27,7.5,2.5,0.49754574506863836,raw
56,s4_mixed_dynamic,7.4404788553418495,2.0885416935474934,True,False,True,wifi_only,22,2.5,2.5,0.22039468385800062,raw
56,s4_mixed_dynamic,7.4404788553418495,2.0885416935474934,True,False,True,vlp_only,17,7.5,1.5,0.96828906803816,raw
56,s4_mixed_dynamic,7.4404788553418495,2.0885416935474934,True,False,True,static_fusion,17,7.5,1.5,0.4841445340195799,raw
57,s4_mixed_dynamic,7.579211275373233,2.0714456103345764,True,False,True,wifi_only,18,8.5,1.5,0.49642448851319104,raw
57,s4_mixed_dynamic,7.579211275373233,2.0714456103345764,True,False,True,vlp_only,17,7.5,1.5,0.9977280721508264,raw
57,s4_mixed_dynamic,7.579211275373233,2.0714456103345764,True,False,True,static_fusion,17,7.5,1.5,0.4988640457981675,raw
58,s4_mixed_dynamic,7.844337613028887,1.6670430401807117,True,False,True,wifi_only,5,5.5,0.5,0.5495092271576129,raw
58,s4_mixed_dynamic,7.844337613028887,1.6670430401807117,True,False,True,vlp_only,17,7.5,1.5,0.9999978391094807,raw
58,s4_mixed_dynamic,7.844337613028887,1.6670430401807117,True,False,True,static_fusion,17,7.5,1.5,0.500006816980637,raw
59,s4_mixed_dynamic,7.979950544975631,1.4630004361001532,True,False,True,wifi_only,9,9.5,0.5,0.5631642976405145,raw
59,s4_mixed_dynamic,7.979950544975631,1.4630004361001532,True,False,True,vlp_only,18,8.5,1.5,0.999275041468555,raw
59,s4_mixed_dynamic,7.979950544975631,1.4630004361001532,True,False,True,static_fusion,18,8.5,1.5,0.5228070674078863,raw
60,s4_mixed_dynamic,8.127206923732981,1.3162437323059886,False,False,True,wifi_only,8,8.5,0.5,0.49659647115621375,raw
60,s4_mixed_dynamic,8.127206923732981,1.3162437323059886,False,False,True,vlp_only,18,8.5,1.5,0.9709643475191513,raw
60,s4_mixed_dynamic,8.127206923732981,1.3162437323059886,False,False,True,static_fusion,18,8.5,1.5,0.6292356872696525,raw
61,s4_mixed_dynamic,8.189098931075993,1.1020139318013231,False,False,True,wifi_only,29,9.5,2.5,0.4409311905537159,raw
61,s4_mixed_dynamic,8.189098931075993,1.1020139318013231,False,False,True,vlp_only,18,8.5,1.5,0.9998850509213025,raw
61,s4_mixed_dynamic,8.189098931075993,1.1020139318013231,False,False,True,static_fusion,18,8.5,1.5,0.5238690724530936,raw
62,s4_mixed_dynamic,8.244559866287215,0.9834290739202508,False,False,True,wifi_only,8,8.5,0.5,0.2727482667937822,raw
62,s4_mixed_dynamic,8.244559866287215,0.9834290739202508,False,False,True,vlp_only,18,8.5,1.5,0.9990833771935466,raw
62,s4_mixed_dynamic,8.244559866287215,0.9834290739202508,False,False,True,static_fusion,18,8.5,1.5,0.62745431128373,raw
63,s4_mixed_dynamic,8.469449233099015,0.5380851752887181,False,False,True,wifi_only,18,8.5,1.5,0.31546613976500515,raw
63,s4_mixed_dynamic,8.469449233099015,0.5380851752887181,False,False,True,vlp_only,8,8.5,0.5,0.9998105821594144,raw
63,s4_mixed_dynamic,8.469449233099015,0.5380851752887181,False,False,True,static_fusion,8,8.5,0.5,0.6382672720692677,raw
64,s4_mixed_dynamic,8.61129496830597,0.2850740111733432,False,False,True,wifi_only,19,9.5,1.5,0.34732908880944513,raw
64,s4_mixed_dynamic,8.61129496830597,0.2850740111733432,False,False,True,vlp_only,8,8.5,0.5,0.9999979712372928,raw
64,s4_mixed_dynamic,8.61129496830597,0.2850740111733432,False,False,True,static_fusion,8,8.5,0.5,0.5836283084975651,raw
65,s4_mixed_dynamic,8.649656672908945,0.1829723899998202,False,True,True,wifi_only,28,8.5,2.5,0.22582083662280095,raw
65,s4_mixed_dynamic,8.649656672908945,0.1829723899998202,False,True,True,vlp_only,9,9.5,0.5,0.9999999999010003,raw
65,s4_mixed_dynamic,8.649656672908945,0.1829723899998202,False,True,True,static_fusion,9,9.5,0.5,0.5237787466670278,raw
66,s4_mixed_dynamic,8.433510539178341,0.5984305923139432,False,True,True,wifi_only,8,8.5,0.5,0.28622135615694677,raw
66,s4_mixed_dynamic,8.433510539178341,0.5984305923139432,False,True,True,vlp_only,8,8.5,0.5,0.9999999998669818,raw
66,s4_mixed_dynamic,8.433510539178341,0.5984305923139432,False,True,True,static_fusion,8,8.5,0.5,0.6431106780119642,raw
67,s4_mixed_dynamic,8.390725265666473,0.8870681197350446,False,True,True,wifi_only,8,8.5,0.5,0.2620268045205669,raw
67,s4_mixed_dynamic,8.390725265666473,0.8870681197350446,False,True,True,vlp_only,19,9.5,1.5,0.9999999999010003,raw
67,s4_mixed_dynamic,8.390725265666473,0.8870681197350446,False,True,True,static_fusion,19,9.5,1.5,0.6255917003333141,raw
68,s4_mixed_dynamic,8.28586833451047,1.075450447649671,False,True,True,wifi_only,19,9.5,1.5,0.32603550623352756,raw
68,s4_mixed_dynamic,8.28586833451047,1.075450447649671,False,True,True,vlp_only,18,8.5,1.5,0.999999999897708,raw
68,s4_mixed_dynamic,8.28586833451047,1.075450447649671,False,True,True,static_fusion,18,8.5,1.5,0.6076752813835166,raw
69,s4_mixed_dynamic,8.00771188370768,1.2586421068158191,False,True,True,wifi_only,29,9.5,2.5,0.3400882289558691,raw
69,s4_mixed_dynamic,8.00771188370768,1.2586421068158191,False,True,True,vlp_only,18,8.5,1.5,0.999936209339825,raw
69,s4_mixed_dynamic,8.00771188370768,1.2586421068158191,False,True,True,static_fusion,18,8.5,1.5,0.5222534756889238,raw
70,s4_mixed_dynamic,7.876253087162693,1.4325757096206515,False,True,True,wifi_only,8,8.5,0.5,0.4780574333382526,raw
70,s4_mixed_dynamic,7.876253087162693,1.4325757096206515,False,True,True,vlp_only,18,8.5,1.5,0.9797182836767347,raw
70,s4_mixed_dynamic,7.876253087162693,1.4325757096206515,False,True,True,static_fusion,18,8.5,1.5,0.6268011149233182,raw
71,s4_mixed_dynamic,7.764584357169141,1.783515740895847,False,True,True,wifi_only,17,7.5,1.5,0.3915897851939612,raw
71,s4_mixed_dynamic,7.764584357169141,1.783515740895847,False,True,True,vlp_only,18,8.5,1.5,0.8631782582784484,raw
71,s4_mixed_dynamic,7.764584357169141,1.783515740895847,False,True,True,static_fusion,18,8.5,1.5,0.43884356654722917,raw
72,s4_mixed_dynamic,7.724461665749093,1.919199890822522,False,True,True,wifi_only,29,9.5,2.5,0.19989555019649033,raw
72,s4_mixed_dynamic,7.724461665749093,1.919199890822522,False,True,True,vlp_only,17,7.5,1.5,0.9999999997800026,raw
72,s4_mixed_dynamic,7.724461665749093,1.919199890822522,False,True,True,static_fusion,17,7.5,1.5,0.5813627449188019,raw
73,s4_mixed_dynamic,7.434410446855592,2.196460502510213,False,True,True,wifi_only,17,7.5,1.5,0.2566075880422978,raw
73,s4_mixed_dynamic,7.434410446855592,2.196460502510213,False,True,True,vlp_only,17,7.5,1.5,0.9999999998889013,raw
73,s4_mixed_dynamic,7.434410446855592,2.196460502510213,False,True,True,static_fusion,17,7.5,1.5,0.6283037939655994,raw
74,s4_mixed_dynamic,7.329501734941545,2.341512908882469,False,False,True,wifi_only,39,9.5,3.5,0.44148642145396183,raw
74,s4_mixed_dynamic,7.329501734941545,2.341512908882469,False,False,True,vlp_only,27,7.5,2.5,0.9999307215329569,raw
74,s4_mixed_dynamic,7.329501734941545,2.341512908882469,False,False,True,static_fusion,27,7.5,2.5,0.5264761791488144,raw
75,s4_mixed_dynamic,7.071931175766185,2.639246667376174,False,False,True,wifi_only,26,6.5,2.5,0.21970248609530776,raw
75,s4_mixed_dynamic,7.071931175766185,2.639246667376174,False,False,True,vlp_only,27,7.5,2.5,0.9999999999010002,raw
75,s4_mixed_dynamic,7.071931175766185,2.639246667376174,False,False,True,static_fusion,27,7.5,2.5,0.5673037796115712,raw
76,s4_mixed_dynamic,6.978026390337671,2.8586906033898587,False,False,True,wifi_only,16,6.5,1.5,0.3007797368300048,raw
76,s4_mixed_dynamic,6.978026390337671,2.8586906033898587,False,False,True,vlp_only,26,6.5,2.5,0.9999999999010002,raw
76,s4_mixed_dynamic,6.978026390337671,2.8586906033898587,False,False,True,static_fusion,26,6.5,2.5,0.5454533566509948,raw
77,s4_mixed_dynamic,7.056281076272732,3.07562739707137,False,False,True,wifi_only,26,6.5,2.5,0.19922722375643395,raw
77,s4_mixed_dynamic,7.056281076272732,3.07562739707137,False,False,True,vlp_only,37,7.5,3.5,0.9999999999010002,raw
77,s4_mixed_dynamic,7.056281076272732,3.07562739707137,False,False,True,static_fusion,37,7.5,3.5,0.589253179865687,raw
78,s4_mixed_dynamic,6.986478911581751,3.499417790512807,False,False,True,wifi_only,38,8.5,3.5,0.21151246283933922,raw
78,s4_mixed_dynamic,6.986478911581751,3.499417790512807,False,False,True,vlp_only,37,7.5,3.5,0.9999999999010002,raw
78,s4_mixed_dynamic,6.986478911581751,3.499417790512807,False,False,True,static_fusion,37,7.5,3.5,0.5903117982463763,raw
79,s4_mixed_dynamic,7.059635179641974,3.643912026483358,False,False,True,wifi_only,26,6.5,2.5,0.19556778160715546,raw
79,s4_mixed_dynamic,7.059635179641974,3.643912026483358,False,False,True,vlp_only,36,6.5,3.5,0.9999999999010002,raw
79,s4_mixed_dynamic,7.059635179641974,3.643912026483358,False,False,True,static_fusion,36,6.5,3.5,0.5846911238849626,raw
80,s4_mixed_dynamic,7.111230980212548,3.866216527347812,True,False,True,wifi_only,5,5.5,0.5,0.407540628766972,raw
80,s4_mixed_dynamic,7.111230980212548,3.866216527347812,True,False,True,vlp_only,36,6.5,3.5,0.9999999999010002,raw
80,s4_mixed_dynamic,7.111230980212548,3.866216527347812,True,False,True,static_fusion,36,6.5,3.5,0.5054645968226923,raw
81,s4_mixed_dynamic,7.093666462300226,4.151666727840037,True,False,True,wifi_only,57,7.5,5.5,0.17115551797137932,raw
81,s4_mixed_dynamic,7.093666462300226,4.151666727840037,True,False,True,vlp_only,47,7.5,4.5,0.9999999999010002,raw
81,s4_mixed_dynamic,7.093666462300226,4.151666727840037,True,False,True,static_fusion,47,7.5,4.5,0.5240241224795192,raw
82,s4_mixed_dynamic,7.179940304559092,4.40982120831966,True,False,True,wifi_only,79,9.5,7.5,0.25018456491850355,raw
82,s4_mixed_dynamic,7.179940304559092,4.40982120831966,True,False,True,vlp_only,47,7.5,4.5,0.9999999999010002,raw
82,s4_mixed_dynamic,7.179940304559092,4.40982120831966,True,False,True,static_fusion,47,7.5,4.5,0.5001604371201542,raw
83,s4_mixed_dynamic,7.389306456175779,4.728806808316636,True,False,True,wifi_only,49,9.5,4.5,0.26607174609974976,raw
83,s4_mixed_dynamic,7.389306456175779,4.728806808316636,True,False,True,vlp_only,47,7.5,4.5,0.9999999998245422,raw
83,s4_mixed_dynamic,7.389306456175779,4.728806808316636,True,False,True,static_fusion,47,7.5,4.5,0.5181528607386054,raw
84,s4_mixed_dynamic,7.471099094223947,5.062300262899215,True,False,True,wifi_only,26,6.5,2.5,0.2137853488345655,raw
84,s4_mixed_dynamic,7.471099094223947,5.062300262899215,True,False,True,vlp_only,59,9.5,5.5,0.9995165127556588,raw
84,s4_mixed_dynamic,7.471099094223947,5.062300262899215,True,False,True,static_fusion,59,9.5,5.5,0.4997990610905206,raw
85,s4_mixed_dynamic,7.639476103338564,5.452330212055501,True,False,True,wifi_only,79,9.5,7.5,0.16009037296393863,raw
85,s4_mixed_dynamic,7.639476103338564,5.452330212055501,True,False,True,vlp_only,57,7.5,5.5,0.9999999998822628,raw
85,s4_mixed_dynamic,7.639476103338564,5.452330212055501,True,False,True,static_fusion,57,7.5,5.5,0.5224685793145165,raw
86,s4_mixed_dynamic,7.590210281547375,5.578300437724326,True,False,True,wifi_only,59,9.5,5.5,0.2880498682706119,raw
86,s4_mixed_dynamic,7.590210281547375,5.578300437724326,True,False,True,vlp_only,57,7.5,5.5,0.9999998939496223,raw
86,s4_mixed_dynamic,7.590210281547375,5.578300437724326,True,False,True,static_fusion,57,7.5,5.5,0.5000041807691037,raw
87,s4_mixed_dynamic,7.462795792010998,5.791477714093946,True,False,True,wifi_only,88,8.5,8.5,0.09930876580101637,raw
87,s4_mixed_dynamic,7.462795792010998,5.791477714093946,True,False,True,vlp_only,57,7.5,5.5,0.9999999999010002,raw
87,s4_mixed_dynamic,7.462795792010998,5.791477714093946,True,False,True,static_fusion,57,7.5,5.5,0.5039102212306759,raw
88,s4_mixed_dynamic,7.440607753073426,5.980848219358611,True,False,True,wifi_only,93,3.5,9.5,0.41058892109256495,raw
88,s4_mixed_dynamic,7.440607753073426,5.980848219358611,True,False,True,vlp_only,66,6.5,6.5,0.9999999998828465,raw
88,s4_mixed_dynamic,7.440607753073426,5.980848219358611,True,False,True,static_fusion,66,6.5,6.5,0.5000000093206607,raw
89,s4_mixed_dynamic,7.440906125309533,6.113793031097752,True,False,True,wifi_only,69,9.5,6.5,0.2791401127892372,raw
89,s4_mixed_dynamic,7.440906125309533,6.113793031097752,True,False,True,vlp_only,66,6.5,6.5,0.9999999999010001,raw
89,s4_mixed_dynamic,7.440906125309533,6.113793031097752,True,False,True,static_fusion,66,6.5,6.5,0.5000236465658296,raw
90,s4_mixed_dynamic,7.279806471044582,6.464561962588011,True,False,True,wifi_only,40,0.5,4.5,0.31360757376714754,raw
90,s4_mixed_dynamic,7.279806471044582,6.464561962588011,True,False,True,vlp_only,67,7.5,6.5,0.9999999999010001,raw
90,s4_mixed_dynamic,7.279806471044582,6.464561962588011,True,False,True,static_fusion,67,7.5,6.5,0.5000000000393601,raw
91,s4_mixed_dynamic,7.195775699002211,6.545903417221667,True,False,True,wifi_only,51,1.5,5.5,0.15158137817247203,raw
91,s4_mixed_dynamic,7.195775699002211,6.545903417221667,True,False,True,vlp_only,67,7.5,6.5,0.9999999999010001,raw
91,s4_mixed_dynamic,7.195775699002211,6.545903417221667,True,False,True,static_fusion,67,7.5,6.5,0.5000965709506476,raw
92,s4_mixed_dynamic,7.071679731335141,6.664553875446808,True,False,True,wifi_only,99,9.5,9.5,0.31118900892736007,raw
92,s4_mixed_dynamic,7.071679731335141,6.664553875446808,True,False,True,vlp_only,67,7.5,6.5,0.9999999999010001,raw
92,s4_mixed_dynamic,7.071679731335141,6.664553875446808,True,False,True,static_fusion,67,7.5,6.5,0.5005667474282643,raw
93,s4_mixed_dynamic,6.88601961932652,6.885266262387327,False,False,True,wifi_only,76,6.5,7.5,0.27863478843072953,raw
93,s4_mixed_dynamic,6.88601961932652,6.885266262387327,False,False,True,vlp_only,67,7.5,6.5,0.9998656371794147,raw
93,s4_mixed_dynamic,6.88601961932652,6.885266262387327,False,False,True,static_fusion,67,7.5,6.5,0.5068342001477609,raw
94,s4_mixed_dynamic,6.836265376227635,7.09347815473235,False,False,True,wifi_only,77,7.5,7.5,0.10382227444624398,raw
94,s4_mixed_dynamic,6.836265376227635,7.09347815473235,False,False,True,vlp_only,76,6.5,7.5,0.9999999999010001,raw
94,s4_mixed_dynamic,6.836265376227635,7.09347815473235,False,False,True,static_fusion,76,6.5,7.5,0.5252745249648993,raw
95,s4_mixed_dynamic,6.749970613133377,7.2047970050942345,False,False,True,wifi_only,77,7.5,7.5,0.15621090718353023,raw
95,s4_mixed_dynamic,6.749970613133377,7.2047970050942345,False,False,True,vlp_only,76,6.5,7.5,0.9999999999010001,raw
95,s4_mixed_dynamic,6.749970613133377,7.2047970050942345,False,False,True,static_fusion,76,6.5,7.5,0.5305047596201355,raw
96,s4_mixed_dynamic,6.520102407663193,7.416654680272662,False,False,True,wifi_only,87,7.5,8.5,0.23166028608169004,raw
96,s4_mixed_dynamic,6.520102407663193,7.416654680272662,False,False,True,vlp_only,76,6.5,7.5,0.9999999999010001,raw
96,s4_mixed_dynamic,6.520102407663193,7.416654680272662,False,False,True,static_fusion,76,6.5,7.5,0.5590064315816876,raw
97,s4_mixed_dynamic,6.235078071420909,7.80527981884087,False,False,True,wifi_only,86,6.5,8.5,0.1816102341153142,raw
97,s4_mixed_dynamic,6.235078071420909,7.80527981884087,False,False,True,vlp_only,86,6.5,8.5,0.9703656507384097,raw
97,s4_mixed_dynamic,6.235078071420909,7.80527981884087,False,False,True,static_fusion,86,6.5,8.5,0.575987942426862,raw
98,s4_mixed_dynamic,5.98823397903378,7.93574951314563,False,False,True,wifi_only,74,4.5,7.5,0.2206892171772523,raw
98,s4_mixed_dynamic,5.98823397903378,7.93574951314563,False,False,True,vlp_only,96,6.5,9.5,0.9999999999010001,raw
98,s4_mixed_dynamic,5.98823397903378,7.93574951314563,False,False,True,static_fusion,96,6.5,9.5,0.5160798542008361,raw
99,s4_mixed_dynamic,5.822657938153183,7.968265377624689,False,False,True,wifi_only,83,3.5,8.5,0.22077617922671616,raw
99,s4_mixed_dynamic,5.822657938153183,7.968265377624689,False,False,True,vlp_only,96,6.5,9.5,0.999999993482197,raw
99,s4_mixed_dynamic,5.822657938153183,7.968265377624689,False,False,True,static_fusion,96,6.5,9.5,0.5510666298341969,raw
0,s4_mixed_dynamic,8.548260044884431,3.875368266732585,False,False,True,wifi_only,39,9.5,3.5,0.21328416950968565,moving_average
0,s4_mixed_dynamic,8.548260044884431,3.875368266732585,False,False,True,vlp_only,39,9.5,3.5,0.9999999999010002,moving_average
0,s4_mixed_dynamic,8.548260044884431,3.875368266732585,False,False,True,static_fusion,39,9.5,3.5,0.6066420847053428,moving_average
1,s4_mixed_dynamic,8.648647791547123,3.682160416153107,False,False,True,wifi_only,38,8.5,3.5,0.22457968978589615,moving_average
1,s4_mixed_dynamic,8.648647791547123,3.682160416153107,False,False,True,vlp_only,39,9.5,3.5,0.9999999999010002,moving_average
1,s4_mixed_dynamic,8.648647791547123,3.682160416153107,False,False,True,static_fusion,39,9.5,3.5,0.572611418326786,moving_average
2,s4_mixed_dynamic,8.904314502785434,3.314602216855924,False,False,True,wifi_only,38,8.5,3.5,0.22291137545613568,moving_average
2,s4_mixed_dynamic,8.904314502785434,3.314602216855924,False,False,True,vlp_only,38,8.5,3.5,0.9999999999010002,moving_average
2,s4_mixed_dynamic,8.904314502785434,3.314602216855924,False,False,True,static_fusion,38,8.5,3.5,0.611455687678568,moving_average
3,s4_mixed_dynamic,9.310389003930128,3.04167485894367,False,False,True,wifi_only,38,8.5,3.5,0.23830188299298716,moving_average
3,s4_mixed_dynamic,9.310389003930128,3.04167485894367,False,False,True,vlp_only,38,8.5,3.5,0.9999999999010002,moving_average
3,s4_mixed_dynamic,9.310389003930128,3.04167485894367,False,False,True,static_fusion,38,8.5,3.5,0.6191509414469937,moving_average
4,s4_mixed_dynamic,9.706838327803332,2.8964874698404373,False,False,True,wifi_only,38,8.5,3.5,0.22424879333683048,moving_average
4,s4_mixed_dynamic,9.706838327803332,2.8964874698404373,False,False,True,vlp_only,38,8.5,3.5,0.9999999999010002,moving_average
4,s4_mixed_dynamic,9.706838327803332,2.8964874698404373,False,False,True,static_fusion,38,8.5,3.5,0.6121243966189154,moving_average
5,s4_mixed_dynamic,9.41844096729231,2.900422758078939,False,False,True,wifi_only,27,7.5,2.5,0.23132513735619442,moving_average
5,s4_mixed_dynamic,9.41844096729231,2.900422758078939,False,False,True,vlp_only,38,8.5,3.5,0.9994330858143313,moving_average
5,s4_mixed_dynamic,9.41844096729231,2.900422758078939,False,False,True,static_fusion,38,8.5,3.5,0.5498936416249158,moving_average
6,s4_mixed_dynamic,8.964378339140287,2.9597287260816096,False,False,True,wifi_only,28,8.5,2.5,0.21790443903835005,moving_average
6,s4_mixed_dynamic,8.964378339140287,2.9597287260816096,False,False,True,vlp_only,29,9.5,2.5,0.9999999998744342,moving_average
6,s4_mixed_dynamic,8.964378339140287,2.9597287260816096,False,False,True,static_fusion,29,9.5,2.5,0.597086574454279,moving_average
7,s4_mixed_dynamic,8.774353844140126,3.131454780222936,False,False,True,wifi_only,28,8.5,2.5,0.2315212618815495,moving_average
7,s4_mixed_dynamic,8.774353844140126,3.131454780222936,False,False,True,vlp_only,29,9.5,2.5,0.9999999999010002,moving_average
7,s4_mixed_dynamic,8.774353844140126,3.131454780222936,False,False,True,static_fusion,29,9.5,2.5,0.6147417817742619,moving_average
8,s4_mixed_dynamic,8.418152736801511,3.188810020474088,False,False,True,wifi_only,28,8.5,2.5,0.20100202115046684,moving_average
8,s4_mixed_dynamic,8.418152736801511,3.188810020474088,False,False,True,vlp_only,29,9.5,2.5,0.9999999983141918,moving_average
8,s4_mixed_dynamic,8.418152736801511,3.188810020474088,False,False,True,static_fusion,29,9.5,2.5,0.5989446227702483,moving_average
9,s4_mixed_dynamic,8.165062128503568,3.3554638975618585,False,False,True,wifi_only,29,9.5,2.5,0.22311093455491451,moving_average
9,s4_mixed_dynamic,8.165062128503568,3.3554638975618585,False,False,True,vlp_only,38,8.5,3.5,0.9999961748723507,moving_average
9,s4_mixed_dynamic,8.165062128503568,3.3554638975618585,False,False,True,static_fusion,38,8.5,3.5,0.5552433421784747,moving_average
10,s4_mixed_dynamic,8.047852018915972,3.3896047138916883,True,False,True,wifi_only,39,9.5,3.5,0.3286182186961479,moving_average
10,s4_mixed_dynamic,8.047852018915972,3.3896047138916883,True,False,True,vlp_only,38,8.5,3.5,0.999999999900208,moving_average
10,s4_mixed_dynamic,8.047852018915972,3.3896047138916883,True,False,True,static_fusion,38,8.5,3.5,0.5523695437485718,moving_average
11,s4_mixed_dynamic,7.628992597812742,3.5120336380508936,True,False,True,wifi_only,39,9.5,3.5,0.4175931488427838,moving_average
11,s4_mixed_dynamic,7.628992597812742,3.5120336380508936,True,False,True,vlp_only,38,8.5,3.5,0.9999984718285314,moving_average
11,s4_mixed_dynamic,7.628992597812742,3.5120336380508936,True,False,True,static_fusion,38,8.5,3.5,0.6079428813785244,moving_average
12,s4_mixed_dynamic,7.264240580596287,3.551955010215912,True,False,True,wifi_only,39,9.5,3.5,0.46212101105404124,moving_average
12,s4_mixed_dynamic,7.264240580596287,3.551955010215912,True,False,True,vlp_only,37,7.5,3.5,0.8248961601516384,moving_average
12,s4_mixed_dynamic,7.264240580596287,3.551955010215912,True,False,True,static_fusion,37,7.5,3.5,0.43544654308584957,moving_average
13,s4_mixed_dynamic,6.807654944686304,3.3798711617406227,True,False,True,wifi_only,39,9.5,3.5,0.27037187065773044,moving_average
13,s4_mixed_dynamic,6.807654944686304,3.3798711617406227,True,False,True,vlp_only,37,7.5,3.5,0.9999999980811031,moving_average
13,s4_mixed_dynamic,6.807654944686304,3.3798711617406227,True,False,True,static_fusion,37,7.5,3.5,0.5443819214414043,moving_average
14,s4_mixed_dynamic,6.644376635151973,3.2678225998295574,True,False,True,wifi_only,6,6.5,0.5,0.3620547929011636,moving_average
14,s4_mixed_dynamic,6.644376635151973,3.2678225998295574,True,False,True,vlp_only,37,7.5,3.5,0.9999999999010002,moving_average
14,s4_mixed_dynamic,6.644376635151973,3.2678225998295574,True,False,True,static_fusion,37,7.5,3.5,0.5168727614722447,moving_average
15,s4_mixed_dynamic,6.164360277507891,3.220123101722137,True,False,True,wifi_only,26,6.5,2.5,0.14078150981625012,moving_average
15,s4_mixed_dynamic,6.164360277507891,3.220123101722137,True,False,True,vlp_only,37,7.5,3.5,0.999999999204414,moving_average
15,s4_mixed_dynamic,6.164360277507891,3.220123101722137,True,False,True,static_fusion,37,7.5,3.5,0.568004658949517,moving_average
16,s4_mixed_dynamic,5.921670782647944,3.170353913208966,True,False,True,wifi_only,6,6.5,0.5,0.15492118593552512,moving_average
16,s4_mixed_dynamic,5.921670782647944,3.170353913208966,True,False,True,vlp_only,36,6.5,3.5,0.9999999999010002,moving_average
16,s4_mixed_dynamic,5.921670782647944,3.170353913208966,True,False,True,static_fusion,36,6.5,3.5,0.5240705456857879,moving_average
17,s4_mixed_dynamic,5.679154300480839,2.9818995639648525,True,False,True,wifi_only,15,5.5,1.5,0.19229465035560808,moving_average
17,s4_mixed_dynamic,5.679154300480839,2.9818995639648525,True,False,True,vlp_only,36,6.5,3.5,0.9999999999010002,moving_average
17,s4_mixed_dynamic,5.679154300480839,2.9818995639648525,True,False,True,static_fusion,36,6.5,3.5,0.5223567450632196,moving_average
18,s4_mixed_dynamic,5.40719635144305,2.708371836226452,True,False,True,wifi_only,26,6.5,2.5,0.18311860962909599,moving_average
18,s4_mixed_dynamic,5.40719635144305,2.708371836226452,True,False,True,vlp_only,36,6.5,3.5,0.9999891192552518,moving_average
18,s4_mixed_dynamic,5.40719635144305,2.708371836226452,True,False,True,static_fusion,36,6.5,3.5,0.5856463718510266,moving_average
19,s4_mixed_dynamic,5.231798982702207,2.4839699101632213,True,False,True,wifi_only,36,6.5,3.5,0.20274866237449862,moving_average
19,s4_mixed_dynamic,5.231798982702207,2.4839699101632213,True,False,True,vlp_only,25,5.5,2.5,0.9999999999010002,moving_average
19,s4_mixed_dynamic,5.231798982702207,2.4839699101632213,True,False,True,static_fusion,25,5.5,2.5,0.5348518743277808,moving_average
20,s4_mixed_dynamic,5.28923634607891,2.192766390499288,False,False,True,wifi_only,35,5.5,3.5,0.18364106112675574,moving_average
20,s4_mixed_dynamic,5.28923634607891,2.192766390499288,False,False,True,vlp_only,25,5.5,2.5,0.9999999999010002,moving_average
20,s4_mixed_dynamic,5.28923634607891,2.192766390499288,False,False,True,static_fusion,25,5.5,2.5,0.5854118216327474,moving_average
21,s4_mixed_dynamic,5.38054459804343,2.090291333531373,False,False,True,wifi_only,35,5.5,3.5,0.17968907068358345,moving_average
21,s4_mixed_dynamic,5.38054459804343,2.090291333531373,False,False,True,vlp_only,25,5.5,2.5,0.9999999998269354,moving_average
21,s4_mixed_dynamic,5.38054459804343,2.090291333531373,False,False,True,static_fusion,25,5.5,2.5,0.5813760901780944,moving_average
22,s4_mixed_dynamic,5.395660287878729,1.904575277898607,False,False,True,wifi_only,35,5.5,3.5,0.17752257771459115,moving_average
22,s4_mixed_dynamic,5.395660287878729,1.904575277898607,False,False,True,vlp_only,25,5.5,2.5,0.9999661382648817,moving_average
22,s4_mixed_dynamic,5.395660287878729,1.904575277898607,False,False,True,static_fusion,25,5.5,2.5,0.5683939931314445,moving_average
23,s4_mixed_dynamic,5.346981386445022,1.7399481748937806,False,False,True,wifi_only,5,5.5,0.5,0.1828883042803002,moving_average
23,s4_mixed_dynamic,5.346981386445022,1.7399481748937806,False,False,True,vlp_only,15,5.5,1.5,0.9652536940748133,moving_average
23,s4_mixed_dynamic,5.346981386445022,1.7399481748937806,False,False,True,static_fusion,15,5.5,1.5,0.5712817409311527,moving_average
24,s4_mixed_dynamic,5.356397214861652,1.3990305548570758,False,False,True,wifi_only,25,5.5,2.5,0.1641390604661207,moving_average
24,s4_mixed_dynamic,5.356397214861652,1.3990305548570758,False,False,True,vlp_only,15,5.5,1.5,0.9999774262693576,moving_average
24,s4_mixed_dynamic,5.356397214861652,1.3990305548570758,False,False,True,static_fusion,15,5.5,1.5,0.5717355789732763,moving_average
25,s4_mixed_dynamic,5.55511192506875,1.1971395250192285,False,True,True,wifi_only,4,4.5,0.5,0.1797575116193066,moving_average
25,s4_mixed_dynamic,5.55511192506875,1.1971395250192285,False,True,True,vlp_only,15,5.5,1.5,0.9999999999010003,moving_average
25,s4_mixed_dynamic,5.55511192506875,1.1971395250192285,False,True,True,static_fusion,15,5.5,1.5,0.566928157245729,moving_average
26,s4_mixed_dynamic,5.644488914276651,1.1264421585125568,False,True,True,wifi_only,5,5.5,0.5,0.22086643341640103,moving_average
26,s4_mixed_dynamic,5.644488914276651,1.1264421585125568,False,True,True,vlp_only,5,5.5,0.5,0.9999999999010003,moving_average
26,s4_mixed_dynamic,5.644488914276651,1.1264421585125568,False,True,True,static_fusion,5,5.5,0.5,0.6104332166587007,moving_average
27,s4_mixed_dynamic,5.99191614365339,0.7779056103368667,False,True,True,wifi_only,5,5.5,0.5,0.2920646375577897,moving_average
27,s4_mixed_dynamic,5.99191614365339,0.7779056103368667,False,True,True,vlp_only,5,5.5,0.5,0.9999999999010003,moving_average
27,s4_mixed_dynamic,5.99191614365339,0.7779056103368667,False,True,True,static_fusion,5,5.5,0.5,0.6460323187293949,moving_average
28,s4_mixed_dynamic,6.3719359824611015,0.5133126785859624,False,True,True,wifi_only,5,5.5,0.5,0.22033359854829684,moving_average
28,s4_mixed_dynamic,6.3719359824611015,0.5133126785859624,False,True,True,vlp_only,5,5.5,0.5,0.9999999999010003,moving_average
28,s4_mixed_dynamic,6.3719359824611015,0.5133126785859624,False,True,True,static_fusion,5,5.5,0.5,0.6101667992246484,moving_average
29,s4_mixed_dynamic,6.642725720701172,0.2610300095402053,False,True,True,wifi_only,6,6.5,0.5,0.24184498929493842,moving_average
29,s4_mixed_dynamic,6.642725720701172,0.2610300095402053,False,True,True,vlp_only,5,5.5,0.5,0.9999999999010003,moving_average
29,s4_mixed_dynamic,6.642725720701172,0.2610300095402053,False,True,True,static_fusion,5,5.5,0.5,0.5820922253981996,moving_average
30,s4_mixed_dynamic,6.746242668239441,0.1917048919949815,False,True,True,wifi_only,16,6.5,1.5,0.2784761283191604,moving_average
30,s4_mixed_dynamic,6.746242668239441,0.1917048919949815,False,True,True,vlp_only,5,5.5,0.5,0.9999999999010003,moving_average
30,s4_mixed_dynamic,6.746242668239441,0.1917048919949815,False,True,True,static_fusion,5,5.5,0.5,0.5127769249704313,moving_average
31,s4_mixed_dynamic,6.356442515941112,0.4369455288091974,False,True,True,wifi_only,16,6.5,1.5,0.24847902472590686,moving_average
31,s4_mixed_dynamic,6.356442515941112,0.4369455288091974,False,True,True,vlp_only,9,9.5,0.5,0.9999999999010003,moving_average
31,s4_mixed_dynamic,6.356442515941112,0.4369455288091974,False,True,True,static_fusion,9,9.5,0.5,0.5000000032870453,moving_average
32,s4_mixed_dynamic,6.090439232524188,0.6864641265250186,False,True,True,wifi_only,16,6.5,1.5,0.27445698040620903,moving_average
32,s4_mixed_dynamic,6.090439232524188,0.6864641265250186,False,True,True,vlp_only,6,6.5,0.5,0.9999999999010003,moving_average
32,s4_mixed_dynamic,6.090439232524188,0.6864641265250186,False,True,True,static_fusion,6,6.5,0.5,0.6149659693635992,moving_average
33,s4_mixed_dynamic,5.949226125977861,0.8518939098654703,False,True,True,wifi_only,16,6.5,1.5,0.25251022354450464,moving_average
33,s4_mixed_dynamic,5.949226125977861,0.8518939098654703,False,True,True,vlp_only,6,6.5,0.5,0.9999999999010003,moving_average
33,s4_mixed_dynamic,5.949226125977861,0.8518939098654703,False,True,True,static_fusion,6,6.5,0.5,0.6173919787055189,moving_average
34,s4_mixed_dynamic,5.8095047430555145,1.1091466717902831,False,True,True,wifi_only,16,6.5,1.5,0.2529917740134484,moving_average
34,s4_mixed_dynamic,5.8095047430555145,1.1091466717902831,False,True,True,vlp_only,5,5.5,0.5,0.9999999999010003,moving_average
34,s4_mixed_dynamic,5.8095047430555145,1.1091466717902831,False,True,True,static_fusion,5,5.5,0.5,0.5202734377458322,moving_average
35,s4_mixed_dynamic,5.579978519259318,1.272432489793561,False,True,True,wifi_only,15,5.5,1.5,0.17398569846735448,moving_average
35,s4_mixed_dynamic,5.579978519259318,1.272432489793561,False,True,True,vlp_only,5,5.5,0.5,0.9999999999010003,moving_average
35,s4_mixed_dynamic,5.579978519259318,1.272432489793561,False,True,True,static_fusion,5,5.5,0.5,0.5813757362063829,moving_average
36,s4_mixed_dynamic,5.338528190625762,1.3036592905789073,False,False,True,wifi_only,15,5.5,1.5,0.23047054726149482,moving_average
36,s4_mixed_dynamic,5.338528190625762,1.3036592905789073,False,False,True,vlp_only,5,5.5,0.5,0.9999999999010003,moving_average
36,s4_mixed_dynamic,5.338528190625762,1.3036592905789073,False,False,True,static_fusion,5,5.5,0.5,0.6141326812139553,moving_average
37,s4_mixed_dynamic,4.912072310282084,1.4157812756540196,False,False,True,wifi_only,5,5.5,0.5,0.2656323695145621,moving_average
37,s4_mixed_dynamic,4.912072310282084,1.4157812756540196,False,False,True,vlp_only,5,5.5,0.5,0.9999999999010003,moving_average
37,s4_mixed_dynamic,4.912072310282084,1.4157812756540196,False,False,True,static_fusion,5,5.5,0.5,0.6328161847077811,moving_average
38,s4_mixed_dynamic,4.826303961432351,1.586236364932186,False,False,True,wifi_only,24,4.5,2.5,0.15707647326640162,moving_average
38,s4_mixed_dynamic,4.826303961432351,1.586236364932186,False,False,True,vlp_only,15,5.5,1.5,0.9999999996264233,moving_average
38,s4_mixed_dynamic,4.826303961432351,1.586236364932186,False,False,True,static_fusion,15,5.5,1.5,0.5574600459313863,moving_average
39,s4_mixed_dynamic,4.8018178978276085,1.8759997678234683,False,False,True,wifi_only,24,4.5,2.5,0.14885764317986955,moving_average
39,s4_mixed_dynamic,4.8018178978276085,1.8759997678234683,False,False,True,vlp_only,5,5.5,0.5,0.9999937521862221,moving_average
39,s4_mixed_dynamic,4.8018178978276085,1.8759997678234683,False,False,True,static_fusion,5,5.5,0.5,0.5450059434078316,moving_average
40,s4_mixed_dynamic,4.769561461430565,2.1910721381589235,False,False,True,wifi_only,25,5.5,2.5,0.15685019494200741,moving_average
40,s4_mixed_dynamic,4.769561461430565,2.1910721381589235,False,False,True,vlp_only,14,4.5,1.5,0.7947417842405535,moving_average
40,s4_mixed_dynamic,4.769561461430565,2.1910721381589235,False,False,True,static_fusion,14,4.5,1.5,0.45189119934467653,moving_average
41,s4_mixed_dynamic,4.525918490013359,2.572296491893161,False,False,True,wifi_only,25,5.5,2.5,0.16591226184162783,moving_average
41,s4_mixed_dynamic,4.525918490013359,2.572296491893161,False,False,True,vlp_only,14,4.5,1.5,0.9971008892843181,moving_average
41,s4_mixed_dynamic,4.525918490013359,2.572296491893161,False,False,True,static_fusion,14,4.5,1.5,0.5478544219818976,moving_average
42,s4_mixed_dynamic,4.603145206950584,2.691606464543516,False,False,True,wifi_only,24,4.5,2.5,0.183114834089213,moving_average
42,s4_mixed_dynamic,4.603145206950584,2.691606464543516,False,False,True,vlp_only,24,4.5,2.5,0.9996149494902637,moving_average
42,s4_mixed_dynamic,4.603145206950584,2.691606464543516,False,False,True,static_fusion,24,4.5,2.5,0.5913648917897382,moving_average
43,s4_mixed_dynamic,4.636858519470941,2.83301729155527,False,False,True,wifi_only,24,4.5,2.5,0.19191486936409283,moving_average
43,s4_mixed_dynamic,4.636858519470941,2.83301729155527,False,False,True,vlp_only,24,4.5,2.5,0.9999999898903047,moving_average
43,s4_mixed_dynamic,4.636858519470941,2.83301729155527,False,False,True,static_fusion,24,4.5,2.5,0.5959574296271988,moving_average
44,s4_mixed_dynamic,4.734121569139968,3.1877348970907184,False,False,True,wifi_only,24,4.5,2.5,0.20519985312123312,moving_average
44,s4_mixed_dynamic,4.734121569139968,3.1877348970907184,False,False,True,vlp_only,24,4.5,2.5,0.9999999999010002,moving_average
44,s4_mixed_dynamic,4.734121569139968,3.1877348970907184,False,False,True,static_fusion,24,4.5,2.5,0.6025999265111166,moving_average
45,s4_mixed_dynamic,4.820450082367587,3.2794971977323337,True,False,True,wifi_only,35,5.5,3.5,0.1588227351055259,moving_average
45,s4_mixed_dynamic,4.820450082367587,3.2794971977323337,True,False,True,vlp_only,34,4.5,3.5,0.9999942389542107,moving_average
45,s4_mixed_dynamic,4.820450082367587,3.2794971977323337,True,False,True,static_fusion,34,4.5,3.5,0.5785829443479565,moving_average
46,s4_mixed_dynamic,5.062857013263392,3.3252726841438496,True,False,True,wifi_only,25,5.5,2.5,0.2064052918712972,moving_average
46,s4_mixed_dynamic,5.062857013263392,3.3252726841438496,True,False,True,vlp_only,34,4.5,3.5,0.9999999999010002,moving_average
46,s4_mixed_dynamic,5.062857013263392,3.3252726841438496,True,False,True,static_fusion,34,4.5,3.5,0.5217161676329416,moving_average
47,s4_mixed_dynamic,5.223527674927983,3.3636079119505795,True,False,True,wifi_only,26,6.5,2.5,0.213824458646355,moving_average
47,s4_mixed_dynamic,5.223527674927983,3.3636079119505795,True,False,True,vlp_only,34,4.5,3.5,0.9999999999010002,moving_average
47,s4_mixed_dynamic,5.223527674927983,3.3636079119505795,True,False,True,static_fusion,34,4.5,3.5,0.5009110754484463,moving_average
48,s4_mixed_dynamic,5.715643126853525,3.4347811219492,True,False,True,wifi_only,26,6.5,2.5,0.19649804779575894,moving_average
48,s4_mixed_dynamic,5.715643126853525,3.4347811219492,True,False,True,vlp_only,35,5.5,3.5,0.9999999999010002,moving_average
48,s4_mixed_dynamic,5.715643126853525,3.4347811219492,True,False,True,static_fusion,35,5.5,3.5,0.5108472577651114,moving_average
49,s4_mixed_dynamic,6.036475943181564,3.33849425496013,True,False,True,wifi_only,37,7.5,3.5,0.17968284544304228,moving_average
49,s4_mixed_dynamic,6.036475943181564,3.33849425496013,True,False,True,vlp_only,35,5.5,3.5,0.9999999999010002,moving_average
49,s4_mixed_dynamic,6.036475943181564,3.33849425496013,True,False,True,static_fusion,35,5.5,3.5,0.5063016692734053,moving_average
50,s4_mixed_dynamic,6.26597077792921,3.2310160910129526,True,False,True,wifi_only,26,6.5,2.5,0.14086319789524612,moving_average
50,s4_mixed_dynamic,6.26597077792921,3.2310160910129526,True,False,True,vlp_only,35,5.5,3.5,0.9999999429330547,moving_average
50,s4_mixed_dynamic,6.26597077792921,3.2310160910129526,True,False,True,static_fusion,35,5.5,3.5,0.501754344503053,moving_average
51,s4_mixed_dynamic,6.557154939381723,3.0499936079927075,True,False,True,wifi_only,37,7.5,3.5,0.17995818290822038,moving_average
51,s4_mixed_dynamic,6.557154939381723,3.0499936079927075,True,False,True,vlp_only,36,6.5,3.5,0.9999923062614821,moving_average
51,s4_mixed_dynamic,6.557154939381723,3.0499936079927075,True,False,True,static_fusion,36,6.5,3.5,0.5506734310660117,moving_average
52,s4_mixed_dynamic,6.7452470995562726,2.868494108966797,True,False,True,wifi_only,16,6.5,1.5,0.18413119151930177,moving_average
52,s4_mixed_dynamic,6.7452470995562726,2.868494108966797,True,False,True,vlp_only,36,6.5,3.5,0.9999999999010002,moving_average
52,s4_mixed_dynamic,6.7452470995562726,2.868494108966797,True,False,True,static_fusion,36,6.5,3.5,0.52125173869847,moving_average
53,s4_mixed_dynamic,6.89633119872926,2.646701910339533,True,False,True,wifi_only,6,6.5,0.5,0.21516229005982748,moving_average
53,s4_mixed_dynamic,6.89633119872926,2.646701910339533,True,False,True,vlp_only,26,6.5,2.5,0.9999999999010002,moving_average
53,s4_mixed_dynamic,6.89633119872926,2.646701910339533,True,False,True,static_fusion,26,6.5,2.5,0.5769238290801252,moving_average
54,s4_mixed_dynamic,7.093839490462012,2.230395250989873,True,False,True,wifi_only,16,6.5,1.5,0.2735530818938691,moving_average
54,s4_mixed_dynamic,7.093839490462012,2.230395250989873,True,False,True,vlp_only,26,6.5,2.5,0.9999999999010002,moving_average
54,s4_mixed_dynamic,7.093839490462012,2.230395250989873,True,False,True,static_fusion,26,6.5,2.5,0.5687618842310814,moving_average
55,s4_mixed_dynamic,7.327799421114381,2.083866639869165,True,False,True,wifi_only,17,7.5,1.5,0.2940510571241173,moving_average
55,s4_mixed_dynamic,7.327799421114381,2.083866639869165,True,False,True,vlp_only,26,6.5,2.5,0.9999999999010002,moving_average
55,s4_mixed_dynamic,7.327799421114381,2.083866639869165,True,False,True,static_fusion,26,6.5,2.5,0.5153470930681044,moving_average
56,s4_mixed_dynamic,7.4404788553418495,2.0885416935474934,True,False,True,wifi_only,16,6.5,1.5,0.3453413046360406,moving_average
56,s4_mixed_dynamic,7.4404788553418495,2.0885416935474934,True,False,True,vlp_only,27,7.5,2.5,0.9999998845911678,moving_average
56,s4_mixed_dynamic,7.4404788553418495,2.0885416935474934,True,False,True,static_fusion,27,7.5,2.5,0.5241038100445367,moving_average
57,s4_mixed_dynamic,7.579211275373233,2.0714456103345764,True,False,True,wifi_only,17,7.5,1.5,0.41426440047055013,moving_average
57,s4_mixed_dynamic,7.579211275373233,2.0714456103345764,True,False,True,vlp_only,27,7.5,2.5,0.9987139762014943,moving_average
57,s4_mixed_dynamic,7.579211275373233,2.0714456103345764,True,False,True,static_fusion,27,7.5,2.5,0.5695094973496814,moving_average
58,s4_mixed_dynamic,7.844337613028887,1.6670430401807117,True,False,True,wifi_only,17,7.5,1.5,0.47218985511239414,moving_average
58,s4_mixed_dynamic,7.844337613028887,1.6670430401807117,True,False,True,vlp_only,17,7.5,1.5,0.9965077762509816,moving_average
58,s4_mixed_dynamic,7.844337613028887,1.6670430401807117,True,False,True,static_fusion,17,7.5,1.5,0.7343488156816879,moving_average
59,s4_mixed_dynamic,7.979950544975631,1.4630004361001532,True,False,True,wifi_only,17,7.5,1.5,0.23921066810808828,moving_average
59,s4_mixed_dynamic,7.979950544975631,1.4630004361001532,True,False,True,vlp_only,17,7.5,1.5,0.9999957276081245,moving_average
59,s4_mixed_dynamic,7.979950544975631,1.4630004361001532,True,False,True,static_fusion,17,7.5,1.5,0.6196031978581064,moving_average
60,s4_mixed_dynamic,8.127206923732981,1.3162437323059886,False,False,True,wifi_only,7,7.5,0.5,0.49372242745685846,moving_average
60,s4_mixed_dynamic,8.127206923732981,1.3162437323059886,False,False,True,vlp_only,17,7.5,1.5,0.9999729395140371,moving_average
60,s4_mixed_dynamic,8.127206923732981,1.3162437323059886,False,False,True,static_fusion,17,7.5,1.5,0.6753337932386039,moving_average
61,s4_mixed_dynamic,8.189098931075993,1.1020139318013231,False,False,True,wifi_only,8,8.5,0.5,0.32868615675947876,moving_average
61,s4_mixed_dynamic,8.189098931075993,1.1020139318013231,False,False,True,vlp_only,17,7.5,1.5,0.9178783082062378,moving_average
61,s4_mixed_dynamic,8.189098931075993,1.1020139318013231,False,False,True,static_fusion,17,7.5,1.5,0.4624929843579744,moving_average
62,s4_mixed_dynamic,8.244559866287215,0.9834290739202508,False,False,True,wifi_only,8,8.5,0.5,0.30146690304994894,moving_average
62,s4_mixed_dynamic,8.244559866287215,0.9834290739202508,False,False,True,vlp_only,18,8.5,1.5,0.940005992149516,moving_average
62,s4_mixed_dynamic,8.244559866287215,0.9834290739202508,False,False,True,static_fusion,18,8.5,1.5,0.5478953240814085,moving_average
63,s4_mixed_dynamic,8.469449233099015,0.5380851752887181,False,False,True,wifi_only,9,9.5,0.5,0.27069618844335525,moving_average
63,s4_mixed_dynamic,8.469449233099015,0.5380851752887181,False,False,True,vlp_only,18,8.5,1.5,0.999999896723941,moving_average
63,s4_mixed_dynamic,8.469449233099015,0.5380851752887181,False,False,True,static_fusion,18,8.5,1.5,0.6072131068849467,moving_average
64,s4_mixed_dynamic,8.61129496830597,0.2850740111733432,False,False,True,wifi_only,18,8.5,1.5,0.29019552617489014,moving_average
64,s4_mixed_dynamic,8.61129496830597,0.2850740111733432,False,False,True,vlp_only,8,8.5,0.5,0.9999743309894975,moving_average
64,s4_mixed_dynamic,8.61129496830597,0.2850740111733432,False,False,True,static_fusion,8,8.5,0.5,0.6322989495203744,moving_average
65,s4_mixed_dynamic,8.649656672908945,0.1829723899998202,False,True,True,wifi_only,18,8.5,1.5,0.2884413081785866,moving_average
65,s4_mixed_dynamic,8.649656672908945,0.1829723899998202,False,True,True,vlp_only,8,8.5,0.5,0.9999986371427445,moving_average
65,s4_mixed_dynamic,8.649656672908945,0.1829723899998202,False,True,True,static_fusion,8,8.5,0.5,0.6088780517673577,moving_average
66,s4_mixed_dynamic,8.433510539178341,0.5984305923139432,False,True,True,wifi_only,18,8.5,1.5,0.2910236961308956,moving_average
66,s4_mixed_dynamic,8.433510539178341,0.5984305923139432,False,True,True,vlp_only,8,8.5,0.5,0.9999999994080895,moving_average
66,s4_mixed_dynamic,8.433510539178341,0.5984305923139432,False,True,True,static_fusion,8,8.5,0.5,0.6238477733308909,moving_average
67,s4_mixed_dynamic,8.390725265666473,0.8870681197350446,False,True,True,wifi_only,18,8.5,1.5,0.28847785378045643,moving_average
67,s4_mixed_dynamic,8.390725265666473,0.8870681197350446,False,True,True,vlp_only,8,8.5,0.5,0.9998594222158733,moving_average
67,s4_mixed_dynamic,8.390725265666473,0.8870681197350446,False,True,True,static_fusion,8,8.5,0.5,0.6227193662149579,moving_average
68,s4_mixed_dynamic,8.28586833451047,1.075450447649671,False,True,True,wifi_only,19,9.5,1.5,0.2807705336807703,moving_average
68,s4_mixed_dynamic,8.28586833451047,1.075450447649671,False,True,True,vlp_only,8,8.5,0.5,0.9999999951518639,moving_average
68,s4_mixed_dynamic,8.28586833451047,1.075450447649671,False,True,True,static_fusion,8,8.5,0.5,0.6139461985808491,moving_average
69,s4_mixed_dynamic,8.00771188370768,1.2586421068158191,False,True,True,wifi_only,19,9.5,1.5,0.255379641365018,moving_average
69,s4_mixed_dynamic,8.00771188370768,1.2586421068158191,False,True,True,vlp_only,8,8.5,0.5,0.9999999992009024,moving_average
69,s4_mixed_dynamic,8.00771188370768,1.2586421068158191,False,True,True,static_fusion,8,8.5,0.5,0.6070501418896452,moving_average
70,s4_mixed_dynamic,7.876253087162693,1.4325757096206515,False,True,True,wifi_only,8,8.5,0.5,0.2698786675616612,moving_average
70,s4_mixed_dynamic,7.876253087162693,1.4325757096206515,False,True,True,vlp_only,18,8.5,1.5,0.9999999999010003,moving_average
70,s4_mixed_dynamic,7.876253087162693,1.4325757096206515,False,True,True,static_fusion,18,8.5,1.5,0.6298010193807809,moving_average
71,s4_mixed_dynamic,7.764584357169141,1.783515740895847,False,True,True,wifi_only,18,8.5,1.5,0.3075922840377086,moving_average
71,s4_mixed_dynamic,7.764584357169141,1.783515740895847,False,True,True,vlp_only,18,8.5,1.5,0.9999999999010003,moving_average
71,s4_mixed_dynamic,7.764584357169141,1.783515740895847,False,True,True,static_fusion,18,8.5,1.5,0.6537961419693544,moving_average
72,s4_mixed_dynamic,7.724461665749093,1.919199890822522,False,True,True,wifi_only,18,8.5,1.5,0.2362189464353967,moving_average
72,s4_mixed_dynamic,7.724461665749093,1.919199890822522,False,True,True,vlp_only,18,8.5,1.5,0.9999999999007284,moving_average
72,s4_mixed_dynamic,7.724461665749093,1.919199890822522,False,True,True,static_fusion,18,8.5,1.5,0.6181094731680626,moving_average
73,s4_mixed_dynamic,7.434410446855592,2.196460502510213,False,True,True,wifi_only,17,7.5,1.5,0.3311758251727177,moving_average
73,s4_mixed_dynamic,7.434410446855592,2.196460502510213,False,True,True,vlp_only,18,8.5,1.5,0.9999999640540291,moving_average
73,s4_mixed_dynamic,7.434410446855592,2.196460502510213,False,True,True,static_fusion,18,8.5,1.5,0.5190639358488398,moving_average
74,s4_mixed_dynamic,7.329501734941545,2.341512908882469,False,False,True,wifi_only,17,7.5,1.5,0.3223737269220985,moving_average
74,s4_mixed_dynamic,7.329501734941545,2.341512908882469,False,False,True,vlp_only,18,8.5,1.5,0.9995580009180759,moving_average
74,s4_mixed_dynamic,7.329501734941545,2.341512908882469,False,False,True,static_fusion,18,8.5,1.5,0.501882075306646,moving_average
75,s4_mixed_dynamic,7.071931175766185,2.639246667376174,False,False,True,wifi_only,28,8.5,2.5,0.2513221450295091,moving_average
75,s4_mixed_dynamic,7.071931175766185,2.639246667376174,False,False,True,vlp_only,17,7.5,1.5,0.9981433311732442,moving_average
75,s4_mixed_dynamic,7.071931175766185,2.639246667376174,False,False,True,static_fusion,17,7.5,1.5,0.6197976265466696,moving_average
76,s4_mixed_dynamic,6.978026390337671,2.8586906033898587,False,False,True,wifi_only,27,7.5,2.5,0.2380151682647148,moving_average
76,s4_mixed_dynamic,6.978026390337671,2.8586906033898587,False,False,True,vlp_only,17,7.5,1.5,0.9999999999010003,moving_average
76,s4_mixed_dynamic,6.978026390337671,2.8586906033898587,False,False,True,static_fusion,17,7.5,1.5,0.6027233647601716,moving_average
77,s4_mixed_dynamic,7.056281076272732,3.07562739707137,False,False,True,wifi_only,27,7.5,2.5,0.25468241172132094,moving_average
77,s4_mixed_dynamic,7.056281076272732,3.07562739707137,False,False,True,vlp_only,27,7.5,2.5,0.9999746684001717,moving_average
77,s4_mixed_dynamic,7.056281076272732,3.07562739707137,False,False,True,static_fusion,27,7.5,2.5,0.6273285400607463,moving_average
78,s4_mixed_dynamic,6.986478911581751,3.499417790512807,False,False,True,wifi_only,27,7.5,2.5,0.21273332241321175,moving_average
78,s4_mixed_dynamic,6.986478911581751,3.499417790512807,False,False,True,vlp_only,26,6.5,2.5,0.9997252125864811,moving_average
78,s4_mixed_dynamic,6.986478911581751,3.499417790512807,False,False,True,static_fusion,26,6.5,2.5,0.5632012989136098,moving_average
79,s4_mixed_dynamic,7.059635179641974,3.643912026483358,False,False,True,wifi_only,26,6.5,2.5,0.2155203194093512,moving_average
79,s4_mixed_dynamic,7.059635179641974,3.643912026483358,False,False,True,vlp_only,37,7.5,3.5,0.9999999996470502,moving_average
79,s4_mixed_dynamic,7.059635179641974,3.643912026483358,False,False,True,static_fusion,37,7.5,3.5,0.571015894354828,moving_average
80,s4_mixed_dynamic,7.111230980212548,3.866216527347812,True,False,True,wifi_only,26,6.5,2.5,0.20662435149812225,moving_average
80,s4_mixed_dynamic,7.111230980212548,3.866216527347812,True,False,True,vlp_only,37,7.5,3.5,0.9999999999010002,moving_average
80,s4_mixed_dynamic,7.111230980212548,3.866216527347812,True,False,True,static_fusion,37,7.5,3.5,0.553978647431141,moving_average
81,s4_mixed_dynamic,7.093666462300226,4.151666727840037,True,False,True,wifi_only,37,7.5,3.5,0.16527172167363552,moving_average
81,s4_mixed_dynamic,7.093666462300226,4.151666727840037,True,False,True,vlp_only,36,6.5,3.5,0.9999999999010002,moving_average
81,s4_mixed_dynamic,7.093666462300226,4.151666727840037,True,False,True,static_fusion,36,6.5,3.5,0.5799145015365113,moving_average
82,s4_mixed_dynamic,7.179940304559092,4.40982120831966,True,False,True,wifi_only,48,8.5,4.5,0.1751430935173345,moving_average
82,s4_mixed_dynamic,7.179940304559092,4.40982120831966,True,False,True,vlp_only,36,6.5,3.5,0.9999999999010002,moving_average
82,s4_mixed_dynamic,7.179940304559092,4.40982120831966,True,False,True,static_fusion,36,6.5,3.5,0.5313710404634355,moving_average
83,s4_mixed_dynamic,7.389306456175779,4.728806808316636,True,False,True,wifi_only,59,9.5,5.5,0.15807702365706297,moving_average
83,s4_mixed_dynamic,7.389306456175779,4.728806808316636,True,False,True,vlp_only,47,7.5,4.5,0.9999999999010002,moving_average
83,s4_mixed_dynamic,7.389306456175779,4.728806808316636,True,False,True,static_fusion,47,7.5,4.5,0.5565053626084735,moving_average
84,s4_mixed_dynamic,7.471099094223947,5.062300262899215,True,False,True,wifi_only,48,8.5,4.5,0.14900620407547,moving_average
84,s4_mixed_dynamic,7.471099094223947,5.062300262899215,True,False,True,vlp_only,47,7.5,4.5,0.9999999999010002,moving_average
84,s4_mixed_dynamic,7.471099094223947,5.062300262899215,True,False,True,static_fusion,47,7.5,4.5,0.5634317168116892,moving_average
85,s4_mixed_dynamic,7.639476103338564,5.452330212055501,True,False,True,wifi_only,58,8.5,5.5,0.18618669522530723,moving_average
85,s4_mixed_dynamic,7.639476103338564,5.452330212055501,True,False,True,vlp_only,47,7.5,4.5,0.999999999880257,moving_average
85,s4_mixed_dynamic,7.639476103338564,5.452330212055501,True,False,True,static_fusion,47,7.5,4.5,0.543735062609435,moving_average
86,s4_mixed_dynamic,7.590210281547375,5.578300437724326,True,False,True,wifi_only,59,9.5,5.5,0.31955029660086853,moving_average
86,s4_mixed_dynamic,7.590210281547375,5.578300437724326,True,False,True,vlp_only,57,7.5,5.5,0.999999997155677,moving_average
86,s4_mixed_dynamic,7.590210281547375,5.578300437724326,True,False,True,static_fusion,57,7.5,5.5,0.5102708592638427,moving_average
87,s4_mixed_dynamic,7.462795792010998,5.791477714093946,True,False,True,wifi_only,59,9.5,5.5,0.246444422924149,moving_average
87,s4_mixed_dynamic,7.462795792010998,5.791477714093946,True,False,True,vlp_only,57,7.5,5.5,0.9999999995000708,moving_average
87,s4_mixed_dynamic,7.462795792010998,5.791477714093946,True,False,True,static_fusion,57,7.5,5.5,0.5215777026297083,moving_average
88,s4_mixed_dynamic,7.440607753073426,5.980848219358611,True,False,True,wifi_only,78,8.5,7.5,0.12958229177504488,moving_average
88,s4_mixed_dynamic,7.440607753073426,5.980848219358611,True,False,True,vlp_only,57,7.5,5.5,0.9999999996888147,moving_average
88,s4_mixed_dynamic,7.440607753073426,5.980848219358611,True,False,True,static_fusion,57,7.5,5.5,0.5193728583042585,moving_average
89,s4_mixed_dynamic,7.440906125309533,6.113793031097752,True,False,True,wifi_only,89,9.5,8.5,0.18148964589969913,moving_average
89,s4_mixed_dynamic,7.440906125309533,6.113793031097752,True,False,True,vlp_only,57,7.5,5.5,0.999999999900921,moving_average
89,s4_mixed_dynamic,7.440906125309533,6.113793031097752,True,False,True,static_fusion,57,7.5,5.5,0.5028877595756719,moving_average
90,s4_mixed_dynamic,7.279806471044582,6.464561962588011,True,False,True,wifi_only,80,0.5,8.5,0.11260061914715878,moving_average
90,s4_mixed_dynamic,7.279806471044582,6.464561962588011,True,False,True,vlp_only,66,6.5,6.5,0.9999999999010001,moving_average
90,s4_mixed_dynamic,7.279806471044582,6.464561962588011,True,False,True,static_fusion,66,6.5,6.5,0.5008253125874503,moving_average
91,s4_mixed_dynamic,7.195775699002211,6.545903417221667,True,False,True,wifi_only,61,1.5,6.5,0.14261283897336205,moving_average
91,s4_mixed_dynamic,7.195775699002211,6.545903417221667,True,False,True,vlp_only,66,6.5,6.5,0.9999999999010001,moving_average
91,s4_mixed_dynamic,7.195775699002211,6.545903417221667,True,False,True,static_fusion,66,6.5,6.5,0.5012074427565613,moving_average
92,s4_mixed_dynamic,7.071679731335141,6.664553875446808,True,False,True,wifi_only,71,1.5,7.5,0.11436722803761766,moving_average
92,s4_mixed_dynamic,7.071679731335141,6.664553875446808,True,False,True,vlp_only,67,7.5,6.5,0.9999999999010001,moving_average
92,s4_mixed_dynamic,7.071679731335141,6.664553875446808,True,False,True,static_fusion,67,7.5,6.5,0.5066053194444645,moving_average
93,s4_mixed_dynamic,6.88601961932652,6.885266262387327,False,False,True,wifi_only,79,9.5,7.5,0.10320848465060818,moving_average
93,s4_mixed_dynamic,6.88601961932652,6.885266262387327,False,False,True,vlp_only,67,7.5,6.5,0.9999999999010001,moving_average
93,s4_mixed_dynamic,6.88601961932652,6.885266262387327,False,False,True,static_fusion,67,7.5,6.5,0.5254208149847831,moving_average
94,s4_mixed_dynamic,6.836265376227635,7.09347815473235,False,False,True,wifi_only,78,8.5,7.5,0.08008383750252335,moving_average
94,s4_mixed_dynamic,6.836265376227635,7.09347815473235,False,False,True,vlp_only,67,7.5,6.5,0.9999999999010001,moving_average
94,s4_mixed_dynamic,6.836265376227635,7.09347815473235,False,False,True,static_fusion,67,7.5,6.5,0.5356760714956321,moving_average
95,s4_mixed_dynamic,6.749970613133377,7.2047970050942345,False,False,True,wifi_only,77,7.5,7.5,0.14849491907786902,moving_average
95,s4_mixed_dynamic,6.749970613133377,7.2047970050942345,False,False,True,vlp_only,67,7.5,6.5,0.9999999165586244,moving_average
95,s4_mixed_dynamic,6.749970613133377,7.2047970050942345,False,False,True,static_fusion,67,7.5,6.5,0.5385982089509799,moving_average
96,s4_mixed_dynamic,6.520102407663193,7.416654680272662,False,False,True,wifi_only,87,7.5,8.5,0.19388206879562858,moving_average
96,s4_mixed_dynamic,6.520102407663193,7.416654680272662,False,False,True,vlp_only,76,6.5,7.5,0.9999999999010001,moving_average
96,s4_mixed_dynamic,6.520102407663193,7.416654680272662,False,False,True,static_fusion,76,6.5,7.5,0.5346943472148346,moving_average
97,s4_mixed_dynamic,6.235078071420909,7.80527981884087,False,False,True,wifi_only,76,6.5,7.5,0.178444159982549,moving_average
97,s4_mixed_dynamic,6.235078071420909,7.80527981884087,False,False,True,vlp_only,76,6.5,7.5,0.9999999999010001,moving_average
97,s4_mixed_dynamic,6.235078071420909,7.80527981884087,False,False,True,static_fusion,76,6.5,7.5,0.5892220799417747,moving_average
98,s4_mixed_dynamic,5.98823397903378,7.93574951314563,False,False,True,wifi_only,76,6.5,7.5,0.15589477273002977,moving_average
98,s4_mixed_dynamic,5.98823397903378,7.93574951314563,False,False,True,vlp_only,76,6.5,7.5,0.9999999999010001,moving_average
98,s4_mixed_dynamic,5.98823397903378,7.93574951314563,False,False,True,static_fusion,76,6.5,7.5,0.5779473863155149,moving_average
99,s4_mixed_dynamic,5.822657938153183,7.968265377624689,False,False,True,wifi_only,86,6.5,8.5,0.12685122035193044,moving_average
99,s4_mixed_dynamic,5.822657938153183,7.968265377624689,False,False,True,vlp_only,76,6.5,7.5,0.999999883284822,moving_average
99,s4_mixed_dynamic,5.822657938153183,7.968265377624689,False,False,True,static_fusion,76,6.5,7.5,0.5584891817918199,moving_average
0,s4_mixed_dynamic,8.548260044884431,3.875368266732585,False,False,True,wifi_only,39,9.5,3.5,0.21328416950968565,median
0,s4_mixed_dynamic,8.548260044884431,3.875368266732585,False,False,True,vlp_only,39,9.5,3.5,0.9999999999010002,median
0,s4_mixed_dynamic,8.548260044884431,3.875368266732585,False,False,True,static_fusion,39,9.5,3.5,0.6066420847053428,median
1,s4_mixed_dynamic,8.648647791547123,3.682160416153107,False,False,True,wifi_only,38,8.5,3.5,0.22457968978589615,median
1,s4_mixed_dynamic,8.648647791547123,3.682160416153107,False,False,True,vlp_only,39,9.5,3.5,0.9999999999010002,median
1,s4_mixed_dynamic,8.648647791547123,3.682160416153107,False,False,True,static_fusion,39,9.5,3.5,0.572611418326786,median
2,s4_mixed_dynamic,8.904314502785434,3.314602216855924,False,False,True,wifi_only,39,9.5,3.5,0.21328416950968565,median
2,s4_mixed_dynamic,8.904314502785434,3.314602216855924,False,False,True,vlp_only,38,8.5,3.5,0.9999999999010002,median
2,s4_mixed_dynamic,8.904314502785434,3.314602216855924,False,False,True,static_fusion,38,8.5,3.5,0.5879495919918534,median
3,s4_mixed_dynamic,9.310389003930128,3.04167485894367,False,False,True,wifi_only,38,8.5,3.5,0.23133908496567296,median
3,s4_mixed_dynamic,9.310389003930128,3.04167485894367,False,False,True,vlp_only,38,8.5,3.5,0.9999999999010002,median
3,s4_mixed_dynamic,9.310389003930128,3.04167485894367,False,False,True,static_fusion,38,8.5,3.5,0.6156695424333366,median
4,s4_mixed_dynamic,9.706838327803332,2.8964874698404373,False,False,True,wifi_only,27,7.5,2.5,0.18802939486717823,median
4,s4_mixed_dynamic,9.706838327803332,2.8964874698404373,False,False,True,vlp_only,38,8.5,3.5,0.9999999999010002,median
4,s4_mixed_dynamic,9.706838327803332,2.8964874698404373,False,False,True,static_fusion,38,8.5,3.5,0.5626559324785503,median
5,s4_mixed_dynamic,9.41844096729231,2.900422758078939,False,False,True,wifi_only,27,7.5,2.5,0.2402393089370393,median
5,s4_mixed_dynamic,9.41844096729231,2.900422758078939,False,False,True,vlp_only,29,9.5,2.5,0.9999999998928022,median
5,s4_mixed_dynamic,9.41844096729231,2.900422758078939,False,False,True,static_fusion,29,9.5,2.5,0.5069303829742282,median
6,s4_mixed_dynamic,8.964378339140287,2.9597287260816096,False,False,True,wifi_only,28,8.5,2.5,0.21858211892103724,median
6,s4_mixed_dynamic,8.964378339140287,2.9597287260816096,False,False,True,vlp_only,29,9.5,2.5,0.9999999999010002,median
6,s4_mixed_dynamic,8.964378339140287,2.9597287260816096,False,False,True,static_fusion,29,9.5,2.5,0.6090823691329358,median
7,s4_mixed_dynamic,8.774353844140126,3.131454780222936,False,False,True,wifi_only,29,9.5,2.5,0.22303170321500226,median
7,s4_mixed_dynamic,8.774353844140126,3.131454780222936,False,False,True,vlp_only,29,9.5,2.5,0.9999999999010002,median
7,s4_mixed_dynamic,8.774353844140126,3.131454780222936,False,False,True,static_fusion,29,9.5,2.5,0.6115158515580013,median
8,s4_mixed_dynamic,8.418152736801511,3.188810020474088,False,False,True,wifi_only,29,9.5,2.5,0.22303170321500226,median
8,s4_mixed_dynamic,8.418152736801511,3.188810020474088,False,False,True,vlp_only,29,9.5,2.5,0.9999999999010002,median
8,s4_mixed_dynamic,8.418152736801511,3.188810020474088,False,False,True,static_fusion,29,9.5,2.5,0.6115158515580013,median
9,s4_mixed_dynamic,8.165062128503568,3.3554638975618585,False,False,True,wifi_only,29,9.5,2.5,0.32259300727300927,median
9,s4_mixed_dynamic,8.165062128503568,3.3554638975618585,False,False,True,vlp_only,38,8.5,3.5,0.9535757029090465,median
9,s4_mixed_dynamic,8.165062128503568,3.3554638975618585,False,False,True,static_fusion,38,8.5,3.5,0.5153031283258448,median
10,s4_mixed_dynamic,8.047852018915972,3.3896047138916883,True,False,True,wifi_only,29,9.5,2.5,0.36964908855222683,median
10,s4_mixed_dynamic,8.047852018915972,3.3896047138916883,True,False,True,vlp_only,38,8.5,3.5,0.9999999998920658,median
10,s4_mixed_dynamic,8.047852018915972,3.3896047138916883,True,False,True,static_fusion,38,8.5,3.5,0.5383048219920791,median
11,s4_mixed_dynamic,7.628992597812742,3.5120336380508936,True,False,True,wifi_only,39,9.5,3.5,0.4549527748074108,median
11,s4_mixed_dynamic,7.628992597812742,3.5120336380508936,True,False,True,vlp_only,38,8.5,3.5,0.9999999268319666,median
11,s4_mixed_dynamic,7.628992597812742,3.5120336380508936,True,False,True,static_fusion,38,8.5,3.5,0.6037678414318278,median
12,s4_mixed_dynamic,7.264240580596287,3.551955010215912,True,False,True,wifi_only,39,9.5,3.5,0.3798074279265418,median
12,s4_mixed_dynamic,7.264240580596287,3.551955010215912,True,False,True,vlp_only,38,8.5,3.5,0.999853074209821,median
12,s4_mixed_dynamic,7.264240580596287,3.551955010215912,True,False,True,static_fusion,38,8.5,3.5,0.5756848689737957,median
13,s4_mixed_dynamic,6.807654944686304,3.3798711617406227,True,False,True,wifi_only,39,9.5,3.5,0.32336315178255637,median
13,s4_mixed_dynamic,6.807654944686304,3.3798711617406227,True,False,True,vlp_only,37,7.5,3.5,0.9999999891269727,median
13,s4_mixed_dynamic,6.807654944686304,3.3798711617406227,True,False,True,static_fusion,37,7.5,3.5,0.5239320493060733,median
14,s4_mixed_dynamic,6.644376635151973,3.2678225998295574,True,False,True,wifi_only,39,9.5,3.5,0.180894668785882,median
14,s4_mixed_dynamic,6.644376635151973,3.2678225998295574,True,False,True,vlp_only,37,7.5,3.5,0.9999999999010002,median
14,s4_mixed_dynamic,6.644376635151973,3.2678225998295574,True,False,True,static_fusion,37,7.5,3.5,0.5496775940370475,median
15,s4_mixed_dynamic,6.164360277507891,3.220123101722137,True,False,True,wifi_only,39,9.5,3.5,0.17110648620677243,median
15,s4_mixed_dynamic,6.164360277507891,3.220123101722137,True,False,True,vlp_only,37,7.5,3.5,0.9999999998965408,median
15,s4_mixed_dynamic,6.164360277507891,3.220123101722137,True,False,True,static_fusion,37,7.5,3.5,0.5552995819404513,median
16,s4_mixed_dynamic,5.921670782647944,3.170353913208966,True,False,True,wifi_only,5,5.5,0.5,0.2578204820884966,median
16,s4_mixed_dynamic,5.921670782647944,3.170353913208966,True,False,True,vlp_only,36,6.5,3.5,0.9999999999010002,median
16,s4_mixed_dynamic,5.921670782647944,3.170353913208966,True,False,True,static_fusion,36,6.5,3.5,0.5153569001651818,median
17,s4_mixed_dynamic,5.679154300480839,2.9818995639648525,True,False,True,wifi_only,15,5.5,1.5,0.2118207528113333,median
17,s4_mixed_dynamic,5.679154300480839,2.9818995639648525,True,False,True,vlp_only,36,6.5,3.5,0.9999999999010002,median
17,s4_mixed_dynamic,5.679154300480839,2.9818995639648525,True,False,True,static_fusion,36,6.5,3.5,0.5176237899458644,median
18,s4_mixed_dynamic,5.40719635144305,2.708371836226452,True,False,True,wifi_only,36,6.5,3.5,0.2349607371870125,median
18,s4_mixed_dynamic,5.40719635144305,2.708371836226452,True,False,True,vlp_only,25,5.5,2.5,0.9999999999010002,median
18,s4_mixed_dynamic,5.40719635144305,2.708371836226452,True,False,True,static_fusion,25,5.5,2.5,0.5182441122767685,median
19,s4_mixed_dynamic,5.231798982702207,2.4839699101632213,True,False,True,wifi_only,45,5.5,4.5,0.20014042160702974,median
19,s4_mixed_dynamic,5.231798982702207,2.4839699101632213,True,False,True,vlp_only,25,5.5,2.5,0.9999999999010002,median
19,s4_mixed_dynamic,5.231798982702207,2.4839699101632213,True,False,True,static_fusion,25,5.5,2.5,0.5048879290525404,median
20,s4_mixed_dynamic,5.28923634607891,2.192766390499288,False,False,True,wifi_only,35,5.5,3.5,0.19971427856133891,median
20,s4_mixed_dynamic,5.28923634607891,2.192766390499288,False,False,True,vlp_only,25,5.5,2.5,0.9999999999010002,median
20,s4_mixed_dynamic,5.28923634607891,2.192766390499288,False,False,True,static_fusion,25,5.5,2.5,0.5647894953203756,median
21,s4_mixed_dynamic,5.38054459804343,2.090291333531373,False,False,True,wifi_only,35,5.5,3.5,0.19423219030727665,median
21,s4_mixed_dynamic,5.38054459804343,2.090291333531373,False,False,True,vlp_only,25,5.5,2.5,0.9999991080496561,median
21,s4_mixed_dynamic,5.38054459804343,2.090291333531373,False,False,True,static_fusion,25,5.5,2.5,0.5728216482171382,median
22,s4_mixed_dynamic,5.395660287878729,1.904575277898607,False,False,True,wifi_only,35,5.5,3.5,0.1775827003332786,median
22,s4_mixed_dynamic,5.395660287878729,1.904575277898607,False,False,True,vlp_only,25,5.5,2.5,0.999875709375969,median
22,s4_mixed_dynamic,5.395660287878729,1.904575277898607,False,False,True,static_fusion,25,5.5,2.5,0.5700568389988104,median
23,s4_mixed_dynamic,5.346981386445022,1.7399481748937806,False,False,True,wifi_only,25,5.5,2.5,0.17288648163776485,median
23,s4_mixed_dynamic,5.346981386445022,1.7399481748937806,False,False,True,vlp_only,25,5.5,2.5,0.6131070708150251,median
23,s4_mixed_dynamic,5.346981386445022,1.7399481748937806,False,False,True,static_fusion,25,5.5,2.5,0.39299677622639484,median
24,s4_mixed_dynamic,5.356397214861652,1.3990305548570758,False,False,True,wifi_only,25,5.5,2.5,0.1771743907943327,median
24,s4_mixed_dynamic,5.356397214861652,1.3990305548570758,False,False,True,vlp_only,15,5.5,1.5,0.9999979476915063,median
24,s4_mixed_dynamic,5.356397214861652,1.3990305548570758,False,False,True,static_fusion,15,5.5,1.5,0.578761103998264,median
25,s4_mixed_dynamic,5.55511192506875,1.1971395250192285,False,True,True,wifi_only,4,4.5,0.5,0.2527450588019309,median
25,s4_mixed_dynamic,5.55511192506875,1.1971395250192285,False,True,True,vlp_only,15,5.5,1.5,0.9999999993848323,median
25,s4_mixed_dynamic,5.55511192506875,1.1971395250192285,False,True,True,static_fusion,15,5.5,1.5,0.5538104144245175,median
26,s4_mixed_dynamic,5.644488914276651,1.1264421585125568,False,True,True,wifi_only,5,5.5,0.5,0.24347500722812868,median
26,s4_mixed_dynamic,5.644488914276651,1.1264421585125568,False,True,True,vlp_only,15,5.5,1.5,0.9999999999010003,median
26,s4_mixed_dynamic,5.644488914276651,1.1264421585125568,False,True,True,static_fusion,15,5.5,1.5,0.6003497698226129,median
27,s4_mixed_dynamic,5.99191614365339,0.7779056103368667,False,True,True,wifi_only,5,5.5,0.5,0.2755359281208647,median
27,s4_mixed_dynamic,5.99191614365339,0.7779056103368667,False,True,True,vlp_only,15,5.5,1.5,0.9999999999010003,median
27,s4_mixed_dynamic,5.99191614365339,0.7779056103368667,False,True,True,static_fusion,15,5.5,1.5,0.613563881899667,median
28,s4_mixed_dynamic,6.3719359824611015,0.5133126785859624,False,True,True,wifi_only,16,6.5,1.5,0.21933364054471405,median
28,s4_mixed_dynamic,6.3719359824611015,0.5133126785859624,False,True,True,vlp_only,5,5.5,0.5,0.9999999999010003,median
28,s4_mixed_dynamic,6.3719359824611015,0.5133126785859624,False,True,True,static_fusion,5,5.5,0.5,0.5645827967328246,median
29,s4_mixed_dynamic,6.642725720701172,0.2610300095402053,False,True,True,wifi_only,16,6.5,1.5,0.23012987002167268,median
29,s4_mixed_dynamic,6.642725720701172,0.2610300095402053,False,True,True,vlp_only,5,5.5,0.5,0.9999999929266773,median
29,s4_mixed_dynamic,6.642725720701172,0.2610300095402053,False,True,True,static_fusion,5,5.5,0.5,0.5644380830177192,median
30,s4_mixed_dynamic,6.746242668239441,0.1917048919949815,False,True,True,wifi_only,16,6.5,1.5,0.28820233040791665,median
30,s4_mixed_dynamic,6.746242668239441,0.1917048919949815,False,True,True,vlp_only,9,9.5,0.5,0.9999999999010003,median
30,s4_mixed_dynamic,6.746242668239441,0.1917048919949815,False,True,True,static_fusion,9,9.5,0.5,0.500000000088841,median
31,s4_mixed_dynamic,6.356442515941112,0.4369455288091974,False,True,True,wifi_only,16,6.5,1.5,0.2789761198349799,median
31,s4_mixed_dynamic,6.356442515941112,0.4369455288091974,False,True,True,vlp_only,9,9.5,0.5,0.9999999999010003,median
31,s4_mixed_dynamic,6.356442515941112,0.4369455288091974,False,True,True,static_fusion,9,9.5,0.5,0.5000000002115847,median
32,s4_mixed_dynamic,6.090439232524188,0.6864641265250186,False,True,True,wifi_only,16,6.5,1.5,0.27512554225355584,median
32,s4_mixed_dynamic,6.090439232524188,0.6864641265250186,False,True,True,vlp_only,6,6.5,0.5,0.9999999999010003,median
32,s4_mixed_dynamic,6.090439232524188,0.6864641265250186,False,True,True,static_fusion,6,6.5,0.5,0.6134545687740006,median
33,s4_mixed_dynamic,5.949226125977861,0.8518939098654703,False,True,True,wifi_only,6,6.5,0.5,0.2002047964322059,median
33,s4_mixed_dynamic,5.949226125977861,0.8518939098654703,False,True,True,vlp_only,6,6.5,0.5,0.9999999999010003,median
33,s4_mixed_dynamic,5.949226125977861,0.8518939098654703,False,True,True,static_fusion,6,6.5,0.5,0.600102398166603,median
34,s4_mixed_dynamic,5.8095047430555145,1.1091466717902831,False,True,True,wifi_only,6,6.5,0.5,0.1993287260615476,median
34,s4_mixed_dynamic,5.8095047430555145,1.1091466717902831,False,True,True,vlp_only,6,6.5,0.5,0.9999999999010003,median
34,s4_mixed_dynamic,5.8095047430555145,1.1091466717902831,False,True,True,static_fusion,6,6.5,0.5,0.5996643629812739,median
35,s4_mixed_dynamic,5.579978519259318,1.272432489793561,False,True,True,wifi_only,5,5.5,0.5,0.19404821069399544,median
35,s4_mixed_dynamic,5.579978519259318,1.272432489793561,False,True,True,vlp_only,6,6.5,0.5,0.7513462534734388,median
35,s4_mixed_dynamic,5.579978519259318,1.272432489793561,False,True,True,static_fusion,6,6.5,0.5,0.47157604490983385,median
36,s4_mixed_dynamic,5.338528190625762,1.3036592905789073,False,False,True,wifi_only,5,5.5,0.5,0.2163516776265386,median
36,s4_mixed_dynamic,5.338528190625762,1.3036592905789073,False,False,True,vlp_only,15,5.5,1.5,0.9999999999010003,median
36,s4_mixed_dynamic,5.338528190625762,1.3036592905789073,False,False,True,static_fusion,15,5.5,1.5,0.595361709271709,median
37,s4_mixed_dynamic,4.912072310282084,1.4157812756540196,False,False,True,wifi_only,5,5.5,0.5,0.23567696030711793,median
37,s4_mixed_dynamic,4.912072310282084,1.4157812756540196,False,False,True,vlp_only,5,5.5,0.5,0.999999999887849,median
37,s4_mixed_dynamic,4.912072310282084,1.4157812756540196,False,False,True,static_fusion,5,5.5,0.5,0.6178384800974834,median
38,s4_mixed_dynamic,4.826303961432351,1.586236364932186,False,False,True,wifi_only,5,5.5,0.5,0.21383313234269935,median
38,s4_mixed_dynamic,4.826303961432351,1.586236364932186,False,False,True,vlp_only,15,5.5,1.5,0.9999971953067808,median
38,s4_mixed_dynamic,4.826303961432351,1.586236364932186,False,False,True,static_fusion,15,5.5,1.5,0.5942502033419186,median
39,s4_mixed_dynamic,4.8018178978276085,1.8759997678234683,False,False,True,wifi_only,15,5.5,1.5,0.17485047106269258,median
39,s4_mixed_dynamic,4.8018178978276085,1.8759997678234683,False,False,True,vlp_only,4,4.5,0.5,0.999999101465213,median
39,s4_mixed_dynamic,4.8018178978276085,1.8759997678234683,False,False,True,static_fusion,4,4.5,0.5,0.5471126685600924,median
40,s4_mixed_dynamic,4.769561461430565,2.1910721381589235,False,False,True,wifi_only,25,5.5,2.5,0.18590762265075517,median
40,s4_mixed_dynamic,4.769561461430565,2.1910721381589235,False,False,True,vlp_only,14,4.5,1.5,0.9998385134476422,median
40,s4_mixed_dynamic,4.769561461430565,2.1910721381589235,False,False,True,static_fusion,14,4.5,1.5,0.5385265611336313,median
41,s4_mixed_dynamic,4.525918490013359,2.572296491893161,False,False,True,wifi_only,25,5.5,2.5,0.18951051472926128,median
41,s4_mixed_dynamic,4.525918490013359,2.572296491893161,False,False,True,vlp_only,14,4.5,1.5,0.9998937796141465,median
41,s4_mixed_dynamic,4.525918490013359,2.572296491893161,False,False,True,static_fusion,14,4.5,1.5,0.5240012391724053,median
42,s4_mixed_dynamic,4.603145206950584,2.691606464543516,False,False,True,wifi_only,24,4.5,2.5,0.21063662531856536,median
42,s4_mixed_dynamic,4.603145206950584,2.691606464543516,False,False,True,vlp_only,24,4.5,2.5,0.9753523002619994,median
42,s4_mixed_dynamic,4.603145206950584,2.691606464543516,False,False,True,static_fusion,24,4.5,2.5,0.5929944627902823,median
43,s4_mixed_dynamic,4.636858519470941,2.83301729155527,False,False,True,wifi_only,14,4.5,1.5,0.1828297684362188,median
43,s4_mixed_dynamic,4.636858519470941,2.83301729155527,False,False,True,vlp_only,24,4.5,2.5,0.9999999998235486,median
43,s4_mixed_dynamic,4.636858519470941,2.83301729155527,False,False,True,static_fusion,24,4.5,2.5,0.5788650890113216,median
44,s4_mixed_dynamic,4.734121569139968,3.1877348970907184,False,False,True,wifi_only,14,4.5,1.5,0.1828297684362188,median
44,s4_mixed_dynamic,4.734121569139968,3.1877348970907184,False,False,True,vlp_only,24,4.5,2.5,0.9999999999010002,median
44,s4_mixed_dynamic,4.734121569139968,3.1877348970907184,False,False,True,static_fusion,24,4.5,2.5,0.5788650890500474,median
45,s4_mixed_dynamic,4.820450082367587,3.2794971977323337,True,False,True,wifi_only,14,4.5,1.5,0.16933145437319083,median
45,s4_mixed_dynamic,4.820450082367587,3.2794971977323337,True,False,True,vlp_only,34,4.5,3.5,0.9790699635037191,median
45,s4_mixed_dynamic,4.820450082367587,3.2794971977323337,True,False,True,static_fusion,34,4.5,3.5,0.5149347223674353,median
46,s4_mixed_dynamic,5.062857013263392,3.3252726841438496,True,False,True,wifi_only,14,4.5,1.5,0.16383827634085085,median
46,s4_mixed_dynamic,5.062857013263392,3.3252726841438496,True,False,True,vlp_only,34,4.5,3.5,0.9999999999010002,median
46,s4_mixed_dynamic,5.062857013263392,3.3252726841438496,True,False,True,static_fusion,34,4.5,3.5,0.5156326437721501,median
47,s4_mixed_dynamic,5.223527674927983,3.3636079119505795,True,False,True,wifi_only,15,5.5,1.5,0.19138067373053705,median
47,s4_mixed_dynamic,5.223527674927983,3.3636079119505795,True,False,True,vlp_only,34,4.5,3.5,0.9999999999010002,median
47,s4_mixed_dynamic,5.223527674927983,3.3636079119505795,True,False,True,static_fusion,34,4.5,3.5,0.514129347953683,median
48,s4_mixed_dynamic,5.715643126853525,3.4347811219492,True,False,True,wifi_only,15,5.5,1.5,0.17815043597824465,median
48,s4_mixed_dynamic,5.715643126853525,3.4347811219492,True,False,True,vlp_only,35,5.5,3.5,0.9999999999010002,median
48,s4_mixed_dynamic,5.715643126853525,3.4347811219492,True,False,True,static_fusion,35,5.5,3.5,0.5388586495548338,median
49,s4_mixed_dynamic,6.036475943181564,3.33849425496013,True,False,True,wifi_only,5,5.5,0.5,0.13471511395967667,median
49,s4_mixed_dynamic,6.036475943181564,3.33849425496013,True,False,True,vlp_only,35,5.5,3.5,0.9999999999010002,median
49,s4_mixed_dynamic,6.036475943181564,3.33849425496013,True,False,True,static_fusion,35,5.5,3.5,0.5118072976705154,median
50,s4_mixed_dynamic,6.26597077792921,3.2310160910129526,True,False,True,wifi_only,27,7.5,2.5,0.16778948696806945,median
50,s4_mixed_dynamic,6.26597077792921,3.2310160910129526,True,False,True,vlp_only,35,5.5,3.5,0.9999999999010002,median
50,s4_mixed_dynamic,6.26597077792921,3.2310160910129526,True,False,True,static_fusion,35,5.5,3.5,0.500018039688615,median
51,s4_mixed_dynamic,6.557154939381723,3.0499936079927075,True,False,True,wifi_only,38,8.5,3.5,0.18852276277626753,median
51,s4_mixed_dynamic,6.557154939381723,3.0499936079927075,True,False,True,vlp_only,36,6.5,3.5,0.9999999999010002,median
51,s4_mixed_dynamic,6.557154939381723,3.0499936079927075,True,False,True,static_fusion,36,6.5,3.5,0.5208565635946132,median
52,s4_mixed_dynamic,6.7452470995562726,2.868494108966797,True,False,True,wifi_only,39,9.5,3.5,0.192210417252287,median
52,s4_mixed_dynamic,6.7452470995562726,2.868494108966797,True,False,True,vlp_only,36,6.5,3.5,0.9999999999010002,median
52,s4_mixed_dynamic,6.7452470995562726,2.868494108966797,True,False,True,static_fusion,36,6.5,3.5,0.5062284876986538,median
53,s4_mixed_dynamic,6.89633119872926,2.646701910339533,True,False,True,wifi_only,6,6.5,0.5,0.2077123434028412,median
53,s4_mixed_dynamic,6.89633119872926,2.646701910339533,True,False,True,vlp_only,26,6.5,2.5,0.9999999999010002,median
53,s4_mixed_dynamic,6.89633119872926,2.646701910339533,True,False,True,static_fusion,26,6.5,2.5,0.5325254316229565,median
54,s4_mixed_dynamic,7.093839490462012,2.230395250989873,True,False,True,wifi_only,15,5.5,1.5,0.23151380514902412,median
54,s4_mixed_dynamic,7.093839490462012,2.230395250989873,True,False,True,vlp_only,26,6.5,2.5,0.9999999999010002,median
54,s4_mixed_dynamic,7.093839490462012,2.230395250989873,True,False,True,static_fusion,26,6.5,2.5,0.5577277659644924,median
55,s4_mixed_dynamic,7.327799421114381,2.083866639869165,True,False,True,wifi_only,15,5.5,1.5,0.2300840911994677,median
55,s4_mixed_dynamic,7.327799421114381,2.083866639869165,True,False,True,vlp_only,26,6.5,2.5,0.9999999999010002,median
55,s4_mixed_dynamic,7.327799421114381,2.083866639869165,True,False,True,static_fusion,26,6.5,2.5,0.5622829509650222,median
56,s4_mixed_dynamic,7.4404788553418495,2.0885416935474934,True,False,True,wifi_only,15,5.5,1.5,0.2722415484937049,median
56,s4_mixed_dynamic,7.4404788553418495,2.0885416935474934,True,False,True,vlp_only,27,7.5,2.5,0.9998772119498985,median
56,s4_mixed_dynamic,7.4404788553418495,2.0885416935474934,True,False,True,static_fusion,27,7.5,2.5,0.5014362003704262,median
57,s4_mixed_dynamic,7.579211275373233,2.0714456103345764,True,False,True,wifi_only,15,5.5,1.5,0.19904623281758144,median
57,s4_mixed_dynamic,7.579211275373233,2.0714456103345764,True,False,True,vlp_only,27,7.5,2.5,0.6818546597377121,median
57,s4_mixed_dynamic,7.579211275373233,2.0714456103345764,True,False,True,static_fusion,27,7.5,2.5,0.3490113439430037,median
58,s4_mixed_dynamic,7.844337613028887,1.6670430401807117,True,False,True,wifi_only,15,5.5,1.5,0.206161139476729,median
58,s4_mixed_dynamic,7.844337613028887,1.6670430401807117,True,False,True,vlp_only,17,7.5,1.5,0.957961605324778,median
58,s4_mixed_dynamic,7.844337613028887,1.6670430401807117,True,False,True,static_fusion,17,7.5,1.5,0.47942624060871114,median
59,s4_mixed_dynamic,7.979950544975631,1.4630004361001532,True,False,True,wifi_only,18,8.5,1.5,0.6633909616794511,median
59,s4_mixed_dynamic,7.979950544975631,1.4630004361001532,True,False,True,vlp_only,17,7.5,1.5,0.9991085034183288,median
59,s4_mixed_dynamic,7.979950544975631,1.4630004361001532,True,False,True,static_fusion,17,7.5,1.5,0.4995568767562483,median
60,s4_mixed_dynamic,8.127206923732981,1.3162437323059886,False,False,True,wifi_only,8,8.5,0.5,0.49659647115621375,median
60,s4_mixed_dynamic,8.127206923732981,1.3162437323059886,False,False,True,vlp_only,17,7.5,1.5,0.9999978390622036,median
60,s4_mixed_dynamic,8.127206923732981,1.3162437323059886,False,False,True,static_fusion,17,7.5,1.5,0.5005787480788452,median
61,s4_mixed_dynamic,8.189098931075993,1.1020139318013231,False,False,True,wifi_only,8,8.5,0.5,0.3135588648773405,median
61,s4_mixed_dynamic,8.189098931075993,1.1020139318013231,False,False,True,vlp_only,18,8.5,1.5,0.9709643475191513,median
61,s4_mixed_dynamic,8.189098931075993,1.1020139318013231,False,False,True,static_fusion,18,8.5,1.5,0.5762504154536852,median
62,s4_mixed_dynamic,8.244559866287215,0.9834290739202508,False,False,True,wifi_only,9,9.5,0.5,0.31191067637666786,median
62,s4_mixed_dynamic,8.244559866287215,0.9834290739202508,False,False,True,vlp_only,18,8.5,1.5,0.9849674714185606,median
62,s4_mixed_dynamic,8.244559866287215,0.9834290739202508,False,False,True,static_fusion,18,8.5,1.5,0.5796193993157053,median
63,s4_mixed_dynamic,8.469449233099015,0.5380851752887181,False,False,True,wifi_only,8,8.5,0.5,0.2725731524294228,median
63,s4_mixed_dynamic,8.469449233099015,0.5380851752887181,False,False,True,vlp_only,18,8.5,1.5,0.9992019577550273,median
63,s4_mixed_dynamic,8.469449233099015,0.5380851752887181,False,False,True,static_fusion,18,8.5,1.5,0.6274314769816868,median
64,s4_mixed_dynamic,8.61129496830597,0.2850740111733432,False,False,True,wifi_only,18,8.5,1.5,0.29308142406594395,median
64,s4_mixed_dynamic,8.61129496830597,0.2850740111733432,False,False,True,vlp_only,18,8.5,1.5,0.9999661983397021,median
64,s4_mixed_dynamic,8.61129496830597,0.2850740111733432,False,False,True,static_fusion,18,8.5,1.5,0.6465238112028229,median
65,s4_mixed_dynamic,8.649656672908945,0.1829723899998202,False,True,True,wifi_only,18,8.5,1.5,0.33597225408386244,median
65,s4_mixed_dynamic,8.649656672908945,0.1829723899998202,False,True,True,vlp_only,8,8.5,0.5,0.999998100630129,median
65,s4_mixed_dynamic,8.649656672908945,0.1829723899998202,False,True,True,static_fusion,8,8.5,0.5,0.6191520625992929,median
66,s4_mixed_dynamic,8.433510539178341,0.5984305923139432,False,True,True,wifi_only,18,8.5,1.5,0.2977632378843475,median
66,s4_mixed_dynamic,8.433510539178341,0.5984305923139432,False,True,True,vlp_only,8,8.5,0.5,0.9999986748033205,median
66,s4_mixed_dynamic,8.433510539178341,0.5984305923139432,False,True,True,static_fusion,8,8.5,0.5,0.6305969080006277,median
67,s4_mixed_dynamic,8.390725265666473,0.8870681197350446,False,True,True,wifi_only,18,8.5,1.5,0.297191753358657,median
67,s4_mixed_dynamic,8.390725265666473,0.8870681197350446,False,True,True,vlp_only,8,8.5,0.5,0.9998105821594144,median
67,s4_mixed_dynamic,8.390725265666473,0.8870681197350446,False,True,True,static_fusion,8,8.5,0.5,0.6302522112249105,median
68,s4_mixed_dynamic,8.28586833451047,1.075450447649671,False,True,True,wifi_only,18,8.5,1.5,0.2796041487467975,median
68,s4_mixed_dynamic,8.28586833451047,1.075450447649671,False,True,True,vlp_only,8,8.5,0.5,0.9999999998999793,median
68,s4_mixed_dynamic,8.28586833451047,1.075450447649671,False,True,True,static_fusion,8,8.5,0.5,0.6220609181533142,median
69,s4_mixed_dynamic,8.00771188370768,1.2586421068158191,False,True,True,wifi_only,18,8.5,1.5,0.27740119105976346,median
69,s4_mixed_dynamic,8.00771188370768,1.2586421068158191,False,True,True,vlp_only,8,8.5,0.5,0.9999999998894131,median
69,s4_mixed_dynamic,8.00771188370768,1.2586421068158191,False,True,True,static_fusion,8,8.5,0.5,0.6210992191201461,median
70,s4_mixed_dynamic,7.876253087162693,1.4325757096206515,False,True,True,wifi_only,8,8.5,0.5,0.25950990642634036,median
70,s4_mixed_dynamic,7.876253087162693,1.4325757096206515,False,True,True,vlp_only,18,8.5,1.5,0.9999999998977496,median
70,s4_mixed_dynamic,7.876253087162693,1.4325757096206515,False,True,True,static_fusion,18,8.5,1.5,0.6215788685700259,median
71,s4_mixed_dynamic,7.764584357169141,1.783515740895847,False,True,True,wifi_only,18,8.5,1.5,0.2796041487467975,median
71,s4_mixed_dynamic,7.764584357169141,1.783515740895847,False,True,True,vlp_only,18,8.5,1.5,0.9999999998977496,median
71,s4_mixed_dynamic,7.764584357169141,1.783515740895847,False,True,True,static_fusion,18,8.5,1.5,0.6398020743222735,median
72,s4_mixed_dynamic,7.724461665749093,1.919199890822522,False,True,True,wifi_only,28,8.5,2.5,0.20473480318835555,median
72,s4_mixed_dynamic,7.724461665749093,1.919199890822522,False,True,True,vlp_only,17,7.5,1.5,0.8718541720804438,median
72,s4_mixed_dynamic,7.724461665749093,1.919199890822522,False,True,True,static_fusion,17,7.5,1.5,0.5181719205172961,median
73,s4_mixed_dynamic,7.434410446855592,2.196460502510213,False,True,True,wifi_only,17,7.5,1.5,0.38407252834392835,median
73,s4_mixed_dynamic,7.434410446855592,2.196460502510213,False,True,True,vlp_only,17,7.5,1.5,0.9999856004003148,median
73,s4_mixed_dynamic,7.434410446855592,2.196460502510213,False,True,True,static_fusion,17,7.5,1.5,0.6920290643721215,median
74,s4_mixed_dynamic,7.329501734941545,2.341512908882469,False,False,True,wifi_only,17,7.5,1.5,0.37018602203744233,median
74,s4_mixed_dynamic,7.329501734941545,2.341512908882469,False,False,True,vlp_only,17,7.5,1.5,0.9999999998029568,median
74,s4_mixed_dynamic,7.329501734941545,2.341512908882469,False,False,True,static_fusion,17,7.5,1.5,0.6850930109201995,median
75,s4_mixed_dynamic,7.071931175766185,2.639246667376174,False,False,True,wifi_only,27,7.5,2.5,0.2559960779087557,median
75,s4_mixed_dynamic,7.071931175766185,2.639246667376174,False,False,True,vlp_only,17,7.5,1.5,0.9966627952441199,median
75,s4_mixed_dynamic,7.071931175766185,2.639246667376174,False,False,True,static_fusion,17,7.5,1.5,0.6198719737919863,median
76,s4_mixed_dynamic,6.978026390337671,2.8586906033898587,False,False,True,wifi_only,27,7.5,2.5,0.23525065197546247,median
76,s4_mixed_dynamic,6.978026390337671,2.8586906033898587,False,False,True,vlp_only,27,7.5,2.5,0.999642602312497,median
76,s4_mixed_dynamic,6.978026390337671,2.8586906033898587,False,False,True,static_fusion,27,7.5,2.5,0.6174466271439798,median
77,s4_mixed_dynamic,7.056281076272732,3.07562739707137,False,False,True,wifi_only,27,7.5,2.5,0.2223983277582167,median
77,s4_mixed_dynamic,7.056281076272732,3.07562739707137,False,False,True,vlp_only,27,7.5,2.5,0.9999999999010002,median
77,s4_mixed_dynamic,7.056281076272732,3.07562739707137,False,False,True,static_fusion,27,7.5,2.5,0.6111991638296086,median
78,s4_mixed_dynamic,6.986478911581751,3.499417790512807,False,False,True,wifi_only,26,6.5,2.5,0.1941391369236374,median
78,s4_mixed_dynamic,6.986478911581751,3.499417790512807,False,False,True,vlp_only,26,6.5,2.5,0.9286623561813304,median
78,s4_mixed_dynamic,6.986478911581751,3.499417790512807,False,False,True,static_fusion,26,6.5,2.5,0.561400746552484,median
79,s4_mixed_dynamic,7.059635179641974,3.643912026483358,False,False,True,wifi_only,26,6.5,2.5,0.2131662011798698,median
79,s4_mixed_dynamic,7.059635179641974,3.643912026483358,False,False,True,vlp_only,37,7.5,3.5,0.9999999999010002,median
79,s4_mixed_dynamic,7.059635179641974,3.643912026483358,False,False,True,static_fusion,37,7.5,3.5,0.572590049228054,median
80,s4_mixed_dynamic,7.111230980212548,3.866216527347812,True,False,True,wifi_only,26,6.5,2.5,0.21330480109788616,median
80,s4_mixed_dynamic,7.111230980212548,3.866216527347812,True,False,True,vlp_only,37,7.5,3.5,0.9999999999010002,median
80,s4_mixed_dynamic,7.111230980212548,3.866216527347812,True,False,True,static_fusion,37,7.5,3.5,0.5786457386597054,median
81,s4_mixed_dynamic,7.093666462300226,4.151666727840037,True,False,True,wifi_only,37,7.5,3.5,0.19013360060133122,median
81,s4_mixed_dynamic,7.093666462300226,4.151666727840037,True,False,True,vlp_only,36,6.5,3.5,0.9999999999010002,median
81,s4_mixed_dynamic,7.093666462300226,4.151666727840037,True,False,True,static_fusion,36,6.5,3.5,0.5765545175370912,median
82,s4_mixed_dynamic,7.179940304559092,4.40982120831966,True,False,True,wifi_only,37,7.5,3.5,0.17142711727990104,median
82,s4_mixed_dynamic,7.179940304559092,4.40982120831966,True,False,True,vlp_only,36,6.5,3.5,0.9999999999010002,median
82,s4_mixed_dynamic,7.179940304559092,4.40982120831966,True,False,True,static_fusion,36,6.5,3.5,0.5623354193410207,median
83,s4_mixed_dynamic,7.389306456175779,4.728806808316636,True,False,True,wifi_only,48,8.5,4.5,0.19728781575197596,median
83,s4_mixed_dynamic,7.389306456175779,4.728806808316636,True,False,True,vlp_only,47,7.5,4.5,0.9999999999010002,median
83,s4_mixed_dynamic,7.389306456175779,4.728806808316636,True,False,True,static_fusion,47,7.5,4.5,0.5593862638663823,median
84,s4_mixed_dynamic,7.471099094223947,5.062300262899215,True,False,True,wifi_only,48,8.5,4.5,0.19689423787373173,median
84,s4_mixed_dynamic,7.471099094223947,5.062300262899215,True,False,True,vlp_only,47,7.5,4.5,0.9999999999010002,median
84,s4_mixed_dynamic,7.471099094223947,5.062300262899215,True,False,True,static_fusion,47,7.5,4.5,0.559841154566559,median
85,s4_mixed_dynamic,7.639476103338564,5.452330212055501,True,False,True,wifi_only,48,8.5,4.5,0.16797374597005355,median
85,s4_mixed_dynamic,7.639476103338564,5.452330212055501,True,False,True,vlp_only,47,7.5,4.5,0.9999999998245422,median
85,s4_mixed_dynamic,7.639476103338564,5.452330212055501,True,False,True,static_fusion,47,7.5,4.5,0.5526706926939003,median
86,s4_mixed_dynamic,7.590210281547375,5.578300437724326,True,False,True,wifi_only,69,9.5,6.5,0.25777305588935007,median
86,s4_mixed_dynamic,7.590210281547375,5.578300437724326,True,False,True,vlp_only,59,9.5,5.5,0.7652696545378996,median
86,s4_mixed_dynamic,7.590210281547375,5.578300437724326,True,False,True,static_fusion,59,9.5,5.5,0.4374650045916173,median
87,s4_mixed_dynamic,7.462795792010998,5.791477714093946,True,False,True,wifi_only,69,9.5,6.5,0.23344990979702526,median
87,s4_mixed_dynamic,7.462795792010998,5.791477714093946,True,False,True,vlp_only,57,7.5,5.5,0.9999999670318866,median
87,s4_mixed_dynamic,7.462795792010998,5.791477714093946,True,False,True,static_fusion,57,7.5,5.5,0.5178501337105952,median
88,s4_mixed_dynamic,7.440607753073426,5.980848219358611,True,False,True,wifi_only,68,8.5,6.5,0.12861159201497324,median
88,s4_mixed_dynamic,7.440607753073426,5.980848219358611,True,False,True,vlp_only,57,7.5,5.5,0.9999999998983317,median
88,s4_mixed_dynamic,7.440607753073426,5.980848219358611,True,False,True,static_fusion,57,7.5,5.5,0.5272379918761839,median
89,s4_mixed_dynamic,7.440906125309533,6.113793031097752,True,False,True,wifi_only,79,9.5,7.5,0.1491528869461622,median
89,s4_mixed_dynamic,7.440906125309533,6.113793031097752,True,False,True,vlp_only,57,7.5,5.5,0.9999999999004665,median
89,s4_mixed_dynamic,7.440906125309533,6.113793031097752,True,False,True,static_fusion,57,7.5,5.5,0.5206736647795824,median
90,s4_mixed_dynamic,7.279806471044582,6.464561962588011,True,False,True,wifi_only,69,9.5,6.5,0.21633149794436973,median
90,s4_mixed_dynamic,7.279806471044582,6.464561962588011,True,False,True,vlp_only,66,6.5,6.5,0.9999999999010001,median
90,s4_mixed_dynamic,7.279806471044582,6.464561962588011,True,False,True,static_fusion,66,6.5,6.5,0.500046081183077,median
91,s4_mixed_dynamic,7.195775699002211,6.545903417221667,True,False,True,wifi_only,61,1.5,6.5,0.13340975886034284,median
91,s4_mixed_dynamic,7.195775699002211,6.545903417221667,True,False,True,vlp_only,66,6.5,6.5,0.9999999999010001,median
91,s4_mixed_dynamic,7.195775699002211,6.545903417221667,True,False,True,static_fusion,66,6.5,6.5,0.5008583903351141,median
92,s4_mixed_dynamic,7.071679731335141,6.664553875446808,True,False,True,wifi_only,61,1.5,6.5,0.13340975886034284,median
92,s4_mixed_dynamic,7.071679731335141,6.664553875446808,True,False,True,vlp_only,67,7.5,6.5,0.9999999999010001,median
92,s4_mixed_dynamic,7.071679731335141,6.664553875446808,True,False,True,static_fusion,67,7.5,6.5,0.5019145189779186,median
93,s4_mixed_dynamic,6.88601961932652,6.885266262387327,False,False,True,wifi_only,79,9.5,7.5,0.14668606925822983,median
93,s4_mixed_dynamic,6.88601961932652,6.885266262387327,False,False,True,vlp_only,67,7.5,6.5,0.9999999999010001,median
93,s4_mixed_dynamic,6.88601961932652,6.885266262387327,False,False,True,static_fusion,67,7.5,6.5,0.5246525443465548,median
94,s4_mixed_dynamic,6.836265376227635,7.09347815473235,False,False,True,wifi_only,78,8.5,7.5,0.08207144085157113,median
94,s4_mixed_dynamic,6.836265376227635,7.09347815473235,False,False,True,vlp_only,67,7.5,6.5,0.9999999999010001,median
94,s4_mixed_dynamic,6.836265376227635,7.09347815473235,False,False,True,static_fusion,67,7.5,6.5,0.5338420436199822,median
95,s4_mixed_dynamic,6.749970613133377,7.2047970050942345,False,False,True,wifi_only,77,7.5,7.5,0.1446545339619143,median
95,s4_mixed_dynamic,6.749970613133377,7.2047970050942345,False,False,True,vlp_only,67,7.5,6.5,0.9998656371794147,median
95,s4_mixed_dynamic,6.749970613133377,7.2047970050942345,False,False,True,static_fusion,67,7.5,6.5,0.5286023946726048,median
96,s4_mixed_dynamic,6.520102407663193,7.416654680272662,False,False,True,wifi_only,77,7.5,7.5,0.1555079110428007,median
96,s4_mixed_dynamic,6.520102407663193,7.416654680272662,False,False,True,vlp_only,76,6.5,7.5,0.9999999999010001,median
96,s4_mixed_dynamic,6.520102407663193,7.416654680272662,False,False,True,static_fusion,76,6.5,7.5,0.5304583080524237,median
97,s4_mixed_dynamic,6.235078071420909,7.80527981884087,False,False,True,wifi_only,76,6.5,7.5,0.1490930173266934,median
97,s4_mixed_dynamic,6.235078071420909,7.80527981884087,False,False,True,vlp_only,76,6.5,7.5,0.9999999999010001,median
97,s4_mixed_dynamic,6.235078071420909,7.80527981884087,False,False,True,static_fusion,76,6.5,7.5,0.5745465086138467,median
98,s4_mixed_dynamic,5.98823397903378,7.93574951314563,False,False,True,wifi_only,76,6.5,7.5,0.14302788370569783,median
98,s4_mixed_dynamic,5.98823397903378,7.93574951314563,False,False,True,vlp_only,76,6.5,7.5,0.9999999999010001,median
98,s4_mixed_dynamic,5.98823397903378,7.93574951314563,False,False,True,static_fusion,76,6.5,7.5,0.5715139418033489,median
99,s4_mixed_dynamic,5.822657938153183,7.968265377624689,False,False,True,wifi_only,86,6.5,8.5,0.17092072237345562,median
99,s4_mixed_dynamic,5.822657938153183,7.968265377624689,False,False,True,vlp_only,86,6.5,8.5,0.6970650483860693,median
99,s4_mixed_dynamic,5.822657938153183,7.968265377624689,False,False,True,static_fusion,86,6.5,8.5,0.4339928853797623,median
0,s4_mixed_dynamic,8.548260044884431,3.875368266732585,False,False,True,wifi_only,39,9.5,3.5,0.21328416950968565,ema
0,s4_mixed_dynamic,8.548260044884431,3.875368266732585,False,False,True,vlp_only,39,9.5,3.5,0.9999999999010002,ema
0,s4_mixed_dynamic,8.548260044884431,3.875368266732585,False,False,True,static_fusion,39,9.5,3.5,0.6066420847053428,ema
1,s4_mixed_dynamic,8.648647791547123,3.682160416153107,False,False,True,wifi_only,38,8.5,3.5,0.22997190228096448,ema
1,s4_mixed_dynamic,8.648647791547123,3.682160416153107,False,False,True,vlp_only,39,9.5,3.5,0.9999999999010002,ema
1,s4_mixed_dynamic,8.648647791547123,3.682160416153107,False,False,True,static_fusion,39,9.5,3.5,0.5897880061669164,ema
2,s4_mixed_dynamic,8.904314502785434,3.314602216855924,False,False,True,wifi_only,38,8.5,3.5,0.2080598969283639,ema
2,s4_mixed_dynamic,8.904314502785434,3.314602216855924,False,False,True,vlp_only,38,8.5,3.5,0.9999999999010002,ema
2,s4_mixed_dynamic,8.904314502785434,3.314602216855924,False,False,True,static_fusion,38,8.5,3.5,0.604029948414682,ema
3,s4_mixed_dynamic,9.310389003930128,3.04167485894367,False,False,True,wifi_only,38,8.5,3.5,0.24069419357391547,ema
3,s4_mixed_dynamic,9.310389003930128,3.04167485894367,False,False,True,vlp_only,38,8.5,3.5,0.9999999999010002,ema
3,s4_mixed_dynamic,9.310389003930128,3.04167485894367,False,False,True,static_fusion,38,8.5,3.5,0.6203470967374578,ema
4,s4_mixed_dynamic,9.706838327803332,2.8964874698404373,False,False,True,wifi_only,27,7.5,2.5,0.2527816014170115,ema
4,s4_mixed_dynamic,9.706838327803332,2.8964874698404373,False,False,True,vlp_only,38,8.5,3.5,0.9999999914636802,ema
4,s4_mixed_dynamic,9.706838327803332,2.8964874698404373,False,False,True,static_fusion,38,8.5,3.5,0.5799068744120865,ema
5,s4_mixed_dynamic,9.41844096729231,2.900422758078939,False,False,True,wifi_only,28,8.5,2.5,0.2414010129691793,ema
5,s4_mixed_dynamic,9.41844096729231,2.900422758078939,False,False,True,vlp_only,29,9.5,2.5,0.5377039469115313,ema
5,s4_mixed_dynamic,9.41844096729231,2.900422758078939,False,False,True,static_fusion,29,9.5,2.5,0.3615467642565316,ema
6,s4_mixed_dynamic,8.964378339140287,2.9597287260816096,False,False,True,wifi_only,29,9.5,2.5,0.24758871396414014,ema
6,s4_mixed_dynamic,8.964378339140287,2.9597287260816096,False,False,True,vlp_only,29,9.5,2.5,0.9999984062933723,ema
6,s4_mixed_dynamic,8.964378339140287,2.9597287260816096,False,False,True,static_fusion,29,9.5,2.5,0.6237935601287562,ema
7,s4_mixed_dynamic,8.774353844140126,3.131454780222936,False,False,True,wifi_only,29,9.5,2.5,0.23633614604203548,ema
7,s4_mixed_dynamic,8.774353844140126,3.131454780222936,False,False,True,vlp_only,29,9.5,2.5,0.9999127382089945,ema
7,s4_mixed_dynamic,8.774353844140126,3.131454780222936,False,False,True,static_fusion,29,9.5,2.5,0.618124442125515,ema
8,s4_mixed_dynamic,8.418152736801511,3.188810020474088,False,False,True,wifi_only,39,9.5,3.5,0.2231668676911418,ema
8,s4_mixed_dynamic,8.418152736801511,3.188810020474088,False,False,True,vlp_only,38,8.5,3.5,0.999756463735826,ema
8,s4_mixed_dynamic,8.418152736801511,3.188810020474088,False,False,True,static_fusion,38,8.5,3.5,0.6031364221254638,ema
9,s4_mixed_dynamic,8.165062128503568,3.3554638975618585,False,False,True,wifi_only,39,9.5,3.5,0.2519141478738302,ema
9,s4_mixed_dynamic,8.165062128503568,3.3554638975618585,False,False,True,vlp_only,38,8.5,3.5,0.9999999999010002,ema
9,s4_mixed_dynamic,8.165062128503568,3.3554638975618585,False,False,True,static_fusion,38,8.5,3.5,0.5868255624225082,ema
10,s4_mixed_dynamic,8.047852018915972,3.3896047138916883,True,False,True,wifi_only,29,9.5,2.5,0.4310682163555462,ema
10,s4_mixed_dynamic,8.047852018915972,3.3896047138916883,True,False,True,vlp_only,38,8.5,3.5,0.9999999998882729,ema
10,s4_mixed_dynamic,8.047852018915972,3.3896047138916883,True,False,True,static_fusion,38,8.5,3.5,0.5225096669592577,ema
11,s4_mixed_dynamic,7.628992597812742,3.5120336380508936,True,False,True,wifi_only,39,9.5,3.5,0.37031100786056137,ema
11,s4_mixed_dynamic,7.628992597812742,3.5120336380508936,True,False,True,vlp_only,38,8.5,3.5,0.9997201600959005,ema
11,s4_mixed_dynamic,7.628992597812742,3.5120336380508936,True,False,True,static_fusion,38,8.5,3.5,0.6216720909439107,ema
12,s4_mixed_dynamic,7.264240580596287,3.551955010215912,True,False,True,wifi_only,39,9.5,3.5,0.4464173882636741,ema
12,s4_mixed_dynamic,7.264240580596287,3.551955010215912,True,False,True,vlp_only,37,7.5,3.5,0.999361870704479,ema
12,s4_mixed_dynamic,7.264240580596287,3.551955010215912,True,False,True,static_fusion,37,7.5,3.5,0.5213161801824439,ema
13,s4_mixed_dynamic,6.807654944686304,3.3798711617406227,True,False,True,wifi_only,26,6.5,2.5,0.1664731497505374,ema
13,s4_mixed_dynamic,6.807654944686304,3.3798711617406227,True,False,True,vlp_only,37,7.5,3.5,0.9999999999010002,ema
13,s4_mixed_dynamic,6.807654944686304,3.3798711617406227,True,False,True,static_fusion,37,7.5,3.5,0.5466928423871101,ema
14,s4_mixed_dynamic,6.644376635151973,3.2678225998295574,True,False,True,wifi_only,6,6.5,0.5,0.5236356574955402,ema
14,s4_mixed_dynamic,6.644376635151973,3.2678225998295574,True,False,True,vlp_only,37,7.5,3.5,0.9999999999010002,ema
14,s4_mixed_dynamic,6.644376635151973,3.2678225998295574,True,False,True,static_fusion,37,7.5,3.5,0.5023011245399807,ema
15,s4_mixed_dynamic,6.164360277507891,3.220123101722137,True,False,True,wifi_only,39,9.5,3.5,0.19311015837532128,ema
15,s4_mixed_dynamic,6.164360277507891,3.220123101722137,True,False,True,vlp_only,36,6.5,3.5,0.9999999999010002,ema
15,s4_mixed_dynamic,6.164360277507891,3.220123101722137,True,False,True,static_fusion,36,6.5,3.5,0.5088670992379827,ema
16,s4_mixed_dynamic,5.921670782647944,3.170353913208966,True,False,True,wifi_only,26,6.5,2.5,0.17946899938497748,ema
16,s4_mixed_dynamic,5.921670782647944,3.170353913208966,True,False,True,vlp_only,36,6.5,3.5,0.9999999999010002,ema
16,s4_mixed_dynamic,5.921670782647944,3.170353913208966,True,False,True,static_fusion,36,6.5,3.5,0.5531876787259052,ema
17,s4_mixed_dynamic,5.679154300480839,2.9818995639648525,True,False,True,wifi_only,26,6.5,2.5,0.24558820791097166,ema
17,s4_mixed_dynamic,5.679154300480839,2.9818995639648525,True,False,True,vlp_only,36,6.5,3.5,0.9999999999010002,ema
17,s4_mixed_dynamic,5.679154300480839,2.9818995639648525,True,False,True,static_fusion,36,6.5,3.5,0.5701206364081011,ema
18,s4_mixed_dynamic,5.40719635144305,2.708371836226452,True,False,True,wifi_only,35,5.5,3.5,0.18773166151716464,ema
18,s4_mixed_dynamic,5.40719635144305,2.708371836226452,True,False,True,vlp_only,25,5.5,2.5,0.9999999999010002,ema
18,s4_mixed_dynamic,5.40719635144305,2.708371836226452,True,False,True,static_fusion,25,5.5,2.5,0.549361902903247,ema
19,s4_mixed_dynamic,5.231798982702207,2.4839699101632213,True,False,True,wifi_only,36,6.5,3.5,0.15657320606890446,ema
19,s4_mixed_dynamic,5.231798982702207,2.4839699101632213,True,False,True,vlp_only,25,5.5,2.5,0.9999999999010002,ema
19,s4_mixed_dynamic,5.231798982702207,2.4839699101632213,True,False,True,static_fusion,25,5.5,2.5,0.5727904307124649,ema
20,s4_mixed_dynamic,5.28923634607891,2.192766390499288,False,False,True,wifi_only,36,6.5,3.5,0.152491972710637,ema
20,s4_mixed_dynamic,5.28923634607891,2.192766390499288,False,False,True,vlp_only,25,5.5,2.5,0.9999999999010002,ema
20,s4_mixed_dynamic,5.28923634607891,2.192766390499288,False,False,True,static_fusion,25,5.5,2.5,0.5621948605156875,ema
21,s4_mixed_dynamic,5.38054459804343,2.090291333531373,False,False,True,wifi_only,25,5.5,2.5,0.18561083035970463,ema
21,s4_mixed_dynamic,5.38054459804343,2.090291333531373,False,False,True,vlp_only,25,5.5,2.5,0.9999999978380627,ema
21,s4_mixed_dynamic,5.38054459804343,2.090291333531373,False,False,True,static_fusion,25,5.5,2.5,0.5928054140988835,ema
22,s4_mixed_dynamic,5.395660287878729,1.904575277898607,False,False,True,wifi_only,35,5.5,3.5,0.1726010600309618,ema
22,s4_mixed_dynamic,5.395660287878729,1.904575277898607,False,False,True,vlp_only,25,5.5,2.5,0.999778599390004,ema
22,s4_mixed_dynamic,5.395660287878729,1.904575277898607,False,False,True,static_fusion,25,5.5,2.5,0.5818282100421452,ema
23,s4_mixed_dynamic,5.346981386445022,1.7399481748937806,False,False,True,wifi_only,25,5.5,2.5,0.1524771983812028,ema
23,s4_mixed_dynamic,5.346981386445022,1.7399481748937806,False,False,True,vlp_only,15,5.5,1.5,0.9810698172836966,ema
23,s4_mixed_dynamic,5.346981386445022,1.7399481748937806,False,False,True,static_fusion,15,5.5,1.5,0.5632086160682215,ema
24,s4_mixed_dynamic,5.356397214861652,1.3990305548570758,False,False,True,wifi_only,15,5.5,1.5,0.16389362258373766,ema
24,s4_mixed_dynamic,5.356397214861652,1.3990305548570758,False,False,True,vlp_only,15,5.5,1.5,0.9999955553938742,ema
24,s4_mixed_dynamic,5.356397214861652,1.3990305548570758,False,False,True,static_fusion,15,5.5,1.5,0.5819445889888059,ema
25,s4_mixed_dynamic,5.55511192506875,1.1971395250192285,False,True,True,wifi_only,5,5.5,0.5,0.2279086053226844,ema
25,s4_mixed_dynamic,5.55511192506875,1.1971395250192285,False,True,True,vlp_only,15,5.5,1.5,0.9999999999010003,ema
25,s4_mixed_dynamic,5.55511192506875,1.1971395250192285,False,True,True,static_fusion,15,5.5,1.5,0.584900803348571,ema
26,s4_mixed_dynamic,5.644488914276651,1.1264421585125568,False,True,True,wifi_only,5,5.5,0.5,0.23579775239490727,ema
26,s4_mixed_dynamic,5.644488914276651,1.1264421585125568,False,True,True,vlp_only,5,5.5,0.5,0.9999999999010003,ema
26,s4_mixed_dynamic,5.644488914276651,1.1264421585125568,False,True,True,static_fusion,5,5.5,0.5,0.6178988761479538,ema
27,s4_mixed_dynamic,5.99191614365339,0.7779056103368667,False,True,True,wifi_only,15,5.5,1.5,0.23142427055454495,ema
27,s4_mixed_dynamic,5.99191614365339,0.7779056103368667,False,True,True,vlp_only,5,5.5,0.5,0.9999999999010003,ema
27,s4_mixed_dynamic,5.99191614365339,0.7779056103368667,False,True,True,static_fusion,5,5.5,0.5,0.6156759489971246,ema
28,s4_mixed_dynamic,6.3719359824611015,0.5133126785859624,False,True,True,wifi_only,16,6.5,1.5,0.20897572369496598,ema
28,s4_mixed_dynamic,6.3719359824611015,0.5133126785859624,False,True,True,vlp_only,5,5.5,0.5,0.9999999999010003,ema
28,s4_mixed_dynamic,6.3719359824611015,0.5133126785859624,False,True,True,static_fusion,5,5.5,0.5,0.5668503767597233,ema
29,s4_mixed_dynamic,6.642725720701172,0.2610300095402053,False,True,True,wifi_only,6,6.5,0.5,0.25718634743899327,ema
29,s4_mixed_dynamic,6.642725720701172,0.2610300095402053,False,True,True,vlp_only,5,5.5,0.5,0.9999999999010003,ema
29,s4_mixed_dynamic,6.642725720701172,0.2610300095402053,False,True,True,static_fusion,5,5.5,0.5,0.5651934465666907,ema
30,s4_mixed_dynamic,6.746242668239441,0.1917048919949815,False,True,True,wifi_only,6,6.5,0.5,0.2670373887559971,ema
30,s4_mixed_dynamic,6.746242668239441,0.1917048919949815,False,True,True,vlp_only,9,9.5,0.5,0.9999999999010003,ema
30,s4_mixed_dynamic,6.746242668239441,0.1917048919949815,False,True,True,static_fusion,9,9.5,0.5,0.5000000077880349,ema
31,s4_mixed_dynamic,6.356442515941112,0.4369455288091974,False,True,True,wifi_only,16,6.5,1.5,0.23504998427481139,ema
31,s4_mixed_dynamic,6.356442515941112,0.4369455288091974,False,True,True,vlp_only,6,6.5,0.5,0.9999999999010003,ema
31,s4_mixed_dynamic,6.356442515941112,0.4369455288091974,False,True,True,static_fusion,6,6.5,0.5,0.589323627712872,ema
32,s4_mixed_dynamic,6.090439232524188,0.6864641265250186,False,True,True,wifi_only,16,6.5,1.5,0.26723719897240933,ema
32,s4_mixed_dynamic,6.090439232524188,0.6864641265250186,False,True,True,vlp_only,6,6.5,0.5,0.9999999999010003,ema
32,s4_mixed_dynamic,6.090439232524188,0.6864641265250186,False,True,True,static_fusion,6,6.5,0.5,0.6045015592423683,ema
33,s4_mixed_dynamic,5.949226125977861,0.8518939098654703,False,True,True,wifi_only,16,6.5,1.5,0.25811645117808285,ema
33,s4_mixed_dynamic,5.949226125977861,0.8518939098654703,False,True,True,vlp_only,5,5.5,0.5,0.9999999999010003,ema
33,s4_mixed_dynamic,5.949226125977861,0.8518939098654703,False,True,True,static_fusion,5,5.5,0.5,0.5134604379263334,ema
34,s4_mixed_dynamic,5.8095047430555145,1.1091466717902831,False,True,True,wifi_only,6,6.5,0.5,0.20415939039767433,ema
34,s4_mixed_dynamic,5.8095047430555145,1.1091466717902831,False,True,True,vlp_only,5,5.5,0.5,0.9999999999010003,ema
34,s4_mixed_dynamic,5.8095047430555145,1.1091466717902831,False,True,True,static_fusion,5,5.5,0.5,0.5638124136883228,ema
35,s4_mixed_dynamic,5.579978519259318,1.272432489793561,False,True,True,wifi_only,5,5.5,0.5,0.2400600342191159,ema
35,s4_mixed_dynamic,5.579978519259318,1.272432489793561,False,True,True,vlp_only,5,5.5,0.5,0.9999999999010003,ema
35,s4_mixed_dynamic,5.579978519259318,1.272432489793561,False,True,True,static_fusion,5,5.5,0.5,0.6200300170600581,ema
36,s4_mixed_dynamic,5.338528190625762,1.3036592905789073,False,False,True,wifi_only,15,5.5,1.5,0.2223764115734965,ema
36,s4_mixed_dynamic,5.338528190625762,1.3036592905789073,False,False,True,vlp_only,5,5.5,0.5,0.9999999999010003,ema
36,s4_mixed_dynamic,5.338528190625762,1.3036592905789073,False,False,True,static_fusion,5,5.5,0.5,0.5960711324558273,ema
37,s4_mixed_dynamic,4.912072310282084,1.4157812756540196,False,False,True,wifi_only,5,5.5,0.5,0.2687156374186244,ema
37,s4_mixed_dynamic,4.912072310282084,1.4157812756540196,False,False,True,vlp_only,5,5.5,0.5,0.9999999999010003,ema
37,s4_mixed_dynamic,4.912072310282084,1.4157812756540196,False,False,True,static_fusion,5,5.5,0.5,0.6343578186598122,ema
38,s4_mixed_dynamic,4.826303961432351,1.586236364932186,False,False,True,wifi_only,24,4.5,2.5,0.16937319582486718,ema
38,s4_mixed_dynamic,4.826303961432351,1.586236364932186,False,False,True,vlp_only,5,5.5,0.5,0.9999999999010003,ema
38,s4_mixed_dynamic,4.826303961432351,1.586236364932186,False,False,True,static_fusion,5,5.5,0.5,0.5320540663250842,ema
39,s4_mixed_dynamic,4.8018178978276085,1.8759997678234683,False,False,True,wifi_only,25,5.5,2.5,0.17435989400111465,ema
39,s4_mixed_dynamic,4.8018178978276085,1.8759997678234683,False,False,True,vlp_only,5,5.5,0.5,0.9999999998908677,ema
39,s4_mixed_dynamic,4.8018178978276085,1.8759997678234683,False,False,True,static_fusion,5,5.5,0.5,0.549927598452869,ema
40,s4_mixed_dynamic,4.769561461430565,2.1910721381589235,False,False,True,wifi_only,25,5.5,2.5,0.17794123251566263,ema
40,s4_mixed_dynamic,4.769561461430565,2.1910721381589235,False,False,True,vlp_only,4,4.5,0.5,0.9957866419496502,ema
40,s4_mixed_dynamic,4.769561461430565,2.1910721381589235,False,False,True,static_fusion,4,4.5,0.5,0.5269068848386299,ema
41,s4_mixed_dynamic,4.525918490013359,2.572296491893161,False,False,True,wifi_only,25,5.5,2.5,0.19098725796443708,ema
41,s4_mixed_dynamic,4.525918490013359,2.572296491893161,False,False,True,vlp_only,14,4.5,1.5,0.5801955064813931,ema
41,s4_mixed_dynamic,4.525918490013359,2.572296491893161,False,False,True,static_fusion,14,4.5,1.5,0.3270679691069587,ema
42,s4_mixed_dynamic,4.603145206950584,2.691606464543516,False,False,True,wifi_only,24,4.5,2.5,0.18945839544649612,ema
42,s4_mixed_dynamic,4.603145206950584,2.691606464543516,False,False,True,vlp_only,24,4.5,2.5,0.9999743135998971,ema
42,s4_mixed_dynamic,4.603145206950584,2.691606464543516,False,False,True,static_fusion,24,4.5,2.5,0.5947163545231966,ema
43,s4_mixed_dynamic,4.636858519470941,2.83301729155527,False,False,True,wifi_only,24,4.5,2.5,0.2018254601358953,ema
43,s4_mixed_dynamic,4.636858519470941,2.83301729155527,False,False,True,vlp_only,24,4.5,2.5,0.9999999911260715,ema
43,s4_mixed_dynamic,4.636858519470941,2.83301729155527,False,False,True,static_fusion,24,4.5,2.5,0.6009127256309833,ema
44,s4_mixed_dynamic,4.734121569139968,3.1877348970907184,False,False,True,wifi_only,24,4.5,2.5,0.19338335470845325,ema
44,s4_mixed_dynamic,4.734121569139968,3.1877348970907184,False,False,True,vlp_only,24,4.5,2.5,0.98546535048256,ema
44,s4_mixed_dynamic,4.734121569139968,3.1877348970907184,False,False,True,static_fusion,24,4.5,2.5,0.5894243525955064,ema
45,s4_mixed_dynamic,4.820450082367587,3.2794971977323337,True,False,True,wifi_only,35,5.5,3.5,0.19206444011515653,ema
45,s4_mixed_dynamic,4.820450082367587,3.2794971977323337,True,False,True,vlp_only,34,4.5,3.5,0.9999999999010002,ema
45,s4_mixed_dynamic,4.820450082367587,3.2794971977323337,True,False,True,static_fusion,34,4.5,3.5,0.5388917268366638,ema
46,s4_mixed_dynamic,5.062857013263392,3.3252726841438496,True,False,True,wifi_only,26,6.5,2.5,0.1919461233772018,ema
46,s4_mixed_dynamic,5.062857013263392,3.3252726841438496,True,False,True,vlp_only,34,4.5,3.5,0.9999999999010002,ema
46,s4_mixed_dynamic,5.062857013263392,3.3252726841438496,True,False,True,static_fusion,34,4.5,3.5,0.5007614247567268,ema
47,s4_mixed_dynamic,5.223527674927983,3.3636079119505795,True,False,True,wifi_only,37,7.5,3.5,0.19367423576202075,ema
47,s4_mixed_dynamic,5.223527674927983,3.3636079119505795,True,False,True,vlp_only,34,4.5,3.5,0.9999999999010002,ema
47,s4_mixed_dynamic,5.223527674927983,3.3636079119505795,True,False,True,static_fusion,34,4.5,3.5,0.5001422006401494,ema
48,s4_mixed_dynamic,5.715643126853525,3.4347811219492,True,False,True,wifi_only,26,6.5,2.5,0.18927835348848657,ema
48,s4_mixed_dynamic,5.715643126853525,3.4347811219492,True,False,True,vlp_only,35,5.5,3.5,0.9999999999010002,ema
48,s4_mixed_dynamic,5.715643126853525,3.4347811219492,True,False,True,static_fusion,35,5.5,3.5,0.521968811717773,ema
49,s4_mixed_dynamic,6.036475943181564,3.33849425496013,True,False,True,wifi_only,36,6.5,3.5,0.12973964789157055,ema
49,s4_mixed_dynamic,6.036475943181564,3.33849425496013,True,False,True,vlp_only,35,5.5,3.5,0.9999999999010002,ema
49,s4_mixed_dynamic,6.036475943181564,3.33849425496013,True,False,True,static_fusion,35,5.5,3.5,0.5245857201011006,ema
50,s4_mixed_dynamic,6.26597077792921,3.2310160910129526,True,False,True,wifi_only,37,7.5,3.5,0.1527288028319238,ema
50,s4_mixed_dynamic,6.26597077792921,3.2310160910129526,True,False,True,vlp_only,25,5.5,2.5,0.9999999999010002,ema
50,s4_mixed_dynamic,6.26597077792921,3.2310160910129526,True,False,True,static_fusion,25,5.5,2.5,0.5121741576330803,ema
51,s4_mixed_dynamic,6.557154939381723,3.0499936079927075,True,False,True,wifi_only,37,7.5,3.5,0.18895768621879883,ema
51,s4_mixed_dynamic,6.557154939381723,3.0499936079927075,True,False,True,vlp_only,36,6.5,3.5,0.9999999999010002,ema
51,s4_mixed_dynamic,6.557154939381723,3.0499936079927075,True,False,True,static_fusion,36,6.5,3.5,0.5450499592079256,ema
52,s4_mixed_dynamic,6.7452470995562726,2.868494108966797,True,False,True,wifi_only,16,6.5,1.5,0.2733165518275427,ema
52,s4_mixed_dynamic,6.7452470995562726,2.868494108966797,True,False,True,vlp_only,36,6.5,3.5,0.9999999999010002,ema
52,s4_mixed_dynamic,6.7452470995562726,2.868494108966797,True,False,True,static_fusion,36,6.5,3.5,0.503689705509834,ema
53,s4_mixed_dynamic,6.89633119872926,2.646701910339533,True,False,True,wifi_only,5,5.5,0.5,0.2112367676725025,ema
53,s4_mixed_dynamic,6.89633119872926,2.646701910339533,True,False,True,vlp_only,26,6.5,2.5,0.9999999999010002,ema
53,s4_mixed_dynamic,6.89633119872926,2.646701910339533,True,False,True,static_fusion,26,6.5,2.5,0.5477906580210409,ema
54,s4_mixed_dynamic,7.093839490462012,2.230395250989873,True,False,True,wifi_only,15,5.5,1.5,0.2239816937033372,ema
54,s4_mixed_dynamic,7.093839490462012,2.230395250989873,True,False,True,vlp_only,26,6.5,2.5,0.9999999999010002,ema
54,s4_mixed_dynamic,7.093839490462012,2.230395250989873,True,False,True,static_fusion,26,6.5,2.5,0.5434951063014901,ema
55,s4_mixed_dynamic,7.327799421114381,2.083866639869165,True,False,True,wifi_only,17,7.5,1.5,0.5323920389453296,ema
55,s4_mixed_dynamic,7.327799421114381,2.083866639869165,True,False,True,vlp_only,26,6.5,2.5,0.9999999998567353,ema
55,s4_mixed_dynamic,7.327799421114381,2.083866639869165,True,False,True,static_fusion,26,6.5,2.5,0.5008268346461375,ema
56,s4_mixed_dynamic,7.4404788553418495,2.0885416935474934,True,False,True,wifi_only,16,6.5,1.5,0.30302073539252095,ema
56,s4_mixed_dynamic,7.4404788553418495,2.0885416935474934,True,False,True,vlp_only,27,7.5,2.5,0.9999989194216407,ema
56,s4_mixed_dynamic,7.4404788553418495,2.0885416935474934,True,False,True,static_fusion,27,7.5,2.5,0.527970103879853,ema
57,s4_mixed_dynamic,7.579211275373233,2.0714456103345764,True,False,True,wifi_only,17,7.5,1.5,0.5495014741706771,ema
57,s4_mixed_dynamic,7.579211275373233,2.0714456103345764,True,False,True,vlp_only,27,7.5,2.5,0.9988875395992893,ema
57,s4_mixed_dynamic,7.579211275373233,2.0714456103345764,True,False,True,static_fusion,27,7.5,2.5,0.5234639720364216,ema
58,s4_mixed_dynamic,7.844337613028887,1.6670430401807117,True,False,True,wifi_only,7,7.5,0.5,0.31900696455975713,ema
58,s4_mixed_dynamic,7.844337613028887,1.6670430401807117,True,False,True,vlp_only,17,7.5,1.5,0.9952303951645045,ema
58,s4_mixed_dynamic,7.844337613028887,1.6670430401807117,True,False,True,static_fusion,17,7.5,1.5,0.6263849480091105,ema
59,s4_mixed_dynamic,7.979950544975631,1.4630004361001532,True,False,True,wifi_only,7,7.5,0.5,0.3514420541955481,ema
59,s4_mixed_dynamic,7.979950544975631,1.4630004361001532,True,False,True,vlp_only,17,7.5,1.5,0.9999990592830639,ema
59,s4_mixed_dynamic,7.979950544975631,1.4630004361001532,True,False,True,static_fusion,17,7.5,1.5,0.6041192581065824,ema
60,s4_mixed_dynamic,8.127206923732981,1.3162437323059886,False,False,True,wifi_only,8,8.5,0.5,0.3482991150447592,ema
60,s4_mixed_dynamic,8.127206923732981,1.3162437323059886,False,False,True,vlp_only,17,7.5,1.5,0.9999901667383699,ema
60,s4_mixed_dynamic,8.127206923732981,1.3162437323059886,False,False,True,static_fusion,17,7.5,1.5,0.529708871899145,ema
61,s4_mixed_dynamic,8.189098931075993,1.1020139318013231,False,False,True,wifi_only,8,8.5,0.5,0.22355759272250728,ema
61,s4_mixed_dynamic,8.189098931075993,1.1020139318013231,False,False,True,vlp_only,17,7.5,1.5,0.9868761213830447,ema
61,s4_mixed_dynamic,8.189098931075993,1.1020139318013231,False,False,True,static_fusion,17,7.5,1.5,0.5358487475101869,ema
62,s4_mixed_dynamic,8.244559866287215,0.9834290739202508,False,False,True,wifi_only,8,8.5,0.5,0.2940967050425107,ema
62,s4_mixed_dynamic,8.244559866287215,0.9834290739202508,False,False,True,vlp_only,17,7.5,1.5,0.589090809853749,ema
62,s4_mixed_dynamic,8.244559866287215,0.9834290739202508,False,False,True,static_fusion,18,8.5,1.5,0.3345413705645338,ema
63,s4_mixed_dynamic,8.469449233099015,0.5380851752887181,False,False,True,wifi_only,8,8.5,0.5,0.29174077015915095,ema
63,s4_mixed_dynamic,8.469449233099015,0.5380851752887181,False,False,True,vlp_only,18,8.5,1.5,0.9999999909969474,ema
63,s4_mixed_dynamic,8.469449233099015,0.5380851752887181,False,False,True,static_fusion,18,8.5,1.5,0.6403163384461072,ema
64,s4_mixed_dynamic,8.61129496830597,0.2850740111733432,False,False,True,wifi_only,18,8.5,1.5,0.2949119613865138,ema
64,s4_mixed_dynamic,8.61129496830597,0.2850740111733432,False,False,True,vlp_only,8,8.5,0.5,0.9999979479714257,ema
64,s4_mixed_dynamic,8.61129496830597,0.2850740111733432,False,False,True,static_fusion,8,8.5,0.5,0.6226940225089738,ema
65,s4_mixed_dynamic,8.649656672908945,0.1829723899998202,False,True,True,wifi_only,18,8.5,1.5,0.31130702161022994,ema
65,s4_mixed_dynamic,8.649656672908945,0.1829723899998202,False,True,True,vlp_only,8,8.5,0.5,0.9999890202586876,ema
65,s4_mixed_dynamic,8.649656672908945,0.1829723899998202,False,True,True,static_fusion,8,8.5,0.5,0.6201659820161293,ema
66,s4_mixed_dynamic,8.433510539178341,0.5984305923139432,False,True,True,wifi_only,18,8.5,1.5,0.27856625438967153,ema
66,s4_mixed_dynamic,8.433510539178341,0.5984305923139432,False,True,True,vlp_only,8,8.5,0.5,0.9999999999006316,ema
66,s4_mixed_dynamic,8.433510539178341,0.5984305923139432,False,True,True,static_fusion,8,8.5,0.5,0.6287618199727825,ema
67,s4_mixed_dynamic,8.390725265666473,0.8870681197350446,False,True,True,wifi_only,18,8.5,1.5,0.26746234954052883,ema
67,s4_mixed_dynamic,8.390725265666473,0.8870681197350446,False,True,True,vlp_only,8,8.5,0.5,0.9686028172151715,ema
67,s4_mixed_dynamic,8.390725265666473,0.8870681197350446,False,True,True,static_fusion,8,8.5,0.5,0.6143043848281075,ema
68,s4_mixed_dynamic,8.28586833451047,1.075450447649671,False,True,True,wifi_only,19,9.5,1.5,0.27514434439207935,ema
68,s4_mixed_dynamic,8.28586833451047,1.075450447649671,False,True,True,vlp_only,8,8.5,0.5,0.9999999998217614,ema
68,s4_mixed_dynamic,8.28586833451047,1.075450447649671,False,True,True,static_fusion,8,8.5,0.5,0.6169639834782247,ema
69,s4_mixed_dynamic,8.00771188370768,1.2586421068158191,False,True,True,wifi_only,19,9.5,1.5,0.2714587860482733,ema
69,s4_mixed_dynamic,8.00771188370768,1.2586421068158191,False,True,True,vlp_only,18,8.5,1.5,0.9999999999010003,ema
69,s4_mixed_dynamic,8.00771188370768,1.2586421068158191,False,True,True,static_fusion,18,8.5,1.5,0.6265691541900499,ema
70,s4_mixed_dynamic,7.876253087162693,1.4325757096206515,False,True,True,wifi_only,8,8.5,0.5,0.29384899010274723,ema
70,s4_mixed_dynamic,7.876253087162693,1.4325757096206515,False,True,True,vlp_only,18,8.5,1.5,0.9999999999010003,ema
70,s4_mixed_dynamic,7.876253087162693,1.4325757096206515,False,True,True,static_fusion,18,8.5,1.5,0.640828166361717,ema
71,s4_mixed_dynamic,7.764584357169141,1.783515740895847,False,True,True,wifi_only,18,8.5,1.5,0.2948867013881794,ema
71,s4_mixed_dynamic,7.764584357169141,1.783515740895847,False,True,True,vlp_only,18,8.5,1.5,0.9999999999010003,ema
71,s4_mixed_dynamic,7.764584357169141,1.783515740895847,False,True,True,static_fusion,18,8.5,1.5,0.6474433506445898,ema
72,s4_mixed_dynamic,7.724461665749093,1.919199890822522,False,True,True,wifi_only,18,8.5,1.5,0.2072506348287298,ema
72,s4_mixed_dynamic,7.724461665749093,1.919199890822522,False,True,True,vlp_only,18,8.5,1.5,0.9999999999010003,ema
72,s4_mixed_dynamic,7.724461665749093,1.919199890822522,False,True,True,static_fusion,18,8.5,1.5,0.603625317364865,ema
73,s4_mixed_dynamic,7.434410446855592,2.196460502510213,False,True,True,wifi_only,17,7.5,1.5,0.3601999245468619,ema
73,s4_mixed_dynamic,7.434410446855592,2.196460502510213,False,True,True,vlp_only,18,8.5,1.5,0.9999942399851282,ema
73,s4_mixed_dynamic,7.434410446855592,2.196460502510213,False,True,True,static_fusion,18,8.5,1.5,0.5064557355194435,ema
74,s4_mixed_dynamic,7.329501734941545,2.341512908882469,False,False,True,wifi_only,28,8.5,2.5,0.29450552871470526,ema
74,s4_mixed_dynamic,7.329501734941545,2.341512908882469,False,False,True,vlp_only,17,7.5,1.5,0.9948441737192022,ema
74,s4_mixed_dynamic,7.329501734941545,2.341512908882469,False,False,True,static_fusion,17,7.5,1.5,0.6083197984369715,ema
75,s4_mixed_dynamic,7.071931175766185,2.639246667376174,False,False,True,wifi_only,27,7.5,2.5,0.2261527686482236,ema
75,s4_mixed_dynamic,7.071931175766185,2.639246667376174,False,False,True,vlp_only,17,7.5,1.5,0.999999999898272,ema
75,s4_mixed_dynamic,7.071931175766185,2.639246667376174,False,False,True,static_fusion,17,7.5,1.5,0.5978111928961544,ema
76,s4_mixed_dynamic,6.978026390337671,2.8586906033898587,False,False,True,wifi_only,27,7.5,2.5,0.25354281073189266,ema
76,s4_mixed_dynamic,6.978026390337671,2.8586906033898587,False,False,True,vlp_only,27,7.5,2.5,0.959732874506996,ema
76,s4_mixed_dynamic,6.978026390337671,2.8586906033898587,False,False,True,static_fusion,27,7.5,2.5,0.6066378426194443,ema
77,s4_mixed_dynamic,7.056281076272732,3.07562739707137,False,False,True,wifi_only,27,7.5,2.5,0.2691361312665986,ema
77,s4_mixed_dynamic,7.056281076272732,3.07562739707137,False,False,True,vlp_only,27,7.5,2.5,0.9999999999010002,ema
77,s4_mixed_dynamic,7.056281076272732,3.07562739707137,False,False,True,static_fusion,27,7.5,2.5,0.6345680655837994,ema
78,s4_mixed_dynamic,6.986478911581751,3.499417790512807,False,False,True,wifi_only,27,7.5,2.5,0.25256267956982104,ema
78,s4_mixed_dynamic,6.986478911581751,3.499417790512807,False,False,True,vlp_only,26,6.5,2.5,0.8571437031056254,ema
78,s4_mixed_dynamic,6.986478911581751,3.499417790512807,False,False,True,static_fusion,26,6.5,2.5,0.48674001975282893,ema
79,s4_mixed_dynamic,7.059635179641974,3.643912026483358,False,False,True,wifi_only,26,6.5,2.5,0.18085216890864902,ema
79,s4_mixed_dynamic,7.059635179641974,3.643912026483358,False,False,True,vlp_only,37,7.5,3.5,0.9999999999010002,ema
79,s4_mixed_dynamic,7.059635179641974,3.643912026483358,False,False,True,static_fusion,37,7.5,3.5,0.5785694561357202,ema
80,s4_mixed_dynamic,7.111230980212548,3.866216527347812,True,False,True,wifi_only,26,6.5,2.5,0.17286090605231624,ema
80,s4_mixed_dynamic,7.111230980212548,3.866216527347812,True,False,True,vlp_only,37,7.5,3.5,0.9999999999010002,ema
80,s4_mixed_dynamic,7.111230980212548,3.866216527347812,True,False,True,static_fusion,37,7.5,3.5,0.5478963218939767,ema
81,s4_mixed_dynamic,7.093666462300226,4.151666727840037,True,False,True,wifi_only,37,7.5,3.5,0.15275302775719857,ema
81,s4_mixed_dynamic,7.093666462300226,4.151666727840037,True,False,True,vlp_only,36,6.5,3.5,0.9999999999010002,ema
81,s4_mixed_dynamic,7.093666462300226,4.151666727840037,True,False,True,static_fusion,36,6.5,3.5,0.5693625533374012,ema
82,s4_mixed_dynamic,7.179940304559092,4.40982120831966,True,False,True,wifi_only,58,8.5,5.5,0.16433169376421122,ema
82,s4_mixed_dynamic,7.179940304559092,4.40982120831966,True,False,True,vlp_only,36,6.5,3.5,0.9999999999010002,ema
82,s4_mixed_dynamic,7.179940304559092,4.40982120831966,True,False,True,static_fusion,36,6.5,3.5,0.5093496038017492,ema
83,s4_mixed_dynamic,7.389306456175779,4.728806808316636,True,False,True,wifi_only,59,9.5,5.5,0.19032662955712068,ema
83,s4_mixed_dynamic,7.389306456175779,4.728806808316636,True,False,True,vlp_only,47,7.5,4.5,0.9999999999010002,ema
83,s4_mixed_dynamic,7.389306456175779,4.728806808316636,True,False,True,static_fusion,47,7.5,4.5,0.5418610860460173,ema
84,s4_mixed_dynamic,7.471099094223947,5.062300262899215,True,False,True,wifi_only,48,8.5,4.5,0.17559094312688364,ema
84,s4_mixed_dynamic,7.471099094223947,5.062300262899215,True,False,True,vlp_only,47,7.5,4.5,0.999999999897836,ema
84,s4_mixed_dynamic,7.471099094223947,5.062300262899215,True,False,True,static_fusion,47,7.5,4.5,0.5826588436092247,ema
85,s4_mixed_dynamic,7.639476103338564,5.452330212055501,True,False,True,wifi_only,58,8.5,5.5,0.16053801501793508,ema
85,s4_mixed_dynamic,7.639476103338564,5.452330212055501,True,False,True,vlp_only,47,7.5,4.5,0.999999999848394,ema
85,s4_mixed_dynamic,7.639476103338564,5.452330212055501,True,False,True,static_fusion,47,7.5,4.5,0.5627736387580405,ema
86,s4_mixed_dynamic,7.590210281547375,5.578300437724326,True,False,True,wifi_only,59,9.5,5.5,0.37549890405503716,ema
86,s4_mixed_dynamic,7.590210281547375,5.578300437724326,True,False,True,vlp_only,57,7.5,5.5,0.9999999990973111,ema
86,s4_mixed_dynamic,7.590210281547375,5.578300437724326,True,False,True,static_fusion,57,7.5,5.5,0.5043043607694015,ema
87,s4_mixed_dynamic,7.462795792010998,5.791477714093946,True,False,True,wifi_only,69,9.5,6.5,0.25699519389889774,ema
87,s4_mixed_dynamic,7.462795792010998,5.791477714093946,True,False,True,vlp_only,57,7.5,5.5,0.9999999998872957,ema
87,s4_mixed_dynamic,7.462795792010998,5.791477714093946,True,False,True,static_fusion,57,7.5,5.5,0.5157819773416146,ema
88,s4_mixed_dynamic,7.440607753073426,5.980848219358611,True,False,True,wifi_only,77,7.5,7.5,0.08684642791786051,ema
88,s4_mixed_dynamic,7.440607753073426,5.980848219358611,True,False,True,vlp_only,57,7.5,5.5,0.9999999998905609,ema
88,s4_mixed_dynamic,7.440607753073426,5.980848219358611,True,False,True,static_fusion,57,7.5,5.5,0.5008228485742294,ema
89,s4_mixed_dynamic,7.440906125309533,6.113793031097752,True,False,True,wifi_only,78,8.5,7.5,0.12345866636124406,ema
89,s4_mixed_dynamic,7.440906125309533,6.113793031097752,True,False,True,vlp_only,57,7.5,5.5,0.9999999999010002,ema
89,s4_mixed_dynamic,7.440906125309533,6.113793031097752,True,False,True,static_fusion,57,7.5,5.5,0.5090764234622994,ema
90,s4_mixed_dynamic,7.279806471044582,6.464561962588011,True,False,True,wifi_only,60,0.5,6.5,0.16922315614886194,ema
90,s4_mixed_dynamic,7.279806471044582,6.464561962588011,True,False,True,vlp_only,66,6.5,6.5,0.9999999999010001,ema
90,s4_mixed_dynamic,7.279806471044582,6.464561962588011,True,False,True,static_fusion,66,6.5,6.5,0.5002843463114265,ema
91,s4_mixed_dynamic,7.195775699002211,6.545903417221667,True,False,True,wifi_only,60,0.5,6.5,0.14600329776433074,ema
91,s4_mixed_dynamic,7.195775699002211,6.545903417221667,True,False,True,vlp_only,66,6.5,6.5,0.9999999999010001,ema
91,s4_mixed_dynamic,7.195775699002211,6.545903417221667,True,False,True,static_fusion,66,6.5,6.5,0.5002075071088318,ema
92,s4_mixed_dynamic,7.071679731335141,6.664553875446808,True,False,True,wifi_only,89,9.5,8.5,0.15706577072836433,ema
92,s4_mixed_dynamic,7.071679731335141,6.664553875446808,True,False,True,vlp_only,67,7.5,6.5,0.9999999999010001,ema
92,s4_mixed_dynamic,7.071679731335141,6.664553875446808,True,False,True,static_fusion,67,7.5,6.5,0.5151683413101538,ema
93,s4_mixed_dynamic,6.88601961932652,6.885266262387327,False,False,True,wifi_only,78,8.5,7.5,0.1304984296276995,ema
93,s4_mixed_dynamic,6.88601961932652,6.885266262387327,False,False,True,vlp_only,67,7.5,6.5,0.9999999999010001,ema
93,s4_mixed_dynamic,6.88601961932652,6.885266262387327,False,False,True,static_fusion,67,7.5,6.5,0.5530258909918996,ema
94,s4_mixed_dynamic,6.836265376227635,7.09347815473235,False,False,True,wifi_only,77,7.5,7.5,0.12337816990276482,ema
94,s4_mixed_dynamic,6.836265376227635,7.09347815473235,False,False,True,vlp_only,67,7.5,6.5,0.9999999999010001,ema
94,s4_mixed_dynamic,6.836265376227635,7.09347815473235,False,False,True,static_fusion,67,7.5,6.5,0.5433421473671769,ema
95,s4_mixed_dynamic,6.749970613133377,7.2047970050942345,False,False,True,wifi_only,77,7.5,7.5,0.1399372316146212,ema
95,s4_mixed_dynamic,6.749970613133377,7.2047970050942345,False,False,True,vlp_only,67,7.5,6.5,0.9999989928472056,ema
95,s4_mixed_dynamic,6.749970613133377,7.2047970050942345,False,False,True,static_fusion,67,7.5,6.5,0.5389583548181426,ema
96,s4_mixed_dynamic,6.520102407663193,7.416654680272662,False,False,True,wifi_only,77,7.5,7.5,0.15708240233125478,ema
96,s4_mixed_dynamic,6.520102407663193,7.416654680272662,False,False,True,vlp_only,76,6.5,7.5,0.9999999999010001,ema
96,s4_mixed_dynamic,6.520102407663193,7.416654680272662,False,False,True,static_fusion,76,6.5,7.5,0.529398592873089,ema
97,s4_mixed_dynamic,6.235078071420909,7.80527981884087,False,False,True,wifi_only,87,7.5,8.5,0.1598831589719697,ema
97,s4_mixed_dynamic,6.235078071420909,7.80527981884087,False,False,True,vlp_only,76,6.5,7.5,0.9999999999010001,ema
97,s4_mixed_dynamic,6.235078071420909,7.80527981884087,False,False,True,static_fusion,76,6.5,7.5,0.574376473015791,ema
98,s4_mixed_dynamic,5.98823397903378,7.93574951314563,False,False,True,wifi_only,76,6.5,7.5,0.15001753661424533,ema
98,s4_mixed_dynamic,5.98823397903378,7.93574951314563,False,False,True,vlp_only,76,6.5,7.5,0.9999999998981224,ema
98,s4_mixed_dynamic,5.98823397903378,7.93574951314563,False,False,True,static_fusion,76,6.5,7.5,0.5750087682561837,ema
99,s4_mixed_dynamic,5.822657938153183,7.968265377624689,False,False,True,wifi_only,74,4.5,7.5,0.1489678038198235,ema
99,s4_mixed_dynamic,5.822657938153183,7.968265377624689,False,False,True,vlp_only,96,6.5,9.5,0.9999999814394839,ema
99,s4_mixed_dynamic,5.822657938153183,7.968265377624689,False,False,True,static_fusion,96,6.5,9.5,0.5449780205162286,ema
