t,scenario,true_x,true_y,wifi_degraded,vlp_blocked,mixed_dynamic,method,pred_cell_id,pred_x,pred_y,max_prob,signal_variant
0,s1_clean,6.1055626688123565,8.931678203850066,False,False,False,wifi_only,93,3.5,9.5,0.19030490561927146,raw
0,s1_clean,6.1055626688123565,8.931678203850066,False,False,False,vlp_only,96,6.5,9.5,0.9999999999010001,raw
0,s1_clean,6.1055626688123565,8.931678203850066,False,False,False,static_fusion,96,6.5,9.5,0.5841242814537886,raw
1,s1_clean,6.320554771122484,9.075343533082185,False,False,False,wifi_only,86,6.5,8.5,0.1808208384391553,raw
1,s1_clean,6.320554771122484,9.075343533082185,False,False,False,vlp_only,96,6.5,9.5,0.9999999999010001,raw
1,s1_clean,6.320554771122484,9.075343533082185,False,False,False,static_fusion,96,6.5,9.5,0.5761046980101782,raw
2,s1_clean,6.58026211240472,9.446929430621816,False,False,False,wifi_only,96,6.5,9.5,0.30055521958099735,raw
2,s1_clean,6.58026211240472,9.446929430621816,False,False,False,vlp_only,96,6.5,9.5,0.9999999999010001,raw
2,s1_clean,6.58026211240472,9.446929430621816,False,False,False,static_fusion,96,6.5,9.5,0.6502776097409987,raw
3,s1_clean,6.690486996140005,9.773722821152626,False,False,False,wifi_only,93,3.5,9.5,0.2569551912046849,raw
3,s1_clean,6.690486996140005,9.773722821152626,False,False,False,vlp_only,96,6.5,9.5,0.9999999999010001,raw
3,s1_clean,6.690486996140005,9.773722821152626,False,False,False,static_fusion,96,6.5,9.5,0.550291936054238,raw
4,s1_clean,6.648930003357536,9.453988556211296,False,False,False,wifi_only,93,3.5,9.5,0.3730256936561767,raw
4,s1_clean,6.648930003357536,9.453988556211296,False,False,False,vlp_only,96,6.5,9.5,0.9999999999010001,raw
4,s1_clean,6.648930003357536,9.453988556211296,False,False,False,static_fusion,96,6.5,9.5,0.576692303685354,raw
5,s1_clean,6.503414861243288,9.34880509424309,False,False,False,wifi_only,86,6.5,8.5,0.3394595605188894,raw
5,s1_clean,6.503414861243288,9.34880509424309,False,False,False,vlp_only,96,6.5,9.5,0.9999999999010001,raw
5,s1_clean,6.503414861243288,9.34880509424309,False,False,False,static_fusion,96,6.5,9.5,0.6396000351748446,raw
6,s1_clean,6.309679632446698,9.224501326679391,False,False,False,wifi_only,96,6.5,9.5,0.3720743049296144,raw
6,s1_clean,6.309679632446698,9.224501326679391,False,False,False,vlp_only,96,6.5,9.5,0.9999999999010001,raw
6,s1_clean,6.309679632446698,9.224501326679391,False,False,False,static_fusion,96,6.5,9.5,0.6860371524153073,raw
7,s1_clean,6.06460409098813,9.084291660062746,False,False,False,wifi_only,95,5.5,9.5,0.38180506332256264,raw
7,s1_clean,6.06460409098813,9.084291660062746,False,False,False,vlp_only,96,6.5,9.5,0.9999999999010001,raw
7,s1_clean,6.06460409098813,9.084291660062746,False,False,False,static_fusion,96,6.5,9.5,0.5009148852877601,raw
8,s1_clean,5.726062604387588,9.046898224684307,False,False,False,wifi_only,95,5.5,9.5,0.3598129102100459,raw
8,s1_clean,5.726062604387588,9.046898224684307,False,False,False,vlp_only,85,5.5,8.5,0.9999999999010001,raw
8,s1_clean,5.726062604387588,9.046898224684307,False,False,False,static_fusion,85,5.5,8.5,0.6186883020767614,raw
9,s1_clean,5.334545965818324,9.091415993613808,False,False,False,wifi_only,84,4.5,8.5,0.4416852832518568,raw
9,s1_clean,5.334545965818324,9.091415993613808,False,False,False,vlp_only,95,5.5,9.5,0.9999999999010001,raw
9,s1_clean,5.334545965818324,9.091415993613808,False,False,False,static_fusion,95,5.5,9.5,0.5586628955270788,raw
10,s1_clean,4.945823765007514,9.252578001847564,False,False,False,wifi_only,85,5.5,8.5,0.2934700691444847,raw
10,s1_clean,4.945823765007514,9.252578001847564,False,False,False,vlp_only,94,4.5,9.5,0.9999999999010001,raw
10,s1_clean,4.945823765007514,9.252578001847564,False,False,False,static_fusion,94,4.5,9.5,0.6057865267610263,raw
11,s1_clean,4.721675127324938,9.340170350002357,False,False,False,wifi_only,95,5.5,9.5,0.3668576589246743,raw
11,s1_clean,4.721675127324938,9.340170350002357,False,False,False,vlp_only,94,4.5,9.5,0.9999999999010001,raw
11,s1_clean,4.721675127324938,9.340170350002357,False,False,False,static_fusion,94,4.5,9.5,0.6643636923826983,raw
12,s1_clean,4.340963373281298,9.42272693147179,False,False,False,wifi_only,85,5.5,8.5,0.3085704889614735,raw
12,s1_clean,4.340963373281298,9.42272693147179,False,False,False,vlp_only,94,4.5,9.5,0.9999999999010001,raw
12,s1_clean,4.340963373281298,9.42272693147179,False,False,False,static_fusion,94,4.5,9.5,0.6000437075789259,raw
13,s1_clean,4.095436566930193,9.473710426329454,False,False,False,wifi_only,93,3.5,9.5,0.29995946022199677,raw
13,s1_clean,4.095436566930193,9.473710426329454,False,False,False,vlp_only,84,4.5,8.5,0.9999999998804966,raw
13,s1_clean,4.095436566930193,9.473710426329454,False,False,False,static_fusion,84,4.5,8.5,0.5421086179348236,raw
14,s1_clean,3.863209848904428,9.531730849012984,False,False,False,wifi_only,93,3.5,9.5,0.21018694442251887,raw
14,s1_clean,3.863209848904428,9.531730849012984,False,False,False,vlp_only,93,3.5,9.5,0.9999999999010001,raw
14,s1_clean,3.863209848904428,9.531730849012984,False,False,False,static_fusion,93,3.5,9.5,0.6050934721617595,raw
15,s1_clean,3.520682956293645,9.491058893166894,False,False,False,wifi_only,96,6.5,9.5,0.2901914218217656,raw
15,s1_clean,3.520682956293645,9.491058893166894,False,False,False,vlp_only,93,3.5,9.5,0.9999999999010001,raw
15,s1_clean,3.520682956293645,9.491058893166894,False,False,False,static_fusion,93,3.5,9.5,0.5580239716213792,raw
16,s1_clean,3.165382501834026,9.461587695941777,False,False,False,wifi_only,93,3.5,9.5,0.41011682751776174,raw
16,s1_clean,3.165382501834026,9.461587695941777,False,False,False,vlp_only,93,3.5,9.5,0.999999998757409,raw
16,s1_clean,3.165382501834026,9.461587695941777,False,False,False,static_fusion,93,3.5,9.5,0.7050584131375853,raw
17,s1_clean,2.930245477093876,9.456164822050765,False,False,False,wifi_only,64,4.5,6.5,0.13500099662304627,raw
17,s1_clean,2.930245477093876,9.456164822050765,False,False,False,vlp_only,92,2.5,9.5,0.9999999999010001,raw
17,s1_clean,2.930245477093876,9.456164822050765,False,False,False,static_fusion,92,2.5,9.5,0.5149645026160751,raw
18,s1_clean,2.7420797060020465,9.472996628406442,False,False,False,wifi_only,92,2.5,9.5,0.4421131512035236,raw
18,s1_clean,2.7420797060020465,9.472996628406442,False,False,False,vlp_only,92,2.5,9.5,0.9999999999010001,raw
18,s1_clean,2.7420797060020465,9.472996628406442,False,False,False,static_fusion,92,2.5,9.5,0.7210565755522619,raw
19,s1_clean,2.4198638446847416,9.489528341112424,False,False,False,wifi_only,92,2.5,9.5,0.2023243496301963,raw
19,s1_clean,2.4198638446847416,9.489528341112424,False,False,False,vlp_only,92,2.5,9.5,0.9999999999010001,raw
19,s1_clean,2.4198638446847416,9.489528341112424,False,False,False,static_fusion,92,2.5,9.5,0.6011621747655983,raw
20,s1_clean,2.0874415206005943,9.43132427410417,False,False,False,wifi_only,98,8.5,9.5,0.2664098526733588,raw
20,s1_clean,2.0874415206005943,9.43132427410417,False,False,False,vlp_only,92,2.5,9.5,0.9998845873081471,raw
20,s1_clean,2.0874415206005943,9.43132427410417,False,False,False,static_fusion,92,2.5,9.5,0.5233474794779758,raw
21,s1_clean,1.6827551012106006,9.608276410412028,False,False,False,wifi_only,91,1.5,9.5,0.20463106776964515,raw
21,s1_clean,1.6827551012106006,9.608276410412028,False,False,False,vlp_only,91,1.5,9.5,0.9998142946380347,raw
21,s1_clean,1.6827551012106006,9.608276410412028,False,False,False,static_fusion,91,1.5,9.5,0.6022226812038399,raw
22,s1_clean,1.5666621834216723,9.721824928735591,False,False,False,wifi_only,90,0.5,9.5,0.31425753591674227,raw
22,s1_clean,1.5666621834216723,9.721824928735591,False,False,False,vlp_only,91,1.5,9.5,0.9999976968127741,raw
22,s1_clean,1.5666621834216723,9.721824928735591,False,False,False,static_fusion,91,1.5,9.5,0.6069667868549582,raw
23,s1_clean,1.8135872918506848,9.442076930062784,False,False,False,wifi_only,81,1.5,8.5,0.15827316517792345,raw
23,s1_clean,1.8135872918506848,9.442076930062784,False,False,False,vlp_only,91,1.5,9.5,0.9999996796689299,raw
23,s1_clean,1.8135872918506848,9.442076930062784,False,False,False,static_fusion,91,1.5,9.5,0.5536948050659015,raw
24,s1_clean,1.9797748224675469,9.171124941492176,False,False,False,wifi_only,73,3.5,7.5,0.16082205001319685,raw
24,s1_clean,1.9797748224675469,9.171124941492176,False,False,False,vlp_only,91,1.5,9.5,0.9937284457855414,raw
24,s1_clean,1.9797748224675469,9.171124941492176,False,False,False,static_fusion,91,1.5,9.5,0.5012091836694113,raw
25,s1_clean,2.0026978386863656,9.060785581306895,False,False,False,wifi_only,81,1.5,8.5,0.11154779362727701,raw
25,s1_clean,2.0026978386863656,9.060785581306895,False,False,False,vlp_only,81,1.5,8.5,0.6244234155086525,raw
25,s1_clean,2.0026978386863656,9.060785581306895,False,False,False,static_fusion,81,1.5,8.5,0.36798560456796475,raw
26,s1_clean,2.0409538218277232,8.768038731768266,False,False,False,wifi_only,98,8.5,9.5,0.3135550383127676,raw
26,s1_clean,2.0409538218277232,8.768038731768266,False,False,False,vlp_only,81,1.5,8.5,0.9999985841382486,raw
26,s1_clean,2.0409538218277232,8.768038731768266,False,False,False,static_fusion,81,1.5,8.5,0.5050093202771416,raw
27,s1_clean,1.943647595119588,8.39052055732134,False,False,False,wifi_only,70,0.5,7.5,0.1733519230157719,raw
27,s1_clean,1.943647595119588,8.39052055732134,False,False,False,vlp_only,81,1.5,8.5,0.9999982211894893,raw
27,s1_clean,1.943647595119588,8.39052055732134,False,False,False,static_fusion,81,1.5,8.5,0.5473196982316715,raw
28,s1_clean,1.822933837050688,7.938503894157455,False,False,False,wifi_only,87,7.5,8.5,0.13633523181523116,raw
28,s1_clean,1.822933837050688,7.938503894157455,False,False,False,vlp_only,81,1.5,8.5,0.6186803667646452,raw
28,s1_clean,1.822933837050688,7.938503894157455,False,False,False,static_fusion,81,1.5,8.5,0.32055275922819193,raw
29,s1_clean,1.5143958915018594,7.638191012939957,False,False,False,wifi_only,91,1.5,9.5,0.13289671795379696,raw
29,s1_clean,1.5143958915018594,7.638191012939957,False,False,False,vlp_only,71,1.5,7.5,0.9999920857916061,raw
29,s1_clean,1.5143958915018594,7.638191012939957,False,False,False,static_fusion,71,1.5,7.5,0.5218646769474597,raw
30,s1_clean,1.3675026549702816,7.582213936330399,False,False,False,wifi_only,91,1.5,9.5,0.1462950151119576,raw
30,s1_clean,1.3675026549702816,7.582213936330399,False,False,False,vlp_only,71,1.5,7.5,0.9999999730482763,raw
30,s1_clean,1.3675026549702816,7.582213936330399,False,False,False,static_fusion,71,1.5,7.5,0.5321138800824127,raw
31,s1_clean,1.2429294919367564,7.522606951356906,False,False,False,wifi_only,61,1.5,6.5,0.15146419507894443,raw
31,s1_clean,1.2429294919367564,7.522606951356906,False,False,False,vlp_only,71,1.5,7.5,0.9999999984891487,raw
31,s1_clean,1.2429294919367564,7.522606951356906,False,False,False,static_fusion,71,1.5,7.5,0.5447018828122998,raw
32,s1_clean,1.1706414409291317,7.446686809586819,False,False,False,wifi_only,62,2.5,6.5,0.18309574104228493,raw
32,s1_clean,1.1706414409291317,7.446686809586819,False,False,False,vlp_only,71,1.5,7.5,0.9999999994420795,raw
32,s1_clean,1.1706414409291317,7.446686809586819,False,False,False,static_fusion,71,1.5,7.5,0.5597090889688514,raw
33,s1_clean,1.0225794063669398,7.298034493574606,False,False,False,wifi_only,90,0.5,9.5,0.3393362663873165,raw
33,s1_clean,1.0225794063669398,7.298034493574606,False,False,False,vlp_only,70,0.5,7.5,0.9999999999010001,raw
33,s1_clean,1.0225794063669398,7.298034493574606,False,False,False,static_fusion,70,0.5,7.5,0.5436147753494923,raw
34,s1_clean,0.8405580282052503,7.1660136409604815,False,False,False,wifi_only,60,0.5,6.5,0.1970792481085386,raw
34,s1_clean,0.8405580282052503,7.1660136409604815,False,False,False,vlp_only,70,0.5,7.5,0.9999999999010001,raw
34,s1_clean,0.8405580282052503,7.1660136409604815,False,False,False,static_fusion,70,0.5,7.5,0.5691568292982155,raw
35,s1_clean,0.7992402328627707,7.065719351919998,False,False,False,wifi_only,61,1.5,6.5,0.1495872132299635,raw
35,s1_clean,0.7992402328627707,7.065719351919998,False,False,False,vlp_only,70,0.5,7.5,0.9999999998872444,raw
35,s1_clean,0.7992402328627707,7.065719351919998,False,False,False,static_fusion,70,0.5,7.5,0.5328197915143075,raw
36,s1_clean,0.7671095331979448,6.6194549412444434,False,False,False,wifi_only,69,9.5,6.5,0.24279129065519392,raw
36,s1_clean,0.7671095331979448,6.6194549412444434,False,False,False,vlp_only,60,0.5,6.5,0.9999999999010002,raw
36,s1_clean,0.7671095331979448,6.6194549412444434,False,False,False,static_fusion,60,0.5,6.5,0.5138838799103617,raw
37,s1_clean,0.7867269935815102,6.50813786445098,False,False,False,wifi_only,60,0.5,6.5,0.28577912665054317,raw
37,s1_clean,0.7867269935815102,6.50813786445098,False,False,False,vlp_only,60,0.5,6.5,0.9999999999010002,raw
37,s1_clean,0.7867269935815102,6.50813786445098,False,False,False,static_fusion,60,0.5,6.5,0.6428895632757716,raw
38,s1_clean,0.9039958580667962,6.339426406945286,False,False,False,wifi_only,61,1.5,6.5,0.1280577809144175,raw
38,s1_clean,0.9039958580667962,6.339426406945286,False,False,False,vlp_only,60,0.5,6.5,0.9999999999010002,raw
38,s1_clean,0.9039958580667962,6.339426406945286,False,False,False,static_fusion,60,0.5,6.5,0.5378085426470461,raw
39,s1_clean,0.9979740023158236,6.187541249202924,False,False,False,wifi_only,51,1.5,5.5,0.12945190660322597,raw
39,s1_clean,0.9979740023158236,6.187541249202924,False,False,False,vlp_only,60,0.5,6.5,0.9999999999010002,raw
39,s1_clean,0.9979740023158236,6.187541249202924,False,False,False,static_fusion,60,0.5,6.5,0.515813828195983,raw
40,s1_clean,1.28488954092244,5.782257454541684,False,False,False,wifi_only,51,1.5,5.5,0.1641331059776437,raw
40,s1_clean,1.28488954092244,5.782257454541684,False,False,False,vlp_only,51,1.5,5.5,0.9999999999010002,raw
40,s1_clean,1.28488954092244,5.782257454541684,False,False,False,static_fusion,51,1.5,5.5,0.582066552939322,raw
41,s1_clean,1.513102962684955,5.518180410148621,False,False,False,wifi_only,44,4.5,4.5,0.11014797801430665,raw
41,s1_clean,1.513102962684955,5.518180410148621,False,False,False,vlp_only,51,1.5,5.5,0.9999999978960112,raw
41,s1_clean,1.513102962684955,5.518180410148621,False,False,False,static_fusion,51,1.5,5.5,0.5310782220380671,raw
42,s1_clean,1.6106044791645622,5.19830615307079,False,False,False,wifi_only,60,0.5,6.5,0.15301740026818686,raw
42,s1_clean,1.6106044791645622,5.19830615307079,False,False,False,vlp_only,51,1.5,5.5,0.9999999857333564,raw
42,s1_clean,1.6106044791645622,5.19830615307079,False,False,False,static_fusion,51,1.5,5.5,0.5520146121035618,raw
43,s1_clean,1.8972643262832607,4.975906927269721,False,False,False,wifi_only,51,1.5,5.5,0.18742228115776383,raw
43,s1_clean,1.8972643262832607,4.975906927269721,False,False,False,vlp_only,40,0.5,4.5,0.999953318004058,raw
43,s1_clean,1.8972643262832607,4.975906927269721,False,False,False,static_fusion,40,0.5,4.5,0.5480100836786757,raw
44,s1_clean,2.229332660696988,4.76372737768957,False,False,False,wifi_only,42,2.5,4.5,0.1472709780724404,raw
44,s1_clean,2.229332660696988,4.76372737768957,False,False,False,vlp_only,42,2.5,4.5,0.9999726820005974,raw
44,s1_clean,2.229332660696988,4.76372737768957,False,False,False,static_fusion,42,2.5,4.5,0.5736218300365189,raw
45,s1_clean,2.6145006895276834,4.592072450426468,False,False,False,wifi_only,33,3.5,3.5,0.19061683884140643,raw
45,s1_clean,2.6145006895276834,4.592072450426468,False,False,False,vlp_only,42,2.5,4.5,0.9999999999010002,raw
45,s1_clean,2.6145006895276834,4.592072450426468,False,False,False,static_fusion,42,2.5,4.5,0.5749937975174046,raw
46,s1_clean,2.661129424294631,4.466616768697175,False,False,False,wifi_only,50,0.5,5.5,0.17465849845359208,raw
46,s1_clean,2.661129424294631,4.466616768697175,False,False,False,vlp_only,42,2.5,4.5,0.9999999999010002,raw
46,s1_clean,2.661129424294631,4.466616768697175,False,False,False,static_fusion,42,2.5,4.5,0.548801503064915,raw
47,s1_clean,2.6450300380382434,4.183588162907463,False,False,False,wifi_only,33,3.5,3.5,0.16603475754052258,raw
47,s1_clean,2.6450300380382434,4.183588162907463,False,False,False,vlp_only,42,2.5,4.5,0.9999999999010002,raw
47,s1_clean,2.6450300380382434,4.183588162907463,False,False,False,static_fusion,42,2.5,4.5,0.5735743014653849,raw
48,s1_clean,2.633014421787828,3.6860116411580814,False,False,False,wifi_only,42,2.5,4.5,0.18199104905110594,raw
48,s1_clean,2.633014421787828,3.6860116411580814,False,False,False,vlp_only,32,2.5,3.5,0.9999999999010002,raw
48,s1_clean,2.633014421787828,3.6860116411580814,False,False,False,static_fusion,32,2.5,3.5,0.543260747819268,raw
49,s1_clean,2.7923313692644163,3.3743378598159564,False,False,False,wifi_only,50,0.5,5.5,0.20111854296115433,raw
49,s1_clean,2.7923313692644163,3.3743378598159564,False,False,False,vlp_only,32,2.5,3.5,0.9999999999010002,raw
49,s1_clean,2.7923313692644163,3.3743378598159564,False,False,False,static_fusion,32,2.5,3.5,0.5090048918947763,raw
50,s1_clean,2.983612121628606,3.11916257556942,False,False,False,wifi_only,24,4.5,2.5,0.1861857856719476,raw
50,s1_clean,2.983612121628606,3.11916257556942,False,False,False,vlp_only,32,2.5,3.5,0.9999999999010002,raw
50,s1_clean,2.983612121628606,3.11916257556942,False,False,False,static_fusion,32,2.5,3.5,0.521565425722659,raw
51,s1_clean,3.351818132537528,2.843855854625126,False,False,False,wifi_only,23,3.5,2.5,0.22895686566305407,raw
51,s1_clean,3.351818132537528,2.843855854625126,False,False,False,vlp_only,23,3.5,2.5,0.9999999999010003,raw
51,s1_clean,3.351818132537528,2.843855854625126,False,False,False,static_fusion,23,3.5,2.5,0.6144784327820271,raw
52,s1_clean,3.56862361427012,2.697604331930428,False,False,False,wifi_only,34,4.5,3.5,0.17669765858315603,raw
52,s1_clean,3.56862361427012,2.697604331930428,False,False,False,vlp_only,23,3.5,2.5,0.9999999999010003,raw
52,s1_clean,3.56862361427012,2.697604331930428,False,False,False,static_fusion,23,3.5,2.5,0.5353119213197242,raw
53,s1_clean,3.943888445431222,2.4514296926551147,False,False,False,wifi_only,23,3.5,2.5,0.19482664447539058,raw
53,s1_clean,3.943888445431222,2.4514296926551147,False,False,False,vlp_only,3,3.5,0.5,0.9999822893395289,raw
53,s1_clean,3.943888445431222,2.4514296926551147,False,False,False,static_fusion,3,3.5,0.5,0.5392906626571821,raw
54,s1_clean,4.260369316238271,2.2082022988398595,False,False,False,wifi_only,3,3.5,0.5,0.27319217722963074,raw
54,s1_clean,4.260369316238271,2.2082022988398595,False,False,False,vlp_only,24,4.5,2.5,0.9999999809572102,raw
54,s1_clean,4.260369316238271,2.2082022988398595,False,False,False,static_fusion,24,4.5,2.5,0.5141168721605094,raw
55,s1_clean,4.627569160973635,2.060114150367901,False,False,False,wifi_only,15,5.5,1.5,0.2223714511661555,raw
55,s1_clean,4.627569160973635,2.060114150367901,False,False,False,vlp_only,24,4.5,2.5,0.9888313593911932,raw
55,s1_clean,4.627569160973635,2.060114150367901,False,False,False,static_fusion,24,4.5,2.5,0.5097742609290621,raw
56,s1_clean,4.961867043427717,1.830848239374332,False,False,False,wifi_only,14,4.5,1.5,0.22233559530840394,raw
56,s1_clean,4.961867043427717,1.830848239374332,False,False,False,vlp_only,4,4.5,0.5,0.9999999962264509,raw
56,s1_clean,4.961867043427717,1.830848239374332,False,False,False,static_fusion,4,4.5,0.5,0.5712369816713768,raw
57,s1_clean,5.0679788704002044,1.7195475994342533,False,False,False,wifi_only,14,4.5,1.5,0.21192940091597762,raw
57,s1_clean,5.0679788704002044,1.7195475994342533,False,False,False,vlp_only,5,5.5,0.5,0.9999907999817327,raw
57,s1_clean,5.0679788704002044,1.7195475994342533,False,False,False,static_fusion,5,5.5,0.5,0.5437196703906442,raw
58,s1_clean,5.335240810429285,1.571560122687008,False,False,False,wifi_only,6,6.5,0.5,0.26084149799933637,raw
58,s1_clean,5.335240810429285,1.571560122687008,False,False,False,vlp_only,15,5.5,1.5,0.9999999999010003,raw
58,s1_clean,5.335240810429285,1.571560122687008,False,False,False,static_fusion,15,5.5,1.5,0.5142627190451836,raw
59,s1_clean,5.651780389210071,1.3727606103935992,False,False,False,wifi_only,35,5.5,3.5,0.19430978570639101,raw
59,s1_clean,5.651780389210071,1.3727606103935992,False,False,False,vlp_only,15,5.5,1.5,0.9999999995565547,raw
59,s1_clean,5.651780389210071,1.3727606103935992,False,False,False,static_fusion,15,5.5,1.5,0.5274650331703186,raw
60,s1_clean,5.898763386562306,1.2621017401554997,False,False,False,wifi_only,15,5.5,1.5,0.23471346700037404,raw
60,s1_clean,5.898763386562306,1.2621017401554997,False,False,False,vlp_only,6,6.5,0.5,0.9999999998837653,raw
60,s1_clean,5.898763386562306,1.2621017401554997,False,False,False,static_fusion,6,6.5,0.5,0.5203886489753822,raw
61,s1_clean,6.355551046384767,1.4203122314749552,False,False,False,wifi_only,16,6.5,1.5,0.27270372895706724,raw
61,s1_clean,6.355551046384767,1.4203122314749552,False,False,False,vlp_only,16,6.5,1.5,0.9999999996348572,raw
61,s1_clean,6.355551046384767,1.4203122314749552,False,False,False,static_fusion,16,6.5,1.5,0.636351864295962,raw
62,s1_clean,6.594147927702143,1.4206009795225187,False,False,False,wifi_only,39,9.5,3.5,0.31408986328618504,raw
62,s1_clean,6.594147927702143,1.4206009795225187,False,False,False,vlp_only,16,6.5,1.5,0.999999929409438,raw
62,s1_clean,6.594147927702143,1.4206009795225187,False,False,False,static_fusion,16,6.5,1.5,0.5092837148396963,raw
63,s1_clean,6.702875767945526,1.3948214383894544,False,False,False,wifi_only,6,6.5,0.5,0.28926362318025606,raw
63,s1_clean,6.702875767945526,1.3948214383894544,False,False,False,vlp_only,16,6.5,1.5,0.9999999999010003,raw
63,s1_clean,6.702875767945526,1.3948214383894544,False,False,False,static_fusion,16,6.5,1.5,0.6401936455227464,raw
64,s1_clean,6.87517464550481,1.1902703370600811,False,False,False,wifi_only,16,6.5,1.5,0.1552278280484352,raw
64,s1_clean,6.87517464550481,1.1902703370600811,False,False,False,vlp_only,16,6.5,1.5,0.9999151198897929,raw
64,s1_clean,6.87517464550481,1.1902703370600811,False,False,False,static_fusion,16,6.5,1.5,0.5775714739691139,raw
65,s1_clean,6.892272294025562,1.0122251452148698,False,False,False,wifi_only,48,8.5,4.5,0.20052403459974838,raw
65,s1_clean,6.892272294025562,1.0122251452148698,False,False,False,vlp_only,16,6.5,1.5,0.998811761341843,raw
65,s1_clean,6.892272294025562,1.0122251452148698,False,False,False,static_fusion,16,6.5,1.5,0.5004983823800327,raw
66,s1_clean,7.000483248939226,0.9177176630235528,False,False,False,wifi_only,7,7.5,0.5,0.4178262660805905,raw
66,s1_clean,7.000483248939226,0.9177176630235528,False,False,False,vlp_only,16,6.5,1.5,0.9319963983298265,raw
66,s1_clean,7.000483248939226,0.9177176630235528,False,False,False,static_fusion,16,6.5,1.5,0.48087323031447654,raw
67,s1_clean,7.169623623221895,0.7738996044632837,False,False,False,wifi_only,36,6.5,3.5,0.20529356379552027,raw
67,s1_clean,7.169623623221895,0.7738996044632837,False,False,False,vlp_only,7,7.5,0.5,0.9999999999010003,raw
67,s1_clean,7.169623623221895,0.7738996044632837,False,False,False,static_fusion,7,7.5,0.5,0.5000240909655256,raw
68,s1_clean,7.492034971191752,0.4271040557051936,False,False,False,wifi_only,29,9.5,2.5,0.41265971918290123,raw
68,s1_clean,7.492034971191752,0.4271040557051936,False,False,False,vlp_only,7,7.5,0.5,0.9999999999010003,raw
68,s1_clean,7.492034971191752,0.4271040557051936,False,False,False,static_fusion,7,7.5,0.5,0.5981870615164881,raw
69,s1_clean,7.463813289098351,0.1481351742215659,False,False,False,wifi_only,38,8.5,3.5,0.24124272838016783,raw
69,s1_clean,7.463813289098351,0.1481351742215659,False,False,False,vlp_only,9,9.5,0.5,0.9999999999010003,raw
69,s1_clean,7.463813289098351,0.1481351742215659,False,False,False,static_fusion,9,9.5,0.5,0.5000000062875957,raw
70,s1_clean,7.384046542733699,0.3965845375848609,False,False,False,wifi_only,7,7.5,0.5,0.5487424107395472,raw
70,s1_clean,7.384046542733699,0.3965845375848609,False,False,False,vlp_only,7,7.5,0.5,0.9999985538273101,raw
70,s1_clean,7.384046542733699,0.3965845375848609,False,False,False,static_fusion,7,7.5,0.5,0.7743704822834285,raw
71,s1_clean,7.274941349103505,0.5328406187982155,False,False,False,wifi_only,17,7.5,1.5,0.2522303883137394,raw
71,s1_clean,7.274941349103505,0.5328406187982155,False,False,False,vlp_only,7,7.5,0.5,0.9999999999010003,raw
71,s1_clean,7.274941349103505,0.5328406187982155,False,False,False,static_fusion,7,7.5,0.5,0.6233350952327966,raw
72,s1_clean,7.242898641642358,0.6319581293500205,False,False,False,wifi_only,39,9.5,3.5,0.3468244645124829,raw
72,s1_clean,7.242898641642358,0.6319581293500205,False,False,False,vlp_only,7,7.5,0.5,0.9999999999010003,raw
72,s1_clean,7.242898641642358,0.6319581293500205,False,False,False,static_fusion,7,7.5,0.5,0.509976559880521,raw
73,s1_clean,6.897766036852761,0.9865854746261178,False,False,False,wifi_only,17,7.5,1.5,0.2584801674632558,raw
73,s1_clean,6.897766036852761,0.9865854746261178,False,False,False,vlp_only,16,6.5,1.5,0.9995940937286103,raw
73,s1_clean,6.897766036852761,0.9865854746261178,False,False,False,static_fusion,16,6.5,1.5,0.5388069811703263,raw
74,s1_clean,6.819062780162876,1.076859414311629,False,False,False,wifi_only,7,7.5,0.5,0.19735411583433227,raw
74,s1_clean,6.819062780162876,1.076859414311629,False,False,False,vlp_only,16,6.5,1.5,0.9999999944100207,raw
74,s1_clean,6.819062780162876,1.076859414311629,False,False,False,static_fusion,16,6.5,1.5,0.5189663863361871,raw
75,s1_clean,6.720234602821568,1.267398302606882,False,False,False,wifi_only,6,6.5,0.5,0.34740593601721326,raw
75,s1_clean,6.720234602821568,1.267398302606882,False,False,False,vlp_only,16,6.5,1.5,0.9999999999010003,raw
75,s1_clean,6.720234602821568,1.267398302606882,False,False,False,static_fusion,16,6.5,1.5,0.5963630606908865,raw
76,s1_clean,6.503783427177126,1.570279682105651,False,False,False,wifi_only,6,6.5,0.5,0.2590363170663586,raw
76,s1_clean,6.503783427177126,1.570279682105651,False,False,False,vlp_only,16,6.5,1.5,0.9999999861825475,raw
76,s1_clean,6.503783427177126,1.570279682105651,False,False,False,static_fusion,16,6.5,1.5,0.6263993506805529,raw
77,s1_clean,6.358465325036558,1.791120746986019,False,False,False,wifi_only,47,7.5,4.5,0.15080266636279027,raw
77,s1_clean,6.358465325036558,1.791120746986019,False,False,False,vlp_only,16,6.5,1.5,0.9999999898746361,raw
77,s1_clean,6.358465325036558,1.791120746986019,False,False,False,static_fusion,16,6.5,1.5,0.5053295870635266,raw
78,s1_clean,6.122791880845917,1.8813582130943367,False,False,False,wifi_only,26,6.5,2.5,0.23847898926639513,raw
78,s1_clean,6.122791880845917,1.8813582130943367,False,False,False,vlp_only,6,6.5,0.5,0.9999999999010003,raw
78,s1_clean,6.122791880845917,1.8813582130943367,False,False,False,static_fusion,6,6.5,0.5,0.5140902929252362,raw
79,s1_clean,5.750230255978351,2.1326072148263107,False,False,False,wifi_only,25,5.5,2.5,0.21777692136579557,raw
79,s1_clean,5.750230255978351,2.1326072148263107,False,False,False,vlp_only,25,5.5,2.5,0.9975107587489678,raw
79,s1_clean,5.750230255978351,2.1326072148263107,False,False,False,static_fusion,25,5.5,2.5,0.6076438400573816,raw
80,s1_clean,5.514678873922644,2.389062926514496,False,False,False,wifi_only,5,5.5,0.5,0.3456233387491525,raw
80,s1_clean,5.514678873922644,2.389062926514496,False,False,False,vlp_only,25,5.5,2.5,0.9999999982957198,raw
80,s1_clean,5.514678873922644,2.389062926514496,False,False,False,static_fusion,25,5.5,2.5,0.5406047397731912,raw
81,s1_clean,5.508112152914603,2.4998600146256016,False,False,False,wifi_only,5,5.5,0.5,0.2713726424564051,raw
81,s1_clean,5.508112152914603,2.4998600146256016,False,False,False,vlp_only,25,5.5,2.5,0.9999999974134842,raw
81,s1_clean,5.508112152914603,2.4998600146256016,False,False,False,static_fusion,25,5.5,2.5,0.532383308186543,raw
82,s1_clean,5.600226935990087,2.6582213422588112,False,False,False,wifi_only,25,5.5,2.5,0.17563068598594458,raw
82,s1_clean,5.600226935990087,2.6582213422588112,False,False,False,vlp_only,25,5.5,2.5,0.9999999993843223,raw
82,s1_clean,5.600226935990087,2.6582213422588112,False,False,False,static_fusion,25,5.5,2.5,0.5878153426851334,raw
83,s1_clean,5.738537290833164,2.759195471518816,False,False,False,wifi_only,6,6.5,0.5,0.16081797466087294,raw
83,s1_clean,5.738537290833164,2.759195471518816,False,False,False,vlp_only,25,5.5,2.5,0.9999999999010002,raw
83,s1_clean,5.738537290833164,2.759195471518816,False,False,False,static_fusion,25,5.5,2.5,0.5143643811906983,raw
84,s1_clean,5.832850971363683,3.0310878411880533,False,False,False,wifi_only,25,5.5,2.5,0.19283627408530704,raw
84,s1_clean,5.832850971363683,3.0310878411880533,False,False,False,vlp_only,25,5.5,2.5,0.9999999999010002,raw
84,s1_clean,5.832850971363683,3.0310878411880533,False,False,False,static_fusion,25,5.5,2.5,0.5964181369931536,raw
85,s1_clean,5.898467311753344,3.228508652056043,False,False,False,wifi_only,25,5.5,2.5,0.2089641876676741,raw
85,s1_clean,5.898467311753344,3.228508652056043,False,False,False,vlp_only,25,5.5,2.5,0.9999999999010002,raw
85,s1_clean,5.898467311753344,3.228508652056043,False,False,False,static_fusion,25,5.5,2.5,0.6044820937843371,raw
86,s1_clean,5.888626732888142,3.400271085109193,False,False,False,wifi_only,36,6.5,3.5,0.13257093147293963,raw
86,s1_clean,5.888626732888142,3.400271085109193,False,False,False,vlp_only,35,5.5,3.5,0.9999994447591225,raw
86,s1_clean,5.888626732888142,3.400271085109193,False,False,False,static_fusion,35,5.5,3.5,0.5294432031926145,raw
87,s1_clean,5.651159957112673,3.739006548657096,False,False,False,wifi_only,24,4.5,2.5,0.1406920055271583,raw
87,s1_clean,5.651159957112673,3.739006548657096,False,False,False,vlp_only,35,5.5,3.5,0.9999999999010002,raw
87,s1_clean,5.651159957112673,3.739006548657096,False,False,False,static_fusion,35,5.5,3.5,0.5215605155574138,raw
88,s1_clean,5.511321113022474,3.8790676275290847,False,False,False,wifi_only,45,5.5,4.5,0.15384371374954625,raw
88,s1_clean,5.511321113022474,3.8790676275290847,False,False,False,vlp_only,35,5.5,3.5,0.9999999999010002,raw
88,s1_clean,5.511321113022474,3.8790676275290847,False,False,False,static_fusion,35,5.5,3.5,0.5508935952073942,raw
89,s1_clean,5.43643528909089,3.953273740011248,False,False,False,wifi_only,35,5.5,3.5,0.1440272655835557,raw
89,s1_clean,5.43643528909089,3.953273740011248,False,False,False,vlp_only,35,5.5,3.5,0.8790968920006892,raw
89,s1_clean,5.43643528909089,3.953273740011248,False,False,False,static_fusion,35,5.5,3.5,0.5115620787921223,raw
90,s1_clean,5.230257776887017,3.9835295593536193,False,False,False,wifi_only,45,5.5,4.5,0.15619306701083524,raw
90,s1_clean,5.230257776887017,3.9835295593536193,False,False,False,vlp_only,45,5.5,4.5,0.9999999999010002,raw
90,s1_clean,5.230257776887017,3.9835295593536193,False,False,False,static_fusion,45,5.5,4.5,0.5780965334559177,raw
91,s1_clean,4.9776092930395945,4.056000817377593,False,False,False,wifi_only,34,4.5,3.5,0.14019939026534933,raw
91,s1_clean,4.9776092930395945,4.056000817377593,False,False,False,vlp_only,44,4.5,4.5,0.9999999999010002,raw
91,s1_clean,4.9776092930395945,4.056000817377593,False,False,False,static_fusion,44,4.5,4.5,0.5256907833956359,raw
92,s1_clean,4.723335213676367,4.234008104614395,False,False,False,wifi_only,43,3.5,4.5,0.17275621918854595,raw
92,s1_clean,4.723335213676367,4.234008104614395,False,False,False,vlp_only,44,4.5,4.5,0.9999999999010002,raw
92,s1_clean,4.723335213676367,4.234008104614395,False,False,False,static_fusion,44,4.5,4.5,0.5381558590494574,raw
93,s1_clean,4.5603601875449,4.42721654605225,False,False,False,wifi_only,45,5.5,4.5,0.1653718554888381,raw
93,s1_clean,4.5603601875449,4.42721654605225,False,False,False,vlp_only,44,4.5,4.5,0.9999999999010002,raw
93,s1_clean,4.5603601875449,4.42721654605225,False,False,False,static_fusion,44,4.5,4.5,0.5352702093320878,raw
94,s1_clean,4.376758804931988,4.783397516554166,False,False,False,wifi_only,43,3.5,4.5,0.15094364142801875,raw
94,s1_clean,4.376758804931988,4.783397516554166,False,False,False,vlp_only,44,4.5,4.5,0.9999999999010002,raw
94,s1_clean,4.376758804931988,4.783397516554166,False,False,False,static_fusion,44,4.5,4.5,0.532062084951565,raw
95,s1_clean,4.278110895822162,4.873116927745965,False,False,False,wifi_only,63,3.5,6.5,0.10528264585941757,raw
95,s1_clean,4.278110895822162,4.873116927745965,False,False,False,vlp_only,44,4.5,4.5,0.9999999999010002,raw
95,s1_clean,4.278110895822162,4.873116927745965,False,False,False,static_fusion,44,4.5,4.5,0.505032281445462,raw
96,s1_clean,4.12801724847605,5.124228511615788,False,False,False,wifi_only,54,4.5,5.5,0.17398897195050228,raw
96,s1_clean,4.12801724847605,5.124228511615788,False,False,False,vlp_only,54,4.5,5.5,0.9999999999010002,raw
96,s1_clean,4.12801724847605,5.124228511615788,False,False,False,static_fusion,54,4.5,5.5,0.5869944859257512,raw
97,s1_clean,3.704635602450641,5.262849100858526,False,False,False,wifi_only,52,2.5,5.5,0.1599509782027119,raw
97,s1_clean,3.704635602450641,5.262849100858526,False,False,False,vlp_only,53,3.5,5.5,0.9999999999010002,raw
97,s1_clean,3.704635602450641,5.262849100858526,False,False,False,static_fusion,53,3.5,5.5,0.5526526703043678,raw
98,s1_clean,3.5561357581555817,5.285474381301673,False,False,False,wifi_only,44,4.5,4.5,0.1648844839216568,raw
98,s1_clean,3.5561357581555817,5.285474381301673,False,False,False,vlp_only,53,3.5,5.5,0.9999999999010002,raw
98,s1_clean,3.5561357581555817,5.285474381301673,False,False,False,static_fusion,53,3.5,5.5,0.5391174661061664,raw
99,s1_clean,3.128664509288299,5.522908615866154,False,False,False,wifi_only,46,6.5,4.5,0.1616173367682319,raw
99,s1_clean,3.128664509288299,5.522908615866154,False,False,False,vlp_only,53,3.5,5.5,0.9999999999010002,raw
99,s1_clean,3.128664509288299,5.522908615866154,False,False,False,static_fusion,53,3.5,5.5,0.5009978429706576,raw
0,s1_clean,6.1055626688123565,8.931678203850066,False,False,False,wifi_only,93,3.5,9.5,0.19030490561927146,moving_average
0,s1_clean,6.1055626688123565,8.931678203850066,False,False,False,vlp_only,96,6.5,9.5,0.9999999999010001,moving_average
0,s1_clean,6.1055626688123565,8.931678203850066,False,False,False,static_fusion,96,6.5,9.5,0.5841242814537886,moving_average
1,s1_clean,6.320554771122484,9.075343533082185,False,False,False,wifi_only,83,3.5,8.5,0.1739488184154133,moving_average
1,s1_clean,6.320554771122484,9.075343533082185,False,False,False,vlp_only,96,6.5,9.5,0.9999999999010001,moving_average
1,s1_clean,6.320554771122484,9.075343533082185,False,False,False,static_fusion,96,6.5,9.5,0.5808814584450075,moving_average
2,s1_clean,6.58026211240472,9.446929430621816,False,False,False,wifi_only,96,6.5,9.5,0.2044529921886339,moving_average
2,s1_clean,6.58026211240472,9.446929430621816,False,False,False,vlp_only,96,6.5,9.5,0.9999999999010001,moving_average
2,s1_clean,6.58026211240472,9.446929430621816,False,False,False,static_fusion,96,6.5,9.5,0.6022264960448169,moving_average
3,s1_clean,6.690486996140005,9.773722821152626,False,False,False,wifi_only,93,3.5,9.5,0.21615188292213286,moving_average
3,s1_clean,6.690486996140005,9.773722821152626,False,False,False,vlp_only,96,6.5,9.5,0.9999999999010001,moving_average
3,s1_clean,6.690486996140005,9.773722821152626,False,False,False,static_fusion,96,6.5,9.5,0.5938720866151144,moving_average
4,s1_clean,6.648930003357536,9.453988556211296,False,False,False,wifi_only,93,3.5,9.5,0.2568712179479169,moving_average
4,s1_clean,6.648930003357536,9.453988556211296,False,False,False,vlp_only,96,6.5,9.5,0.9999999999010001,moving_average
4,s1_clean,6.648930003357536,9.453988556211296,False,False,False,static_fusion,96,6.5,9.5,0.5960594312838117,moving_average
5,s1_clean,6.503414861243288,9.34880509424309,False,False,False,wifi_only,96,6.5,9.5,0.23293654362419564,moving_average
5,s1_clean,6.503414861243288,9.34880509424309,False,False,False,vlp_only,96,6.5,9.5,0.9999999999010001,moving_average
5,s1_clean,6.503414861243288,9.34880509424309,False,False,False,static_fusion,96,6.5,9.5,0.6164682717625979,moving_average
6,s1_clean,6.309679632446698,9.224501326679391,False,False,False,wifi_only,96,6.5,9.5,0.2752147756443228,moving_average
6,s1_clean,6.309679632446698,9.224501326679391,False,False,False,vlp_only,96,6.5,9.5,0.9999999999010001,moving_average
6,s1_clean,6.309679632446698,9.224501326679391,False,False,False,static_fusion,96,6.5,9.5,0.6376073877726615,moving_average
7,s1_clean,6.06460409098813,9.084291660062746,False,False,False,wifi_only,96,6.5,9.5,0.3226452871944525,moving_average
7,s1_clean,6.06460409098813,9.084291660062746,False,False,False,vlp_only,96,6.5,9.5,0.9999999999010001,moving_average
7,s1_clean,6.06460409098813,9.084291660062746,False,False,False,static_fusion,96,6.5,9.5,0.6613226435477263,moving_average
8,s1_clean,5.726062604387588,9.046898224684307,False,False,False,wifi_only,96,6.5,9.5,0.3564357160176599,moving_average
8,s1_clean,5.726062604387588,9.046898224684307,False,False,False,vlp_only,96,6.5,9.5,0.9999999999010001,moving_average
8,s1_clean,5.726062604387588,9.046898224684307,False,False,False,static_fusion,96,6.5,9.5,0.6782178579593299,moving_average
9,s1_clean,5.334545965818324,9.091415993613808,False,False,False,wifi_only,95,5.5,9.5,0.29902798730866437,moving_average
9,s1_clean,5.334545965818324,9.091415993613808,False,False,False,vlp_only,96,6.5,9.5,0.9999999999010001,moving_average
9,s1_clean,5.334545965818324,9.091415993613808,False,False,False,static_fusion,96,6.5,9.5,0.5053687334760267,moving_average
10,s1_clean,4.945823765007514,9.252578001847564,False,False,False,wifi_only,95,5.5,9.5,0.28895854437049856,moving_average
10,s1_clean,4.945823765007514,9.252578001847564,False,False,False,vlp_only,85,5.5,8.5,0.9999999999010001,moving_average
10,s1_clean,4.945823765007514,9.252578001847564,False,False,False,static_fusion,85,5.5,8.5,0.6193262663242483,moving_average
11,s1_clean,4.721675127324938,9.340170350002357,False,False,False,wifi_only,95,5.5,9.5,0.2840114052996184,moving_average
11,s1_clean,4.721675127324938,9.340170350002357,False,False,False,vlp_only,95,5.5,9.5,0.9999999999010001,moving_average
11,s1_clean,4.721675127324938,9.340170350002357,False,False,False,static_fusion,95,5.5,9.5,0.6420057026003092,moving_average
12,s1_clean,4.340963373281298,9.42272693147179,False,False,False,wifi_only,85,5.5,8.5,0.26000884668064467,moving_average
12,s1_clean,4.340963373281298,9.42272693147179,False,False,False,vlp_only,95,5.5,9.5,0.9999999999010001,moving_average
12,s1_clean,4.340963373281298,9.42272693147179,False,False,False,static_fusion,95,5.5,9.5,0.6271389444699409,moving_average
13,s1_clean,4.095436566930193,9.473710426329454,False,False,False,wifi_only,94,4.5,9.5,0.27116131834369567,moving_average
13,s1_clean,4.095436566930193,9.473710426329454,False,False,False,vlp_only,94,4.5,9.5,0.9999999999010001,moving_average
13,s1_clean,4.095436566930193,9.473710426329454,False,False,False,static_fusion,94,4.5,9.5,0.6355806591223478,moving_average
14,s1_clean,3.863209848904428,9.531730849012984,False,False,False,wifi_only,94,4.5,9.5,0.2890057320225833,moving_average
14,s1_clean,3.863209848904428,9.531730849012984,False,False,False,vlp_only,94,4.5,9.5,0.9999999999010001,moving_average
14,s1_clean,3.863209848904428,9.531730849012984,False,False,False,static_fusion,94,4.5,9.5,0.6445028659617917,moving_average
15,s1_clean,3.520682956293645,9.491058893166894,False,False,False,wifi_only,94,4.5,9.5,0.28837634803383205,moving_average
15,s1_clean,3.520682956293645,9.491058893166894,False,False,False,vlp_only,84,4.5,8.5,0.9999999999010001,moving_average
15,s1_clean,3.520682956293645,9.491058893166894,False,False,False,static_fusion,84,4.5,8.5,0.6047069830190835,moving_average
16,s1_clean,3.165382501834026,9.461587695941777,False,False,False,wifi_only,93,3.5,9.5,0.25969642548024274,moving_average
16,s1_clean,3.165382501834026,9.461587695941777,False,False,False,vlp_only,93,3.5,9.5,0.9999999999010001,moving_average
16,s1_clean,3.165382501834026,9.461587695941777,False,False,False,static_fusion,93,3.5,9.5,0.6298482126906214,moving_average
17,s1_clean,2.930245477093876,9.456164822050765,False,False,False,wifi_only,93,3.5,9.5,0.27322604679876467,moving_average
17,s1_clean,2.930245477093876,9.456164822050765,False,False,False,vlp_only,93,3.5,9.5,0.9999999999010001,moving_average
17,s1_clean,2.930245477093876,9.456164822050765,False,False,False,static_fusion,93,3.5,9.5,0.6366130233498823,moving_average
18,s1_clean,2.7420797060020465,9.472996628406442,False,False,False,wifi_only,93,3.5,9.5,0.2376688222116263,moving_average
18,s1_clean,2.7420797060020465,9.472996628406442,False,False,False,vlp_only,93,3.5,9.5,0.9999999999010001,moving_average
18,s1_clean,2.7420797060020465,9.472996628406442,False,False,False,static_fusion,93,3.5,9.5,0.6188344110563132,moving_average
19,s1_clean,2.4198638446847416,9.489528341112424,False,False,False,wifi_only,92,2.5,9.5,0.23072160219920687,moving_average
19,s1_clean,2.4198638446847416,9.489528341112424,False,False,False,vlp_only,92,2.5,9.5,0.9999999999010001,moving_average
19,s1_clean,2.4198638446847416,9.489528341112424,False,False,False,static_fusion,92,2.5,9.5,0.6153608010501033,moving_average
20,s1_clean,2.0874415206005943,9.43132427410417,False,False,False,wifi_only,92,2.5,9.5,0.3209009893608564,moving_average
20,s1_clean,2.0874415206005943,9.43132427410417,False,False,False,vlp_only,92,2.5,9.5,0.9999999999010001,moving_average
20,s1_clean,2.0874415206005943,9.43132427410417,False,False,False,static_fusion,92,2.5,9.5,0.6604504946309282,moving_average
21,s1_clean,1.6827551012106006,9.608276410412028,False,False,False,wifi_only,92,2.5,9.5,0.21421890731652948,moving_average
21,s1_clean,1.6827551012106006,9.608276410412028,False,False,False,vlp_only,92,2.5,9.5,0.9999999997299297,moving_average
21,s1_clean,1.6827551012106006,9.608276410412028,False,False,False,static_fusion,92,2.5,9.5,0.6071094535232296,moving_average
22,s1_clean,1.5666621834216723,9.721824928735591,False,False,False,wifi_only,91,1.5,9.5,0.2815791589548678,moving_average
22,s1_clean,1.5666621834216723,9.721824928735591,False,False,False,vlp_only,92,2.5,9.5,0.9999766764981193,moving_average
22,s1_clean,1.5666621834216723,9.721824928735591,False,False,False,static_fusion,92,2.5,9.5,0.5739230100517285,moving_average
23,s1_clean,1.8135872918506848,9.442076930062784,False,False,False,wifi_only,91,1.5,9.5,0.24460348288152267,moving_average
23,s1_clean,1.8135872918506848,9.442076930062784,False,False,False,vlp_only,92,2.5,9.5,0.5839699245987703,moving_average
23,s1_clean,1.8135872918506848,9.442076930062784,False,False,False,static_fusion,91,1.5,9.5,0.3303167790903632,moving_average
24,s1_clean,1.9797748224675469,9.171124941492176,False,False,False,wifi_only,91,1.5,9.5,0.20415731836912718,moving_average
24,s1_clean,1.9797748224675469,9.171124941492176,False,False,False,vlp_only,91,1.5,9.5,0.9985365084630662,moving_average
24,s1_clean,1.9797748224675469,9.171124941492176,False,False,False,static_fusion,91,1.5,9.5,0.6013469134160967,moving_average
25,s1_clean,2.0026978386863656,9.060785581306895,False,False,False,wifi_only,81,1.5,8.5,0.163994261225987,moving_average
25,s1_clean,2.0026978386863656,9.060785581306895,False,False,False,vlp_only,91,1.5,9.5,0.9985555591810503,moving_average
25,s1_clean,2.0026978386863656,9.060785581306895,False,False,False,static_fusion,91,1.5,9.5,0.5775520028785854,moving_average
26,s1_clean,2.0409538218277232,8.768038731768266,False,False,False,wifi_only,91,1.5,9.5,0.15980179589868793,moving_average
26,s1_clean,2.0409538218277232,8.768038731768266,False,False,False,vlp_only,91,1.5,9.5,0.9950809385030425,moving_average
26,s1_clean,2.0409538218277232,8.768038731768266,False,False,False,static_fusion,91,1.5,9.5,0.5774413672008651,moving_average
27,s1_clean,1.943647595119588,8.39052055732134,False,False,False,wifi_only,81,1.5,8.5,0.15560369934816734,moving_average
27,s1_clean,1.943647595119588,8.39052055732134,False,False,False,vlp_only,81,1.5,8.5,0.999999713147708,moving_average
27,s1_clean,1.943647595119588,8.39052055732134,False,False,False,static_fusion,81,1.5,8.5,0.5778017062479377,moving_average
28,s1_clean,1.822933837050688,7.938503894157455,False,False,False,wifi_only,81,1.5,8.5,0.11670618484402569,moving_average
28,s1_clean,1.822933837050688,7.938503894157455,False,False,False,vlp_only,81,1.5,8.5,0.9999638054380681,moving_average
28,s1_clean,1.822933837050688,7.938503894157455,False,False,False,static_fusion,81,1.5,8.5,0.5583349951410469,moving_average
29,s1_clean,1.5143958915018594,7.638191012939957,False,False,False,wifi_only,91,1.5,9.5,0.1373929036998784,moving_average
29,s1_clean,1.5143958915018594,7.638191012939957,False,False,False,vlp_only,81,1.5,8.5,0.9999958016336202,moving_average
29,s1_clean,1.5143958915018594,7.638191012939957,False,False,False,static_fusion,81,1.5,8.5,0.5562576721346938,moving_average
30,s1_clean,1.3675026549702816,7.582213936330399,False,False,False,wifi_only,91,1.5,9.5,0.15460880949741687,moving_average
30,s1_clean,1.3675026549702816,7.582213936330399,False,False,False,vlp_only,81,1.5,8.5,0.9978886647672134,moving_average
30,s1_clean,1.3675026549702816,7.582213936330399,False,False,False,static_fusion,81,1.5,8.5,0.5580546567331394,moving_average
31,s1_clean,1.2429294919367564,7.522606951356906,False,False,False,wifi_only,81,1.5,8.5,0.14674628614125695,moving_average
31,s1_clean,1.2429294919367564,7.522606951356906,False,False,False,vlp_only,71,1.5,7.5,0.9992182372512005,moving_average
31,s1_clean,1.2429294919367564,7.522606951356906,False,False,False,static_fusion,71,1.5,7.5,0.5575477562997305,moving_average
32,s1_clean,1.1706414409291317,7.446686809586819,False,False,False,wifi_only,81,1.5,8.5,0.14506625620799915,moving_average
32,s1_clean,1.1706414409291317,7.446686809586819,False,False,False,vlp_only,71,1.5,7.5,0.9999994527222942,moving_average
32,s1_clean,1.1706414409291317,7.446686809586819,False,False,False,static_fusion,71,1.5,7.5,0.565959472518251,moving_average
33,s1_clean,1.0225794063669398,7.298034493574606,False,False,False,wifi_only,71,1.5,7.5,0.139030356486105,moving_average
33,s1_clean,1.0225794063669398,7.298034493574606,False,False,False,vlp_only,71,1.5,7.5,0.9999999979886169,moving_average
33,s1_clean,1.0225794063669398,7.298034493574606,False,False,False,static_fusion,71,1.5,7.5,0.569515177237361,moving_average
34,s1_clean,0.8405580282052503,7.1660136409604815,False,False,False,wifi_only,70,0.5,7.5,0.16072302962446383,moving_average
34,s1_clean,0.8405580282052503,7.1660136409604815,False,False,False,vlp_only,71,1.5,7.5,0.9999999998869539,moving_average
34,s1_clean,0.8405580282052503,7.1660136409604815,False,False,False,static_fusion,71,1.5,7.5,0.5671687729636634,moving_average
35,s1_clean,0.7992402328627707,7.065719351919998,False,False,False,wifi_only,61,1.5,6.5,0.1508457153593937,moving_average
35,s1_clean,0.7992402328627707,7.065719351919998,False,False,False,vlp_only,70,0.5,7.5,0.9999999999010001,moving_average
35,s1_clean,0.7992402328627707,7.065719351919998,False,False,False,static_fusion,70,0.5,7.5,0.5733378569912178,moving_average
36,s1_clean,0.7671095331979448,6.6194549412444434,False,False,False,wifi_only,70,0.5,7.5,0.17509905586049496,moving_average
36,s1_clean,0.7671095331979448,6.6194549412444434,False,False,False,vlp_only,70,0.5,7.5,0.9999999999010001,moving_average
36,s1_clean,0.7671095331979448,6.6194549412444434,False,False,False,static_fusion,70,0.5,7.5,0.5875495278807475,moving_average
37,s1_clean,0.7867269935815102,6.50813786445098,False,False,False,wifi_only,70,0.5,7.5,0.21302207837288883,moving_average
37,s1_clean,0.7867269935815102,6.50813786445098,False,False,False,vlp_only,70,0.5,7.5,0.999998480650224,moving_average
37,s1_clean,0.7867269935815102,6.50813786445098,False,False,False,static_fusion,70,0.5,7.5,0.6065102795115564,moving_average
38,s1_clean,0.9039958580667962,6.339426406945286,False,False,False,wifi_only,60,0.5,6.5,0.19696413512663044,moving_average
38,s1_clean,0.9039958580667962,6.339426406945286,False,False,False,vlp_only,61,1.5,6.5,0.9999972678527498,moving_average
38,s1_clean,0.9039958580667962,6.339426406945286,False,False,False,static_fusion,61,1.5,6.5,0.5618965708164827,moving_average
39,s1_clean,0.9979740023158236,6.187541249202924,False,False,False,wifi_only,60,0.5,6.5,0.16459074893364406,moving_average
39,s1_clean,0.9979740023158236,6.187541249202924,False,False,False,vlp_only,60,0.5,6.5,0.9999999999010002,moving_average
39,s1_clean,0.9979740023158236,6.187541249202924,False,False,False,static_fusion,60,0.5,6.5,0.582295374417322,moving_average
40,s1_clean,1.28488954092244,5.782257454541684,False,False,False,wifi_only,60,0.5,6.5,0.15613574624225748,moving_average
40,s1_clean,1.28488954092244,5.782257454541684,False,False,False,vlp_only,60,0.5,6.5,0.9999999999010002,moving_average
40,s1_clean,1.28488954092244,5.782257454541684,False,False,False,static_fusion,60,0.5,6.5,0.5780678730716289,moving_average
41,s1_clean,1.513102962684955,5.518180410148621,False,False,False,wifi_only,51,1.5,5.5,0.1412587567629823,moving_average
41,s1_clean,1.513102962684955,5.518180410148621,False,False,False,vlp_only,60,0.5,6.5,0.9999999999010002,moving_average
41,s1_clean,1.513102962684955,5.518180410148621,False,False,False,static_fusion,60,0.5,6.5,0.5594693925481927,moving_average
42,s1_clean,1.6106044791645622,5.19830615307079,False,False,False,wifi_only,51,1.5,5.5,0.13419315045114483,moving_average
42,s1_clean,1.6106044791645622,5.19830615307079,False,False,False,vlp_only,51,1.5,5.5,0.9999999999010002,moving_average
42,s1_clean,1.6106044791645622,5.19830615307079,False,False,False,static_fusion,51,1.5,5.5,0.5670965751760725,moving_average
43,s1_clean,1.8972643262832607,4.975906927269721,False,False,False,wifi_only,51,1.5,5.5,0.16423692364054926,moving_average
43,s1_clean,1.8972643262832607,4.975906927269721,False,False,False,vlp_only,51,1.5,5.5,0.9999999999001904,moving_average
43,s1_clean,1.8972643262832607,4.975906927269721,False,False,False,static_fusion,51,1.5,5.5,0.5821184617703699,moving_average
44,s1_clean,2.229332660696988,4.76372737768957,False,False,False,wifi_only,51,1.5,5.5,0.16652620785498806,moving_average
44,s1_clean,2.229332660696988,4.76372737768957,False,False,False,vlp_only,51,1.5,5.5,0.9999999058189335,moving_average
44,s1_clean,2.229332660696988,4.76372737768957,False,False,False,static_fusion,51,1.5,5.5,0.5832630568369607,moving_average
45,s1_clean,2.6145006895276834,4.592072450426468,False,False,False,wifi_only,51,1.5,5.5,0.13863619158745885,moving_average
45,s1_clean,2.6145006895276834,4.592072450426468,False,False,False,vlp_only,51,1.5,5.5,0.9825907361954365,moving_average
45,s1_clean,2.6145006895276834,4.592072450426468,False,False,False,static_fusion,51,1.5,5.5,0.5606134638914476,moving_average
46,s1_clean,2.661129424294631,4.466616768697175,False,False,False,wifi_only,51,1.5,5.5,0.15579008697904392,moving_average
46,s1_clean,2.661129424294631,4.466616768697175,False,False,False,vlp_only,42,2.5,4.5,0.9998415973493633,moving_average
46,s1_clean,2.661129424294631,4.466616768697175,False,False,False,static_fusion,42,2.5,4.5,0.5664703379439816,moving_average
47,s1_clean,2.6450300380382434,4.183588162907463,False,False,False,wifi_only,42,2.5,4.5,0.17291306595644282,moving_average
47,s1_clean,2.6450300380382434,4.183588162907463,False,False,False,vlp_only,42,2.5,4.5,0.9999999997576052,moving_average
47,s1_clean,2.6450300380382434,4.183588162907463,False,False,False,static_fusion,42,2.5,4.5,0.5864565328570238,moving_average
48,s1_clean,2.633014421787828,3.6860116411580814,False,False,False,wifi_only,42,2.5,4.5,0.1801723772573082,moving_average
48,s1_clean,2.633014421787828,3.6860116411580814,False,False,False,vlp_only,42,2.5,4.5,0.9999999999010002,moving_average
48,s1_clean,2.633014421787828,3.6860116411580814,False,False,False,static_fusion,42,2.5,4.5,0.5900861885791542,moving_average
49,s1_clean,2.7923313692644163,3.3743378598159564,False,False,False,wifi_only,42,2.5,4.5,0.1702398365876156,moving_average
49,s1_clean,2.7923313692644163,3.3743378598159564,False,False,False,vlp_only,33,3.5,3.5,0.9999999999010002,moving_average
49,s1_clean,2.7923313692644163,3.3743378598159564,False,False,False,static_fusion,33,3.5,3.5,0.5509870495481614,moving_average
50,s1_clean,2.983612121628606,3.11916257556942,False,False,False,wifi_only,42,2.5,4.5,0.15755797173740202,moving_average
50,s1_clean,2.983612121628606,3.11916257556942,False,False,False,vlp_only,33,3.5,3.5,0.9999999999010002,moving_average
50,s1_clean,2.983612121628606,3.11916257556942,False,False,False,static_fusion,33,3.5,3.5,0.56576380972037,moving_average
51,s1_clean,3.351818132537528,2.843855854625126,False,False,False,wifi_only,33,3.5,3.5,0.19154414243273085,moving_average
51,s1_clean,3.351818132537528,2.843855854625126,False,False,False,vlp_only,32,2.5,3.5,0.9999999999010002,moving_average
51,s1_clean,3.351818132537528,2.843855854625126,False,False,False,static_fusion,32,2.5,3.5,0.5483998296289733,moving_average
52,s1_clean,3.56862361427012,2.697604331930428,False,False,False,wifi_only,33,3.5,3.5,0.19620343122471787,moving_average
52,s1_clean,3.56862361427012,2.697604331930428,False,False,False,vlp_only,32,2.5,3.5,0.9999999983667616,moving_average
52,s1_clean,3.56862361427012,2.697604331930428,False,False,False,static_fusion,32,2.5,3.5,0.5411937539624228,moving_average
53,s1_clean,3.943888445431222,2.4514296926551147,False,False,False,wifi_only,33,3.5,3.5,0.18043980708860297,moving_average
53,s1_clean,3.943888445431222,2.4514296926551147,False,False,False,vlp_only,23,3.5,2.5,0.9999999999010003,moving_average
53,s1_clean,3.943888445431222,2.4514296926551147,False,False,False,static_fusion,23,3.5,2.5,0.5638851298953477,moving_average
54,s1_clean,4.260369316238271,2.2082022988398595,False,False,False,wifi_only,23,3.5,2.5,0.1991599718634755,moving_average
54,s1_clean,4.260369316238271,2.2082022988398595,False,False,False,vlp_only,23,3.5,2.5,0.9999999999010003,moving_average
54,s1_clean,4.260369316238271,2.2082022988398595,False,False,False,static_fusion,23,3.5,2.5,0.5995799858822379,moving_average
55,s1_clean,4.627569160973635,2.060114150367901,False,False,False,wifi_only,24,4.5,2.5,0.17995427711697787,moving_average
55,s1_clean,4.627569160973635,2.060114150367901,False,False,False,vlp_only,33,3.5,3.5,0.9999999997941262,moving_average
55,s1_clean,4.627569160973635,2.060114150367901,False,False,False,static_fusion,33,3.5,3.5,0.5429769611011555,moving_average
56,s1_clean,4.961867043427717,1.830848239374332,False,False,False,wifi_only,14,4.5,1.5,0.20680786089421144,moving_average
56,s1_clean,4.961867043427717,1.830848239374332,False,False,False,vlp_only,24,4.5,2.5,0.9999984642765507,moving_average
56,s1_clean,4.961867043427717,1.830848239374332,False,False,False,static_fusion,24,4.5,2.5,0.5934952556573792,moving_average
57,s1_clean,5.0679788704002044,1.7195475994342533,False,False,False,wifi_only,14,4.5,1.5,0.2337305743209893,moving_average
57,s1_clean,5.0679788704002044,1.7195475994342533,False,False,False,vlp_only,24,4.5,2.5,0.9967267022337268,moving_average
57,s1_clean,5.0679788704002044,1.7195475994342533,False,False,False,static_fusion,24,4.5,2.5,0.5799689192347064,moving_average
58,s1_clean,5.335240810429285,1.571560122687008,False,False,False,wifi_only,15,5.5,1.5,0.18993464760541753,moving_average
58,s1_clean,5.335240810429285,1.571560122687008,False,False,False,vlp_only,14,4.5,1.5,0.9889793294448319,moving_average
58,s1_clean,5.335240810429285,1.571560122687008,False,False,False,static_fusion,14,4.5,1.5,0.5733878622624712,moving_average
59,s1_clean,5.651780389210071,1.3727606103935992,False,False,False,wifi_only,15,5.5,1.5,0.20987574893935157,moving_average
59,s1_clean,5.651780389210071,1.3727606103935992,False,False,False,vlp_only,15,5.5,1.5,0.999999211794625,moving_average
59,s1_clean,5.651780389210071,1.3727606103935992,False,False,False,static_fusion,15,5.5,1.5,0.6049374803669882,moving_average
60,s1_clean,5.898763386562306,1.2621017401554997,False,False,False,wifi_only,15,5.5,1.5,0.2080872035554151,moving_average
60,s1_clean,5.898763386562306,1.2621017401554997,False,False,False,vlp_only,15,5.5,1.5,0.9999999958655168,moving_average
60,s1_clean,5.898763386562306,1.2621017401554997,False,False,False,static_fusion,15,5.5,1.5,0.6040435997104658,moving_average
61,s1_clean,6.355551046384767,1.4203122314749552,False,False,False,wifi_only,15,5.5,1.5,0.2041578213316225,moving_average
61,s1_clean,6.355551046384767,1.4203122314749552,False,False,False,vlp_only,15,5.5,1.5,0.9999999986983353,moving_average
61,s1_clean,6.355551046384767,1.4203122314749552,False,False,False,static_fusion,15,5.5,1.5,0.6020789100149789,moving_average
62,s1_clean,6.594147927702143,1.4206009795225187,False,False,False,wifi_only,26,6.5,2.5,0.2015833769768217,moving_average
62,s1_clean,6.594147927702143,1.4206009795225187,False,False,False,vlp_only,6,6.5,0.5,0.9999999999010003,moving_average
62,s1_clean,6.594147927702143,1.4206009795225187,False,False,False,static_fusion,6,6.5,0.5,0.5484845353216763,moving_average
63,s1_clean,6.702875767945526,1.3948214383894544,False,False,False,wifi_only,26,6.5,2.5,0.20002764974762782,moving_average
63,s1_clean,6.702875767945526,1.3948214383894544,False,False,False,vlp_only,16,6.5,1.5,0.9999998737425786,moving_average
63,s1_clean,6.702875767945526,1.3948214383894544,False,False,False,static_fusion,16,6.5,1.5,0.5784801049602657,moving_average
64,s1_clean,6.87517464550481,1.1902703370600811,False,False,False,wifi_only,16,6.5,1.5,0.2185159960073788,moving_average
64,s1_clean,6.87517464550481,1.1902703370600811,False,False,False,vlp_only,16,6.5,1.5,0.9999999999010003,moving_average
64,s1_clean,6.87517464550481,1.1902703370600811,False,False,False,static_fusion,16,6.5,1.5,0.6092579979541897,moving_average
65,s1_clean,6.892272294025562,1.0122251452148698,False,False,False,wifi_only,26,6.5,2.5,0.15005996228971025,moving_average
65,s1_clean,6.892272294025562,1.0122251452148698,False,False,False,vlp_only,16,6.5,1.5,0.9999999999010003,moving_average
65,s1_clean,6.892272294025562,1.0122251452148698,False,False,False,static_fusion,16,6.5,1.5,0.5687088537804774,moving_average
66,s1_clean,7.000483248939226,0.9177176630235528,False,False,False,wifi_only,27,7.5,2.5,0.1960296825645835,moving_average
66,s1_clean,7.000483248939226,0.9177176630235528,False,False,False,vlp_only,16,6.5,1.5,0.9999999999010003,moving_average
66,s1_clean,7.000483248939226,0.9177176630235528,False,False,False,static_fusion,16,6.5,1.5,0.5712429713276486,moving_average
67,s1_clean,7.169623623221895,0.7738996044632837,False,False,False,wifi_only,27,7.5,2.5,0.17008382553306933,moving_average
67,s1_clean,7.169623623221895,0.7738996044632837,False,False,False,vlp_only,16,6.5,1.5,0.9999493315551735,moving_average
67,s1_clean,7.169623623221895,0.7738996044632837,False,False,False,static_fusion,16,6.5,1.5,0.5840838149608102,moving_average
68,s1_clean,7.492034971191752,0.4271040557051936,False,False,False,wifi_only,27,7.5,2.5,0.21736300304524686,moving_average
68,s1_clean,7.492034971191752,0.4271040557051936,False,False,False,vlp_only,7,7.5,0.5,0.9999999952962805,moving_average
68,s1_clean,7.492034971191752,0.4271040557051936,False,False,False,static_fusion,7,7.5,0.5,0.5131177379147411,moving_average
69,s1_clean,7.463813289098351,0.1481351742215659,False,False,False,wifi_only,27,7.5,2.5,0.23009467053389565,moving_average
69,s1_clean,7.463813289098351,0.1481351742215659,False,False,False,vlp_only,7,7.5,0.5,0.9999999999010003,moving_average
69,s1_clean,7.463813289098351,0.1481351742215659,False,False,False,static_fusion,7,7.5,0.5,0.5144299519579161,moving_average
70,s1_clean,7.384046542733699,0.3965845375848609,False,False,False,wifi_only,27,7.5,2.5,0.19614081432437616,moving_average
70,s1_clean,7.384046542733699,0.3965845375848609,False,False,False,vlp_only,7,7.5,0.5,0.9999999999010003,moving_average
70,s1_clean,7.384046542733699,0.3965845375848609,False,False,False,static_fusion,7,7.5,0.5,0.5789506670360303,moving_average
71,s1_clean,7.274941349103505,0.5328406187982155,False,False,False,wifi_only,27,7.5,2.5,0.2164427736138838,moving_average
71,s1_clean,7.274941349103505,0.5328406187982155,False,False,False,vlp_only,7,7.5,0.5,0.9999999998981858,moving_average
71,s1_clean,7.274941349103505,0.5328406187982155,False,False,False,static_fusion,7,7.5,0.5,0.5645649857907677,moving_average
72,s1_clean,7.242898641642358,0.6319581293500205,False,False,False,wifi_only,7,7.5,0.5,0.19544998367399172,moving_average
72,s1_clean,7.242898641642358,0.6319581293500205,False,False,False,vlp_only,7,7.5,0.5,0.9999999998941526,moving_average
72,s1_clean,7.242898641642358,0.6319581293500205,False,False,False,static_fusion,7,7.5,0.5,0.5977249917840721,moving_average
73,s1_clean,6.897766036852761,0.9865854746261178,False,False,False,wifi_only,17,7.5,1.5,0.199656086933563,moving_average
73,s1_clean,6.897766036852761,0.9865854746261178,False,False,False,vlp_only,7,7.5,0.5,0.9999999999010003,moving_average
73,s1_clean,6.897766036852761,0.9865854746261178,False,False,False,static_fusion,7,7.5,0.5,0.5945430632024664,moving_average
74,s1_clean,6.819062780162876,1.076859414311629,False,False,False,wifi_only,7,7.5,0.5,0.2597700671440841,moving_average
74,s1_clean,6.819062780162876,1.076859414311629,False,False,False,vlp_only,7,7.5,0.5,0.9999999999010003,moving_average
74,s1_clean,6.819062780162876,1.076859414311629,False,False,False,static_fusion,7,7.5,0.5,0.6298850335225421,moving_average
75,s1_clean,6.720234602821568,1.267398302606882,False,False,False,wifi_only,7,7.5,0.5,0.17251856134748117,moving_average
75,s1_clean,6.720234602821568,1.267398302606882,False,False,False,vlp_only,7,7.5,0.5,0.9992147999783082,moving_average
75,s1_clean,6.720234602821568,1.267398302606882,False,False,False,static_fusion,7,7.5,0.5,0.5858666806628946,moving_average
76,s1_clean,6.503783427177126,1.570279682105651,False,False,False,wifi_only,27,7.5,2.5,0.1811800395602544,moving_average
76,s1_clean,6.503783427177126,1.570279682105651,False,False,False,vlp_only,16,6.5,1.5,0.9999999998888591,moving_average
76,s1_clean,6.503783427177126,1.570279682105651,False,False,False,static_fusion,16,6.5,1.5,0.5669773905221572,moving_average
77,s1_clean,6.358465325036558,1.791120746986019,False,False,False,wifi_only,27,7.5,2.5,0.18548997651011181,moving_average
77,s1_clean,6.358465325036558,1.791120746986019,False,False,False,vlp_only,16,6.5,1.5,0.9999999999010003,moving_average
77,s1_clean,6.358465325036558,1.791120746986019,False,False,False,static_fusion,16,6.5,1.5,0.5915985041479602,moving_average
78,s1_clean,6.122791880845917,1.8813582130943367,False,False,False,wifi_only,16,6.5,1.5,0.1847929956246404,moving_average
78,s1_clean,6.122791880845917,1.8813582130943367,False,False,False,vlp_only,16,6.5,1.5,0.9999999998942428,moving_average
78,s1_clean,6.122791880845917,1.8813582130943367,False,False,False,static_fusion,16,6.5,1.5,0.5923964977594416,moving_average
79,s1_clean,5.750230255978351,2.1326072148263107,False,False,False,wifi_only,26,6.5,2.5,0.2161593438117841,moving_average
79,s1_clean,5.750230255978351,2.1326072148263107,False,False,False,vlp_only,16,6.5,1.5,0.9999991769617769,moving_average
79,s1_clean,5.750230255978351,2.1326072148263107,False,False,False,static_fusion,16,6.5,1.5,0.5869875743966118,moving_average
80,s1_clean,5.514678873922644,2.389062926514496,False,False,False,wifi_only,26,6.5,2.5,0.2096462614044641,moving_average
80,s1_clean,5.514678873922644,2.389062926514496,False,False,False,vlp_only,6,6.5,0.5,0.9999999999010003,moving_average
80,s1_clean,5.514678873922644,2.389062926514496,False,False,False,static_fusion,6,6.5,0.5,0.5326811548924891,moving_average
81,s1_clean,5.508112152914603,2.4998600146256016,False,False,False,wifi_only,26,6.5,2.5,0.18569060174391916,moving_average
81,s1_clean,5.508112152914603,2.4998600146256016,False,False,False,vlp_only,6,6.5,0.5,0.9999999999010003,moving_average
81,s1_clean,5.508112152914603,2.4998600146256016,False,False,False,static_fusion,6,6.5,0.5,0.5291829528762018,moving_average
82,s1_clean,5.600226935990087,2.6582213422588112,False,False,False,wifi_only,15,5.5,1.5,0.16972386189763908,moving_average
82,s1_clean,5.600226935990087,2.6582213422588112,False,False,False,vlp_only,25,5.5,2.5,0.9999981394728531,moving_average
82,s1_clean,5.600226935990087,2.6582213422588112,False,False,False,static_fusion,25,5.5,2.5,0.5782449488527529,moving_average
83,s1_clean,5.738537290833164,2.759195471518816,False,False,False,wifi_only,15,5.5,1.5,0.1906924541317442,moving_average
83,s1_clean,5.738537290833164,2.759195471518816,False,False,False,vlp_only,25,5.5,2.5,0.99999999961276,moving_average
83,s1_clean,5.738537290833164,2.759195471518816,False,False,False,static_fusion,25,5.5,2.5,0.5700320476504863,moving_average
84,s1_clean,5.832850971363683,3.0310878411880533,False,False,False,wifi_only,15,5.5,1.5,0.19042494045360558,moving_average
84,s1_clean,5.832850971363683,3.0310878411880533,False,False,False,vlp_only,25,5.5,2.5,0.9999999999010002,moving_average
84,s1_clean,5.832850971363683,3.0310878411880533,False,False,False,static_fusion,25,5.5,2.5,0.5702217402162645,moving_average
85,s1_clean,5.898467311753344,3.228508652056043,False,False,False,wifi_only,25,5.5,2.5,0.16969701815201899,moving_average
85,s1_clean,5.898467311753344,3.228508652056043,False,False,False,vlp_only,25,5.5,2.5,0.9999999999010002,moving_average
85,s1_clean,5.898467311753344,3.228508652056043,False,False,False,static_fusion,25,5.5,2.5,0.5848485090265096,moving_average
86,s1_clean,5.888626732888142,3.400271085109193,False,False,False,wifi_only,25,5.5,2.5,0.15757406754644962,moving_average
86,s1_clean,5.888626732888142,3.400271085109193,False,False,False,vlp_only,25,5.5,2.5,0.9999999999010002,moving_average
86,s1_clean,5.888626732888142,3.400271085109193,False,False,False,static_fusion,25,5.5,2.5,0.5787870337237249,moving_average
87,s1_clean,5.651159957112673,3.739006548657096,False,False,False,wifi_only,25,5.5,2.5,0.18068794118493284,moving_average
87,s1_clean,5.651159957112673,3.739006548657096,False,False,False,vlp_only,25,5.5,2.5,0.9999999999010002,moving_average
87,s1_clean,5.651159957112673,3.739006548657096,False,False,False,static_fusion,25,5.5,2.5,0.5903439705429666,moving_average
88,s1_clean,5.511321113022474,3.8790676275290847,False,False,False,wifi_only,35,5.5,3.5,0.18464976583018095,moving_average
88,s1_clean,5.511321113022474,3.8790676275290847,False,False,False,vlp_only,35,5.5,3.5,0.9999999999010002,moving_average
88,s1_clean,5.511321113022474,3.8790676275290847,False,False,False,static_fusion,35,5.5,3.5,0.5923248828655907,moving_average
89,s1_clean,5.43643528909089,3.953273740011248,False,False,False,wifi_only,35,5.5,3.5,0.1882547746463465,moving_average
89,s1_clean,5.43643528909089,3.953273740011248,False,False,False,vlp_only,35,5.5,3.5,0.9999999999010002,moving_average
89,s1_clean,5.43643528909089,3.953273740011248,False,False,False,static_fusion,35,5.5,3.5,0.5941273872736734,moving_average
90,s1_clean,5.230257776887017,3.9835295593536193,False,False,False,wifi_only,35,5.5,3.5,0.16911715077086578,moving_average
90,s1_clean,5.230257776887017,3.9835295593536193,False,False,False,vlp_only,35,5.5,3.5,0.9999999999010002,moving_average
90,s1_clean,5.230257776887017,3.9835295593536193,False,False,False,static_fusion,35,5.5,3.5,0.584558575335933,moving_average
91,s1_clean,4.9776092930395945,4.056000817377593,False,False,False,wifi_only,34,4.5,3.5,0.16120897019306635,moving_average
91,s1_clean,4.9776092930395945,4.056000817377593,False,False,False,vlp_only,35,5.5,3.5,0.9999999998027853,moving_average
91,s1_clean,4.9776092930395945,4.056000817377593,False,False,False,static_fusion,35,5.5,3.5,0.5611206064082901,moving_average
92,s1_clean,4.723335213676367,4.234008104614395,False,False,False,wifi_only,34,4.5,3.5,0.15003754022888105,moving_average
92,s1_clean,4.723335213676367,4.234008104614395,False,False,False,vlp_only,45,5.5,4.5,0.9999999999010002,moving_average
92,s1_clean,4.723335213676367,4.234008104614395,False,False,False,static_fusion,45,5.5,4.5,0.549256135326726,moving_average
93,s1_clean,4.5603601875449,4.42721654605225,False,False,False,wifi_only,44,4.5,4.5,0.14884456112072153,moving_average
93,s1_clean,4.5603601875449,4.42721654605225,False,False,False,vlp_only,44,4.5,4.5,0.9880250162273676,moving_average
93,s1_clean,4.5603601875449,4.42721654605225,False,False,False,static_fusion,44,4.5,4.5,0.5684347886740445,moving_average
94,s1_clean,4.376758804931988,4.783397516554166,False,False,False,wifi_only,34,4.5,3.5,0.1489661918618106,moving_average
94,s1_clean,4.376758804931988,4.783397516554166,False,False,False,vlp_only,44,4.5,4.5,0.9999999999010002,moving_average
94,s1_clean,4.376758804931988,4.783397516554166,False,False,False,static_fusion,44,4.5,4.5,0.5735845399832312,moving_average
95,s1_clean,4.278110895822162,4.873116927745965,False,False,False,wifi_only,44,4.5,4.5,0.15602066920235835,moving_average
95,s1_clean,4.278110895822162,4.873116927745965,False,False,False,vlp_only,44,4.5,4.5,0.9999999999010002,moving_average
95,s1_clean,4.278110895822162,4.873116927745965,False,False,False,static_fusion,44,4.5,4.5,0.5780103345516793,moving_average
96,s1_clean,4.12801724847605,5.124228511615788,False,False,False,wifi_only,44,4.5,4.5,0.16223932661065066,moving_average
96,s1_clean,4.12801724847605,5.124228511615788,False,False,False,vlp_only,44,4.5,4.5,0.9999999999010002,moving_average
96,s1_clean,4.12801724847605,5.124228511615788,False,False,False,static_fusion,44,4.5,4.5,0.5811196632558253,moving_average
97,s1_clean,3.704635602450641,5.262849100858526,False,False,False,wifi_only,44,4.5,4.5,0.1400754905546534,moving_average
97,s1_clean,3.704635602450641,5.262849100858526,False,False,False,vlp_only,44,4.5,4.5,0.9999999999010002,moving_average
97,s1_clean,3.704635602450641,5.262849100858526,False,False,False,static_fusion,44,4.5,4.5,0.5700377452278268,moving_average
98,s1_clean,3.5561357581555817,5.285474381301673,False,False,False,wifi_only,53,3.5,5.5,0.1421589086420667,moving_average
98,s1_clean,3.5561357581555817,5.285474381301673,False,False,False,vlp_only,54,4.5,5.5,0.9999999999010002,moving_average
98,s1_clean,3.5561357581555817,5.285474381301673,False,False,False,static_fusion,54,4.5,5.5,0.5451139755148438,moving_average
99,s1_clean,3.128664509288299,5.522908615866154,False,False,False,wifi_only,54,4.5,5.5,0.13145158766393358,moving_average
99,s1_clean,3.128664509288299,5.522908615866154,False,False,False,vlp_only,53,3.5,5.5,0.9999999999010002,moving_average
99,s1_clean,3.128664509288299,5.522908615866154,False,False,False,static_fusion,53,3.5,5.5,0.560900536120094,moving_average
0,s1_clean,6.1055626688123565,8.931678203850066,False,False,False,wifi_only,93,3.5,9.5,0.19030490561927146,median
0,s1_clean,6.1055626688123565,8.931678203850066,False,False,False,vlp_only,96,6.5,9.5,0.9999999999010001,median
0,s1_clean,6.1055626688123565,8.931678203850066,False,False,False,static_fusion,96,6.5,9.5,0.5841242814537886,median
1,s1_clean,6.320554771122484,9.075343533082185,False,False,False,wifi_only,83,3.5,8.5,0.1739488184154133,median
1,s1_clean,6.320554771122484,9.075343533082185,False,False,False,vlp_only,96,6.5,9.5,0.9999999999010001,median
1,s1_clean,6.320554771122484,9.075343533082185,False,False,False,static_fusion,96,6.5,9.5,0.5808814584450075,median
2,s1_clean,6.58026211240472,9.446929430621816,False,False,False,wifi_only,93,3.5,9.5,0.18770786400578976,median
2,s1_clean,6.58026211240472,9.446929430621816,False,False,False,vlp_only,96,6.5,9.5,0.9999999999010001,median
2,s1_clean,6.58026211240472,9.446929430621816,False,False,False,static_fusion,96,6.5,9.5,0.5834852739567962,median
3,s1_clean,6.690486996140005,9.773722821152626,False,False,False,wifi_only,93,3.5,9.5,0.19163010012687,median
3,s1_clean,6.690486996140005,9.773722821152626,False,False,False,vlp_only,96,6.5,9.5,0.9999999999010001,median
3,s1_clean,6.690486996140005,9.773722821152626,False,False,False,static_fusion,96,6.5,9.5,0.5825775087961903,median
4,s1_clean,6.648930003357536,9.453988556211296,False,False,False,wifi_only,93,3.5,9.5,0.1953158440635426,median
4,s1_clean,6.648930003357536,9.453988556211296,False,False,False,vlp_only,96,6.5,9.5,0.9999999999010001,median
4,s1_clean,6.648930003357536,9.453988556211296,False,False,False,static_fusion,96,6.5,9.5,0.5820469027849141,median
5,s1_clean,6.503414861243288,9.34880509424309,False,False,False,wifi_only,96,6.5,9.5,0.2301777309914924,median
5,s1_clean,6.503414861243288,9.34880509424309,False,False,False,vlp_only,96,6.5,9.5,0.9999999999010001,median
5,s1_clean,6.503414861243288,9.34880509424309,False,False,False,static_fusion,96,6.5,9.5,0.6150888654462463,median
6,s1_clean,6.309679632446698,9.224501326679391,False,False,False,wifi_only,93,3.5,9.5,0.28913369649751547,median
6,s1_clean,6.309679632446698,9.224501326679391,False,False,False,vlp_only,96,6.5,9.5,0.9999999999010001,median
6,s1_clean,6.309679632446698,9.224501326679391,False,False,False,static_fusion,96,6.5,9.5,0.6423012775569397,median
7,s1_clean,6.06460409098813,9.084291660062746,False,False,False,wifi_only,96,6.5,9.5,0.3720743049296144,median
7,s1_clean,6.06460409098813,9.084291660062746,False,False,False,vlp_only,96,6.5,9.5,0.9999999999010001,median
7,s1_clean,6.06460409098813,9.084291660062746,False,False,False,static_fusion,96,6.5,9.5,0.6860371524153073,median
8,s1_clean,5.726062604387588,9.046898224684307,False,False,False,wifi_only,96,6.5,9.5,0.36954931769596305,median
8,s1_clean,5.726062604387588,9.046898224684307,False,False,False,vlp_only,96,6.5,9.5,0.9999999999010001,median
8,s1_clean,5.726062604387588,9.046898224684307,False,False,False,static_fusion,96,6.5,9.5,0.6847746587984815,median
9,s1_clean,5.334545965818324,9.091415993613808,False,False,False,wifi_only,95,5.5,9.5,0.36473706321624744,median
9,s1_clean,5.334545965818324,9.091415993613808,False,False,False,vlp_only,96,6.5,9.5,0.9999999999010001,median
9,s1_clean,5.334545965818324,9.091415993613808,False,False,False,static_fusion,96,6.5,9.5,0.5008368644779039,median
10,s1_clean,4.945823765007514,9.252578001847564,False,False,False,wifi_only,95,5.5,9.5,0.36431895483669313,median
10,s1_clean,4.945823765007514,9.252578001847564,False,False,False,vlp_only,85,5.5,8.5,0.9999999999010001,median
10,s1_clean,4.945823765007514,9.252578001847564,False,False,False,static_fusion,85,5.5,8.5,0.6116330594277104,median
11,s1_clean,4.721675127324938,9.340170350002357,False,False,False,wifi_only,95,5.5,9.5,0.3457695983718068,median
11,s1_clean,4.721675127324938,9.340170350002357,False,False,False,vlp_only,95,5.5,9.5,0.9999999999010001,median
11,s1_clean,4.721675127324938,9.340170350002357,False,False,False,static_fusion,95,5.5,9.5,0.6728847991364034,median
12,s1_clean,4.340963373281298,9.42272693147179,False,False,False,wifi_only,85,5.5,8.5,0.2860567938005936,median
12,s1_clean,4.340963373281298,9.42272693147179,False,False,False,vlp_only,94,4.5,9.5,0.9999999999010001,median
12,s1_clean,4.340963373281298,9.42272693147179,False,False,False,static_fusion,94,4.5,9.5,0.6090836839415887,median
13,s1_clean,4.095436566930193,9.473710426329454,False,False,False,wifi_only,94,4.5,9.5,0.2591086680662072,median
13,s1_clean,4.095436566930193,9.473710426329454,False,False,False,vlp_only,94,4.5,9.5,0.9999999999010001,median
13,s1_clean,4.095436566930193,9.473710426329454,False,False,False,static_fusion,94,4.5,9.5,0.6295543339836036,median
14,s1_clean,3.863209848904428,9.531730849012984,False,False,False,wifi_only,94,4.5,9.5,0.2980261293736668,median
14,s1_clean,3.863209848904428,9.531730849012984,False,False,False,vlp_only,94,4.5,9.5,0.9999999999010001,median
14,s1_clean,3.863209848904428,9.531730849012984,False,False,False,static_fusion,94,4.5,9.5,0.6490130646373334,median
15,s1_clean,3.520682956293645,9.491058893166894,False,False,False,wifi_only,93,3.5,9.5,0.1533020820658279,median
15,s1_clean,3.520682956293645,9.491058893166894,False,False,False,vlp_only,84,4.5,8.5,0.9999999999010001,median
15,s1_clean,3.520682956293645,9.491058893166894,False,False,False,static_fusion,84,4.5,8.5,0.5511926911826406,median
16,s1_clean,3.165382501834026,9.461587695941777,False,False,False,wifi_only,93,3.5,9.5,0.21957532220204803,median
16,s1_clean,3.165382501834026,9.461587695941777,False,False,False,vlp_only,93,3.5,9.5,0.9999999999010001,median
16,s1_clean,3.165382501834026,9.461587695941777,False,False,False,static_fusion,93,3.5,9.5,0.609787661051524,median
17,s1_clean,2.930245477093876,9.456164822050765,False,False,False,wifi_only,93,3.5,9.5,0.22688349321416018,median
17,s1_clean,2.930245477093876,9.456164822050765,False,False,False,vlp_only,93,3.5,9.5,0.9999999999010001,median
17,s1_clean,2.930245477093876,9.456164822050765,False,False,False,static_fusion,93,3.5,9.5,0.6134417465575801,median
18,s1_clean,2.7420797060020465,9.472996628406442,False,False,False,wifi_only,93,3.5,9.5,0.195868636811453,median
18,s1_clean,2.7420797060020465,9.472996628406442,False,False,False,vlp_only,93,3.5,9.5,0.9999999990685621,median
18,s1_clean,2.7420797060020465,9.472996628406442,False,False,False,static_fusion,93,3.5,9.5,0.5979343179400075,median
19,s1_clean,2.4198638446847416,9.489528341112424,False,False,False,wifi_only,92,2.5,9.5,0.3276786067123986,median
19,s1_clean,2.4198638446847416,9.489528341112424,False,False,False,vlp_only,92,2.5,9.5,0.9999999999010001,median
19,s1_clean,2.4198638446847416,9.489528341112424,False,False,False,static_fusion,92,2.5,9.5,0.6638393033066994,median
20,s1_clean,2.0874415206005943,9.43132427410417,False,False,False,wifi_only,92,2.5,9.5,0.3272112306991468,median
20,s1_clean,2.0874415206005943,9.43132427410417,False,False,False,vlp_only,92,2.5,9.5,0.9999999999010001,median
20,s1_clean,2.0874415206005943,9.43132427410417,False,False,False,static_fusion,92,2.5,9.5,0.6636056153000734,median
21,s1_clean,1.6827551012106006,9.608276410412028,False,False,False,wifi_only,92,2.5,9.5,0.21994816905131048,median
21,s1_clean,1.6827551012106006,9.608276410412028,False,False,False,vlp_only,92,2.5,9.5,0.9999999999010001,median
21,s1_clean,1.6827551012106006,9.608276410412028,False,False,False,static_fusion,92,2.5,9.5,0.6099740844761553,median
22,s1_clean,1.5666621834216723,9.721824928735591,False,False,False,wifi_only,91,1.5,9.5,0.27889175050039056,median
22,s1_clean,1.5666621834216723,9.721824928735591,False,False,False,vlp_only,92,2.5,9.5,0.9995949209730675,median
22,s1_clean,1.5666621834216723,9.721824928735591,False,False,False,static_fusion,92,2.5,9.5,0.5483068602452971,median
23,s1_clean,1.8135872918506848,9.442076930062784,False,False,False,wifi_only,91,1.5,9.5,0.24523479296375958,median
23,s1_clean,1.8135872918506848,9.442076930062784,False,False,False,vlp_only,91,1.5,9.5,0.9996072677482517,median
23,s1_clean,1.8135872918506848,9.442076930062784,False,False,False,static_fusion,91,1.5,9.5,0.6224210303560056,median
24,s1_clean,1.9797748224675469,9.171124941492176,False,False,False,wifi_only,91,1.5,9.5,0.2073968603922792,median
24,s1_clean,1.9797748224675469,9.171124941492176,False,False,False,vlp_only,91,1.5,9.5,0.99960726552168,median
24,s1_clean,1.9797748224675469,9.171124941492176,False,False,False,static_fusion,91,1.5,9.5,0.6035020629569796,median
25,s1_clean,2.0026978386863656,9.060785581306895,False,False,False,wifi_only,91,1.5,9.5,0.17377994021590223,median
25,s1_clean,2.0026978386863656,9.060785581306895,False,False,False,vlp_only,91,1.5,9.5,0.99960726552168,median
25,s1_clean,2.0026978386863656,9.060785581306895,False,False,False,static_fusion,91,1.5,9.5,0.586693602868791,median
26,s1_clean,2.0409538218277232,8.768038731768266,False,False,False,wifi_only,81,1.5,8.5,0.13510905260837824,median
26,s1_clean,2.0409538218277232,8.768038731768266,False,False,False,vlp_only,91,1.5,9.5,0.9937288474051788,median
26,s1_clean,2.0409538218277232,8.768038731768266,False,False,False,static_fusion,91,1.5,9.5,0.5617369505872689,median
27,s1_clean,1.943647595119588,8.39052055732134,False,False,False,wifi_only,81,1.5,8.5,0.13719389711351207,median
27,s1_clean,1.943647595119588,8.39052055732134,False,False,False,vlp_only,81,1.5,8.5,0.9999998880050689,median
27,s1_clean,1.943647595119588,8.39052055732134,False,False,False,static_fusion,81,1.5,8.5,0.5685968925592905,median
28,s1_clean,1.822933837050688,7.938503894157455,False,False,False,wifi_only,81,1.5,8.5,0.10297580388290269,median
28,s1_clean,1.822933837050688,7.938503894157455,False,False,False,vlp_only,81,1.5,8.5,0.9999924072121498,median
28,s1_clean,1.822933837050688,7.938503894157455,False,False,False,static_fusion,81,1.5,8.5,0.5514841055475262,median
29,s1_clean,1.5143958915018594,7.638191012939957,False,False,False,wifi_only,91,1.5,9.5,0.12855120809202128,median
29,s1_clean,1.5143958915018594,7.638191012939957,False,False,False,vlp_only,81,1.5,8.5,0.999980703026602,median
29,s1_clean,1.5143958915018594,7.638191012939957,False,False,False,static_fusion,81,1.5,8.5,0.5519264552236472,median
30,s1_clean,1.3675026549702816,7.582213936330399,False,False,False,wifi_only,91,1.5,9.5,0.13879473162420644,median
30,s1_clean,1.3675026549702816,7.582213936330399,False,False,False,vlp_only,81,1.5,8.5,0.8957775982359119,median
30,s1_clean,1.3675026549702816,7.582213936330399,False,False,False,static_fusion,81,1.5,8.5,0.5031988391967256,median
31,s1_clean,1.2429294919367564,7.522606951356906,False,False,False,wifi_only,91,1.5,9.5,0.11896129332720504,median
31,s1_clean,1.2429294919367564,7.522606951356906,False,False,False,vlp_only,71,1.5,7.5,0.9999921292140324,median
31,s1_clean,1.2429294919367564,7.522606951356906,False,False,False,static_fusion,71,1.5,7.5,0.5311494366422251,median
32,s1_clean,1.1706414409291317,7.446686809586819,False,False,False,wifi_only,91,1.5,9.5,0.13425692218866664,median
32,s1_clean,1.1706414409291317,7.446686809586819,False,False,False,vlp_only,71,1.5,7.5,0.9999999962779745,median
32,s1_clean,1.1706414409291317,7.446686809586819,False,False,False,static_fusion,71,1.5,7.5,0.5265991172403948,median
33,s1_clean,1.0225794063669398,7.298034493574606,False,False,False,wifi_only,91,1.5,9.5,0.1462950151119576,median
33,s1_clean,1.0225794063669398,7.298034493574606,False,False,False,vlp_only,71,1.5,7.5,0.9999999984813539,median
33,s1_clean,1.0225794063669398,7.298034493574606,False,False,False,static_fusion,71,1.5,7.5,0.5321138927989516,median
34,s1_clean,0.8405580282052503,7.1660136409604815,False,False,False,wifi_only,61,1.5,6.5,0.14893369752042784,median
34,s1_clean,0.8405580282052503,7.1660136409604815,False,False,False,vlp_only,71,1.5,7.5,0.9999999899604899,median
34,s1_clean,0.8405580282052503,7.1660136409604815,False,False,False,static_fusion,71,1.5,7.5,0.5534324861081583,median
35,s1_clean,0.7992402328627707,7.065719351919998,False,False,False,wifi_only,60,0.5,6.5,0.15487418085982083,median
35,s1_clean,0.7992402328627707,7.065719351919998,False,False,False,vlp_only,70,0.5,7.5,0.9999999999010001,median
35,s1_clean,0.7992402328627707,7.065719351919998,False,False,False,static_fusion,70,0.5,7.5,0.5725191602237663,median
36,s1_clean,0.7671095331979448,6.6194549412444434,False,False,False,wifi_only,60,0.5,6.5,0.21212224663334556,median
36,s1_clean,0.7671095331979448,6.6194549412444434,False,False,False,vlp_only,70,0.5,7.5,0.9999999999010001,median
36,s1_clean,0.7671095331979448,6.6194549412444434,False,False,False,static_fusion,70,0.5,7.5,0.5803747676139444,median
37,s1_clean,0.7867269935815102,6.50813786445098,False,False,False,wifi_only,60,0.5,6.5,0.2116175384669416,median
37,s1_clean,0.7867269935815102,6.50813786445098,False,False,False,vlp_only,70,0.5,7.5,0.9999999999010001,median
37,s1_clean,0.7867269935815102,6.50813786445098,False,False,False,static_fusion,70,0.5,7.5,0.6046623316798495,median
38,s1_clean,0.9039958580667962,6.339426406945286,False,False,False,wifi_only,60,0.5,6.5,0.18776064817281116,median
38,s1_clean,0.9039958580667962,6.339426406945286,False,False,False,vlp_only,60,0.5,6.5,0.9999999999010002,median
38,s1_clean,0.9039958580667962,6.339426406945286,False,False,False,static_fusion,60,0.5,6.5,0.5938803240369057,median
39,s1_clean,0.9979740023158236,6.187541249202924,False,False,False,wifi_only,61,1.5,6.5,0.12915667148793908,median
39,s1_clean,0.9979740023158236,6.187541249202924,False,False,False,vlp_only,60,0.5,6.5,0.9999999999010002,median
39,s1_clean,0.9979740023158236,6.187541249202924,False,False,False,static_fusion,60,0.5,6.5,0.5491505082254088,median
40,s1_clean,1.28488954092244,5.782257454541684,False,False,False,wifi_only,61,1.5,6.5,0.12915667148793908,median
40,s1_clean,1.28488954092244,5.782257454541684,False,False,False,vlp_only,60,0.5,6.5,0.9999999999010002,median
40,s1_clean,1.28488954092244,5.782257454541684,False,False,False,static_fusion,60,0.5,6.5,0.5491505082254088,median
41,s1_clean,1.513102962684955,5.518180410148621,False,False,False,wifi_only,61,1.5,6.5,0.12257801564360042,median
41,s1_clean,1.513102962684955,5.518180410148621,False,False,False,vlp_only,60,0.5,6.5,0.9999999999010002,median
41,s1_clean,1.513102962684955,5.518180410148621,False,False,False,static_fusion,60,0.5,6.5,0.5466470039558277,median
42,s1_clean,1.6106044791645622,5.19830615307079,False,False,False,wifi_only,61,1.5,6.5,0.12257801564360042,median
42,s1_clean,1.6106044791645622,5.19830615307079,False,False,False,vlp_only,51,1.5,5.5,0.9999999999010002,median
42,s1_clean,1.6106044791645622,5.19830615307079,False,False,False,static_fusion,51,1.5,5.5,0.5517715574054788,median
43,s1_clean,1.8972643262832607,4.975906927269721,False,False,False,wifi_only,51,1.5,5.5,0.16437682240787896,median
43,s1_clean,1.8972643262832607,4.975906927269721,False,False,False,vlp_only,51,1.5,5.5,0.9999999999010002,median
43,s1_clean,1.8972643262832607,4.975906927269721,False,False,False,static_fusion,51,1.5,5.5,0.5821884111544395,median
44,s1_clean,2.229332660696988,4.76372737768957,False,False,False,wifi_only,51,1.5,5.5,0.16359793392366453,median
44,s1_clean,2.229332660696988,4.76372737768957,False,False,False,vlp_only,51,1.5,5.5,0.9999999975037068,median
44,s1_clean,2.229332660696988,4.76372737768957,False,False,False,static_fusion,51,1.5,5.5,0.5817989657136857,median
45,s1_clean,2.6145006895276834,4.592072450426468,False,False,False,wifi_only,42,2.5,4.5,0.1463818522754953,median
45,s1_clean,2.6145006895276834,4.592072450426468,False,False,False,vlp_only,40,0.5,4.5,0.9999400559714616,median
45,s1_clean,2.6145006895276834,4.592072450426468,False,False,False,static_fusion,40,0.5,4.5,0.523851146035423,median
46,s1_clean,2.661129424294631,4.466616768697175,False,False,False,wifi_only,51,1.5,5.5,0.14530111570280907,median
46,s1_clean,2.661129424294631,4.466616768697175,False,False,False,vlp_only,42,2.5,4.5,0.9999726820005974,median
46,s1_clean,2.661129424294631,4.466616768697175,False,False,False,static_fusion,42,2.5,4.5,0.569862963503903,median
47,s1_clean,2.6450300380382434,4.183588162907463,False,False,False,wifi_only,42,2.5,4.5,0.16964608934360076,median
47,s1_clean,2.6450300380382434,4.183588162907463,False,False,False,vlp_only,42,2.5,4.5,0.9999999999010002,median
47,s1_clean,2.6450300380382434,4.183588162907463,False,False,False,static_fusion,42,2.5,4.5,0.5848230446223005,median
48,s1_clean,2.633014421787828,3.6860116411580814,False,False,False,wifi_only,42,2.5,4.5,0.17279073430071912,median
48,s1_clean,2.633014421787828,3.6860116411580814,False,False,False,vlp_only,42,2.5,4.5,0.9999999999010002,median
48,s1_clean,2.633014421787828,3.6860116411580814,False,False,False,static_fusion,42,2.5,4.5,0.5863953671008597,median
49,s1_clean,2.7923313692644163,3.3743378598159564,False,False,False,wifi_only,42,2.5,4.5,0.17279073430071912,median
49,s1_clean,2.7923313692644163,3.3743378598159564,False,False,False,vlp_only,42,2.5,4.5,0.9999999999010002,median
49,s1_clean,2.7923313692644163,3.3743378598159564,False,False,False,static_fusion,42,2.5,4.5,0.5863953671008597,median
50,s1_clean,2.983612121628606,3.11916257556942,False,False,False,wifi_only,42,2.5,4.5,0.16767680909894253,median
50,s1_clean,2.983612121628606,3.11916257556942,False,False,False,vlp_only,32,2.5,3.5,0.9999999999010002,median
50,s1_clean,2.983612121628606,3.11916257556942,False,False,False,static_fusion,32,2.5,3.5,0.547253393262834,median
51,s1_clean,3.351818132537528,2.843855854625126,False,False,False,wifi_only,33,3.5,3.5,0.16794280513985688,median
51,s1_clean,3.351818132537528,2.843855854625126,False,False,False,vlp_only,32,2.5,3.5,0.9999999999010002,median
51,s1_clean,3.351818132537528,2.843855854625126,False,False,False,static_fusion,32,2.5,3.5,0.5504427166779592,median
52,s1_clean,3.56862361427012,2.697604331930428,False,False,False,wifi_only,34,4.5,3.5,0.17072743113078004,median
52,s1_clean,3.56862361427012,2.697604331930428,False,False,False,vlp_only,32,2.5,3.5,0.9999999999010002,median
52,s1_clean,3.56862361427012,2.697604331930428,False,False,False,static_fusion,32,2.5,3.5,0.520087231397146,median
53,s1_clean,3.943888445431222,2.4514296926551147,False,False,False,wifi_only,33,3.5,3.5,0.18239413445361613,median
53,s1_clean,3.943888445431222,2.4514296926551147,False,False,False,vlp_only,23,3.5,2.5,0.9999999999010003,median
53,s1_clean,3.943888445431222,2.4514296926551147,False,False,False,static_fusion,23,3.5,2.5,0.5674091069892531,median
54,s1_clean,4.260369316238271,2.2082022988398595,False,False,False,wifi_only,33,3.5,3.5,0.181214607727619,median
54,s1_clean,4.260369316238271,2.2082022988398595,False,False,False,vlp_only,23,3.5,2.5,0.9999999999010003,median
54,s1_clean,4.260369316238271,2.2082022988398595,False,False,False,static_fusion,23,3.5,2.5,0.5832149478047082,median
55,s1_clean,4.627569160973635,2.060114150367901,False,False,False,wifi_only,23,3.5,2.5,0.175334777679988,median
55,s1_clean,4.627569160973635,2.060114150367901,False,False,False,vlp_only,33,3.5,3.5,0.9999871621146526,median
55,s1_clean,4.627569160973635,2.060114150367901,False,False,False,static_fusion,33,3.5,3.5,0.5376782032977581,median
56,s1_clean,4.961867043427717,1.830848239374332,False,False,False,wifi_only,14,4.5,1.5,0.19075096692368707,median
56,s1_clean,4.961867043427717,1.830848239374332,False,False,False,vlp_only,24,4.5,2.5,0.9999999792285247,median
56,s1_clean,4.961867043427717,1.830848239374332,False,False,False,static_fusion,24,4.5,2.5,0.5870919127420439,median
57,s1_clean,5.0679788704002044,1.7195475994342533,False,False,False,wifi_only,14,4.5,1.5,0.22127589367157896,median
57,s1_clean,5.0679788704002044,1.7195475994342533,False,False,False,vlp_only,24,4.5,2.5,0.9888313593911932,median
57,s1_clean,5.0679788704002044,1.7195475994342533,False,False,False,static_fusion,24,4.5,2.5,0.584963559828203,median
58,s1_clean,5.335240810429285,1.571560122687008,False,False,False,wifi_only,14,4.5,1.5,0.20753021481921094,median
58,s1_clean,5.335240810429285,1.571560122687008,False,False,False,vlp_only,4,4.5,0.5,0.9999997089054666,median
58,s1_clean,5.335240810429285,1.571560122687008,False,False,False,static_fusion,4,4.5,0.5,0.5941624291206264,median
59,s1_clean,5.651780389210071,1.3727606103935992,False,False,False,wifi_only,25,5.5,2.5,0.15826681474691778,median
59,s1_clean,5.651780389210071,1.3727606103935992,False,False,False,vlp_only,5,5.5,0.5,0.9999999400055938,median
59,s1_clean,5.651780389210071,1.3727606103935992,False,False,False,static_fusion,5,5.5,0.5,0.5436984226469861,median
60,s1_clean,5.898763386562306,1.2621017401554997,False,False,False,wifi_only,15,5.5,1.5,0.15467104666098472,median
60,s1_clean,5.898763386562306,1.2621017401554997,False,False,False,vlp_only,15,5.5,1.5,0.9999999998502634,median
60,s1_clean,5.898763386562306,1.2621017401554997,False,False,False,static_fusion,15,5.5,1.5,0.5773355232556241,median
61,s1_clean,6.355551046384767,1.4203122314749552,False,False,False,wifi_only,15,5.5,1.5,0.23246478565212383,median
61,s1_clean,6.355551046384767,1.4203122314749552,False,False,False,vlp_only,15,5.5,1.5,0.9999999991085134,median
61,s1_clean,6.355551046384767,1.4203122314749552,False,False,False,static_fusion,15,5.5,1.5,0.6162323923803187,median
62,s1_clean,6.594147927702143,1.4206009795225187,False,False,False,wifi_only,16,6.5,1.5,0.23269923694445235,median
62,s1_clean,6.594147927702143,1.4206009795225187,False,False,False,vlp_only,6,6.5,0.5,0.9999999998267675,median
62,s1_clean,6.594147927702143,1.4206009795225187,False,False,False,static_fusion,6,6.5,0.5,0.5787803132525342,median
63,s1_clean,6.702875767945526,1.3948214383894544,False,False,False,wifi_only,16,6.5,1.5,0.2270574168555779,median
63,s1_clean,6.702875767945526,1.3948214383894544,False,False,False,vlp_only,16,6.5,1.5,0.9999999999010003,median
63,s1_clean,6.702875767945526,1.3948214383894544,False,False,False,static_fusion,16,6.5,1.5,0.6135287083782891,median
64,s1_clean,6.87517464550481,1.1902703370600811,False,False,False,wifi_only,16,6.5,1.5,0.23527884077747932,median
64,s1_clean,6.87517464550481,1.1902703370600811,False,False,False,vlp_only,16,6.5,1.5,0.999999999900654,median
64,s1_clean,6.87517464550481,1.1902703370600811,False,False,False,static_fusion,16,6.5,1.5,0.6176394203390667,median
65,s1_clean,6.892272294025562,1.0122251452148698,False,False,False,wifi_only,26,6.5,2.5,0.13564284815839286,median
65,s1_clean,6.892272294025562,1.0122251452148698,False,False,False,vlp_only,16,6.5,1.5,0.9999999999010003,median
65,s1_clean,6.892272294025562,1.0122251452148698,False,False,False,static_fusion,16,6.5,1.5,0.5667249905244868,median
66,s1_clean,7.000483248939226,0.9177176630235528,False,False,False,wifi_only,16,6.5,1.5,0.16471574382970294,median
66,s1_clean,7.000483248939226,0.9177176630235528,False,False,False,vlp_only,16,6.5,1.5,0.9999994617513935,median
66,s1_clean,7.000483248939226,0.9177176630235528,False,False,False,static_fusion,16,6.5,1.5,0.5823576027905483,median
67,s1_clean,7.169623623221895,0.7738996044632837,False,False,False,wifi_only,16,6.5,1.5,0.20518448174073625,median
67,s1_clean,7.169623623221895,0.7738996044632837,False,False,False,vlp_only,16,6.5,1.5,0.9902582625984466,median
67,s1_clean,7.169623623221895,0.7738996044632837,False,False,False,static_fusion,16,6.5,1.5,0.5977213721695913,median
68,s1_clean,7.492034971191752,0.4271040557051936,False,False,False,wifi_only,16,6.5,1.5,0.1569871095162461,median
68,s1_clean,7.492034971191752,0.4271040557051936,False,False,False,vlp_only,7,7.5,0.5,0.9938385597179021,median
68,s1_clean,7.492034971191752,0.4271040557051936,False,False,False,static_fusion,7,7.5,0.5,0.5000190590409693,median
69,s1_clean,7.463813289098351,0.1481351742215659,False,False,False,wifi_only,38,8.5,3.5,0.24124272838016783,median
69,s1_clean,7.463813289098351,0.1481351742215659,False,False,False,vlp_only,7,7.5,0.5,0.9999999999010003,median
69,s1_clean,7.463813289098351,0.1481351742215659,False,False,False,static_fusion,7,7.5,0.5,0.5067069952043023,median
70,s1_clean,7.384046542733699,0.3965845375848609,False,False,False,wifi_only,7,7.5,0.5,0.35058692091820437,median
70,s1_clean,7.384046542733699,0.3965845375848609,False,False,False,vlp_only,7,7.5,0.5,0.9999999999010003,median
70,s1_clean,7.384046542733699,0.3965845375848609,False,False,False,static_fusion,7,7.5,0.5,0.6752934604096023,median
71,s1_clean,7.274941349103505,0.5328406187982155,False,False,False,wifi_only,17,7.5,1.5,0.2497601085144436,median
71,s1_clean,7.274941349103505,0.5328406187982155,False,False,False,vlp_only,7,7.5,0.5,0.9999999999010003,median
71,s1_clean,7.274941349103505,0.5328406187982155,False,False,False,static_fusion,7,7.5,0.5,0.6221271829092382,median
72,s1_clean,7.242898641642358,0.6319581293500205,False,False,False,wifi_only,29,9.5,2.5,0.23561525653772264,median
72,s1_clean,7.242898641642358,0.6319581293500205,False,False,False,vlp_only,7,7.5,0.5,0.9999999999010003,median
72,s1_clean,7.242898641642358,0.6319581293500205,False,False,False,static_fusion,7,7.5,0.5,0.5773047980221622,median
73,s1_clean,6.897766036852761,0.9865854746261178,False,False,False,wifi_only,17,7.5,1.5,0.2518769113028275,median
73,s1_clean,6.897766036852761,0.9865854746261178,False,False,False,vlp_only,7,7.5,0.5,0.9999999999010003,median
73,s1_clean,6.897766036852761,0.9865854746261178,False,False,False,static_fusion,7,7.5,0.5,0.6218922004650119,median
74,s1_clean,6.819062780162876,1.076859414311629,False,False,False,wifi_only,17,7.5,1.5,0.25187499853327006,median
74,s1_clean,6.819062780162876,1.076859414311629,False,False,False,vlp_only,7,7.5,0.5,0.9999999999010003,median
74,s1_clean,6.819062780162876,1.076859414311629,False,False,False,static_fusion,7,7.5,0.5,0.6231613174706103,median
75,s1_clean,6.720234602821568,1.267398302606882,False,False,False,wifi_only,27,7.5,2.5,0.18264445966635218,median
75,s1_clean,6.720234602821568,1.267398302606882,False,False,False,vlp_only,7,7.5,0.5,0.8214515812518846,median
75,s1_clean,6.720234602821568,1.267398302606882,False,False,False,static_fusion,7,7.5,0.5,0.49250372465125364,median
76,s1_clean,6.503783427177126,1.570279682105651,False,False,False,wifi_only,6,6.5,0.5,0.2189934862642944,median
76,s1_clean,6.503783427177126,1.570279682105651,False,False,False,vlp_only,16,6.5,1.5,0.9999999999010003,median
76,s1_clean,6.503783427177126,1.570279682105651,False,False,False,static_fusion,16,6.5,1.5,0.604464204290139,median
77,s1_clean,6.358465325036558,1.791120746986019,False,False,False,wifi_only,6,6.5,0.5,0.2189934862642944,median
77,s1_clean,6.358465325036558,1.791120746986019,False,False,False,vlp_only,16,6.5,1.5,0.9999999999010003,median
77,s1_clean,6.358465325036558,1.791120746986019,False,False,False,static_fusion,16,6.5,1.5,0.604464204290139,median
78,s1_clean,6.122791880845917,1.8813582130943367,False,False,False,wifi_only,6,6.5,0.5,0.22273660816919855,median
78,s1_clean,6.122791880845917,1.8813582130943367,False,False,False,vlp_only,16,6.5,1.5,0.9999999973176772,median
78,s1_clean,6.122791880845917,1.8813582130943367,False,False,False,static_fusion,16,6.5,1.5,0.6086865508112512,median
79,s1_clean,5.750230255978351,2.1326072148263107,False,False,False,wifi_only,26,6.5,2.5,0.21169964831987412,median
79,s1_clean,5.750230255978351,2.1326072148263107,False,False,False,vlp_only,16,6.5,1.5,0.9999999466695138,median
79,s1_clean,5.750230255978351,2.1326072148263107,False,False,False,static_fusion,16,6.5,1.5,0.5650173481164329,median
80,s1_clean,5.514678873922644,2.389062926514496,False,False,False,wifi_only,36,6.5,3.5,0.16438167456261288,median
80,s1_clean,5.514678873922644,2.389062926514496,False,False,False,vlp_only,6,6.5,0.5,0.9999999999010003,median
80,s1_clean,5.514678873922644,2.389062926514496,False,False,False,static_fusion,6,6.5,0.5,0.5066760639317307,median
81,s1_clean,5.508112152914603,2.4998600146256016,False,False,False,wifi_only,25,5.5,2.5,0.19279617371620328,median
81,s1_clean,5.508112152914603,2.4998600146256016,False,False,False,vlp_only,25,5.5,2.5,0.9973543158158024,median
81,s1_clean,5.508112152914603,2.4998600146256016,False,False,False,static_fusion,25,5.5,2.5,0.5950752447660027,median
82,s1_clean,5.600226935990087,2.6582213422588112,False,False,False,wifi_only,25,5.5,2.5,0.1864884996311281,median
82,s1_clean,5.600226935990087,2.6582213422588112,False,False,False,vlp_only,25,5.5,2.5,0.9999977942889275,median
82,s1_clean,5.600226935990087,2.6582213422588112,False,False,False,static_fusion,25,5.5,2.5,0.5932431469600278,median
83,s1_clean,5.738537290833164,2.759195471518816,False,False,False,wifi_only,5,5.5,0.5,0.31490379420842385,median
83,s1_clean,5.738537290833164,2.759195471518816,False,False,False,vlp_only,25,5.5,2.5,0.9999999993843223,median
83,s1_clean,5.738537290833164,2.759195471518816,False,False,False,static_fusion,25,5.5,2.5,0.5411394949391974,median
84,s1_clean,5.832850971363683,3.0310878411880533,False,False,False,wifi_only,5,5.5,0.5,0.31128238459793667,median
84,s1_clean,5.832850971363683,3.0310878411880533,False,False,False,vlp_only,25,5.5,2.5,0.9999999999010002,median
84,s1_clean,5.832850971363683,3.0310878411880533,False,False,False,static_fusion,25,5.5,2.5,0.5432577409783993,median
85,s1_clean,5.898467311753344,3.228508652056043,False,False,False,wifi_only,25,5.5,2.5,0.19575297414927129,median
85,s1_clean,5.898467311753344,3.228508652056043,False,False,False,vlp_only,25,5.5,2.5,0.9999999999010002,median
85,s1_clean,5.898467311753344,3.228508652056043,False,False,False,static_fusion,25,5.5,2.5,0.5978764870251355,median
86,s1_clean,5.888626732888142,3.400271085109193,False,False,False,wifi_only,25,5.5,2.5,0.18838531884385867,median
86,s1_clean,5.888626732888142,3.400271085109193,False,False,False,vlp_only,25,5.5,2.5,0.9999999999010002,median
86,s1_clean,5.888626732888142,3.400271085109193,False,False,False,static_fusion,25,5.5,2.5,0.5941926593724295,median
87,s1_clean,5.651159957112673,3.739006548657096,False,False,False,wifi_only,25,5.5,2.5,0.1955975630733088,median
87,s1_clean,5.651159957112673,3.739006548657096,False,False,False,vlp_only,25,5.5,2.5,0.9999999999010002,median
87,s1_clean,5.651159957112673,3.739006548657096,False,False,False,static_fusion,25,5.5,2.5,0.5977987814871545,median
88,s1_clean,5.511321113022474,3.8790676275290847,False,False,False,wifi_only,25,5.5,2.5,0.19115659229867948,median
88,s1_clean,5.511321113022474,3.8790676275290847,False,False,False,vlp_only,35,5.5,3.5,0.9738060992740046,median
88,s1_clean,5.511321113022474,3.8790676275290847,False,False,False,static_fusion,35,5.5,3.5,0.5607629168139251,median
89,s1_clean,5.43643528909089,3.953273740011248,False,False,False,wifi_only,35,5.5,3.5,0.1594274153083875,median
89,s1_clean,5.43643528909089,3.953273740011248,False,False,False,vlp_only,35,5.5,3.5,0.9999999999010002,median
89,s1_clean,5.43643528909089,3.953273740011248,False,False,False,static_fusion,35,5.5,3.5,0.5797137076046939,median
90,s1_clean,5.230257776887017,3.9835295593536193,False,False,False,wifi_only,35,5.5,3.5,0.15567013019872747,median
90,s1_clean,5.230257776887017,3.9835295593536193,False,False,False,vlp_only,35,5.5,3.5,0.9999999999010002,median
90,s1_clean,5.230257776887017,3.9835295593536193,False,False,False,static_fusion,35,5.5,3.5,0.5778350650498638,median
91,s1_clean,4.9776092930395945,4.056000817377593,False,False,False,wifi_only,34,4.5,3.5,0.13073304847442865,median
91,s1_clean,4.9776092930395945,4.056000817377593,False,False,False,vlp_only,35,5.5,3.5,0.9995824829129034,median
91,s1_clean,4.9776092930395945,4.056000817377593,False,False,False,static_fusion,35,5.5,3.5,0.5649536677422567,median
92,s1_clean,4.723335213676367,4.234008104614395,False,False,False,wifi_only,44,4.5,4.5,0.14725251827222408,median
92,s1_clean,4.723335213676367,4.234008104614395,False,False,False,vlp_only,45,5.5,4.5,0.9999999999010002,median
92,s1_clean,4.723335213676367,4.234008104614395,False,False,False,static_fusion,45,5.5,4.5,0.5734454435278843,median
93,s1_clean,4.5603601875449,4.42721654605225,False,False,False,wifi_only,45,5.5,4.5,0.15619306701083524,median
93,s1_clean,4.5603601875449,4.42721654605225,False,False,False,vlp_only,44,4.5,4.5,0.9999999998478905,median
93,s1_clean,4.5603601875449,4.42721654605225,False,False,False,static_fusion,44,4.5,4.5,0.5644441235089475,median
94,s1_clean,4.376758804931988,4.783397516554166,False,False,False,wifi_only,43,3.5,4.5,0.15732884788286172,median
94,s1_clean,4.376758804931988,4.783397516554166,False,False,False,vlp_only,44,4.5,4.5,0.9999999999010002,median
94,s1_clean,4.376758804931988,4.783397516554166,False,False,False,static_fusion,44,4.5,4.5,0.5664656387871569,median
95,s1_clean,4.278110895822162,4.873116927745965,False,False,False,wifi_only,43,3.5,4.5,0.15731921001589938,median
95,s1_clean,4.278110895822162,4.873116927745965,False,False,False,vlp_only,44,4.5,4.5,0.9999999999010002,median
95,s1_clean,4.278110895822162,4.873116927745965,False,False,False,static_fusion,44,4.5,4.5,0.5685716268596162,median
96,s1_clean,4.12801724847605,5.124228511615788,False,False,False,wifi_only,43,3.5,4.5,0.17004012566741653,median
96,s1_clean,4.12801724847605,5.124228511615788,False,False,False,vlp_only,44,4.5,4.5,0.9999999999010002,median
96,s1_clean,4.12801724847605,5.124228511615788,False,False,False,static_fusion,44,4.5,4.5,0.5645917909042341,median
97,s1_clean,3.704635602450641,5.262849100858526,False,False,False,wifi_only,43,3.5,4.5,0.15414443139468514,median
97,s1_clean,3.704635602450641,5.262849100858526,False,False,False,vlp_only,44,4.5,4.5,0.9999999999010002,median
97,s1_clean,3.704635602450641,5.262849100858526,False,False,False,static_fusion,44,4.5,4.5,0.5663123736864969,median
98,s1_clean,3.5561357581555817,5.285474381301673,False,False,False,wifi_only,43,3.5,4.5,0.15414443139468514,median
98,s1_clean,3.5561357581555817,5.285474381301673,False,False,False,vlp_only,54,4.5,5.5,0.9999999999010002,median
98,s1_clean,3.5561357581555817,5.285474381301673,False,False,False,static_fusion,54,4.5,5.5,0.530622701500518,median
99,s1_clean,3.128664509288299,5.522908615866154,False,False,False,wifi_only,44,4.5,4.5,0.16681872858470453,median
99,s1_clean,3.128664509288299,5.522908615866154,False,False,False,vlp_only,53,3.5,5.5,0.9999999999010002,median
99,s1_clean,3.128664509288299,5.522908615866154,False,False,False,static_fusion,53,3.5,5.5,0.5489477843482449,median
0,s1_clean,6.1055626688123565,8.931678203850066,False,False,False,wifi_only,93,3.5,9.5,0.19030490561927146,ema
0,s1_clean,6.1055626688123565,8.931678203850066,False,False,False,vlp_only,96,6.5,9.5,0.9999999999010001,ema
0,s1_clean,6.1055626688123565,8.931678203850066,False,False,False,static_fusion,96,6.5,9.5,0.5841242814537886,ema
1,s1_clean,6.320554771122484,9.075343533082185,False,False,False,wifi_only,83,3.5,8.5,0.17901080359553845,ema
1,s1_clean,6.320554771122484,9.075343533082185,False,False,False,vlp_only,96,6.5,9.5,0.9999999999010001,ema
1,s1_clean,6.320554771122484,9.075343533082185,False,False,False,static_fusion,96,6.5,9.5,0.5820160370604976,ema
2,s1_clean,6.58026211240472,9.446929430621816,False,False,False,wifi_only,96,6.5,9.5,0.208211607173412,ema
2,s1_clean,6.58026211240472,9.446929430621816,False,False,False,vlp_only,96,6.5,9.5,0.9999999999010001,ema
2,s1_clean,6.58026211240472,9.446929430621816,False,False,False,static_fusion,96,6.5,9.5,0.604105803537206,ema
3,s1_clean,6.690486996140005,9.773722821152626,False,False,False,wifi_only,93,3.5,9.5,0.2348441244555341,ema
3,s1_clean,6.690486996140005,9.773722821152626,False,False,False,vlp_only,96,6.5,9.5,0.9999999999010001,ema
3,s1_clean,6.690486996140005,9.773722821152626,False,False,False,static_fusion,96,6.5,9.5,0.5906612268485212,ema
4,s1_clean,6.648930003357536,9.453988556211296,False,False,False,wifi_only,93,3.5,9.5,0.2976919948524414,ema
4,s1_clean,6.648930003357536,9.453988556211296,False,False,False,vlp_only,96,6.5,9.5,0.9999999999010001,ema
4,s1_clean,6.648930003357536,9.453988556211296,False,False,False,static_fusion,96,6.5,9.5,0.592180476638057,ema
5,s1_clean,6.503414861243288,9.34880509424309,False,False,False,wifi_only,96,6.5,9.5,0.25644851114976824,ema
5,s1_clean,6.503414861243288,9.34880509424309,False,False,False,vlp_only,96,6.5,9.5,0.9999999999010001,ema
5,s1_clean,6.503414861243288,9.34880509424309,False,False,False,static_fusion,96,6.5,9.5,0.6282242555253842,ema
6,s1_clean,6.309679632446698,9.224501326679391,False,False,False,wifi_only,96,6.5,9.5,0.3007099920232001,ema
6,s1_clean,6.309679632446698,9.224501326679391,False,False,False,vlp_only,96,6.5,9.5,0.9999999999010001,ema
6,s1_clean,6.309679632446698,9.224501326679391,False,False,False,static_fusion,96,6.5,9.5,0.6503549959621001,ema
7,s1_clean,6.06460409098813,9.084291660062746,False,False,False,wifi_only,96,6.5,9.5,0.349499598618974,ema
7,s1_clean,6.06460409098813,9.084291660062746,False,False,False,vlp_only,96,6.5,9.5,0.9999999999010001,ema
7,s1_clean,6.06460409098813,9.084291660062746,False,False,False,static_fusion,96,6.5,9.5,0.674749799259987,ema
8,s1_clean,5.726062604387588,9.046898224684307,False,False,False,wifi_only,95,5.5,9.5,0.1886202000211359,ema
8,s1_clean,5.726062604387588,9.046898224684307,False,False,False,vlp_only,96,6.5,9.5,0.9999999999010001,ema
8,s1_clean,5.726062604387588,9.046898224684307,False,False,False,static_fusion,96,6.5,9.5,0.5897673148521808,ema
9,s1_clean,5.334545965818324,9.091415993613808,False,False,False,wifi_only,95,5.5,9.5,0.25943814477026916,ema
9,s1_clean,5.334545965818324,9.091415993613808,False,False,False,vlp_only,85,5.5,8.5,0.9999999999010001,ema
9,s1_clean,5.334545965818324,9.091415993613808,False,False,False,static_fusion,85,5.5,8.5,0.6225969414210272,ema
10,s1_clean,4.945823765007514,9.252578001847564,False,False,False,wifi_only,85,5.5,8.5,0.2619653405522916,ema
10,s1_clean,4.945823765007514,9.252578001847564,False,False,False,vlp_only,85,5.5,8.5,0.9999999990864357,ema
10,s1_clean,4.945823765007514,9.252578001847564,False,False,False,static_fusion,85,5.5,8.5,0.6309826698193637,ema
11,s1_clean,4.721675127324938,9.340170350002357,False,False,False,wifi_only,95,5.5,9.5,0.2916506561563031,ema
11,s1_clean,4.721675127324938,9.340170350002357,False,False,False,vlp_only,95,5.5,9.5,0.9999999999010001,ema
11,s1_clean,4.721675127324938,9.340170350002357,False,False,False,static_fusion,95,5.5,9.5,0.6458253280286516,ema
12,s1_clean,4.340963373281298,9.42272693147179,False,False,False,wifi_only,95,5.5,9.5,0.2697690221074897,ema
12,s1_clean,4.340963373281298,9.42272693147179,False,False,False,vlp_only,94,4.5,9.5,0.9999999999010001,ema
12,s1_clean,4.340963373281298,9.42272693147179,False,False,False,static_fusion,94,4.5,9.5,0.6235688637524425,ema
13,s1_clean,4.095436566930193,9.473710426329454,False,False,False,wifi_only,94,4.5,9.5,0.30565900752190944,ema
13,s1_clean,4.095436566930193,9.473710426329454,False,False,False,vlp_only,94,4.5,9.5,0.9999999999010001,ema
13,s1_clean,4.095436566930193,9.473710426329454,False,False,False,static_fusion,94,4.5,9.5,0.6528295037114548,ema
14,s1_clean,3.863209848904428,9.531730849012984,False,False,False,wifi_only,94,4.5,9.5,0.2965139282944083,ema
14,s1_clean,3.863209848904428,9.531730849012984,False,False,False,vlp_only,94,4.5,9.5,0.9999999999002029,ema
14,s1_clean,3.863209848904428,9.531730849012984,False,False,False,static_fusion,94,4.5,9.5,0.6482569640973056,ema
15,s1_clean,3.520682956293645,9.491058893166894,False,False,False,wifi_only,95,5.5,9.5,0.1746878454656224,ema
15,s1_clean,3.520682956293645,9.491058893166894,False,False,False,vlp_only,84,4.5,8.5,0.9999999999010001,ema
15,s1_clean,3.520682956293645,9.491058893166894,False,False,False,static_fusion,84,4.5,8.5,0.5682136030869415,ema
16,s1_clean,3.165382501834026,9.461587695941777,False,False,False,wifi_only,93,3.5,9.5,0.3129026820876162,ema
16,s1_clean,3.165382501834026,9.461587695941777,False,False,False,vlp_only,93,3.5,9.5,0.9999999999010001,ema
16,s1_clean,3.165382501834026,9.461587695941777,False,False,False,static_fusion,93,3.5,9.5,0.6564513409943081,ema
17,s1_clean,2.930245477093876,9.456164822050765,False,False,False,wifi_only,93,3.5,9.5,0.20945992319367485,ema
17,s1_clean,2.930245477093876,9.456164822050765,False,False,False,vlp_only,93,3.5,9.5,0.9999999999010001,ema
17,s1_clean,2.930245477093876,9.456164822050765,False,False,False,static_fusion,93,3.5,9.5,0.6047299615473375,ema
18,s1_clean,2.7420797060020465,9.472996628406442,False,False,False,wifi_only,93,3.5,9.5,0.26108370194327696,ema
18,s1_clean,2.7420797060020465,9.472996628406442,False,False,False,vlp_only,93,3.5,9.5,0.9999999999010001,ema
18,s1_clean,2.7420797060020465,9.472996628406442,False,False,False,static_fusion,93,3.5,9.5,0.6305418509221385,ema
19,s1_clean,2.4198638446847416,9.489528341112424,False,False,False,wifi_only,92,2.5,9.5,0.24418066776519626,ema
19,s1_clean,2.4198638446847416,9.489528341112424,False,False,False,vlp_only,92,2.5,9.5,0.9999999960025249,ema
19,s1_clean,2.4198638446847416,9.489528341112424,False,False,False,static_fusion,92,2.5,9.5,0.6220903318838605,ema
20,s1_clean,2.0874415206005943,9.43132427410417,False,False,False,wifi_only,92,2.5,9.5,0.3144535199481398,ema
20,s1_clean,2.0874415206005943,9.43132427410417,False,False,False,vlp_only,92,2.5,9.5,0.9999999999010001,ema
20,s1_clean,2.0874415206005943,9.43132427410417,False,False,False,static_fusion,92,2.5,9.5,0.6572267599245699,ema
21,s1_clean,1.6827551012106006,9.608276410412028,False,False,False,wifi_only,92,2.5,9.5,0.24083260987135552,ema
21,s1_clean,1.6827551012106006,9.608276410412028,False,False,False,vlp_only,92,2.5,9.5,0.9999999998472823,ema
21,s1_clean,1.6827551012106006,9.608276410412028,False,False,False,static_fusion,92,2.5,9.5,0.6204163048593189,ema
22,s1_clean,1.5666621834216723,9.721824928735591,False,False,False,wifi_only,91,1.5,9.5,0.2501725587998937,ema
22,s1_clean,1.5666621834216723,9.721824928735591,False,False,False,vlp_only,92,2.5,9.5,0.9999797561639678,ema
22,s1_clean,1.5666621834216723,9.721824928735591,False,False,False,static_fusion,92,2.5,9.5,0.5683818897920032,ema
23,s1_clean,1.8135872918506848,9.442076930062784,False,False,False,wifi_only,91,1.5,9.5,0.22312230265766061,ema
23,s1_clean,1.8135872918506848,9.442076930062784,False,False,False,vlp_only,92,2.5,9.5,0.8535754901400358,ema
23,s1_clean,1.8135872918506848,9.442076930062784,False,False,False,static_fusion,92,2.5,9.5,0.4706750724955406,ema
24,s1_clean,1.9797748224675469,9.171124941492176,False,False,False,wifi_only,81,1.5,8.5,0.13873558445598902,ema
24,s1_clean,1.9797748224675469,9.171124941492176,False,False,False,vlp_only,91,1.5,9.5,0.6518156482496463,ema
24,s1_clean,1.9797748224675469,9.171124941492176,False,False,False,static_fusion,91,1.5,9.5,0.38495249415473676,ema
25,s1_clean,2.0026978386863656,9.060785581306895,False,False,False,wifi_only,81,1.5,8.5,0.13633254621201876,ema
25,s1_clean,2.0026978386863656,9.060785581306895,False,False,False,vlp_only,92,2.5,9.5,0.9395094170691155,ema
25,s1_clean,2.0026978386863656,9.060785581306895,False,False,False,static_fusion,92,2.5,9.5,0.5175859589923213,ema
26,s1_clean,2.0409538218277232,8.768038731768266,False,False,False,wifi_only,91,1.5,9.5,0.12765010309107538,ema
26,s1_clean,2.0409538218277232,8.768038731768266,False,False,False,vlp_only,81,1.5,8.5,0.999943046794864,ema
26,s1_clean,2.0409538218277232,8.768038731768266,False,False,False,static_fusion,81,1.5,8.5,0.544726888432336,ema
27,s1_clean,1.943647595119588,8.39052055732134,False,False,False,wifi_only,91,1.5,9.5,0.17785146688930778,ema
27,s1_clean,1.943647595119588,8.39052055732134,False,False,False,vlp_only,81,1.5,8.5,0.9999956888350682,ema
27,s1_clean,1.943647595119588,8.39052055732134,False,False,False,static_fusion,81,1.5,8.5,0.5861554280814559,ema
28,s1_clean,1.822933837050688,7.938503894157455,False,False,False,wifi_only,91,1.5,9.5,0.13202529869874202,ema
28,s1_clean,1.822933837050688,7.938503894157455,False,False,False,vlp_only,81,1.5,8.5,0.9999065961746502,ema
28,s1_clean,1.822933837050688,7.938503894157455,False,False,False,static_fusion,81,1.5,8.5,0.5604502611843111,ema
29,s1_clean,1.5143958915018594,7.638191012939957,False,False,False,wifi_only,91,1.5,9.5,0.13438862791791573,ema
29,s1_clean,1.5143958915018594,7.638191012939957,False,False,False,vlp_only,81,1.5,8.5,0.9999848938253973,ema
29,s1_clean,1.5143958915018594,7.638191012939957,False,False,False,static_fusion,81,1.5,8.5,0.5589174767129241,ema
30,s1_clean,1.3675026549702816,7.582213936330399,False,False,False,wifi_only,91,1.5,9.5,0.15254738324755213,ema
30,s1_clean,1.3675026549702816,7.582213936330399,False,False,False,vlp_only,81,1.5,8.5,0.7542302558518296,ema
30,s1_clean,1.3675026549702816,7.582213936330399,False,False,False,static_fusion,81,1.5,8.5,0.4420772902550042,ema
31,s1_clean,1.2429294919367564,7.522606951356906,False,False,False,wifi_only,81,1.5,8.5,0.1352555507575773,ema
31,s1_clean,1.2429294919367564,7.522606951356906,False,False,False,vlp_only,71,1.5,7.5,0.9983467090275053,ema
31,s1_clean,1.2429294919367564,7.522606951356906,False,False,False,static_fusion,71,1.5,7.5,0.5602831671641285,ema
32,s1_clean,1.1706414409291317,7.446686809586819,False,False,False,wifi_only,71,1.5,7.5,0.16331598707658632,ema
32,s1_clean,1.1706414409291317,7.446686809586819,False,False,False,vlp_only,71,1.5,7.5,0.9999951449309789,ema
32,s1_clean,1.1706414409291317,7.446686809586819,False,False,False,static_fusion,71,1.5,7.5,0.5816555660037825,ema
33,s1_clean,1.0225794063669398,7.298034493574606,False,False,False,wifi_only,80,0.5,8.5,0.15547068997479477,ema
33,s1_clean,1.0225794063669398,7.298034493574606,False,False,False,vlp_only,71,1.5,7.5,0.9999999786081492,ema
33,s1_clean,1.0225794063669398,7.298034493574606,False,False,False,static_fusion,71,1.5,7.5,0.5651104852260443,ema
34,s1_clean,0.8405580282052503,7.1660136409604815,False,False,False,wifi_only,70,0.5,7.5,0.16905970753818,ema
34,s1_clean,0.8405580282052503,7.1660136409604815,False,False,False,vlp_only,71,1.5,7.5,0.9999999998669127,ema
34,s1_clean,0.8405580282052503,7.1660136409604815,False,False,False,static_fusion,71,1.5,7.5,0.5638741036796161,ema
35,s1_clean,0.7992402328627707,7.065719351919998,False,False,False,wifi_only,70,0.5,7.5,0.15192645670329416,ema
35,s1_clean,0.7992402328627707,7.065719351919998,False,False,False,vlp_only,70,0.5,7.5,0.9999999999010001,ema
35,s1_clean,0.7992402328627707,7.065719351919998,False,False,False,static_fusion,70,0.5,7.5,0.5759632283021473,ema
36,s1_clean,0.7671095331979448,6.6194549412444434,False,False,False,wifi_only,70,0.5,7.5,0.1779662561070254,ema
36,s1_clean,0.7671095331979448,6.6194549412444434,False,False,False,vlp_only,70,0.5,7.5,0.9999999998832738,ema
36,s1_clean,0.7671095331979448,6.6194549412444434,False,False,False,static_fusion,70,0.5,7.5,0.5889831279951496,ema
37,s1_clean,0.7867269935815102,6.50813786445098,False,False,False,wifi_only,60,0.5,6.5,0.21553901267445827,ema
37,s1_clean,0.7867269935815102,6.50813786445098,False,False,False,vlp_only,61,1.5,6.5,0.7882156861407424,ema
37,s1_clean,0.7867269935815102,6.50813786445098,False,False,False,static_fusion,61,1.5,6.5,0.4462132697026575,ema
38,s1_clean,0.9039958580667962,6.339426406945286,False,False,False,wifi_only,60,0.5,6.5,0.17170070782233998,ema
38,s1_clean,0.9039958580667962,6.339426406945286,False,False,False,vlp_only,61,1.5,6.5,0.9999999998946784,ema
38,s1_clean,0.9039958580667962,6.339426406945286,False,False,False,static_fusion,61,1.5,6.5,0.5643678189317922,ema
39,s1_clean,0.9979740023158236,6.187541249202924,False,False,False,wifi_only,60,0.5,6.5,0.1320927734924604,ema
39,s1_clean,0.9979740023158236,6.187541249202924,False,False,False,vlp_only,60,0.5,6.5,0.9999999999010002,ema
39,s1_clean,0.9979740023158236,6.187541249202924,False,False,False,static_fusion,60,0.5,6.5,0.5660463866967302,ema
40,s1_clean,1.28488954092244,5.782257454541684,False,False,False,wifi_only,51,1.5,5.5,0.13936109458036278,ema
40,s1_clean,1.28488954092244,5.782257454541684,False,False,False,vlp_only,60,0.5,6.5,0.9999999999010002,ema
40,s1_clean,1.28488954092244,5.782257454541684,False,False,False,static_fusion,60,0.5,6.5,0.5618428354276677,ema
41,s1_clean,1.513102962684955,5.518180410148621,False,False,False,wifi_only,51,1.5,5.5,0.1379783869577841,ema
41,s1_clean,1.513102962684955,5.518180410148621,False,False,False,vlp_only,60,0.5,6.5,0.9999999999010002,ema
41,s1_clean,1.513102962684955,5.518180410148621,False,False,False,static_fusion,60,0.5,6.5,0.5519745478935394,ema
42,s1_clean,1.6106044791645622,5.19830615307079,False,False,False,wifi_only,51,1.5,5.5,0.1297903400341116,ema
42,s1_clean,1.6106044791645622,5.19830615307079,False,False,False,vlp_only,51,1.5,5.5,0.9999999999010002,ema
42,s1_clean,1.6106044791645622,5.19830615307079,False,False,False,static_fusion,51,1.5,5.5,0.564895169967556,ema
43,s1_clean,1.8972643262832607,4.975906927269721,False,False,False,wifi_only,51,1.5,5.5,0.16378850428093922,ema
43,s1_clean,1.8972643262832607,4.975906927269721,False,False,False,vlp_only,51,1.5,5.5,0.999999999852053,ema
43,s1_clean,1.8972643262832607,4.975906927269721,False,False,False,static_fusion,51,1.5,5.5,0.581894252066496,ema
44,s1_clean,2.229332660696988,4.76372737768957,False,False,False,wifi_only,51,1.5,5.5,0.16719255659277324,ema
44,s1_clean,2.229332660696988,4.76372737768957,False,False,False,vlp_only,51,1.5,5.5,0.9999974755112464,ema
44,s1_clean,2.229332660696988,4.76372737768957,False,False,False,static_fusion,51,1.5,5.5,0.5835950160520098,ema
45,s1_clean,2.6145006895276834,4.592072450426468,False,False,False,wifi_only,42,2.5,4.5,0.16157896643256117,ema
45,s1_clean,2.6145006895276834,4.592072450426468,False,False,False,vlp_only,42,2.5,4.5,0.9473185513177612,ema
45,s1_clean,2.6145006895276834,4.592072450426468,False,False,False,static_fusion,42,2.5,4.5,0.5544487588751612,ema
46,s1_clean,2.661129424294631,4.466616768697175,False,False,False,wifi_only,42,2.5,4.5,0.1478710191244726,ema
46,s1_clean,2.661129424294631,4.466616768697175,False,False,False,vlp_only,42,2.5,4.5,0.9999996192486879,ema
46,s1_clean,2.661129424294631,4.466616768697175,False,False,False,static_fusion,42,2.5,4.5,0.5739353191865803,ema
47,s1_clean,2.6450300380382434,4.183588162907463,False,False,False,wifi_only,42,2.5,4.5,0.17198836268937492,ema
47,s1_clean,2.6450300380382434,4.183588162907463,False,False,False,vlp_only,42,2.5,4.5,0.9999999998400563,ema
47,s1_clean,2.6450300380382434,4.183588162907463,False,False,False,static_fusion,42,2.5,4.5,0.5859941812647156,ema
48,s1_clean,2.633014421787828,3.6860116411580814,False,False,False,wifi_only,42,2.5,4.5,0.1786718098162985,ema
48,s1_clean,2.633014421787828,3.6860116411580814,False,False,False,vlp_only,42,2.5,4.5,0.9999999999009704,ema
48,s1_clean,2.633014421787828,3.6860116411580814,False,False,False,static_fusion,42,2.5,4.5,0.5893359048586344,ema
49,s1_clean,2.7923313692644163,3.3743378598159564,False,False,False,wifi_only,42,2.5,4.5,0.1505766593283931,ema
49,s1_clean,2.7923313692644163,3.3743378598159564,False,False,False,vlp_only,33,3.5,3.5,0.9999999999010002,ema
49,s1_clean,2.7923313692644163,3.3743378598159564,False,False,False,static_fusion,33,3.5,3.5,0.5395916583321753,ema
50,s1_clean,2.983612121628606,3.11916257556942,False,False,False,wifi_only,33,3.5,3.5,0.16777972889203024,ema
50,s1_clean,2.983612121628606,3.11916257556942,False,False,False,vlp_only,32,2.5,3.5,0.9999999999010002,ema
50,s1_clean,2.983612121628606,3.11916257556942,False,False,False,static_fusion,32,2.5,3.5,0.5365431653730718,ema
51,s1_clean,3.351818132537528,2.843855854625126,False,False,False,wifi_only,33,3.5,3.5,0.20159283897640998,ema
51,s1_clean,3.351818132537528,2.843855854625126,False,False,False,vlp_only,32,2.5,3.5,0.9999999999010002,ema
51,s1_clean,3.351818132537528,2.843855854625126,False,False,False,static_fusion,32,2.5,3.5,0.5531803158964551,ema
52,s1_clean,3.56862361427012,2.697604331930428,False,False,False,wifi_only,33,3.5,3.5,0.19973185013193648,ema
52,s1_clean,3.56862361427012,2.697604331930428,False,False,False,vlp_only,32,2.5,3.5,0.9999999997218877,ema
52,s1_clean,3.56862361427012,2.697604331930428,False,False,False,static_fusion,32,2.5,3.5,0.5391119694533589,ema
53,s1_clean,3.943888445431222,2.4514296926551147,False,False,False,wifi_only,33,3.5,3.5,0.18223502996376983,ema
53,s1_clean,3.943888445431222,2.4514296926551147,False,False,False,vlp_only,23,3.5,2.5,0.9999999998917435,ema
53,s1_clean,3.943888445431222,2.4514296926551147,False,False,False,static_fusion,23,3.5,2.5,0.572988166619664,ema
54,s1_clean,4.260369316238271,2.2082022988398595,False,False,False,wifi_only,23,3.5,2.5,0.20273133652916492,ema
54,s1_clean,4.260369316238271,2.2082022988398595,False,False,False,vlp_only,33,3.5,3.5,0.9999999999010002,ema
54,s1_clean,4.260369316238271,2.2082022988398595,False,False,False,static_fusion,33,3.5,3.5,0.5510929723318143,ema
55,s1_clean,4.627569160973635,2.060114150367901,False,False,False,wifi_only,14,4.5,1.5,0.20668275888554505,ema
55,s1_clean,4.627569160973635,2.060114150367901,False,False,False,vlp_only,33,3.5,3.5,0.9999999999010002,ema
55,s1_clean,4.627569160973635,2.060114150367901,False,False,False,static_fusion,33,3.5,3.5,0.5274140631261085,ema
56,s1_clean,4.961867043427717,1.830848239374332,False,False,False,wifi_only,14,4.5,1.5,0.21246934063394177,ema
56,s1_clean,4.961867043427717,1.830848239374332,False,False,False,vlp_only,24,4.5,2.5,0.9999995091137002,ema
56,s1_clean,4.961867043427717,1.830848239374332,False,False,False,static_fusion,24,4.5,2.5,0.5966760439260583,ema
57,s1_clean,5.0679788704002044,1.7195475994342533,False,False,False,wifi_only,14,4.5,1.5,0.21808738905033279,ema
57,s1_clean,5.0679788704002044,1.7195475994342533,False,False,False,vlp_only,24,4.5,2.5,0.9999092238481075,ema
57,s1_clean,5.0679788704002044,1.7195475994342533,False,False,False,static_fusion,24,4.5,2.5,0.5914628234022765,ema
58,s1_clean,5.335240810429285,1.571560122687008,False,False,False,wifi_only,15,5.5,1.5,0.22588863889833002,ema
58,s1_clean,5.335240810429285,1.571560122687008,False,False,False,vlp_only,14,4.5,1.5,0.9955683341216716,ema
58,s1_clean,5.335240810429285,1.571560122687008,False,False,False,static_fusion,14,4.5,1.5,0.5429449275925408,ema
59,s1_clean,5.651780389210071,1.3727606103935992,False,False,False,wifi_only,25,5.5,2.5,0.19577927813736118,ema
59,s1_clean,5.651780389210071,1.3727606103935992,False,False,False,vlp_only,15,5.5,1.5,0.9999986583543706,ema
59,s1_clean,5.651780389210071,1.3727606103935992,False,False,False,static_fusion,15,5.5,1.5,0.5893726080347361,ema
60,s1_clean,5.898763386562306,1.2621017401554997,False,False,False,wifi_only,15,5.5,1.5,0.20419376235995323,ema
60,s1_clean,5.898763386562306,1.2621017401554997,False,False,False,vlp_only,15,5.5,1.5,0.9999999774657933,ema
60,s1_clean,5.898763386562306,1.2621017401554997,False,False,False,static_fusion,15,5.5,1.5,0.6020968699128733,ema
61,s1_clean,6.355551046384767,1.4203122314749552,False,False,False,wifi_only,15,5.5,1.5,0.20544979970005323,ema
61,s1_clean,6.355551046384767,1.4203122314749552,False,False,False,vlp_only,15,5.5,1.5,0.999999988615344,ema
61,s1_clean,6.355551046384767,1.4203122314749552,False,False,False,static_fusion,15,5.5,1.5,0.6027248941576986,ema
62,s1_clean,6.594147927702143,1.4206009795225187,False,False,False,wifi_only,26,6.5,2.5,0.20175761128736375,ema
62,s1_clean,6.594147927702143,1.4206009795225187,False,False,False,vlp_only,6,6.5,0.5,0.9999999999010003,ema
62,s1_clean,6.594147927702143,1.4206009795225187,False,False,False,static_fusion,6,6.5,0.5,0.5454892921750611,ema
63,s1_clean,6.702875767945526,1.3948214383894544,False,False,False,wifi_only,16,6.5,1.5,0.2152984508545163,ema
63,s1_clean,6.702875767945526,1.3948214383894544,False,False,False,vlp_only,16,6.5,1.5,0.9999999998998385,ema
63,s1_clean,6.702875767945526,1.3948214383894544,False,False,False,static_fusion,16,6.5,1.5,0.6076492253771774,ema
64,s1_clean,6.87517464550481,1.1902703370600811,False,False,False,wifi_only,16,6.5,1.5,0.2073029708675647,ema
64,s1_clean,6.87517464550481,1.1902703370600811,False,False,False,vlp_only,16,6.5,1.5,0.9999999999010003,ema
64,s1_clean,6.87517464550481,1.1902703370600811,False,False,False,static_fusion,16,6.5,1.5,0.6036514853842825,ema
65,s1_clean,6.892272294025562,1.0122251452148698,False,False,False,wifi_only,37,7.5,3.5,0.18307407191466069,ema
65,s1_clean,6.892272294025562,1.0122251452148698,False,False,False,vlp_only,16,6.5,1.5,0.9999999999010003,ema
65,s1_clean,6.892272294025562,1.0122251452148698,False,False,False,static_fusion,16,6.5,1.5,0.5424974060673107,ema
66,s1_clean,7.000483248939226,0.9177176630235528,False,False,False,wifi_only,27,7.5,2.5,0.21677305482290646,ema
66,s1_clean,7.000483248939226,0.9177176630235528,False,False,False,vlp_only,16,6.5,1.5,0.9999999999010003,ema
66,s1_clean,7.000483248939226,0.9177176630235528,False,False,False,static_fusion,16,6.5,1.5,0.5864452201904183,ema
67,s1_clean,7.169623623221895,0.7738996044632837,False,False,False,wifi_only,26,6.5,2.5,0.16857295284422982,ema
67,s1_clean,7.169623623221895,0.7738996044632837,False,False,False,vlp_only,16,6.5,1.5,0.9999999862454385,ema
67,s1_clean,7.169623623221895,0.7738996044632837,False,False,False,static_fusion,16,6.5,1.5,0.5702335353954139,ema
68,s1_clean,7.492034971191752,0.4271040557051936,False,False,False,wifi_only,27,7.5,2.5,0.22892166242584652,ema
68,s1_clean,7.492034971191752,0.4271040557051936,False,False,False,vlp_only,7,7.5,0.5,0.9999996164405819,ema
68,s1_clean,7.492034971191752,0.4271040557051936,False,False,False,static_fusion,7,7.5,0.5,0.5259818871674692,ema
69,s1_clean,7.463813289098351,0.1481351742215659,False,False,False,wifi_only,27,7.5,2.5,0.22411223859257118,ema
69,s1_clean,7.463813289098351,0.1481351742215659,False,False,False,vlp_only,7,7.5,0.5,0.9999999999010003,ema
69,s1_clean,7.463813289098351,0.1481351742215659,False,False,False,static_fusion,7,7.5,0.5,0.5170905260201001,ema
70,s1_clean,7.384046542733699,0.3965845375848609,False,False,False,wifi_only,17,7.5,1.5,0.2045341618137392,ema
70,s1_clean,7.384046542733699,0.3965845375848609,False,False,False,vlp_only,7,7.5,0.5,0.9999999999010003,ema
70,s1_clean,7.384046542733699,0.3965845375848609,False,False,False,static_fusion,7,7.5,0.5,0.5924608751383013,ema
71,s1_clean,7.274941349103505,0.5328406187982155,False,False,False,wifi_only,17,7.5,1.5,0.22475632392791495,ema
71,s1_clean,7.274941349103505,0.5328406187982155,False,False,False,vlp_only,7,7.5,0.5,0.9999999999010003,ema
71,s1_clean,7.274941349103505,0.5328406187982155,False,False,False,static_fusion,7,7.5,0.5,0.604433072824862,ema
72,s1_clean,7.242898641642358,0.6319581293500205,False,False,False,wifi_only,27,7.5,2.5,0.19757993936633547,ema
72,s1_clean,7.242898641642358,0.6319581293500205,False,False,False,vlp_only,7,7.5,0.5,0.9999999999010003,ema
72,s1_clean,7.242898641642358,0.6319581293500205,False,False,False,static_fusion,7,7.5,0.5,0.5632149104793914,ema
73,s1_clean,6.897766036852761,0.9865854746261178,False,False,False,wifi_only,27,7.5,2.5,0.18623976147264792,ema
73,s1_clean,6.897766036852761,0.9865854746261178,False,False,False,vlp_only,7,7.5,0.5,0.9999999999010003,ema
73,s1_clean,6.897766036852761,0.9865854746261178,False,False,False,static_fusion,7,7.5,0.5,0.5849845346642384,ema
74,s1_clean,6.819062780162876,1.076859414311629,False,False,False,wifi_only,7,7.5,0.5,0.18328405022298053,ema
74,s1_clean,6.819062780162876,1.076859414311629,False,False,False,vlp_only,7,7.5,0.5,0.999999990132023,ema
74,s1_clean,6.819062780162876,1.076859414311629,False,False,False,static_fusion,7,7.5,0.5,0.5916420201775018,ema
75,s1_clean,6.720234602821568,1.267398302606882,False,False,False,wifi_only,7,7.5,0.5,0.18146699738016042,ema
75,s1_clean,6.720234602821568,1.267398302606882,False,False,False,vlp_only,16,6.5,1.5,0.9994215490174782,ema
75,s1_clean,6.720234602821568,1.267398302606882,False,False,False,static_fusion,16,6.5,1.5,0.5525393276672066,ema
76,s1_clean,6.503783427177126,1.570279682105651,False,False,False,wifi_only,6,6.5,0.5,0.21950921293273154,ema
76,s1_clean,6.503783427177126,1.570279682105651,False,False,False,vlp_only,16,6.5,1.5,0.9999999999010003,ema
76,s1_clean,6.503783427177126,1.570279682105651,False,False,False,static_fusion,16,6.5,1.5,0.5887215898184398,ema
77,s1_clean,6.358465325036558,1.791120746986019,False,False,False,wifi_only,16,6.5,1.5,0.16184040870855418,ema
77,s1_clean,6.358465325036558,1.791120746986019,False,False,False,vlp_only,16,6.5,1.5,0.9999999999010003,ema
77,s1_clean,6.358465325036558,1.791120746986019,False,False,False,static_fusion,16,6.5,1.5,0.5809202043047772,ema
78,s1_clean,6.122791880845917,1.8813582130943367,False,False,False,wifi_only,26,6.5,2.5,0.17368091188666193,ema
78,s1_clean,6.122791880845917,1.8813582130943367,False,False,False,vlp_only,16,6.5,1.5,0.9999999991953166,ema
78,s1_clean,6.122791880845917,1.8813582130943367,False,False,False,static_fusion,16,6.5,1.5,0.5807502556024251,ema
79,s1_clean,5.750230255978351,2.1326072148263107,False,False,False,wifi_only,26,6.5,2.5,0.23050319574138975,ema
79,s1_clean,5.750230255978351,2.1326072148263107,False,False,False,vlp_only,6,6.5,0.5,0.9999999945570516,ema
79,s1_clean,5.750230255978351,2.1326072148263107,False,False,False,static_fusion,6,6.5,0.5,0.5327633008576428,ema
80,s1_clean,5.514678873922644,2.389062926514496,False,False,False,wifi_only,26,6.5,2.5,0.18260165741884093,ema
80,s1_clean,5.514678873922644,2.389062926514496,False,False,False,vlp_only,6,6.5,0.5,0.9999999999010003,ema
80,s1_clean,5.514678873922644,2.389062926514496,False,False,False,static_fusion,6,6.5,0.5,0.5489855702059584,ema
81,s1_clean,5.508112152914603,2.4998600146256016,False,False,False,wifi_only,15,5.5,1.5,0.1707810548730316,ema
81,s1_clean,5.508112152914603,2.4998600146256016,False,False,False,vlp_only,25,5.5,2.5,0.9994565863926795,ema
81,s1_clean,5.508112152914603,2.4998600146256016,False,False,False,static_fusion,25,5.5,2.5,0.5476626188287705,ema
82,s1_clean,5.600226935990087,2.6582213422588112,False,False,False,wifi_only,26,6.5,2.5,0.17288314067319013,ema
82,s1_clean,5.600226935990087,2.6582213422588112,False,False,False,vlp_only,25,5.5,2.5,0.9999957546128191,ema
82,s1_clean,5.600226935990087,2.6582213422588112,False,False,False,static_fusion,25,5.5,2.5,0.5709101681358522,ema
83,s1_clean,5.738537290833164,2.759195471518816,False,False,False,wifi_only,26,6.5,2.5,0.17373170962894047,ema
83,s1_clean,5.738537290833164,2.759195471518816,False,False,False,vlp_only,25,5.5,2.5,0.9999999997856402,ema
83,s1_clean,5.738537290833164,2.759195471518816,False,False,False,static_fusion,25,5.5,2.5,0.5471135414402356,ema
84,s1_clean,5.832850971363683,3.0310878411880533,False,False,False,wifi_only,15,5.5,1.5,0.14932534213366533,ema
84,s1_clean,5.832850971363683,3.0310878411880533,False,False,False,vlp_only,25,5.5,2.5,0.9999999999010002,ema
84,s1_clean,5.832850971363683,3.0310878411880533,False,False,False,static_fusion,25,5.5,2.5,0.5731836820427647,ema
85,s1_clean,5.898467311753344,3.228508652056043,False,False,False,wifi_only,25,5.5,2.5,0.19048122156243122,ema
85,s1_clean,5.898467311753344,3.228508652056043,False,False,False,vlp_only,25,5.5,2.5,0.9999999999010002,ema
85,s1_clean,5.898467311753344,3.228508652056043,False,False,False,static_fusion,25,5.5,2.5,0.5952406107317156,ema
86,s1_clean,5.888626732888142,3.400271085109193,False,False,False,wifi_only,25,5.5,2.5,0.15510215839350364,ema
86,s1_clean,5.888626732888142,3.400271085109193,False,False,False,vlp_only,25,5.5,2.5,0.9999999999010002,ema
86,s1_clean,5.888626732888142,3.400271085109193,False,False,False,static_fusion,25,5.5,2.5,0.577551079147252,ema
87,s1_clean,5.651159957112673,3.739006548657096,False,False,False,wifi_only,25,5.5,2.5,0.18090508939890618,ema
87,s1_clean,5.651159957112673,3.739006548657096,False,False,False,vlp_only,35,5.5,3.5,0.8745163656881272,ema
87,s1_clean,5.651159957112673,3.739006548657096,False,False,False,static_fusion,35,5.5,3.5,0.5093502917241153,ema
88,s1_clean,5.511321113022474,3.8790676275290847,False,False,False,wifi_only,35,5.5,3.5,0.1862160354304304,ema
88,s1_clean,5.511321113022474,3.8790676275290847,False,False,False,vlp_only,35,5.5,3.5,0.9999999999010002,ema
88,s1_clean,5.511321113022474,3.8790676275290847,False,False,False,static_fusion,35,5.5,3.5,0.5931080176657153,ema
89,s1_clean,5.43643528909089,3.953273740011248,False,False,False,wifi_only,35,5.5,3.5,0.1843916864995572,ema
89,s1_clean,5.43643528909089,3.953273740011248,False,False,False,vlp_only,35,5.5,3.5,0.9999999999010002,ema
89,s1_clean,5.43643528909089,3.953273740011248,False,False,False,static_fusion,35,5.5,3.5,0.5921958432002786,ema
90,s1_clean,5.230257776887017,3.9835295593536193,False,False,False,wifi_only,35,5.5,3.5,0.17292533945744093,ema
90,s1_clean,5.230257776887017,3.9835295593536193,False,False,False,vlp_only,35,5.5,3.5,0.9999999999010002,ema
90,s1_clean,5.230257776887017,3.9835295593536193,False,False,False,static_fusion,35,5.5,3.5,0.5864626696792203,ema
91,s1_clean,4.9776092930395945,4.056000817377593,False,False,False,wifi_only,34,4.5,3.5,0.16464156059780496,ema
91,s1_clean,4.9776092930395945,4.056000817377593,False,False,False,vlp_only,35,5.5,3.5,0.9999999999010002,ema
91,s1_clean,4.9776092930395945,4.056000817377593,False,False,False,static_fusion,35,5.5,3.5,0.5710326773092474,ema
92,s1_clean,4.723335213676367,4.234008104614395,False,False,False,wifi_only,34,4.5,3.5,0.16874518241912578,ema
92,s1_clean,4.723335213676367,4.234008104614395,False,False,False,vlp_only,45,5.5,4.5,0.9999999999010002,ema
92,s1_clean,4.723335213676367,4.234008104614395,False,False,False,static_fusion,45,5.5,4.5,0.53100249781427,ema
93,s1_clean,4.5603601875449,4.42721654605225,False,False,False,wifi_only,44,4.5,4.5,0.15049449366333364,ema
93,s1_clean,4.5603601875449,4.42721654605225,False,False,False,vlp_only,44,4.5,4.5,0.9999999999010002,ema
93,s1_clean,4.5603601875449,4.42721654605225,False,False,False,static_fusion,44,4.5,4.5,0.5752472467821669,ema
94,s1_clean,4.376758804931988,4.783397516554166,False,False,False,wifi_only,34,4.5,3.5,0.15092189916093043,ema
94,s1_clean,4.376758804931988,4.783397516554166,False,False,False,vlp_only,44,4.5,4.5,0.9999999999010002,ema
94,s1_clean,4.376758804931988,4.783397516554166,False,False,False,static_fusion,44,4.5,4.5,0.5741543161478617,ema
95,s1_clean,4.278110895822162,4.873116927745965,False,False,False,wifi_only,44,4.5,4.5,0.14782147887150493,ema
95,s1_clean,4.278110895822162,4.873116927745965,False,False,False,vlp_only,44,4.5,4.5,0.9999999999010002,ema
95,s1_clean,4.278110895822162,4.873116927745965,False,False,False,static_fusion,44,4.5,4.5,0.5739107393862526,ema
96,s1_clean,4.12801724847605,5.124228511615788,False,False,False,wifi_only,44,4.5,4.5,0.15467722698935574,ema
96,s1_clean,4.12801724847605,5.124228511615788,False,False,False,vlp_only,44,4.5,4.5,0.9999999999010002,ema
96,s1_clean,4.12801724847605,5.124228511615788,False,False,False,static_fusion,44,4.5,4.5,0.5773386134451779,ema
97,s1_clean,3.704635602450641,5.262849100858526,False,False,False,wifi_only,53,3.5,5.5,0.13858750369130432,ema
97,s1_clean,3.704635602450641,5.262849100858526,False,False,False,vlp_only,44,4.5,4.5,0.9999999997483384,ema
97,s1_clean,3.704635602450641,5.262849100858526,False,False,False,static_fusion,44,4.5,4.5,0.5622248361806412,ema
98,s1_clean,3.5561357581555817,5.285474381301673,False,False,False,wifi_only,44,4.5,4.5,0.143332350247892,ema
98,s1_clean,3.5561357581555817,5.285474381301673,False,False,False,vlp_only,54,4.5,5.5,0.9999999999010002,ema
98,s1_clean,3.5561357581555817,5.285474381301673,False,False,False,static_fusion,54,4.5,5.5,0.5384004168689571,ema
99,s1_clean,3.128664509288299,5.522908615866154,False,False,False,wifi_only,44,4.5,4.5,0.15670214663252124,ema
99,s1_clean,3.128664509288299,5.522908615866154,False,False,False,vlp_only,53,3.5,5.5,0.9999999999010002,ema
99,s1_clean,3.128664509288299,5.522908615866154,False,False,False,static_fusion,53,3.5,5.5,0.5331221840006575,ema
0,s2_wifi_degraded,6.1055626688123565,8.931678203850066,False,False,False,wifi_only,86,6.5,8.5,0.17855307592436914,raw
0,s2_wifi_degraded,6.1055626688123565,8.931678203850066,False,False,False,vlp_only,96,6.5,9.5,0.9999999999010001,raw
0,s2_wifi_degraded,6.1055626688123565,8.931678203850066,False,False,False,static_fusion,96,6.5,9.5,0.5844887375076168,raw
1,s2_wifi_degraded,6.320554771122484,9.075343533082185,False,False,False,wifi_only,76,6.5,7.5,0.260068369949257,raw
1,s2_wifi_degraded,6.320554771122484,9.075343533082185,False,False,False,vlp_only,96,6.5,9.5,0.9999999999010001,raw
1,s2_wifi_degraded,6.320554771122484,9.075343533082185,False,False,False,static_fusion,96,6.5,9.5,0.5207547870339797,raw
2,s2_wifi_degraded,6.58026211240472,9.446929430621816,False,False,False,wifi_only,86,6.5,8.5,0.14220506570753805,raw
2,s2_wifi_degraded,6.58026211240472,9.446929430621816,False,False,False,vlp_only,96,6.5,9.5,0.9999999999010001,raw
2,s2_wifi_degraded,6.58026211240472,9.446929430621816,False,False,False,static_fusion,96,6.5,9.5,0.570386940142082,raw
3,s2_wifi_degraded,6.690486996140005,9.773722821152626,False,False,False,wifi_only,86,6.5,8.5,0.2136199943106234,raw
3,s2_wifi_degraded,6.690486996140005,9.773722821152626,False,False,False,vlp_only,96,6.5,9.5,0.9999999999010001,raw
3,s2_wifi_degraded,6.690486996140005,9.773722821152626,False,False,False,static_fusion,96,6.5,9.5,0.5814829281571376,raw
4,s2_wifi_degraded,6.648930003357536,9.453988556211296,False,False,False,wifi_only,86,6.5,8.5,0.25116653814574713,raw
4,s2_wifi_degraded,6.648930003357536,9.453988556211296,False,False,False,vlp_only,96,6.5,9.5,0.9999999999010001,raw
4,s2_wifi_degraded,6.648930003357536,9.453988556211296,False,False,False,static_fusion,96,6.5,9.5,0.6238054252436401,raw
5,s2_wifi_degraded,6.503414861243288,9.34880509424309,False,False,False,wifi_only,87,7.5,8.5,0.17278581391859132,raw
5,s2_wifi_degraded,6.503414861243288,9.34880509424309,False,False,False,vlp_only,96,6.5,9.5,0.9999999999010001,raw
5,s2_wifi_degraded,6.503414861243288,9.34880509424309,False,False,False,static_fusion,96,6.5,9.5,0.5076724406778699,raw
6,s2_wifi_degraded,6.309679632446698,9.224501326679391,False,False,False,wifi_only,95,5.5,9.5,0.16514387467761685,raw
6,s2_wifi_degraded,6.309679632446698,9.224501326679391,False,False,False,vlp_only,96,6.5,9.5,0.9999999999010001,raw
6,s2_wifi_degraded,6.309679632446698,9.224501326679391,False,False,False,static_fusion,96,6.5,9.5,0.5752248095303215,raw
7,s2_wifi_degraded,6.06460409098813,9.084291660062746,False,False,False,wifi_only,86,6.5,8.5,0.327741488698033,raw
7,s2_wifi_degraded,6.06460409098813,9.084291660062746,False,False,False,vlp_only,96,6.5,9.5,0.9999999999010001,raw
7,s2_wifi_degraded,6.06460409098813,9.084291660062746,False,False,False,static_fusion,96,6.5,9.5,0.6508492764288405,raw
8,s2_wifi_degraded,5.726062604387588,9.046898224684307,False,False,False,wifi_only,85,5.5,8.5,0.340382337863418,raw
8,s2_wifi_degraded,5.726062604387588,9.046898224684307,False,False,False,vlp_only,85,5.5,8.5,0.9999999999010001,raw
8,s2_wifi_degraded,5.726062604387588,9.046898224684307,False,False,False,static_fusion,85,5.5,8.5,0.6701911688822091,raw
9,s2_wifi_degraded,5.334545965818324,9.091415993613808,False,False,False,wifi_only,84,4.5,8.5,0.27781960223689733,raw
9,s2_wifi_degraded,5.334545965818324,9.091415993613808,False,False,False,vlp_only,95,5.5,9.5,0.9999999999010001,raw
9,s2_wifi_degraded,5.334545965818324,9.091415993613808,False,False,False,static_fusion,95,5.5,9.5,0.6114067857823859,raw
10,s2_wifi_degraded,4.945823765007514,9.252578001847564,True,False,False,wifi_only,84,4.5,8.5,0.7157230354623418,raw
10,s2_wifi_degraded,4.945823765007514,9.252578001847564,True,False,False,vlp_only,94,4.5,9.5,0.9999999999010001,raw
10,s2_wifi_degraded,4.945823765007514,9.252578001847564,True,False,False,static_fusion,94,4.5,9.5,0.5328837970279425,raw
11,s2_wifi_degraded,4.721675127324938,9.340170350002357,True,False,False,wifi_only,94,4.5,9.5,0.47082360972523246,raw
11,s2_wifi_degraded,4.721675127324938,9.340170350002357,True,False,False,vlp_only,94,4.5,9.5,0.9999999999010001,raw
11,s2_wifi_degraded,4.721675127324938,9.340170350002357,True,False,False,static_fusion,94,4.5,9.5,0.7354118048131163,raw
12,s2_wifi_degraded,4.340963373281298,9.42272693147179,True,False,False,wifi_only,95,5.5,9.5,0.6190511399271855,raw
12,s2_wifi_degraded,4.340963373281298,9.42272693147179,True,False,False,vlp_only,94,4.5,9.5,0.9999999999010001,raw
12,s2_wifi_degraded,4.340963373281298,9.42272693147179,True,False,False,static_fusion,94,4.5,9.5,0.6346175110089978,raw
13,s2_wifi_degraded,4.095436566930193,9.473710426329454,True,False,False,wifi_only,93,3.5,9.5,0.9257551143200949,raw
13,s2_wifi_degraded,4.095436566930193,9.473710426329454,True,False,False,vlp_only,84,4.5,8.5,0.9638611845136654,raw
13,s2_wifi_degraded,4.095436566930193,9.473710426329454,True,False,False,static_fusion,84,4.5,8.5,0.4821305434789108,raw
14,s2_wifi_degraded,3.863209848904428,9.531730849012984,True,False,False,wifi_only,84,4.5,8.5,0.3673291180870257,raw
14,s2_wifi_degraded,3.863209848904428,9.531730849012984,True,False,False,vlp_only,93,3.5,9.5,0.9999999999010001,raw
14,s2_wifi_degraded,3.863209848904428,9.531730849012984,True,False,False,static_fusion,93,3.5,9.5,0.5054524707404365,raw
15,s2_wifi_degraded,3.520682956293645,9.491058893166894,True,False,False,wifi_only,85,5.5,8.5,0.6381820066372988,raw
15,s2_wifi_degraded,3.520682956293645,9.491058893166894,True,False,False,vlp_only,93,3.5,9.5,0.9999999999010001,raw
15,s2_wifi_degraded,3.520682956293645,9.491058893166894,True,False,False,static_fusion,93,3.5,9.5,0.5000012388156767,raw
16,s2_wifi_degraded,3.165382501834026,9.461587695941777,True,False,False,wifi_only,84,4.5,8.5,0.5381629135825032,raw
16,s2_wifi_degraded,3.165382501834026,9.461587695941777,True,False,False,vlp_only,93,3.5,9.5,0.9999999999010001,raw
16,s2_wifi_degraded,3.165382501834026,9.461587695941777,True,False,False,static_fusion,93,3.5,9.5,0.5000004096887799,raw
17,s2_wifi_degraded,2.930245477093876,9.456164822050765,True,False,False,wifi_only,73,3.5,7.5,0.39988523744907095,raw
17,s2_wifi_degraded,2.930245477093876,9.456164822050765,True,False,False,vlp_only,92,2.5,9.5,0.9999999999010001,raw
17,s2_wifi_degraded,2.930245477093876,9.456164822050765,True,False,False,static_fusion,92,2.5,9.5,0.5007974952725047,raw
18,s2_wifi_degraded,2.7420797060020465,9.472996628406442,True,False,False,wifi_only,93,3.5,9.5,0.39361880492062457,raw
18,s2_wifi_degraded,2.7420797060020465,9.472996628406442,True,False,False,vlp_only,92,2.5,9.5,0.9999999999010001,raw
18,s2_wifi_degraded,2.7420797060020465,9.472996628406442,True,False,False,static_fusion,92,2.5,9.5,0.5163149393717152,raw
19,s2_wifi_degraded,2.4198638446847416,9.489528341112424,True,False,False,wifi_only,98,8.5,9.5,0.3541111962655792,raw
19,s2_wifi_degraded,2.4198638446847416,9.489528341112424,True,False,False,vlp_only,92,2.5,9.5,0.9999997804788755,raw
19,s2_wifi_degraded,2.4198638446847416,9.489528341112424,True,False,False,static_fusion,92,2.5,9.5,0.5033543775340629,raw
20,s2_wifi_degraded,2.0874415206005943,9.43132427410417,False,False,False,wifi_only,97,7.5,9.5,0.21132428837288686,raw
20,s2_wifi_degraded,2.0874415206005943,9.43132427410417,False,False,False,vlp_only,92,2.5,9.5,0.999558078394617,raw
20,s2_wifi_degraded,2.0874415206005943,9.43132427410417,False,False,False,static_fusion,92,2.5,9.5,0.5184895311731128,raw
21,s2_wifi_degraded,1.6827551012106006,9.608276410412028,False,False,False,wifi_only,97,7.5,9.5,0.27843486273612594,raw
21,s2_wifi_degraded,1.6827551012106006,9.608276410412028,False,False,False,vlp_only,91,1.5,9.5,0.9914944711228435,raw
21,s2_wifi_degraded,1.6827551012106006,9.608276410412028,False,False,False,static_fusion,91,1.5,9.5,0.5069798381905384,raw
22,s2_wifi_degraded,1.5666621834216723,9.721824928735591,False,False,False,wifi_only,72,2.5,7.5,0.14504735516390804,raw
22,s2_wifi_degraded,1.5666621834216723,9.721824928735591,False,False,False,vlp_only,91,1.5,9.5,0.9999989131898813,raw
22,s2_wifi_degraded,1.5666621834216723,9.721824928735591,False,False,False,static_fusion,91,1.5,9.5,0.5316830059817078,raw
23,s2_wifi_degraded,1.8135872918506848,9.442076930062784,False,False,False,wifi_only,72,2.5,7.5,0.16738800673739868,raw
23,s2_wifi_degraded,1.8135872918506848,9.442076930062784,False,False,False,vlp_only,91,1.5,9.5,0.9995466086599296,raw
23,s2_wifi_degraded,1.8135872918506848,9.442076930062784,False,False,False,static_fusion,91,1.5,9.5,0.5391256115157665,raw
24,s2_wifi_degraded,1.9797748224675469,9.171124941492176,False,False,False,wifi_only,91,1.5,9.5,0.2195420177422487,raw
24,s2_wifi_degraded,1.9797748224675469,9.171124941492176,False,False,False,vlp_only,91,1.5,9.5,0.9994764525528094,raw
24,s2_wifi_degraded,1.9797748224675469,9.171124941492176,False,False,False,static_fusion,91,1.5,9.5,0.6095092351475291,raw
25,s2_wifi_degraded,2.0026978386863656,9.060785581306895,False,False,False,wifi_only,92,2.5,9.5,0.346613811192117,raw
25,s2_wifi_degraded,2.0026978386863656,9.060785581306895,False,False,False,vlp_only,81,1.5,8.5,0.9999926459908158,raw
25,s2_wifi_degraded,2.0026978386863656,9.060785581306895,False,False,False,static_fusion,81,1.5,8.5,0.5236974257976192,raw
26,s2_wifi_degraded,2.0409538218277232,8.768038731768266,False,False,False,wifi_only,92,2.5,9.5,0.2683816963287426,raw
26,s2_wifi_degraded,2.0409538218277232,8.768038731768266,False,False,False,vlp_only,81,1.5,8.5,0.8905695890258855,raw
26,s2_wifi_degraded,2.0409538218277232,8.768038731768266,False,False,False,static_fusion,81,1.5,8.5,0.4606051231476593,raw
27,s2_wifi_degraded,1.943647595119588,8.39052055732134,False,False,False,wifi_only,70,0.5,7.5,0.10915428017629093,raw
27,s2_wifi_degraded,1.943647595119588,8.39052055732134,False,False,False,vlp_only,81,1.5,8.5,0.9999984245535332,raw
27,s2_wifi_degraded,1.943647595119588,8.39052055732134,False,False,False,static_fusion,81,1.5,8.5,0.529661686989601,raw
28,s2_wifi_degraded,1.822933837050688,7.938503894157455,False,False,False,wifi_only,61,1.5,6.5,0.15901146334908595,raw
28,s2_wifi_degraded,1.822933837050688,7.938503894157455,False,False,False,vlp_only,71,1.5,7.5,0.9981357085110991,raw
28,s2_wifi_degraded,1.822933837050688,7.938503894157455,False,False,False,static_fusion,71,1.5,7.5,0.5682008855829133,raw
29,s2_wifi_degraded,1.5143958915018594,7.638191012939957,False,False,False,wifi_only,70,0.5,7.5,0.16757675703455172,raw
29,s2_wifi_degraded,1.5143958915018594,7.638191012939957,False,False,False,vlp_only,71,1.5,7.5,0.999999196879905,raw
29,s2_wifi_degraded,1.5143958915018594,7.638191012939957,False,False,False,static_fusion,71,1.5,7.5,0.5680186192104383,raw
30,s2_wifi_degraded,1.3675026549702816,7.582213936330399,False,False,False,wifi_only,66,6.5,6.5,0.14968040195131135,raw
30,s2_wifi_degraded,1.3675026549702816,7.582213936330399,False,False,False,vlp_only,71,1.5,7.5,0.9999999994978059,raw
30,s2_wifi_degraded,1.3675026549702816,7.582213936330399,False,False,False,static_fusion,71,1.5,7.5,0.500891133816385,raw
31,s2_wifi_degraded,1.2429294919367564,7.522606951356906,False,False,False,wifi_only,70,0.5,7.5,0.2585717468598662,raw
31,s2_wifi_degraded,1.2429294919367564,7.522606951356906,False,False,False,vlp_only,71,1.5,7.5,0.9999999791190177,raw
31,s2_wifi_degraded,1.2429294919367564,7.522606951356906,False,False,False,static_fusion,71,1.5,7.5,0.5204589989068942,raw
32,s2_wifi_degraded,1.1706414409291317,7.446686809586819,False,False,False,wifi_only,80,0.5,8.5,0.10803026180849494,raw
32,s2_wifi_degraded,1.1706414409291317,7.446686809586819,False,False,False,vlp_only,71,1.5,7.5,0.9999999999010001,raw
32,s2_wifi_degraded,1.1706414409291317,7.446686809586819,False,False,False,static_fusion,71,1.5,7.5,0.5388090243255356,raw
33,s2_wifi_degraded,1.0225794063669398,7.298034493574606,False,False,False,wifi_only,60,0.5,6.5,0.2215797551212745,raw
33,s2_wifi_degraded,1.0225794063669398,7.298034493574606,False,False,False,vlp_only,70,0.5,7.5,0.9999999999010001,raw
33,s2_wifi_degraded,1.0225794063669398,7.298034493574606,False,False,False,static_fusion,70,0.5,7.5,0.5818646535490938,raw
34,s2_wifi_degraded,0.8405580282052503,7.1660136409604815,False,False,False,wifi_only,60,0.5,6.5,0.1932080650144169,raw
34,s2_wifi_degraded,0.8405580282052503,7.1660136409604815,False,False,False,vlp_only,70,0.5,7.5,0.9999999999010001,raw
34,s2_wifi_degraded,0.8405580282052503,7.1660136409604815,False,False,False,static_fusion,70,0.5,7.5,0.5435202457446111,raw
35,s2_wifi_degraded,0.7992402328627707,7.065719351919998,True,False,False,wifi_only,71,1.5,7.5,0.17089489139077746,raw
35,s2_wifi_degraded,0.7992402328627707,7.065719351919998,True,False,False,vlp_only,70,0.5,7.5,0.9999999999010001,raw
35,s2_wifi_degraded,0.7992402328627707,7.065719351919998,True,False,False,static_fusion,70,0.5,7.5,0.5304385723676655,raw
36,s2_wifi_degraded,0.7671095331979448,6.6194549412444434,True,False,False,wifi_only,99,9.5,9.5,0.846284691141058,raw
36,s2_wifi_degraded,0.7671095331979448,6.6194549412444434,True,False,False,vlp_only,60,0.5,6.5,0.999999497574818,raw
36,s2_wifi_degraded,0.7671095331979448,6.6194549412444434,True,False,False,static_fusion,60,0.5,6.5,0.49999980008846023,raw
37,s2_wifi_degraded,0.7867269935815102,6.50813786445098,True,False,False,wifi_only,70,0.5,7.5,0.24291535960544916,raw
37,s2_wifi_degraded,0.7867269935815102,6.50813786445098,True,False,False,vlp_only,60,0.5,6.5,0.9999999999010002,raw
37,s2_wifi_degraded,0.7867269935815102,6.50813786445098,True,False,False,static_fusion,60,0.5,6.5,0.5761371800112123,raw
38,s2_wifi_degraded,0.9039958580667962,6.339426406945286,True,False,False,wifi_only,20,0.5,2.5,0.4269834653041136,raw
38,s2_wifi_degraded,0.9039958580667962,6.339426406945286,True,False,False,vlp_only,60,0.5,6.5,0.9999999999010002,raw
38,s2_wifi_degraded,0.9039958580667962,6.339426406945286,True,False,False,static_fusion,60,0.5,6.5,0.5000000062864964,raw
39,s2_wifi_degraded,0.9979740023158236,6.187541249202924,True,False,False,wifi_only,40,0.5,4.5,0.11695900574570436,raw
39,s2_wifi_degraded,0.9979740023158236,6.187541249202924,True,False,False,vlp_only,60,0.5,6.5,0.9999999999010002,raw
39,s2_wifi_degraded,0.9979740023158236,6.187541249202924,True,False,False,static_fusion,60,0.5,6.5,0.5003194786911178,raw
40,s2_wifi_degraded,1.28488954092244,5.782257454541684,True,False,False,wifi_only,90,0.5,9.5,0.6479252941084693,raw
40,s2_wifi_degraded,1.28488954092244,5.782257454541684,True,False,False,vlp_only,51,1.5,5.5,0.9999999999010002,raw
40,s2_wifi_degraded,1.28488954092244,5.782257454541684,True,False,False,static_fusion,51,1.5,5.5,0.5000322438015096,raw
41,s2_wifi_degraded,1.513102962684955,5.518180410148621,True,False,False,wifi_only,41,1.5,4.5,0.1774382794593125,raw
41,s2_wifi_degraded,1.513102962684955,5.518180410148621,True,False,False,vlp_only,51,1.5,5.5,0.9999999999010002,raw
41,s2_wifi_degraded,1.513102962684955,5.518180410148621,True,False,False,static_fusion,51,1.5,5.5,0.5734805946324687,raw
42,s2_wifi_degraded,1.6106044791645622,5.19830615307079,True,False,False,wifi_only,50,0.5,5.5,0.4498911987525339,raw
42,s2_wifi_degraded,1.6106044791645622,5.19830615307079,True,False,False,vlp_only,51,1.5,5.5,0.9999371849827411,raw
42,s2_wifi_degraded,1.6106044791645622,5.19830615307079,True,False,False,static_fusion,51,1.5,5.5,0.5007035879873106,raw
43,s2_wifi_degraded,1.8972643262832607,4.975906927269721,True,False,False,wifi_only,24,4.5,2.5,0.1574578611436411,raw
43,s2_wifi_degraded,1.8972643262832607,4.975906927269721,True,False,False,vlp_only,41,1.5,4.5,0.6778641810783983,raw
43,s2_wifi_degraded,1.8972643262832607,4.975906927269721,True,False,False,static_fusion,41,1.5,4.5,0.3443150359760072,raw
44,s2_wifi_degraded,2.229332660696988,4.76372737768957,True,False,False,wifi_only,50,0.5,5.5,0.48755957132935573,raw
44,s2_wifi_degraded,2.229332660696988,4.76372737768957,True,False,False,vlp_only,41,1.5,4.5,0.6838170783127167,raw
44,s2_wifi_degraded,2.229332660696988,4.76372737768957,True,False,False,static_fusion,41,1.5,4.5,0.3448178730202987,raw
45,s2_wifi_degraded,2.6145006895276834,4.592072450426468,True,False,False,wifi_only,30,0.5,3.5,0.5463661788678171,raw
45,s2_wifi_degraded,2.6145006895276834,4.592072450426468,True,False,False,vlp_only,42,2.5,4.5,0.9999999992284457,raw
45,s2_wifi_degraded,2.6145006895276834,4.592072450426468,True,False,False,static_fusion,42,2.5,4.5,0.5001012482998283,raw
46,s2_wifi_degraded,2.661129424294631,4.466616768697175,True,False,False,wifi_only,73,3.5,7.5,0.25853592013201737,raw
46,s2_wifi_degraded,2.661129424294631,4.466616768697175,True,False,False,vlp_only,42,2.5,4.5,0.9999999999010002,raw
46,s2_wifi_degraded,2.661129424294631,4.466616768697175,True,False,False,static_fusion,42,2.5,4.5,0.5001228925991344,raw
47,s2_wifi_degraded,2.6450300380382434,4.183588162907463,True,False,False,wifi_only,58,8.5,5.5,0.15810447524814716,raw
47,s2_wifi_degraded,2.6450300380382434,4.183588162907463,True,False,False,vlp_only,42,2.5,4.5,0.9999999861836085,raw
47,s2_wifi_degraded,2.6450300380382434,4.183588162907463,True,False,False,static_fusion,42,2.5,4.5,0.5000086301667389,raw
48,s2_wifi_degraded,2.633014421787828,3.6860116411580814,False,False,False,wifi_only,40,0.5,4.5,0.29406139919678065,raw
48,s2_wifi_degraded,2.633014421787828,3.6860116411580814,False,False,False,vlp_only,32,2.5,3.5,0.9999999999010002,raw
48,s2_wifi_degraded,2.633014421787828,3.6860116411580814,False,False,False,static_fusion,32,2.5,3.5,0.5082165504944417,raw
49,s2_wifi_degraded,2.7923313692644163,3.3743378598159564,False,False,False,wifi_only,33,3.5,3.5,0.19277903018363332,raw
49,s2_wifi_degraded,2.7923313692644163,3.3743378598159564,False,False,False,vlp_only,32,2.5,3.5,0.9999999999010002,raw
49,s2_wifi_degraded,2.7923313692644163,3.3743378598159564,False,False,False,static_fusion,32,2.5,3.5,0.5428367121618117,raw
50,s2_wifi_degraded,2.983612121628606,3.11916257556942,False,False,False,wifi_only,33,3.5,3.5,0.2313614337182049,raw
50,s2_wifi_degraded,2.983612121628606,3.11916257556942,False,False,False,vlp_only,32,2.5,3.5,0.9999999996470365,raw
50,s2_wifi_degraded,2.983612121628606,3.11916257556942,False,False,False,static_fusion,32,2.5,3.5,0.5393279257416957,raw
51,s2_wifi_degraded,3.351818132537528,2.843855854625126,False,False,False,wifi_only,24,4.5,2.5,0.16441936774244229,raw
51,s2_wifi_degraded,3.351818132537528,2.843855854625126,False,False,False,vlp_only,23,3.5,2.5,0.9999999999010003,raw
51,s2_wifi_degraded,3.351818132537528,2.843855854625126,False,False,False,static_fusion,23,3.5,2.5,0.5445518731749096,raw
52,s2_wifi_degraded,3.56862361427012,2.697604331930428,False,False,False,wifi_only,23,3.5,2.5,0.21363811466212143,raw
52,s2_wifi_degraded,3.56862361427012,2.697604331930428,False,False,False,vlp_only,23,3.5,2.5,0.9999999999010003,raw
52,s2_wifi_degraded,3.56862361427012,2.697604331930428,False,False,False,static_fusion,23,3.5,2.5,0.6068190572815607,raw
53,s2_wifi_degraded,3.943888445431222,2.4514296926551147,False,False,False,wifi_only,23,3.5,2.5,0.21402515081302526,raw
53,s2_wifi_degraded,3.943888445431222,2.4514296926551147,False,False,False,vlp_only,3,3.5,0.5,0.9999999624630229,raw
53,s2_wifi_degraded,3.943888445431222,2.4514296926551147,False,False,False,static_fusion,3,3.5,0.5,0.5372785302812556,raw
54,s2_wifi_degraded,4.260369316238271,2.2082022988398595,False,False,False,wifi_only,34,4.5,3.5,0.17852144995667002,raw
54,s2_wifi_degraded,4.260369316238271,2.2082022988398595,False,False,False,vlp_only,24,4.5,2.5,0.9992946949242859,raw
54,s2_wifi_degraded,4.260369316238271,2.2082022988398595,False,False,False,static_fusion,24,4.5,2.5,0.5799468481959006,raw
55,s2_wifi_degraded,4.627569160973635,2.060114150367901,False,False,False,wifi_only,4,4.5,0.5,0.24878711935459957,raw
55,s2_wifi_degraded,4.627569160973635,2.060114150367901,False,False,False,vlp_only,24,4.5,2.5,0.9989947353499221,raw
55,s2_wifi_degraded,4.627569160973635,2.060114150367901,False,False,False,static_fusion,24,4.5,2.5,0.5646325229982743,raw
56,s2_wifi_degraded,4.961867043427717,1.830848239374332,False,False,False,wifi_only,4,4.5,0.5,0.21018796799200207,raw
56,s2_wifi_degraded,4.961867043427717,1.830848239374332,False,False,False,vlp_only,4,4.5,0.5,0.9999999997307729,raw
56,s2_wifi_degraded,4.961867043427717,1.830848239374332,False,False,False,static_fusion,4,4.5,0.5,0.6050939838613874,raw
57,s2_wifi_degraded,5.0679788704002044,1.7195475994342533,False,False,False,wifi_only,46,6.5,4.5,0.1407237210223614,raw
57,s2_wifi_degraded,5.0679788704002044,1.7195475994342533,False,False,False,vlp_only,5,5.5,0.5,0.9997968563725644,raw
57,s2_wifi_degraded,5.0679788704002044,1.7195475994342533,False,False,False,static_fusion,5,5.5,0.5,0.5016805909073713,raw
58,s2_wifi_degraded,5.335240810429285,1.571560122687008,False,False,False,wifi_only,33,3.5,3.5,0.1750293549491533,raw
58,s2_wifi_degraded,5.335240810429285,1.571560122687008,False,False,False,vlp_only,15,5.5,1.5,0.9999999998847728,raw
58,s2_wifi_degraded,5.335240810429285,1.571560122687008,False,False,False,static_fusion,15,5.5,1.5,0.5003297371603943,raw
59,s2_wifi_degraded,5.651780389210071,1.3727606103935992,False,False,False,wifi_only,6,6.5,0.5,0.2707667240492118,raw
59,s2_wifi_degraded,5.651780389210071,1.3727606103935992,False,False,False,vlp_only,15,5.5,1.5,0.9999999998994379,raw
59,s2_wifi_degraded,5.651780389210071,1.3727606103935992,False,False,False,static_fusion,15,5.5,1.5,0.570489952458514,raw
60,s2_wifi_degraded,5.898763386562306,1.2621017401554997,True,False,False,wifi_only,16,6.5,1.5,0.3134625557000861,raw
60,s2_wifi_degraded,5.898763386562306,1.2621017401554997,True,False,False,vlp_only,6,6.5,0.5,0.9999999999010003,raw
60,s2_wifi_degraded,5.898763386562306,1.2621017401554997,True,False,False,static_fusion,6,6.5,0.5,0.6216494289371526,raw
61,s2_wifi_degraded,6.355551046384767,1.4203122314749552,True,False,False,wifi_only,28,8.5,2.5,0.6376300825302481,raw
61,s2_wifi_degraded,6.355551046384767,1.4203122314749552,True,False,False,vlp_only,16,6.5,1.5,0.9999999999010003,raw
61,s2_wifi_degraded,6.355551046384767,1.4203122314749552,True,False,False,static_fusion,16,6.5,1.5,0.5001137655907765,raw
62,s2_wifi_degraded,6.594147927702143,1.4206009795225187,True,False,False,wifi_only,14,4.5,1.5,0.23418797924134793,raw
62,s2_wifi_degraded,6.594147927702143,1.4206009795225187,True,False,False,vlp_only,16,6.5,1.5,0.9999996866929437,raw
62,s2_wifi_degraded,6.594147927702143,1.4206009795225187,True,False,False,static_fusion,16,6.5,1.5,0.500434014693188,raw
63,s2_wifi_degraded,6.702875767945526,1.3948214383894544,True,False,False,wifi_only,6,6.5,0.5,0.4911090351035241,raw
63,s2_wifi_degraded,6.702875767945526,1.3948214383894544,True,False,False,vlp_only,16,6.5,1.5,0.999642379040947,raw
63,s2_wifi_degraded,6.702875767945526,1.3948214383894544,True,False,False,static_fusion,16,6.5,1.5,0.5281947629219412,raw
64,s2_wifi_degraded,6.87517464550481,1.1902703370600811,True,False,False,wifi_only,59,9.5,5.5,0.3916914348024994,raw
64,s2_wifi_degraded,6.87517464550481,1.1902703370600811,True,False,False,vlp_only,16,6.5,1.5,0.9999973711124723,raw
64,s2_wifi_degraded,6.87517464550481,1.1902703370600811,True,False,False,static_fusion,16,6.5,1.5,0.5000932182917233,raw
65,s2_wifi_degraded,6.892272294025562,1.0122251452148698,True,False,False,wifi_only,17,7.5,1.5,0.2414667354390956,raw
65,s2_wifi_degraded,6.892272294025562,1.0122251452148698,True,False,False,vlp_only,16,6.5,1.5,0.9971069729686013,raw
65,s2_wifi_degraded,6.892272294025562,1.0122251452148698,True,False,False,static_fusion,16,6.5,1.5,0.5205699878583517,raw
66,s2_wifi_degraded,7.000483248939226,0.9177176630235528,True,False,False,wifi_only,28,8.5,2.5,0.4353639406798196,raw
66,s2_wifi_degraded,7.000483248939226,0.9177176630235528,True,False,False,vlp_only,7,7.5,0.5,0.9996717360119705,raw
66,s2_wifi_degraded,7.000483248939226,0.9177176630235528,True,False,False,static_fusion,7,7.5,0.5,0.5240653828741398,raw
67,s2_wifi_degraded,7.169623623221895,0.7738996044632837,True,False,False,wifi_only,38,8.5,3.5,0.2121110391612508,raw
67,s2_wifi_degraded,7.169623623221895,0.7738996044632837,True,False,False,vlp_only,7,7.5,0.5,0.9999999999010003,raw
67,s2_wifi_degraded,7.169623623221895,0.7738996044632837,True,False,False,static_fusion,7,7.5,0.5,0.5000281759713545,raw
68,s2_wifi_degraded,7.492034971191752,0.4271040557051936,True,False,False,wifi_only,99,9.5,9.5,0.3253606469577894,raw
68,s2_wifi_degraded,7.492034971191752,0.4271040557051936,True,False,False,vlp_only,7,7.5,0.5,0.9999999956682226,raw
68,s2_wifi_degraded,7.492034971191752,0.4271040557051936,True,False,False,static_fusion,7,7.5,0.5,0.4999999978346113,raw
69,s2_wifi_degraded,7.463813289098351,0.1481351742215659,True,False,False,wifi_only,29,9.5,2.5,0.42901789244221655,raw
69,s2_wifi_degraded,7.463813289098351,0.1481351742215659,True,False,False,vlp_only,6,6.5,0.5,0.9999999999010003,raw
69,s2_wifi_degraded,7.463813289098351,0.1481351742215659,True,False,False,static_fusion,6,6.5,0.5,0.5006617558566188,raw
70,s2_wifi_degraded,7.384046542733699,0.3965845375848609,True,False,False,wifi_only,29,9.5,2.5,0.6483477073387729,raw
70,s2_wifi_degraded,7.384046542733699,0.3965845375848609,True,False,False,vlp_only,7,7.5,0.5,0.9999999999010003,raw
70,s2_wifi_degraded,7.384046542733699,0.3965845375848609,True,False,False,static_fusion,7,7.5,0.5,0.5044030675894696,raw
71,s2_wifi_degraded,7.274941349103505,0.5328406187982155,True,False,False,wifi_only,37,7.5,3.5,0.23447571974892165,raw
71,s2_wifi_degraded,7.274941349103505,0.5328406187982155,True,False,False,vlp_only,7,7.5,0.5,0.9999999982626833,raw
71,s2_wifi_degraded,7.274941349103505,0.5328406187982155,True,False,False,static_fusion,7,7.5,0.5,0.5000305741114028,raw
72,s2_wifi_degraded,7.242898641642358,0.6319581293500205,True,False,False,wifi_only,8,8.5,0.5,0.4324612778758243,raw
72,s2_wifi_degraded,7.242898641642358,0.6319581293500205,True,False,False,vlp_only,7,7.5,0.5,0.9999999999010003,raw
72,s2_wifi_degraded,7.242898641642358,0.6319581293500205,True,False,False,static_fusion,7,7.5,0.5,0.5000151474235703,raw
73,s2_wifi_degraded,6.897766036852761,0.9865854746261178,True,False,False,wifi_only,8,8.5,0.5,0.7890956481161979,raw
73,s2_wifi_degraded,6.897766036852761,0.9865854746261178,True,False,False,vlp_only,16,6.5,1.5,0.9995696013542694,raw
73,s2_wifi_degraded,6.897766036852761,0.9865854746261178,True,False,False,static_fusion,16,6.5,1.5,0.4997848028411832,raw
74,s2_wifi_degraded,6.819062780162876,1.076859414311629,True,False,False,wifi_only,5,5.5,0.5,0.4789030129072698,raw
74,s2_wifi_degraded,6.819062780162876,1.076859414311629,True,False,False,vlp_only,16,6.5,1.5,0.9738351676209923,raw
74,s2_wifi_degraded,6.819062780162876,1.076859414311629,True,False,False,static_fusion,16,6.5,1.5,0.5053311736327346,raw
75,s2_wifi_degraded,6.720234602821568,1.267398302606882,False,False,False,wifi_only,16,6.5,1.5,0.22796383257464034,raw
75,s2_wifi_degraded,6.720234602821568,1.267398302606882,False,False,False,vlp_only,16,6.5,1.5,0.9999999999010003,raw
75,s2_wifi_degraded,6.720234602821568,1.267398302606882,False,False,False,static_fusion,16,6.5,1.5,0.6139819162378202,raw
76,s2_wifi_degraded,6.503783427177126,1.570279682105651,False,False,False,wifi_only,26,6.5,2.5,0.24892334446277795,raw
76,s2_wifi_degraded,6.503783427177126,1.570279682105651,False,False,False,vlp_only,16,6.5,1.5,0.9999999999010003,raw
76,s2_wifi_degraded,6.503783427177126,1.570279682105651,False,False,False,static_fusion,16,6.5,1.5,0.6186597234873049,raw
77,s2_wifi_degraded,6.358465325036558,1.791120746986019,False,False,False,wifi_only,25,5.5,2.5,0.20989389179970494,raw
77,s2_wifi_degraded,6.358465325036558,1.791120746986019,False,False,False,vlp_only,16,6.5,1.5,0.9999452395629096,raw
77,s2_wifi_degraded,6.358465325036558,1.791120746986019,False,False,False,static_fusion,16,6.5,1.5,0.5078540648163868,raw
78,s2_wifi_degraded,6.122791880845917,1.8813582130943367,False,False,False,wifi_only,15,5.5,1.5,0.14862343576936518,raw
78,s2_wifi_degraded,6.122791880845917,1.8813582130943367,False,False,False,vlp_only,6,6.5,0.5,0.9999999999010003,raw
78,s2_wifi_degraded,6.122791880845917,1.8813582130943367,False,False,False,static_fusion,6,6.5,0.5,0.5268778517327775,raw
79,s2_wifi_degraded,5.750230255978351,2.1326072148263107,False,False,False,wifi_only,14,4.5,1.5,0.208349730527294,raw
79,s2_wifi_degraded,5.750230255978351,2.1326072148263107,False,False,False,vlp_only,15,5.5,1.5,0.9998990065776364,raw
79,s2_wifi_degraded,5.750230255978351,2.1326072148263107,False,False,False,static_fusion,15,5.5,1.5,0.557352798660851,raw
80,s2_wifi_degraded,5.514678873922644,2.389062926514496,False,False,False,wifi_only,36,6.5,3.5,0.15969692423878776,raw
80,s2_wifi_degraded,5.514678873922644,2.389062926514496,False,False,False,vlp_only,25,5.5,2.5,0.9999999353061494,raw
80,s2_wifi_degraded,5.514678873922644,2.389062926514496,False,False,False,static_fusion,25,5.5,2.5,0.5148620916992248,raw
81,s2_wifi_degraded,5.508112152914603,2.4998600146256016,False,False,False,wifi_only,15,5.5,1.5,0.23840605820186136,raw
81,s2_wifi_degraded,5.508112152914603,2.4998600146256016,False,False,False,vlp_only,25,5.5,2.5,0.9999998797082733,raw
81,s2_wifi_degraded,5.508112152914603,2.4998600146256016,False,False,False,static_fusion,25,5.5,2.5,0.5652766135610922,raw
82,s2_wifi_degraded,5.600226935990087,2.6582213422588112,False,False,False,wifi_only,25,5.5,2.5,0.2060490415890504,raw
82,s2_wifi_degraded,5.600226935990087,2.6582213422588112,False,False,False,vlp_only,25,5.5,2.5,0.9999999999010002,raw
82,s2_wifi_degraded,5.600226935990087,2.6582213422588112,False,False,False,static_fusion,25,5.5,2.5,0.6030245207450253,raw
83,s2_wifi_degraded,5.738537290833164,2.759195471518816,False,False,False,wifi_only,35,5.5,3.5,0.18363244705048845,raw
83,s2_wifi_degraded,5.738537290833164,2.759195471518816,False,False,False,vlp_only,25,5.5,2.5,0.9999999999010002,raw
83,s2_wifi_degraded,5.738537290833164,2.759195471518816,False,False,False,static_fusion,25,5.5,2.5,0.5488521261564248,raw
84,s2_wifi_degraded,5.832850971363683,3.0310878411880533,False,False,False,wifi_only,35,5.5,3.5,0.15691407325514747,raw
84,s2_wifi_degraded,5.832850971363683,3.0310878411880533,False,False,False,vlp_only,25,5.5,2.5,0.9999999999010002,raw
84,s2_wifi_degraded,5.832850971363683,3.0310878411880533,False,False,False,static_fusion,25,5.5,2.5,0.537018458742437,raw
85,s2_wifi_degraded,5.898467311753344,3.228508652056043,True,False,False,wifi_only,43,3.5,4.5,0.13949308940444544,raw
85,s2_wifi_degraded,5.898467311753344,3.228508652056043,True,False,False,vlp_only,25,5.5,2.5,0.9999999999010002,raw
85,s2_wifi_degraded,5.898467311753344,3.228508652056043,True,False,False,static_fusion,25,5.5,2.5,0.503157910401402,raw
86,s2_wifi_degraded,5.888626732888142,3.400271085109193,True,False,False,wifi_only,98,8.5,9.5,0.14391512667341377,raw
86,s2_wifi_degraded,5.888626732888142,3.400271085109193,True,False,False,vlp_only,25,5.5,2.5,0.9999999999010002,raw
86,s2_wifi_degraded,5.888626732888142,3.400271085109193,True,False,False,static_fusion,25,5.5,2.5,0.500000002586137,raw
87,s2_wifi_degraded,5.651159957112673,3.739006548657096,True,False,False,wifi_only,57,7.5,5.5,0.1555100573897923,raw
87,s2_wifi_degraded,5.651159957112673,3.739006548657096,True,False,False,vlp_only,35,5.5,3.5,0.9999999999010002,raw
87,s2_wifi_degraded,5.651159957112673,3.739006548657096,True,False,False,static_fusion,35,5.5,3.5,0.501210662326623,raw
88,s2_wifi_degraded,5.511321113022474,3.8790676275290847,True,False,False,wifi_only,14,4.5,1.5,0.20764751827968728,raw
88,s2_wifi_degraded,5.511321113022474,3.8790676275290847,True,False,False,vlp_only,35,5.5,3.5,0.9999999999010002,raw
88,s2_wifi_degraded,5.511321113022474,3.8790676275290847,True,False,False,static_fusion,35,5.5,3.5,0.5140693501063592,raw
89,s2_wifi_degraded,5.43643528909089,3.953273740011248,True,False,False,wifi_only,34,4.5,3.5,0.16594963631019585,raw
89,s2_wifi_degraded,5.43643528909089,3.953273740011248,True,False,False,vlp_only,35,5.5,3.5,0.9999999820988561,raw
89,s2_wifi_degraded,5.43643528909089,3.953273740011248,True,False,False,static_fusion,35,5.5,3.5,0.5680948561806731,raw
90,s2_wifi_degraded,5.230257776887017,3.9835295593536193,True,False,False,wifi_only,49,9.5,4.5,0.6225936296358617,raw
90,s2_wifi_degraded,5.230257776887017,3.9835295593536193,True,False,False,vlp_only,45,5.5,4.5,0.9999999999010002,raw
90,s2_wifi_degraded,5.230257776887017,3.9835295593536193,True,False,False,static_fusion,45,5.5,4.5,0.5000000051001312,raw
91,s2_wifi_degraded,4.9776092930395945,4.056000817377593,True,False,False,wifi_only,27,7.5,2.5,0.2542658091708314,raw
91,s2_wifi_degraded,4.9776092930395945,4.056000817377593,True,False,False,vlp_only,44,4.5,4.5,0.999999999204329,raw
91,s2_wifi_degraded,4.9776092930395945,4.056000817377593,True,False,False,static_fusion,44,4.5,4.5,0.5000276408738727,raw
92,s2_wifi_degraded,4.723335213676367,4.234008104614395,True,False,False,wifi_only,4,4.5,0.5,0.4157703694233405,raw
92,s2_wifi_degraded,4.723335213676367,4.234008104614395,True,False,False,vlp_only,44,4.5,4.5,0.9999999999010002,raw
92,s2_wifi_degraded,4.723335213676367,4.234008104614395,True,False,False,static_fusion,44,4.5,4.5,0.5000047190752387,raw
93,s2_wifi_degraded,4.5603601875449,4.42721654605225,True,False,False,wifi_only,91,1.5,9.5,0.405381723462542,raw
93,s2_wifi_degraded,4.5603601875449,4.42721654605225,True,False,False,vlp_only,44,4.5,4.5,0.9999999999010002,raw
93,s2_wifi_degraded,4.5603601875449,4.42721654605225,True,False,False,static_fusion,44,4.5,4.5,0.4999999999510001,raw
94,s2_wifi_degraded,4.376758804931988,4.783397516554166,True,False,False,wifi_only,42,2.5,4.5,0.16821153413647827,raw
94,s2_wifi_degraded,4.376758804931988,4.783397516554166,True,False,False,vlp_only,44,4.5,4.5,0.9999999999010002,raw
94,s2_wifi_degraded,4.376758804931988,4.783397516554166,True,False,False,static_fusion,44,4.5,4.5,0.5043212239732253,raw
95,s2_wifi_degraded,4.278110895822162,4.873116927745965,True,False,False,wifi_only,90,0.5,9.5,0.38172891769226897,raw
95,s2_wifi_degraded,4.278110895822162,4.873116927745965,True,False,False,vlp_only,44,4.5,4.5,0.9999999999010002,raw
95,s2_wifi_degraded,4.278110895822162,4.873116927745965,True,False,False,static_fusion,44,4.5,4.5,0.5000000103292972,raw
96,s2_wifi_degraded,4.12801724847605,5.124228511615788,True,False,False,wifi_only,99,9.5,9.5,0.19017838048345265,raw
96,s2_wifi_degraded,4.12801724847605,5.124228511615788,True,False,False,vlp_only,54,4.5,5.5,0.9999999999010002,raw
96,s2_wifi_degraded,4.12801724847605,5.124228511615788,True,False,False,static_fusion,54,4.5,5.5,0.5001464184720239,raw
97,s2_wifi_degraded,3.704635602450641,5.262849100858526,True,False,False,wifi_only,59,9.5,5.5,0.37421862307109766,raw
97,s2_wifi_degraded,3.704635602450641,5.262849100858526,True,False,False,vlp_only,53,3.5,5.5,0.9999999999010002,raw
97,s2_wifi_degraded,3.704635602450641,5.262849100858526,True,False,False,static_fusion,53,3.5,5.5,0.5000002170825738,raw
98,s2_wifi_degraded,3.5561357581555817,5.285474381301673,True,False,False,wifi_only,50,0.5,5.5,0.33280143005625756,raw
98,s2_wifi_degraded,3.5561357581555817,5.285474381301673,True,False,False,vlp_only,53,3.5,5.5,0.9999999999010002,raw
98,s2_wifi_degraded,3.5561357581555817,5.285474381301673,True,False,False,static_fusion,53,3.5,5.5,0.5001763928831926,raw
99,s2_wifi_degraded,3.128664509288299,5.522908615866154,True,False,False,wifi_only,35,5.5,3.5,0.18308556843696452,raw
99,s2_wifi_degraded,3.128664509288299,5.522908615866154,True,False,False,vlp_only,52,2.5,5.5,0.9999972713947122,raw
99,s2_wifi_degraded,3.128664509288299,5.522908615866154,True,False,False,static_fusion,52,2.5,5.5,0.5005134501711644,raw
0,s2_wifi_degraded,6.1055626688123565,8.931678203850066,False,False,False,wifi_only,86,6.5,8.5,0.17855307592436914,moving_average
0,s2_wifi_degraded,6.1055626688123565,8.931678203850066,False,False,False,vlp_only,96,6.5,9.5,0.9999999999010001,moving_average
0,s2_wifi_degraded,6.1055626688123565,8.931678203850066,False,False,False,static_fusion,96,6.5,9.5,0.5844887375076168,moving_average
1,s2_wifi_degraded,6.320554771122484,9.075343533082185,False,False,False,wifi_only,86,6.5,8.5,0.30834659278397997,moving_average
1,s2_wifi_degraded,6.320554771122484,9.075343533082185,False,False,False,vlp_only,96,6.5,9.5,0.9999999999010001,moving_average
1,s2_wifi_degraded,6.320554771122484,9.075343533082185,False,False,False,static_fusion,96,6.5,9.5,0.6020651380788036,moving_average
2,s2_wifi_degraded,6.58026211240472,9.446929430621816,False,False,False,wifi_only,86,6.5,8.5,0.27335214378924877,moving_average
2,s2_wifi_degraded,6.58026211240472,9.446929430621816,False,False,False,vlp_only,96,6.5,9.5,0.9999999999010001,moving_average
2,s2_wifi_degraded,6.58026211240472,9.446929430621816,False,False,False,static_fusion,96,6.5,9.5,0.6034682267599966,moving_average
3,s2_wifi_degraded,6.690486996140005,9.773722821152626,False,False,False,wifi_only,86,6.5,8.5,0.2630598361422375,moving_average
3,s2_wifi_degraded,6.690486996140005,9.773722821152626,False,False,False,vlp_only,96,6.5,9.5,0.9999999999010001,moving_average
3,s2_wifi_degraded,6.690486996140005,9.773722821152626,False,False,False,static_fusion,96,6.5,9.5,0.5997640608966511,moving_average
4,s2_wifi_degraded,6.648930003357536,9.453988556211296,False,False,False,wifi_only,86,6.5,8.5,0.2648486150326333,moving_average
4,s2_wifi_degraded,6.648930003357536,9.453988556211296,False,False,False,vlp_only,96,6.5,9.5,0.9999999999010001,moving_average
4,s2_wifi_degraded,6.648930003357536,9.453988556211296,False,False,False,static_fusion,96,6.5,9.5,0.6058495325299033,moving_average
5,s2_wifi_degraded,6.503414861243288,9.34880509424309,False,False,False,wifi_only,76,6.5,7.5,0.1624074434553992,moving_average
5,s2_wifi_degraded,6.503414861243288,9.34880509424309,False,False,False,vlp_only,96,6.5,9.5,0.9999999999010001,moving_average
5,s2_wifi_degraded,6.503414861243288,9.34880509424309,False,False,False,static_fusion,96,6.5,9.5,0.5613497162488812,moving_average
6,s2_wifi_degraded,6.309679632446698,9.224501326679391,False,False,False,wifi_only,86,6.5,8.5,0.23176504715169,moving_average
6,s2_wifi_degraded,6.309679632446698,9.224501326679391,False,False,False,vlp_only,96,6.5,9.5,0.9999999999010001,moving_average
6,s2_wifi_degraded,6.309679632446698,9.224501326679391,False,False,False,static_fusion,96,6.5,9.5,0.6095937992976811,moving_average
7,s2_wifi_degraded,6.06460409098813,9.084291660062746,False,False,False,wifi_only,86,6.5,8.5,0.26366812789051924,moving_average
7,s2_wifi_degraded,6.06460409098813,9.084291660062746,False,False,False,vlp_only,96,6.5,9.5,0.9999999999010001,moving_average
7,s2_wifi_degraded,6.06460409098813,9.084291660062746,False,False,False,static_fusion,96,6.5,9.5,0.6228804057429448,moving_average
8,s2_wifi_degraded,5.726062604387588,9.046898224684307,False,False,False,wifi_only,86,6.5,8.5,0.2794752248415567,moving_average
8,s2_wifi_degraded,5.726062604387588,9.046898224684307,False,False,False,vlp_only,96,6.5,9.5,0.9999999999010001,moving_average
8,s2_wifi_degraded,5.726062604387588,9.046898224684307,False,False,False,static_fusion,96,6.5,9.5,0.620251470602196,moving_average
9,s2_wifi_degraded,5.334545965818324,9.091415993613808,False,False,False,wifi_only,85,5.5,8.5,0.16012974889072276,moving_average
9,s2_wifi_degraded,5.334545965818324,9.091415993613808,False,False,False,vlp_only,96,6.5,9.5,0.999999999900835,moving_average
9,s2_wifi_degraded,5.334545965818324,9.091415993613808,False,False,False,static_fusion,96,6.5,9.5,0.5496329465793294,moving_average
10,s2_wifi_degraded,4.945823765007514,9.252578001847564,True,False,False,wifi_only,84,4.5,8.5,0.32916547588706535,moving_average
10,s2_wifi_degraded,4.945823765007514,9.252578001847564,True,False,False,vlp_only,85,5.5,8.5,0.9999999999010001,moving_average
10,s2_wifi_degraded,4.945823765007514,9.252578001847564,True,False,False,static_fusion,85,5.5,8.5,0.6561698242237795,moving_average
11,s2_wifi_degraded,4.721675127324938,9.340170350002357,True,False,False,wifi_only,84,4.5,8.5,0.3510091588554593,moving_average
11,s2_wifi_degraded,4.721675127324938,9.340170350002357,True,False,False,vlp_only,95,5.5,9.5,0.9999999998993072,moving_average
11,s2_wifi_degraded,4.721675127324938,9.340170350002357,True,False,False,static_fusion,95,5.5,9.5,0.5854883653088006,moving_average
12,s2_wifi_degraded,4.340963373281298,9.42272693147179,True,False,False,wifi_only,84,4.5,8.5,0.27917214707071397,moving_average
12,s2_wifi_degraded,4.340963373281298,9.42272693147179,True,False,False,vlp_only,95,5.5,9.5,0.9999999999010001,moving_average
12,s2_wifi_degraded,4.340963373281298,9.42272693147179,True,False,False,static_fusion,95,5.5,9.5,0.6130386868449018,moving_average
13,s2_wifi_degraded,4.095436566930193,9.473710426329454,True,False,False,wifi_only,94,4.5,9.5,0.46197161292229333,moving_average
13,s2_wifi_degraded,4.095436566930193,9.473710426329454,True,False,False,vlp_only,94,4.5,9.5,0.9999999999010001,moving_average
13,s2_wifi_degraded,4.095436566930193,9.473710426329454,True,False,False,static_fusion,94,4.5,9.5,0.7309858064116467,moving_average
14,s2_wifi_degraded,3.863209848904428,9.531730849012984,True,False,False,wifi_only,94,4.5,9.5,0.4825306542056489,moving_average
14,s2_wifi_degraded,3.863209848904428,9.531730849012984,True,False,False,vlp_only,94,4.5,9.5,0.9999999999010001,moving_average
14,s2_wifi_degraded,3.863209848904428,9.531730849012984,True,False,False,static_fusion,94,4.5,9.5,0.7412653270533244,moving_average
15,s2_wifi_degraded,3.520682956293645,9.491058893166894,True,False,False,wifi_only,94,4.5,9.5,0.4191125434785098,moving_average
15,s2_wifi_degraded,3.520682956293645,9.491058893166894,True,False,False,vlp_only,84,4.5,8.5,0.9999999999010001,moving_average
15,s2_wifi_degraded,3.520682956293645,9.491058893166894,True,False,False,static_fusion,84,4.5,8.5,0.5595323001163152,moving_average
16,s2_wifi_degraded,3.165382501834026,9.461587695941777,True,False,False,wifi_only,94,4.5,9.5,0.3513540215276864,moving_average
16,s2_wifi_degraded,3.165382501834026,9.461587695941777,True,False,False,vlp_only,93,3.5,9.5,0.9999999999010001,moving_average
16,s2_wifi_degraded,3.165382501834026,9.461587695941777,True,False,False,static_fusion,93,3.5,9.5,0.5007981532762557,moving_average
17,s2_wifi_degraded,2.930245477093876,9.456164822050765,True,False,False,wifi_only,84,4.5,8.5,0.3368332729227867,moving_average
17,s2_wifi_degraded,2.930245477093876,9.456164822050765,True,False,False,vlp_only,93,3.5,9.5,0.9999999999010001,moving_average
17,s2_wifi_degraded,2.930245477093876,9.456164822050765,True,False,False,static_fusion,93,3.5,9.5,0.5093887917235441,moving_average
18,s2_wifi_degraded,2.7420797060020465,9.472996628406442,True,False,False,wifi_only,84,4.5,8.5,0.36607513267248115,moving_average
18,s2_wifi_degraded,2.7420797060020465,9.472996628406442,True,False,False,vlp_only,93,3.5,9.5,0.9999999999010001,moving_average
18,s2_wifi_degraded,2.7420797060020465,9.472996628406442,True,False,False,static_fusion,93,3.5,9.5,0.509688602051364,moving_average
19,s2_wifi_degraded,2.4198638446847416,9.489528341112424,True,False,False,wifi_only,74,4.5,7.5,0.22527019117105584,moving_average
19,s2_wifi_degraded,2.4198638446847416,9.489528341112424,True,False,False,vlp_only,92,2.5,9.5,0.9999999999010001,moving_average
19,s2_wifi_degraded,2.4198638446847416,9.489528341112424,True,False,False,static_fusion,92,2.5,9.5,0.5001793444738878,moving_average
20,s2_wifi_degraded,2.0874415206005943,9.43132427410417,False,False,False,wifi_only,83,3.5,8.5,0.273599991442134,moving_average
20,s2_wifi_degraded,2.0874415206005943,9.43132427410417,False,False,False,vlp_only,92,2.5,9.5,0.9999999999010001,moving_average
20,s2_wifi_degraded,2.0874415206005943,9.43132427410417,False,False,False,static_fusion,92,2.5,9.5,0.5067233591358115,moving_average
21,s2_wifi_degraded,1.6827551012106006,9.608276410412028,False,False,False,wifi_only,92,2.5,9.5,0.1828687000547134,moving_average
21,s2_wifi_degraded,1.6827551012106006,9.608276410412028,False,False,False,vlp_only,92,2.5,9.5,0.9999999997044015,moving_average
21,s2_wifi_degraded,1.6827551012106006,9.608276410412028,False,False,False,static_fusion,92,2.5,9.5,0.5914343498795575,moving_average
22,s2_wifi_degraded,1.5666621834216723,9.721824928735591,False,False,False,wifi_only,92,2.5,9.5,0.20974696655840666,moving_average
22,s2_wifi_degraded,1.5666621834216723,9.721824928735591,False,False,False,vlp_only,92,2.5,9.5,0.9999544375959246,moving_average
22,s2_wifi_degraded,1.5666621834216723,9.721824928735591,False,False,False,static_fusion,92,2.5,9.5,0.6048507020771656,moving_average
23,s2_wifi_degraded,1.8135872918506848,9.442076930062784,False,False,False,wifi_only,97,7.5,9.5,0.17743711892837916,moving_average
23,s2_wifi_degraded,1.8135872918506848,9.442076930062784,False,False,False,vlp_only,91,1.5,9.5,0.6517214909165726,moving_average
23,s2_wifi_degraded,1.8135872918506848,9.442076930062784,False,False,False,static_fusion,91,1.5,9.5,0.35790273706489095,moving_average
24,s2_wifi_degraded,1.9797748224675469,9.171124941492176,False,False,False,wifi_only,92,2.5,9.5,0.1754820087025228,moving_average
24,s2_wifi_degraded,1.9797748224675469,9.171124941492176,False,False,False,vlp_only,91,1.5,9.5,0.9945352441877985,moving_average
24,s2_wifi_degraded,1.9797748224675469,9.171124941492176,False,False,False,static_fusion,91,1.5,9.5,0.5472278995385795,moving_average
25,s2_wifi_degraded,2.0026978386863656,9.060785581306895,False,False,False,wifi_only,92,2.5,9.5,0.22509183372049335,moving_average
25,s2_wifi_degraded,2.0026978386863656,9.060785581306895,False,False,False,vlp_only,91,1.5,9.5,0.9990352043606942,moving_average
25,s2_wifi_degraded,2.0026978386863656,9.060785581306895,False,False,False,static_fusion,91,1.5,9.5,0.5602039773350959,moving_average
26,s2_wifi_degraded,2.0409538218277232,8.768038731768266,False,False,False,wifi_only,92,2.5,9.5,0.20099317650852455,moving_average
26,s2_wifi_degraded,2.0409538218277232,8.768038731768266,False,False,False,vlp_only,91,1.5,9.5,0.9875245294895116,moving_average
26,s2_wifi_degraded,2.0409538218277232,8.768038731768266,False,False,False,static_fusion,91,1.5,9.5,0.550109670833307,moving_average
27,s2_wifi_degraded,1.943647595119588,8.39052055732134,False,False,False,wifi_only,81,1.5,8.5,0.1502603548906935,moving_average
27,s2_wifi_degraded,1.943647595119588,8.39052055732134,False,False,False,vlp_only,81,1.5,8.5,0.999998165001879,moving_average
27,s2_wifi_degraded,1.943647595119588,8.39052055732134,False,False,False,static_fusion,81,1.5,8.5,0.5751292599462863,moving_average
28,s2_wifi_degraded,1.822933837050688,7.938503894157455,False,False,False,wifi_only,81,1.5,8.5,0.16175503557668397,moving_average
28,s2_wifi_degraded,1.822933837050688,7.938503894157455,False,False,False,vlp_only,81,1.5,8.5,0.9999979371781336,moving_average
28,s2_wifi_degraded,1.822933837050688,7.938503894157455,False,False,False,static_fusion,81,1.5,8.5,0.5808764863774087,moving_average
29,s2_wifi_degraded,1.5143958915018594,7.638191012939957,False,False,False,wifi_only,81,1.5,8.5,0.16433110467149337,moving_average
29,s2_wifi_degraded,1.5143958915018594,7.638191012939957,False,False,False,vlp_only,81,1.5,8.5,0.9999970572338653,moving_average
29,s2_wifi_degraded,1.5143958915018594,7.638191012939957,False,False,False,static_fusion,81,1.5,8.5,0.5821640809526792,moving_average
30,s2_wifi_degraded,1.3675026549702816,7.582213936330399,False,False,False,wifi_only,71,1.5,7.5,0.1293771939263678,moving_average
30,s2_wifi_degraded,1.3675026549702816,7.582213936330399,False,False,False,vlp_only,81,1.5,8.5,0.7397400473574397,moving_average
30,s2_wifi_degraded,1.3675026549702816,7.582213936330399,False,False,False,static_fusion,81,1.5,8.5,0.427383856325354,moving_average
31,s2_wifi_degraded,1.2429294919367564,7.522606951356906,False,False,False,wifi_only,71,1.5,7.5,0.14620329649598207,moving_average
31,s2_wifi_degraded,1.2429294919367564,7.522606951356906,False,False,False,vlp_only,71,1.5,7.5,0.9987094086631886,moving_average
31,s2_wifi_degraded,1.2429294919367564,7.522606951356906,False,False,False,static_fusion,71,1.5,7.5,0.5724563525795854,moving_average
32,s2_wifi_degraded,1.1706414409291317,7.446686809586819,False,False,False,wifi_only,71,1.5,7.5,0.14756565038128822,moving_average
32,s2_wifi_degraded,1.1706414409291317,7.446686809586819,False,False,False,vlp_only,71,1.5,7.5,0.9999999942239854,moving_average
32,s2_wifi_degraded,1.1706414409291317,7.446686809586819,False,False,False,static_fusion,71,1.5,7.5,0.5737828223026369,moving_average
33,s2_wifi_degraded,1.0225794063669398,7.298034493574606,False,False,False,wifi_only,70,0.5,7.5,0.14214106596868448,moving_average
33,s2_wifi_degraded,1.0225794063669398,7.298034493574606,False,False,False,vlp_only,71,1.5,7.5,0.9999999997394503,moving_average
33,s2_wifi_degraded,1.0225794063669398,7.298034493574606,False,False,False,static_fusion,71,1.5,7.5,0.5618433342050186,moving_average
34,s2_wifi_degraded,0.8405580282052503,7.1660136409604815,False,False,False,wifi_only,70,0.5,7.5,0.152364081648604,moving_average
34,s2_wifi_degraded,0.8405580282052503,7.1660136409604815,False,False,False,vlp_only,71,1.5,7.5,0.9999999999010001,moving_average
34,s2_wifi_degraded,0.8405580282052503,7.1660136409604815,False,False,False,static_fusion,71,1.5,7.5,0.5590352782561853,moving_average
35,s2_wifi_degraded,0.7992402328627707,7.065719351919998,True,False,False,wifi_only,70,0.5,7.5,0.18420326338266899,moving_average
35,s2_wifi_degraded,0.7992402328627707,7.065719351919998,True,False,False,vlp_only,70,0.5,7.5,0.9999999999010001,moving_average
35,s2_wifi_degraded,0.7992402328627707,7.065719351919998,True,False,False,static_fusion,70,0.5,7.5,0.5921016316418345,moving_average
36,s2_wifi_degraded,0.7671095331979448,6.6194549412444434,True,False,False,wifi_only,80,0.5,8.5,0.215860664679577,moving_average
36,s2_wifi_degraded,0.7671095331979448,6.6194549412444434,True,False,False,vlp_only,70,0.5,7.5,0.9999999999010001,moving_average
36,s2_wifi_degraded,0.7671095331979448,6.6194549412444434,True,False,False,static_fusion,70,0.5,7.5,0.5826461290828887,moving_average
37,s2_wifi_degraded,0.7867269935815102,6.50813786445098,True,False,False,wifi_only,80,0.5,8.5,0.23020770597848147,moving_average
37,s2_wifi_degraded,0.7867269935815102,6.50813786445098,True,False,False,vlp_only,70,0.5,7.5,0.8349620363528203,moving_average
37,s2_wifi_degraded,0.7867269935815102,6.50813786445098,True,False,False,static_fusion,70,0.5,7.5,0.5137293924772866,moving_average
38,s2_wifi_degraded,0.9039958580667962,6.339426406945286,True,False,False,wifi_only,60,0.5,6.5,0.2599406557431992,moving_average
38,s2_wifi_degraded,0.9039958580667962,6.339426406945286,True,False,False,vlp_only,61,1.5,6.5,0.9999999999010002,moving_average
38,s2_wifi_degraded,0.9039958580667962,6.339426406945286,True,False,False,static_fusion,61,1.5,6.5,0.5428278559854742,moving_average
39,s2_wifi_degraded,0.9979740023158236,6.187541249202924,True,False,False,wifi_only,60,0.5,6.5,0.282514892051407,moving_average
39,s2_wifi_degraded,0.9979740023158236,6.187541249202924,True,False,False,vlp_only,60,0.5,6.5,0.9999999999010002,moving_average
39,s2_wifi_degraded,0.9979740023158236,6.187541249202924,True,False,False,static_fusion,60,0.5,6.5,0.6412574459762035,moving_average
40,s2_wifi_degraded,1.28488954092244,5.782257454541684,True,False,False,wifi_only,60,0.5,6.5,0.3338598522483204,moving_average
40,s2_wifi_degraded,1.28488954092244,5.782257454541684,True,False,False,vlp_only,60,0.5,6.5,0.9999999999010002,moving_average
40,s2_wifi_degraded,1.28488954092244,5.782257454541684,True,False,False,static_fusion,60,0.5,6.5,0.6669299260746603,moving_average
41,s2_wifi_degraded,1.513102962684955,5.518180410148621,True,False,False,wifi_only,40,0.5,4.5,0.35266926224534106,moving_average
41,s2_wifi_degraded,1.513102962684955,5.518180410148621,True,False,False,vlp_only,60,0.5,6.5,0.9999999999010002,moving_average
41,s2_wifi_degraded,1.513102962684955,5.518180410148621,True,False,False,static_fusion,60,0.5,6.5,0.5391293198763041,moving_average
42,s2_wifi_degraded,1.6106044791645622,5.19830615307079,True,False,False,wifi_only,40,0.5,4.5,0.4942721242517303,moving_average
42,s2_wifi_degraded,1.6106044791645622,5.19830615307079,True,False,False,vlp_only,51,1.5,5.5,0.9999999999010002,moving_average
42,s2_wifi_degraded,1.6106044791645622,5.19830615307079,True,False,False,static_fusion,51,1.5,5.5,0.5094233680990433,moving_average
43,s2_wifi_degraded,1.8972643262832607,4.975906927269721,True,False,False,wifi_only,50,0.5,5.5,0.42160199752974115,moving_average
43,s2_wifi_degraded,1.8972643262832607,4.975906927269721,True,False,False,vlp_only,51,1.5,5.5,0.999999999880531,moving_average
43,s2_wifi_degraded,1.8972643262832607,4.975906927269721,True,False,False,static_fusion,51,1.5,5.5,0.5240237150785007,moving_average
44,s2_wifi_degraded,2.229332660696988,4.76372737768957,True,False,False,wifi_only,50,0.5,5.5,0.44471978913199794,moving_average
44,s2_wifi_degraded,2.229332660696988,4.76372737768957,True,False,False,vlp_only,51,1.5,5.5,0.9999999096779075,moving_average
44,s2_wifi_degraded,2.229332660696988,4.76372737768957,True,False,False,static_fusion,51,1.5,5.5,0.5118419422421773,moving_average
45,s2_wifi_degraded,2.6145006895276834,4.592072450426468,True,False,False,wifi_only,40,0.5,4.5,0.43594352117950286,moving_average
45,s2_wifi_degraded,2.6145006895276834,4.592072450426468,True,False,False,vlp_only,50,0.5,5.5,0.9784825948991713,moving_average
45,s2_wifi_degraded,2.6145006895276834,4.592072450426468,True,False,False,static_fusion,50,0.5,5.5,0.6666544387723112,moving_average
46,s2_wifi_degraded,2.661129424294631,4.466616768697175,True,False,False,wifi_only,50,0.5,5.5,0.41265129172331216,moving_average
46,s2_wifi_degraded,2.661129424294631,4.466616768697175,True,False,False,vlp_only,42,2.5,4.5,0.9994905775911577,moving_average
46,s2_wifi_degraded,2.661129424294631,4.466616768697175,True,False,False,static_fusion,42,2.5,4.5,0.5028961902691328,moving_average
47,s2_wifi_degraded,2.6450300380382434,4.183588162907463,True,False,False,wifi_only,50,0.5,5.5,0.30152553367325663,moving_average
47,s2_wifi_degraded,2.6450300380382434,4.183588162907463,True,False,False,vlp_only,42,2.5,4.5,0.9999998062496126,moving_average
47,s2_wifi_degraded,2.6450300380382434,4.183588162907463,True,False,False,static_fusion,42,2.5,4.5,0.5203935893499282,moving_average
48,s2_wifi_degraded,2.633014421787828,3.6860116411580814,False,False,False,wifi_only,50,0.5,5.5,0.33573656482749253,moving_average
48,s2_wifi_degraded,2.633014421787828,3.6860116411580814,False,False,False,vlp_only,42,2.5,4.5,0.9999999997413328,moving_average
48,s2_wifi_degraded,2.633014421787828,3.6860116411580814,False,False,False,static_fusion,42,2.5,4.5,0.512220574284191,moving_average
49,s2_wifi_degraded,2.7923313692644163,3.3743378598159564,False,False,False,wifi_only,51,1.5,5.5,0.16410984443858664,moving_average
49,s2_wifi_degraded,2.7923313692644163,3.3743378598159564,False,False,False,vlp_only,33,3.5,3.5,0.9999999999010002,moving_average
49,s2_wifi_degraded,2.7923313692644163,3.3743378598159564,False,False,False,static_fusion,33,3.5,3.5,0.5113703041034113,moving_average
50,s2_wifi_degraded,2.983612121628606,3.11916257556942,False,False,False,wifi_only,43,3.5,4.5,0.17759722799702504,moving_average
50,s2_wifi_degraded,2.983612121628606,3.11916257556942,False,False,False,vlp_only,33,3.5,3.5,0.9999999999010002,moving_average
50,s2_wifi_degraded,2.983612121628606,3.11916257556942,False,False,False,static_fusion,33,3.5,3.5,0.5289330632324966,moving_average
51,s2_wifi_degraded,3.351818132537528,2.843855854625126,False,False,False,wifi_only,34,4.5,3.5,0.16427627480471593,moving_average
51,s2_wifi_degraded,3.351818132537528,2.843855854625126,False,False,False,vlp_only,32,2.5,3.5,0.9999999999010002,moving_average
51,s2_wifi_degraded,3.351818132537528,2.843855854625126,False,False,False,static_fusion,32,2.5,3.5,0.5140541692229994,moving_average
52,s2_wifi_degraded,3.56862361427012,2.697604331930428,False,False,False,wifi_only,33,3.5,3.5,0.18449012245079788,moving_average
52,s2_wifi_degraded,3.56862361427012,2.697604331930428,False,False,False,vlp_only,32,2.5,3.5,0.999999999877667,moving_average
52,s2_wifi_degraded,3.56862361427012,2.697604331930428,False,False,False,static_fusion,32,2.5,3.5,0.5497664990384804,moving_average
53,s2_wifi_degraded,3.943888445431222,2.4514296926551147,False,False,False,wifi_only,23,3.5,2.5,0.19638346447798793,moving_average
53,s2_wifi_degraded,3.943888445431222,2.4514296926551147,False,False,False,vlp_only,23,3.5,2.5,0.9999999999010003,moving_average
53,s2_wifi_degraded,3.943888445431222,2.4514296926551147,False,False,False,static_fusion,23,3.5,2.5,0.5981917321894941,moving_average
54,s2_wifi_degraded,4.260369316238271,2.2082022988398595,False,False,False,wifi_only,23,3.5,2.5,0.1648272190641594,moving_average
54,s2_wifi_degraded,4.260369316238271,2.2082022988398595,False,False,False,vlp_only,23,3.5,2.5,0.9999999999010003,moving_average
54,s2_wifi_degraded,4.260369316238271,2.2082022988398595,False,False,False,static_fusion,23,3.5,2.5,0.5824136094825797,moving_average
55,s2_wifi_degraded,4.627569160973635,2.060114150367901,False,False,False,wifi_only,24,4.5,2.5,0.1722415272773542,moving_average
55,s2_wifi_degraded,4.627569160973635,2.060114150367901,False,False,False,vlp_only,33,3.5,3.5,0.9999997799781191,moving_average
55,s2_wifi_degraded,4.627569160973635,2.060114150367901,False,False,False,static_fusion,33,3.5,3.5,0.5458239921283943,moving_average
56,s2_wifi_degraded,4.961867043427717,1.830848239374332,False,False,False,wifi_only,14,4.5,1.5,0.18707118632496,moving_average
56,s2_wifi_degraded,4.961867043427717,1.830848239374332,False,False,False,vlp_only,24,4.5,2.5,0.9999827346540944,moving_average
56,s2_wifi_degraded,4.961867043427717,1.830848239374332,False,False,False,static_fusion,24,4.5,2.5,0.5898455737845045,moving_average
57,s2_wifi_degraded,5.0679788704002044,1.7195475994342533,False,False,False,wifi_only,24,4.5,2.5,0.19514235337331454,moving_average
57,s2_wifi_degraded,5.0679788704002044,1.7195475994342533,False,False,False,vlp_only,24,4.5,2.5,0.7438099365893581,moving_average
57,s2_wifi_degraded,5.0679788704002044,1.7195475994342533,False,False,False,static_fusion,24,4.5,2.5,0.46947614498133616,moving_average
58,s2_wifi_degraded,5.335240810429285,1.571560122687008,False,False,False,wifi_only,24,4.5,2.5,0.17307980569942746,moving_average
58,s2_wifi_degraded,5.335240810429285,1.571560122687008,False,False,False,vlp_only,14,4.5,1.5,0.9993258954635166,moving_average
58,s2_wifi_degraded,5.335240810429285,1.571560122687008,False,False,False,static_fusion,14,4.5,1.5,0.5469504402456862,moving_average
59,s2_wifi_degraded,5.651780389210071,1.3727606103935992,False,False,False,wifi_only,25,5.5,2.5,0.15151078147876856,moving_average
59,s2_wifi_degraded,5.651780389210071,1.3727606103935992,False,False,False,vlp_only,15,5.5,1.5,0.9999996630164218,moving_average
59,s2_wifi_degraded,5.651780389210071,1.3727606103935992,False,False,False,static_fusion,15,5.5,1.5,0.559496969313843,moving_average
60,s2_wifi_degraded,5.898763386562306,1.2621017401554997,True,False,False,wifi_only,15,5.5,1.5,0.19315604522444788,moving_average
60,s2_wifi_degraded,5.898763386562306,1.2621017401554997,True,False,False,vlp_only,15,5.5,1.5,0.9999999998106279,moving_average
60,s2_wifi_degraded,5.898763386562306,1.2621017401554997,True,False,False,static_fusion,15,5.5,1.5,0.5965780225175379,moving_average
61,s2_wifi_degraded,6.355551046384767,1.4203122314749552,True,False,False,wifi_only,26,6.5,2.5,0.21935553058443938,moving_average
61,s2_wifi_degraded,6.355551046384767,1.4203122314749552,True,False,False,vlp_only,15,5.5,1.5,0.9999999998868465,moving_average
61,s2_wifi_degraded,6.355551046384767,1.4203122314749552,True,False,False,static_fusion,15,5.5,1.5,0.5392445528375878,moving_average
62,s2_wifi_degraded,6.594147927702143,1.4206009795225187,True,False,False,wifi_only,26,6.5,2.5,0.2014515382862794,moving_average
62,s2_wifi_degraded,6.594147927702143,1.4206009795225187,True,False,False,vlp_only,6,6.5,0.5,0.9999999999010003,moving_average
62,s2_wifi_degraded,6.594147927702143,1.4206009795225187,True,False,False,static_fusion,6,6.5,0.5,0.5160212138070281,moving_average
63,s2_wifi_degraded,6.702875767945526,1.3948214383894544,True,False,False,wifi_only,16,6.5,1.5,0.3388919487298094,moving_average
63,s2_wifi_degraded,6.702875767945526,1.3948214383894544,True,False,False,vlp_only,16,6.5,1.5,0.9999999998848138,moving_average
63,s2_wifi_degraded,6.702875767945526,1.3948214383894544,True,False,False,static_fusion,16,6.5,1.5,0.6694459743073116,moving_average
64,s2_wifi_degraded,6.87517464550481,1.1902703370600811,True,False,False,wifi_only,16,6.5,1.5,0.2954382822524973,moving_average
64,s2_wifi_degraded,6.87517464550481,1.1902703370600811,True,False,False,vlp_only,16,6.5,1.5,0.9999999999006702,moving_average
64,s2_wifi_degraded,6.87517464550481,1.1902703370600811,True,False,False,static_fusion,16,6.5,1.5,0.6477191410765838,moving_average
65,s2_wifi_degraded,6.892272294025562,1.0122251452148698,True,False,False,wifi_only,16,6.5,1.5,0.23636252436066502,moving_average
65,s2_wifi_degraded,6.892272294025562,1.0122251452148698,True,False,False,vlp_only,16,6.5,1.5,0.9999999998989363,moving_average
65,s2_wifi_degraded,6.892272294025562,1.0122251452148698,True,False,False,static_fusion,16,6.5,1.5,0.6181812621298006,moving_average
66,s2_wifi_degraded,7.000483248939226,0.9177176630235528,True,False,False,wifi_only,6,6.5,0.5,0.28254376827909655,moving_average
66,s2_wifi_degraded,7.000483248939226,0.9177176630235528,True,False,False,vlp_only,16,6.5,1.5,0.9999999999010003,moving_average
66,s2_wifi_degraded,7.000483248939226,0.9177176630235528,True,False,False,static_fusion,16,6.5,1.5,0.6222257812776164,moving_average
67,s2_wifi_degraded,7.169623623221895,0.7738996044632837,True,False,False,wifi_only,27,7.5,2.5,0.2132681851450912,moving_average
67,s2_wifi_degraded,7.169623623221895,0.7738996044632837,True,False,False,vlp_only,16,6.5,1.5,0.9999848572169884,moving_average
67,s2_wifi_degraded,7.169623623221895,0.7738996044632837,True,False,False,static_fusion,16,6.5,1.5,0.5341837832565528,moving_average
68,s2_wifi_degraded,7.492034971191752,0.4271040557051936,True,False,False,wifi_only,39,9.5,3.5,0.2999029510894459,moving_average
68,s2_wifi_degraded,7.492034971191752,0.4271040557051936,True,False,False,vlp_only,7,7.5,0.5,0.9999999998646932,moving_average
68,s2_wifi_degraded,7.492034971191752,0.4271040557051936,True,False,False,static_fusion,7,7.5,0.5,0.5002468095911003,moving_average
69,s2_wifi_degraded,7.463813289098351,0.1481351742215659,True,False,False,wifi_only,39,9.5,3.5,0.35489658785242123,moving_average
69,s2_wifi_degraded,7.463813289098351,0.1481351742215659,True,False,False,vlp_only,7,7.5,0.5,0.9999999999010003,moving_average
69,s2_wifi_degraded,7.463813289098351,0.1481351742215659,True,False,False,static_fusion,7,7.5,0.5,0.5072876351137883,moving_average
70,s2_wifi_degraded,7.384046542733699,0.3965845375848609,True,False,False,wifi_only,39,9.5,3.5,0.4296794271879367,moving_average
70,s2_wifi_degraded,7.384046542733699,0.3965845375848609,True,False,False,vlp_only,7,7.5,0.5,0.9999999999010003,moving_average
70,s2_wifi_degraded,7.384046542733699,0.3965845375848609,True,False,False,static_fusion,7,7.5,0.5,0.5035961453406834,moving_average
71,s2_wifi_degraded,7.274941349103505,0.5328406187982155,True,False,False,wifi_only,39,9.5,3.5,0.38808477400585933,moving_average
71,s2_wifi_degraded,7.274941349103505,0.5328406187982155,True,False,False,vlp_only,7,7.5,0.5,0.9999999999010003,moving_average
71,s2_wifi_degraded,7.274941349103505,0.5328406187982155,True,False,False,static_fusion,7,7.5,0.5,0.5005844468338647,moving_average
72,s2_wifi_degraded,7.242898641642358,0.6319581293500205,True,False,False,wifi_only,29,9.5,2.5,0.3766979260808729,moving_average
72,s2_wifi_degraded,7.242898641642358,0.6319581293500205,True,False,False,vlp_only,7,7.5,0.5,0.9999999999010003,moving_average
72,s2_wifi_degraded,7.242898641642358,0.6319581293500205,True,False,False,static_fusion,7,7.5,0.5,0.5312903373542661,moving_average
73,s2_wifi_degraded,6.897766036852761,0.9865854746261178,True,False,False,wifi_only,7,7.5,0.5,0.2866641084266878,moving_average
73,s2_wifi_degraded,6.897766036852761,0.9865854746261178,True,False,False,vlp_only,7,7.5,0.5,0.9999999999010003,moving_average
73,s2_wifi_degraded,6.897766036852761,0.9865854746261178,True,False,False,static_fusion,7,7.5,0.5,0.643332054163844,moving_average
74,s2_wifi_degraded,6.819062780162876,1.076859414311629,True,False,False,wifi_only,7,7.5,0.5,0.44368545206176974,moving_average
74,s2_wifi_degraded,6.819062780162876,1.076859414311629,True,False,False,vlp_only,7,7.5,0.5,0.9999999999010003,moving_average
74,s2_wifi_degraded,6.819062780162876,1.076859414311629,True,False,False,static_fusion,7,7.5,0.5,0.721842725981385,moving_average
75,s2_wifi_degraded,6.720234602821568,1.267398302606882,False,False,False,wifi_only,7,7.5,0.5,0.48780034189712806,moving_average
75,s2_wifi_degraded,6.720234602821568,1.267398302606882,False,False,False,vlp_only,7,7.5,0.5,0.9999999860203044,moving_average
75,s2_wifi_degraded,6.720234602821568,1.267398302606882,False,False,False,static_fusion,7,7.5,0.5,0.7439001639587162,moving_average
76,s2_wifi_degraded,6.503783427177126,1.570279682105651,False,False,False,wifi_only,7,7.5,0.5,0.5631254862168708,moving_average
76,s2_wifi_degraded,6.503783427177126,1.570279682105651,False,False,False,vlp_only,16,6.5,1.5,0.9999999649162302,moving_average
76,s2_wifi_degraded,6.503783427177126,1.570279682105651,False,False,False,static_fusion,16,6.5,1.5,0.5134697185755466,moving_average
77,s2_wifi_degraded,6.358465325036558,1.791120746986019,False,False,False,wifi_only,6,6.5,0.5,0.3847903749273662,moving_average
77,s2_wifi_degraded,6.358465325036558,1.791120746986019,False,False,False,vlp_only,16,6.5,1.5,0.9999999999010003,moving_average
77,s2_wifi_degraded,6.358465325036558,1.791120746986019,False,False,False,static_fusion,16,6.5,1.5,0.64129372435162,moving_average
78,s2_wifi_degraded,6.122791880845917,1.8813582130943367,False,False,False,wifi_only,15,5.5,1.5,0.1527744647912934,moving_average
78,s2_wifi_degraded,6.122791880845917,1.8813582130943367,False,False,False,vlp_only,16,6.5,1.5,0.9999999997719021,moving_average
78,s2_wifi_degraded,6.122791880845917,1.8813582130943367,False,False,False,static_fusion,16,6.5,1.5,0.5731580028956695,moving_average
79,s2_wifi_degraded,5.750230255978351,2.1326072148263107,False,False,False,wifi_only,15,5.5,1.5,0.18271739854960445,moving_average
79,s2_wifi_degraded,5.750230255978351,2.1326072148263107,False,False,False,vlp_only,16,6.5,1.5,0.9999999955574862,moving_average
79,s2_wifi_degraded,5.750230255978351,2.1326072148263107,False,False,False,static_fusion,16,6.5,1.5,0.5441845720286466,moving_average
80,s2_wifi_degraded,5.514678873922644,2.389062926514496,False,False,False,wifi_only,25,5.5,2.5,0.18738858068044753,moving_average
80,s2_wifi_degraded,5.514678873922644,2.389062926514496,False,False,False,vlp_only,6,6.5,0.5,0.9999999999010003,moving_average
80,s2_wifi_degraded,5.514678873922644,2.389062926514496,False,False,False,static_fusion,6,6.5,0.5,0.512849274537757,moving_average
81,s2_wifi_degraded,5.508112152914603,2.4998600146256016,False,False,False,wifi_only,25,5.5,2.5,0.19991015363753192,moving_average
81,s2_wifi_degraded,5.508112152914603,2.4998600146256016,False,False,False,vlp_only,6,6.5,0.5,0.9999999999010003,moving_average
81,s2_wifi_degraded,5.508112152914603,2.4998600146256016,False,False,False,static_fusion,6,6.5,0.5,0.5099277371149754,moving_average
82,s2_wifi_degraded,5.600226935990087,2.6582213422588112,False,False,False,wifi_only,25,5.5,2.5,0.20170601908124183,moving_average
82,s2_wifi_degraded,5.600226935990087,2.6582213422588112,False,False,False,vlp_only,25,5.5,2.5,0.9998457188350764,moving_average
82,s2_wifi_degraded,5.600226935990087,2.6582213422588112,False,False,False,static_fusion,25,5.5,2.5,0.6007758689581592,moving_average
83,s2_wifi_degraded,5.738537290833164,2.759195471518816,False,False,False,wifi_only,25,5.5,2.5,0.20673317248401202,moving_average
83,s2_wifi_degraded,5.738537290833164,2.759195471518816,False,False,False,vlp_only,25,5.5,2.5,0.9999999948683482,moving_average
83,s2_wifi_degraded,5.738537290833164,2.759195471518816,False,False,False,static_fusion,25,5.5,2.5,0.6033665836761801,moving_average
84,s2_wifi_degraded,5.832850971363683,3.0310878411880533,False,False,False,wifi_only,25,5.5,2.5,0.1620546245059325,moving_average
84,s2_wifi_degraded,5.832850971363683,3.0310878411880533,False,False,False,vlp_only,25,5.5,2.5,0.9999999999010002,moving_average
84,s2_wifi_degraded,5.832850971363683,3.0310878411880533,False,False,False,static_fusion,25,5.5,2.5,0.5810273122034663,moving_average
85,s2_wifi_degraded,5.898467311753344,3.228508652056043,True,False,False,wifi_only,35,5.5,3.5,0.18312738120722227,moving_average
85,s2_wifi_degraded,5.898467311753344,3.228508652056043,True,False,False,vlp_only,25,5.5,2.5,0.9999999999010002,moving_average
85,s2_wifi_degraded,5.898467311753344,3.228508652056043,True,False,False,static_fusion,25,5.5,2.5,0.5782115320482765,moving_average
86,s2_wifi_degraded,5.888626732888142,3.400271085109193,True,False,False,wifi_only,45,5.5,4.5,0.15802573288650837,moving_average
86,s2_wifi_degraded,5.888626732888142,3.400271085109193,True,False,False,vlp_only,25,5.5,2.5,0.9999999999010002,moving_average
86,s2_wifi_degraded,5.888626732888142,3.400271085109193,True,False,False,static_fusion,25,5.5,2.5,0.5123024176239158,moving_average
87,s2_wifi_degraded,5.651159957112673,3.739006548657096,True,False,False,wifi_only,45,5.5,4.5,0.11718158048129942,moving_average
87,s2_wifi_degraded,5.651159957112673,3.739006548657096,True,False,False,vlp_only,25,5.5,2.5,0.9999999999010002,moving_average
87,s2_wifi_degraded,5.651159957112673,3.739006548657096,True,False,False,static_fusion,25,5.5,2.5,0.5028340255421634,moving_average
88,s2_wifi_degraded,5.511321113022474,3.8790676275290847,True,False,False,wifi_only,45,5.5,4.5,0.16851030671748973,moving_average
88,s2_wifi_degraded,5.511321113022474,3.8790676275290847,True,False,False,vlp_only,35,5.5,3.5,0.9999999999010002,moving_average
88,s2_wifi_degraded,5.511321113022474,3.8790676275290847,True,False,False,static_fusion,35,5.5,3.5,0.5532907153713584,moving_average
89,s2_wifi_degraded,5.43643528909089,3.953273740011248,True,False,False,wifi_only,45,5.5,4.5,0.17192556232460005,moving_average
89,s2_wifi_degraded,5.43643528909089,3.953273740011248,True,False,False,vlp_only,35,5.5,3.5,0.9999999999010002,moving_average
89,s2_wifi_degraded,5.43643528909089,3.953273740011248,True,False,False,static_fusion,35,5.5,3.5,0.5620524277565885,moving_average
90,s2_wifi_degraded,5.230257776887017,3.9835295593536193,True,False,False,wifi_only,47,7.5,4.5,0.12158727021235205,moving_average
90,s2_wifi_degraded,5.230257776887017,3.9835295593536193,True,False,False,vlp_only,35,5.5,3.5,0.9999999999010002,moving_average
90,s2_wifi_degraded,5.230257776887017,3.9835295593536193,True,False,False,static_fusion,35,5.5,3.5,0.529810638558294,moving_average
91,s2_wifi_degraded,4.9776092930395945,4.056000817377593,True,False,False,wifi_only,36,6.5,3.5,0.17069490404364007,moving_average
91,s2_wifi_degraded,4.9776092930395945,4.056000817377593,True,False,False,vlp_only,35,5.5,3.5,0.9999997843764233,moving_average
91,s2_wifi_degraded,4.9776092930395945,4.056000817377593,True,False,False,static_fusion,35,5.5,3.5,0.5257281912492773,moving_average
92,s2_wifi_degraded,4.723335213676367,4.234008104614395,True,False,False,wifi_only,15,5.5,1.5,0.16319881337642017,moving_average
92,s2_wifi_degraded,4.723335213676367,4.234008104614395,True,False,False,vlp_only,45,5.5,4.5,0.9999999999010002,moving_average
92,s2_wifi_degraded,4.723335213676367,4.234008104614395,True,False,False,static_fusion,45,5.5,4.5,0.5016938488612195,moving_average
93,s2_wifi_degraded,4.5603601875449,4.42721654605225,True,False,False,wifi_only,45,5.5,4.5,0.09790784573770707,moving_average
93,s2_wifi_degraded,4.5603601875449,4.42721654605225,True,False,False,vlp_only,44,4.5,4.5,0.773611317124687,moving_average
93,s2_wifi_degraded,4.5603601875449,4.42721654605225,True,False,False,static_fusion,44,4.5,4.5,0.41780554418907034,moving_average
94,s2_wifi_degraded,4.376758804931988,4.783397516554166,True,False,False,wifi_only,44,4.5,4.5,0.10621809956792774,moving_average
94,s2_wifi_degraded,4.376758804931988,4.783397516554166,True,False,False,vlp_only,44,4.5,4.5,0.9999999999010002,moving_average
94,s2_wifi_degraded,4.376758804931988,4.783397516554166,True,False,False,static_fusion,44,4.5,4.5,0.553109049734464,moving_average
95,s2_wifi_degraded,4.278110895822162,4.873116927745965,True,False,False,wifi_only,61,1.5,6.5,0.14033509778156586,moving_average
95,s2_wifi_degraded,4.278110895822162,4.873116927745965,True,False,False,vlp_only,44,4.5,4.5,0.9999999999010002,moving_average
95,s2_wifi_degraded,4.278110895822162,4.873116927745965,True,False,False,static_fusion,44,4.5,4.5,0.5075620053754658,moving_average
96,s2_wifi_degraded,4.12801724847605,5.124228511615788,True,False,False,wifi_only,70,0.5,7.5,0.21421821342811123,moving_average
96,s2_wifi_degraded,4.12801724847605,5.124228511615788,True,False,False,vlp_only,44,4.5,4.5,0.9999999999010002,moving_average
96,s2_wifi_degraded,4.12801724847605,5.124228511615788,True,False,False,static_fusion,44,4.5,4.5,0.5001674157762211,moving_average
97,s2_wifi_degraded,3.704635602450641,5.262849100858526,True,False,False,wifi_only,80,0.5,8.5,0.23260174793384963,moving_average
97,s2_wifi_degraded,3.704635602450641,5.262849100858526,True,False,False,vlp_only,44,4.5,4.5,0.9999999999010002,moving_average
97,s2_wifi_degraded,3.704635602450641,5.262849100858526,True,False,False,static_fusion,44,4.5,4.5,0.5000235205936635,moving_average
98,s2_wifi_degraded,3.5561357581555817,5.285474381301673,True,False,False,wifi_only,60,0.5,6.5,0.22132400950015466,moving_average
98,s2_wifi_degraded,3.5561357581555817,5.285474381301673,True,False,False,vlp_only,54,4.5,5.5,0.9999999999010002,moving_average
98,s2_wifi_degraded,3.5561357581555817,5.285474381301673,True,False,False,static_fusion,54,4.5,5.5,0.501091146416779,moving_average
99,s2_wifi_degraded,3.128664509288299,5.522908615866154,True,False,False,wifi_only,60,0.5,6.5,0.182860207480904,moving_average
99,s2_wifi_degraded,3.128664509288299,5.522908615866154,True,False,False,vlp_only,53,3.5,5.5,0.9999999999010002,moving_average
99,s2_wifi_degraded,3.128664509288299,5.522908615866154,True,False,False,static_fusion,53,3.5,5.5,0.5133978488228553,moving_average
0,s2_wifi_degraded,6.1055626688123565,8.931678203850066,False,False,False,wifi_only,86,6.5,8.5,0.17855307592436914,median
0,s2_wifi_degraded,6.1055626688123565,8.931678203850066,False,False,False,vlp_only,96,6.5,9.5,0.9999999999010001,median
0,s2_wifi_degraded,6.1055626688123565,8.931678203850066,False,False,False,static_fusion,96,6.5,9.5,0.5844887375076168,median
1,s2_wifi_degraded,6.320554771122484,9.075343533082185,False,False,False,wifi_only,86,6.5,8.5,0.30834659278397997,median
1,s2_wifi_degraded,6.320554771122484,9.075343533082185,False,False,False,vlp_only,96,6.5,9.5,0.9999999999010001,median
1,s2_wifi_degraded,6.320554771122484,9.075343533082185,False,False,False,static_fusion,96,6.5,9.5,0.6020651380788036,median
2,s2_wifi_degraded,6.58026211240472,9.446929430621816,False,False,False,wifi_only,76,6.5,7.5,0.143748173182792,median
2,s2_wifi_degraded,6.58026211240472,9.446929430621816,False,False,False,vlp_only,96,6.5,9.5,0.9999999999010001,median
2,s2_wifi_degraded,6.58026211240472,9.446929430621816,False,False,False,static_fusion,96,6.5,9.5,0.5662568058641507,median
3,s2_wifi_degraded,6.690486996140005,9.773722821152626,False,False,False,wifi_only,86,6.5,8.5,0.22433413261432952,median
3,s2_wifi_degraded,6.690486996140005,9.773722821152626,False,False,False,vlp_only,96,6.5,9.5,0.9999999999010001,median
3,s2_wifi_degraded,6.690486996140005,9.773722821152626,False,False,False,static_fusion,96,6.5,9.5,0.6012385802218506,median
4,s2_wifi_degraded,6.648930003357536,9.453988556211296,False,False,False,wifi_only,86,6.5,8.5,0.23027795795692027,median
4,s2_wifi_degraded,6.648930003357536,9.453988556211296,False,False,False,vlp_only,96,6.5,9.5,0.9999999999010001,median
4,s2_wifi_degraded,6.648930003357536,9.453988556211296,False,False,False,static_fusion,96,6.5,9.5,0.6085855154246237,median
5,s2_wifi_degraded,6.503414861243288,9.34880509424309,False,False,False,wifi_only,76,6.5,7.5,0.15241406473665509,median
5,s2_wifi_degraded,6.503414861243288,9.34880509424309,False,False,False,vlp_only,96,6.5,9.5,0.9999999999010001,median
5,s2_wifi_degraded,6.503414861243288,9.34880509424309,False,False,False,static_fusion,96,6.5,9.5,0.5583117535219327,median
6,s2_wifi_degraded,6.309679632446698,9.224501326679391,False,False,False,wifi_only,96,6.5,9.5,0.24139781685095765,median
6,s2_wifi_degraded,6.309679632446698,9.224501326679391,False,False,False,vlp_only,96,6.5,9.5,0.9999999999010001,median
6,s2_wifi_degraded,6.309679632446698,9.224501326679391,False,False,False,static_fusion,96,6.5,9.5,0.6206989083759789,median
7,s2_wifi_degraded,6.06460409098813,9.084291660062746,False,False,False,wifi_only,96,6.5,9.5,0.2878328414794909,median
7,s2_wifi_degraded,6.06460409098813,9.084291660062746,False,False,False,vlp_only,96,6.5,9.5,0.9999999999010001,median
7,s2_wifi_degraded,6.06460409098813,9.084291660062746,False,False,False,static_fusion,96,6.5,9.5,0.6439164206902455,median
8,s2_wifi_degraded,5.726062604387588,9.046898224684307,False,False,False,wifi_only,86,6.5,8.5,0.3010273094729697,median
8,s2_wifi_degraded,5.726062604387588,9.046898224684307,False,False,False,vlp_only,96,6.5,9.5,0.9999999999010001,median
8,s2_wifi_degraded,5.726062604387588,9.046898224684307,False,False,False,static_fusion,96,6.5,9.5,0.6437287422680091,median
9,s2_wifi_degraded,5.334545965818324,9.091415993613808,False,False,False,wifi_only,85,5.5,8.5,0.1531930439511488,median
9,s2_wifi_degraded,5.334545965818324,9.091415993613808,False,False,False,vlp_only,96,6.5,9.5,0.9999999999010001,median
9,s2_wifi_degraded,5.334545965818324,9.091415993613808,False,False,False,static_fusion,96,6.5,9.5,0.553305692780803,median
10,s2_wifi_degraded,4.945823765007514,9.252578001847564,True,False,False,wifi_only,85,5.5,8.5,0.3128538179126244,median
10,s2_wifi_degraded,4.945823765007514,9.252578001847564,True,False,False,vlp_only,85,5.5,8.5,0.9999999999010001,median
10,s2_wifi_degraded,4.945823765007514,9.252578001847564,True,False,False,static_fusion,85,5.5,8.5,0.6564269089068123,median
11,s2_wifi_degraded,4.721675127324938,9.340170350002357,True,False,False,wifi_only,84,4.5,8.5,0.310819004593349,median
11,s2_wifi_degraded,4.721675127324938,9.340170350002357,True,False,False,vlp_only,95,5.5,9.5,0.9999999999010001,median
11,s2_wifi_degraded,4.721675127324938,9.340170350002357,True,False,False,static_fusion,95,5.5,9.5,0.5978691334409513,median
12,s2_wifi_degraded,4.340963373281298,9.42272693147179,True,False,False,wifi_only,84,4.5,8.5,0.3042440941331948,median
12,s2_wifi_degraded,4.340963373281298,9.42272693147179,True,False,False,vlp_only,94,4.5,9.5,0.9999999999010001,median
12,s2_wifi_degraded,4.340963373281298,9.42272693147179,True,False,False,static_fusion,94,4.5,9.5,0.6178895396292889,median
13,s2_wifi_degraded,4.095436566930193,9.473710426329454,True,False,False,wifi_only,94,4.5,9.5,0.27526106795188165,median
13,s2_wifi_degraded,4.095436566930193,9.473710426329454,True,False,False,vlp_only,94,4.5,9.5,0.9999999999010001,median
13,s2_wifi_degraded,4.095436566930193,9.473710426329454,True,False,False,static_fusion,94,4.5,9.5,0.6376305339264409,median
14,s2_wifi_degraded,3.863209848904428,9.531730849012984,True,False,False,wifi_only,94,4.5,9.5,0.34385083224659735,median
14,s2_wifi_degraded,3.863209848904428,9.531730849012984,True,False,False,vlp_only,94,4.5,9.5,0.9999999999010001,median
14,s2_wifi_degraded,3.863209848904428,9.531730849012984,True,False,False,static_fusion,94,4.5,9.5,0.6719254160737987,median
15,s2_wifi_degraded,3.520682956293645,9.491058893166894,True,False,False,wifi_only,94,4.5,9.5,0.3772576094441449,median
15,s2_wifi_degraded,3.520682956293645,9.491058893166894,True,False,False,vlp_only,84,4.5,8.5,0.9986221577560586,median
15,s2_wifi_degraded,3.520682956293645,9.491058893166894,True,False,False,static_fusion,84,4.5,8.5,0.5887519471177683,median
16,s2_wifi_degraded,3.165382501834026,9.461587695941777,True,False,False,wifi_only,94,4.5,9.5,0.29078033856822216,median
16,s2_wifi_degraded,3.165382501834026,9.461587695941777,True,False,False,vlp_only,93,3.5,9.5,0.9999999999010001,median
16,s2_wifi_degraded,3.165382501834026,9.461587695941777,True,False,False,static_fusion,93,3.5,9.5,0.5007114728767929,median
17,s2_wifi_degraded,2.930245477093876,9.456164822050765,True,False,False,wifi_only,84,4.5,8.5,0.3673291180870257,median
17,s2_wifi_degraded,2.930245477093876,9.456164822050765,True,False,False,vlp_only,93,3.5,9.5,0.9999999999010001,median
17,s2_wifi_degraded,2.930245477093876,9.456164822050765,True,False,False,static_fusion,93,3.5,9.5,0.5054524707404365,median
18,s2_wifi_degraded,2.7420797060020465,9.472996628406442,True,False,False,wifi_only,84,4.5,8.5,0.38378355987142776,median
18,s2_wifi_degraded,2.7420797060020465,9.472996628406442,True,False,False,vlp_only,93,3.5,9.5,0.9999999999010001,median
18,s2_wifi_degraded,2.7420797060020465,9.472996628406442,True,False,False,static_fusion,93,3.5,9.5,0.5054153639293703,median
19,s2_wifi_degraded,2.4198638446847416,9.489528341112424,True,False,False,wifi_only,74,4.5,7.5,0.3057804372275402,median
19,s2_wifi_degraded,2.4198638446847416,9.489528341112424,True,False,False,vlp_only,92,2.5,9.5,0.9999999999010001,median
19,s2_wifi_degraded,2.4198638446847416,9.489528341112424,True,False,False,static_fusion,92,2.5,9.5,0.5011460183465757,median
20,s2_wifi_degraded,2.0874415206005943,9.43132427410417,False,False,False,wifi_only,74,4.5,7.5,0.29622067977601907,median
20,s2_wifi_degraded,2.0874415206005943,9.43132427410417,False,False,False,vlp_only,92,2.5,9.5,0.9999999999010001,median
20,s2_wifi_degraded,2.0874415206005943,9.43132427410417,False,False,False,static_fusion,92,2.5,9.5,0.5015034862291344,median
21,s2_wifi_degraded,1.6827551012106006,9.608276410412028,False,False,False,wifi_only,97,7.5,9.5,0.2499380563870058,median
21,s2_wifi_degraded,1.6827551012106006,9.608276410412028,False,False,False,vlp_only,92,2.5,9.5,0.9999998500801331,median
21,s2_wifi_degraded,1.6827551012106006,9.608276410412028,False,False,False,static_fusion,92,2.5,9.5,0.609611308087519,median
22,s2_wifi_degraded,1.5666621834216723,9.721824928735591,False,False,False,wifi_only,97,7.5,9.5,0.2642758591799199,median
22,s2_wifi_degraded,1.5666621834216723,9.721824928735591,False,False,False,vlp_only,92,2.5,9.5,0.9950171601996599,median
22,s2_wifi_degraded,1.5666621834216723,9.721824928735591,False,False,False,static_fusion,92,2.5,9.5,0.5573742044630867,median
23,s2_wifi_degraded,1.8135872918506848,9.442076930062784,False,False,False,wifi_only,97,7.5,9.5,0.2074075797966265,median
23,s2_wifi_degraded,1.8135872918506848,9.442076930062784,False,False,False,vlp_only,91,1.5,9.5,0.9914944711177675,median
23,s2_wifi_degraded,1.8135872918506848,9.442076930062784,False,False,False,static_fusion,91,1.5,9.5,0.5239797167404965,median
24,s2_wifi_degraded,1.9797748224675469,9.171124941492176,False,False,False,wifi_only,92,2.5,9.5,0.19441796185072063,median
24,s2_wifi_degraded,1.9797748224675469,9.171124941492176,False,False,False,vlp_only,91,1.5,9.5,0.9985187384742829,median
24,s2_wifi_degraded,1.9797748224675469,9.171124941492176,False,False,False,static_fusion,91,1.5,9.5,0.5718325480669573,median
25,s2_wifi_degraded,2.0026978386863656,9.060785581306895,False,False,False,wifi_only,92,2.5,9.5,0.16682983440099244,median
25,s2_wifi_degraded,2.0026978386863656,9.060785581306895,False,False,False,vlp_only,91,1.5,9.5,0.9985187379882802,median
25,s2_wifi_degraded,2.0026978386863656,9.060785581306895,False,False,False,static_fusion,91,1.5,9.5,0.5669796876754533,median
26,s2_wifi_degraded,2.0409538218277232,8.768038731768266,False,False,False,wifi_only,92,2.5,9.5,0.18001483386095996,median
26,s2_wifi_degraded,2.0409538218277232,8.768038731768266,False,False,False,vlp_only,91,1.5,9.5,0.9987535370100373,median
26,s2_wifi_degraded,2.0409538218277232,8.768038731768266,False,False,False,static_fusion,91,1.5,9.5,0.5769164836792391,median
27,s2_wifi_degraded,1.943647595119588,8.39052055732134,False,False,False,wifi_only,92,2.5,9.5,0.18001483386095996,median
27,s2_wifi_degraded,1.943647595119588,8.39052055732134,False,False,False,vlp_only,81,1.5,8.5,0.9999999832236616,median
27,s2_wifi_degraded,1.943647595119588,8.39052055732134,False,False,False,static_fusion,81,1.5,8.5,0.5706611612645791,median
28,s2_wifi_degraded,1.822933837050688,7.938503894157455,False,False,False,wifi_only,91,1.5,9.5,0.20371002595077967,median
28,s2_wifi_degraded,1.822933837050688,7.938503894157455,False,False,False,vlp_only,81,1.5,8.5,0.9999999764841901,median
28,s2_wifi_degraded,1.822933837050688,7.938503894157455,False,False,False,static_fusion,81,1.5,8.5,0.5928194464470403,median
29,s2_wifi_degraded,1.5143958915018594,7.638191012939957,False,False,False,wifi_only,81,1.5,8.5,0.18640572674351485,median
29,s2_wifi_degraded,1.5143958915018594,7.638191012939957,False,False,False,vlp_only,81,1.5,8.5,0.9999996989958692,median
29,s2_wifi_degraded,1.5143958915018594,7.638191012939957,False,False,False,static_fusion,81,1.5,8.5,0.593202712869692,median
30,s2_wifi_degraded,1.3675026549702816,7.582213936330399,False,False,False,wifi_only,81,1.5,8.5,0.17895268944257703,median
30,s2_wifi_degraded,1.3675026549702816,7.582213936330399,False,False,False,vlp_only,71,1.5,7.5,0.9989633334217086,median
30,s2_wifi_degraded,1.3675026549702816,7.582213936330399,False,False,False,static_fusion,71,1.5,7.5,0.5642150504970928,median
31,s2_wifi_degraded,1.2429294919367564,7.522606951356906,False,False,False,wifi_only,80,0.5,8.5,0.16165008120900604,median
31,s2_wifi_degraded,1.2429294919367564,7.522606951356906,False,False,False,vlp_only,71,1.5,7.5,0.999999196879905,median
31,s2_wifi_degraded,1.2429294919367564,7.522606951356906,False,False,False,static_fusion,71,1.5,7.5,0.565513104170617,median
32,s2_wifi_degraded,1.1706414409291317,7.446686809586819,False,False,False,wifi_only,80,0.5,8.5,0.16165008120900604,median
32,s2_wifi_degraded,1.1706414409291317,7.446686809586819,False,False,False,vlp_only,71,1.5,7.5,0.9999999450549157,median
32,s2_wifi_degraded,1.1706414409291317,7.446686809586819,False,False,False,static_fusion,71,1.5,7.5,0.5655134782581224,median
33,s2_wifi_degraded,1.0225794063669398,7.298034493574606,False,False,False,wifi_only,70,0.5,7.5,0.16195301060210773,median
33,s2_wifi_degraded,1.0225794063669398,7.298034493574606,False,False,False,vlp_only,71,1.5,7.5,0.9999999989757283,median
33,s2_wifi_degraded,1.0225794063669398,7.298034493574606,False,False,False,static_fusion,71,1.5,7.5,0.5628348760260422,median
34,s2_wifi_degraded,0.8405580282052503,7.1660136409604815,False,False,False,wifi_only,70,0.5,7.5,0.17999738722894812,median
34,s2_wifi_degraded,0.8405580282052503,7.1660136409604815,False,False,False,vlp_only,71,1.5,7.5,0.9999999997181999,median
34,s2_wifi_degraded,0.8405580282052503,7.1660136409604815,False,False,False,static_fusion,71,1.5,7.5,0.5560435198957332,median
35,s2_wifi_degraded,0.7992402328627707,7.065719351919998,True,False,False,wifi_only,70,0.5,7.5,0.2063637295037927,median
35,s2_wifi_degraded,0.7992402328627707,7.065719351919998,True,False,False,vlp_only,70,0.5,7.5,0.9999999999010001,median
35,s2_wifi_degraded,0.7992402328627707,7.065719351919998,True,False,False,static_fusion,70,0.5,7.5,0.6031818647023964,median
36,s2_wifi_degraded,0.7671095331979448,6.6194549412444434,True,False,False,wifi_only,70,0.5,7.5,0.2063637295037927,median
36,s2_wifi_degraded,0.7671095331979448,6.6194549412444434,True,False,False,vlp_only,70,0.5,7.5,0.9999999999010001,median
36,s2_wifi_degraded,0.7671095331979448,6.6194549412444434,True,False,False,static_fusion,70,0.5,7.5,0.6031818647023964,median
37,s2_wifi_degraded,0.7867269935815102,6.50813786445098,True,False,False,wifi_only,60,0.5,6.5,0.21510754961244513,median
37,s2_wifi_degraded,0.7867269935815102,6.50813786445098,True,False,False,vlp_only,70,0.5,7.5,0.9999999164181871,median
37,s2_wifi_degraded,0.7867269935815102,6.50813786445098,True,False,False,static_fusion,70,0.5,7.5,0.6008647422326652,median
38,s2_wifi_degraded,0.9039958580667962,6.339426406945286,True,False,False,wifi_only,60,0.5,6.5,0.23347473596855986,median
38,s2_wifi_degraded,0.9039958580667962,6.339426406945286,True,False,False,vlp_only,60,0.5,6.5,0.9999999149234565,median
38,s2_wifi_degraded,0.9039958580667962,6.339426406945286,True,False,False,static_fusion,60,0.5,6.5,0.6167373254460082,median
39,s2_wifi_degraded,0.9979740023158236,6.187541249202924,True,False,False,wifi_only,60,0.5,6.5,0.27032105740156553,median
39,s2_wifi_degraded,0.9979740023158236,6.187541249202924,True,False,False,vlp_only,60,0.5,6.5,0.9999999999010002,median
39,s2_wifi_degraded,0.9979740023158236,6.187541249202924,True,False,False,static_fusion,60,0.5,6.5,0.6351605286512829,median
40,s2_wifi_degraded,1.28488954092244,5.782257454541684,True,False,False,wifi_only,50,0.5,5.5,0.41214198814466496,median
40,s2_wifi_degraded,1.28488954092244,5.782257454541684,True,False,False,vlp_only,60,0.5,6.5,0.9999999999010002,median
40,s2_wifi_degraded,1.28488954092244,5.782257454541684,True,False,False,static_fusion,60,0.5,6.5,0.6305362963513574,median
41,s2_wifi_degraded,1.513102962684955,5.518180410148621,True,False,False,wifi_only,40,0.5,4.5,0.39186166614603357,median
41,s2_wifi_degraded,1.513102962684955,5.518180410148621,True,False,False,vlp_only,60,0.5,6.5,0.9999999999010002,median
41,s2_wifi_degraded,1.513102962684955,5.518180410148621,True,False,False,static_fusion,60,0.5,6.5,0.5026602271649513,median
42,s2_wifi_degraded,1.6106044791645622,5.19830615307079,True,False,False,wifi_only,30,0.5,3.5,0.35414602693732106,median
42,s2_wifi_degraded,1.6106044791645622,5.19830615307079,True,False,False,vlp_only,51,1.5,5.5,0.9999999999010002,median
42,s2_wifi_degraded,1.6106044791645622,5.19830615307079,True,False,False,static_fusion,51,1.5,5.5,0.5012738537060992,median
43,s2_wifi_degraded,1.8972643262832607,4.975906927269721,True,False,False,wifi_only,50,0.5,5.5,0.3381794185234477,median
43,s2_wifi_degraded,1.8972643262832607,4.975906927269721,True,False,False,vlp_only,51,1.5,5.5,0.999999999892677,median
43,s2_wifi_degraded,1.8972643262832607,4.975906927269721,True,False,False,static_fusion,51,1.5,5.5,0.5301600542267791,median
44,s2_wifi_degraded,2.229332660696988,4.76372737768957,True,False,False,wifi_only,50,0.5,5.5,0.47702756505764915,median
44,s2_wifi_degraded,2.229332660696988,4.76372737768957,True,False,False,vlp_only,51,1.5,5.5,0.9999420415015433,median
44,s2_wifi_degraded,2.229332660696988,4.76372737768957,True,False,False,static_fusion,51,1.5,5.5,0.504329841419933,median
45,s2_wifi_degraded,2.6145006895276834,4.592072450426468,True,False,False,wifi_only,50,0.5,5.5,0.4161045193512924,median
45,s2_wifi_degraded,2.6145006895276834,4.592072450426468,True,False,False,vlp_only,41,1.5,4.5,0.9657215604236787,median
45,s2_wifi_degraded,2.6145006895276834,4.592072450426468,True,False,False,static_fusion,41,1.5,4.5,0.49970741685118736,median
46,s2_wifi_degraded,2.661129424294631,4.466616768697175,True,False,False,wifi_only,50,0.5,5.5,0.4161045193512924,median
46,s2_wifi_degraded,2.661129424294631,4.466616768697175,True,False,False,vlp_only,42,2.5,4.5,0.9941012255964251,median
46,s2_wifi_degraded,2.661129424294631,4.466616768697175,True,False,False,static_fusion,42,2.5,4.5,0.4985898910332504,median
47,s2_wifi_degraded,2.6450300380382434,4.183588162907463,True,False,False,wifi_only,50,0.5,5.5,0.3641329026666555,median
47,s2_wifi_degraded,2.6450300380382434,4.183588162907463,True,False,False,vlp_only,42,2.5,4.5,0.9999999790843193,median
47,s2_wifi_degraded,2.6450300380382434,4.183588162907463,True,False,False,static_fusion,42,2.5,4.5,0.5119076671932793,median
48,s2_wifi_degraded,2.633014421787828,3.6860116411580814,False,False,False,wifi_only,50,0.5,5.5,0.30935738967715054,median
48,s2_wifi_degraded,2.633014421787828,3.6860116411580814,False,False,False,vlp_only,42,2.5,4.5,0.9999999998962222,median
48,s2_wifi_degraded,2.633014421787828,3.6860116411580814,False,False,False,static_fusion,42,2.5,4.5,0.5153239764442925,median
49,s2_wifi_degraded,2.7923313692644163,3.3743378598159564,False,False,False,wifi_only,50,0.5,5.5,0.19840609407327361,median
49,s2_wifi_degraded,2.7923313692644163,3.3743378598159564,False,False,False,vlp_only,42,2.5,4.5,0.9999999998999591,median
49,s2_wifi_degraded,2.7923313692644163,3.3743378598159564,False,False,False,static_fusion,42,2.5,4.5,0.5433149669596159,median
50,s2_wifi_degraded,2.983612121628606,3.11916257556942,False,False,False,wifi_only,34,4.5,3.5,0.18273891586236554,median
50,s2_wifi_degraded,2.983612121628606,3.11916257556942,False,False,False,vlp_only,32,2.5,3.5,0.9999999999010002,median
50,s2_wifi_degraded,2.983612121628606,3.11916257556942,False,False,False,static_fusion,32,2.5,3.5,0.511658398029763,median
51,s2_wifi_degraded,3.351818132537528,2.843855854625126,False,False,False,wifi_only,34,4.5,3.5,0.18060471138103595,median
51,s2_wifi_degraded,3.351818132537528,2.843855854625126,False,False,False,vlp_only,32,2.5,3.5,0.9999999999010002,median
51,s2_wifi_degraded,3.351818132537528,2.843855854625126,False,False,False,static_fusion,32,2.5,3.5,0.5149876960468991,median
52,s2_wifi_degraded,3.56862361427012,2.697604331930428,False,False,False,wifi_only,33,3.5,3.5,0.18218693274451378,median
52,s2_wifi_degraded,3.56862361427012,2.697604331930428,False,False,False,vlp_only,32,2.5,3.5,0.9999999996470365,median
52,s2_wifi_degraded,3.56862361427012,2.697604331930428,False,False,False,static_fusion,32,2.5,3.5,0.5424295493241991,median
53,s2_wifi_degraded,3.943888445431222,2.4514296926551147,False,False,False,wifi_only,23,3.5,2.5,0.22581995593781637,median
53,s2_wifi_degraded,3.943888445431222,2.4514296926551147,False,False,False,vlp_only,23,3.5,2.5,0.9999999999010003,median
53,s2_wifi_degraded,3.943888445431222,2.4514296926551147,False,False,False,static_fusion,23,3.5,2.5,0.6129099779194084,median
54,s2_wifi_degraded,4.260369316238271,2.2082022988398595,False,False,False,wifi_only,23,3.5,2.5,0.22982045629842254,median
54,s2_wifi_degraded,4.260369316238271,2.2082022988398595,False,False,False,vlp_only,23,3.5,2.5,0.9999999999010003,median
54,s2_wifi_degraded,4.260369316238271,2.2082022988398595,False,False,False,static_fusion,23,3.5,2.5,0.6149102280997114,median
55,s2_wifi_degraded,4.627569160973635,2.060114150367901,False,False,False,wifi_only,24,4.5,2.5,0.184737910268544,median
55,s2_wifi_degraded,4.627569160973635,2.060114150367901,False,False,False,vlp_only,3,3.5,0.5,0.9999999088994393,median
55,s2_wifi_degraded,4.627569160973635,2.060114150367901,False,False,False,static_fusion,3,3.5,0.5,0.5056026976714303,median
56,s2_wifi_degraded,4.961867043427717,1.830848239374332,False,False,False,wifi_only,24,4.5,2.5,0.19791507716042964,median
56,s2_wifi_degraded,4.961867043427717,1.830848239374332,False,False,False,vlp_only,24,4.5,2.5,0.9989947353499221,median
56,s2_wifi_degraded,4.961867043427717,1.830848239374332,False,False,False,static_fusion,24,4.5,2.5,0.598454906255176,median
57,s2_wifi_degraded,5.0679788704002044,1.7195475994342533,False,False,False,wifi_only,24,4.5,2.5,0.17913919608817483,median
57,s2_wifi_degraded,5.0679788704002044,1.7195475994342533,False,False,False,vlp_only,24,4.5,2.5,0.9899362658294736,median
57,s2_wifi_degraded,5.0679788704002044,1.7195475994342533,False,False,False,static_fusion,24,4.5,2.5,0.5845377309588241,median
58,s2_wifi_degraded,5.335240810429285,1.571560122687008,False,False,False,wifi_only,24,4.5,2.5,0.17913919608817483,median
58,s2_wifi_degraded,5.335240810429285,1.571560122687008,False,False,False,vlp_only,4,4.5,0.5,0.9999999882045986,median
58,s2_wifi_degraded,5.335240810429285,1.571560122687008,False,False,False,static_fusion,4,4.5,0.5,0.5237203376976389,median
59,s2_wifi_degraded,5.651780389210071,1.3727606103935992,False,False,False,wifi_only,4,4.5,0.5,0.19476812276073846,median
59,s2_wifi_degraded,5.651780389210071,1.3727606103935992,False,False,False,vlp_only,5,5.5,0.5,0.9999987820892176,median
59,s2_wifi_degraded,5.651780389210071,1.3727606103935992,False,False,False,static_fusion,5,5.5,0.5,0.5663943401301952,median
60,s2_wifi_degraded,5.898763386562306,1.2621017401554997,True,False,False,wifi_only,24,4.5,2.5,0.1621534858039914,median
60,s2_wifi_degraded,5.898763386562306,1.2621017401554997,True,False,False,vlp_only,15,5.5,1.5,0.9999999998640234,median
60,s2_wifi_degraded,5.898763386562306,1.2621017401554997,True,False,False,static_fusion,15,5.5,1.5,0.5546838611102143,median
61,s2_wifi_degraded,6.355551046384767,1.4203122314749552,True,False,False,wifi_only,26,6.5,2.5,0.21051651433220675,median
61,s2_wifi_degraded,6.355551046384767,1.4203122314749552,True,False,False,vlp_only,15,5.5,1.5,0.9999999998994379,median
61,s2_wifi_degraded,6.355551046384767,1.4203122314749552,True,False,False,static_fusion,15,5.5,1.5,0.547085419468309,median
62,s2_wifi_degraded,6.594147927702143,1.4206009795225187,True,False,False,wifi_only,25,5.5,2.5,0.21450081143008506,median
62,s2_wifi_degraded,6.594147927702143,1.4206009795225187,True,False,False,vlp_only,6,6.5,0.5,0.9999999999010003,median
62,s2_wifi_degraded,6.594147927702143,1.4206009795225187,True,False,False,static_fusion,6,6.5,0.5,0.5105077829213134,median
63,s2_wifi_degraded,6.702875767945526,1.3948214383894544,True,False,False,wifi_only,16,6.5,1.5,0.30367724379192407,median
63,s2_wifi_degraded,6.702875767945526,1.3948214383894544,True,False,False,vlp_only,16,6.5,1.5,0.9999999999010003,median
63,s2_wifi_degraded,6.702875767945526,1.3948214383894544,True,False,False,static_fusion,16,6.5,1.5,0.6518386218464622,median
64,s2_wifi_degraded,6.87517464550481,1.1902703370600811,True,False,False,wifi_only,16,6.5,1.5,0.30367724379192407,median
64,s2_wifi_degraded,6.87517464550481,1.1902703370600811,True,False,False,vlp_only,16,6.5,1.5,0.9999999999010003,median
64,s2_wifi_degraded,6.87517464550481,1.1902703370600811,True,False,False,static_fusion,16,6.5,1.5,0.6518386218464622,median
65,s2_wifi_degraded,6.892272294025562,1.0122251452148698,True,False,False,wifi_only,17,7.5,1.5,0.22044057453339944,median
65,s2_wifi_degraded,6.892272294025562,1.0122251452148698,True,False,False,vlp_only,16,6.5,1.5,0.9999999998900647,median
65,s2_wifi_degraded,6.892272294025562,1.0122251452148698,True,False,False,static_fusion,16,6.5,1.5,0.5282364631581178,median
66,s2_wifi_degraded,7.000483248939226,0.9177176630235528,True,False,False,wifi_only,17,7.5,1.5,0.22044057453339944,median
66,s2_wifi_degraded,7.000483248939226,0.9177176630235528,True,False,False,vlp_only,16,6.5,1.5,0.9999999992195011,median
66,s2_wifi_degraded,7.000483248939226,0.9177176630235528,True,False,False,static_fusion,16,6.5,1.5,0.528236462822836,median
67,s2_wifi_degraded,7.169623623221895,0.7738996044632837,True,False,False,wifi_only,29,9.5,2.5,0.2849374573337924,median
67,s2_wifi_degraded,7.169623623221895,0.7738996044632837,True,False,False,vlp_only,16,6.5,1.5,0.9990386699780256,median
67,s2_wifi_degraded,7.169623623221895,0.7738996044632837,True,False,False,static_fusion,16,6.5,1.5,0.5043151985370433,median
68,s2_wifi_degraded,7.492034971191752,0.4271040557051936,True,False,False,wifi_only,39,9.5,3.5,0.34948053993388917,median
68,s2_wifi_degraded,7.492034971191752,0.4271040557051936,True,False,False,vlp_only,7,7.5,0.5,0.9999999716278001,median
68,s2_wifi_degraded,7.492034971191752,0.4271040557051936,True,False,False,static_fusion,7,7.5,0.5,0.5122008696804656,median
69,s2_wifi_degraded,7.463813289098351,0.1481351742215659,True,False,False,wifi_only,29,9.5,2.5,0.3887284957681322,median
69,s2_wifi_degraded,7.463813289098351,0.1481351742215659,True,False,False,vlp_only,7,7.5,0.5,0.9999999999010003,median
69,s2_wifi_degraded,7.463813289098351,0.1481351742215659,True,False,False,static_fusion,7,7.5,0.5,0.537288079458853,median
70,s2_wifi_degraded,7.384046542733699,0.3965845375848609,True,False,False,wifi_only,29,9.5,2.5,0.41057175543954033,median
70,s2_wifi_degraded,7.384046542733699,0.3965845375848609,True,False,False,vlp_only,7,7.5,0.5,0.9999999999010003,median
70,s2_wifi_degraded,7.384046542733699,0.3965845375848609,True,False,False,static_fusion,7,7.5,0.5,0.521396381458928,median
71,s2_wifi_degraded,7.274941349103505,0.5328406187982155,True,False,False,wifi_only,39,9.5,3.5,0.3023445901046379,median
71,s2_wifi_degraded,7.274941349103505,0.5328406187982155,True,False,False,vlp_only,7,7.5,0.5,0.9999999999010003,median
71,s2_wifi_degraded,7.274941349103505,0.5328406187982155,True,False,False,static_fusion,7,7.5,0.5,0.5050612608957964,median
72,s2_wifi_degraded,7.242898641642358,0.6319581293500205,True,False,False,wifi_only,29,9.5,2.5,0.4808055516605402,median
72,s2_wifi_degraded,7.242898641642358,0.6319581293500205,True,False,False,vlp_only,7,7.5,0.5,0.9999999999010003,median
72,s2_wifi_degraded,7.242898641642358,0.6319581293500205,True,False,False,static_fusion,7,7.5,0.5,0.5910305239778394,median
73,s2_wifi_degraded,6.897766036852761,0.9865854746261178,True,False,False,wifi_only,7,7.5,0.5,0.5575414987558148,median
73,s2_wifi_degraded,6.897766036852761,0.9865854746261178,True,False,False,vlp_only,7,7.5,0.5,0.9999999999010003,median
73,s2_wifi_degraded,6.897766036852761,0.9865854746261178,True,False,False,static_fusion,7,7.5,0.5,0.7787707493284075,median
74,s2_wifi_degraded,6.819062780162876,1.076859414311629,True,False,False,wifi_only,7,7.5,0.5,0.6554182220155738,median
74,s2_wifi_degraded,6.819062780162876,1.076859414311629,True,False,False,vlp_only,7,7.5,0.5,0.9999999999010003,median
74,s2_wifi_degraded,6.819062780162876,1.076859414311629,True,False,False,static_fusion,7,7.5,0.5,0.8277091109582868,median
75,s2_wifi_degraded,6.720234602821568,1.267398302606882,False,False,False,wifi_only,6,6.5,0.5,0.43285996179288916,median
75,s2_wifi_degraded,6.720234602821568,1.267398302606882,False,False,False,vlp_only,7,7.5,0.5,0.9769561712516729,median
75,s2_wifi_degraded,6.720234602821568,1.267398302606882,False,False,False,static_fusion,7,7.5,0.5,0.6594914370224043,median
76,s2_wifi_degraded,6.503783427177126,1.570279682105651,False,False,False,wifi_only,7,7.5,0.5,0.44335023285194136,median
76,s2_wifi_degraded,6.503783427177126,1.570279682105651,False,False,False,vlp_only,16,6.5,1.5,0.999646324092004,median
76,s2_wifi_degraded,6.503783427177126,1.570279682105651,False,False,False,static_fusion,16,6.5,1.5,0.5305199664915061,median
77,s2_wifi_degraded,6.358465325036558,1.791120746986019,False,False,False,wifi_only,16,6.5,1.5,0.2258698432430945,median
77,s2_wifi_degraded,6.358465325036558,1.791120746986019,False,False,False,vlp_only,16,6.5,1.5,0.9999999999010003,median
77,s2_wifi_degraded,6.358465325036558,1.791120746986019,False,False,False,static_fusion,16,6.5,1.5,0.6129349215720474,median
78,s2_wifi_degraded,6.122791880845917,1.8813582130943367,False,False,False,wifi_only,25,5.5,2.5,0.18567590359770095,median
78,s2_wifi_degraded,6.122791880845917,1.8813582130943367,False,False,False,vlp_only,16,6.5,1.5,0.9999999998456811,median
78,s2_wifi_degraded,6.122791880845917,1.8813582130943367,False,False,False,static_fusion,16,6.5,1.5,0.518397978465323,median
79,s2_wifi_degraded,5.750230255978351,2.1326072148263107,False,False,False,wifi_only,25,5.5,2.5,0.20504687218821765,median
79,s2_wifi_degraded,5.750230255978351,2.1326072148263107,False,False,False,vlp_only,16,6.5,1.5,0.9999999984236305,median
79,s2_wifi_degraded,5.750230255978351,2.1326072148263107,False,False,False,static_fusion,16,6.5,1.5,0.5106133638785066,median
80,s2_wifi_degraded,5.514678873922644,2.389062926514496,False,False,False,wifi_only,25,5.5,2.5,0.21167594743703805,median
80,s2_wifi_degraded,5.514678873922644,2.389062926514496,False,False,False,vlp_only,6,6.5,0.5,0.9999999999010003,median
80,s2_wifi_degraded,5.514678873922644,2.389062926514496,False,False,False,static_fusion,6,6.5,0.5,0.5044050455316907,median
81,s2_wifi_degraded,5.508112152914603,2.4998600146256016,False,False,False,wifi_only,25,5.5,2.5,0.20504687218821765,median
81,s2_wifi_degraded,5.508112152914603,2.4998600146256016,False,False,False,vlp_only,25,5.5,2.5,0.7220258260132068,median
81,s2_wifi_degraded,5.508112152914603,2.4998600146256016,False,False,False,static_fusion,25,5.5,2.5,0.4635363491007121,median
82,s2_wifi_degraded,5.600226935990087,2.6582213422588112,False,False,False,wifi_only,25,5.5,2.5,0.20247435535468616,median
82,s2_wifi_degraded,5.600226935990087,2.6582213422588112,False,False,False,vlp_only,25,5.5,2.5,0.9999975802618931,median
82,s2_wifi_degraded,5.600226935990087,2.6582213422588112,False,False,False,static_fusion,25,5.5,2.5,0.6012359678082895,median
83,s2_wifi_degraded,5.738537290833164,2.759195471518816,False,False,False,wifi_only,25,5.5,2.5,0.20999985898866758,median
83,s2_wifi_degraded,5.738537290833164,2.759195471518816,False,False,False,vlp_only,25,5.5,2.5,0.9999999966932591,median
83,s2_wifi_degraded,5.738537290833164,2.759195471518816,False,False,False,static_fusion,25,5.5,2.5,0.6049999278409632,median
84,s2_wifi_degraded,5.832850971363683,3.0310878411880533,False,False,False,wifi_only,36,6.5,3.5,0.1944602582793318,median
84,s2_wifi_degraded,5.832850971363683,3.0310878411880533,False,False,False,vlp_only,25,5.5,2.5,0.9999999999010002,median
84,s2_wifi_degraded,5.832850971363683,3.0310878411880533,False,False,False,static_fusion,25,5.5,2.5,0.5561346989398893,median
85,s2_wifi_degraded,5.898467311753344,3.228508652056043,True,False,False,wifi_only,35,5.5,3.5,0.19236698262275484,median
85,s2_wifi_degraded,5.898467311753344,3.228508652056043,True,False,False,vlp_only,25,5.5,2.5,0.9999999999010002,median
85,s2_wifi_degraded,5.898467311753344,3.228508652056043,True,False,False,static_fusion,25,5.5,2.5,0.5761492342453183,median
86,s2_wifi_degraded,5.888626732888142,3.400271085109193,True,False,False,wifi_only,35,5.5,3.5,0.17352373637760632,median
86,s2_wifi_degraded,5.888626732888142,3.400271085109193,True,False,False,vlp_only,25,5.5,2.5,0.9999999999010002,median
86,s2_wifi_degraded,5.888626732888142,3.400271085109193,True,False,False,static_fusion,25,5.5,2.5,0.5322031693475162,median
87,s2_wifi_degraded,5.651159957112673,3.739006548657096,True,False,False,wifi_only,46,6.5,4.5,0.1392970683669175,median
87,s2_wifi_degraded,5.651159957112673,3.739006548657096,True,False,False,vlp_only,25,5.5,2.5,0.9999999999010002,median
87,s2_wifi_degraded,5.651159957112673,3.739006548657096,True,False,False,static_fusion,25,5.5,2.5,0.520264468379017,median
88,s2_wifi_degraded,5.511321113022474,3.8790676275290847,True,False,False,wifi_only,46,6.5,4.5,0.14882443055078606,median
88,s2_wifi_degraded,5.511321113022474,3.8790676275290847,True,False,False,vlp_only,25,5.5,2.5,0.9999999999010002,median
88,s2_wifi_degraded,5.511321113022474,3.8790676275290847,True,False,False,static_fusion,25,5.5,2.5,0.5128278327553266,median
89,s2_wifi_degraded,5.43643528909089,3.953273740011248,True,False,False,wifi_only,34,4.5,3.5,0.16082532733050647,median
89,s2_wifi_degraded,5.43643528909089,3.953273740011248,True,False,False,vlp_only,35,5.5,3.5,0.9999999999010002,median
89,s2_wifi_degraded,5.43643528909089,3.953273740011248,True,False,False,static_fusion,35,5.5,3.5,0.5751906586343933,median
90,s2_wifi_degraded,5.230257776887017,3.9835295593536193,True,False,False,wifi_only,58,8.5,5.5,0.17008244456682337,median
90,s2_wifi_degraded,5.230257776887017,3.9835295593536193,True,False,False,vlp_only,35,5.5,3.5,0.9999999999010002,median
90,s2_wifi_degraded,5.230257776887017,3.9835295593536193,True,False,False,static_fusion,35,5.5,3.5,0.5018269653744738,median
91,s2_wifi_degraded,4.9776092930395945,4.056000817377593,True,False,False,wifi_only,36,6.5,3.5,0.19777524137249775,median
91,s2_wifi_degraded,4.9776092930395945,4.056000817377593,True,False,False,vlp_only,35,5.5,3.5,0.9999999999010002,median
91,s2_wifi_degraded,4.9776092930395945,4.056000817377593,True,False,False,static_fusion,35,5.5,3.5,0.5648326951143399,median
92,s2_wifi_degraded,4.723335213676367,4.234008104614395,True,False,False,wifi_only,25,5.5,2.5,0.18545830246916442,median
92,s2_wifi_degraded,4.723335213676367,4.234008104614395,True,False,False,vlp_only,45,5.5,4.5,0.9999999999010002,median
92,s2_wifi_degraded,4.723335213676367,4.234008104614395,True,False,False,static_fusion,45,5.5,4.5,0.5130379709343375,median
93,s2_wifi_degraded,4.5603601875449,4.42721654605225,True,False,False,wifi_only,35,5.5,3.5,0.18613882347797686,median
93,s2_wifi_degraded,4.5603601875449,4.42721654605225,True,False,False,vlp_only,44,4.5,4.5,0.9999999999010002,median
93,s2_wifi_degraded,4.5603601875449,4.42721654605225,True,False,False,static_fusion,44,4.5,4.5,0.5230261162253665,median
94,s2_wifi_degraded,4.376758804931988,4.783397516554166,True,False,False,wifi_only,45,5.5,4.5,0.16744615503472393,median
94,s2_wifi_degraded,4.376758804931988,4.783397516554166,True,False,False,vlp_only,44,4.5,4.5,0.9999999999010002,median
94,s2_wifi_degraded,4.376758804931988,4.783397516554166,True,False,False,static_fusion,44,4.5,4.5,0.5490224904632787,median
95,s2_wifi_degraded,4.278110895822162,4.873116927745965,True,False,False,wifi_only,62,2.5,6.5,0.1450146446322606,median
95,s2_wifi_degraded,4.278110895822162,4.873116927745965,True,False,False,vlp_only,44,4.5,4.5,0.9999999999010002,median
95,s2_wifi_degraded,4.278110895822162,4.873116927745965,True,False,False,static_fusion,44,4.5,4.5,0.5037960430118389,median
96,s2_wifi_degraded,4.12801724847605,5.124228511615788,True,False,False,wifi_only,71,1.5,7.5,0.1368198344182174,median
96,s2_wifi_degraded,4.12801724847605,5.124228511615788,True,False,False,vlp_only,44,4.5,4.5,0.9999999999010002,median
96,s2_wifi_degraded,4.12801724847605,5.124228511615788,True,False,False,static_fusion,44,4.5,4.5,0.5025664864044446,median
97,s2_wifi_degraded,3.704635602450641,5.262849100858526,True,False,False,wifi_only,81,1.5,8.5,0.10774297799024654,median
97,s2_wifi_degraded,3.704635602450641,5.262849100858526,True,False,False,vlp_only,44,4.5,4.5,0.9999999999010002,median
97,s2_wifi_degraded,3.704635602450641,5.262849100858526,True,False,False,static_fusion,44,4.5,4.5,0.5004667467397892,median
98,s2_wifi_degraded,3.5561357581555817,5.285474381301673,True,False,False,wifi_only,60,0.5,6.5,0.22386146538809615,median
98,s2_wifi_degraded,3.5561357581555817,5.285474381301673,True,False,False,vlp_only,54,4.5,5.5,0.9999999999010002,median
98,s2_wifi_degraded,3.5561357581555817,5.285474381301673,True,False,False,static_fusion,54,4.5,5.5,0.5021306535250225,median
99,s2_wifi_degraded,3.128664509288299,5.522908615866154,True,False,False,wifi_only,60,0.5,6.5,0.18729083736574345,median
99,s2_wifi_degraded,3.128664509288299,5.522908615866154,True,False,False,vlp_only,53,3.5,5.5,0.9999999999010002,median
99,s2_wifi_degraded,3.128664509288299,5.522908615866154,True,False,False,static_fusion,53,3.5,5.5,0.5128540560448931,median
0,s2_wifi_degraded,6.1055626688123565,8.931678203850066,False,False,False,wifi_only,86,6.5,8.5,0.17855307592436914,ema
0,s2_wifi_degraded,6.1055626688123565,8.931678203850066,False,False,False,vlp_only,96,6.5,9.5,0.9999999999010001,ema
0,s2_wifi_degraded,6.1055626688123565,8.931678203850066,False,False,False,static_fusion,96,6.5,9.5,0.5844887375076168,ema
1,s2_wifi_degraded,6.320554771122484,9.075343533082185,False,False,False,wifi_only,86,6.5,8.5,0.3176714498193263,ema
1,s2_wifi_degraded,6.320554771122484,9.075343533082185,False,False,False,vlp_only,96,6.5,9.5,0.9999999999010001,ema
1,s2_wifi_degraded,6.320554771122484,9.075343533082185,False,False,False,static_fusion,96,6.5,9.5,0.617050809622215,ema
2,s2_wifi_degraded,6.58026211240472,9.446929430621816,False,False,False,wifi_only,86,6.5,8.5,0.29098630045190343,ema
2,s2_wifi_degraded,6.58026211240472,9.446929430621816,False,False,False,vlp_only,96,6.5,9.5,0.9999999999010001,ema
2,s2_wifi_degraded,6.58026211240472,9.446929430621816,False,False,False,static_fusion,96,6.5,9.5,0.6188863663780908,ema
3,s2_wifi_degraded,6.690486996140005,9.773722821152626,False,False,False,wifi_only,86,6.5,8.5,0.2661652307242252,ema
3,s2_wifi_degraded,6.690486996140005,9.773722821152626,False,False,False,vlp_only,96,6.5,9.5,0.9999999999010001,ema
3,s2_wifi_degraded,6.690486996140005,9.773722821152626,False,False,False,static_fusion,96,6.5,9.5,0.6061618943580417,ema
4,s2_wifi_degraded,6.648930003357536,9.453988556211296,False,False,False,wifi_only,86,6.5,8.5,0.270531932949535,ema
4,s2_wifi_degraded,6.648930003357536,9.453988556211296,False,False,False,vlp_only,96,6.5,9.5,0.9999999999010001,ema
4,s2_wifi_degraded,6.648930003357536,9.453988556211296,False,False,False,static_fusion,96,6.5,9.5,0.6162042650334798,ema
5,s2_wifi_degraded,6.503414861243288,9.34880509424309,False,False,False,wifi_only,86,6.5,8.5,0.17286649782858782,ema
5,s2_wifi_degraded,6.503414861243288,9.34880509424309,False,False,False,vlp_only,96,6.5,9.5,0.9999999999010001,ema
5,s2_wifi_degraded,6.503414861243288,9.34880509424309,False,False,False,static_fusion,96,6.5,9.5,0.5767000247691835,ema
6,s2_wifi_degraded,6.309679632446698,9.224501326679391,False,False,False,wifi_only,86,6.5,8.5,0.2656736608783582,ema
6,s2_wifi_degraded,6.309679632446698,9.224501326679391,False,False,False,vlp_only,96,6.5,9.5,0.9999999999010001,ema
6,s2_wifi_degraded,6.309679632446698,9.224501326679391,False,False,False,static_fusion,96,6.5,9.5,0.6261943356656572,ema
7,s2_wifi_degraded,6.06460409098813,9.084291660062746,False,False,False,wifi_only,86,6.5,8.5,0.29072551292756543,ema
7,s2_wifi_degraded,6.06460409098813,9.084291660062746,False,False,False,vlp_only,96,6.5,9.5,0.9999999999010001,ema
7,s2_wifi_degraded,6.06460409098813,9.084291660062746,False,False,False,static_fusion,96,6.5,9.5,0.6365798601328084,ema
8,s2_wifi_degraded,5.726062604387588,9.046898224684307,False,False,False,wifi_only,86,6.5,8.5,0.21268431670510085,ema
8,s2_wifi_degraded,5.726062604387588,9.046898224684307,False,False,False,vlp_only,96,6.5,9.5,0.9999999999010001,ema
8,s2_wifi_degraded,5.726062604387588,9.046898224684307,False,False,False,static_fusion,96,6.5,9.5,0.5807765033552423,ema
9,s2_wifi_degraded,5.334545965818324,9.091415993613808,False,False,False,wifi_only,85,5.5,8.5,0.2967963329914221,ema
9,s2_wifi_degraded,5.334545965818324,9.091415993613808,False,False,False,vlp_only,85,5.5,8.5,0.9999999999010001,ema
9,s2_wifi_degraded,5.334545965818324,9.091415993613808,False,False,False,static_fusion,85,5.5,8.5,0.648398166446211,ema
10,s2_wifi_degraded,4.945823765007514,9.252578001847564,True,False,False,wifi_only,84,4.5,8.5,0.41615409266231707,ema
10,s2_wifi_degraded,4.945823765007514,9.252578001847564,True,False,False,vlp_only,85,5.5,8.5,0.9999479742565164,ema
10,s2_wifi_degraded,4.945823765007514,9.252578001847564,True,False,False,static_fusion,85,5.5,8.5,0.650578395925062,ema
11,s2_wifi_degraded,4.721675127324938,9.340170350002357,True,False,False,wifi_only,84,4.5,8.5,0.3598472616602743,ema
11,s2_wifi_degraded,4.721675127324938,9.340170350002357,True,False,False,vlp_only,95,5.5,9.5,0.9999999999010001,ema
11,s2_wifi_degraded,4.721675127324938,9.340170350002357,True,False,False,static_fusion,95,5.5,9.5,0.584197569363318,ema
12,s2_wifi_degraded,4.340963373281298,9.42272693147179,True,False,False,wifi_only,95,5.5,9.5,0.3235032770969649,ema
12,s2_wifi_degraded,4.340963373281298,9.42272693147179,True,False,False,vlp_only,94,4.5,9.5,0.9999999999010001,ema
12,s2_wifi_degraded,4.340963373281298,9.42272693147179,True,False,False,static_fusion,94,4.5,9.5,0.6588792657175865,ema
13,s2_wifi_degraded,4.095436566930193,9.473710426329454,True,False,False,wifi_only,94,4.5,9.5,0.5652351475452602,ema
13,s2_wifi_degraded,4.095436566930193,9.473710426329454,True,False,False,vlp_only,94,4.5,9.5,0.9999999999010001,ema
13,s2_wifi_degraded,4.095436566930193,9.473710426329454,True,False,False,static_fusion,94,4.5,9.5,0.7826175737231302,ema
14,s2_wifi_degraded,3.863209848904428,9.531730849012984,True,False,False,wifi_only,94,4.5,9.5,0.4939012052556383,ema
14,s2_wifi_degraded,3.863209848904428,9.531730849012984,True,False,False,vlp_only,94,4.5,9.5,0.9999999988793822,ema
14,s2_wifi_degraded,3.863209848904428,9.531730849012984,True,False,False,static_fusion,94,4.5,9.5,0.7469506020675102,ema
15,s2_wifi_degraded,3.520682956293645,9.491058893166894,True,False,False,wifi_only,95,5.5,9.5,0.3262871841478387,ema
15,s2_wifi_degraded,3.520682956293645,9.491058893166894,True,False,False,vlp_only,84,4.5,8.5,0.9999999999010001,ema
15,s2_wifi_degraded,3.520682956293645,9.491058893166894,True,False,False,static_fusion,84,4.5,8.5,0.5887603963969774,ema
16,s2_wifi_degraded,3.165382501834026,9.461587695941777,True,False,False,wifi_only,84,4.5,8.5,0.3033397764382358,ema
16,s2_wifi_degraded,3.165382501834026,9.461587695941777,True,False,False,vlp_only,93,3.5,9.5,0.9999999999010001,ema
16,s2_wifi_degraded,3.165382501834026,9.461587695941777,True,False,False,static_fusion,93,3.5,9.5,0.5000265934413165,ema
17,s2_wifi_degraded,2.930245477093876,9.456164822050765,True,False,False,wifi_only,84,4.5,8.5,0.450716595429231,ema
17,s2_wifi_degraded,2.930245477093876,9.456164822050765,True,False,False,vlp_only,93,3.5,9.5,0.9999999999010001,ema
17,s2_wifi_degraded,2.930245477093876,9.456164822050765,True,False,False,static_fusion,93,3.5,9.5,0.5051158978125193,ema
18,s2_wifi_degraded,2.7420797060020465,9.472996628406442,True,False,False,wifi_only,83,3.5,8.5,0.3037562044199969,ema
18,s2_wifi_degraded,2.7420797060020465,9.472996628406442,True,False,False,vlp_only,93,3.5,9.5,0.9999999999010001,ema
18,s2_wifi_degraded,2.7420797060020465,9.472996628406442,True,False,False,static_fusion,93,3.5,9.5,0.5765625802449211,ema
19,s2_wifi_degraded,2.4198638446847416,9.489528341112424,True,False,False,wifi_only,93,3.5,9.5,0.2811146063762261,ema
19,s2_wifi_degraded,2.4198638446847416,9.489528341112424,True,False,False,vlp_only,92,2.5,9.5,0.9999999999005313,ema
19,s2_wifi_degraded,2.4198638446847416,9.489528341112424,True,False,False,static_fusion,92,2.5,9.5,0.5069868691311499,ema
20,s2_wifi_degraded,2.0874415206005943,9.43132427410417,False,False,False,wifi_only,93,3.5,9.5,0.15873513929010333,ema
20,s2_wifi_degraded,2.0874415206005943,9.43132427410417,False,False,False,vlp_only,92,2.5,9.5,0.9999999999010001,ema
20,s2_wifi_degraded,2.0874415206005943,9.43132427410417,False,False,False,static_fusion,92,2.5,9.5,0.5277720944196558,ema
21,s2_wifi_degraded,1.6827551012106006,9.608276410412028,False,False,False,wifi_only,96,6.5,9.5,0.14174042983586715,ema
21,s2_wifi_degraded,1.6827551012106006,9.608276410412028,False,False,False,vlp_only,92,2.5,9.5,0.9999999998374226,ema
21,s2_wifi_degraded,1.6827551012106006,9.608276410412028,False,False,False,static_fusion,92,2.5,9.5,0.5539965990021967,ema
22,s2_wifi_degraded,1.5666621834216723,9.721824928735591,False,False,False,wifi_only,92,2.5,9.5,0.174989118066804,ema
22,s2_wifi_degraded,1.5666621834216723,9.721824928735591,False,False,False,vlp_only,92,2.5,9.5,0.9999708982179906,ema
22,s2_wifi_degraded,1.5666621834216723,9.721824928735591,False,False,False,static_fusion,92,2.5,9.5,0.5874800081423973,ema
23,s2_wifi_degraded,1.8135872918506848,9.442076930062784,False,False,False,wifi_only,82,2.5,8.5,0.21336414617914945,ema
23,s2_wifi_degraded,1.8135872918506848,9.442076930062784,False,False,False,vlp_only,92,2.5,9.5,0.9836113060277594,ema
23,s2_wifi_degraded,1.8135872918506848,9.442076930062784,False,False,False,static_fusion,92,2.5,9.5,0.5920647548829248,ema
24,s2_wifi_degraded,1.9797748224675469,9.171124941492176,False,False,False,wifi_only,92,2.5,9.5,0.20069662220755155,ema
24,s2_wifi_degraded,1.9797748224675469,9.171124941492176,False,False,False,vlp_only,92,2.5,9.5,0.5043650031530144,ema
24,s2_wifi_degraded,1.9797748224675469,9.171124941492176,False,False,False,static_fusion,92,2.5,9.5,0.35253081268028297,ema
25,s2_wifi_degraded,2.0026978386863656,9.060785581306895,False,False,False,wifi_only,92,2.5,9.5,0.2628589224653818,ema
25,s2_wifi_degraded,2.0026978386863656,9.060785581306895,False,False,False,vlp_only,91,1.5,9.5,0.5812610959289929,ema
25,s2_wifi_degraded,2.0026978386863656,9.060785581306895,False,False,False,static_fusion,92,2.5,9.5,0.3407989131391353,ema
26,s2_wifi_degraded,2.0409538218277232,8.768038731768266,False,False,False,wifi_only,92,2.5,9.5,0.27760462292736887,ema
26,s2_wifi_degraded,2.0409538218277232,8.768038731768266,False,False,False,vlp_only,81,1.5,8.5,0.9996661024086332,ema
26,s2_wifi_degraded,2.0409538218277232,8.768038731768266,False,False,False,static_fusion,81,1.5,8.5,0.5302502512286564,ema
27,s2_wifi_degraded,1.943647595119588,8.39052055732134,False,False,False,wifi_only,81,1.5,8.5,0.14112641545938956,ema
27,s2_wifi_degraded,1.943647595119588,8.39052055732134,False,False,False,vlp_only,81,1.5,8.5,0.9999487724921543,ema
27,s2_wifi_degraded,1.943647595119588,8.39052055732134,False,False,False,static_fusion,81,1.5,8.5,0.570537593975772,ema
28,s2_wifi_degraded,1.822933837050688,7.938503894157455,False,False,False,wifi_only,81,1.5,8.5,0.14737346546697042,ema
28,s2_wifi_degraded,1.822933837050688,7.938503894157455,False,False,False,vlp_only,81,1.5,8.5,0.9999976831570841,ema
28,s2_wifi_degraded,1.822933837050688,7.938503894157455,False,False,False,static_fusion,81,1.5,8.5,0.5736855743120273,ema
29,s2_wifi_degraded,1.5143958915018594,7.638191012939957,False,False,False,wifi_only,71,1.5,7.5,0.16196896048293727,ema
29,s2_wifi_degraded,1.5143958915018594,7.638191012939957,False,False,False,vlp_only,81,1.5,8.5,0.9998397993702759,ema
29,s2_wifi_degraded,1.5143958915018594,7.638191012939957,False,False,False,static_fusion,81,1.5,8.5,0.5745170113807105,ema
30,s2_wifi_degraded,1.3675026549702816,7.582213936330399,False,False,False,wifi_only,72,2.5,7.5,0.10923804913671073,ema
30,s2_wifi_degraded,1.3675026549702816,7.582213936330399,False,False,False,vlp_only,71,1.5,7.5,0.868715940143152,ema
30,s2_wifi_degraded,1.3675026549702816,7.582213936330399,False,False,False,static_fusion,71,1.5,7.5,0.4842291313893412,ema
31,s2_wifi_degraded,1.2429294919367564,7.522606951356906,False,False,False,wifi_only,71,1.5,7.5,0.14786194110821077,ema
31,s2_wifi_degraded,1.2429294919367564,7.522606951356906,False,False,False,vlp_only,71,1.5,7.5,0.9994008924446277,ema
31,s2_wifi_degraded,1.2429294919367564,7.522606951356906,False,False,False,static_fusion,71,1.5,7.5,0.5736314167764192,ema
32,s2_wifi_degraded,1.1706414409291317,7.446686809586819,False,False,False,wifi_only,71,1.5,7.5,0.13046294071925252,ema
32,s2_wifi_degraded,1.1706414409291317,7.446686809586819,False,False,False,vlp_only,71,1.5,7.5,0.9999999652068592,ema
32,s2_wifi_degraded,1.1706414409291317,7.446686809586819,False,False,False,static_fusion,71,1.5,7.5,0.5652314529630559,ema
33,s2_wifi_degraded,1.0225794063669398,7.298034493574606,False,False,False,wifi_only,70,0.5,7.5,0.1616851095342343,ema
33,s2_wifi_degraded,1.0225794063669398,7.298034493574606,False,False,False,vlp_only,71,1.5,7.5,0.9999999967721702,ema
33,s2_wifi_degraded,1.0225794063669398,7.298034493574606,False,False,False,static_fusion,71,1.5,7.5,0.5605317052583334,ema
34,s2_wifi_degraded,0.8405580282052503,7.1660136409604815,False,False,False,wifi_only,70,0.5,7.5,0.1636667914015743,ema
34,s2_wifi_degraded,0.8405580282052503,7.1660136409604815,False,False,False,vlp_only,71,1.5,7.5,0.9999999999003559,ema
34,s2_wifi_degraded,0.8405580282052503,7.1660136409604815,False,False,False,static_fusion,71,1.5,7.5,0.5514585105024121,ema
35,s2_wifi_degraded,0.7992402328627707,7.065719351919998,True,False,False,wifi_only,61,1.5,6.5,0.15325149092543877,ema
35,s2_wifi_degraded,0.7992402328627707,7.065719351919998,True,False,False,vlp_only,70,0.5,7.5,0.9999999999010001,ema
35,s2_wifi_degraded,0.7992402328627707,7.065719351919998,True,False,False,static_fusion,70,0.5,7.5,0.5649621166515443,ema
36,s2_wifi_degraded,0.7671095331979448,6.6194549412444434,True,False,False,wifi_only,90,0.5,9.5,0.31054750667538344,ema
36,s2_wifi_degraded,0.7671095331979448,6.6194549412444434,True,False,False,vlp_only,70,0.5,7.5,0.9999999998506202,ema
36,s2_wifi_degraded,0.7671095331979448,6.6194549412444434,True,False,False,static_fusion,70,0.5,7.5,0.5413751293696787,ema
37,s2_wifi_degraded,0.7867269935815102,6.50813786445098,True,False,False,wifi_only,90,0.5,9.5,0.2661982003684665,ema
37,s2_wifi_degraded,0.7867269935815102,6.50813786445098,True,False,False,vlp_only,61,1.5,6.5,0.999999994585653,ema
37,s2_wifi_degraded,0.7867269935815102,6.50813786445098,True,False,False,static_fusion,61,1.5,6.5,0.5105435201120714,ema
38,s2_wifi_degraded,0.9039958580667962,6.339426406945286,True,False,False,wifi_only,50,0.5,5.5,0.32995915095728096,ema
38,s2_wifi_degraded,0.9039958580667962,6.339426406945286,True,False,False,vlp_only,61,1.5,6.5,0.9999999999010002,ema
38,s2_wifi_degraded,0.9039958580667962,6.339426406945286,True,False,False,static_fusion,61,1.5,6.5,0.5217330485589006,ema
39,s2_wifi_degraded,0.9979740023158236,6.187541249202924,True,False,False,wifi_only,40,0.5,4.5,0.28429849618359054,ema
39,s2_wifi_degraded,0.9979740023158236,6.187541249202924,True,False,False,vlp_only,60,0.5,6.5,0.9999999999010002,ema
39,s2_wifi_degraded,0.9979740023158236,6.187541249202924,True,False,False,static_fusion,60,0.5,6.5,0.5360789366000437,ema
40,s2_wifi_degraded,1.28488954092244,5.782257454541684,True,False,False,wifi_only,50,0.5,5.5,0.369230808892805,ema
40,s2_wifi_degraded,1.28488954092244,5.782257454541684,True,False,False,vlp_only,60,0.5,6.5,0.9999999999010002,ema
40,s2_wifi_degraded,1.28488954092244,5.782257454541684,True,False,False,static_fusion,60,0.5,6.5,0.6513112193765099,ema
41,s2_wifi_degraded,1.513102962684955,5.518180410148621,True,False,False,wifi_only,50,0.5,5.5,0.3621470493585407,ema
41,s2_wifi_degraded,1.513102962684955,5.518180410148621,True,False,False,vlp_only,60,0.5,6.5,0.9999999999010002,ema
41,s2_wifi_degraded,1.513102962684955,5.518180410148621,True,False,False,static_fusion,60,0.5,6.5,0.6008889269165905,ema
42,s2_wifi_degraded,1.6106044791645622,5.19830615307079,True,False,False,wifi_only,50,0.5,5.5,0.44036849847347187,ema
42,s2_wifi_degraded,1.6106044791645622,5.19830615307079,True,False,False,vlp_only,51,1.5,5.5,0.9999999999010002,ema
42,s2_wifi_degraded,1.6106044791645622,5.19830615307079,True,False,False,static_fusion,51,1.5,5.5,0.5121771854887879,ema
43,s2_wifi_degraded,1.8972643262832607,4.975906927269721,True,False,False,wifi_only,50,0.5,5.5,0.4000707824414608,ema
43,s2_wifi_degraded,1.8972643262832607,4.975906927269721,True,False,False,vlp_only,51,1.5,5.5,0.999999997321268,ema
43,s2_wifi_degraded,1.8972643262832607,4.975906927269721,True,False,False,static_fusion,51,1.5,5.5,0.5306394374426483,ema
44,s2_wifi_degraded,2.229332660696988,4.76372737768957,True,False,False,wifi_only,50,0.5,5.5,0.4569069448171978,ema
44,s2_wifi_degraded,2.229332660696988,4.76372737768957,True,False,False,vlp_only,51,1.5,5.5,0.9999991858957167,ema
44,s2_wifi_degraded,2.229332660696988,4.76372737768957,True,False,False,static_fusion,51,1.5,5.5,0.5118985532792132,ema
45,s2_wifi_degraded,2.6145006895276834,4.592072450426468,True,False,False,wifi_only,40,0.5,4.5,0.4927904562190086,ema
45,s2_wifi_degraded,2.6145006895276834,4.592072450426468,True,False,False,vlp_only,51,1.5,5.5,0.8845779808641501,ema
45,s2_wifi_degraded,2.6145006895276834,4.592072450426468,True,False,False,static_fusion,51,1.5,5.5,0.44874989672356946,ema
46,s2_wifi_degraded,2.661129424294631,4.466616768697175,True,False,False,wifi_only,50,0.5,5.5,0.3354821883842669,ema
46,s2_wifi_degraded,2.661129424294631,4.466616768697175,True,False,False,vlp_only,42,2.5,4.5,0.9999965922700784,ema
46,s2_wifi_degraded,2.661129424294631,4.466616768697175,True,False,False,static_fusion,42,2.5,4.5,0.5097974859233275,ema
47,s2_wifi_degraded,2.6450300380382434,4.183588162907463,True,False,False,wifi_only,60,0.5,6.5,0.19260566737156834,ema
47,s2_wifi_degraded,2.6450300380382434,4.183588162907463,True,False,False,vlp_only,42,2.5,4.5,0.9999995054192923,ema
47,s2_wifi_degraded,2.6450300380382434,4.183588162907463,True,False,False,static_fusion,42,2.5,4.5,0.5172332732281424,ema
48,s2_wifi_degraded,2.633014421787828,3.6860116411580814,False,False,False,wifi_only,50,0.5,5.5,0.2556121197739446,ema
48,s2_wifi_degraded,2.633014421787828,3.6860116411580814,False,False,False,vlp_only,42,2.5,4.5,0.9999999994825957,ema
48,s2_wifi_degraded,2.633014421787828,3.6860116411580814,False,False,False,static_fusion,42,2.5,4.5,0.5236813491737983,ema
49,s2_wifi_degraded,2.7923313692644163,3.3743378598159564,False,False,False,wifi_only,42,2.5,4.5,0.13340082039246223,ema
49,s2_wifi_degraded,2.7923313692644163,3.3743378598159564,False,False,False,vlp_only,33,3.5,3.5,0.9999999999010002,ema
49,s2_wifi_degraded,2.7923313692644163,3.3743378598159564,False,False,False,static_fusion,33,3.5,3.5,0.5347058233290662,ema
50,s2_wifi_degraded,2.983612121628606,3.11916257556942,False,False,False,wifi_only,33,3.5,3.5,0.15780849016777934,ema
50,s2_wifi_degraded,2.983612121628606,3.11916257556942,False,False,False,vlp_only,32,2.5,3.5,0.9999999999010002,ema
50,s2_wifi_degraded,2.983612121628606,3.11916257556942,False,False,False,static_fusion,32,2.5,3.5,0.533115809865688,ema
51,s2_wifi_degraded,3.351818132537528,2.843855854625126,False,False,False,wifi_only,33,3.5,3.5,0.1782086013972939,ema
51,s2_wifi_degraded,3.351818132537528,2.843855854625126,False,False,False,vlp_only,32,2.5,3.5,0.9999999999010002,ema
51,s2_wifi_degraded,3.351818132537528,2.843855854625126,False,False,False,static_fusion,32,2.5,3.5,0.5353162292283845,ema
52,s2_wifi_degraded,3.56862361427012,2.697604331930428,False,False,False,wifi_only,33,3.5,3.5,0.1715737138097425,ema
52,s2_wifi_degraded,3.56862361427012,2.697604331930428,False,False,False,vlp_only,32,2.5,3.5,0.9999999998997131,ema
52,s2_wifi_degraded,3.56862361427012,2.697604331930428,False,False,False,static_fusion,32,2.5,3.5,0.5389763436511666,ema
53,s2_wifi_degraded,3.943888445431222,2.4514296926551147,False,False,False,wifi_only,23,3.5,2.5,0.19786421136772056,ema
53,s2_wifi_degraded,3.943888445431222,2.4514296926551147,False,False,False,vlp_only,23,3.5,2.5,0.9999999342256896,ema
53,s2_wifi_degraded,3.943888445431222,2.4514296926551147,False,False,False,static_fusion,23,3.5,2.5,0.598932072796705,ema
54,s2_wifi_degraded,4.260369316238271,2.2082022988398595,False,False,False,wifi_only,33,3.5,3.5,0.16053548224370218,ema
54,s2_wifi_degraded,4.260369316238271,2.2082022988398595,False,False,False,vlp_only,33,3.5,3.5,0.9999999999010002,ema
54,s2_wifi_degraded,4.260369316238271,2.2082022988398595,False,False,False,static_fusion,33,3.5,3.5,0.580267741072351,ema
55,s2_wifi_degraded,4.627569160973635,2.060114150367901,False,False,False,wifi_only,24,4.5,2.5,0.18605946020822564,ema
55,s2_wifi_degraded,4.627569160973635,2.060114150367901,False,False,False,vlp_only,33,3.5,3.5,0.9999999998852867,ema
55,s2_wifi_degraded,4.627569160973635,2.060114150367901,False,False,False,static_fusion,33,3.5,3.5,0.54842310356523,ema
56,s2_wifi_degraded,4.961867043427717,1.830848239374332,False,False,False,wifi_only,24,4.5,2.5,0.18723642996558865,ema
56,s2_wifi_degraded,4.961867043427717,1.830848239374332,False,False,False,vlp_only,24,4.5,2.5,0.9999902495642277,ema
56,s2_wifi_degraded,4.961867043427717,1.830848239374332,False,False,False,static_fusion,24,4.5,2.5,0.5936133397649082,ema
57,s2_wifi_degraded,5.0679788704002044,1.7195475994342533,False,False,False,wifi_only,24,4.5,2.5,0.15820740593082203,ema
57,s2_wifi_degraded,5.0679788704002044,1.7195475994342533,False,False,False,vlp_only,24,4.5,2.5,0.9911640127829862,ema
57,s2_wifi_degraded,5.0679788704002044,1.7195475994342533,False,False,False,static_fusion,24,4.5,2.5,0.5746857093569042,ema
58,s2_wifi_degraded,5.335240810429285,1.571560122687008,False,False,False,wifi_only,34,4.5,3.5,0.18847303346968927,ema
58,s2_wifi_degraded,5.335240810429285,1.571560122687008,False,False,False,vlp_only,14,4.5,1.5,0.9979104454707058,ema
58,s2_wifi_degraded,5.335240810429285,1.571560122687008,False,False,False,static_fusion,14,4.5,1.5,0.5309343114530334,ema
59,s2_wifi_degraded,5.651780389210071,1.3727606103935992,False,False,False,wifi_only,25,5.5,2.5,0.1656893022218335,ema
59,s2_wifi_degraded,5.651780389210071,1.3727606103935992,False,False,False,vlp_only,15,5.5,1.5,0.9999995911377533,ema
59,s2_wifi_degraded,5.651780389210071,1.3727606103935992,False,False,False,static_fusion,15,5.5,1.5,0.5695440074328941,ema
60,s2_wifi_degraded,5.898763386562306,1.2621017401554997,True,False,False,wifi_only,15,5.5,1.5,0.24990332218682565,ema
60,s2_wifi_degraded,5.898763386562306,1.2621017401554997,True,False,False,vlp_only,15,5.5,1.5,0.9999999998208837,ema
60,s2_wifi_degraded,5.898763386562306,1.2621017401554997,True,False,False,static_fusion,15,5.5,1.5,0.6249516610038546,ema
61,s2_wifi_degraded,6.355551046384767,1.4203122314749552,True,False,False,wifi_only,26,6.5,2.5,0.26018164695512674,ema
61,s2_wifi_degraded,6.355551046384767,1.4203122314749552,True,False,False,vlp_only,15,5.5,1.5,0.9999999998672725,ema
61,s2_wifi_degraded,6.355551046384767,1.4203122314749552,True,False,False,static_fusion,15,5.5,1.5,0.5117172335515947,ema
62,s2_wifi_degraded,6.594147927702143,1.4206009795225187,True,False,False,wifi_only,26,6.5,2.5,0.2084086073623552,ema
62,s2_wifi_degraded,6.594147927702143,1.4206009795225187,True,False,False,vlp_only,6,6.5,0.5,0.9999999999010003,ema
62,s2_wifi_degraded,6.594147927702143,1.4206009795225187,True,False,False,static_fusion,6,6.5,0.5,0.5129405953423891,ema
63,s2_wifi_degraded,6.702875767945526,1.3948214383894544,True,False,False,wifi_only,16,6.5,1.5,0.28930621208073537,ema
63,s2_wifi_degraded,6.702875767945526,1.3948214383894544,True,False,False,vlp_only,16,6.5,1.5,0.9999999901070479,ema
63,s2_wifi_degraded,6.702875767945526,1.3948214383894544,True,False,False,static_fusion,16,6.5,1.5,0.6446531010938915,ema
64,s2_wifi_degraded,6.87517464550481,1.1902703370600811,True,False,False,wifi_only,6,6.5,0.5,0.2109870915132264,ema
64,s2_wifi_degraded,6.87517464550481,1.1902703370600811,True,False,False,vlp_only,16,6.5,1.5,0.9999999999003898,ema
64,s2_wifi_degraded,6.87517464550481,1.1902703370600811,True,False,False,static_fusion,16,6.5,1.5,0.5955344277050789,ema
65,s2_wifi_degraded,6.892272294025562,1.0122251452148698,True,False,False,wifi_only,6,6.5,0.5,0.2536103002178299,ema
65,s2_wifi_degraded,6.892272294025562,1.0122251452148698,True,False,False,vlp_only,16,6.5,1.5,0.9999999999010003,ema
65,s2_wifi_degraded,6.892272294025562,1.0122251452148698,True,False,False,static_fusion,16,6.5,1.5,0.6217069833954353,ema
66,s2_wifi_degraded,7.000483248939226,0.9177176630235528,True,False,False,wifi_only,27,7.5,2.5,0.23731471656397554,ema
66,s2_wifi_degraded,7.000483248939226,0.9177176630235528,True,False,False,vlp_only,16,6.5,1.5,0.9999999999010003,ema
66,s2_wifi_degraded,7.000483248939226,0.9177176630235528,True,False,False,static_fusion,16,6.5,1.5,0.5361861520631835,ema
67,s2_wifi_degraded,7.169623623221895,0.7738996044632837,True,False,False,wifi_only,27,7.5,2.5,0.2425146738678815,ema
67,s2_wifi_degraded,7.169623623221895,0.7738996044632837,True,False,False,vlp_only,16,6.5,1.5,0.9999999702780787,ema
67,s2_wifi_degraded,7.169623623221895,0.7738996044632837,True,False,False,static_fusion,16,6.5,1.5,0.5143845540305828,ema
68,s2_wifi_degraded,7.492034971191752,0.4271040557051936,True,False,False,wifi_only,49,9.5,4.5,0.3035899951234776,ema
68,s2_wifi_degraded,7.492034971191752,0.4271040557051936,True,False,False,vlp_only,7,7.5,0.5,0.9999999997486819,ema
68,s2_wifi_degraded,7.492034971191752,0.4271040557051936,True,False,False,static_fusion,7,7.5,0.5,0.5000310653643314,ema
69,s2_wifi_degraded,7.463813289098351,0.1481351742215659,True,False,False,wifi_only,39,9.5,3.5,0.45140983499951676,ema
69,s2_wifi_degraded,7.463813289098351,0.1481351742215659,True,False,False,vlp_only,7,7.5,0.5,0.9999999999010003,ema
69,s2_wifi_degraded,7.463813289098351,0.1481351742215659,True,False,False,static_fusion,7,7.5,0.5,0.5070843414190174,ema
70,s2_wifi_degraded,7.384046542733699,0.3965845375848609,True,False,False,wifi_only,39,9.5,3.5,0.35944076313221984,ema
70,s2_wifi_degraded,7.384046542733699,0.3965845375848609,True,False,False,vlp_only,7,7.5,0.5,0.9999999999010003,ema
70,s2_wifi_degraded,7.384046542733699,0.3965845375848609,True,False,False,static_fusion,7,7.5,0.5,0.5096764988814544,ema
71,s2_wifi_degraded,7.274941349103505,0.5328406187982155,True,False,False,wifi_only,38,8.5,3.5,0.2835498841228248,ema
71,s2_wifi_degraded,7.274941349103505,0.5328406187982155,True,False,False,vlp_only,7,7.5,0.5,0.9999999999010003,ema
71,s2_wifi_degraded,7.274941349103505,0.5328406187982155,True,False,False,static_fusion,7,7.5,0.5,0.502598464613429,ema
72,s2_wifi_degraded,7.242898641642358,0.6319581293500205,True,False,False,wifi_only,29,9.5,2.5,0.3228132435273262,ema
72,s2_wifi_degraded,7.242898641642358,0.6319581293500205,True,False,False,vlp_only,7,7.5,0.5,0.9999999999010003,ema
72,s2_wifi_degraded,7.242898641642358,0.6319581293500205,True,False,False,static_fusion,7,7.5,0.5,0.5778249588734514,ema
73,s2_wifi_degraded,6.897766036852761,0.9865854746261178,True,False,False,wifi_only,7,7.5,0.5,0.2956418434969251,ema
73,s2_wifi_degraded,6.897766036852761,0.9865854746261178,True,False,False,vlp_only,7,7.5,0.5,0.9999999999010003,ema
73,s2_wifi_degraded,6.897766036852761,0.9865854746261178,True,False,False,static_fusion,7,7.5,0.5,0.6478209216989627,ema
74,s2_wifi_degraded,6.819062780162876,1.076859414311629,True,False,False,wifi_only,7,7.5,0.5,0.5993277590740964,ema
74,s2_wifi_degraded,6.819062780162876,1.076859414311629,True,False,False,vlp_only,7,7.5,0.5,0.9999999998352495,ema
74,s2_wifi_degraded,6.819062780162876,1.076859414311629,True,False,False,static_fusion,7,7.5,0.5,0.7996638794546729,ema
75,s2_wifi_degraded,6.720234602821568,1.267398302606882,False,False,False,wifi_only,7,7.5,0.5,0.2809780066993904,ema
75,s2_wifi_degraded,6.720234602821568,1.267398302606882,False,False,False,vlp_only,16,6.5,1.5,0.9368978273129007,ema
75,s2_wifi_degraded,6.720234602821568,1.267398302606882,False,False,False,static_fusion,16,6.5,1.5,0.5306332546324761,ema
76,s2_wifi_degraded,6.503783427177126,1.570279682105651,False,False,False,wifi_only,16,6.5,1.5,0.22153053341749013,ema
76,s2_wifi_degraded,6.503783427177126,1.570279682105651,False,False,False,vlp_only,16,6.5,1.5,0.9999999999010003,ema
76,s2_wifi_degraded,6.503783427177126,1.570279682105651,False,False,False,static_fusion,16,6.5,1.5,0.6107652666592451,ema
77,s2_wifi_degraded,6.358465325036558,1.791120746986019,False,False,False,wifi_only,16,6.5,1.5,0.274548116300664,ema
77,s2_wifi_degraded,6.358465325036558,1.791120746986019,False,False,False,vlp_only,16,6.5,1.5,0.9999999999010003,ema
77,s2_wifi_degraded,6.358465325036558,1.791120746986019,False,False,False,static_fusion,16,6.5,1.5,0.6372740581008323,ema
78,s2_wifi_degraded,6.122791880845917,1.8813582130943367,False,False,False,wifi_only,16,6.5,1.5,0.19516433451021756,ema
78,s2_wifi_degraded,6.122791880845917,1.8813582130943367,False,False,False,vlp_only,16,6.5,1.5,0.9999999991616895,ema
78,s2_wifi_degraded,6.122791880845917,1.8813582130943367,False,False,False,static_fusion,16,6.5,1.5,0.5975821668359533,ema
79,s2_wifi_degraded,5.750230255978351,2.1326072148263107,False,False,False,wifi_only,15,5.5,1.5,0.2212258065953293,ema
79,s2_wifi_degraded,5.750230255978351,2.1326072148263107,False,False,False,vlp_only,6,6.5,0.5,0.9999999999010003,ema
79,s2_wifi_degraded,5.750230255978351,2.1326072148263107,False,False,False,static_fusion,6,6.5,0.5,0.5311350739754602,ema
80,s2_wifi_degraded,5.514678873922644,2.389062926514496,False,False,False,wifi_only,26,6.5,2.5,0.16433603297919533,ema
80,s2_wifi_degraded,5.514678873922644,2.389062926514496,False,False,False,vlp_only,6,6.5,0.5,0.9999999999010003,ema
80,s2_wifi_degraded,5.514678873922644,2.389062926514496,False,False,False,static_fusion,6,6.5,0.5,0.5211132736803162,ema
81,s2_wifi_degraded,5.508112152914603,2.4998600146256016,False,False,False,wifi_only,15,5.5,1.5,0.19318633446960795,ema
81,s2_wifi_degraded,5.508112152914603,2.4998600146256016,False,False,False,vlp_only,25,5.5,2.5,0.9422213517037209,ema
81,s2_wifi_degraded,5.508112152914603,2.4998600146256016,False,False,False,static_fusion,25,5.5,2.5,0.5560894928497537,ema
82,s2_wifi_degraded,5.600226935990087,2.6582213422588112,False,False,False,wifi_only,25,5.5,2.5,0.197345462286441,ema
82,s2_wifi_degraded,5.600226935990087,2.6582213422588112,False,False,False,vlp_only,25,5.5,2.5,0.9999899925103711,ema
82,s2_wifi_degraded,5.600226935990087,2.6582213422588112,False,False,False,static_fusion,25,5.5,2.5,0.598667727398406,ema
83,s2_wifi_degraded,5.738537290833164,2.759195471518816,False,False,False,wifi_only,25,5.5,2.5,0.19236437508666607,ema
83,s2_wifi_degraded,5.738537290833164,2.759195471518816,False,False,False,vlp_only,25,5.5,2.5,0.9999999998064749,ema
83,s2_wifi_degraded,5.738537290833164,2.759195471518816,False,False,False,static_fusion,25,5.5,2.5,0.5961821874465705,ema
84,s2_wifi_degraded,5.832850971363683,3.0310878411880533,False,False,False,wifi_only,35,5.5,3.5,0.16708196932156455,ema
84,s2_wifi_degraded,5.832850971363683,3.0310878411880533,False,False,False,vlp_only,25,5.5,2.5,0.9999999999010002,ema
84,s2_wifi_degraded,5.832850971363683,3.0310878411880533,False,False,False,static_fusion,25,5.5,2.5,0.580490815791964,ema
85,s2_wifi_degraded,5.898467311753344,3.228508652056043,True,False,False,wifi_only,35,5.5,3.5,0.18524661697699632,ema
85,s2_wifi_degraded,5.898467311753344,3.228508652056043,True,False,False,vlp_only,25,5.5,2.5,0.9999999999010002,ema
85,s2_wifi_degraded,5.898467311753344,3.228508652056043,True,False,False,static_fusion,25,5.5,2.5,0.5538196423638005,ema
86,s2_wifi_degraded,5.888626732888142,3.400271085109193,True,False,False,wifi_only,45,5.5,4.5,0.12643348511698502,ema
86,s2_wifi_degraded,5.888626732888142,3.400271085109193,True,False,False,vlp_only,25,5.5,2.5,0.9999999999010002,ema
86,s2_wifi_degraded,5.888626732888142,3.400271085109193,True,False,False,static_fusion,25,5.5,2.5,0.5027186635328618,ema
87,s2_wifi_degraded,5.651159957112673,3.739006548657096,True,False,False,wifi_only,57,7.5,5.5,0.13530526625601025,ema
87,s2_wifi_degraded,5.651159957112673,3.739006548657096,True,False,False,vlp_only,25,5.5,2.5,0.9999371442499452,ema
87,s2_wifi_degraded,5.651159957112673,3.739006548657096,True,False,False,static_fusion,25,5.5,2.5,0.5013356123339583,ema
88,s2_wifi_degraded,5.511321113022474,3.8790676275290847,True,False,False,wifi_only,35,5.5,3.5,0.1916669711604433,ema
88,s2_wifi_degraded,5.511321113022474,3.8790676275290847,True,False,False,vlp_only,35,5.5,3.5,0.9999999999010002,ema
88,s2_wifi_degraded,5.511321113022474,3.8790676275290847,True,False,False,static_fusion,35,5.5,3.5,0.5958334855307217,ema
89,s2_wifi_degraded,5.43643528909089,3.953273740011248,True,False,False,wifi_only,35,5.5,3.5,0.20084569983787262,ema
89,s2_wifi_degraded,5.43643528909089,3.953273740011248,True,False,False,vlp_only,35,5.5,3.5,0.9999999999010002,ema
89,s2_wifi_degraded,5.43643528909089,3.953273740011248,True,False,False,static_fusion,35,5.5,3.5,0.6004228498694362,ema
90,s2_wifi_degraded,5.230257776887017,3.9835295593536193,True,False,False,wifi_only,49,9.5,4.5,0.1993616845569578,ema
90,s2_wifi_degraded,5.230257776887017,3.9835295593536193,True,False,False,vlp_only,35,5.5,3.5,0.9999999999010002,ema
90,s2_wifi_degraded,5.230257776887017,3.9835295593536193,True,False,False,static_fusion,35,5.5,3.5,0.5155384835948706,ema
91,s2_wifi_degraded,4.9776092930395945,4.056000817377593,True,False,False,wifi_only,37,7.5,3.5,0.15121605253677234,ema
91,s2_wifi_degraded,4.9776092930395945,4.056000817377593,True,False,False,vlp_only,35,5.5,3.5,0.9999999998880179,ema
91,s2_wifi_degraded,4.9776092930395945,4.056000817377593,True,False,False,static_fusion,35,5.5,3.5,0.515535031516472,ema
92,s2_wifi_degraded,4.723335213676367,4.234008104614395,True,False,False,wifi_only,15,5.5,1.5,0.1552004383791659,ema
92,s2_wifi_degraded,4.723335213676367,4.234008104614395,True,False,False,vlp_only,45,5.5,4.5,0.9999999999010002,ema
92,s2_wifi_degraded,4.723335213676367,4.234008104614395,True,False,False,static_fusion,45,5.5,4.5,0.5019871484927583,ema
93,s2_wifi_degraded,4.5603601875449,4.42721654605225,True,False,False,wifi_only,61,1.5,6.5,0.12460163803284297,ema
93,s2_wifi_degraded,4.5603601875449,4.42721654605225,True,False,False,vlp_only,44,4.5,4.5,0.9999999999010002,ema
93,s2_wifi_degraded,4.5603601875449,4.42721654605225,True,False,False,static_fusion,44,4.5,4.5,0.5148058736127769,ema
94,s2_wifi_degraded,4.376758804931988,4.783397516554166,True,False,False,wifi_only,52,2.5,5.5,0.13811092835241506,ema
94,s2_wifi_degraded,4.376758804931988,4.783397516554166,True,False,False,vlp_only,44,4.5,4.5,0.9999999999010002,ema
94,s2_wifi_degraded,4.376758804931988,4.783397516554166,True,False,False,static_fusion,44,4.5,4.5,0.5138284144072731,ema
95,s2_wifi_degraded,4.278110895822162,4.873116927745965,True,False,False,wifi_only,60,0.5,6.5,0.2262515424249817,ema
95,s2_wifi_degraded,4.278110895822162,4.873116927745965,True,False,False,vlp_only,44,4.5,4.5,0.9999999999010002,ema
95,s2_wifi_degraded,4.278110895822162,4.873116927745965,True,False,False,static_fusion,44,4.5,4.5,0.5002802893240785,ema
96,s2_wifi_degraded,4.12801724847605,5.124228511615788,True,False,False,wifi_only,70,0.5,7.5,0.1828418307965512,ema
96,s2_wifi_degraded,4.12801724847605,5.124228511615788,True,False,False,vlp_only,44,4.5,4.5,0.9999999999010002,ema
96,s2_wifi_degraded,4.12801724847605,5.124228511615788,True,False,False,static_fusion,44,4.5,4.5,0.500361382429744,ema
97,s2_wifi_degraded,3.704635602450641,5.262849100858526,True,False,False,wifi_only,79,9.5,7.5,0.13114255074147568,ema
97,s2_wifi_degraded,3.704635602450641,5.262849100858526,True,False,False,vlp_only,44,4.5,4.5,0.9999999999010002,ema
97,s2_wifi_degraded,3.704635602450641,5.262849100858526,True,False,False,static_fusion,44,4.5,4.5,0.5028258634440976,ema
98,s2_wifi_degraded,3.5561357581555817,5.285474381301673,True,False,False,wifi_only,60,0.5,6.5,0.25427755195248575,ema
98,s2_wifi_degraded,3.5561357581555817,5.285474381301673,True,False,False,vlp_only,54,4.5,5.5,0.9999999999010002,ema
98,s2_wifi_degraded,3.5561357581555817,5.285474381301673,True,False,False,static_fusion,54,4.5,5.5,0.5011449934903203,ema
99,s2_wifi_degraded,3.128664509288299,5.522908615866154,True,False,False,wifi_only,43,3.5,4.5,0.12499108432139693,ema
99,s2_wifi_degraded,3.128664509288299,5.522908615866154,True,False,False,vlp_only,53,3.5,5.5,0.9999999999010002,ema
99,s2_wifi_degraded,3.128664509288299,5.522908615866154,True,False,False,static_fusion,53,3.5,5.5,0.5301403155471148,ema
0,s3_vlp_blocked,6.1055626688123565,8.931678203850066,False,False,False,wifi_only,74,4.5,7.5,0.2345163572478153,raw
0,s3_vlp_blocked,6.1055626688123565,8.931678203850066,False,False,False,vlp_only,96,6.5,9.5,0.9999999999010001,raw
0,s3_vlp_blocked,6.1055626688123565,8.931678203850066,False,False,False,static_fusion,96,6.5,9.5,0.5360262320970329,raw
1,s3_vlp_blocked,6.320554771122484,9.075343533082185,False,False,False,wifi_only,96,6.5,9.5,0.3360266196643159,raw
1,s3_vlp_blocked,6.320554771122484,9.075343533082185,False,False,False,vlp_only,96,6.5,9.5,0.9999999999010001,raw
1,s3_vlp_blocked,6.320554771122484,9.075343533082185,False,False,False,static_fusion,96,6.5,9.5,0.6680133097826579,raw
2,s3_vlp_blocked,6.58026211240472,9.446929430621816,False,False,False,wifi_only,87,7.5,8.5,0.255271024597078,raw
2,s3_vlp_blocked,6.58026211240472,9.446929430621816,False,False,False,vlp_only,96,6.5,9.5,0.9999999999010001,raw
2,s3_vlp_blocked,6.58026211240472,9.446929430621816,False,False,False,static_fusion,96,6.5,9.5,0.5135209597287302,raw
3,s3_vlp_blocked,6.690486996140005,9.773722821152626,False,False,False,wifi_only,96,6.5,9.5,0.26010254288720985,raw
3,s3_vlp_blocked,6.690486996140005,9.773722821152626,False,False,False,vlp_only,96,6.5,9.5,0.9999999999010001,raw
3,s3_vlp_blocked,6.690486996140005,9.773722821152626,False,False,False,static_fusion,96,6.5,9.5,0.630051271394105,raw
4,s3_vlp_blocked,6.648930003357536,9.453988556211296,False,False,False,wifi_only,93,3.5,9.5,0.4830408063181612,raw
4,s3_vlp_blocked,6.648930003357536,9.453988556211296,False,False,False,vlp_only,96,6.5,9.5,0.9999999999010001,raw
4,s3_vlp_blocked,6.648930003357536,9.453988556211296,False,False,False,static_fusion,96,6.5,9.5,0.686504083143604,raw
5,s3_vlp_blocked,6.503414861243288,9.34880509424309,False,False,False,wifi_only,75,5.5,7.5,0.17534809872355095,raw
5,s3_vlp_blocked,6.503414861243288,9.34880509424309,False,False,False,vlp_only,96,6.5,9.5,0.9999999999010001,raw
5,s3_vlp_blocked,6.503414861243288,9.34880509424309,False,False,False,static_fusion,96,6.5,9.5,0.5545788458398937,raw
6,s3_vlp_blocked,6.309679632446698,9.224501326679391,False,False,False,wifi_only,94,4.5,9.5,0.20785310360962891,raw
6,s3_vlp_blocked,6.309679632446698,9.224501326679391,False,False,False,vlp_only,96,6.5,9.5,0.9999999999010001,raw
6,s3_vlp_blocked,6.309679632446698,9.224501326679391,False,False,False,static_fusion,96,6.5,9.5,0.5558355771403032,raw
7,s3_vlp_blocked,6.06460409098813,9.084291660062746,False,False,False,wifi_only,95,5.5,9.5,0.28395925527454013,raw
7,s3_vlp_blocked,6.06460409098813,9.084291660062746,False,False,False,vlp_only,96,6.5,9.5,0.9999999999010001,raw
7,s3_vlp_blocked,6.06460409098813,9.084291660062746,False,False,False,static_fusion,96,6.5,9.5,0.5228579885381935,raw
8,s3_vlp_blocked,5.726062604387588,9.046898224684307,False,False,False,wifi_only,94,4.5,9.5,0.3726835471469558,raw
8,s3_vlp_blocked,5.726062604387588,9.046898224684307,False,False,False,vlp_only,85,5.5,8.5,0.9999999999010001,raw
8,s3_vlp_blocked,5.726062604387588,9.046898224684307,False,False,False,static_fusion,85,5.5,8.5,0.5678159248135666,raw
9,s3_vlp_blocked,5.334545965818324,9.091415993613808,False,False,False,wifi_only,84,4.5,8.5,0.3191859796009154,raw
9,s3_vlp_blocked,5.334545965818324,9.091415993613808,False,False,False,vlp_only,95,5.5,9.5,0.9999999999010001,raw
9,s3_vlp_blocked,5.334545965818324,9.091415993613808,False,False,False,static_fusion,95,5.5,9.5,0.597031834820066,raw
10,s3_vlp_blocked,4.945823765007514,9.252578001847564,False,False,False,wifi_only,95,5.5,9.5,0.42218501698788075,raw
10,s3_vlp_blocked,4.945823765007514,9.252578001847564,False,False,False,vlp_only,94,4.5,9.5,0.9999999998873139,raw
10,s3_vlp_blocked,4.945823765007514,9.252578001847564,False,False,False,static_fusion,94,4.5,9.5,0.697882762578791,raw
11,s3_vlp_blocked,4.721675127324938,9.340170350002357,False,False,False,wifi_only,94,4.5,9.5,0.5558008771072918,raw
11,s3_vlp_blocked,4.721675127324938,9.340170350002357,False,False,False,vlp_only,94,4.5,9.5,0.9999999999010001,raw
11,s3_vlp_blocked,4.721675127324938,9.340170350002357,False,False,False,static_fusion,94,4.5,9.5,0.7779004385041458,raw
12,s3_vlp_blocked,4.340963373281298,9.42272693147179,False,False,False,wifi_only,94,4.5,9.5,0.31379043649968313,raw
12,s3_vlp_blocked,4.340963373281298,9.42272693147179,False,False,False,vlp_only,94,4.5,9.5,0.9999999999010001,raw
12,s3_vlp_blocked,4.340963373281298,9.42272693147179,False,False,False,static_fusion,94,4.5,9.5,0.6568952182003416,raw
13,s3_vlp_blocked,4.095436566930193,9.473710426329454,False,False,False,wifi_only,95,5.5,9.5,0.3069818237130844,raw
13,s3_vlp_blocked,4.095436566930193,9.473710426329454,False,False,False,vlp_only,84,4.5,8.5,0.9999999999010001,raw
13,s3_vlp_blocked,4.095436566930193,9.473710426329454,False,False,False,static_fusion,84,4.5,8.5,0.5607860461167664,raw
14,s3_vlp_blocked,3.863209848904428,9.531730849012984,False,False,False,wifi_only,93,3.5,9.5,0.4900510105329535,raw
14,s3_vlp_blocked,3.863209848904428,9.531730849012984,False,False,False,vlp_only,93,3.5,9.5,0.9999999999010001,raw
14,s3_vlp_blocked,3.863209848904428,9.531730849012984,False,False,False,static_fusion,93,3.5,9.5,0.7450255052169769,raw
15,s3_vlp_blocked,3.520682956293645,9.491058893166894,False,True,False,wifi_only,93,3.5,9.5,0.17284597392425288,raw
15,s3_vlp_blocked,3.520682956293645,9.491058893166894,False,True,False,vlp_only,93,3.5,9.5,0.9999999999010001,raw
15,s3_vlp_blocked,3.520682956293645,9.491058893166894,False,True,False,static_fusion,93,3.5,9.5,0.5864229869126265,raw
16,s3_vlp_blocked,3.165382501834026,9.461587695941777,False,True,False,wifi_only,93,3.5,9.5,0.23779517572278788,raw
16,s3_vlp_blocked,3.165382501834026,9.461587695941777,False,True,False,vlp_only,90,0.5,9.5,0.9999999999010001,raw
16,s3_vlp_blocked,3.165382501834026,9.461587695941777,False,True,False,static_fusion,90,0.5,9.5,0.5000123729818897,raw
17,s3_vlp_blocked,2.930245477093876,9.456164822050765,False,True,False,wifi_only,93,3.5,9.5,0.2719215483699663,raw
17,s3_vlp_blocked,2.930245477093876,9.456164822050765,False,True,False,vlp_only,80,0.5,8.5,0.999999993700982,raw
17,s3_vlp_blocked,2.930245477093876,9.456164822050765,False,True,False,static_fusion,80,0.5,8.5,0.5000000434549692,raw
18,s3_vlp_blocked,2.7420797060020465,9.472996628406442,False,True,False,wifi_only,82,2.5,8.5,0.1957279932244879,raw
18,s3_vlp_blocked,2.7420797060020465,9.472996628406442,False,True,False,vlp_only,92,2.5,9.5,0.9999921145788595,raw
18,s3_vlp_blocked,2.7420797060020465,9.472996628406442,False,True,False,static_fusion,92,2.5,9.5,0.5842521635146737,raw
19,s3_vlp_blocked,2.4198638446847416,9.489528341112424,False,True,False,wifi_only,87,7.5,8.5,0.08354869889262428,raw
19,s3_vlp_blocked,2.4198638446847416,9.489528341112424,False,True,False,vlp_only,54,4.5,5.5,0.9999999999010002,raw
19,s3_vlp_blocked,2.4198638446847416,9.489528341112424,False,True,False,static_fusion,54,4.5,5.5,0.503434360590296,raw
20,s3_vlp_blocked,2.0874415206005943,9.43132427410417,False,True,False,wifi_only,91,1.5,9.5,0.21682842782454917,raw
20,s3_vlp_blocked,2.0874415206005943,9.43132427410417,False,True,False,vlp_only,91,1.5,9.5,0.8758351414484364,raw
20,s3_vlp_blocked,2.0874415206005943,9.43132427410417,False,True,False,static_fusion,91,1.5,9.5,0.5463317846364928,raw
21,s3_vlp_blocked,1.6827551012106006,9.608276410412028,False,True,False,wifi_only,90,0.5,9.5,0.6080289630362268,raw
21,s3_vlp_blocked,1.6827551012106006,9.608276410412028,False,True,False,vlp_only,91,1.5,9.5,0.999999998576605,raw
21,s3_vlp_blocked,1.6827551012106006,9.608276410412028,False,True,False,static_fusion,91,1.5,9.5,0.5944388439765319,raw
22,s3_vlp_blocked,1.5666621834216723,9.721824928735591,False,True,False,wifi_only,82,2.5,8.5,0.22538730009198338,raw
22,s3_vlp_blocked,1.5666621834216723,9.721824928735591,False,True,False,vlp_only,91,1.5,9.5,0.9999999516590885,raw
22,s3_vlp_blocked,1.5666621834216723,9.721824928735591,False,True,False,static_fusion,91,1.5,9.5,0.5221845656348618,raw
23,s3_vlp_blocked,1.8135872918506848,9.442076930062784,False,True,False,wifi_only,88,8.5,8.5,0.10432128383933617,raw
23,s3_vlp_blocked,1.8135872918506848,9.442076930062784,False,True,False,vlp_only,91,1.5,9.5,0.8330609375286048,raw
23,s3_vlp_blocked,1.8135872918506848,9.442076930062784,False,True,False,static_fusion,91,1.5,9.5,0.4508879386778136,raw
24,s3_vlp_blocked,1.9797748224675469,9.171124941492176,False,True,False,wifi_only,88,8.5,8.5,0.17713291876105502,raw
24,s3_vlp_blocked,1.9797748224675469,9.171124941492176,False,True,False,vlp_only,80,0.5,8.5,0.9999999999010001,raw
24,s3_vlp_blocked,1.9797748224675469,9.171124941492176,False,True,False,static_fusion,80,0.5,8.5,0.5011914188530846,raw
25,s3_vlp_blocked,2.0026978386863656,9.060785581306895,False,False,False,wifi_only,91,1.5,9.5,0.24082802847063126,raw
25,s3_vlp_blocked,2.0026978386863656,9.060785581306895,False,False,False,vlp_only,82,2.5,8.5,0.8572347133259023,raw
25,s3_vlp_blocked,2.0026978386863656,9.060785581306895,False,False,False,static_fusion,82,2.5,8.5,0.46361133883348454,raw
26,s3_vlp_blocked,2.0409538218277232,8.768038731768266,False,False,False,wifi_only,91,1.5,9.5,0.11049333783650188,raw
26,s3_vlp_blocked,2.0409538218277232,8.768038731768266,False,False,False,vlp_only,82,2.5,8.5,0.9899452875034763,raw
26,s3_vlp_blocked,2.0409538218277232,8.768038731768266,False,False,False,static_fusion,82,2.5,8.5,0.5403680024742209,raw
27,s3_vlp_blocked,1.943647595119588,8.39052055732134,False,False,False,wifi_only,87,7.5,8.5,0.14342430340062515,raw
27,s3_vlp_blocked,1.943647595119588,8.39052055732134,False,False,False,vlp_only,81,1.5,8.5,0.9999977186463824,raw
27,s3_vlp_blocked,1.943647595119588,8.39052055732134,False,False,False,static_fusion,81,1.5,8.5,0.5120803785292276,raw
28,s3_vlp_blocked,1.822933837050688,7.938503894157455,False,False,False,wifi_only,81,1.5,8.5,0.19526052174428274,raw
28,s3_vlp_blocked,1.822933837050688,7.938503894157455,False,False,False,vlp_only,71,1.5,7.5,0.9270572700768449,raw
28,s3_vlp_blocked,1.822933837050688,7.938503894157455,False,False,False,static_fusion,71,1.5,7.5,0.5274949632775088,raw
29,s3_vlp_blocked,1.5143958915018594,7.638191012939957,False,False,False,wifi_only,61,1.5,6.5,0.13780975407565818,raw
29,s3_vlp_blocked,1.5143958915018594,7.638191012939957,False,False,False,vlp_only,71,1.5,7.5,0.999999920363925,raw
29,s3_vlp_blocked,1.5143958915018594,7.638191012939957,False,False,False,static_fusion,71,1.5,7.5,0.5580876382413839,raw
30,s3_vlp_blocked,1.3675026549702816,7.582213936330399,False,False,False,wifi_only,70,0.5,7.5,0.14430993124030858,raw
30,s3_vlp_blocked,1.3675026549702816,7.582213936330399,False,False,False,vlp_only,71,1.5,7.5,0.9999999998967712,raw
30,s3_vlp_blocked,1.3675026549702816,7.582213936330399,False,False,False,static_fusion,71,1.5,7.5,0.571900869491447,raw
31,s3_vlp_blocked,1.2429294919367564,7.522606951356906,False,False,False,wifi_only,71,1.5,7.5,0.15865017706809956,raw
31,s3_vlp_blocked,1.2429294919367564,7.522606951356906,False,False,False,vlp_only,71,1.5,7.5,0.9999999998927153,raw
31,s3_vlp_blocked,1.2429294919367564,7.522606951356906,False,False,False,static_fusion,71,1.5,7.5,0.5793250884804074,raw
32,s3_vlp_blocked,1.1706414409291317,7.446686809586819,False,False,False,wifi_only,61,1.5,6.5,0.15964562124748485,raw
32,s3_vlp_blocked,1.1706414409291317,7.446686809586819,False,False,False,vlp_only,71,1.5,7.5,0.9999999999010001,raw
32,s3_vlp_blocked,1.1706414409291317,7.446686809586819,False,False,False,static_fusion,71,1.5,7.5,0.5414742206679043,raw
33,s3_vlp_blocked,1.0225794063669398,7.298034493574606,False,False,False,wifi_only,70,0.5,7.5,0.1939398505135441,raw
33,s3_vlp_blocked,1.0225794063669398,7.298034493574606,False,False,False,vlp_only,70,0.5,7.5,0.9999999999010001,raw
33,s3_vlp_blocked,1.0225794063669398,7.298034493574606,False,False,False,static_fusion,70,0.5,7.5,0.5969699252072721,raw
34,s3_vlp_blocked,0.8405580282052503,7.1660136409604815,False,False,False,wifi_only,44,4.5,4.5,0.1555611825589622,raw
34,s3_vlp_blocked,0.8405580282052503,7.1660136409604815,False,False,False,vlp_only,70,0.5,7.5,0.9999999999010001,raw
34,s3_vlp_blocked,0.8405580282052503,7.1660136409604815,False,False,False,static_fusion,70,0.5,7.5,0.5017407128737723,raw
35,s3_vlp_blocked,0.7992402328627707,7.065719351919998,False,False,False,wifi_only,72,2.5,7.5,0.09374888458217735,raw
35,s3_vlp_blocked,0.7992402328627707,7.065719351919998,False,False,False,vlp_only,70,0.5,7.5,0.9999999969997577,raw
35,s3_vlp_blocked,0.7992402328627707,7.065719351919998,False,False,False,static_fusion,70,0.5,7.5,0.5032199773436139,raw
36,s3_vlp_blocked,0.7671095331979448,6.6194549412444434,False,False,False,wifi_only,50,0.5,5.5,0.1885018274772432,raw
36,s3_vlp_blocked,0.7671095331979448,6.6194549412444434,False,False,False,vlp_only,60,0.5,6.5,0.9999999999010002,raw
36,s3_vlp_blocked,0.7671095331979448,6.6194549412444434,False,False,False,static_fusion,60,0.5,6.5,0.5686025786341993,raw
37,s3_vlp_blocked,0.7867269935815102,6.50813786445098,False,False,False,wifi_only,81,1.5,8.5,0.1736217177275764,raw
37,s3_vlp_blocked,0.7867269935815102,6.50813786445098,False,False,False,vlp_only,60,0.5,6.5,0.9999999999010002,raw
37,s3_vlp_blocked,0.7867269935815102,6.50813786445098,False,False,False,static_fusion,60,0.5,6.5,0.5118359899517326,raw
38,s3_vlp_blocked,0.9039958580667962,6.339426406945286,False,False,False,wifi_only,54,4.5,5.5,0.11314281224349983,raw
38,s3_vlp_blocked,0.9039958580667962,6.339426406945286,False,False,False,vlp_only,60,0.5,6.5,0.9999999999010002,raw
38,s3_vlp_blocked,0.9039958580667962,6.339426406945286,False,False,False,static_fusion,60,0.5,6.5,0.5054902310238248,raw
39,s3_vlp_blocked,0.9979740023158236,6.187541249202924,False,False,False,wifi_only,50,0.5,5.5,0.19836879851504297,raw
39,s3_vlp_blocked,0.9979740023158236,6.187541249202924,False,False,False,vlp_only,60,0.5,6.5,0.9999999999010002,raw
39,s3_vlp_blocked,0.9979740023158236,6.187541249202924,False,False,False,static_fusion,60,0.5,6.5,0.5349263190633802,raw
40,s3_vlp_blocked,1.28488954092244,5.782257454541684,False,False,False,wifi_only,80,0.5,8.5,0.18417678789506917,raw
40,s3_vlp_blocked,1.28488954092244,5.782257454541684,False,False,False,vlp_only,51,1.5,5.5,0.9999999999010002,raw
40,s3_vlp_blocked,1.28488954092244,5.782257454541684,False,False,False,static_fusion,51,1.5,5.5,0.5047689108681884,raw
41,s3_vlp_blocked,1.513102962684955,5.518180410148621,False,False,False,wifi_only,53,3.5,5.5,0.14917882768467014,raw
41,s3_vlp_blocked,1.513102962684955,5.518180410148621,False,False,False,vlp_only,51,1.5,5.5,0.999999409981987,raw
41,s3_vlp_blocked,1.513102962684955,5.518180410148621,False,False,False,static_fusion,51,1.5,5.5,0.529344229238421,raw
42,s3_vlp_blocked,1.6106044791645622,5.19830615307079,False,False,False,wifi_only,60,0.5,6.5,0.261049200206638,raw
42,s3_vlp_blocked,1.6106044791645622,5.19830615307079,False,False,False,vlp_only,51,1.5,5.5,0.9999999763105529,raw
42,s3_vlp_blocked,1.6106044791645622,5.19830615307079,False,False,False,static_fusion,51,1.5,5.5,0.552174258103402,raw
43,s3_vlp_blocked,1.8972643262832607,4.975906927269721,False,False,False,wifi_only,53,3.5,5.5,0.13802281172550945,raw
43,s3_vlp_blocked,1.8972643262832607,4.975906927269721,False,False,False,vlp_only,41,1.5,4.5,0.6126646863355923,raw
43,s3_vlp_blocked,1.8972643262832607,4.975906927269721,False,False,False,static_fusion,41,1.5,4.5,0.3083154689557159,raw
44,s3_vlp_blocked,2.229332660696988,4.76372737768957,False,False,False,wifi_only,52,2.5,5.5,0.1724392360944297,raw
44,s3_vlp_blocked,2.229332660696988,4.76372737768957,False,False,False,vlp_only,42,2.5,4.5,0.9980892744238953,raw
44,s3_vlp_blocked,2.229332660696988,4.76372737768957,False,False,False,static_fusion,42,2.5,4.5,0.517876356914329,raw
45,s3_vlp_blocked,2.6145006895276834,4.592072450426468,False,True,False,wifi_only,43,3.5,4.5,0.14966651910965564,raw
45,s3_vlp_blocked,2.6145006895276834,4.592072450426468,False,True,False,vlp_only,54,4.5,5.5,0.9999999999010002,raw
45,s3_vlp_blocked,2.6145006895276834,4.592072450426468,False,True,False,static_fusion,54,4.5,5.5,0.5110575043494139,raw
46,s3_vlp_blocked,2.661129424294631,4.466616768697175,False,True,False,wifi_only,41,1.5,4.5,0.1483319770248213,raw
46,s3_vlp_blocked,2.661129424294631,4.466616768697175,False,True,False,vlp_only,41,1.5,4.5,0.9999999999010002,raw
46,s3_vlp_blocked,2.661129424294631,4.466616768697175,False,True,False,static_fusion,41,1.5,4.5,0.5741659884629108,raw
47,s3_vlp_blocked,2.6450300380382434,4.183588162907463,False,True,False,wifi_only,53,3.5,5.5,0.1620435992775144,raw
47,s3_vlp_blocked,2.6450300380382434,4.183588162907463,False,True,False,vlp_only,54,4.5,5.5,0.9999999999010002,raw
47,s3_vlp_blocked,2.6450300380382434,4.183588162907463,False,True,False,static_fusion,54,4.5,5.5,0.5530427106618667,raw
48,s3_vlp_blocked,2.633014421787828,3.6860116411580814,False,True,False,wifi_only,32,2.5,3.5,0.17781760582493616,raw
48,s3_vlp_blocked,2.633014421787828,3.6860116411580814,False,True,False,vlp_only,31,1.5,3.5,0.9999999889575443,raw
48,s3_vlp_blocked,2.633014421787828,3.6860116411580814,False,True,False,static_fusion,31,1.5,3.5,0.5456340094970052,raw
49,s3_vlp_blocked,2.7923313692644163,3.3743378598159564,False,True,False,wifi_only,30,0.5,3.5,0.33281525057969374,raw
49,s3_vlp_blocked,2.7923313692644163,3.3743378598159564,False,True,False,vlp_only,31,1.5,3.5,0.9999999999010002,raw
49,s3_vlp_blocked,2.7923313692644163,3.3743378598159564,False,True,False,static_fusion,31,1.5,3.5,0.6344725641843066,raw
50,s3_vlp_blocked,2.983612121628606,3.11916257556942,False,True,False,wifi_only,32,2.5,3.5,0.17152159240711187,raw
50,s3_vlp_blocked,2.983612121628606,3.11916257556942,False,True,False,vlp_only,2,2.5,0.5,0.9999999999010003,raw
50,s3_vlp_blocked,2.983612121628606,3.11916257556942,False,True,False,static_fusion,2,2.5,0.5,0.5002598338147567,raw
51,s3_vlp_blocked,3.351818132537528,2.843855854625126,False,True,False,wifi_only,23,3.5,2.5,0.24921533406730476,raw
51,s3_vlp_blocked,3.351818132537528,2.843855854625126,False,True,False,vlp_only,13,3.5,1.5,0.9551533680062412,raw
51,s3_vlp_blocked,3.351818132537528,2.843855854625126,False,True,False,static_fusion,13,3.5,1.5,0.5335058892722737,raw
52,s3_vlp_blocked,3.56862361427012,2.697604331930428,False,True,False,wifi_only,33,3.5,3.5,0.17045472621947375,raw
52,s3_vlp_blocked,3.56862361427012,2.697604331930428,False,True,False,vlp_only,45,5.5,4.5,0.9996753059123518,raw
52,s3_vlp_blocked,3.56862361427012,2.697604331930428,False,True,False,static_fusion,45,5.5,4.5,0.5014903251299223,raw
53,s3_vlp_blocked,3.943888445431222,2.4514296926551147,False,True,False,wifi_only,3,3.5,0.5,0.25398404999883245,raw
53,s3_vlp_blocked,3.943888445431222,2.4514296926551147,False,True,False,vlp_only,3,3.5,0.5,0.9999999999010003,raw
53,s3_vlp_blocked,3.943888445431222,2.4514296926551147,False,True,False,static_fusion,3,3.5,0.5,0.6269920249499163,raw
54,s3_vlp_blocked,4.260369316238271,2.2082022988398595,False,True,False,wifi_only,14,4.5,1.5,0.2098260895333694,raw
54,s3_vlp_blocked,4.260369316238271,2.2082022988398595,False,True,False,vlp_only,14,4.5,1.5,0.9999999999010003,raw
54,s3_vlp_blocked,4.260369316238271,2.2082022988398595,False,True,False,static_fusion,14,4.5,1.5,0.6049130447171848,raw
55,s3_vlp_blocked,4.627569160973635,2.060114150367901,False,True,False,wifi_only,14,4.5,1.5,0.233755874046622,raw
55,s3_vlp_blocked,4.627569160973635,2.060114150367901,False,True,False,vlp_only,14,4.5,1.5,0.9999999999010003,raw
55,s3_vlp_blocked,4.627569160973635,2.060114150367901,False,True,False,static_fusion,14,4.5,1.5,0.6168779369738111,raw
56,s3_vlp_blocked,4.961867043427717,1.830848239374332,False,True,False,wifi_only,4,4.5,0.5,0.2282173910805124,raw
56,s3_vlp_blocked,4.961867043427717,1.830848239374332,False,True,False,vlp_only,40,0.5,4.5,0.9999999999010002,raw
56,s3_vlp_blocked,4.961867043427717,1.830848239374332,False,True,False,static_fusion,40,0.5,4.5,0.5002470191091994,raw
57,s3_vlp_blocked,5.0679788704002044,1.7195475994342533,False,True,False,wifi_only,24,4.5,2.5,0.183363426614716,raw
57,s3_vlp_blocked,5.0679788704002044,1.7195475994342533,False,True,False,vlp_only,49,9.5,4.5,0.9999999999010002,raw
57,s3_vlp_blocked,5.0679788704002044,1.7195475994342533,False,True,False,static_fusion,49,9.5,4.5,0.5000010050862929,raw
58,s3_vlp_blocked,5.335240810429285,1.571560122687008,False,True,False,wifi_only,24,4.5,2.5,0.20701720630399154,raw
58,s3_vlp_blocked,5.335240810429285,1.571560122687008,False,True,False,vlp_only,15,5.5,1.5,0.9999985098285409,raw
58,s3_vlp_blocked,5.335240810429285,1.571560122687008,False,True,False,static_fusion,15,5.5,1.5,0.5434512432434473,raw
59,s3_vlp_blocked,5.651780389210071,1.3727606103935992,False,False,False,wifi_only,6,6.5,0.5,0.39458170211924476,raw
59,s3_vlp_blocked,5.651780389210071,1.3727606103935992,False,False,False,vlp_only,15,5.5,1.5,0.9999999999010003,raw
59,s3_vlp_blocked,5.651780389210071,1.3727606103935992,False,False,False,static_fusion,15,5.5,1.5,0.5373051731975175,raw
60,s3_vlp_blocked,5.898763386562306,1.2621017401554997,False,False,False,wifi_only,35,5.5,3.5,0.1785286434740924,raw
60,s3_vlp_blocked,5.898763386562306,1.2621017401554997,False,False,False,vlp_only,6,6.5,0.5,0.9999999999010003,raw
60,s3_vlp_blocked,5.898763386562306,1.2621017401554997,False,False,False,static_fusion,6,6.5,0.5,0.5021298597538707,raw
61,s3_vlp_blocked,6.355551046384767,1.4203122314749552,False,False,False,wifi_only,16,6.5,1.5,0.23470271850746652,raw
61,s3_vlp_blocked,6.355551046384767,1.4203122314749552,False,False,False,vlp_only,16,6.5,1.5,0.999999999464343,raw
61,s3_vlp_blocked,6.355551046384767,1.4203122314749552,False,False,False,static_fusion,16,6.5,1.5,0.6173513589859048,raw
62,s3_vlp_blocked,6.594147927702143,1.4206009795225187,False,False,False,wifi_only,16,6.5,1.5,0.22895117422254363,raw
62,s3_vlp_blocked,6.594147927702143,1.4206009795225187,False,False,False,vlp_only,16,6.5,1.5,0.9999999999010003,raw
62,s3_vlp_blocked,6.594147927702143,1.4206009795225187,False,False,False,static_fusion,16,6.5,1.5,0.614475587061772,raw
63,s3_vlp_blocked,6.702875767945526,1.3948214383894544,False,False,False,wifi_only,16,6.5,1.5,0.20828616989901733,raw
63,s3_vlp_blocked,6.702875767945526,1.3948214383894544,False,False,False,vlp_only,16,6.5,1.5,0.9999999998978307,raw
63,s3_vlp_blocked,6.702875767945526,1.3948214383894544,False,False,False,static_fusion,16,6.5,1.5,0.6041430848984239,raw
64,s3_vlp_blocked,6.87517464550481,1.1902703370600811,False,False,False,wifi_only,17,7.5,1.5,0.20013430478634314,raw
64,s3_vlp_blocked,6.87517464550481,1.1902703370600811,False,False,False,vlp_only,16,6.5,1.5,0.9999999999010003,raw
64,s3_vlp_blocked,6.87517464550481,1.1902703370600811,False,False,False,static_fusion,16,6.5,1.5,0.5906665161967987,raw
65,s3_vlp_blocked,6.892272294025562,1.0122251452148698,False,False,False,wifi_only,16,6.5,1.5,0.20977367334285013,raw
65,s3_vlp_blocked,6.892272294025562,1.0122251452148698,False,False,False,vlp_only,16,6.5,1.5,0.8551892032822445,raw
65,s3_vlp_blocked,6.892272294025562,1.0122251452148698,False,False,False,static_fusion,16,6.5,1.5,0.5324814383125474,raw
66,s3_vlp_blocked,7.000483248939226,0.9177176630235528,False,False,False,wifi_only,29,9.5,2.5,0.30524603051404225,raw
66,s3_vlp_blocked,7.000483248939226,0.9177176630235528,False,False,False,vlp_only,7,7.5,0.5,0.9999999745256302,raw
66,s3_vlp_blocked,7.000483248939226,0.9177176630235528,False,False,False,static_fusion,7,7.5,0.5,0.6019279615430164,raw
67,s3_vlp_blocked,7.169623623221895,0.7738996044632837,False,False,False,wifi_only,6,6.5,0.5,0.2970096689702119,raw
67,s3_vlp_blocked,7.169623623221895,0.7738996044632837,False,False,False,vlp_only,7,7.5,0.5,0.9999999999010003,raw
67,s3_vlp_blocked,7.169623623221895,0.7738996044632837,False,False,False,static_fusion,7,7.5,0.5,0.5801753264079653,raw
68,s3_vlp_blocked,7.492034971191752,0.4271040557051936,False,False,False,wifi_only,7,7.5,0.5,0.24780522405211375,raw
68,s3_vlp_blocked,7.492034971191752,0.4271040557051936,False,False,False,vlp_only,7,7.5,0.5,0.999731101417086,raw
68,s3_vlp_blocked,7.492034971191752,0.4271040557051936,False,False,False,static_fusion,7,7.5,0.5,0.6237681627345998,raw
69,s3_vlp_blocked,7.463813289098351,0.1481351742215659,False,False,False,wifi_only,7,7.5,0.5,0.22389794197484686,raw
69,s3_vlp_blocked,7.463813289098351,0.1481351742215659,False,False,False,vlp_only,9,9.5,0.5,0.9999999999010003,raw
69,s3_vlp_blocked,7.463813289098351,0.1481351742215659,False,False,False,static_fusion,9,9.5,0.5,0.5000074374737844,raw
70,s3_vlp_blocked,7.384046542733699,0.3965845375848609,False,False,False,wifi_only,7,7.5,0.5,0.5513924200833943,raw
70,s3_vlp_blocked,7.384046542733699,0.3965845375848609,False,False,False,vlp_only,7,7.5,0.5,0.9999999998996641,raw
70,s3_vlp_blocked,7.384046542733699,0.3965845375848609,False,False,False,static_fusion,7,7.5,0.5,0.7756962099915292,raw
71,s3_vlp_blocked,7.274941349103505,0.5328406187982155,False,False,False,wifi_only,7,7.5,0.5,0.30214598345082544,raw
71,s3_vlp_blocked,7.274941349103505,0.5328406187982155,False,False,False,vlp_only,7,7.5,0.5,0.9999999999010003,raw
71,s3_vlp_blocked,7.274941349103505,0.5328406187982155,False,False,False,static_fusion,7,7.5,0.5,0.6510729916759128,raw
72,s3_vlp_blocked,7.242898641642358,0.6319581293500205,False,False,False,wifi_only,7,7.5,0.5,0.371007332273681,raw
72,s3_vlp_blocked,7.242898641642358,0.6319581293500205,False,False,False,vlp_only,7,7.5,0.5,0.9999999999010003,raw
72,s3_vlp_blocked,7.242898641642358,0.6319581293500205,False,False,False,static_fusion,7,7.5,0.5,0.6855036660873406,raw
73,s3_vlp_blocked,6.897766036852761,0.9865854746261178,False,False,False,wifi_only,7,7.5,0.5,0.3222013258094665,raw
73,s3_vlp_blocked,6.897766036852761,0.9865854746261178,False,False,False,vlp_only,7,7.5,0.5,0.9999109827127736,raw
73,s3_vlp_blocked,6.897766036852761,0.9865854746261178,False,False,False,static_fusion,7,7.5,0.5,0.66105615426112,raw
74,s3_vlp_blocked,6.819062780162876,1.076859414311629,False,False,False,wifi_only,38,8.5,3.5,0.2398200912655813,raw
74,s3_vlp_blocked,6.819062780162876,1.076859414311629,False,False,False,vlp_only,16,6.5,1.5,0.9998562755822686,raw
74,s3_vlp_blocked,6.819062780162876,1.076859414311629,False,False,False,static_fusion,16,6.5,1.5,0.5215186356516369,raw
75,s3_vlp_blocked,6.720234602821568,1.267398302606882,False,True,False,wifi_only,39,9.5,3.5,0.2694810885123077,raw
75,s3_vlp_blocked,6.720234602821568,1.267398302606882,False,True,False,vlp_only,16,6.5,1.5,0.8647746330290648,raw
75,s3_vlp_blocked,6.720234602821568,1.267398302606882,False,True,False,static_fusion,16,6.5,1.5,0.45669343759985886,raw
76,s3_vlp_blocked,6.503783427177126,1.570279682105651,False,True,False,wifi_only,27,7.5,2.5,0.18258630538084228,raw
76,s3_vlp_blocked,6.503783427177126,1.570279682105651,False,True,False,vlp_only,19,9.5,1.5,0.9999888508911247,raw
76,s3_vlp_blocked,6.503783427177126,1.570279682105651,False,True,False,static_fusion,19,9.5,1.5,0.4999945145470647,raw
77,s3_vlp_blocked,6.358465325036558,1.791120746986019,False,True,False,wifi_only,15,5.5,1.5,0.17007618099952848,raw
77,s3_vlp_blocked,6.358465325036558,1.791120746986019,False,True,False,vlp_only,4,4.5,0.5,0.9999999999010003,raw
77,s3_vlp_blocked,6.358465325036558,1.791120746986019,False,True,False,static_fusion,4,4.5,0.5,0.5083045982767026,raw
78,s3_vlp_blocked,6.122791880845917,1.8813582130943367,False,True,False,wifi_only,16,6.5,1.5,0.17605710065075555,raw
78,s3_vlp_blocked,6.122791880845917,1.8813582130943367,False,True,False,vlp_only,6,6.5,0.5,0.9999999999010003,raw
78,s3_vlp_blocked,6.122791880845917,1.8813582130943367,False,True,False,static_fusion,6,6.5,0.5,0.577137017535232,raw
79,s3_vlp_blocked,5.750230255978351,2.1326072148263107,False,True,False,wifi_only,36,6.5,3.5,0.15040487899704938,raw
79,s3_vlp_blocked,5.750230255978351,2.1326072148263107,False,True,False,vlp_only,15,5.5,1.5,0.9999996979995422,raw
79,s3_vlp_blocked,5.750230255978351,2.1326072148263107,False,True,False,static_fusion,15,5.5,1.5,0.5433268161899446,raw
80,s3_vlp_blocked,5.514678873922644,2.389062926514496,False,True,False,wifi_only,45,5.5,4.5,0.16935404317489136,raw
80,s3_vlp_blocked,5.514678873922644,2.389062926514496,False,True,False,vlp_only,44,4.5,4.5,0.9999999999010002,raw
80,s3_vlp_blocked,5.514678873922644,2.389062926514496,False,True,False,static_fusion,44,4.5,4.5,0.5507459352717073,raw
81,s3_vlp_blocked,5.508112152914603,2.4998600146256016,False,True,False,wifi_only,14,4.5,1.5,0.20078942347357667,raw
81,s3_vlp_blocked,5.508112152914603,2.4998600146256016,False,True,False,vlp_only,39,9.5,3.5,0.5706831073175901,raw
81,s3_vlp_blocked,5.508112152914603,2.4998600146256016,False,True,False,static_fusion,39,9.5,3.5,0.2853417473961674,raw
82,s3_vlp_blocked,5.600226935990087,2.6582213422588112,False,True,False,wifi_only,34,4.5,3.5,0.17436799937403868,raw
82,s3_vlp_blocked,5.600226935990087,2.6582213422588112,False,True,False,vlp_only,15,5.5,1.5,0.9999999998943833,raw
82,s3_vlp_blocked,5.600226935990087,2.6582213422588112,False,True,False,static_fusion,15,5.5,1.5,0.5174743268890499,raw
83,s3_vlp_blocked,5.738537290833164,2.759195471518816,False,True,False,wifi_only,16,6.5,1.5,0.2282675383298618,raw
83,s3_vlp_blocked,5.738537290833164,2.759195471518816,False,True,False,vlp_only,44,4.5,4.5,0.9999999999010002,raw
83,s3_vlp_blocked,5.738537290833164,2.759195471518816,False,True,False,static_fusion,44,4.5,4.5,0.500013726468186,raw
84,s3_vlp_blocked,5.832850971363683,3.0310878411880533,False,True,False,wifi_only,25,5.5,2.5,0.19929149428200404,raw
84,s3_vlp_blocked,5.832850971363683,3.0310878411880533,False,True,False,vlp_only,39,9.5,3.5,0.9999999999010002,raw
84,s3_vlp_blocked,5.832850971363683,3.0310878411880533,False,True,False,static_fusion,39,9.5,3.5,0.5004025088581078,raw
85,s3_vlp_blocked,5.898467311753344,3.228508652056043,False,True,False,wifi_only,49,9.5,4.5,0.10127453750426445,raw
85,s3_vlp_blocked,5.898467311753344,3.228508652056043,False,True,False,vlp_only,39,9.5,3.5,0.9999999999010002,raw
85,s3_vlp_blocked,5.898467311753344,3.228508652056043,False,True,False,static_fusion,39,9.5,3.5,0.5030288556842482,raw
86,s3_vlp_blocked,5.888626732888142,3.400271085109193,False,True,False,wifi_only,49,9.5,4.5,0.20315532571909722,raw
86,s3_vlp_blocked,5.888626732888142,3.400271085109193,False,True,False,vlp_only,44,4.5,4.5,0.9999999999010002,raw
86,s3_vlp_blocked,5.888626732888142,3.400271085109193,False,True,False,static_fusion,44,4.5,4.5,0.5001409184074278,raw
87,s3_vlp_blocked,5.651159957112673,3.739006548657096,False,True,False,wifi_only,45,5.5,4.5,0.18033969385552914,raw
87,s3_vlp_blocked,5.651159957112673,3.739006548657096,False,True,False,vlp_only,5,5.5,0.5,0.9999999999010003,raw
87,s3_vlp_blocked,5.651159957112673,3.739006548657096,False,True,False,static_fusion,5,5.5,0.5,0.5001367403805502,raw
88,s3_vlp_blocked,5.511321113022474,3.8790676275290847,False,True,False,wifi_only,45,5.5,4.5,0.12963401324768825,raw
88,s3_vlp_blocked,5.511321113022474,3.8790676275290847,False,True,False,vlp_only,35,5.5,3.5,0.9999999999010002,raw
88,s3_vlp_blocked,5.511321113022474,3.8790676275290847,False,True,False,static_fusion,35,5.5,3.5,0.5589576579528527,raw
89,s3_vlp_blocked,5.43643528909089,3.953273740011248,False,True,False,wifi_only,34,4.5,3.5,0.15251869556587092,raw
89,s3_vlp_blocked,5.43643528909089,3.953273740011248,False,True,False,vlp_only,5,5.5,0.5,0.9999999999010003,raw
89,s3_vlp_blocked,5.43643528909089,3.953273740011248,False,True,False,static_fusion,5,5.5,0.5,0.5013018725005948,raw
90,s3_vlp_blocked,5.230257776887017,3.9835295593536193,False,True,False,wifi_only,4,4.5,0.5,0.13319706834386,raw
90,s3_vlp_blocked,5.230257776887017,3.9835295593536193,False,True,False,vlp_only,5,5.5,0.5,0.9999999999010003,raw
90,s3_vlp_blocked,5.230257776887017,3.9835295593536193,False,True,False,static_fusion,5,5.5,0.5,0.5059837272925717,raw
91,s3_vlp_blocked,4.9776092930395945,4.056000817377593,False,True,False,wifi_only,44,4.5,4.5,0.1822387483786402,raw
91,s3_vlp_blocked,4.9776092930395945,4.056000817377593,False,True,False,vlp_only,34,4.5,3.5,0.9999999998106476,raw
91,s3_vlp_blocked,4.9776092930395945,4.056000817377593,False,True,False,static_fusion,34,4.5,3.5,0.5452628119295946,raw
92,s3_vlp_blocked,4.723335213676367,4.234008104614395,False,False,False,wifi_only,33,3.5,3.5,0.15536423504724028,raw
92,s3_vlp_blocked,4.723335213676367,4.234008104614395,False,False,False,vlp_only,44,4.5,4.5,0.9999999999010002,raw
92,s3_vlp_blocked,4.723335213676367,4.234008104614395,False,False,False,static_fusion,44,4.5,4.5,0.5112192869985929,raw
93,s3_vlp_blocked,4.5603601875449,4.42721654605225,False,False,False,wifi_only,42,2.5,4.5,0.14752694920252415,raw
93,s3_vlp_blocked,4.5603601875449,4.42721654605225,False,False,False,vlp_only,44,4.5,4.5,0.9999999999010002,raw
93,s3_vlp_blocked,4.5603601875449,4.42721654605225,False,False,False,static_fusion,44,4.5,4.5,0.5157420192895175,raw
94,s3_vlp_blocked,4.376758804931988,4.783397516554166,False,False,False,wifi_only,65,5.5,6.5,0.1879483312750801,raw
94,s3_vlp_blocked,4.376758804931988,4.783397516554166,False,False,False,vlp_only,44,4.5,4.5,0.9999999999010002,raw
94,s3_vlp_blocked,4.376758804931988,4.783397516554166,False,False,False,static_fusion,44,4.5,4.5,0.5025782188623991,raw
95,s3_vlp_blocked,4.278110895822162,4.873116927745965,False,False,False,wifi_only,43,3.5,4.5,0.14719806914216138,raw
95,s3_vlp_blocked,4.278110895822162,4.873116927745965,False,False,False,vlp_only,44,4.5,4.5,0.9999999999010002,raw
95,s3_vlp_blocked,4.278110895822162,4.873116927745965,False,False,False,static_fusion,44,4.5,4.5,0.5658574042902209,raw
96,s3_vlp_blocked,4.12801724847605,5.124228511615788,False,False,False,wifi_only,34,4.5,3.5,0.16872739982362664,raw
96,s3_vlp_blocked,4.12801724847605,5.124228511615788,False,False,False,vlp_only,54,4.5,5.5,0.9999999999010002,raw
96,s3_vlp_blocked,4.12801724847605,5.124228511615788,False,False,False,static_fusion,54,4.5,5.5,0.5051423393574432,raw
97,s3_vlp_blocked,3.704635602450641,5.262849100858526,False,False,False,wifi_only,50,0.5,5.5,0.29966209403180905,raw
97,s3_vlp_blocked,3.704635602450641,5.262849100858526,False,False,False,vlp_only,53,3.5,5.5,0.9999999999010002,raw
97,s3_vlp_blocked,3.704635602450641,5.262849100858526,False,False,False,static_fusion,53,3.5,5.5,0.501298690956478,raw
98,s3_vlp_blocked,3.5561357581555817,5.285474381301673,False,False,False,wifi_only,63,3.5,6.5,0.11527986592899102,raw
98,s3_vlp_blocked,3.5561357581555817,5.285474381301673,False,False,False,vlp_only,53,3.5,5.5,0.9999999999010002,raw
98,s3_vlp_blocked,3.5561357581555817,5.285474381301673,False,False,False,static_fusion,53,3.5,5.5,0.5199685128242603,raw
99,s3_vlp_blocked,3.128664509288299,5.522908615866154,False,False,False,wifi_only,56,6.5,5.5,0.1477711362728215,raw
99,s3_vlp_blocked,3.128664509288299,5.522908615866154,False,False,False,vlp_only,53,3.5,5.5,0.9998600073310278,raw
99,s3_vlp_blocked,3.128664509288299,5.522908615866154,False,False,False,static_fusion,53,3.5,5.5,0.5061489783583825,raw
0,s3_vlp_blocked,6.1055626688123565,8.931678203850066,False,False,False,wifi_only,74,4.5,7.5,0.2345163572478153,moving_average
0,s3_vlp_blocked,6.1055626688123565,8.931678203850066,False,False,False,vlp_only,96,6.5,9.5,0.9999999999010001,moving_average
0,s3_vlp_blocked,6.1055626688123565,8.931678203850066,False,False,False,static_fusion,96,6.5,9.5,0.5360262320970329,moving_average
1,s3_vlp_blocked,6.320554771122484,9.075343533082185,False,False,False,wifi_only,93,3.5,9.5,0.22350117727275298,moving_average
1,s3_vlp_blocked,6.320554771122484,9.075343533082185,False,False,False,vlp_only,96,6.5,9.5,0.9999999999010001,moving_average
1,s3_vlp_blocked,6.320554771122484,9.075343533082185,False,False,False,static_fusion,96,6.5,9.5,0.5928385428499019,moving_average
2,s3_vlp_blocked,6.58026211240472,9.446929430621816,False,False,False,wifi_only,96,6.5,9.5,0.21632144838979375,moving_average
2,s3_vlp_blocked,6.58026211240472,9.446929430621816,False,False,False,vlp_only,96,6.5,9.5,0.9999999999010001,moving_average
2,s3_vlp_blocked,6.58026211240472,9.446929430621816,False,False,False,static_fusion,96,6.5,9.5,0.6081607241453969,moving_average
3,s3_vlp_blocked,6.690486996140005,9.773722821152626,False,False,False,wifi_only,96,6.5,9.5,0.2403876338153241,moving_average
3,s3_vlp_blocked,6.690486996140005,9.773722821152626,False,False,False,vlp_only,96,6.5,9.5,0.9999999999010001,moving_average
3,s3_vlp_blocked,6.690486996140005,9.773722821152626,False,False,False,static_fusion,96,6.5,9.5,0.6201938168581621,moving_average
4,s3_vlp_blocked,6.648930003357536,9.453988556211296,False,False,False,wifi_only,96,6.5,9.5,0.3071133344644869,moving_average
4,s3_vlp_blocked,6.648930003357536,9.453988556211296,False,False,False,vlp_only,96,6.5,9.5,0.9999999999010001,moving_average
4,s3_vlp_blocked,6.648930003357536,9.453988556211296,False,False,False,static_fusion,96,6.5,9.5,0.6535566671827435,moving_average
5,s3_vlp_blocked,6.503414861243288,9.34880509424309,False,False,False,wifi_only,96,6.5,9.5,0.30940929656060884,moving_average
5,s3_vlp_blocked,6.503414861243288,9.34880509424309,False,False,False,vlp_only,96,6.5,9.5,0.9999999999010001,moving_average
5,s3_vlp_blocked,6.503414861243288,9.34880509424309,False,False,False,static_fusion,96,6.5,9.5,0.6547046482308044,moving_average
6,s3_vlp_blocked,6.309679632446698,9.224501326679391,False,False,False,wifi_only,96,6.5,9.5,0.32760857147066585,moving_average
6,s3_vlp_blocked,6.309679632446698,9.224501326679391,False,False,False,vlp_only,96,6.5,9.5,0.9999999999010001,moving_average
6,s3_vlp_blocked,6.309679632446698,9.224501326679391,False,False,False,static_fusion,96,6.5,9.5,0.6638042856858329,moving_average
7,s3_vlp_blocked,6.06460409098813,9.084291660062746,False,False,False,wifi_only,96,6.5,9.5,0.34696921844933115,moving_average
7,s3_vlp_blocked,6.06460409098813,9.084291660062746,False,False,False,vlp_only,96,6.5,9.5,0.9999999999010001,moving_average
7,s3_vlp_blocked,6.06460409098813,9.084291660062746,False,False,False,static_fusion,96,6.5,9.5,0.6734846091751656,moving_average
8,s3_vlp_blocked,5.726062604387588,9.046898224684307,False,False,False,wifi_only,96,6.5,9.5,0.24633050200321444,moving_average
8,s3_vlp_blocked,5.726062604387588,9.046898224684307,False,False,False,vlp_only,96,6.5,9.5,0.9999999999010001,moving_average
8,s3_vlp_blocked,5.726062604387588,9.046898224684307,False,False,False,static_fusion,96,6.5,9.5,0.6231652509521073,moving_average
9,s3_vlp_blocked,5.334545965818324,9.091415993613808,False,False,False,wifi_only,95,5.5,9.5,0.2779991592565802,moving_average
9,s3_vlp_blocked,5.334545965818324,9.091415993613808,False,False,False,vlp_only,96,6.5,9.5,0.9999999999010001,moving_average
9,s3_vlp_blocked,5.334545965818324,9.091415993613808,False,False,False,static_fusion,96,6.5,9.5,0.5007958602003835,moving_average
10,s3_vlp_blocked,4.945823765007514,9.252578001847564,False,False,False,wifi_only,95,5.5,9.5,0.32846962183464307,moving_average
10,s3_vlp_blocked,4.945823765007514,9.252578001847564,False,False,False,vlp_only,85,5.5,8.5,0.9999999999010001,moving_average
10,s3_vlp_blocked,4.945823765007514,9.252578001847564,False,False,False,static_fusion,85,5.5,8.5,0.5922007143457456,moving_average
11,s3_vlp_blocked,4.721675127324938,9.340170350002357,False,False,False,wifi_only,94,4.5,9.5,0.3565455520040373,moving_average
11,s3_vlp_blocked,4.721675127324938,9.340170350002357,False,False,False,vlp_only,95,5.5,9.5,0.9999999999010001,moving_average
11,s3_vlp_blocked,4.721675127324938,9.340170350002357,False,False,False,static_fusion,95,5.5,9.5,0.6612433254567898,moving_average
12,s3_vlp_blocked,4.340963373281298,9.42272693147179,False,False,False,wifi_only,94,4.5,9.5,0.38403644302849577,moving_average
12,s3_vlp_blocked,4.340963373281298,9.42272693147179,False,False,False,vlp_only,95,5.5,9.5,0.9999999999010001,moving_average
12,s3_vlp_blocked,4.340963373281298,9.42272693147179,False,False,False,static_fusion,95,5.5,9.5,0.6522021501608855,moving_average
13,s3_vlp_blocked,4.095436566930193,9.473710426329454,False,False,False,wifi_only,94,4.5,9.5,0.3597261336689079,moving_average
13,s3_vlp_blocked,4.095436566930193,9.473710426329454,False,False,False,vlp_only,94,4.5,9.5,0.9999999999010001,moving_average
13,s3_vlp_blocked,4.095436566930193,9.473710426329454,False,False,False,static_fusion,94,4.5,9.5,0.679863066784954,moving_average
14,s3_vlp_blocked,3.863209848904428,9.531730849012984,False,False,False,wifi_only,94,4.5,9.5,0.3946387795080218,moving_average
14,s3_vlp_blocked,3.863209848904428,9.531730849012984,False,False,False,vlp_only,94,4.5,9.5,0.9999999999010001,moving_average
14,s3_vlp_blocked,3.863209848904428,9.531730849012984,False,False,False,static_fusion,94,4.5,9.5,0.6973193897045109,moving_average
15,s3_vlp_blocked,3.520682956293645,9.491058893166894,False,True,False,wifi_only,94,4.5,9.5,0.30410023866850894,moving_average
15,s3_vlp_blocked,3.520682956293645,9.491058893166894,False,True,False,vlp_only,84,4.5,8.5,0.9999999998797017,moving_average
15,s3_vlp_blocked,3.520682956293645,9.491058893166894,False,True,False,static_fusion,84,4.5,8.5,0.5742730846331362,moving_average
16,s3_vlp_blocked,3.165382501834026,9.461587695941777,False,True,False,wifi_only,93,3.5,9.5,0.30063329221786284,moving_average
16,s3_vlp_blocked,3.165382501834026,9.461587695941777,False,True,False,vlp_only,93,3.5,9.5,0.9999999999010001,moving_average
16,s3_vlp_blocked,3.165382501834026,9.461587695941777,False,True,False,static_fusion,93,3.5,9.5,0.6503166460594314,moving_average
17,s3_vlp_blocked,2.930245477093876,9.456164822050765,False,True,False,wifi_only,93,3.5,9.5,0.306543132544753,moving_average
17,s3_vlp_blocked,2.930245477093876,9.456164822050765,False,True,False,vlp_only,93,3.5,9.5,0.9999999999010001,moving_average
17,s3_vlp_blocked,2.930245477093876,9.456164822050765,False,True,False,static_fusion,93,3.5,9.5,0.6532715662228765,moving_average
18,s3_vlp_blocked,2.7420797060020465,9.472996628406442,False,True,False,wifi_only,93,3.5,9.5,0.289058704227087,moving_average
18,s3_vlp_blocked,2.7420797060020465,9.472996628406442,False,True,False,vlp_only,90,0.5,9.5,0.9999999999010001,moving_average
18,s3_vlp_blocked,2.7420797060020465,9.472996628406442,False,True,False,static_fusion,90,0.5,9.5,0.5000022878557049,moving_average
19,s3_vlp_blocked,2.4198638446847416,9.489528341112424,False,True,False,wifi_only,93,3.5,9.5,0.13204291875504084,moving_average
19,s3_vlp_blocked,2.4198638446847416,9.489528341112424,False,True,False,vlp_only,90,0.5,9.5,0.9999999999010001,moving_average
19,s3_vlp_blocked,2.4198638446847416,9.489528341112424,False,True,False,static_fusion,90,0.5,9.5,0.5000308625986989,moving_average
20,s3_vlp_blocked,2.0874415206005943,9.43132427410417,False,True,False,wifi_only,92,2.5,9.5,0.21101157582187843,moving_average
20,s3_vlp_blocked,2.0874415206005943,9.43132427410417,False,True,False,vlp_only,90,0.5,9.5,0.9999999999010001,moving_average
20,s3_vlp_blocked,2.0874415206005943,9.43132427410417,False,True,False,static_fusion,90,0.5,9.5,0.50049044812673,moving_average
21,s3_vlp_blocked,1.6827551012106006,9.608276410412028,False,True,False,wifi_only,92,2.5,9.5,0.2639459934847487,moving_average
21,s3_vlp_blocked,1.6827551012106006,9.608276410412028,False,True,False,vlp_only,90,0.5,9.5,0.9999999999010001,moving_average
21,s3_vlp_blocked,1.6827551012106006,9.608276410412028,False,True,False,static_fusion,90,0.5,9.5,0.5079768717169801,moving_average
22,s3_vlp_blocked,1.5666621834216723,9.721824928735591,False,True,False,wifi_only,91,1.5,9.5,0.20256284705462213,moving_average
22,s3_vlp_blocked,1.5666621834216723,9.721824928735591,False,True,False,vlp_only,90,0.5,9.5,0.9999999999010001,moving_average
22,s3_vlp_blocked,1.5666621834216723,9.721824928735591,False,True,False,static_fusion,90,0.5,9.5,0.5210807339290358,moving_average
23,s3_vlp_blocked,1.8135872918506848,9.442076930062784,False,True,False,wifi_only,91,1.5,9.5,0.22448179417643369,moving_average
23,s3_vlp_blocked,1.8135872918506848,9.442076930062784,False,True,False,vlp_only,90,0.5,9.5,0.9999999999010001,moving_average
23,s3_vlp_blocked,1.8135872918506848,9.442076930062784,False,True,False,static_fusion,90,0.5,9.5,0.5399477950717778,moving_average
24,s3_vlp_blocked,1.9797748224675469,9.171124941492176,False,True,False,wifi_only,91,1.5,9.5,0.22737435824967328,moving_average
24,s3_vlp_blocked,1.9797748224675469,9.171124941492176,False,True,False,vlp_only,91,1.5,9.5,0.9999999999010001,moving_average
24,s3_vlp_blocked,1.9797748224675469,9.171124941492176,False,True,False,static_fusion,91,1.5,9.5,0.6136871790753367,moving_average
25,s3_vlp_blocked,2.0026978386863656,9.060785581306895,False,False,False,wifi_only,91,1.5,9.5,0.2465187257629513,moving_average
25,s3_vlp_blocked,2.0026978386863656,9.060785581306895,False,False,False,vlp_only,91,1.5,9.5,0.9999999998982494,moving_average
25,s3_vlp_blocked,2.0026978386863656,9.060785581306895,False,False,False,static_fusion,91,1.5,9.5,0.6232593628306003,moving_average
26,s3_vlp_blocked,2.0409538218277232,8.768038731768266,False,False,False,wifi_only,91,1.5,9.5,0.14212768122251124,moving_average
26,s3_vlp_blocked,2.0409538218277232,8.768038731768266,False,False,False,vlp_only,91,1.5,9.5,0.9999999816030739,moving_average
26,s3_vlp_blocked,2.0409538218277232,8.768038731768266,False,False,False,static_fusion,91,1.5,9.5,0.5710638314127926,moving_average
27,s3_vlp_blocked,1.943647595119588,8.39052055732134,False,False,False,wifi_only,91,1.5,9.5,0.12133569135729746,moving_average
27,s3_vlp_blocked,1.943647595119588,8.39052055732134,False,False,False,vlp_only,81,1.5,8.5,0.9999999999010001,moving_average
27,s3_vlp_blocked,1.943647595119588,8.39052055732134,False,False,False,static_fusion,81,1.5,8.5,0.551212892389803,moving_average
28,s3_vlp_blocked,1.822933837050688,7.938503894157455,False,False,False,wifi_only,91,1.5,9.5,0.162088982350424,moving_average
28,s3_vlp_blocked,1.822933837050688,7.938503894157455,False,False,False,vlp_only,81,1.5,8.5,0.9999999999010001,moving_average
28,s3_vlp_blocked,1.822933837050688,7.938503894157455,False,False,False,static_fusion,81,1.5,8.5,0.5708411756981179,moving_average
29,s3_vlp_blocked,1.5143958915018594,7.638191012939957,False,False,False,wifi_only,81,1.5,8.5,0.17743147978123916,moving_average
29,s3_vlp_blocked,1.5143958915018594,7.638191012939957,False,False,False,vlp_only,81,1.5,8.5,0.9784274625503971,moving_average
29,s3_vlp_blocked,1.5143958915018594,7.638191012939957,False,False,False,static_fusion,81,1.5,8.5,0.5779294711658182,moving_average
30,s3_vlp_blocked,1.3675026549702816,7.582213936330399,False,False,False,wifi_only,81,1.5,8.5,0.1596644613355121,moving_average
30,s3_vlp_blocked,1.3675026549702816,7.582213936330399,False,False,False,vlp_only,71,1.5,7.5,0.9749106155623336,moving_average
30,s3_vlp_blocked,1.3675026549702816,7.582213936330399,False,False,False,static_fusion,71,1.5,7.5,0.5510337585343561,moving_average
31,s3_vlp_blocked,1.2429294919367564,7.522606951356906,False,False,False,wifi_only,71,1.5,7.5,0.15608583690236577,moving_average
31,s3_vlp_blocked,1.2429294919367564,7.522606951356906,False,False,False,vlp_only,71,1.5,7.5,0.9999994219286255,moving_average
31,s3_vlp_blocked,1.2429294919367564,7.522606951356906,False,False,False,static_fusion,71,1.5,7.5,0.5780426294154957,moving_average
32,s3_vlp_blocked,1.1706414409291317,7.446686809586819,False,False,False,wifi_only,71,1.5,7.5,0.1575717862677096,moving_average
32,s3_vlp_blocked,1.1706414409291317,7.446686809586819,False,False,False,vlp_only,71,1.5,7.5,0.9999999998999292,moving_average
32,s3_vlp_blocked,1.1706414409291317,7.446686809586819,False,False,False,static_fusion,71,1.5,7.5,0.5787858930838193,moving_average
33,s3_vlp_blocked,1.0225794063669398,7.298034493574606,False,False,False,wifi_only,61,1.5,6.5,0.1487176388423581,moving_average
33,s3_vlp_blocked,1.0225794063669398,7.298034493574606,False,False,False,vlp_only,71,1.5,7.5,0.9999999999010001,moving_average
33,s3_vlp_blocked,1.0225794063669398,7.298034493574606,False,False,False,static_fusion,71,1.5,7.5,0.5674743789912573,moving_average
34,s3_vlp_blocked,0.8405580282052503,7.1660136409604815,False,False,False,wifi_only,61,1.5,6.5,0.15977818179712625,moving_average
34,s3_vlp_blocked,0.8405580282052503,7.1660136409604815,False,False,False,vlp_only,71,1.5,7.5,0.9999999999010001,moving_average
34,s3_vlp_blocked,0.8405580282052503,7.1660136409604815,False,False,False,static_fusion,71,1.5,7.5,0.5561904714163769,moving_average
35,s3_vlp_blocked,0.7992402328627707,7.065719351919998,False,False,False,wifi_only,61,1.5,6.5,0.1366906097050878,moving_average
35,s3_vlp_blocked,0.7992402328627707,7.065719351919998,False,False,False,vlp_only,70,0.5,7.5,0.9999999999010001,moving_average
35,s3_vlp_blocked,0.7992402328627707,7.065719351919998,False,False,False,static_fusion,70,0.5,7.5,0.5361334034611083,moving_average
36,s3_vlp_blocked,0.7671095331979448,6.6194549412444434,False,False,False,wifi_only,61,1.5,6.5,0.15306631061071874,moving_average
36,s3_vlp_blocked,0.7671095331979448,6.6194549412444434,False,False,False,vlp_only,70,0.5,7.5,0.9999999998525645,moving_average
36,s3_vlp_blocked,0.7671095331979448,6.6194549412444434,False,False,False,static_fusion,70,0.5,7.5,0.5397122532992162,moving_average
37,s3_vlp_blocked,0.7867269935815102,6.50813786445098,False,False,False,wifi_only,61,1.5,6.5,0.1462724540561339,moving_average
37,s3_vlp_blocked,0.7867269935815102,6.50813786445098,False,False,False,vlp_only,70,0.5,7.5,0.9929557614009928,moving_average
37,s3_vlp_blocked,0.7867269935815102,6.50813786445098,False,False,False,static_fusion,70,0.5,7.5,0.5498692202937703,moving_average
38,s3_vlp_blocked,0.9039958580667962,6.339426406945286,False,False,False,wifi_only,61,1.5,6.5,0.12521175543541527,moving_average
38,s3_vlp_blocked,0.9039958580667962,6.339426406945286,False,False,False,vlp_only,61,1.5,6.5,0.9999999998991944,moving_average
38,s3_vlp_blocked,0.9039958580667962,6.339426406945286,False,False,False,static_fusion,61,1.5,6.5,0.5626058776673047,moving_average
39,s3_vlp_blocked,0.9979740023158236,6.187541249202924,False,False,False,wifi_only,61,1.5,6.5,0.15541647214171392,moving_average
39,s3_vlp_blocked,0.9979740023158236,6.187541249202924,False,False,False,vlp_only,60,0.5,6.5,0.9999999999010002,moving_average
39,s3_vlp_blocked,0.9979740023158236,6.187541249202924,False,False,False,static_fusion,60,0.5,6.5,0.5446650254527928,moving_average
40,s3_vlp_blocked,1.28488954092244,5.782257454541684,False,False,False,wifi_only,61,1.5,6.5,0.15876930613461565,moving_average
40,s3_vlp_blocked,1.28488954092244,5.782257454541684,False,False,False,vlp_only,60,0.5,6.5,0.9999999999010002,moving_average
40,s3_vlp_blocked,1.28488954092244,5.782257454541684,False,False,False,static_fusion,60,0.5,6.5,0.5695635444674072,moving_average
41,s3_vlp_blocked,1.513102962684955,5.518180410148621,False,False,False,wifi_only,61,1.5,6.5,0.15651937438227262,moving_average
41,s3_vlp_blocked,1.513102962684955,5.518180410148621,False,False,False,vlp_only,60,0.5,6.5,0.9999999999010002,moving_average
41,s3_vlp_blocked,1.513102962684955,5.518180410148621,False,False,False,static_fusion,60,0.5,6.5,0.5491011313568886,moving_average
42,s3_vlp_blocked,1.6106044791645622,5.19830615307079,False,False,False,wifi_only,61,1.5,6.5,0.14809685186353008,moving_average
42,s3_vlp_blocked,1.6106044791645622,5.19830615307079,False,False,False,vlp_only,51,1.5,5.5,0.9999999999010002,moving_average
42,s3_vlp_blocked,1.6106044791645622,5.19830615307079,False,False,False,static_fusion,51,1.5,5.5,0.5548718254166589,moving_average
43,s3_vlp_blocked,1.8972643262832607,4.975906927269721,False,False,False,wifi_only,61,1.5,6.5,0.14524913362541939,moving_average
43,s3_vlp_blocked,1.8972643262832607,4.975906927269721,False,False,False,vlp_only,51,1.5,5.5,0.999999999550285,moving_average
43,s3_vlp_blocked,1.8972643262832607,4.975906927269721,False,False,False,static_fusion,51,1.5,5.5,0.5617114777973227,moving_average
44,s3_vlp_blocked,2.229332660696988,4.76372737768957,False,False,False,wifi_only,61,1.5,6.5,0.1527185412612413,moving_average
44,s3_vlp_blocked,2.229332660696988,4.76372737768957,False,False,False,vlp_only,51,1.5,5.5,0.9999989792577618,moving_average
44,s3_vlp_blocked,2.229332660696988,4.76372737768957,False,False,False,static_fusion,51,1.5,5.5,0.5471130219221557,moving_average
45,s3_vlp_blocked,2.6145006895276834,4.592072450426468,False,True,False,wifi_only,52,2.5,5.5,0.15950261652540978,moving_average
45,s3_vlp_blocked,2.6145006895276834,4.592072450426468,False,True,False,vlp_only,50,0.5,5.5,0.9999999999010002,moving_average
45,s3_vlp_blocked,2.6145006895276834,4.592072450426468,False,True,False,static_fusion,50,0.5,5.5,0.5233659976211407,moving_average
46,s3_vlp_blocked,2.661129424294631,4.466616768697175,False,True,False,wifi_only,51,1.5,5.5,0.15201627242106258,moving_average
46,s3_vlp_blocked,2.661129424294631,4.466616768697175,False,True,False,vlp_only,40,0.5,4.5,0.6546968607116326,moving_average
46,s3_vlp_blocked,2.661129424294631,4.466616768697175,False,True,False,static_fusion,40,0.5,4.5,0.339923525772201,moving_average
47,s3_vlp_blocked,2.6450300380382434,4.183588162907463,False,True,False,wifi_only,52,2.5,5.5,0.1573267316041892,moving_average
47,s3_vlp_blocked,2.6450300380382434,4.183588162907463,False,True,False,vlp_only,50,0.5,5.5,0.9999999999010002,moving_average
47,s3_vlp_blocked,2.6450300380382434,4.183588162907463,False,True,False,static_fusion,50,0.5,5.5,0.5171146486258025,moving_average
48,s3_vlp_blocked,2.633014421787828,3.6860116411580814,False,True,False,wifi_only,42,2.5,4.5,0.16838001658527602,moving_average
48,s3_vlp_blocked,2.633014421787828,3.6860116411580814,False,True,False,vlp_only,40,0.5,4.5,0.9999999999010002,moving_average
48,s3_vlp_blocked,2.633014421787828,3.6860116411580814,False,True,False,static_fusion,40,0.5,4.5,0.5153280245222822,moving_average
49,s3_vlp_blocked,2.7923313692644163,3.3743378598159564,False,True,False,wifi_only,42,2.5,4.5,0.15980582370235683,moving_average
49,s3_vlp_blocked,2.7923313692644163,3.3743378598159564,False,True,False,vlp_only,40,0.5,4.5,0.9999999948993511,moving_average
49,s3_vlp_blocked,2.7923313692644163,3.3743378598159564,False,True,False,static_fusion,40,0.5,4.5,0.5341296275425542,moving_average
50,s3_vlp_blocked,2.983612121628606,3.11916257556942,False,True,False,wifi_only,32,2.5,3.5,0.16292015651961314,moving_average
50,s3_vlp_blocked,2.983612121628606,3.11916257556942,False,True,False,vlp_only,30,0.5,3.5,0.9999999999010002,moving_average
50,s3_vlp_blocked,2.983612121628606,3.11916257556942,False,True,False,static_fusion,30,0.5,3.5,0.5179631703867332,moving_average
51,s3_vlp_blocked,3.351818132537528,2.843855854625126,False,True,False,wifi_only,32,2.5,3.5,0.19439458719275823,moving_average
51,s3_vlp_blocked,3.351818132537528,2.843855854625126,False,True,False,vlp_only,30,0.5,3.5,0.9999999999010002,moving_average
51,s3_vlp_blocked,3.351818132537528,2.843855854625126,False,True,False,static_fusion,30,0.5,3.5,0.5144351107513422,moving_average
52,s3_vlp_blocked,3.56862361427012,2.697604331930428,False,True,False,wifi_only,32,2.5,3.5,0.19406105951152236,moving_average
52,s3_vlp_blocked,3.56862361427012,2.697604331930428,False,True,False,vlp_only,30,0.5,3.5,0.7112744662625082,moving_average
52,s3_vlp_blocked,3.56862361427012,2.697604331930428,False,True,False,static_fusion,30,0.5,3.5,0.3758465209749373,moving_average
53,s3_vlp_blocked,3.943888445431222,2.4514296926551147,False,True,False,wifi_only,32,2.5,3.5,0.17351274261413835,moving_average
53,s3_vlp_blocked,3.943888445431222,2.4514296926551147,False,True,False,vlp_only,3,3.5,0.5,0.9999999999010003,moving_average
53,s3_vlp_blocked,3.943888445431222,2.4514296926551147,False,True,False,static_fusion,3,3.5,0.5,0.5261413306822701,moving_average
54,s3_vlp_blocked,4.260369316238271,2.2082022988398595,False,True,False,wifi_only,23,3.5,2.5,0.21534223970300684,moving_average
54,s3_vlp_blocked,4.260369316238271,2.2082022988398595,False,True,False,vlp_only,3,3.5,0.5,0.9999999999010003,moving_average
54,s3_vlp_blocked,4.260369316238271,2.2082022988398595,False,True,False,static_fusion,3,3.5,0.5,0.5372476699846767,moving_average
55,s3_vlp_blocked,4.627569160973635,2.060114150367901,False,True,False,wifi_only,23,3.5,2.5,0.1907316583172247,moving_average
55,s3_vlp_blocked,4.627569160973635,2.060114150367901,False,True,False,vlp_only,14,4.5,1.5,0.9999999999010003,moving_average
55,s3_vlp_blocked,4.627569160973635,2.060114150367901,False,True,False,static_fusion,14,4.5,1.5,0.5671966799777923,moving_average
56,s3_vlp_blocked,4.961867043427717,1.830848239374332,False,True,False,wifi_only,14,4.5,1.5,0.17622745234243067,moving_average
56,s3_vlp_blocked,4.961867043427717,1.830848239374332,False,True,False,vlp_only,4,4.5,0.5,0.9999999999010003,moving_average
56,s3_vlp_blocked,4.961867043427717,1.830848239374332,False,True,False,static_fusion,4,4.5,0.5,0.5751701363864076,moving_average
57,s3_vlp_blocked,5.0679788704002044,1.7195475994342533,False,True,False,wifi_only,14,4.5,1.5,0.19318738064926283,moving_average
57,s3_vlp_blocked,5.0679788704002044,1.7195475994342533,False,True,False,vlp_only,4,4.5,0.5,0.9999999999010003,moving_average
57,s3_vlp_blocked,5.0679788704002044,1.7195475994342533,False,True,False,static_fusion,4,4.5,0.5,0.5879155928813523,moving_average
58,s3_vlp_blocked,5.335240810429285,1.571560122687008,False,True,False,wifi_only,14,4.5,1.5,0.2285732923072011,moving_average
58,s3_vlp_blocked,5.335240810429285,1.571560122687008,False,True,False,vlp_only,4,4.5,0.5,0.9999999999010003,moving_average
58,s3_vlp_blocked,5.335240810429285,1.571560122687008,False,True,False,static_fusion,4,4.5,0.5,0.5860807270817125,moving_average
59,s3_vlp_blocked,5.651780389210071,1.3727606103935992,False,False,False,wifi_only,14,4.5,1.5,0.21438035064589414,moving_average
59,s3_vlp_blocked,5.651780389210071,1.3727606103935992,False,False,False,vlp_only,5,5.5,0.5,0.9999999999010003,moving_average
59,s3_vlp_blocked,5.651780389210071,1.3727606103935992,False,False,False,static_fusion,5,5.5,0.5,0.5574621705260909,moving_average
60,s3_vlp_blocked,5.898763386562306,1.2621017401554997,False,False,False,wifi_only,15,5.5,1.5,0.16789720206275358,moving_average
60,s3_vlp_blocked,5.898763386562306,1.2621017401554997,False,False,False,vlp_only,5,5.5,0.5,0.9999999999010003,moving_average
60,s3_vlp_blocked,5.898763386562306,1.2621017401554997,False,False,False,static_fusion,5,5.5,0.5,0.5582768469862676,moving_average
61,s3_vlp_blocked,6.355551046384767,1.4203122314749552,False,False,False,wifi_only,15,5.5,1.5,0.22411355145338158,moving_average
61,s3_vlp_blocked,6.355551046384767,1.4203122314749552,False,False,False,vlp_only,6,6.5,0.5,0.9999986352512414,moving_average
61,s3_vlp_blocked,6.355551046384767,1.4203122314749552,False,False,False,static_fusion,6,6.5,0.5,0.5176702739471144,moving_average
62,s3_vlp_blocked,6.594147927702143,1.4206009795225187,False,False,False,wifi_only,26,6.5,2.5,0.1849481520819153,moving_average
62,s3_vlp_blocked,6.594147927702143,1.4206009795225187,False,False,False,vlp_only,6,6.5,0.5,0.9999999999010003,moving_average
62,s3_vlp_blocked,6.594147927702143,1.4206009795225187,False,False,False,static_fusion,6,6.5,0.5,0.5524191772091583,moving_average
63,s3_vlp_blocked,6.702875767945526,1.3948214383894544,False,False,False,wifi_only,16,6.5,1.5,0.2405454542391278,moving_average
63,s3_vlp_blocked,6.702875767945526,1.3948214383894544,False,False,False,vlp_only,16,6.5,1.5,0.9999999994337233,moving_average
63,s3_vlp_blocked,6.702875767945526,1.3948214383894544,False,False,False,static_fusion,16,6.5,1.5,0.6202727268364254,moving_average
64,s3_vlp_blocked,6.87517464550481,1.1902703370600811,False,False,False,wifi_only,16,6.5,1.5,0.2448642595974712,moving_average
64,s3_vlp_blocked,6.87517464550481,1.1902703370600811,False,False,False,vlp_only,16,6.5,1.5,0.9999999999005826,moving_average
64,s3_vlp_blocked,6.87517464550481,1.1902703370600811,False,False,False,static_fusion,16,6.5,1.5,0.622432129749027,moving_average
65,s3_vlp_blocked,6.892272294025562,1.0122251452148698,False,False,False,wifi_only,16,6.5,1.5,0.2541042188939162,moving_average
65,s3_vlp_blocked,6.892272294025562,1.0122251452148698,False,False,False,vlp_only,16,6.5,1.5,0.9999999999010003,moving_average
65,s3_vlp_blocked,6.892272294025562,1.0122251452148698,False,False,False,static_fusion,16,6.5,1.5,0.6270521093974581,moving_average
66,s3_vlp_blocked,7.000483248939226,0.9177176630235528,False,False,False,wifi_only,27,7.5,2.5,0.21619574286338455,moving_average
66,s3_vlp_blocked,7.000483248939226,0.9177176630235528,False,False,False,vlp_only,16,6.5,1.5,0.9999999999010003,moving_average
66,s3_vlp_blocked,7.000483248939226,0.9177176630235528,False,False,False,static_fusion,16,6.5,1.5,0.5968322597006995,moving_average
67,s3_vlp_blocked,7.169623623221895,0.7738996044632837,False,False,False,wifi_only,27,7.5,2.5,0.20675211547324848,moving_average
67,s3_vlp_blocked,7.169623623221895,0.7738996044632837,False,False,False,vlp_only,7,7.5,0.5,0.5917892954116202,moving_average
67,s3_vlp_blocked,7.169623623221895,0.7738996044632837,False,False,False,static_fusion,7,7.5,0.5,0.3460665924142155,moving_average
68,s3_vlp_blocked,7.492034971191752,0.4271040557051936,False,False,False,wifi_only,27,7.5,2.5,0.1743831942122191,moving_average
68,s3_vlp_blocked,7.492034971191752,0.4271040557051936,False,False,False,vlp_only,7,7.5,0.5,0.9999999999010003,moving_average
68,s3_vlp_blocked,7.492034971191752,0.4271040557051936,False,False,False,static_fusion,7,7.5,0.5,0.5864425946708225,moving_average
69,s3_vlp_blocked,7.463813289098351,0.1481351742215659,False,False,False,wifi_only,7,7.5,0.5,0.18965757617606044,moving_average
69,s3_vlp_blocked,7.463813289098351,0.1481351742215659,False,False,False,vlp_only,7,7.5,0.5,0.9999999999010003,moving_average
69,s3_vlp_blocked,7.463813289098351,0.1481351742215659,False,False,False,static_fusion,7,7.5,0.5,0.5948287880385305,moving_average
70,s3_vlp_blocked,7.384046542733699,0.3965845375848609,False,False,False,wifi_only,7,7.5,0.5,0.3747074859589104,moving_average
70,s3_vlp_blocked,7.384046542733699,0.3965845375848609,False,False,False,vlp_only,7,7.5,0.5,0.9999999998966852,moving_average
70,s3_vlp_blocked,7.384046542733699,0.3965845375848609,False,False,False,static_fusion,7,7.5,0.5,0.6873537429277977,moving_average
71,s3_vlp_blocked,7.274941349103505,0.5328406187982155,False,False,False,wifi_only,7,7.5,0.5,0.3834080296357124,moving_average
71,s3_vlp_blocked,7.274941349103505,0.5328406187982155,False,False,False,vlp_only,7,7.5,0.5,0.999999999544417,moving_average
71,s3_vlp_blocked,7.274941349103505,0.5328406187982155,False,False,False,static_fusion,7,7.5,0.5,0.6917040145900647,moving_average
72,s3_vlp_blocked,7.242898641642358,0.6319581293500205,False,False,False,wifi_only,7,7.5,0.5,0.4125973580594816,moving_average
72,s3_vlp_blocked,7.242898641642358,0.6319581293500205,False,False,False,vlp_only,7,7.5,0.5,0.9999999996895175,moving_average
72,s3_vlp_blocked,7.242898641642358,0.6319581293500205,False,False,False,static_fusion,7,7.5,0.5,0.7062986788744994,moving_average
73,s3_vlp_blocked,6.897766036852761,0.9865854746261178,False,False,False,wifi_only,7,7.5,0.5,0.4400718651806918,moving_average
73,s3_vlp_blocked,6.897766036852761,0.9865854746261178,False,False,False,vlp_only,7,7.5,0.5,0.9999999999010003,moving_average
73,s3_vlp_blocked,6.897766036852761,0.9865854746261178,False,False,False,static_fusion,7,7.5,0.5,0.720035932540846,moving_average
74,s3_vlp_blocked,6.819062780162876,1.076859414311629,False,False,False,wifi_only,7,7.5,0.5,0.3555568910092136,moving_average
74,s3_vlp_blocked,6.819062780162876,1.076859414311629,False,False,False,vlp_only,7,7.5,0.5,0.9999999999010003,moving_average
74,s3_vlp_blocked,6.819062780162876,1.076859414311629,False,False,False,static_fusion,7,7.5,0.5,0.677778445455107,moving_average
75,s3_vlp_blocked,6.720234602821568,1.267398302606882,False,True,False,wifi_only,7,7.5,0.5,0.18668309762959304,moving_average
75,s3_vlp_blocked,6.720234602821568,1.267398302606882,False,True,False,vlp_only,7,7.5,0.5,0.9999999998665621,moving_average
75,s3_vlp_blocked,6.720234602821568,1.267398302606882,False,True,False,static_fusion,7,7.5,0.5,0.5933415487480775,moving_average
76,s3_vlp_blocked,6.503783427177126,1.570279682105651,False,True,False,wifi_only,27,7.5,2.5,0.1827783052237874,moving_average
76,s3_vlp_blocked,6.503783427177126,1.570279682105651,False,True,False,vlp_only,7,7.5,0.5,0.9999999999010003,moving_average
76,s3_vlp_blocked,6.503783427177126,1.570279682105651,False,True,False,static_fusion,7,7.5,0.5,0.574979071239584,moving_average
77,s3_vlp_blocked,6.358465325036558,1.791120746986019,False,True,False,wifi_only,6,6.5,0.5,0.18885711130656685,moving_average
77,s3_vlp_blocked,6.358465325036558,1.791120746986019,False,True,False,vlp_only,6,6.5,0.5,0.9999999997966429,moving_average
77,s3_vlp_blocked,6.358465325036558,1.791120746986019,False,True,False,static_fusion,6,6.5,0.5,0.5944285555516049,moving_average
78,s3_vlp_blocked,6.122791880845917,1.8813582130943367,False,True,False,wifi_only,16,6.5,1.5,0.16325832685194594,moving_average
78,s3_vlp_blocked,6.122791880845917,1.8813582130943367,False,True,False,vlp_only,6,6.5,0.5,0.9999999999010003,moving_average
78,s3_vlp_blocked,6.122791880845917,1.8813582130943367,False,True,False,static_fusion,6,6.5,0.5,0.5753887953020156,moving_average
79,s3_vlp_blocked,5.750230255978351,2.1326072148263107,False,True,False,wifi_only,16,6.5,1.5,0.16893058414899348,moving_average
79,s3_vlp_blocked,5.750230255978351,2.1326072148263107,False,True,False,vlp_only,6,6.5,0.5,0.9999999999010003,moving_average
79,s3_vlp_blocked,5.750230255978351,2.1326072148263107,False,True,False,static_fusion,6,6.5,0.5,0.5766624396801967,moving_average
80,s3_vlp_blocked,5.514678873922644,2.389062926514496,False,True,False,wifi_only,26,6.5,2.5,0.16673130872590877,moving_average
80,s3_vlp_blocked,5.514678873922644,2.389062926514496,False,True,False,vlp_only,5,5.5,0.5,0.9999999999010003,moving_average
80,s3_vlp_blocked,5.514678873922644,2.389062926514496,False,True,False,static_fusion,5,5.5,0.5,0.5340241021939488,moving_average
81,s3_vlp_blocked,5.508112152914603,2.4998600146256016,False,True,False,wifi_only,25,5.5,2.5,0.1965027495618778,moving_average
81,s3_vlp_blocked,5.508112152914603,2.4998600146256016,False,True,False,vlp_only,5,5.5,0.5,0.9999999999010003,moving_average
81,s3_vlp_blocked,5.508112152914603,2.4998600146256016,False,True,False,static_fusion,5,5.5,0.5,0.5411145636907987,moving_average
82,s3_vlp_blocked,5.600226935990087,2.6582213422588112,False,True,False,wifi_only,25,5.5,2.5,0.18729314195980956,moving_average
82,s3_vlp_blocked,5.600226935990087,2.6582213422588112,False,True,False,vlp_only,15,5.5,1.5,0.9991507456043486,moving_average
82,s3_vlp_blocked,5.600226935990087,2.6582213422588112,False,True,False,static_fusion,15,5.5,1.5,0.552209814914621,moving_average
83,s3_vlp_blocked,5.738537290833164,2.759195471518816,False,True,False,wifi_only,25,5.5,2.5,0.19111027400549088,moving_average
83,s3_vlp_blocked,5.738537290833164,2.759195471518816,False,True,False,vlp_only,5,5.5,0.5,0.9999999999010003,moving_average
83,s3_vlp_blocked,5.738537290833164,2.759195471518816,False,True,False,static_fusion,5,5.5,0.5,0.525293165515014,moving_average
84,s3_vlp_blocked,5.832850971363683,3.0310878411880533,False,True,False,wifi_only,25,5.5,2.5,0.19859111624273879,moving_average
84,s3_vlp_blocked,5.832850971363683,3.0310878411880533,False,True,False,vlp_only,5,5.5,0.5,0.9999999999010003,moving_average
84,s3_vlp_blocked,5.832850971363683,3.0310878411880533,False,True,False,static_fusion,5,5.5,0.5,0.5271731486551263,moving_average
85,s3_vlp_blocked,5.898467311753344,3.228508652056043,False,True,False,wifi_only,25,5.5,2.5,0.19738490206524892,moving_average
85,s3_vlp_blocked,5.898467311753344,3.228508652056043,False,True,False,vlp_only,35,5.5,3.5,0.9532960308610008,moving_average
85,s3_vlp_blocked,5.898467311753344,3.228508652056043,False,True,False,static_fusion,35,5.5,3.5,0.5315388737794524,moving_average
86,s3_vlp_blocked,5.888626732888142,3.400271085109193,False,True,False,wifi_only,25,5.5,2.5,0.15350457010019483,moving_average
86,s3_vlp_blocked,5.888626732888142,3.400271085109193,False,True,False,vlp_only,35,5.5,3.5,0.9999999999010002,moving_average
86,s3_vlp_blocked,5.888626732888142,3.400271085109193,False,True,False,static_fusion,35,5.5,3.5,0.5456674699357186,moving_average
87,s3_vlp_blocked,5.651159957112673,3.739006548657096,False,True,False,wifi_only,36,6.5,3.5,0.1577882768269426,moving_average
87,s3_vlp_blocked,5.651159957112673,3.739006548657096,False,True,False,vlp_only,35,5.5,3.5,0.9999872868882864,moving_average
87,s3_vlp_blocked,5.651159957112673,3.739006548657096,False,True,False,static_fusion,35,5.5,3.5,0.5484920522438259,moving_average
88,s3_vlp_blocked,5.511321113022474,3.8790676275290847,False,True,False,wifi_only,35,5.5,3.5,0.13668754050515486,moving_average
88,s3_vlp_blocked,5.511321113022474,3.8790676275290847,False,True,False,vlp_only,35,5.5,3.5,0.9999999999010002,moving_average
88,s3_vlp_blocked,5.511321113022474,3.8790676275290847,False,True,False,static_fusion,35,5.5,3.5,0.5683437702030776,moving_average
89,s3_vlp_blocked,5.43643528909089,3.953273740011248,False,True,False,wifi_only,35,5.5,3.5,0.14398688639922486,moving_average
89,s3_vlp_blocked,5.43643528909089,3.953273740011248,False,True,False,vlp_only,35,5.5,3.5,0.9999999998922169,moving_average
89,s3_vlp_blocked,5.43643528909089,3.953273740011248,False,True,False,static_fusion,35,5.5,3.5,0.5719934431457209,moving_average
90,s3_vlp_blocked,5.230257776887017,3.9835295593536193,False,True,False,wifi_only,35,5.5,3.5,0.17221943734042833,moving_average
90,s3_vlp_blocked,5.230257776887017,3.9835295593536193,False,True,False,vlp_only,5,5.5,0.5,0.9999999998850188,moving_average
90,s3_vlp_blocked,5.230257776887017,3.9835295593536193,False,True,False,static_fusion,5,5.5,0.5,0.5069694059023386,moving_average
91,s3_vlp_blocked,4.9776092930395945,4.056000817377593,False,True,False,wifi_only,34,4.5,3.5,0.15328973422449677,moving_average
91,s3_vlp_blocked,4.9776092930395945,4.056000817377593,False,True,False,vlp_only,5,5.5,0.5,0.9999999999010003,moving_average
91,s3_vlp_blocked,4.9776092930395945,4.056000817377593,False,True,False,static_fusion,5,5.5,0.5,0.5010700728330798,moving_average
92,s3_vlp_blocked,4.723335213676367,4.234008104614395,False,False,False,wifi_only,34,4.5,3.5,0.17437776968603003,moving_average
92,s3_vlp_blocked,4.723335213676367,4.234008104614395,False,False,False,vlp_only,35,5.5,3.5,0.9999999999010002,moving_average
92,s3_vlp_blocked,4.723335213676367,4.234008104614395,False,False,False,static_fusion,35,5.5,3.5,0.5356954120970798,moving_average
93,s3_vlp_blocked,4.5603601875449,4.42721654605225,False,False,False,wifi_only,33,3.5,3.5,0.12965227592727105,moving_average
93,s3_vlp_blocked,4.5603601875449,4.42721654605225,False,False,False,vlp_only,44,4.5,4.5,0.9999999999010002,moving_average
93,s3_vlp_blocked,4.5603601875449,4.42721654605225,False,False,False,static_fusion,44,4.5,4.5,0.5339477778228884,moving_average
94,s3_vlp_blocked,4.376758804931988,4.783397516554166,False,False,False,wifi_only,43,3.5,4.5,0.16362671589674868,moving_average
94,s3_vlp_blocked,4.376758804931988,4.783397516554166,False,False,False,vlp_only,44,4.5,4.5,0.9999999999010002,moving_average
94,s3_vlp_blocked,4.376758804931988,4.783397516554166,False,False,False,static_fusion,44,4.5,4.5,0.5647244367332961,moving_average
95,s3_vlp_blocked,4.278110895822162,4.873116927745965,False,False,False,wifi_only,43,3.5,4.5,0.16309513495501446,moving_average
95,s3_vlp_blocked,4.278110895822162,4.873116927745965,False,False,False,vlp_only,44,4.5,4.5,0.9999999999010002,moving_average
95,s3_vlp_blocked,4.278110895822162,4.873116927745965,False,False,False,static_fusion,44,4.5,4.5,0.579154344641463,moving_average
96,s3_vlp_blocked,4.12801724847605,5.124228511615788,False,False,False,wifi_only,44,4.5,4.5,0.1607120107356356,moving_average
96,s3_vlp_blocked,4.12801724847605,5.124228511615788,False,False,False,vlp_only,44,4.5,4.5,0.9999999999010002,moving_average
96,s3_vlp_blocked,4.12801724847605,5.124228511615788,False,False,False,static_fusion,44,4.5,4.5,0.5803560053183179,moving_average
97,s3_vlp_blocked,3.704635602450641,5.262849100858526,False,False,False,wifi_only,43,3.5,4.5,0.1409741245020079,moving_average
97,s3_vlp_blocked,3.704635602450641,5.262849100858526,False,False,False,vlp_only,44,4.5,4.5,0.9999999999010002,moving_average
97,s3_vlp_blocked,3.704635602450641,5.262849100858526,False,False,False,static_fusion,44,4.5,4.5,0.5556037396491279,moving_average
98,s3_vlp_blocked,3.5561357581555817,5.285474381301673,False,False,False,wifi_only,53,3.5,5.5,0.13727994828316195,moving_average
98,s3_vlp_blocked,3.5561357581555817,5.285474381301673,False,False,False,vlp_only,54,4.5,5.5,0.9999999999010002,moving_average
98,s3_vlp_blocked,3.5561357581555817,5.285474381301673,False,False,False,static_fusion,54,4.5,5.5,0.5494149772876754,moving_average
99,s3_vlp_blocked,3.128664509288299,5.522908615866154,False,False,False,wifi_only,44,4.5,4.5,0.11245999466219972,moving_average
99,s3_vlp_blocked,3.128664509288299,5.522908615866154,False,False,False,vlp_only,53,3.5,5.5,0.9999999999010002,moving_average
99,s3_vlp_blocked,3.128664509288299,5.522908615866154,False,False,False,static_fusion,53,3.5,5.5,0.5555693681527083,moving_average
0,s3_vlp_blocked,6.1055626688123565,8.931678203850066,False,False,False,wifi_only,74,4.5,7.5,0.2345163572478153,median
0,s3_vlp_blocked,6.1055626688123565,8.931678203850066,False,False,False,vlp_only,96,6.5,9.5,0.9999999999010001,median
0,s3_vlp_blocked,6.1055626688123565,8.931678203850066,False,False,False,static_fusion,96,6.5,9.5,0.5360262320970329,median
1,s3_vlp_blocked,6.320554771122484,9.075343533082185,False,False,False,wifi_only,93,3.5,9.5,0.22350117727275298,median
1,s3_vlp_blocked,6.320554771122484,9.075343533082185,False,False,False,vlp_only,96,6.5,9.5,0.9999999999010001,median
1,s3_vlp_blocked,6.320554771122484,9.075343533082185,False,False,False,static_fusion,96,6.5,9.5,0.5928385428499019,median
2,s3_vlp_blocked,6.58026211240472,9.446929430621816,False,False,False,wifi_only,96,6.5,9.5,0.3278748480331366,median
2,s3_vlp_blocked,6.58026211240472,9.446929430621816,False,False,False,vlp_only,96,6.5,9.5,0.9999999999010001,median
2,s3_vlp_blocked,6.58026211240472,9.446929430621816,False,False,False,static_fusion,96,6.5,9.5,0.6639374239670683,median
3,s3_vlp_blocked,6.690486996140005,9.773722821152626,False,False,False,wifi_only,96,6.5,9.5,0.3274833456772127,median
3,s3_vlp_blocked,6.690486996140005,9.773722821152626,False,False,False,vlp_only,96,6.5,9.5,0.9999999999010001,median
3,s3_vlp_blocked,6.690486996140005,9.773722821152626,False,False,False,static_fusion,96,6.5,9.5,0.6637416727891063,median
4,s3_vlp_blocked,6.648930003357536,9.453988556211296,False,False,False,wifi_only,96,6.5,9.5,0.3780312407845809,median
4,s3_vlp_blocked,6.648930003357536,9.453988556211296,False,False,False,vlp_only,96,6.5,9.5,0.9999999999010001,median
4,s3_vlp_blocked,6.648930003357536,9.453988556211296,False,False,False,static_fusion,96,6.5,9.5,0.6890156203427905,median
5,s3_vlp_blocked,6.503414861243288,9.34880509424309,False,False,False,wifi_only,96,6.5,9.5,0.3780312407845809,median
5,s3_vlp_blocked,6.503414861243288,9.34880509424309,False,False,False,vlp_only,96,6.5,9.5,0.9999999999010001,median
5,s3_vlp_blocked,6.503414861243288,9.34880509424309,False,False,False,static_fusion,96,6.5,9.5,0.6890156203427905,median
6,s3_vlp_blocked,6.309679632446698,9.224501326679391,False,False,False,wifi_only,96,6.5,9.5,0.3780312407845809,median
6,s3_vlp_blocked,6.309679632446698,9.224501326679391,False,False,False,vlp_only,96,6.5,9.5,0.9999999999010001,median
6,s3_vlp_blocked,6.309679632446698,9.224501326679391,False,False,False,static_fusion,96,6.5,9.5,0.6890156203427905,median
7,s3_vlp_blocked,6.06460409098813,9.084291660062746,False,False,False,wifi_only,96,6.5,9.5,0.3785826715956639,median
7,s3_vlp_blocked,6.06460409098813,9.084291660062746,False,False,False,vlp_only,96,6.5,9.5,0.9999999999010001,median
7,s3_vlp_blocked,6.06460409098813,9.084291660062746,False,False,False,static_fusion,96,6.5,9.5,0.689291335748332,median
8,s3_vlp_blocked,5.726062604387588,9.046898224684307,False,False,False,wifi_only,94,4.5,9.5,0.20785310360962891,median
8,s3_vlp_blocked,5.726062604387588,9.046898224684307,False,False,False,vlp_only,96,6.5,9.5,0.9999999999010001,median
8,s3_vlp_blocked,5.726062604387588,9.046898224684307,False,False,False,static_fusion,96,6.5,9.5,0.5558355771403032,median
9,s3_vlp_blocked,5.334545965818324,9.091415993613808,False,False,False,wifi_only,95,5.5,9.5,0.28125047808612125,median
9,s3_vlp_blocked,5.334545965818324,9.091415993613808,False,False,False,vlp_only,96,6.5,9.5,0.9999999999010001,median
9,s3_vlp_blocked,5.334545965818324,9.091415993613808,False,False,False,static_fusion,96,6.5,9.5,0.5154208156013965,median
10,s3_vlp_blocked,4.945823765007514,9.252578001847564,False,False,False,wifi_only,94,4.5,9.5,0.3343450514168781,median
10,s3_vlp_blocked,4.945823765007514,9.252578001847564,False,False,False,vlp_only,85,5.5,8.5,0.9999999999010001,median
10,s3_vlp_blocked,4.945823765007514,9.252578001847564,False,False,False,static_fusion,85,5.5,8.5,0.5824836639490387,median
11,s3_vlp_blocked,4.721675127324938,9.340170350002357,False,False,False,wifi_only,94,4.5,9.5,0.3740863922592336,median
11,s3_vlp_blocked,4.721675127324938,9.340170350002357,False,False,False,vlp_only,95,5.5,9.5,0.9999999999010001,median
11,s3_vlp_blocked,4.721675127324938,9.340170350002357,False,False,False,static_fusion,95,5.5,9.5,0.6663095982345753,median
12,s3_vlp_blocked,4.340963373281298,9.42272693147179,False,False,False,wifi_only,94,4.5,9.5,0.36055468401084895,median
12,s3_vlp_blocked,4.340963373281298,9.42272693147179,False,False,False,vlp_only,94,4.5,9.5,0.999999999897568,median
12,s3_vlp_blocked,4.340963373281298,9.42272693147179,False,False,False,static_fusion,94,4.5,9.5,0.6802773419542085,median
13,s3_vlp_blocked,4.095436566930193,9.473710426329454,False,False,False,wifi_only,94,4.5,9.5,0.3138319018576322,median
13,s3_vlp_blocked,4.095436566930193,9.473710426329454,False,False,False,vlp_only,94,4.5,9.5,0.9999999999010001,median
13,s3_vlp_blocked,4.095436566930193,9.473710426329454,False,False,False,static_fusion,94,4.5,9.5,0.6569159508793161,median
14,s3_vlp_blocked,3.863209848904428,9.531730849012984,False,False,False,wifi_only,94,4.5,9.5,0.39464575633850735,median
14,s3_vlp_blocked,3.863209848904428,9.531730849012984,False,False,False,vlp_only,94,4.5,9.5,0.9999999999010001,median
14,s3_vlp_blocked,3.863209848904428,9.531730849012984,False,False,False,static_fusion,94,4.5,9.5,0.6973228781197536,median
15,s3_vlp_blocked,3.520682956293645,9.491058893166894,False,True,False,wifi_only,94,4.5,9.5,0.2641454837595922,median
15,s3_vlp_blocked,3.520682956293645,9.491058893166894,False,True,False,vlp_only,84,4.5,8.5,0.9999999993699441,median
15,s3_vlp_blocked,3.520682956293645,9.491058893166894,False,True,False,static_fusion,84,4.5,8.5,0.5949886589289314,median
16,s3_vlp_blocked,3.165382501834026,9.461587695941777,False,True,False,wifi_only,93,3.5,9.5,0.28671270554778977,median
16,s3_vlp_blocked,3.165382501834026,9.461587695941777,False,True,False,vlp_only,93,3.5,9.5,0.9999999999010001,median
16,s3_vlp_blocked,3.165382501834026,9.461587695941777,False,True,False,static_fusion,93,3.5,9.5,0.6433563527243948,median
17,s3_vlp_blocked,2.930245477093876,9.456164822050765,False,True,False,wifi_only,93,3.5,9.5,0.2719215483699663,median
17,s3_vlp_blocked,2.930245477093876,9.456164822050765,False,True,False,vlp_only,93,3.5,9.5,0.9999999999010001,median
17,s3_vlp_blocked,2.930245477093876,9.456164822050765,False,True,False,static_fusion,93,3.5,9.5,0.6359607741354831,median
18,s3_vlp_blocked,2.7420797060020465,9.472996628406442,False,True,False,wifi_only,93,3.5,9.5,0.27219597133726436,median
18,s3_vlp_blocked,2.7420797060020465,9.472996628406442,False,True,False,vlp_only,93,3.5,9.5,0.9999171118781042,median
18,s3_vlp_blocked,2.7420797060020465,9.472996628406442,False,True,False,static_fusion,93,3.5,9.5,0.6360565416076842,median
19,s3_vlp_blocked,2.4198638446847416,9.489528341112424,False,True,False,wifi_only,93,3.5,9.5,0.2109519745202837,median
19,s3_vlp_blocked,2.4198638446847416,9.489528341112424,False,True,False,vlp_only,90,0.5,9.5,0.999777176086345,median
19,s3_vlp_blocked,2.4198638446847416,9.489528341112424,False,True,False,static_fusion,90,0.5,9.5,0.4998931822957159,median
20,s3_vlp_blocked,2.0874415206005943,9.43132427410417,False,True,False,wifi_only,92,2.5,9.5,0.20043980684719032,median
20,s3_vlp_blocked,2.0874415206005943,9.43132427410417,False,True,False,vlp_only,91,1.5,9.5,0.943179189583648,median
20,s3_vlp_blocked,2.0874415206005943,9.43132427410417,False,True,False,static_fusion,91,1.5,9.5,0.47872262473351473,median
21,s3_vlp_blocked,1.6827551012106006,9.608276410412028,False,True,False,wifi_only,91,1.5,9.5,0.17917919212711308,median
21,s3_vlp_blocked,1.6827551012106006,9.608276410412028,False,True,False,vlp_only,91,1.5,9.5,0.9431791895836479,median
21,s3_vlp_blocked,1.6827551012106006,9.608276410412028,False,True,False,static_fusion,91,1.5,9.5,0.5611791908553805,median
22,s3_vlp_blocked,1.5666621834216723,9.721824928735591,False,True,False,wifi_only,91,1.5,9.5,0.16238746328443102,median
22,s3_vlp_blocked,1.5666621834216723,9.721824928735591,False,True,False,vlp_only,91,1.5,9.5,0.98746730247746,median
22,s3_vlp_blocked,1.5666621834216723,9.721824928735591,False,True,False,static_fusion,91,1.5,9.5,0.5749273828809454,median
23,s3_vlp_blocked,1.8135872918506848,9.442076930062784,False,True,False,wifi_only,91,1.5,9.5,0.20342798518266048,median
23,s3_vlp_blocked,1.8135872918506848,9.442076930062784,False,True,False,vlp_only,91,1.5,9.5,0.987467302478484,median
23,s3_vlp_blocked,1.8135872918506848,9.442076930062784,False,True,False,static_fusion,91,1.5,9.5,0.5954476438305722,median
24,s3_vlp_blocked,1.9797748224675469,9.171124941492176,False,True,False,wifi_only,91,1.5,9.5,0.20590701125570804,median
24,s3_vlp_blocked,1.9797748224675469,9.171124941492176,False,True,False,vlp_only,91,1.5,9.5,0.9999999952509244,median
24,s3_vlp_blocked,1.9797748224675469,9.171124941492176,False,True,False,static_fusion,91,1.5,9.5,0.6029535032533162,median
25,s3_vlp_blocked,2.0026978386863656,9.060785581306895,False,False,False,wifi_only,91,1.5,9.5,0.20925585362436463,median
25,s3_vlp_blocked,2.0026978386863656,9.060785581306895,False,False,False,vlp_only,91,1.5,9.5,0.9999999470145993,median
25,s3_vlp_blocked,2.0026978386863656,9.060785581306895,False,False,False,static_fusion,91,1.5,9.5,0.604627900319482,median
26,s3_vlp_blocked,2.0409538218277232,8.768038731768266,False,False,False,wifi_only,91,1.5,9.5,0.11683242187964417,median
26,s3_vlp_blocked,2.0409538218277232,8.768038731768266,False,False,False,vlp_only,91,1.5,9.5,0.8330609370983256,median
26,s3_vlp_blocked,2.0409538218277232,8.768038731768266,False,False,False,static_fusion,91,1.5,9.5,0.4749466794889849,median
27,s3_vlp_blocked,1.943647595119588,8.39052055732134,False,False,False,wifi_only,88,8.5,8.5,0.08514785008573786,median
27,s3_vlp_blocked,1.943647595119588,8.39052055732134,False,False,False,vlp_only,81,1.5,8.5,0.9999408803349465,median
27,s3_vlp_blocked,1.943647595119588,8.39052055732134,False,False,False,static_fusion,81,1.5,8.5,0.5303442876456717,median
28,s3_vlp_blocked,1.822933837050688,7.938503894157455,False,False,False,wifi_only,91,1.5,9.5,0.11683242187964417,median
28,s3_vlp_blocked,1.822933837050688,7.938503894157455,False,False,False,vlp_only,81,1.5,8.5,0.995578126807955,median
28,s3_vlp_blocked,1.822933837050688,7.938503894157455,False,False,False,static_fusion,81,1.5,8.5,0.5507483829712092,median
29,s3_vlp_blocked,1.5143958915018594,7.638191012939957,False,False,False,wifi_only,72,2.5,7.5,0.138410419020433,median
29,s3_vlp_blocked,1.5143958915018594,7.638191012939957,False,False,False,vlp_only,81,1.5,8.5,0.9951557351153496,median
29,s3_vlp_blocked,1.5143958915018594,7.638191012939957,False,False,False,static_fusion,81,1.5,8.5,0.5584807541030562,median
30,s3_vlp_blocked,1.3675026549702816,7.582213936330399,False,False,False,wifi_only,72,2.5,7.5,0.14110997235784495,median
30,s3_vlp_blocked,1.3675026549702816,7.582213936330399,False,False,False,vlp_only,71,1.5,7.5,0.9998914124719666,median
30,s3_vlp_blocked,1.3675026549702816,7.582213936330399,False,False,False,static_fusion,71,1.5,7.5,0.5587542648629967,median
31,s3_vlp_blocked,1.2429294919367564,7.522606951356906,False,False,False,wifi_only,71,1.5,7.5,0.16147121729839103,median
31,s3_vlp_blocked,1.2429294919367564,7.522606951356906,False,False,False,vlp_only,71,1.5,7.5,0.9999999203445863,median
31,s3_vlp_blocked,1.2429294919367564,7.522606951356906,False,False,False,static_fusion,71,1.5,7.5,0.5807355688214886,median
32,s3_vlp_blocked,1.1706414409291317,7.446686809586819,False,False,False,wifi_only,70,0.5,7.5,0.14430993124030858,median
32,s3_vlp_blocked,1.1706414409291317,7.446686809586819,False,False,False,vlp_only,71,1.5,7.5,0.9999999999006629,median
32,s3_vlp_blocked,1.1706414409291317,7.446686809586819,False,False,False,static_fusion,71,1.5,7.5,0.5719008694933929,median
33,s3_vlp_blocked,1.0225794063669398,7.298034493574606,False,False,False,wifi_only,61,1.5,6.5,0.15678226396275197,median
33,s3_vlp_blocked,1.0225794063669398,7.298034493574606,False,False,False,vlp_only,71,1.5,7.5,0.9999999999010001,median
33,s3_vlp_blocked,1.0225794063669398,7.298034493574606,False,False,False,static_fusion,71,1.5,7.5,0.5555910828934519,median
34,s3_vlp_blocked,0.8405580282052503,7.1660136409604815,False,False,False,wifi_only,61,1.5,6.5,0.15974702482166023,median
34,s3_vlp_blocked,0.8405580282052503,7.1660136409604815,False,False,False,vlp_only,71,1.5,7.5,0.9999999999010001,median
34,s3_vlp_blocked,0.8405580282052503,7.1660136409604815,False,False,False,static_fusion,71,1.5,7.5,0.5535442816959838,median
35,s3_vlp_blocked,0.7992402328627707,7.065719351919998,False,False,False,wifi_only,61,1.5,6.5,0.15979325392974322,median
35,s3_vlp_blocked,0.7992402328627707,7.065719351919998,False,False,False,vlp_only,70,0.5,7.5,0.9999999999010001,median
35,s3_vlp_blocked,0.7992402328627707,7.065719351919998,False,False,False,static_fusion,70,0.5,7.5,0.5428157670795655,median
36,s3_vlp_blocked,0.7671095331979448,6.6194549412444434,False,False,False,wifi_only,61,1.5,6.5,0.15965638250063344,median
36,s3_vlp_blocked,0.7671095331979448,6.6194549412444434,False,False,False,vlp_only,70,0.5,7.5,0.9999999999010001,median
36,s3_vlp_blocked,0.7671095331979448,6.6194549412444434,False,False,False,static_fusion,70,0.5,7.5,0.5429556596098559,median
37,s3_vlp_blocked,0.7867269935815102,6.50813786445098,False,False,False,wifi_only,61,1.5,6.5,0.16204048903368384,median
37,s3_vlp_blocked,0.7867269935815102,6.50813786445098,False,False,False,vlp_only,70,0.5,7.5,0.9999999993631836,median
37,s3_vlp_blocked,0.7867269935815102,6.50813786445098,False,False,False,static_fusion,70,0.5,7.5,0.5550611343046533,median
38,s3_vlp_blocked,0.9039958580667962,6.339426406945286,False,False,False,wifi_only,62,2.5,6.5,0.1360500811959543,median
38,s3_vlp_blocked,0.9039958580667962,6.339426406945286,False,False,False,vlp_only,60,0.5,6.5,0.9999999999010002,median
38,s3_vlp_blocked,0.9039958580667962,6.339426406945286,False,False,False,static_fusion,60,0.5,6.5,0.5105343246684706,median
39,s3_vlp_blocked,0.9979740023158236,6.187541249202924,False,False,False,wifi_only,71,1.5,7.5,0.14904900358084291,median
39,s3_vlp_blocked,0.9979740023158236,6.187541249202924,False,False,False,vlp_only,60,0.5,6.5,0.9999999999010002,median
39,s3_vlp_blocked,0.9979740023158236,6.187541249202924,False,False,False,static_fusion,60,0.5,6.5,0.5190934717463874,median
40,s3_vlp_blocked,1.28488954092244,5.782257454541684,False,False,False,wifi_only,70,0.5,7.5,0.15717293896273965,median
40,s3_vlp_blocked,1.28488954092244,5.782257454541684,False,False,False,vlp_only,60,0.5,6.5,0.9999999999010002,median
40,s3_vlp_blocked,1.28488954092244,5.782257454541684,False,False,False,static_fusion,60,0.5,6.5,0.5720864826806928,median
41,s3_vlp_blocked,1.513102962684955,5.518180410148621,False,False,False,wifi_only,71,1.5,7.5,0.14141775308991544,median
41,s3_vlp_blocked,1.513102962684955,5.518180410148621,False,False,False,vlp_only,60,0.5,6.5,0.9999999999010002,median
41,s3_vlp_blocked,1.513102962684955,5.518180410148621,False,False,False,static_fusion,60,0.5,6.5,0.5363848845796281,median
42,s3_vlp_blocked,1.6106044791645622,5.19830615307079,False,False,False,wifi_only,61,1.5,6.5,0.1525923931116925,median
42,s3_vlp_blocked,1.6106044791645622,5.19830615307079,False,False,False,vlp_only,51,1.5,5.5,0.9999999999010002,median
42,s3_vlp_blocked,1.6106044791645622,5.19830615307079,False,False,False,static_fusion,51,1.5,5.5,0.5592345353624542,median
43,s3_vlp_blocked,1.8972643262832607,4.975906927269721,False,False,False,wifi_only,61,1.5,6.5,0.15162467749364203,median
43,s3_vlp_blocked,1.8972643262832607,4.975906927269721,False,False,False,vlp_only,51,1.5,5.5,0.9999999939640177,median
43,s3_vlp_blocked,1.8972643262832607,4.975906927269721,False,False,False,static_fusion,51,1.5,5.5,0.5608362912513587,median
44,s3_vlp_blocked,2.229332660696988,4.76372737768957,False,False,False,wifi_only,61,1.5,6.5,0.16311179669951079,median
44,s3_vlp_blocked,2.229332660696988,4.76372737768957,False,False,False,vlp_only,51,1.5,5.5,0.9999976561694743,median
44,s3_vlp_blocked,2.229332660696988,4.76372737768957,False,False,False,static_fusion,51,1.5,5.5,0.541358264067114,median
45,s3_vlp_blocked,2.6145006895276834,4.592072450426468,False,True,False,wifi_only,52,2.5,5.5,0.15894647171664178,median
45,s3_vlp_blocked,2.6145006895276834,4.592072450426468,False,True,False,vlp_only,50,0.5,5.5,0.9999999999010002,median
45,s3_vlp_blocked,2.6145006895276834,4.592072450426468,False,True,False,static_fusion,50,0.5,5.5,0.5143353133062079,median
46,s3_vlp_blocked,2.661129424294631,4.466616768697175,False,True,False,wifi_only,51,1.5,5.5,0.14874002853671947,median
46,s3_vlp_blocked,2.661129424294631,4.466616768697175,False,True,False,vlp_only,40,0.5,4.5,0.9999999999010002,median
46,s3_vlp_blocked,2.661129424294631,4.466616768697175,False,True,False,static_fusion,40,0.5,4.5,0.5166276274310541,median
47,s3_vlp_blocked,2.6450300380382434,4.183588162907463,False,True,False,wifi_only,53,3.5,5.5,0.15944127197543365,median
47,s3_vlp_blocked,2.6450300380382434,4.183588162907463,False,True,False,vlp_only,43,3.5,4.5,0.9999985912290906,median
47,s3_vlp_blocked,2.6450300380382434,4.183588162907463,False,True,False,static_fusion,43,3.5,4.5,0.5433438969048097,median
48,s3_vlp_blocked,2.633014421787828,3.6860116411580814,False,True,False,wifi_only,42,2.5,4.5,0.16172040091093606,median
48,s3_vlp_blocked,2.633014421787828,3.6860116411580814,False,True,False,vlp_only,42,2.5,4.5,0.9999999974337113,median
48,s3_vlp_blocked,2.633014421787828,3.6860116411580814,False,True,False,static_fusion,42,2.5,4.5,0.5808601991723237,median
49,s3_vlp_blocked,2.7923313692644163,3.3743378598159564,False,True,False,wifi_only,33,3.5,3.5,0.1512849151668978,median
49,s3_vlp_blocked,2.7923313692644163,3.3743378598159564,False,True,False,vlp_only,42,2.5,4.5,0.9999990553445449,median
49,s3_vlp_blocked,2.7923313692644163,3.3743378598159564,False,True,False,static_fusion,42,2.5,4.5,0.5592509769761804,median
50,s3_vlp_blocked,2.983612121628606,3.11916257556942,False,True,False,wifi_only,32,2.5,3.5,0.18760324816112817,median
50,s3_vlp_blocked,2.983612121628606,3.11916257556942,False,True,False,vlp_only,31,1.5,3.5,0.9999999991000693,median
50,s3_vlp_blocked,2.983612121628606,3.11916257556942,False,True,False,static_fusion,31,1.5,3.5,0.5533128883222852,median
51,s3_vlp_blocked,3.351818132537528,2.843855854625126,False,True,False,wifi_only,32,2.5,3.5,0.18403337584776014,median
51,s3_vlp_blocked,3.351818132537528,2.843855854625126,False,True,False,vlp_only,31,1.5,3.5,0.9999999678073731,median
51,s3_vlp_blocked,3.351818132537528,2.843855854625126,False,True,False,static_fusion,31,1.5,3.5,0.5503045161491554,median
52,s3_vlp_blocked,3.56862361427012,2.697604331930428,False,True,False,wifi_only,32,2.5,3.5,0.17609865413660247,median
52,s3_vlp_blocked,3.56862361427012,2.697604331930428,False,True,False,vlp_only,13,3.5,1.5,0.9551426294582092,median
52,s3_vlp_blocked,3.56862361427012,2.697604331930428,False,True,False,static_fusion,13,3.5,1.5,0.520876462080774,median
53,s3_vlp_blocked,3.943888445431222,2.4514296926551147,False,True,False,wifi_only,23,3.5,2.5,0.18581703416861892,median
53,s3_vlp_blocked,3.943888445431222,2.4514296926551147,False,True,False,vlp_only,23,3.5,2.5,0.9999999999010003,median
53,s3_vlp_blocked,3.943888445431222,2.4514296926551147,False,True,False,static_fusion,23,3.5,2.5,0.5929085170348095,median
54,s3_vlp_blocked,4.260369316238271,2.2082022988398595,False,True,False,wifi_only,23,3.5,2.5,0.21142475761395518,median
54,s3_vlp_blocked,4.260369316238271,2.2082022988398595,False,True,False,vlp_only,3,3.5,0.5,0.9999999999010003,median
54,s3_vlp_blocked,4.260369316238271,2.2082022988398595,False,True,False,static_fusion,3,3.5,0.5,0.5341746221021733,median
55,s3_vlp_blocked,4.627569160973635,2.060114150367901,False,True,False,wifi_only,23,3.5,2.5,0.19213084729408567,median
55,s3_vlp_blocked,4.627569160973635,2.060114150367901,False,True,False,vlp_only,3,3.5,0.5,0.9999999999010003,median
55,s3_vlp_blocked,4.627569160973635,2.060114150367901,False,True,False,static_fusion,3,3.5,0.5,0.5565332988061051,median
56,s3_vlp_blocked,4.961867043427717,1.830848239374332,False,True,False,wifi_only,14,4.5,1.5,0.19990991924139803,median
56,s3_vlp_blocked,4.961867043427717,1.830848239374332,False,True,False,vlp_only,14,4.5,1.5,0.9995578709407692,median
56,s3_vlp_blocked,4.961867043427717,1.830848239374332,False,True,False,static_fusion,14,4.5,1.5,0.5997338950910835,median
57,s3_vlp_blocked,5.0679788704002044,1.7195475994342533,False,True,False,wifi_only,14,4.5,1.5,0.19990991924139803,median
57,s3_vlp_blocked,5.0679788704002044,1.7195475994342533,False,True,False,vlp_only,14,4.5,1.5,0.9999979558688229,median
57,s3_vlp_blocked,5.0679788704002044,1.7195475994342533,False,True,False,static_fusion,14,4.5,1.5,0.5999539375551104,median
58,s3_vlp_blocked,5.335240810429285,1.571560122687008,False,True,False,wifi_only,14,4.5,1.5,0.21666749692849682,median
58,s3_vlp_blocked,5.335240810429285,1.571560122687008,False,True,False,vlp_only,4,4.5,0.5,0.9999999999010003,median
58,s3_vlp_blocked,5.335240810429285,1.571560122687008,False,True,False,static_fusion,4,4.5,0.5,0.5739427736173233,median
59,s3_vlp_blocked,5.651780389210071,1.3727606103935992,False,False,False,wifi_only,14,4.5,1.5,0.233755874046622,median
59,s3_vlp_blocked,5.651780389210071,1.3727606103935992,False,False,False,vlp_only,5,5.5,0.5,0.9999999999010003,median
59,s3_vlp_blocked,5.651780389210071,1.3727606103935992,False,False,False,static_fusion,5,5.5,0.5,0.5355113288936816,median
60,s3_vlp_blocked,5.898763386562306,1.2621017401554997,False,False,False,wifi_only,14,4.5,1.5,0.2019549502746836,median
60,s3_vlp_blocked,5.898763386562306,1.2621017401554997,False,False,False,vlp_only,15,5.5,1.5,0.9991055005197794,median
60,s3_vlp_blocked,5.898763386562306,1.2621017401554997,False,False,False,static_fusion,15,5.5,1.5,0.5598416757014005,median
61,s3_vlp_blocked,6.355551046384767,1.4203122314749552,False,False,False,wifi_only,25,5.5,2.5,0.20209895466549355,median
61,s3_vlp_blocked,6.355551046384767,1.4203122314749552,False,False,False,vlp_only,15,5.5,1.5,0.9999999997540447,median
61,s3_vlp_blocked,6.355551046384767,1.4203122314749552,False,False,False,static_fusion,15,5.5,1.5,0.5904923469203657,median
62,s3_vlp_blocked,6.594147927702143,1.4206009795225187,False,False,False,wifi_only,26,6.5,2.5,0.2193085307361405,median
62,s3_vlp_blocked,6.594147927702143,1.4206009795225187,False,False,False,vlp_only,6,6.5,0.5,0.9999999999010003,median
62,s3_vlp_blocked,6.594147927702143,1.4206009795225187,False,False,False,static_fusion,6,6.5,0.5,0.5521519583638176,median
63,s3_vlp_blocked,6.702875767945526,1.3948214383894544,False,False,False,wifi_only,16,6.5,1.5,0.23173284462473812,median
63,s3_vlp_blocked,6.702875767945526,1.3948214383894544,False,False,False,vlp_only,16,6.5,1.5,0.9999999999010003,median
63,s3_vlp_blocked,6.702875767945526,1.3948214383894544,False,False,False,static_fusion,16,6.5,1.5,0.615866422262869,median
64,s3_vlp_blocked,6.87517464550481,1.1902703370600811,False,False,False,wifi_only,16,6.5,1.5,0.24685144886320992,median
64,s3_vlp_blocked,6.87517464550481,1.1902703370600811,False,False,False,vlp_only,16,6.5,1.5,0.9999999999010003,median
64,s3_vlp_blocked,6.87517464550481,1.1902703370600811,False,False,False,static_fusion,16,6.5,1.5,0.623425724382105,median
65,s3_vlp_blocked,6.892272294025562,1.0122251452148698,False,False,False,wifi_only,16,6.5,1.5,0.26540605040756193,median
65,s3_vlp_blocked,6.892272294025562,1.0122251452148698,False,False,False,vlp_only,16,6.5,1.5,0.9999999999010003,median
65,s3_vlp_blocked,6.892272294025562,1.0122251452148698,False,False,False,static_fusion,16,6.5,1.5,0.632703025154281,median
66,s3_vlp_blocked,7.000483248939226,0.9177176630235528,False,False,False,wifi_only,16,6.5,1.5,0.23960382899687985,median
66,s3_vlp_blocked,7.000483248939226,0.9177176630235528,False,False,False,vlp_only,16,6.5,1.5,0.9999999997518755,median
66,s3_vlp_blocked,7.000483248939226,0.9177176630235528,False,False,False,static_fusion,16,6.5,1.5,0.6198019143743777,median
67,s3_vlp_blocked,7.169623623221895,0.7738996044632837,False,False,False,wifi_only,16,6.5,1.5,0.22556504627192434,median
67,s3_vlp_blocked,7.169623623221895,0.7738996044632837,False,False,False,vlp_only,16,6.5,1.5,0.9999170326684418,median
67,s3_vlp_blocked,7.169623623221895,0.7738996044632837,False,False,False,static_fusion,16,6.5,1.5,0.6127410394701829,median
68,s3_vlp_blocked,7.492034971191752,0.4271040557051936,False,False,False,wifi_only,7,7.5,0.5,0.21619642725747013,median
68,s3_vlp_blocked,7.492034971191752,0.4271040557051936,False,False,False,vlp_only,7,7.5,0.5,0.9999999997779494,median
68,s3_vlp_blocked,7.492034971191752,0.4271040557051936,False,False,False,static_fusion,7,7.5,0.5,0.6080982135177098,median
69,s3_vlp_blocked,7.463813289098351,0.1481351742215659,False,False,False,wifi_only,7,7.5,0.5,0.2390839271914237,median
69,s3_vlp_blocked,7.463813289098351,0.1481351742215659,False,False,False,vlp_only,7,7.5,0.5,0.9999999999010003,median
69,s3_vlp_blocked,7.463813289098351,0.1481351742215659,False,False,False,static_fusion,7,7.5,0.5,0.619541963546212,median
70,s3_vlp_blocked,7.384046542733699,0.3965845375848609,False,False,False,wifi_only,7,7.5,0.5,0.2829606098495686,median
70,s3_vlp_blocked,7.384046542733699,0.3965845375848609,False,False,False,vlp_only,7,7.5,0.5,0.9999999998948396,median
70,s3_vlp_blocked,7.384046542733699,0.3965845375848609,False,False,False,static_fusion,7,7.5,0.5,0.6414803048722041,median
71,s3_vlp_blocked,7.274941349103505,0.5328406187982155,False,False,False,wifi_only,7,7.5,0.5,0.3305012854993421,median
71,s3_vlp_blocked,7.274941349103505,0.5328406187982155,False,False,False,vlp_only,7,7.5,0.5,0.9999999998948396,median
71,s3_vlp_blocked,7.274941349103505,0.5328406187982155,False,False,False,static_fusion,7,7.5,0.5,0.6652506426970908,median
72,s3_vlp_blocked,7.242898641642358,0.6319581293500205,False,False,False,wifi_only,7,7.5,0.5,0.2968905419635367,median
72,s3_vlp_blocked,7.242898641642358,0.6319581293500205,False,False,False,vlp_only,7,7.5,0.5,0.9999999998964368,median
72,s3_vlp_blocked,7.242898641642358,0.6319581293500205,False,False,False,static_fusion,7,7.5,0.5,0.6484452709299867,median
73,s3_vlp_blocked,6.897766036852761,0.9865854746261178,False,False,False,wifi_only,7,7.5,0.5,0.36417898209616867,median
73,s3_vlp_blocked,6.897766036852761,0.9865854746261178,False,False,False,vlp_only,7,7.5,0.5,0.9999999999010003,median
73,s3_vlp_blocked,6.897766036852761,0.9865854746261178,False,False,False,static_fusion,7,7.5,0.5,0.6820894909985844,median
74,s3_vlp_blocked,6.819062780162876,1.076859414311629,False,False,False,wifi_only,7,7.5,0.5,0.3222013258094665,median
74,s3_vlp_blocked,6.819062780162876,1.076859414311629,False,False,False,vlp_only,7,7.5,0.5,0.9999999999010003,median
74,s3_vlp_blocked,6.819062780162876,1.076859414311629,False,False,False,static_fusion,7,7.5,0.5,0.6611006628552334,median
75,s3_vlp_blocked,6.720234602821568,1.267398302606882,False,True,False,wifi_only,7,7.5,0.5,0.21094073989203577,median
75,s3_vlp_blocked,6.720234602821568,1.267398302606882,False,True,False,vlp_only,7,7.5,0.5,0.9993206461520138,median
75,s3_vlp_blocked,6.720234602821568,1.267398302606882,False,True,False,static_fusion,7,7.5,0.5,0.6051306930220248,median
76,s3_vlp_blocked,6.503783427177126,1.570279682105651,False,True,False,wifi_only,27,7.5,2.5,0.1770054521618973,median
76,s3_vlp_blocked,6.503783427177126,1.570279682105651,False,True,False,vlp_only,7,7.5,0.5,0.9993206461520138,median
76,s3_vlp_blocked,6.503783427177126,1.570279682105651,False,True,False,static_fusion,7,7.5,0.5,0.5660756059069894,median
77,s3_vlp_blocked,6.358465325036558,1.791120746986019,False,True,False,wifi_only,6,6.5,0.5,0.20772587828803946,median
77,s3_vlp_blocked,6.358465325036558,1.791120746986019,False,True,False,vlp_only,16,6.5,1.5,0.9355717693519792,median
77,s3_vlp_blocked,6.358465325036558,1.791120746986019,False,True,False,static_fusion,16,6.5,1.5,0.5516909511743885,median
78,s3_vlp_blocked,6.122791880845917,1.8813582130943367,False,True,False,wifi_only,27,7.5,2.5,0.17446586860441005,median
78,s3_vlp_blocked,6.122791880845917,1.8813582130943367,False,True,False,vlp_only,16,6.5,1.5,0.9999995498851777,median
78,s3_vlp_blocked,6.122791880845917,1.8813582130943367,False,True,False,static_fusion,16,6.5,1.5,0.5801916449250102,median
79,s3_vlp_blocked,5.750230255978351,2.1326072148263107,False,True,False,wifi_only,26,6.5,2.5,0.17685903997018898,median
79,s3_vlp_blocked,5.750230255978351,2.1326072148263107,False,True,False,vlp_only,6,6.5,0.5,0.9999999999010003,median
79,s3_vlp_blocked,5.750230255978351,2.1326072148263107,False,True,False,static_fusion,6,6.5,0.5,0.576554059533154,median
80,s3_vlp_blocked,5.514678873922644,2.389062926514496,False,True,False,wifi_only,15,5.5,1.5,0.1663124958057898,median
80,s3_vlp_blocked,5.514678873922644,2.389062926514496,False,True,False,vlp_only,6,6.5,0.5,0.9999999999010003,median
80,s3_vlp_blocked,5.514678873922644,2.389062926514496,False,True,False,static_fusion,6,6.5,0.5,0.5209709587139608,median
81,s3_vlp_blocked,5.508112152914603,2.4998600146256016,False,True,False,wifi_only,25,5.5,2.5,0.1765408937545214,median
81,s3_vlp_blocked,5.508112152914603,2.4998600146256016,False,True,False,vlp_only,15,5.5,1.5,0.946994960542738,median
81,s3_vlp_blocked,5.508112152914603,2.4998600146256016,False,True,False,static_fusion,15,5.5,1.5,0.5543712547038614,median
82,s3_vlp_blocked,5.600226935990087,2.6582213422588112,False,True,False,wifi_only,35,5.5,3.5,0.1734160460602612,median
82,s3_vlp_blocked,5.600226935990087,2.6582213422588112,False,True,False,vlp_only,15,5.5,1.5,0.8414452073025876,median
82,s3_vlp_blocked,5.600226935990087,2.6582213422588112,False,True,False,static_fusion,15,5.5,1.5,0.4596972498392959,median
83,s3_vlp_blocked,5.738537290833164,2.759195471518816,False,True,False,wifi_only,35,5.5,3.5,0.1683831296082162,median
83,s3_vlp_blocked,5.738537290833164,2.759195471518816,False,True,False,vlp_only,25,5.5,2.5,0.9999995354618337,median
83,s3_vlp_blocked,5.738537290833164,2.759195471518816,False,True,False,static_fusion,25,5.5,2.5,0.5807934655013003,median
84,s3_vlp_blocked,5.832850971363683,3.0310878411880533,False,True,False,wifi_only,35,5.5,3.5,0.1591701333155354,median
84,s3_vlp_blocked,5.832850971363683,3.0310878411880533,False,True,False,vlp_only,25,5.5,2.5,0.9999999996525814,median
84,s3_vlp_blocked,5.832850971363683,3.0310878411880533,False,True,False,static_fusion,25,5.5,2.5,0.5770088955867438,median
85,s3_vlp_blocked,5.898467311753344,3.228508652056043,False,True,False,wifi_only,25,5.5,2.5,0.1419253271992327,median
85,s3_vlp_blocked,5.898467311753344,3.228508652056043,False,True,False,vlp_only,39,9.5,3.5,0.9999999999010002,median
85,s3_vlp_blocked,5.898467311753344,3.228508652056043,False,True,False,static_fusion,39,9.5,3.5,0.5000202685472781,median
86,s3_vlp_blocked,5.888626732888142,3.400271085109193,False,True,False,wifi_only,25,5.5,2.5,0.1930000869778974,median
86,s3_vlp_blocked,5.888626732888142,3.400271085109193,False,True,False,vlp_only,25,5.5,2.5,0.9999999999010002,median
86,s3_vlp_blocked,5.888626732888142,3.400271085109193,False,True,False,static_fusion,25,5.5,2.5,0.5965000434394487,median
87,s3_vlp_blocked,5.651159957112673,3.739006548657096,False,True,False,wifi_only,25,5.5,2.5,0.1481755191682129,median
87,s3_vlp_blocked,5.651159957112673,3.739006548657096,False,True,False,vlp_only,35,5.5,3.5,0.9999999999010002,median
87,s3_vlp_blocked,5.651159957112673,3.739006548657096,False,True,False,static_fusion,35,5.5,3.5,0.5537106109070774,median
88,s3_vlp_blocked,5.511321113022474,3.8790676275290847,False,True,False,wifi_only,35,5.5,3.5,0.14268721361689213,median
88,s3_vlp_blocked,5.511321113022474,3.8790676275290847,False,True,False,vlp_only,35,5.5,3.5,0.9999999999010002,median
88,s3_vlp_blocked,5.511321113022474,3.8790676275290847,False,True,False,static_fusion,35,5.5,3.5,0.571343606758946,median
89,s3_vlp_blocked,5.43643528909089,3.953273740011248,False,True,False,wifi_only,35,5.5,3.5,0.13072063686777122,median
89,s3_vlp_blocked,5.43643528909089,3.953273740011248,False,True,False,vlp_only,35,5.5,3.5,0.9999999999010002,median
89,s3_vlp_blocked,5.43643528909089,3.953273740011248,False,True,False,static_fusion,35,5.5,3.5,0.5653603183843856,median
90,s3_vlp_blocked,5.230257776887017,3.9835295593536193,False,True,False,wifi_only,35,5.5,3.5,0.15978061131330698,median
90,s3_vlp_blocked,5.230257776887017,3.9835295593536193,False,True,False,vlp_only,5,5.5,0.5,0.9999999999010003,median
90,s3_vlp_blocked,5.230257776887017,3.9835295593536193,False,True,False,static_fusion,5,5.5,0.5,0.5028841988707656,median
91,s3_vlp_blocked,4.9776092930395945,4.056000817377593,False,True,False,wifi_only,34,4.5,3.5,0.15298052116605662,median
91,s3_vlp_blocked,4.9776092930395945,4.056000817377593,False,True,False,vlp_only,5,5.5,0.5,0.9999999999010003,median
91,s3_vlp_blocked,4.9776092930395945,4.056000817377593,False,True,False,static_fusion,5,5.5,0.5,0.5016580950879314,median
92,s3_vlp_blocked,4.723335213676367,4.234008104614395,False,False,False,wifi_only,34,4.5,3.5,0.17146557191814282,median
92,s3_vlp_blocked,4.723335213676367,4.234008104614395,False,False,False,vlp_only,5,5.5,0.5,0.9999999999010003,median
92,s3_vlp_blocked,4.723335213676367,4.234008104614395,False,False,False,static_fusion,5,5.5,0.5,0.5012108704777387,median
93,s3_vlp_blocked,4.5603601875449,4.42721654605225,False,False,False,wifi_only,33,3.5,3.5,0.14136232694138126,median
93,s3_vlp_blocked,4.5603601875449,4.42721654605225,False,False,False,vlp_only,34,4.5,3.5,0.9999999999010002,median
93,s3_vlp_blocked,4.5603601875449,4.42721654605225,False,False,False,static_fusion,34,4.5,3.5,0.5657555436717108,median
94,s3_vlp_blocked,4.376758804931988,4.783397516554166,False,False,False,wifi_only,43,3.5,4.5,0.14346047464326406,median
94,s3_vlp_blocked,4.376758804931988,4.783397516554166,False,False,False,vlp_only,44,4.5,4.5,0.9999999999010002,median
94,s3_vlp_blocked,4.376758804931988,4.783397516554166,False,False,False,static_fusion,44,4.5,4.5,0.542954028136296,median
95,s3_vlp_blocked,4.278110895822162,4.873116927745965,False,False,False,wifi_only,43,3.5,4.5,0.1484546618772671,median
95,s3_vlp_blocked,4.278110895822162,4.873116927745965,False,False,False,vlp_only,44,4.5,4.5,0.9999999999010002,median
95,s3_vlp_blocked,4.278110895822162,4.873116927745965,False,False,False,static_fusion,44,4.5,4.5,0.5514964597269106,median
96,s3_vlp_blocked,4.12801724847605,5.124228511615788,False,False,False,wifi_only,34,4.5,3.5,0.14782680344003477,median
96,s3_vlp_blocked,4.12801724847605,5.124228511615788,False,False,False,vlp_only,44,4.5,4.5,0.9999999999010002,median
96,s3_vlp_blocked,4.12801724847605,5.124228511615788,False,False,False,static_fusion,44,4.5,4.5,0.560207866476554,median
97,s3_vlp_blocked,3.704635602450641,5.262849100858526,False,False,False,wifi_only,34,4.5,3.5,0.14782680344003477,median
97,s3_vlp_blocked,3.704635602450641,5.262849100858526,False,False,False,vlp_only,44,4.5,4.5,0.9999999999010002,median
97,s3_vlp_blocked,3.704635602450641,5.262849100858526,False,False,False,static_fusion,44,4.5,4.5,0.560207866476554,median
98,s3_vlp_blocked,3.5561357581555817,5.285474381301673,False,False,False,wifi_only,44,4.5,4.5,0.15136514814781882,median
98,s3_vlp_blocked,3.5561357581555817,5.285474381301673,False,False,False,vlp_only,54,4.5,5.5,0.9999999999010002,median
98,s3_vlp_blocked,3.5561357581555817,5.285474381301673,False,False,False,static_fusion,54,4.5,5.5,0.5120855922210941,median
99,s3_vlp_blocked,3.128664509288299,5.522908615866154,False,False,False,wifi_only,44,4.5,4.5,0.15136514814781882,median
99,s3_vlp_blocked,3.128664509288299,5.522908615866154,False,False,False,vlp_only,53,3.5,5.5,0.9999999999010002,median
99,s3_vlp_blocked,3.128664509288299,5.522908615866154,False,False,False,static_fusion,53,3.5,5.5,0.5207744136266512,median
0,s3_vlp_blocked,6.1055626688123565,8.931678203850066,False,False,False,wifi_only,74,4.5,7.5,0.2345163572478153,ema
0,s3_vlp_blocked,6.1055626688123565,8.931678203850066,False,False,False,vlp_only,96,6.5,9.5,0.9999999999010001,ema
0,s3_vlp_blocked,6.1055626688123565,8.931678203850066,False,False,False,static_fusion,96,6.5,9.5,0.5360262320970329,ema
1,s3_vlp_blocked,6.320554771122484,9.075343533082185,False,False,False,wifi_only,83,3.5,8.5,0.20994794144836912,ema
1,s3_vlp_blocked,6.320554771122484,9.075343533082185,False,False,False,vlp_only,96,6.5,9.5,0.9999999999010001,ema
1,s3_vlp_blocked,6.320554771122484,9.075343533082185,False,False,False,static_fusion,96,6.5,9.5,0.5726857229309466,ema
2,s3_vlp_blocked,6.58026211240472,9.446929430621816,False,False,False,wifi_only,86,6.5,8.5,0.20034799912191753,ema
2,s3_vlp_blocked,6.58026211240472,9.446929430621816,False,False,False,vlp_only,96,6.5,9.5,0.9999999999010001,ema
2,s3_vlp_blocked,6.58026211240472,9.446929430621816,False,False,False,static_fusion,96,6.5,9.5,0.5936746350297676,ema
3,s3_vlp_blocked,6.690486996140005,9.773722821152626,False,False,False,wifi_only,96,6.5,9.5,0.23024724821910414,ema
3,s3_vlp_blocked,6.690486996140005,9.773722821152626,False,False,False,vlp_only,96,6.5,9.5,0.9999999999010001,ema
3,s3_vlp_blocked,6.690486996140005,9.773722821152626,False,False,False,static_fusion,96,6.5,9.5,0.615123624060052,ema
4,s3_vlp_blocked,6.648930003357536,9.453988556211296,False,False,False,wifi_only,96,6.5,9.5,0.33726394653212116,ema
4,s3_vlp_blocked,6.648930003357536,9.453988556211296,False,False,False,vlp_only,96,6.5,9.5,0.9999999999010001,ema
4,s3_vlp_blocked,6.648930003357536,9.453988556211296,False,False,False,static_fusion,96,6.5,9.5,0.6686319732165606,ema
5,s3_vlp_blocked,6.503414861243288,9.34880509424309,False,False,False,wifi_only,96,6.5,9.5,0.2632079541227864,ema
5,s3_vlp_blocked,6.503414861243288,9.34880509424309,False,False,False,vlp_only,96,6.5,9.5,0.9999999999010001,ema
5,s3_vlp_blocked,6.503414861243288,9.34880509424309,False,False,False,static_fusion,96,6.5,9.5,0.6316039770118933,ema
6,s3_vlp_blocked,6.309679632446698,9.224501326679391,False,False,False,wifi_only,96,6.5,9.5,0.2845798045900553,ema
6,s3_vlp_blocked,6.309679632446698,9.224501326679391,False,False,False,vlp_only,96,6.5,9.5,0.9999999999010001,ema
6,s3_vlp_blocked,6.309679632446698,9.224501326679391,False,False,False,static_fusion,96,6.5,9.5,0.6422899022455276,ema
7,s3_vlp_blocked,6.06460409098813,9.084291660062746,False,False,False,wifi_only,96,6.5,9.5,0.300408486130737,ema
7,s3_vlp_blocked,6.06460409098813,9.084291660062746,False,False,False,vlp_only,96,6.5,9.5,0.9999999999010001,ema
7,s3_vlp_blocked,6.06460409098813,9.084291660062746,False,False,False,static_fusion,96,6.5,9.5,0.6502042430158685,ema
8,s3_vlp_blocked,5.726062604387588,9.046898224684307,False,False,False,wifi_only,95,5.5,9.5,0.1997990818535035,ema
8,s3_vlp_blocked,5.726062604387588,9.046898224684307,False,False,False,vlp_only,96,6.5,9.5,0.9999999999010001,ema
8,s3_vlp_blocked,5.726062604387588,9.046898224684307,False,False,False,static_fusion,96,6.5,9.5,0.5642224397982095,ema
9,s3_vlp_blocked,5.334545965818324,9.091415993613808,False,False,False,wifi_only,94,4.5,9.5,0.28663030665808037,ema
9,s3_vlp_blocked,5.334545965818324,9.091415993613808,False,False,False,vlp_only,85,5.5,8.5,0.9999999999010001,ema
9,s3_vlp_blocked,5.334545965818324,9.091415993613808,False,False,False,static_fusion,85,5.5,8.5,0.6067167504276335,ema
10,s3_vlp_blocked,4.945823765007514,9.252578001847564,False,False,False,wifi_only,95,5.5,9.5,0.3369787869442063,ema
10,s3_vlp_blocked,4.945823765007514,9.252578001847564,False,False,False,vlp_only,85,5.5,8.5,0.9998014465372479,ema
10,s3_vlp_blocked,4.945823765007514,9.252578001847564,False,False,False,static_fusion,85,5.5,8.5,0.5831269513642794,ema
11,s3_vlp_blocked,4.721675127324938,9.340170350002357,False,False,False,wifi_only,94,4.5,9.5,0.41100572508914546,ema
11,s3_vlp_blocked,4.721675127324938,9.340170350002357,False,False,False,vlp_only,95,5.5,9.5,0.9999999999010001,ema
11,s3_vlp_blocked,4.721675127324938,9.340170350002357,False,False,False,static_fusion,95,5.5,9.5,0.6588599521034267,ema
12,s3_vlp_blocked,4.340963373281298,9.42272693147179,False,False,False,wifi_only,94,4.5,9.5,0.37805170277886774,ema
12,s3_vlp_blocked,4.340963373281298,9.42272693147179,False,False,False,vlp_only,94,4.5,9.5,0.9999999999010001,ema
12,s3_vlp_blocked,4.340963373281298,9.42272693147179,False,False,False,static_fusion,94,4.5,9.5,0.6890258513399339,ema
13,s3_vlp_blocked,4.095436566930193,9.473710426329454,False,False,False,wifi_only,94,4.5,9.5,0.3345870451131012,ema
13,s3_vlp_blocked,4.095436566930193,9.473710426329454,False,False,False,vlp_only,94,4.5,9.5,0.9999999999010001,ema
13,s3_vlp_blocked,4.095436566930193,9.473710426329454,False,False,False,static_fusion,94,4.5,9.5,0.6672935225070507,ema
14,s3_vlp_blocked,3.863209848904428,9.531730849012984,False,False,False,wifi_only,94,4.5,9.5,0.36299853280273275,ema
14,s3_vlp_blocked,3.863209848904428,9.531730849012984,False,False,False,vlp_only,94,4.5,9.5,0.9999999999010001,ema
14,s3_vlp_blocked,3.863209848904428,9.531730849012984,False,False,False,static_fusion,94,4.5,9.5,0.6814992663518664,ema
15,s3_vlp_blocked,3.520682956293645,9.491058893166894,False,True,False,wifi_only,93,3.5,9.5,0.22230323745920097,ema
15,s3_vlp_blocked,3.520682956293645,9.491058893166894,False,True,False,vlp_only,84,4.5,8.5,0.9999999999010001,ema
15,s3_vlp_blocked,3.520682956293645,9.491058893166894,False,True,False,static_fusion,84,4.5,8.5,0.5306087826347335,ema
16,s3_vlp_blocked,3.165382501834026,9.461587695941777,False,True,False,wifi_only,93,3.5,9.5,0.347624824755812,ema
16,s3_vlp_blocked,3.165382501834026,9.461587695941777,False,True,False,vlp_only,93,3.5,9.5,0.9999999999010001,ema
16,s3_vlp_blocked,3.165382501834026,9.461587695941777,False,True,False,static_fusion,93,3.5,9.5,0.673812412328406,ema
17,s3_vlp_blocked,2.930245477093876,9.456164822050765,False,True,False,wifi_only,93,3.5,9.5,0.32321466755393596,ema
17,s3_vlp_blocked,2.930245477093876,9.456164822050765,False,True,False,vlp_only,90,0.5,9.5,0.9999999997165286,ema
17,s3_vlp_blocked,2.930245477093876,9.456164822050765,False,True,False,static_fusion,90,0.5,9.5,0.5000000118884167,ema
18,s3_vlp_blocked,2.7420797060020465,9.472996628406442,False,True,False,wifi_only,93,3.5,9.5,0.293401489648983,ema
18,s3_vlp_blocked,2.7420797060020465,9.472996628406442,False,True,False,vlp_only,90,0.5,9.5,0.9999999977032924,ema
18,s3_vlp_blocked,2.7420797060020465,9.472996628406442,False,True,False,static_fusion,90,0.5,9.5,0.5000004714277979,ema
19,s3_vlp_blocked,2.4198638446847416,9.489528341112424,False,True,False,wifi_only,93,3.5,9.5,0.12366781801625548,ema
19,s3_vlp_blocked,2.4198638446847416,9.489528341112424,False,True,False,vlp_only,90,0.5,9.5,0.9999996688408469,ema
19,s3_vlp_blocked,2.4198638446847416,9.489528341112424,False,True,False,static_fusion,90,0.5,9.5,0.5000322866564862,ema
20,s3_vlp_blocked,2.0874415206005943,9.43132427410417,False,True,False,wifi_only,92,2.5,9.5,0.23204830611933774,ema
20,s3_vlp_blocked,2.0874415206005943,9.43132427410417,False,True,False,vlp_only,90,0.5,9.5,0.9999999999010001,ema
20,s3_vlp_blocked,2.0874415206005943,9.43132427410417,False,True,False,static_fusion,90,0.5,9.5,0.501501676600372,ema
21,s3_vlp_blocked,1.6827551012106006,9.608276410412028,False,True,False,wifi_only,91,1.5,9.5,0.2683191924530557,ema
21,s3_vlp_blocked,1.6827551012106006,9.608276410412028,False,True,False,vlp_only,90,0.5,9.5,0.9999999999010001,ema
21,s3_vlp_blocked,1.6827551012106006,9.608276410412028,False,True,False,static_fusion,90,0.5,9.5,0.5316947079116432,ema
22,s3_vlp_blocked,1.5666621834216723,9.721824928735591,False,True,False,wifi_only,92,2.5,9.5,0.2557250647462749,ema
22,s3_vlp_blocked,1.5666621834216723,9.721824928735591,False,True,False,vlp_only,90,0.5,9.5,0.9934872845948974,ema
22,s3_vlp_blocked,1.5666621834216723,9.721824928735591,False,True,False,static_fusion,90,0.5,9.5,0.5090038790683334,ema
23,s3_vlp_blocked,1.8135872918506848,9.442076930062784,False,True,False,wifi_only,91,1.5,9.5,0.16666258568888212,ema
23,s3_vlp_blocked,1.8135872918506848,9.442076930062784,False,True,False,vlp_only,91,1.5,9.5,0.99939691256781,ema
23,s3_vlp_blocked,1.8135872918506848,9.442076930062784,False,True,False,static_fusion,91,1.5,9.5,0.5830297491283459,ema
24,s3_vlp_blocked,1.9797748224675469,9.171124941492176,False,True,False,wifi_only,91,1.5,9.5,0.1178125875876821,ema
24,s3_vlp_blocked,1.9797748224675469,9.171124941492176,False,True,False,vlp_only,91,1.5,9.5,0.9999999915921599,ema
24,s3_vlp_blocked,1.9797748224675469,9.171124941492176,False,True,False,static_fusion,91,1.5,9.5,0.5589062895899211,ema
25,s3_vlp_blocked,2.0026978386863656,9.060785581306895,False,False,False,wifi_only,91,1.5,9.5,0.2114258909353062,ema
25,s3_vlp_blocked,2.0026978386863656,9.060785581306895,False,False,False,vlp_only,91,1.5,9.5,0.9999999990704345,ema
25,s3_vlp_blocked,2.0026978386863656,9.060785581306895,False,False,False,static_fusion,91,1.5,9.5,0.6057129450028703,ema
26,s3_vlp_blocked,2.0409538218277232,8.768038731768266,False,False,False,wifi_only,91,1.5,9.5,0.1778818594577388,ema
26,s3_vlp_blocked,2.0409538218277232,8.768038731768266,False,False,False,vlp_only,91,1.5,9.5,0.9999926386854167,ema
26,s3_vlp_blocked,2.0409538218277232,8.768038731768266,False,False,False,static_fusion,91,1.5,9.5,0.5889372490715777,ema
27,s3_vlp_blocked,1.943647595119588,8.39052055732134,False,False,False,wifi_only,92,2.5,9.5,0.11866303117256821,ema
27,s3_vlp_blocked,1.943647595119588,8.39052055732134,False,False,False,vlp_only,81,1.5,8.5,0.9999999984755465,ema
27,s3_vlp_blocked,1.943647595119588,8.39052055732134,False,False,False,static_fusion,81,1.5,8.5,0.5478192018383935,ema
28,s3_vlp_blocked,1.822933837050688,7.938503894157455,False,False,False,wifi_only,91,1.5,9.5,0.16025066750522968,ema
28,s3_vlp_blocked,1.822933837050688,7.938503894157455,False,False,False,vlp_only,81,1.5,8.5,0.999998143905539,ema
28,s3_vlp_blocked,1.822933837050688,7.938503894157455,False,False,False,static_fusion,81,1.5,8.5,0.5774950033413417,ema
29,s3_vlp_blocked,1.5143958915018594,7.638191012939957,False,False,False,wifi_only,81,1.5,8.5,0.16563930698384138,ema
29,s3_vlp_blocked,1.5143958915018594,7.638191012939957,False,False,False,vlp_only,81,1.5,8.5,0.9989106828603558,ema
29,s3_vlp_blocked,1.5143958915018594,7.638191012939957,False,False,False,static_fusion,81,1.5,8.5,0.5822749949220986,ema
30,s3_vlp_blocked,1.3675026549702816,7.582213936330399,False,False,False,wifi_only,71,1.5,7.5,0.1532016796575678,ema
30,s3_vlp_blocked,1.3675026549702816,7.582213936330399,False,False,False,vlp_only,71,1.5,7.5,0.9905924980262021,ema
30,s3_vlp_blocked,1.3675026549702816,7.582213936330399,False,False,False,static_fusion,71,1.5,7.5,0.571897088841885,ema
31,s3_vlp_blocked,1.2429294919367564,7.522606951356906,False,False,False,wifi_only,71,1.5,7.5,0.16518831966962572,ema
31,s3_vlp_blocked,1.2429294919367564,7.522606951356906,False,False,False,vlp_only,71,1.5,7.5,0.9999933296031934,ema
31,s3_vlp_blocked,1.2429294919367564,7.522606951356906,False,False,False,static_fusion,71,1.5,7.5,0.5825908246364095,ema
32,s3_vlp_blocked,1.1706414409291317,7.446686809586819,False,False,False,wifi_only,71,1.5,7.5,0.15473098758323628,ema
32,s3_vlp_blocked,1.1706414409291317,7.446686809586819,False,False,False,vlp_only,71,1.5,7.5,0.9999999996797061,ema
32,s3_vlp_blocked,1.1706414409291317,7.446686809586819,False,False,False,static_fusion,71,1.5,7.5,0.5773654936314712,ema
33,s3_vlp_blocked,1.0225794063669398,7.298034493574606,False,False,False,wifi_only,71,1.5,7.5,0.14942093123585068,ema
33,s3_vlp_blocked,1.0225794063669398,7.298034493574606,False,False,False,vlp_only,71,1.5,7.5,0.9999999998998084,ema
33,s3_vlp_blocked,1.0225794063669398,7.298034493574606,False,False,False,static_fusion,71,1.5,7.5,0.5747104655678296,ema
34,s3_vlp_blocked,0.8405580282052503,7.1660136409604815,False,False,False,wifi_only,61,1.5,6.5,0.1509502282184434,ema
34,s3_vlp_blocked,0.8405580282052503,7.1660136409604815,False,False,False,vlp_only,71,1.5,7.5,0.9999999999010001,ema
34,s3_vlp_blocked,0.8405580282052503,7.1660136409604815,False,False,False,static_fusion,71,1.5,7.5,0.5489056335495187,ema
35,s3_vlp_blocked,0.7992402328627707,7.065719351919998,False,False,False,wifi_only,62,2.5,6.5,0.12372179931241752,ema
35,s3_vlp_blocked,0.7992402328627707,7.065719351919998,False,False,False,vlp_only,70,0.5,7.5,0.9999999999010001,ema
35,s3_vlp_blocked,0.7992402328627707,7.065719351919998,False,False,False,static_fusion,70,0.5,7.5,0.5272661471250529,ema
36,s3_vlp_blocked,0.7671095331979448,6.6194549412444434,False,False,False,wifi_only,61,1.5,6.5,0.15365418068227407,ema
36,s3_vlp_blocked,0.7671095331979448,6.6194549412444434,False,False,False,vlp_only,70,0.5,7.5,0.999999968539084,ema
36,s3_vlp_blocked,0.7671095331979448,6.6194549412444434,False,False,False,static_fusion,70,0.5,7.5,0.5398685239854918,ema
37,s3_vlp_blocked,0.7867269935815102,6.50813786445098,False,False,False,wifi_only,71,1.5,7.5,0.1515854187090052,ema
37,s3_vlp_blocked,0.7867269935815102,6.50813786445098,False,False,False,vlp_only,61,1.5,6.5,0.999806703520337,ema
37,s3_vlp_blocked,0.7867269935815102,6.50813786445098,False,False,False,static_fusion,61,1.5,6.5,0.56480126583202,ema
38,s3_vlp_blocked,0.9039958580667962,6.339426406945286,False,False,False,wifi_only,71,1.5,7.5,0.13591964921639135,ema
38,s3_vlp_blocked,0.9039958580667962,6.339426406945286,False,False,False,vlp_only,61,1.5,6.5,0.9999999999010002,ema
38,s3_vlp_blocked,0.9039958580667962,6.339426406945286,False,False,False,static_fusion,61,1.5,6.5,0.5629040652252831,ema
39,s3_vlp_blocked,0.9979740023158236,6.187541249202924,False,False,False,wifi_only,61,1.5,6.5,0.15908165741392602,ema
39,s3_vlp_blocked,0.9979740023158236,6.187541249202924,False,False,False,vlp_only,60,0.5,6.5,0.9999999998977879,ema
39,s3_vlp_blocked,0.9979740023158236,6.187541249202924,False,False,False,static_fusion,60,0.5,6.5,0.5585448645209374,ema
40,s3_vlp_blocked,1.28488954092244,5.782257454541684,False,False,False,wifi_only,61,1.5,6.5,0.15093412063342232,ema
40,s3_vlp_blocked,1.28488954092244,5.782257454541684,False,False,False,vlp_only,60,0.5,6.5,0.9999999999010002,ema
40,s3_vlp_blocked,1.28488954092244,5.782257454541684,False,False,False,static_fusion,60,0.5,6.5,0.5639297466433217,ema
41,s3_vlp_blocked,1.513102962684955,5.518180410148621,False,False,False,wifi_only,61,1.5,6.5,0.14577252459386908,ema
41,s3_vlp_blocked,1.513102962684955,5.518180410148621,False,False,False,vlp_only,60,0.5,6.5,0.9999999999010002,ema
41,s3_vlp_blocked,1.513102962684955,5.518180410148621,False,False,False,static_fusion,60,0.5,6.5,0.5425561657392811,ema
42,s3_vlp_blocked,1.6106044791645622,5.19830615307079,False,False,False,wifi_only,60,0.5,6.5,0.15418930759567362,ema
42,s3_vlp_blocked,1.6106044791645622,5.19830615307079,False,False,False,vlp_only,51,1.5,5.5,0.9999999998997648,ema
42,s3_vlp_blocked,1.6106044791645622,5.19830615307079,False,False,False,static_fusion,51,1.5,5.5,0.5551178441297344,ema
43,s3_vlp_blocked,1.8972643262832607,4.975906927269721,False,False,False,wifi_only,61,1.5,6.5,0.15131927384616375,ema
43,s3_vlp_blocked,1.8972643262832607,4.975906927269721,False,False,False,vlp_only,51,1.5,5.5,0.9999999847159683,ema
43,s3_vlp_blocked,1.8972643262832607,4.975906927269721,False,False,False,static_fusion,51,1.5,5.5,0.5489156214410781,ema
44,s3_vlp_blocked,2.229332660696988,4.76372737768957,False,False,False,wifi_only,52,2.5,5.5,0.14378862676585039,ema
44,s3_vlp_blocked,2.229332660696988,4.76372737768957,False,False,False,vlp_only,51,1.5,5.5,0.9999620818512593,ema
44,s3_vlp_blocked,2.229332660696988,4.76372737768957,False,False,False,static_fusion,51,1.5,5.5,0.5506673519965587,ema
45,s3_vlp_blocked,2.6145006895276834,4.592072450426468,False,True,False,wifi_only,52,2.5,5.5,0.1584973095554173,ema
45,s3_vlp_blocked,2.6145006895276834,4.592072450426468,False,True,False,vlp_only,50,0.5,5.5,0.9999999999010002,ema
45,s3_vlp_blocked,2.6145006895276834,4.592072450426468,False,True,False,static_fusion,50,0.5,5.5,0.5224322650054407,ema
46,s3_vlp_blocked,2.661129424294631,4.466616768697175,False,True,False,wifi_only,51,1.5,5.5,0.13338409391221753,ema
46,s3_vlp_blocked,2.661129424294631,4.466616768697175,False,True,False,vlp_only,50,0.5,5.5,0.9999999999010002,ema
46,s3_vlp_blocked,2.661129424294631,4.466616768697175,False,True,False,static_fusion,50,0.5,5.5,0.5349862290169877,ema
47,s3_vlp_blocked,2.6450300380382434,4.183588162907463,False,True,False,wifi_only,52,2.5,5.5,0.14533081917510055,ema
47,s3_vlp_blocked,2.6450300380382434,4.183588162907463,False,True,False,vlp_only,50,0.5,5.5,0.9999999999010002,ema
47,s3_vlp_blocked,2.6450300380382434,4.183588162907463,False,True,False,static_fusion,50,0.5,5.5,0.5200107517104463,ema
48,s3_vlp_blocked,2.633014421787828,3.6860116411580814,False,True,False,wifi_only,42,2.5,4.5,0.1707512916001987,ema
48,s3_vlp_blocked,2.633014421787828,3.6860116411580814,False,True,False,vlp_only,40,0.5,4.5,0.9999999999010002,ema
48,s3_vlp_blocked,2.633014421787828,3.6860116411580814,False,True,False,static_fusion,40,0.5,4.5,0.5190442718370318,ema
49,s3_vlp_blocked,2.7923313692644163,3.3743378598159564,False,True,False,wifi_only,41,1.5,4.5,0.17578647435591419,ema
49,s3_vlp_blocked,2.7923313692644163,3.3743378598159564,False,True,False,vlp_only,41,1.5,4.5,0.9999959976331142,ema
49,s3_vlp_blocked,2.7923313692644163,3.3743378598159564,False,True,False,static_fusion,41,1.5,4.5,0.5878912359945142,ema
50,s3_vlp_blocked,2.983612121628606,3.11916257556942,False,True,False,wifi_only,32,2.5,3.5,0.1725941002920438,ema
50,s3_vlp_blocked,2.983612121628606,3.11916257556942,False,True,False,vlp_only,30,0.5,3.5,0.9999999999010002,ema
50,s3_vlp_blocked,2.983612121628606,3.11916257556942,False,True,False,static_fusion,30,0.5,3.5,0.5232542093919174,ema
51,s3_vlp_blocked,3.351818132537528,2.843855854625126,False,True,False,wifi_only,32,2.5,3.5,0.20099404010497923,ema
51,s3_vlp_blocked,3.351818132537528,2.843855854625126,False,True,False,vlp_only,30,0.5,3.5,0.5758314098545165,ema
51,s3_vlp_blocked,3.351818132537528,2.843855854625126,False,True,False,static_fusion,32,2.5,3.5,0.3125482361518482,ema
52,s3_vlp_blocked,3.56862361427012,2.697604331930428,False,True,False,wifi_only,33,3.5,3.5,0.17314282256415753,ema
52,s3_vlp_blocked,3.56862361427012,2.697604331930428,False,True,False,vlp_only,33,3.5,3.5,0.9999999999010002,ema
52,s3_vlp_blocked,3.56862361427012,2.697604331930428,False,True,False,static_fusion,33,3.5,3.5,0.5865714112325788,ema
53,s3_vlp_blocked,3.943888445431222,2.4514296926551147,False,True,False,wifi_only,23,3.5,2.5,0.18643358660541937,ema
53,s3_vlp_blocked,3.943888445431222,2.4514296926551147,False,True,False,vlp_only,3,3.5,0.5,0.9999999999010003,ema
53,s3_vlp_blocked,3.943888445431222,2.4514296926551147,False,True,False,static_fusion,3,3.5,0.5,0.5297413882215672,ema
54,s3_vlp_blocked,4.260369316238271,2.2082022988398595,False,True,False,wifi_only,23,3.5,2.5,0.20968943463884288,ema
54,s3_vlp_blocked,4.260369316238271,2.2082022988398595,False,True,False,vlp_only,3,3.5,0.5,0.9999999999010003,ema
54,s3_vlp_blocked,4.260369316238271,2.2082022988398595,False,True,False,static_fusion,3,3.5,0.5,0.5430522917998593,ema
55,s3_vlp_blocked,4.627569160973635,2.060114150367901,False,True,False,wifi_only,23,3.5,2.5,0.16344796832861427,ema
55,s3_vlp_blocked,4.627569160973635,2.060114150367901,False,True,False,vlp_only,14,4.5,1.5,0.9999999999010003,ema
55,s3_vlp_blocked,4.627569160973635,2.060114150367901,False,True,False,static_fusion,14,4.5,1.5,0.5807185368472494,ema
56,s3_vlp_blocked,4.961867043427717,1.830848239374332,False,True,False,wifi_only,14,4.5,1.5,0.18153707436024683,ema
56,s3_vlp_blocked,4.961867043427717,1.830848239374332,False,True,False,vlp_only,4,4.5,0.5,0.8023693957563448,ema
56,s3_vlp_blocked,4.961867043427717,1.830848239374332,False,True,False,static_fusion,4,4.5,0.5,0.4777259590405572,ema
57,s3_vlp_blocked,5.0679788704002044,1.7195475994342533,False,True,False,wifi_only,14,4.5,1.5,0.18860972116536176,ema
57,s3_vlp_blocked,5.0679788704002044,1.7195475994342533,False,True,False,vlp_only,4,4.5,0.5,0.9999999999010003,ema
57,s3_vlp_blocked,5.0679788704002044,1.7195475994342533,False,True,False,static_fusion,4,4.5,0.5,0.5738506710212117,ema
58,s3_vlp_blocked,5.335240810429285,1.571560122687008,False,True,False,wifi_only,14,4.5,1.5,0.20718644240808579,ema
58,s3_vlp_blocked,5.335240810429285,1.571560122687008,False,True,False,vlp_only,4,4.5,0.5,0.9997600588918961,ema
58,s3_vlp_blocked,5.335240810429285,1.571560122687008,False,True,False,static_fusion,4,4.5,0.5,0.5680736418805212,ema
59,s3_vlp_blocked,5.651780389210071,1.3727606103935992,False,False,False,wifi_only,15,5.5,1.5,0.18550411999522373,ema
59,s3_vlp_blocked,5.651780389210071,1.3727606103935992,False,False,False,vlp_only,5,5.5,0.5,0.9999999999010003,ema
59,s3_vlp_blocked,5.651780389210071,1.3727606103935992,False,False,False,static_fusion,5,5.5,0.5,0.585148159343696,ema
60,s3_vlp_blocked,5.898763386562306,1.2621017401554997,False,False,False,wifi_only,15,5.5,1.5,0.19551190392309817,ema
60,s3_vlp_blocked,5.898763386562306,1.2621017401554997,False,False,False,vlp_only,15,5.5,1.5,0.9999999999010003,ema
60,s3_vlp_blocked,5.898763386562306,1.2621017401554997,False,False,False,static_fusion,15,5.5,1.5,0.5977559519120492,ema
61,s3_vlp_blocked,6.355551046384767,1.4203122314749552,False,False,False,wifi_only,15,5.5,1.5,0.19706311885724495,ema
61,s3_vlp_blocked,6.355551046384767,1.4203122314749552,False,False,False,vlp_only,15,5.5,1.5,0.9999999999010003,ema
61,s3_vlp_blocked,6.355551046384767,1.4203122314749552,False,False,False,static_fusion,15,5.5,1.5,0.5985315593791226,ema
62,s3_vlp_blocked,6.594147927702143,1.4206009795225187,False,False,False,wifi_only,26,6.5,2.5,0.18862153257219733,ema
62,s3_vlp_blocked,6.594147927702143,1.4206009795225187,False,False,False,vlp_only,6,6.5,0.5,0.9999999999010003,ema
62,s3_vlp_blocked,6.594147927702143,1.4206009795225187,False,False,False,static_fusion,6,6.5,0.5,0.5582560672778267,ema
63,s3_vlp_blocked,6.702875767945526,1.3948214383894544,False,False,False,wifi_only,26,6.5,2.5,0.21430791897163695,ema
63,s3_vlp_blocked,6.702875767945526,1.3948214383894544,False,False,False,vlp_only,16,6.5,1.5,0.9999999999010003,ema
63,s3_vlp_blocked,6.702875767945526,1.3948214383894544,False,False,False,static_fusion,16,6.5,1.5,0.6043199374052536,ema
64,s3_vlp_blocked,6.87517464550481,1.1902703370600811,False,False,False,wifi_only,16,6.5,1.5,0.2783453831228125,ema
64,s3_vlp_blocked,6.87517464550481,1.1902703370600811,False,False,False,vlp_only,16,6.5,1.5,0.9999999999010003,ema
64,s3_vlp_blocked,6.87517464550481,1.1902703370600811,False,False,False,static_fusion,16,6.5,1.5,0.6391726915119064,ema
65,s3_vlp_blocked,6.892272294025562,1.0122251452148698,False,False,False,wifi_only,16,6.5,1.5,0.2573222667143401,ema
65,s3_vlp_blocked,6.892272294025562,1.0122251452148698,False,False,False,vlp_only,16,6.5,1.5,0.9999999999010003,ema
65,s3_vlp_blocked,6.892272294025562,1.0122251452148698,False,False,False,static_fusion,16,6.5,1.5,0.6286611333076702,ema
66,s3_vlp_blocked,7.000483248939226,0.9177176630235528,False,False,False,wifi_only,27,7.5,2.5,0.22630151627344408,ema
66,s3_vlp_blocked,7.000483248939226,0.9177176630235528,False,False,False,vlp_only,16,6.5,1.5,0.9999999999010003,ema
66,s3_vlp_blocked,7.000483248939226,0.9177176630235528,False,False,False,static_fusion,16,6.5,1.5,0.5762886110247748,ema
67,s3_vlp_blocked,7.169623623221895,0.7738996044632837,False,False,False,wifi_only,27,7.5,2.5,0.18384723771008724,ema
67,s3_vlp_blocked,7.169623623221895,0.7738996044632837,False,False,False,vlp_only,16,6.5,1.5,0.8181393184728397,ema
67,s3_vlp_blocked,7.169623623221895,0.7738996044632837,False,False,False,static_fusion,16,6.5,1.5,0.4862527932097712,ema
68,s3_vlp_blocked,7.492034971191752,0.4271040557051936,False,False,False,wifi_only,27,7.5,2.5,0.1729312413596361,ema
68,s3_vlp_blocked,7.492034971191752,0.4271040557051936,False,False,False,vlp_only,7,7.5,0.5,0.9999999999010003,ema
68,s3_vlp_blocked,7.492034971191752,0.4271040557051936,False,False,False,static_fusion,7,7.5,0.5,0.5795610058323335,ema
69,s3_vlp_blocked,7.463813289098351,0.1481351742215659,False,False,False,wifi_only,7,7.5,0.5,0.2016295298673665,ema
69,s3_vlp_blocked,7.463813289098351,0.1481351742215659,False,False,False,vlp_only,7,7.5,0.5,0.9999999999010003,ema
69,s3_vlp_blocked,7.463813289098351,0.1481351742215659,False,False,False,static_fusion,7,7.5,0.5,0.6008147648841835,ema
70,s3_vlp_blocked,7.384046542733699,0.3965845375848609,False,False,False,wifi_only,7,7.5,0.5,0.4201136455750149,ema
70,s3_vlp_blocked,7.384046542733699,0.3965845375848609,False,False,False,vlp_only,7,7.5,0.5,0.9999999999010003,ema
70,s3_vlp_blocked,7.384046542733699,0.3965845375848609,False,False,False,static_fusion,7,7.5,0.5,0.7100568227380075,ema
71,s3_vlp_blocked,7.274941349103505,0.5328406187982155,False,False,False,wifi_only,7,7.5,0.5,0.3867042359498066,ema
71,s3_vlp_blocked,7.274941349103505,0.5328406187982155,False,False,False,vlp_only,7,7.5,0.5,0.9999999999010003,ema
71,s3_vlp_blocked,7.274941349103505,0.5328406187982155,False,False,False,static_fusion,7,7.5,0.5,0.6933521179254035,ema
72,s3_vlp_blocked,7.242898641642358,0.6319581293500205,False,False,False,wifi_only,7,7.5,0.5,0.39591134026114416,ema
72,s3_vlp_blocked,7.242898641642358,0.6319581293500205,False,False,False,vlp_only,7,7.5,0.5,0.9999999999010003,ema
72,s3_vlp_blocked,7.242898641642358,0.6319581293500205,False,False,False,static_fusion,7,7.5,0.5,0.6979556700810723,ema
73,s3_vlp_blocked,6.897766036852761,0.9865854746261178,False,False,False,wifi_only,7,7.5,0.5,0.38561548853307637,ema
73,s3_vlp_blocked,6.897766036852761,0.9865854746261178,False,False,False,vlp_only,7,7.5,0.5,0.9999999999010003,ema
73,s3_vlp_blocked,6.897766036852761,0.9865854746261178,False,False,False,static_fusion,7,7.5,0.5,0.6928077442170383,ema
74,s3_vlp_blocked,6.819062780162876,1.076859414311629,False,False,False,wifi_only,7,7.5,0.5,0.18902200736545444,ema
74,s3_vlp_blocked,6.819062780162876,1.076859414311629,False,False,False,vlp_only,7,7.5,0.5,0.9999999999000304,ema
74,s3_vlp_blocked,6.819062780162876,1.076859414311629,False,False,False,static_fusion,7,7.5,0.5,0.5945110036327423,ema
75,s3_vlp_blocked,6.720234602821568,1.267398302606882,False,True,False,wifi_only,27,7.5,2.5,0.1832607857496811,ema
75,s3_vlp_blocked,6.720234602821568,1.267398302606882,False,True,False,vlp_only,7,7.5,0.5,0.9999999527567258,ema
75,s3_vlp_blocked,6.720234602821568,1.267398302606882,False,True,False,static_fusion,7,7.5,0.5,0.5688783759213382,ema
76,s3_vlp_blocked,6.503783427177126,1.570279682105651,False,True,False,wifi_only,27,7.5,2.5,0.18435970342702906,ema
76,s3_vlp_blocked,6.503783427177126,1.570279682105651,False,True,False,vlp_only,7,7.5,0.5,0.9999997422873567,ema
76,s3_vlp_blocked,6.503783427177126,1.570279682105651,False,True,False,static_fusion,7,7.5,0.5,0.567368490298725,ema
77,s3_vlp_blocked,6.358465325036558,1.791120746986019,False,True,False,wifi_only,6,6.5,0.5,0.2166196252297126,ema
77,s3_vlp_blocked,6.358465325036558,1.791120746986019,False,True,False,vlp_only,6,6.5,0.5,0.9999999999010003,ema
77,s3_vlp_blocked,6.358465325036558,1.791120746986019,False,True,False,static_fusion,6,6.5,0.5,0.6083098125653564,ema
78,s3_vlp_blocked,6.122791880845917,1.8813582130943367,False,True,False,wifi_only,16,6.5,1.5,0.2166963609003545,ema
78,s3_vlp_blocked,6.122791880845917,1.8813582130943367,False,True,False,vlp_only,6,6.5,0.5,0.9999999999010003,ema
78,s3_vlp_blocked,6.122791880845917,1.8813582130943367,False,True,False,static_fusion,6,6.5,0.5,0.6068320912419894,ema
79,s3_vlp_blocked,5.750230255978351,2.1326072148263107,False,True,False,wifi_only,26,6.5,2.5,0.18280618427626713,ema
79,s3_vlp_blocked,5.750230255978351,2.1326072148263107,False,True,False,vlp_only,6,6.5,0.5,0.9999999999010003,ema
79,s3_vlp_blocked,5.750230255978351,2.1326072148263107,False,True,False,static_fusion,6,6.5,0.5,0.5585068085819892,ema
80,s3_vlp_blocked,5.514678873922644,2.389062926514496,False,True,False,wifi_only,36,6.5,3.5,0.16176690352647627,ema
80,s3_vlp_blocked,5.514678873922644,2.389062926514496,False,True,False,vlp_only,5,5.5,0.5,0.9999999999010003,ema
80,s3_vlp_blocked,5.514678873922644,2.389062926514496,False,True,False,static_fusion,5,5.5,0.5,0.5218997290104683,ema
81,s3_vlp_blocked,5.508112152914603,2.4998600146256016,False,True,False,wifi_only,25,5.5,2.5,0.20085923101021713,ema
81,s3_vlp_blocked,5.508112152914603,2.4998600146256016,False,True,False,vlp_only,5,5.5,0.5,0.9999999999010003,ema
81,s3_vlp_blocked,5.508112152914603,2.4998600146256016,False,True,False,static_fusion,5,5.5,0.5,0.5450593431826242,ema
82,s3_vlp_blocked,5.600226935990087,2.6582213422588112,False,True,False,wifi_only,25,5.5,2.5,0.18428727293490926,ema
82,s3_vlp_blocked,5.600226935990087,2.6582213422588112,False,True,False,vlp_only,5,5.5,0.5,0.9940795677252883,ema
82,s3_vlp_blocked,5.600226935990087,2.6582213422588112,False,True,False,static_fusion,5,5.5,0.5,0.524576942598328,ema
83,s3_vlp_blocked,5.738537290833164,2.759195471518816,False,True,False,wifi_only,25,5.5,2.5,0.19273324661571964,ema
83,s3_vlp_blocked,5.738537290833164,2.759195471518816,False,True,False,vlp_only,5,5.5,0.5,0.9999999999010003,ema
83,s3_vlp_blocked,5.738537290833164,2.759195471518816,False,True,False,static_fusion,5,5.5,0.5,0.543653249350238,ema
84,s3_vlp_blocked,5.832850971363683,3.0310878411880533,False,True,False,wifi_only,25,5.5,2.5,0.19512942003919545,ema
84,s3_vlp_blocked,5.832850971363683,3.0310878411880533,False,True,False,vlp_only,5,5.5,0.5,0.9999999999010003,ema
84,s3_vlp_blocked,5.832850971363683,3.0310878411880533,False,True,False,static_fusion,5,5.5,0.5,0.5418557906782905,ema
85,s3_vlp_blocked,5.898467311753344,3.228508652056043,False,True,False,wifi_only,25,5.5,2.5,0.17386460012335733,ema
85,s3_vlp_blocked,5.898467311753344,3.228508652056043,False,True,False,vlp_only,49,9.5,4.5,0.9694093067808502,ema
85,s3_vlp_blocked,5.898467311753344,3.228508652056043,False,True,False,static_fusion,49,9.5,4.5,0.48940576319914975,ema
86,s3_vlp_blocked,5.888626732888142,3.400271085109193,False,True,False,wifi_only,36,6.5,3.5,0.12757134312461196,ema
86,s3_vlp_blocked,5.888626732888142,3.400271085109193,False,True,False,vlp_only,45,5.5,4.5,0.9999999999010002,ema
86,s3_vlp_blocked,5.888626732888142,3.400271085109193,False,True,False,static_fusion,45,5.5,4.5,0.5047668234695359,ema
87,s3_vlp_blocked,5.651159957112673,3.739006548657096,False,True,False,wifi_only,36,6.5,3.5,0.15047091035868226,ema
87,s3_vlp_blocked,5.651159957112673,3.739006548657096,False,True,False,vlp_only,5,5.5,0.5,0.9893345989032988,ema
87,s3_vlp_blocked,5.651159957112673,3.739006548657096,False,True,False,static_fusion,5,5.5,0.5,0.5048949583023438,ema
88,s3_vlp_blocked,5.511321113022474,3.8790676275290847,False,True,False,wifi_only,35,5.5,3.5,0.1490703102476222,ema
88,s3_vlp_blocked,5.511321113022474,3.8790676275290847,False,True,False,vlp_only,35,5.5,3.5,0.9999992656830842,ema
88,s3_vlp_blocked,5.511321113022474,3.8790676275290847,False,True,False,static_fusion,35,5.5,3.5,0.5745347879653532,ema
89,s3_vlp_blocked,5.43643528909089,3.953273740011248,False,True,False,wifi_only,35,5.5,3.5,0.17266314605566027,ema
89,s3_vlp_blocked,5.43643528909089,3.953273740011248,False,True,False,vlp_only,5,5.5,0.5,0.9999999999001024,ema
89,s3_vlp_blocked,5.43643528909089,3.953273740011248,False,True,False,static_fusion,5,5.5,0.5,0.5045039517629178,ema
90,s3_vlp_blocked,5.230257776887017,3.9835295593536193,False,True,False,wifi_only,34,4.5,3.5,0.16223134307652706,ema
90,s3_vlp_blocked,5.230257776887017,3.9835295593536193,False,True,False,vlp_only,5,5.5,0.5,0.9999999999010003,ema
90,s3_vlp_blocked,5.230257776887017,3.9835295593536193,False,True,False,static_fusion,5,5.5,0.5,0.5108260359872803,ema
91,s3_vlp_blocked,4.9776092930395945,4.056000817377593,False,True,False,wifi_only,34,4.5,3.5,0.17919964493993065,ema
91,s3_vlp_blocked,4.9776092930395945,4.056000817377593,False,True,False,vlp_only,5,5.5,0.5,0.9999999999010003,ema
91,s3_vlp_blocked,4.9776092930395945,4.056000817377593,False,True,False,static_fusion,5,5.5,0.5,0.5014991850599096,ema
92,s3_vlp_blocked,4.723335213676367,4.234008104614395,False,False,False,wifi_only,34,4.5,3.5,0.18017342733063718,ema
92,s3_vlp_blocked,4.723335213676367,4.234008104614395,False,False,False,vlp_only,35,5.5,3.5,0.9982649312942521,ema
92,s3_vlp_blocked,4.723335213676367,4.234008104614395,False,False,False,static_fusion,35,5.5,3.5,0.5321736659751972,ema
93,s3_vlp_blocked,4.5603601875449,4.42721654605225,False,False,False,wifi_only,43,3.5,4.5,0.13107938772890182,ema
93,s3_vlp_blocked,4.5603601875449,4.42721654605225,False,False,False,vlp_only,44,4.5,4.5,0.9999999999010002,ema
93,s3_vlp_blocked,4.5603601875449,4.42721654605225,False,False,False,static_fusion,44,4.5,4.5,0.5389218013392959,ema
94,s3_vlp_blocked,4.376758804931988,4.783397516554166,False,False,False,wifi_only,44,4.5,4.5,0.1691168374890013,ema
94,s3_vlp_blocked,4.376758804931988,4.783397516554166,False,False,False,vlp_only,44,4.5,4.5,0.9999999999010002,ema
94,s3_vlp_blocked,4.376758804931988,4.783397516554166,False,False,False,static_fusion,44,4.5,4.5,0.5845584186950007,ema
95,s3_vlp_blocked,4.278110895822162,4.873116927745965,False,False,False,wifi_only,44,4.5,4.5,0.17074180462121352,ema
95,s3_vlp_blocked,4.278110895822162,4.873116927745965,False,False,False,vlp_only,44,4.5,4.5,0.9999999999010002,ema
95,s3_vlp_blocked,4.278110895822162,4.873116927745965,False,False,False,static_fusion,44,4.5,4.5,0.5853709022611069,ema
96,s3_vlp_blocked,4.12801724847605,5.124228511615788,False,False,False,wifi_only,44,4.5,4.5,0.1711759457330333,ema
96,s3_vlp_blocked,4.12801724847605,5.124228511615788,False,False,False,vlp_only,44,4.5,4.5,0.9999999999010002,ema
96,s3_vlp_blocked,4.12801724847605,5.124228511615788,False,False,False,static_fusion,44,4.5,4.5,0.5855879728170167,ema
97,s3_vlp_blocked,3.704635602450641,5.262849100858526,False,False,False,wifi_only,43,3.5,4.5,0.1267443224773532,ema
97,s3_vlp_blocked,3.704635602450641,5.262849100858526,False,False,False,vlp_only,44,4.5,4.5,0.9999999680260963,ema
97,s3_vlp_blocked,3.704635602450641,5.262849100858526,False,False,False,static_fusion,44,4.5,4.5,0.5330613920587579,ema
98,s3_vlp_blocked,3.5561357581555817,5.285474381301673,False,False,False,wifi_only,52,2.5,5.5,0.12998664657767112,ema
98,s3_vlp_blocked,3.5561357581555817,5.285474381301673,False,False,False,vlp_only,54,4.5,5.5,0.9999999999010002,ema
98,s3_vlp_blocked,3.5561357581555817,5.285474381301673,False,False,False,static_fusion,54,4.5,5.5,0.5346594592833003,ema
99,s3_vlp_blocked,3.128664509288299,5.522908615866154,False,False,False,wifi_only,54,4.5,5.5,0.11553736253094427,ema
99,s3_vlp_blocked,3.128664509288299,5.522908615866154,False,False,False,vlp_only,53,3.5,5.5,0.9999999999010002,ema
99,s3_vlp_blocked,3.128664509288299,5.522908615866154,False,False,False,static_fusion,53,3.5,5.5,0.555354786286822,ema
0,s4_mixed_dynamic,6.1055626688123565,8.931678203850066,False,False,True,wifi_only,94,4.5,9.5,0.3203706480484197,raw
0,s4_mixed_dynamic,6.1055626688123565,8.931678203850066,False,False,True,vlp_only,96,6.5,9.5,0.9999999999010001,raw
0,s4_mixed_dynamic,6.1055626688123565,8.931678203850066,False,False,True,static_fusion,96,6.5,9.5,0.5034028371980053,raw
1,s4_mixed_dynamic,6.320554771122484,9.075343533082185,False,False,True,wifi_only,86,6.5,8.5,0.30143395191269234,raw
1,s4_mixed_dynamic,6.320554771122484,9.075343533082185,False,False,True,vlp_only,96,6.5,9.5,0.9999999999010001,raw
1,s4_mixed_dynamic,6.320554771122484,9.075343533082185,False,False,True,static_fusion,96,6.5,9.5,0.6337168600936274,raw
2,s4_mixed_dynamic,6.58026211240472,9.446929430621816,False,False,True,wifi_only,76,6.5,7.5,0.20363176232678826,raw
2,s4_mixed_dynamic,6.58026211240472,9.446929430621816,False,False,True,vlp_only,96,6.5,9.5,0.9999999999010001,raw
2,s4_mixed_dynamic,6.58026211240472,9.446929430621816,False,False,True,static_fusion,96,6.5,9.5,0.5473550430655161,raw
3,s4_mixed_dynamic,6.690486996140005,9.773722821152626,False,False,True,wifi_only,97,7.5,9.5,0.17082510413401672,raw
3,s4_mixed_dynamic,6.690486996140005,9.773722821152626,False,False,True,vlp_only,96,6.5,9.5,0.9999999999010001,raw
3,s4_mixed_dynamic,6.690486996140005,9.773722821152626,False,False,True,static_fusion,96,6.5,9.5,0.5750218773806244,raw
4,s4_mixed_dynamic,6.648930003357536,9.453988556211296,False,False,True,wifi_only,73,3.5,7.5,0.21575801792824253,raw
4,s4_mixed_dynamic,6.648930003357536,9.453988556211296,False,False,True,vlp_only,96,6.5,9.5,0.9999999999010001,raw
4,s4_mixed_dynamic,6.648930003357536,9.453988556211296,False,False,True,static_fusion,96,6.5,9.5,0.5107804184428117,raw
5,s4_mixed_dynamic,6.503414861243288,9.34880509424309,False,False,True,wifi_only,92,2.5,9.5,0.29187776172624036,raw
5,s4_mixed_dynamic,6.503414861243288,9.34880509424309,False,False,True,vlp_only,96,6.5,9.5,0.9999999999010001,raw
5,s4_mixed_dynamic,6.503414861243288,9.34880509424309,False,False,True,static_fusion,96,6.5,9.5,0.5334861253384071,raw
6,s4_mixed_dynamic,6.309679632446698,9.224501326679391,False,False,True,wifi_only,96,6.5,9.5,0.2617551036766484,raw
6,s4_mixed_dynamic,6.309679632446698,9.224501326679391,False,False,True,vlp_only,96,6.5,9.5,0.9999999999010001,raw
6,s4_mixed_dynamic,6.309679632446698,9.224501326679391,False,False,True,static_fusion,96,6.5,9.5,0.6308775517888242,raw
7,s4_mixed_dynamic,6.06460409098813,9.084291660062746,False,False,True,wifi_only,84,4.5,8.5,0.3313391958588439,raw
7,s4_mixed_dynamic,6.06460409098813,9.084291660062746,False,False,True,vlp_only,96,6.5,9.5,0.9999999999010001,raw
7,s4_mixed_dynamic,6.06460409098813,9.084291660062746,False,False,True,static_fusion,96,6.5,9.5,0.5017129682297499,raw
8,s4_mixed_dynamic,5.726062604387588,9.046898224684307,False,False,True,wifi_only,95,5.5,9.5,0.3149288340915204,raw
8,s4_mixed_dynamic,5.726062604387588,9.046898224684307,False,False,True,vlp_only,85,5.5,8.5,0.9999999999010001,raw
8,s4_mixed_dynamic,5.726062604387588,9.046898224684307,False,False,True,static_fusion,85,5.5,8.5,0.6180478014015532,raw
9,s4_mixed_dynamic,5.334545965818324,9.091415993613808,False,False,True,wifi_only,95,5.5,9.5,0.4062758316239784,raw
9,s4_mixed_dynamic,5.334545965818324,9.091415993613808,False,False,True,vlp_only,95,5.5,9.5,0.9999999999010001,raw
9,s4_mixed_dynamic,5.334545965818324,9.091415993613808,False,False,True,static_fusion,95,5.5,9.5,0.7031379157624893,raw
10,s4_mixed_dynamic,4.945823765007514,9.252578001847564,True,False,True,wifi_only,95,5.5,9.5,0.495126715837601,raw
10,s4_mixed_dynamic,4.945823765007514,9.252578001847564,True,False,True,vlp_only,94,4.5,9.5,0.9999999999010001,raw
10,s4_mixed_dynamic,4.945823765007514,9.252578001847564,True,False,True,static_fusion,94,4.5,9.5,0.5744028786697963,raw
11,s4_mixed_dynamic,4.721675127324938,9.340170350002357,True,False,True,wifi_only,95,5.5,9.5,0.48024005515435264,raw
11,s4_mixed_dynamic,4.721675127324938,9.340170350002357,True,False,True,vlp_only,94,4.5,9.5,0.9999999999010001,raw
11,s4_mixed_dynamic,4.721675127324938,9.340170350002357,True,False,True,static_fusion,94,4.5,9.5,0.6904165896599467,raw
12,s4_mixed_dynamic,4.340963373281298,9.42272693147179,True,False,True,wifi_only,84,4.5,8.5,0.4681639417735107,raw
12,s4_mixed_dynamic,4.340963373281298,9.42272693147179,True,False,True,vlp_only,94,4.5,9.5,0.9999999999010001,raw
12,s4_mixed_dynamic,4.340963373281298,9.42272693147179,True,False,True,static_fusion,94,4.5,9.5,0.5195796157974855,raw
13,s4_mixed_dynamic,4.095436566930193,9.473710426329454,True,False,True,wifi_only,92,2.5,9.5,0.3931374772481618,raw
13,s4_mixed_dynamic,4.095436566930193,9.473710426329454,True,False,True,vlp_only,84,4.5,8.5,0.9681823937968126,raw
13,s4_mixed_dynamic,4.095436566930193,9.473710426329454,True,False,True,static_fusion,84,4.5,8.5,0.48409119757237246,raw
14,s4_mixed_dynamic,3.863209848904428,9.531730849012984,True,False,True,wifi_only,97,7.5,9.5,0.29636945822473665,raw
14,s4_mixed_dynamic,3.863209848904428,9.531730849012984,True,False,True,vlp_only,93,3.5,9.5,0.9999999999010001,raw
14,s4_mixed_dynamic,3.863209848904428,9.531730849012984,True,False,True,static_fusion,93,3.5,9.5,0.5084524210546008,raw
15,s4_mixed_dynamic,3.520682956293645,9.491058893166894,True,False,True,wifi_only,54,4.5,5.5,0.19013150350595767,raw
15,s4_mixed_dynamic,3.520682956293645,9.491058893166894,True,False,True,vlp_only,93,3.5,9.5,0.9999999999010001,raw
15,s4_mixed_dynamic,3.520682956293645,9.491058893166894,True,False,True,static_fusion,93,3.5,9.5,0.500000008682909,raw
16,s4_mixed_dynamic,3.165382501834026,9.461587695941777,True,False,True,wifi_only,96,6.5,9.5,0.6299069767353354,raw
16,s4_mixed_dynamic,3.165382501834026,9.461587695941777,True,False,True,vlp_only,93,3.5,9.5,0.9999999999010001,raw
16,s4_mixed_dynamic,3.165382501834026,9.461587695941777,True,False,True,static_fusion,93,3.5,9.5,0.5976036343369993,raw
17,s4_mixed_dynamic,2.930245477093876,9.456164822050765,True,False,True,wifi_only,94,4.5,9.5,0.6165044954713652,raw
17,s4_mixed_dynamic,2.930245477093876,9.456164822050765,True,False,True,vlp_only,92,2.5,9.5,0.9999999999010001,raw
17,s4_mixed_dynamic,2.930245477093876,9.456164822050765,True,False,True,static_fusion,92,2.5,9.5,0.5000000110981285,raw
18,s4_mixed_dynamic,2.7420797060020465,9.472996628406442,True,False,True,wifi_only,92,2.5,9.5,0.2951344658967084,raw
18,s4_mixed_dynamic,2.7420797060020465,9.472996628406442,True,False,True,vlp_only,92,2.5,9.5,0.9999999999010001,raw
18,s4_mixed_dynamic,2.7420797060020465,9.472996628406442,True,False,True,static_fusion,92,2.5,9.5,0.6475672328988542,raw
19,s4_mixed_dynamic,2.4198638446847416,9.489528341112424,True,False,True,wifi_only,83,3.5,8.5,0.29126707433224114,raw
19,s4_mixed_dynamic,2.4198638446847416,9.489528341112424,True,False,True,vlp_only,92,2.5,9.5,0.9995068102937882,raw
19,s4_mixed_dynamic,2.4198638446847416,9.489528341112424,True,False,True,static_fusion,92,2.5,9.5,0.5046155530014054,raw
20,s4_mixed_dynamic,2.0874415206005943,9.43132427410417,False,False,True,wifi_only,87,7.5,8.5,0.12728879603156182,raw
20,s4_mixed_dynamic,2.0874415206005943,9.43132427410417,False,False,True,vlp_only,92,2.5,9.5,0.999990213590114,raw
20,s4_mixed_dynamic,2.0874415206005943,9.43132427410417,False,False,True,static_fusion,92,2.5,9.5,0.5437002801647086,raw
21,s4_mixed_dynamic,1.6827551012106006,9.608276410412028,False,False,True,wifi_only,91,1.5,9.5,0.16976674853182025,raw
21,s4_mixed_dynamic,1.6827551012106006,9.608276410412028,False,False,True,vlp_only,91,1.5,9.5,0.9999994824197954,raw
21,s4_mixed_dynamic,1.6827551012106006,9.608276410412028,False,False,True,static_fusion,91,1.5,9.5,0.584883115475808,raw
22,s4_mixed_dynamic,1.5666621834216723,9.721824928735591,False,False,True,wifi_only,98,8.5,9.5,0.2932356435822972,raw
22,s4_mixed_dynamic,1.5666621834216723,9.721824928735591,False,False,True,vlp_only,91,1.5,9.5,0.9999998974079161,raw
22,s4_mixed_dynamic,1.5666621834216723,9.721824928735591,False,False,True,static_fusion,91,1.5,9.5,0.5747135896744993,raw
23,s4_mixed_dynamic,1.8135872918506848,9.442076930062784,False,False,True,wifi_only,91,1.5,9.5,0.3389248029452562,raw
23,s4_mixed_dynamic,1.8135872918506848,9.442076930062784,False,False,True,vlp_only,91,1.5,9.5,0.9987484678864883,raw
23,s4_mixed_dynamic,1.8135872918506848,9.442076930062784,False,False,True,static_fusion,91,1.5,9.5,0.6688366354158721,raw
24,s4_mixed_dynamic,1.9797748224675469,9.171124941492176,False,False,True,wifi_only,98,8.5,9.5,0.11574844104584595,raw
24,s4_mixed_dynamic,1.9797748224675469,9.171124941492176,False,False,True,vlp_only,92,2.5,9.5,0.9556769674275855,raw
24,s4_mixed_dynamic,1.9797748224675469,9.171124941492176,False,False,True,static_fusion,92,2.5,9.5,0.4827664819068874,raw
25,s4_mixed_dynamic,2.0026978386863656,9.060785581306895,False,True,True,wifi_only,82,2.5,8.5,0.15344898198228307,raw
25,s4_mixed_dynamic,2.0026978386863656,9.060785581306895,False,True,True,vlp_only,94,4.5,9.5,0.9999999999010001,raw
25,s4_mixed_dynamic,2.0026978386863656,9.060785581306895,False,True,True,static_fusion,94,4.5,9.5,0.4999999999729807,raw
26,s4_mixed_dynamic,2.0409538218277232,8.768038731768266,False,True,True,wifi_only,82,2.5,8.5,0.1459214913333819,raw
26,s4_mixed_dynamic,2.0409538218277232,8.768038731768266,False,True,True,vlp_only,81,1.5,8.5,0.9999935293485509,raw
26,s4_mixed_dynamic,2.0409538218277232,8.768038731768266,False,True,True,static_fusion,81,1.5,8.5,0.5219559269662325,raw
27,s4_mixed_dynamic,1.943647595119588,8.39052055732134,False,True,True,wifi_only,92,2.5,9.5,0.1751305367529169,raw
27,s4_mixed_dynamic,1.943647595119588,8.39052055732134,False,True,True,vlp_only,81,1.5,8.5,0.9999999999010001,raw
27,s4_mixed_dynamic,1.943647595119588,8.39052055732134,False,True,True,static_fusion,81,1.5,8.5,0.5302896254294116,raw
28,s4_mixed_dynamic,1.822933837050688,7.938503894157455,False,True,True,wifi_only,87,7.5,8.5,0.09697793909549793,raw
28,s4_mixed_dynamic,1.822933837050688,7.938503894157455,False,True,True,vlp_only,81,1.5,8.5,0.9999999999010001,raw
28,s4_mixed_dynamic,1.822933837050688,7.938503894157455,False,True,True,static_fusion,81,1.5,8.5,0.5227984981295454,raw
29,s4_mixed_dynamic,1.5143958915018594,7.638191012939957,False,True,True,wifi_only,62,2.5,6.5,0.17777347393046405,raw
29,s4_mixed_dynamic,1.5143958915018594,7.638191012939957,False,True,True,vlp_only,50,0.5,5.5,0.9999999999010002,raw
29,s4_mixed_dynamic,1.5143958915018594,7.638191012939957,False,True,True,static_fusion,50,0.5,5.5,0.5016007151710143,raw
30,s4_mixed_dynamic,1.3675026549702816,7.582213936330399,False,True,True,wifi_only,62,2.5,6.5,0.16335777891045805,raw
30,s4_mixed_dynamic,1.3675026549702816,7.582213936330399,False,True,True,vlp_only,71,1.5,7.5,0.9999999997360255,raw
30,s4_mixed_dynamic,1.3675026549702816,7.582213936330399,False,True,True,static_fusion,71,1.5,7.5,0.5617522354120944,raw
31,s4_mixed_dynamic,1.2429294919367564,7.522606951356906,False,True,True,wifi_only,54,4.5,5.5,0.15988410060557187,raw
31,s4_mixed_dynamic,1.2429294919367564,7.522606951356906,False,True,True,vlp_only,71,1.5,7.5,0.9999923582320536,raw
31,s4_mixed_dynamic,1.2429294919367564,7.522606951356906,False,True,True,static_fusion,71,1.5,7.5,0.5089892423542718,raw
32,s4_mixed_dynamic,1.1706414409291317,7.446686809586819,False,True,True,wifi_only,51,1.5,5.5,0.151273994128649,raw
32,s4_mixed_dynamic,1.1706414409291317,7.446686809586819,False,True,True,vlp_only,81,1.5,8.5,0.9999999999010001,raw
32,s4_mixed_dynamic,1.1706414409291317,7.446686809586819,False,True,True,static_fusion,81,1.5,8.5,0.5036319320298133,raw
33,s4_mixed_dynamic,1.0225794063669398,7.298034493574606,False,True,True,wifi_only,80,0.5,8.5,0.22961574065588114,raw
33,s4_mixed_dynamic,1.0225794063669398,7.298034493574606,False,True,True,vlp_only,70,0.5,7.5,0.9999999998660568,raw
33,s4_mixed_dynamic,1.0225794063669398,7.298034493574606,False,True,True,static_fusion,70,0.5,7.5,0.5961433532938403,raw
34,s4_mixed_dynamic,0.8405580282052503,7.1660136409604815,False,True,True,wifi_only,70,0.5,7.5,0.2232673206566069,raw
34,s4_mixed_dynamic,0.8405580282052503,7.1660136409604815,False,True,True,vlp_only,70,0.5,7.5,0.9999999999010001,raw
34,s4_mixed_dynamic,0.8405580282052503,7.1660136409604815,False,True,True,static_fusion,70,0.5,7.5,0.6116336602788035,raw
35,s4_mixed_dynamic,0.7992402328627707,7.065719351919998,False,True,True,wifi_only,70,0.5,7.5,0.1747438941759667,raw
35,s4_mixed_dynamic,0.7992402328627707,7.065719351919998,False,True,True,vlp_only,70,0.5,7.5,0.9999999999010001,raw
35,s4_mixed_dynamic,0.7992402328627707,7.065719351919998,False,True,True,static_fusion,70,0.5,7.5,0.5873719470384835,raw
36,s4_mixed_dynamic,0.7671095331979448,6.6194549412444434,False,True,True,wifi_only,61,1.5,6.5,0.15337617772919623,raw
36,s4_mixed_dynamic,0.7671095331979448,6.6194549412444434,False,True,True,vlp_only,60,0.5,6.5,0.9999999999010002,raw
36,s4_mixed_dynamic,0.7671095331979448,6.6194549412444434,False,True,True,static_fusion,60,0.5,6.5,0.5723046006488645,raw
37,s4_mixed_dynamic,0.7867269935815102,6.50813786445098,False,True,True,wifi_only,50,0.5,5.5,0.3073159727653546,raw
37,s4_mixed_dynamic,0.7867269935815102,6.50813786445098,False,True,True,vlp_only,60,0.5,6.5,0.9999999999010002,raw
37,s4_mixed_dynamic,0.7867269935815102,6.50813786445098,False,True,True,static_fusion,60,0.5,6.5,0.5617273477567177,raw
38,s4_mixed_dynamic,0.9039958580667962,6.339426406945286,False,True,True,wifi_only,51,1.5,5.5,0.16425042393324518,raw
38,s4_mixed_dynamic,0.9039958580667962,6.339426406945286,False,True,True,vlp_only,60,0.5,6.5,0.9999999999010002,raw
38,s4_mixed_dynamic,0.9039958580667962,6.339426406945286,False,True,True,static_fusion,60,0.5,6.5,0.5294129955886971,raw
39,s4_mixed_dynamic,0.9979740023158236,6.187541249202924,False,True,True,wifi_only,60,0.5,6.5,0.2856305582012382,raw
39,s4_mixed_dynamic,0.9979740023158236,6.187541249202924,False,True,True,vlp_only,90,0.5,9.5,0.9999999999010001,raw
39,s4_mixed_dynamic,0.9979740023158236,6.187541249202924,False,True,True,static_fusion,90,0.5,9.5,0.5089880466489826,raw
40,s4_mixed_dynamic,1.28488954092244,5.782257454541684,False,True,True,wifi_only,51,1.5,5.5,0.18985239570595056,raw
40,s4_mixed_dynamic,1.28488954092244,5.782257454541684,False,True,True,vlp_only,90,0.5,9.5,0.9999999999010001,raw
40,s4_mixed_dynamic,1.28488954092244,5.782257454541684,False,True,True,static_fusion,90,0.5,9.5,0.5003685159809146,raw
41,s4_mixed_dynamic,1.513102962684955,5.518180410148621,False,True,True,wifi_only,61,1.5,6.5,0.1759421087817388,raw
41,s4_mixed_dynamic,1.513102962684955,5.518180410148621,False,True,True,vlp_only,51,1.5,5.5,0.9999999999010002,raw
41,s4_mixed_dynamic,1.513102962684955,5.518180410148621,False,True,True,static_fusion,51,1.5,5.5,0.5531822666965264,raw
42,s4_mixed_dynamic,1.6106044791645622,5.19830615307079,False,False,True,wifi_only,33,3.5,3.5,0.2039096028131326,raw
42,s4_mixed_dynamic,1.6106044791645622,5.19830615307079,False,False,True,vlp_only,51,1.5,5.5,0.9999972771445661,raw
42,s4_mixed_dynamic,1.6106044791645622,5.19830615307079,False,False,True,static_fusion,51,1.5,5.5,0.5041219867175329,raw
43,s4_mixed_dynamic,1.8972643262832607,4.975906927269721,False,False,True,wifi_only,34,4.5,3.5,0.14621198681473024,raw
43,s4_mixed_dynamic,1.8972643262832607,4.975906927269721,False,False,True,vlp_only,51,1.5,5.5,0.6587806007450713,raw
43,s4_mixed_dynamic,1.8972643262832607,4.975906927269721,False,False,True,static_fusion,51,1.5,5.5,0.34530346385918853,raw
44,s4_mixed_dynamic,2.229332660696988,4.76372737768957,False,False,True,wifi_only,52,2.5,5.5,0.18075631849590004,raw
44,s4_mixed_dynamic,2.229332660696988,4.76372737768957,False,False,True,vlp_only,41,1.5,4.5,0.5741352426079414,raw
44,s4_mixed_dynamic,2.229332660696988,4.76372737768957,False,False,True,static_fusion,41,1.5,4.5,0.30472935836783654,raw
45,s4_mixed_dynamic,2.6145006895276834,4.592072450426468,True,False,True,wifi_only,35,5.5,3.5,0.20508073660141024,raw
45,s4_mixed_dynamic,2.6145006895276834,4.592072450426468,True,False,True,vlp_only,42,2.5,4.5,0.9999999997522,raw
45,s4_mixed_dynamic,2.6145006895276834,4.592072450426468,True,False,True,static_fusion,42,2.5,4.5,0.5006813926456074,raw
46,s4_mixed_dynamic,2.661129424294631,4.466616768697175,True,False,True,wifi_only,64,4.5,6.5,0.18461523038716907,raw
46,s4_mixed_dynamic,2.661129424294631,4.466616768697175,True,False,True,vlp_only,42,2.5,4.5,0.9999999999010002,raw
46,s4_mixed_dynamic,2.661129424294631,4.466616768697175,True,False,True,static_fusion,42,2.5,4.5,0.5288475504251685,raw
47,s4_mixed_dynamic,2.6450300380382434,4.183588162907463,True,False,True,wifi_only,31,1.5,3.5,0.34498629025882327,raw
47,s4_mixed_dynamic,2.6450300380382434,4.183588162907463,True,False,True,vlp_only,42,2.5,4.5,0.999999999864853,raw
47,s4_mixed_dynamic,2.6450300380382434,4.183588162907463,True,False,True,static_fusion,42,2.5,4.5,0.5185233119151916,raw
48,s4_mixed_dynamic,2.633014421787828,3.6860116411580814,True,False,True,wifi_only,33,3.5,3.5,0.1934045615810215,raw
48,s4_mixed_dynamic,2.633014421787828,3.6860116411580814,True,False,True,vlp_only,32,2.5,3.5,0.9999999999010002,raw
48,s4_mixed_dynamic,2.633014421787828,3.6860116411580814,True,False,True,static_fusion,32,2.5,3.5,0.5778246711239193,raw
49,s4_mixed_dynamic,2.7923313692644163,3.3743378598159564,True,False,True,wifi_only,20,0.5,2.5,0.7925570673671454,raw
49,s4_mixed_dynamic,2.7923313692644163,3.3743378598159564,True,False,True,vlp_only,32,2.5,3.5,0.9999999999010002,raw
49,s4_mixed_dynamic,2.7923313692644163,3.3743378598159564,True,False,True,static_fusion,32,2.5,3.5,0.5000595511367385,raw
50,s4_mixed_dynamic,2.983612121628606,3.11916257556942,True,False,True,wifi_only,36,6.5,3.5,0.11009977529115499,raw
50,s4_mixed_dynamic,2.983612121628606,3.11916257556942,True,False,True,vlp_only,32,2.5,3.5,0.8033848926583793,raw
50,s4_mixed_dynamic,2.983612121628606,3.11916257556942,True,False,True,static_fusion,32,2.5,3.5,0.4017050229111558,raw
51,s4_mixed_dynamic,3.351818132537528,2.843855854625126,True,False,True,wifi_only,22,2.5,2.5,0.2142375183989776,raw
51,s4_mixed_dynamic,3.351818132537528,2.843855854625126,True,False,True,vlp_only,23,3.5,2.5,0.9999999999010003,raw
51,s4_mixed_dynamic,3.351818132537528,2.843855854625126,True,False,True,static_fusion,23,3.5,2.5,0.5905769176411056,raw
52,s4_mixed_dynamic,3.56862361427012,2.697604331930428,True,False,True,wifi_only,12,2.5,1.5,0.3621344195892959,raw
52,s4_mixed_dynamic,3.56862361427012,2.697604331930428,True,False,True,vlp_only,23,3.5,2.5,0.9999999999010003,raw
52,s4_mixed_dynamic,3.56862361427012,2.697604331930428,True,False,True,static_fusion,23,3.5,2.5,0.5023699811496402,raw
53,s4_mixed_dynamic,3.943888445431222,2.4514296926551147,True,False,True,wifi_only,7,7.5,0.5,0.35825616454874043,raw
53,s4_mixed_dynamic,3.943888445431222,2.4514296926551147,True,False,True,vlp_only,3,3.5,0.5,0.9999999999010003,raw
53,s4_mixed_dynamic,3.943888445431222,2.4514296926551147,True,False,True,static_fusion,3,3.5,0.5,0.5000163541937191,raw
54,s4_mixed_dynamic,4.260369316238271,2.2082022988398595,True,False,True,wifi_only,25,5.5,2.5,0.16565262571468564,raw
54,s4_mixed_dynamic,4.260369316238271,2.2082022988398595,True,False,True,vlp_only,24,4.5,2.5,0.9998265182090444,raw
54,s4_mixed_dynamic,4.260369316238271,2.2082022988398595,True,False,True,static_fusion,24,4.5,2.5,0.520711490528082,raw
55,s4_mixed_dynamic,4.627569160973635,2.060114150367901,True,False,True,wifi_only,44,4.5,4.5,0.2084129632202815,raw
55,s4_mixed_dynamic,4.627569160973635,2.060114150367901,True,False,True,vlp_only,14,4.5,1.5,0.9872677090544777,raw
55,s4_mixed_dynamic,4.627569160973635,2.060114150367901,True,False,True,static_fusion,14,4.5,1.5,0.4940075461546198,raw
56,s4_mixed_dynamic,4.961867043427717,1.830848239374332,True,False,True,wifi_only,6,6.5,0.5,0.3392669935386531,raw
56,s4_mixed_dynamic,4.961867043427717,1.830848239374332,True,False,True,vlp_only,4,4.5,0.5,0.9999999997897472,raw
56,s4_mixed_dynamic,4.961867043427717,1.830848239374332,True,False,True,static_fusion,4,4.5,0.5,0.5022210747066836,raw
57,s4_mixed_dynamic,5.0679788704002044,1.7195475994342533,True,False,True,wifi_only,46,6.5,4.5,0.14205678832760352,raw
57,s4_mixed_dynamic,5.0679788704002044,1.7195475994342533,True,False,True,vlp_only,5,5.5,0.5,0.9132725699088236,raw
57,s4_mixed_dynamic,5.0679788704002044,1.7195475994342533,True,False,True,static_fusion,5,5.5,0.5,0.45684059940954086,raw
58,s4_mixed_dynamic,5.335240810429285,1.571560122687008,False,False,True,wifi_only,15,5.5,1.5,0.19855679647814878,raw
58,s4_mixed_dynamic,5.335240810429285,1.571560122687008,False,False,True,vlp_only,15,5.5,1.5,0.9999999999010003,raw
58,s4_mixed_dynamic,5.335240810429285,1.571560122687008,False,False,True,static_fusion,15,5.5,1.5,0.5992783981895744,raw
59,s4_mixed_dynamic,5.651780389210071,1.3727606103935992,False,False,True,wifi_only,5,5.5,0.5,0.16621886167317798,raw
59,s4_mixed_dynamic,5.651780389210071,1.3727606103935992,False,False,True,vlp_only,15,5.5,1.5,0.9999999999010003,raw
59,s4_mixed_dynamic,5.651780389210071,1.3727606103935992,False,False,True,static_fusion,15,5.5,1.5,0.5724582953705847,raw
60,s4_mixed_dynamic,5.898763386562306,1.2621017401554997,False,False,True,wifi_only,5,5.5,0.5,0.3510606834132044,raw
60,s4_mixed_dynamic,5.898763386562306,1.2621017401554997,False,False,True,vlp_only,6,6.5,0.5,0.9999999999010003,raw
60,s4_mixed_dynamic,5.898763386562306,1.2621017401554997,False,False,True,static_fusion,6,6.5,0.5,0.6024344289484709,raw
61,s4_mixed_dynamic,6.355551046384767,1.4203122314749552,False,False,True,wifi_only,27,7.5,2.5,0.19799884340323134,raw
61,s4_mixed_dynamic,6.355551046384767,1.4203122314749552,False,False,True,vlp_only,16,6.5,1.5,0.9999999999010003,raw
61,s4_mixed_dynamic,6.355551046384767,1.4203122314749552,False,False,True,static_fusion,16,6.5,1.5,0.5638700258740934,raw
62,s4_mixed_dynamic,6.594147927702143,1.4206009795225187,False,False,True,wifi_only,16,6.5,1.5,0.30352485470460394,raw
62,s4_mixed_dynamic,6.594147927702143,1.4206009795225187,False,False,True,vlp_only,16,6.5,1.5,0.999999982845039,raw
62,s4_mixed_dynamic,6.594147927702143,1.4206009795225187,False,False,True,static_fusion,16,6.5,1.5,0.6517624187748214,raw
63,s4_mixed_dynamic,6.702875767945526,1.3948214383894544,False,False,True,wifi_only,5,5.5,0.5,0.3642051330045453,raw
63,s4_mixed_dynamic,6.702875767945526,1.3948214383894544,False,False,True,vlp_only,16,6.5,1.5,0.9999999998964636,raw
63,s4_mixed_dynamic,6.702875767945526,1.3948214383894544,False,False,True,static_fusion,16,6.5,1.5,0.5524171191678436,raw
64,s4_mixed_dynamic,6.87517464550481,1.1902703370600811,False,False,True,wifi_only,6,6.5,0.5,0.33816993060585687,raw
64,s4_mixed_dynamic,6.87517464550481,1.1902703370600811,False,False,True,vlp_only,16,6.5,1.5,0.9999999694315236,raw
64,s4_mixed_dynamic,6.87517464550481,1.1902703370600811,False,False,True,static_fusion,16,6.5,1.5,0.6332833910268226,raw
65,s4_mixed_dynamic,6.892272294025562,1.0122251452148698,False,True,True,wifi_only,7,7.5,0.5,0.2594212847895014,raw
65,s4_mixed_dynamic,6.892272294025562,1.0122251452148698,False,True,True,vlp_only,19,9.5,1.5,0.9999999999010003,raw
65,s4_mixed_dynamic,6.892272294025562,1.0122251452148698,False,True,True,static_fusion,19,9.5,1.5,0.5000009787652147,raw
66,s4_mixed_dynamic,7.000483248939226,0.9177176630235528,False,True,True,wifi_only,27,7.5,2.5,0.238085138328049,raw
66,s4_mixed_dynamic,7.000483248939226,0.9177176630235528,False,True,True,vlp_only,49,9.5,4.5,0.9999999999010002,raw
66,s4_mixed_dynamic,7.000483248939226,0.9177176630235528,False,True,True,static_fusion,49,9.5,4.5,0.5000443130000755,raw
67,s4_mixed_dynamic,7.169623623221895,0.7738996044632837,False,True,True,wifi_only,7,7.5,0.5,0.3534931609599683,raw
67,s4_mixed_dynamic,7.169623623221895,0.7738996044632837,False,True,True,vlp_only,45,5.5,4.5,0.9999999999010002,raw
67,s4_mixed_dynamic,7.169623623221895,0.7738996044632837,False,True,True,static_fusion,45,5.5,4.5,0.5000000011123596,raw
68,s4_mixed_dynamic,7.492034971191752,0.4271040557051936,False,True,True,wifi_only,7,7.5,0.5,0.22243944389590517,raw
68,s4_mixed_dynamic,7.492034971191752,0.4271040557051936,False,True,True,vlp_only,7,7.5,0.5,0.9999995243369493,raw
68,s4_mixed_dynamic,7.492034971191752,0.4271040557051936,False,True,True,static_fusion,7,7.5,0.5,0.6112194841164272,raw
69,s4_mixed_dynamic,7.463813289098351,0.1481351742215659,False,True,True,wifi_only,7,7.5,0.5,0.27102871531407674,raw
69,s4_mixed_dynamic,7.463813289098351,0.1481351742215659,False,True,True,vlp_only,9,9.5,0.5,0.9999999999010003,raw
69,s4_mixed_dynamic,7.463813289098351,0.1481351742215659,False,True,True,static_fusion,9,9.5,0.5,0.5082784793694113,raw
70,s4_mixed_dynamic,7.384046542733699,0.3965845375848609,False,True,True,wifi_only,17,7.5,1.5,0.28214793608954836,raw
70,s4_mixed_dynamic,7.384046542733699,0.3965845375848609,False,True,True,vlp_only,19,9.5,1.5,0.9999999999010003,raw
70,s4_mixed_dynamic,7.384046542733699,0.3965845375848609,False,True,True,static_fusion,19,9.5,1.5,0.5000091592912544,raw
71,s4_mixed_dynamic,7.274941349103505,0.5328406187982155,False,True,True,wifi_only,7,7.5,0.5,0.4577124737701557,raw
71,s4_mixed_dynamic,7.274941349103505,0.5328406187982155,False,True,True,vlp_only,7,7.5,0.5,0.9999999998939283,raw
71,s4_mixed_dynamic,7.274941349103505,0.5328406187982155,False,True,True,static_fusion,7,7.5,0.5,0.728856236832042,raw
72,s4_mixed_dynamic,7.242898641642358,0.6319581293500205,False,True,True,wifi_only,7,7.5,0.5,0.5314917161205507,raw
72,s4_mixed_dynamic,7.242898641642358,0.6319581293500205,False,True,True,vlp_only,45,5.5,4.5,0.9999999999010002,raw
72,s4_mixed_dynamic,7.242898641642358,0.6319581293500205,False,True,True,static_fusion,45,5.5,4.5,0.49999999995995575,raw
73,s4_mixed_dynamic,6.897766036852761,0.9865854746261178,False,True,True,wifi_only,27,7.5,2.5,0.2617662056239841,raw
73,s4_mixed_dynamic,6.897766036852761,0.9865854746261178,False,True,True,vlp_only,7,7.5,0.5,0.9999999999010003,raw
73,s4_mixed_dynamic,6.897766036852761,0.9865854746261178,False,True,True,static_fusion,7,7.5,0.5,0.5072886528343662,raw
74,s4_mixed_dynamic,6.819062780162876,1.076859414311629,False,True,True,wifi_only,39,9.5,3.5,0.19659112877368146,raw
74,s4_mixed_dynamic,6.819062780162876,1.076859414311629,False,True,True,vlp_only,7,7.5,0.5,0.9999999999010003,raw
74,s4_mixed_dynamic,6.819062780162876,1.076859414311629,False,True,True,static_fusion,7,7.5,0.5,0.537651668103099,raw
75,s4_mixed_dynamic,6.720234602821568,1.267398302606882,False,True,True,wifi_only,16,6.5,1.5,0.2970093454205581,raw
75,s4_mixed_dynamic,6.720234602821568,1.267398302606882,False,True,True,vlp_only,45,5.5,4.5,0.9999999999010002,raw
75,s4_mixed_dynamic,6.720234602821568,1.267398302606882,False,True,True,static_fusion,45,5.5,4.5,0.5000012303080812,raw
76,s4_mixed_dynamic,6.503783427177126,1.570279682105651,False,True,True,wifi_only,27,7.5,2.5,0.16806584249644532,raw
76,s4_mixed_dynamic,6.503783427177126,1.570279682105651,False,True,True,vlp_only,19,9.5,1.5,0.9994898395741713,raw
76,s4_mixed_dynamic,6.503783427177126,1.570279682105651,False,True,True,static_fusion,19,9.5,1.5,0.4997449200886532,raw
77,s4_mixed_dynamic,6.358465325036558,1.791120746986019,False,True,True,wifi_only,6,6.5,0.5,0.2974863496746599,raw
77,s4_mixed_dynamic,6.358465325036558,1.791120746986019,False,True,True,vlp_only,16,6.5,1.5,0.9999999999010003,raw
77,s4_mixed_dynamic,6.358465325036558,1.791120746986019,False,True,True,static_fusion,16,6.5,1.5,0.603581391960913,raw
78,s4_mixed_dynamic,6.122791880845917,1.8813582130943367,False,True,True,wifi_only,26,6.5,2.5,0.17649458048425398,raw
78,s4_mixed_dynamic,6.122791880845917,1.8813582130943367,False,True,True,vlp_only,9,9.5,0.5,0.9999999999010003,raw
78,s4_mixed_dynamic,6.122791880845917,1.8813582130943367,False,True,True,static_fusion,9,9.5,0.5,0.4999999999510001,raw
79,s4_mixed_dynamic,5.750230255978351,2.1326072148263107,False,True,True,wifi_only,36,6.5,3.5,0.20419493233842007,raw
79,s4_mixed_dynamic,5.750230255978351,2.1326072148263107,False,True,True,vlp_only,15,5.5,1.5,0.9999999999010003,raw
79,s4_mixed_dynamic,5.750230255978351,2.1326072148263107,False,True,True,static_fusion,15,5.5,1.5,0.5147497672887915,raw
80,s4_mixed_dynamic,5.514678873922644,2.389062926514496,True,False,True,wifi_only,4,4.5,0.5,0.43320031512893953,raw
80,s4_mixed_dynamic,5.514678873922644,2.389062926514496,True,False,True,vlp_only,25,5.5,2.5,0.9994129112947837,raw
80,s4_mixed_dynamic,5.514678873922644,2.389062926514496,True,False,True,static_fusion,25,5.5,2.5,0.4998127728278753,raw
81,s4_mixed_dynamic,5.508112152914603,2.4998600146256016,True,False,True,wifi_only,13,3.5,1.5,0.33242990582441695,raw
81,s4_mixed_dynamic,5.508112152914603,2.4998600146256016,True,False,True,vlp_only,25,5.5,2.5,0.9999999996251518,raw
81,s4_mixed_dynamic,5.508112152914603,2.4998600146256016,True,False,True,static_fusion,25,5.5,2.5,0.5021372740395348,raw
82,s4_mixed_dynamic,5.600226935990087,2.6582213422588112,True,False,True,wifi_only,34,4.5,3.5,0.17364445256669536,raw
82,s4_mixed_dynamic,5.600226935990087,2.6582213422588112,True,False,True,vlp_only,25,5.5,2.5,0.9999999998293809,raw
82,s4_mixed_dynamic,5.600226935990087,2.6582213422588112,True,False,True,static_fusion,25,5.5,2.5,0.5062784706450292,raw
83,s4_mixed_dynamic,5.738537290833164,2.759195471518816,True,False,True,wifi_only,17,7.5,1.5,0.4798710604500539,raw
83,s4_mixed_dynamic,5.738537290833164,2.759195471518816,True,False,True,vlp_only,25,5.5,2.5,0.9999999999010002,raw
83,s4_mixed_dynamic,5.738537290833164,2.759195471518816,True,False,True,static_fusion,25,5.5,2.5,0.5000617763363499,raw
84,s4_mixed_dynamic,5.832850971363683,3.0310878411880533,True,False,True,wifi_only,16,6.5,1.5,0.2498529470422418,raw
84,s4_mixed_dynamic,5.832850971363683,3.0310878411880533,True,False,True,vlp_only,25,5.5,2.5,0.9999999999010002,raw
84,s4_mixed_dynamic,5.832850971363683,3.0310878411880533,True,False,True,static_fusion,25,5.5,2.5,0.5182922320188671,raw
85,s4_mixed_dynamic,5.898467311753344,3.228508652056043,True,False,True,wifi_only,39,9.5,3.5,0.597928274806056,raw
85,s4_mixed_dynamic,5.898467311753344,3.228508652056043,True,False,True,vlp_only,25,5.5,2.5,0.9999999999010002,raw
85,s4_mixed_dynamic,5.898467311753344,3.228508652056043,True,False,True,static_fusion,25,5.5,2.5,0.5000029988032008,raw
86,s4_mixed_dynamic,5.888626732888142,3.400271085109193,True,False,True,wifi_only,20,0.5,2.5,0.5742030409458211,raw
86,s4_mixed_dynamic,5.888626732888142,3.400271085109193,True,False,True,vlp_only,25,5.5,2.5,0.9999999781390566,raw
86,s4_mixed_dynamic,5.888626732888142,3.400271085109193,True,False,True,static_fusion,25,5.5,2.5,0.4999999890700283,raw
87,s4_mixed_dynamic,5.651159957112673,3.739006548657096,True,False,True,wifi_only,75,5.5,7.5,0.5576696155608818,raw
87,s4_mixed_dynamic,5.651159957112673,3.739006548657096,True,False,True,vlp_only,35,5.5,3.5,0.9999999999010002,raw
87,s4_mixed_dynamic,5.651159957112673,3.739006548657096,True,False,True,static_fusion,35,5.5,3.5,0.5000000043953071,raw
88,s4_mixed_dynamic,5.511321113022474,3.8790676275290847,True,False,True,wifi_only,41,1.5,4.5,0.19582042609873238,raw
88,s4_mixed_dynamic,5.511321113022474,3.8790676275290847,True,False,True,vlp_only,35,5.5,3.5,0.9999999999010002,raw
88,s4_mixed_dynamic,5.511321113022474,3.8790676275290847,True,False,True,static_fusion,35,5.5,3.5,0.5000152971639436,raw
89,s4_mixed_dynamic,5.43643528909089,3.953273740011248,True,False,True,wifi_only,6,6.5,0.5,0.4712032950839288,raw
89,s4_mixed_dynamic,5.43643528909089,3.953273740011248,True,False,True,vlp_only,35,5.5,3.5,0.999999198185816,raw
89,s4_mixed_dynamic,5.43643528909089,3.953273740011248,True,False,True,static_fusion,35,5.5,3.5,0.5001942123076533,raw
90,s4_mixed_dynamic,5.230257776887017,3.9835295593536193,True,False,True,wifi_only,14,4.5,1.5,0.1819352353795072,raw
90,s4_mixed_dynamic,5.230257776887017,3.9835295593536193,True,False,True,vlp_only,45,5.5,4.5,0.9999999999010002,raw
90,s4_mixed_dynamic,5.230257776887017,3.9835295593536193,True,False,True,static_fusion,45,5.5,4.5,0.5002737164865833,raw
91,s4_mixed_dynamic,4.9776092930395945,4.056000817377593,True,False,True,wifi_only,17,7.5,1.5,0.5758494959204183,raw
91,s4_mixed_dynamic,4.9776092930395945,4.056000817377593,True,False,True,vlp_only,44,4.5,4.5,0.8352278767736294,raw
91,s4_mixed_dynamic,4.9776092930395945,4.056000817377593,True,False,True,static_fusion,44,4.5,4.5,0.41761393838731475,raw
92,s4_mixed_dynamic,4.723335213676367,4.234008104614395,True,False,True,wifi_only,38,8.5,3.5,0.2451297599053757,raw
92,s4_mixed_dynamic,4.723335213676367,4.234008104614395,True,False,True,vlp_only,44,4.5,4.5,0.9999999999010002,raw
92,s4_mixed_dynamic,4.723335213676367,4.234008104614395,True,False,True,static_fusion,44,4.5,4.5,0.5000014524759305,raw
93,s4_mixed_dynamic,4.5603601875449,4.42721654605225,True,False,True,wifi_only,31,1.5,3.5,0.2177978300317271,raw
93,s4_mixed_dynamic,4.5603601875449,4.42721654605225,True,False,True,vlp_only,44,4.5,4.5,0.9999999999010002,raw
93,s4_mixed_dynamic,4.5603601875449,4.42721654605225,True,False,True,static_fusion,44,4.5,4.5,0.5000774138833893,raw
94,s4_mixed_dynamic,4.376758804931988,4.783397516554166,True,False,True,wifi_only,17,7.5,1.5,0.37957709235284914,raw
94,s4_mixed_dynamic,4.376758804931988,4.783397516554166,True,False,True,vlp_only,44,4.5,4.5,0.9999999999010002,raw
94,s4_mixed_dynamic,4.376758804931988,4.783397516554166,True,False,True,static_fusion,44,4.5,4.5,0.5000000061612786,raw
95,s4_mixed_dynamic,4.278110895822162,4.873116927745965,False,False,True,wifi_only,33,3.5,3.5,0.1990294474561793,raw
95,s4_mixed_dynamic,4.278110895822162,4.873116927745965,False,False,True,vlp_only,44,4.5,4.5,0.9999999999010002,raw
95,s4_mixed_dynamic,4.278110895822162,4.873116927745965,False,False,True,static_fusion,44,4.5,4.5,0.508509448996166,raw
96,s4_mixed_dynamic,4.12801724847605,5.124228511615788,False,False,True,wifi_only,62,2.5,6.5,0.1445920219276313,raw
96,s4_mixed_dynamic,4.12801724847605,5.124228511615788,False,False,True,vlp_only,54,4.5,5.5,0.9999999999010002,raw
96,s4_mixed_dynamic,4.12801724847605,5.124228511615788,False,False,True,static_fusion,54,4.5,5.5,0.5396386968878865,raw
97,s4_mixed_dynamic,3.704635602450641,5.262849100858526,False,False,True,wifi_only,55,5.5,5.5,0.14526430444347338,raw
97,s4_mixed_dynamic,3.704635602450641,5.262849100858526,False,False,True,vlp_only,53,3.5,5.5,0.9999999999010002,raw
97,s4_mixed_dynamic,3.704635602450641,5.262849100858526,False,False,True,static_fusion,53,3.5,5.5,0.5158680938741702,raw
98,s4_mixed_dynamic,3.5561357581555817,5.285474381301673,False,False,True,wifi_only,53,3.5,5.5,0.15297886936712893,raw
98,s4_mixed_dynamic,3.5561357581555817,5.285474381301673,False,False,True,vlp_only,53,3.5,5.5,0.9999999999010002,raw
98,s4_mixed_dynamic,3.5561357581555817,5.285474381301673,False,False,True,static_fusion,53,3.5,5.5,0.5764894346340645,raw
99,s4_mixed_dynamic,3.128664509288299,5.522908615866154,False,False,True,wifi_only,52,2.5,5.5,0.1442343296966533,raw
99,s4_mixed_dynamic,3.128664509288299,5.522908615866154,False,False,True,vlp_only,53,3.5,5.5,0.9999896002074439,raw
99,s4_mixed_dynamic,3.128664509288299,5.522908615866154,False,False,True,static_fusion,53,3.5,5.5,0.5659546471567006,raw
0,s4_mixed_dynamic,6.1055626688123565,8.931678203850066,False,False,True,wifi_only,94,4.5,9.5,0.3203706480484197,moving_average
0,s4_mixed_dynamic,6.1055626688123565,8.931678203850066,False,False,True,vlp_only,96,6.5,9.5,0.9999999999010001,moving_average
0,s4_mixed_dynamic,6.1055626688123565,8.931678203850066,False,False,True,static_fusion,96,6.5,9.5,0.5034028371980053,moving_average
1,s4_mixed_dynamic,6.320554771122484,9.075343533082185,False,False,True,wifi_only,93,3.5,9.5,0.15540097877622472,moving_average
1,s4_mixed_dynamic,6.320554771122484,9.075343533082185,False,False,True,vlp_only,96,6.5,9.5,0.9999999999010001,moving_average
1,s4_mixed_dynamic,6.320554771122484,9.075343533082185,False,False,True,static_fusion,96,6.5,9.5,0.5595022151207726,moving_average
2,s4_mixed_dynamic,6.58026211240472,9.446929430621816,False,False,True,wifi_only,86,6.5,8.5,0.20300380358889095,moving_average
2,s4_mixed_dynamic,6.58026211240472,9.446929430621816,False,False,True,vlp_only,96,6.5,9.5,0.9999999999010001,moving_average
2,s4_mixed_dynamic,6.58026211240472,9.446929430621816,False,False,True,static_fusion,96,6.5,9.5,0.5925986875204318,moving_average
3,s4_mixed_dynamic,6.690486996140005,9.773722821152626,False,False,True,wifi_only,96,6.5,9.5,0.21428561126533394,moving_average
3,s4_mixed_dynamic,6.690486996140005,9.773722821152626,False,False,True,vlp_only,96,6.5,9.5,0.9999999999010001,moving_average
3,s4_mixed_dynamic,6.690486996140005,9.773722821152626,False,False,True,static_fusion,96,6.5,9.5,0.607142805583167,moving_average
4,s4_mixed_dynamic,6.648930003357536,9.453988556211296,False,False,True,wifi_only,86,6.5,8.5,0.17231206429990256,moving_average
4,s4_mixed_dynamic,6.648930003357536,9.453988556211296,False,False,True,vlp_only,96,6.5,9.5,0.9999999999010001,moving_average
4,s4_mixed_dynamic,6.648930003357536,9.453988556211296,False,False,True,static_fusion,96,6.5,9.5,0.578523011795059,moving_average
5,s4_mixed_dynamic,6.503414861243288,9.34880509424309,False,False,True,wifi_only,96,6.5,9.5,0.15568728428459744,moving_average
5,s4_mixed_dynamic,6.503414861243288,9.34880509424309,False,False,True,vlp_only,96,6.5,9.5,0.9999999999010001,moving_average
5,s4_mixed_dynamic,6.503414861243288,9.34880509424309,False,False,True,static_fusion,96,6.5,9.5,0.5778436420927987,moving_average
6,s4_mixed_dynamic,6.309679632446698,9.224501326679391,False,False,True,wifi_only,96,6.5,9.5,0.21585495106659494,moving_average
6,s4_mixed_dynamic,6.309679632446698,9.224501326679391,False,False,True,vlp_only,96,6.5,9.5,0.9999999999010001,moving_average
6,s4_mixed_dynamic,6.309679632446698,9.224501326679391,False,False,True,static_fusion,96,6.5,9.5,0.6079274754837976,moving_average
7,s4_mixed_dynamic,6.06460409098813,9.084291660062746,False,False,True,wifi_only,96,6.5,9.5,0.21971148143265318,moving_average
7,s4_mixed_dynamic,6.06460409098813,9.084291660062746,False,False,True,vlp_only,96,6.5,9.5,0.9999999999010001,moving_average
7,s4_mixed_dynamic,6.06460409098813,9.084291660062746,False,False,True,static_fusion,96,6.5,9.5,0.6098557406668266,moving_average
8,s4_mixed_dynamic,5.726062604387588,9.046898224684307,False,False,True,wifi_only,96,6.5,9.5,0.23033033975582176,moving_average
8,s4_mixed_dynamic,5.726062604387588,9.046898224684307,False,False,True,vlp_only,96,6.5,9.5,0.9999999999010001,moving_average
8,s4_mixed_dynamic,5.726062604387588,9.046898224684307,False,False,True,static_fusion,96,6.5,9.5,0.6151651698284109,moving_average
9,s4_mixed_dynamic,5.334545965818324,9.091415993613808,False,False,True,wifi_only,95,5.5,9.5,0.3113285009400354,moving_average
9,s4_mixed_dynamic,5.334545965818324,9.091415993613808,False,False,True,vlp_only,96,6.5,9.5,0.9999999999010001,moving_average
9,s4_mixed_dynamic,5.334545965818324,9.091415993613808,False,False,True,static_fusion,96,6.5,9.5,0.5168494923668987,moving_average
10,s4_mixed_dynamic,4.945823765007514,9.252578001847564,True,False,True,wifi_only,95,5.5,9.5,0.3721609316323011,moving_average
10,s4_mixed_dynamic,4.945823765007514,9.252578001847564,True,False,True,vlp_only,85,5.5,8.5,0.9999999999010001,moving_average
10,s4_mixed_dynamic,4.945823765007514,9.252578001847564,True,False,True,static_fusion,85,5.5,8.5,0.6255567877650369,moving_average
11,s4_mixed_dynamic,4.721675127324938,9.340170350002357,True,False,True,wifi_only,95,5.5,9.5,0.388023931028189,moving_average
11,s4_mixed_dynamic,4.721675127324938,9.340170350002357,True,False,True,vlp_only,95,5.5,9.5,0.9999999999010001,moving_average
11,s4_mixed_dynamic,4.721675127324938,9.340170350002357,True,False,True,static_fusion,95,5.5,9.5,0.6940119654645945,moving_average
12,s4_mixed_dynamic,4.340963373281298,9.42272693147179,True,False,True,wifi_only,95,5.5,9.5,0.33512663948294286,moving_average
12,s4_mixed_dynamic,4.340963373281298,9.42272693147179,True,False,True,vlp_only,95,5.5,9.5,0.9999999999010001,moving_average
12,s4_mixed_dynamic,4.340963373281298,9.42272693147179,True,False,True,static_fusion,95,5.5,9.5,0.6675633196919714,moving_average
13,s4_mixed_dynamic,4.095436566930193,9.473710426329454,True,False,True,wifi_only,95,5.5,9.5,0.40791080565002197,moving_average
13,s4_mixed_dynamic,4.095436566930193,9.473710426329454,True,False,True,vlp_only,94,4.5,9.5,0.9999999999010001,moving_average
13,s4_mixed_dynamic,4.095436566930193,9.473710426329454,True,False,True,static_fusion,94,4.5,9.5,0.644563663682503,moving_average
14,s4_mixed_dynamic,3.863209848904428,9.531730849012984,True,False,True,wifi_only,95,5.5,9.5,0.36463094653593314,moving_average
14,s4_mixed_dynamic,3.863209848904428,9.531730849012984,True,False,True,vlp_only,94,4.5,9.5,0.9999999999010001,moving_average
14,s4_mixed_dynamic,3.863209848904428,9.531730849012984,True,False,True,static_fusion,94,4.5,9.5,0.623325672059449,moving_average
15,s4_mixed_dynamic,3.520682956293645,9.491058893166894,True,False,True,wifi_only,86,6.5,8.5,0.22076635906512096,moving_average
15,s4_mixed_dynamic,3.520682956293645,9.491058893166894,True,False,True,vlp_only,84,4.5,8.5,0.9999999999010001,moving_average
15,s4_mixed_dynamic,3.520682956293645,9.491058893166894,True,False,True,static_fusion,84,4.5,8.5,0.5021241027819517,moving_average
16,s4_mixed_dynamic,3.165382501834026,9.461587695941777,True,False,True,wifi_only,86,6.5,8.5,0.20592286420902106,moving_average
16,s4_mixed_dynamic,3.165382501834026,9.461587695941777,True,False,True,vlp_only,93,3.5,9.5,0.9999999999010001,moving_average
16,s4_mixed_dynamic,3.165382501834026,9.461587695941777,True,False,True,static_fusion,93,3.5,9.5,0.5530068149663853,moving_average
17,s4_mixed_dynamic,2.930245477093876,9.456164822050765,True,False,True,wifi_only,96,6.5,9.5,0.3566977677306382,moving_average
17,s4_mixed_dynamic,2.930245477093876,9.456164822050765,True,False,True,vlp_only,93,3.5,9.5,0.9999999999010001,moving_average
17,s4_mixed_dynamic,2.930245477093876,9.456164822050765,True,False,True,static_fusion,93,3.5,9.5,0.648608419886038,moving_average
18,s4_mixed_dynamic,2.7420797060020465,9.472996628406442,True,False,True,wifi_only,96,6.5,9.5,0.30487023430761667,moving_average
18,s4_mixed_dynamic,2.7420797060020465,9.472996628406442,True,False,True,vlp_only,93,3.5,9.5,0.9999999999010001,moving_average
18,s4_mixed_dynamic,2.7420797060020465,9.472996628406442,True,False,True,static_fusion,93,3.5,9.5,0.6228338502745298,moving_average
19,s4_mixed_dynamic,2.4198638446847416,9.489528341112424,True,False,True,wifi_only,93,3.5,9.5,0.3282620133891132,moving_average
19,s4_mixed_dynamic,2.4198638446847416,9.489528341112424,True,False,True,vlp_only,92,2.5,9.5,0.9999999999010001,moving_average
19,s4_mixed_dynamic,2.4198638446847416,9.489528341112424,True,False,True,static_fusion,92,2.5,9.5,0.5082742122776713,moving_average
20,s4_mixed_dynamic,2.0874415206005943,9.43132427410417,False,False,True,wifi_only,93,3.5,9.5,0.428098231997202,moving_average
20,s4_mixed_dynamic,2.0874415206005943,9.43132427410417,False,False,True,vlp_only,92,2.5,9.5,0.9999999999010001,moving_average
20,s4_mixed_dynamic,2.0874415206005943,9.43132427410417,False,False,True,static_fusion,92,2.5,9.5,0.509675166468847,moving_average
21,s4_mixed_dynamic,1.6827551012106006,9.608276410412028,False,False,True,wifi_only,93,3.5,9.5,0.3161140811926362,moving_average
21,s4_mixed_dynamic,1.6827551012106006,9.608276410412028,False,False,True,vlp_only,92,2.5,9.5,0.9999994038447514,moving_average
21,s4_mixed_dynamic,1.6827551012106006,9.608276410412028,False,False,True,static_fusion,92,2.5,9.5,0.5779761303789186,moving_average
22,s4_mixed_dynamic,1.5666621834216723,9.721824928735591,False,False,True,wifi_only,92,2.5,9.5,0.258898894382144,moving_average
22,s4_mixed_dynamic,1.5666621834216723,9.721824928735591,False,False,True,vlp_only,92,2.5,9.5,0.9357559262363566,moving_average
22,s4_mixed_dynamic,1.5666621834216723,9.721824928735591,False,False,True,static_fusion,92,2.5,9.5,0.5973274103092502,moving_average
23,s4_mixed_dynamic,1.8135872918506848,9.442076930062784,False,False,True,wifi_only,92,2.5,9.5,0.2750618001956212,moving_average
23,s4_mixed_dynamic,1.8135872918506848,9.442076930062784,False,False,True,vlp_only,91,1.5,9.5,0.9932750767298599,moving_average
23,s4_mixed_dynamic,1.8135872918506848,9.442076930062784,False,False,True,static_fusion,91,1.5,9.5,0.5634040359356317,moving_average
24,s4_mixed_dynamic,1.9797748224675469,9.171124941492176,False,False,True,wifi_only,91,1.5,9.5,0.2240369017370817,moving_average
24,s4_mixed_dynamic,1.9797748224675469,9.171124941492176,False,False,True,vlp_only,91,1.5,9.5,0.9972784506700058,moving_average
24,s4_mixed_dynamic,1.9797748224675469,9.171124941492176,False,False,True,static_fusion,91,1.5,9.5,0.6106576762035435,moving_average
25,s4_mixed_dynamic,2.0026978386863656,9.060785581306895,False,True,True,wifi_only,91,1.5,9.5,0.24327972503031076,moving_average
25,s4_mixed_dynamic,2.0026978386863656,9.060785581306895,False,True,True,vlp_only,91,1.5,9.5,0.9998338112670133,moving_average
25,s4_mixed_dynamic,2.0026978386863656,9.060785581306895,False,True,True,static_fusion,91,1.5,9.5,0.621556768148662,moving_average
26,s4_mixed_dynamic,2.0409538218277232,8.768038731768266,False,True,True,wifi_only,91,1.5,9.5,0.20819910428436827,moving_average
26,s4_mixed_dynamic,2.0409538218277232,8.768038731768266,False,True,True,vlp_only,91,1.5,9.5,0.9976544095771146,moving_average
26,s4_mixed_dynamic,2.0409538218277232,8.768038731768266,False,True,True,static_fusion,91,1.5,9.5,0.6029267569307415,moving_average
27,s4_mixed_dynamic,1.943647595119588,8.39052055732134,False,True,True,wifi_only,81,1.5,8.5,0.13943912514037438,moving_average
27,s4_mixed_dynamic,1.943647595119588,8.39052055732134,False,True,True,vlp_only,91,1.5,9.5,0.9999999998732915,moving_average
27,s4_mixed_dynamic,1.943647595119588,8.39052055732134,False,True,True,static_fusion,91,1.5,9.5,0.5693712177403811,moving_average
28,s4_mixed_dynamic,1.822933837050688,7.938503894157455,False,True,True,wifi_only,82,2.5,8.5,0.10535947452296096,moving_average
28,s4_mixed_dynamic,1.822933837050688,7.938503894157455,False,True,True,vlp_only,91,1.5,9.5,0.9999999995344253,moving_average
28,s4_mixed_dynamic,1.822933837050688,7.938503894157455,False,True,True,static_fusion,91,1.5,9.5,0.5358529704080999,moving_average
29,s4_mixed_dynamic,1.5143958915018594,7.638191012939957,False,True,True,wifi_only,72,2.5,7.5,0.14209247324593635,moving_average
29,s4_mixed_dynamic,1.5143958915018594,7.638191012939957,False,True,True,vlp_only,91,1.5,9.5,0.999995474677827,moving_average
29,s4_mixed_dynamic,1.5143958915018594,7.638191012939957,False,True,True,static_fusion,91,1.5,9.5,0.5211915690569523,moving_average
30,s4_mixed_dynamic,1.3675026549702816,7.582213936330399,False,True,True,wifi_only,72,2.5,7.5,0.15460977723676192,moving_average
30,s4_mixed_dynamic,1.3675026549702816,7.582213936330399,False,True,True,vlp_only,81,1.5,8.5,0.9999999999010001,moving_average
30,s4_mixed_dynamic,1.3675026549702816,7.582213936330399,False,True,True,static_fusion,81,1.5,8.5,0.5399185708497686,moving_average
31,s4_mixed_dynamic,1.2429294919367564,7.522606951356906,False,True,True,wifi_only,72,2.5,7.5,0.1342142270614785,moving_average
31,s4_mixed_dynamic,1.2429294919367564,7.522606951356906,False,True,True,vlp_only,81,1.5,8.5,0.9999999999010001,moving_average
31,s4_mixed_dynamic,1.2429294919367564,7.522606951356906,False,True,True,static_fusion,81,1.5,8.5,0.5311859372319168,moving_average
32,s4_mixed_dynamic,1.1706414409291317,7.446686809586819,False,True,True,wifi_only,62,2.5,6.5,0.15338751590538524,moving_average
32,s4_mixed_dynamic,1.1706414409291317,7.446686809586819,False,True,True,vlp_only,80,0.5,8.5,0.9999999985417372,moving_average
32,s4_mixed_dynamic,1.1706414409291317,7.446686809586819,False,True,True,static_fusion,80,0.5,8.5,0.5072186466846501,moving_average
33,s4_mixed_dynamic,1.0225794063669398,7.298034493574606,False,True,True,wifi_only,62,2.5,6.5,0.1384610029021094,moving_average
33,s4_mixed_dynamic,1.0225794063669398,7.298034493574606,False,True,True,vlp_only,70,0.5,7.5,0.7058580189792111,moving_average
33,s4_mixed_dynamic,1.0225794063669398,7.298034493574606,False,True,True,static_fusion,70,0.5,7.5,0.3807944066558865,moving_average
34,s4_mixed_dynamic,0.8405580282052503,7.1660136409604815,False,True,True,wifi_only,61,1.5,6.5,0.15720954189680947,moving_average
34,s4_mixed_dynamic,0.8405580282052503,7.1660136409604815,False,True,True,vlp_only,81,1.5,8.5,0.9984759052792929,moving_average
34,s4_mixed_dynamic,0.8405580282052503,7.1660136409604815,False,True,True,static_fusion,81,1.5,8.5,0.5232025345827856,moving_average
35,s4_mixed_dynamic,0.7992402328627707,7.065719351919998,False,True,True,wifi_only,61,1.5,6.5,0.14641813463909792,moving_average
35,s4_mixed_dynamic,0.7992402328627707,7.065719351919998,False,True,True,vlp_only,70,0.5,7.5,0.9967548857655658,moving_average
35,s4_mixed_dynamic,0.7992402328627707,7.065719351919998,False,True,True,static_fusion,70,0.5,7.5,0.5697294881269273,moving_average
36,s4_mixed_dynamic,0.7671095331979448,6.6194549412444434,False,True,True,wifi_only,70,0.5,7.5,0.18608777629181306,moving_average
36,s4_mixed_dynamic,0.7671095331979448,6.6194549412444434,False,True,True,vlp_only,70,0.5,7.5,0.9999998335519593,moving_average
36,s4_mixed_dynamic,0.7671095331979448,6.6194549412444434,False,True,True,static_fusion,70,0.5,7.5,0.5930438049218862,moving_average
37,s4_mixed_dynamic,0.7867269935815102,6.50813786445098,False,True,True,wifi_only,60,0.5,6.5,0.20433156229539273,moving_average
37,s4_mixed_dynamic,0.7867269935815102,6.50813786445098,False,True,True,vlp_only,70,0.5,7.5,0.9999999999010001,moving_average
37,s4_mixed_dynamic,0.7867269935815102,6.50813786445098,False,True,True,static_fusion,70,0.5,7.5,0.5989742806453348,moving_average
38,s4_mixed_dynamic,0.9039958580667962,6.339426406945286,False,True,True,wifi_only,60,0.5,6.5,0.19795804640761447,moving_average
38,s4_mixed_dynamic,0.9039958580667962,6.339426406945286,False,True,True,vlp_only,70,0.5,7.5,0.9999999998991511,moving_average
38,s4_mixed_dynamic,0.9039958580667962,6.339426406945286,False,True,True,static_fusion,70,0.5,7.5,0.5618851783786676,moving_average
39,s4_mixed_dynamic,0.9979740023158236,6.187541249202924,False,True,True,wifi_only,60,0.5,6.5,0.20263610748024596,moving_average
39,s4_mixed_dynamic,0.9979740023158236,6.187541249202924,False,True,True,vlp_only,60,0.5,6.5,0.9999999999010002,moving_average
39,s4_mixed_dynamic,0.9979740023158236,6.187541249202924,False,True,True,static_fusion,60,0.5,6.5,0.6013180536906231,moving_average
40,s4_mixed_dynamic,1.28488954092244,5.782257454541684,False,True,True,wifi_only,50,0.5,5.5,0.18099522027027842,moving_average
40,s4_mixed_dynamic,1.28488954092244,5.782257454541684,False,True,True,vlp_only,60,0.5,6.5,0.9999999999010002,moving_average
40,s4_mixed_dynamic,1.28488954092244,5.782257454541684,False,True,True,static_fusion,60,0.5,6.5,0.5843230535416251,moving_average
41,s4_mixed_dynamic,1.513102962684955,5.518180410148621,False,True,True,wifi_only,50,0.5,5.5,0.18991943353194407,moving_average
41,s4_mixed_dynamic,1.513102962684955,5.518180410148621,False,True,True,vlp_only,60,0.5,6.5,0.9999999999010002,moving_average
41,s4_mixed_dynamic,1.513102962684955,5.518180410148621,False,True,True,static_fusion,60,0.5,6.5,0.582262175863536,moving_average
42,s4_mixed_dynamic,1.6106044791645622,5.19830615307079,False,False,True,wifi_only,51,1.5,5.5,0.18099289280496852,moving_average
42,s4_mixed_dynamic,1.6106044791645622,5.19830615307079,False,False,True,vlp_only,60,0.5,6.5,0.9999999999010002,moving_average
42,s4_mixed_dynamic,1.6106044791645622,5.19830615307079,False,False,True,static_fusion,60,0.5,6.5,0.5443284115047717,moving_average
43,s4_mixed_dynamic,1.8972643262832607,4.975906927269721,False,False,True,wifi_only,51,1.5,5.5,0.1687865661174414,moving_average
43,s4_mixed_dynamic,1.8972643262832607,4.975906927269721,False,False,True,vlp_only,51,1.5,5.5,0.9999999999010002,moving_average
43,s4_mixed_dynamic,1.8972643262832607,4.975906927269721,False,False,True,static_fusion,51,1.5,5.5,0.5843932830092209,moving_average
44,s4_mixed_dynamic,2.229332660696988,4.76372737768957,False,False,True,wifi_only,51,1.5,5.5,0.14773975304952208,moving_average
44,s4_mixed_dynamic,2.229332660696988,4.76372737768957,False,False,True,vlp_only,51,1.5,5.5,0.9999999998505652,moving_average
44,s4_mixed_dynamic,2.229332660696988,4.76372737768957,False,False,True,static_fusion,51,1.5,5.5,0.5738698764500435,moving_average
45,s4_mixed_dynamic,2.6145006895276834,4.592072450426468,True,False,True,wifi_only,43,3.5,4.5,0.19825171968951824,moving_average
45,s4_mixed_dynamic,2.6145006895276834,4.592072450426468,True,False,True,vlp_only,51,1.5,5.5,0.9213361418277083,moving_average
45,s4_mixed_dynamic,2.6145006895276834,4.592072450426468,True,False,True,static_fusion,51,1.5,5.5,0.47922741185723344,moving_average
46,s4_mixed_dynamic,2.661129424294631,4.466616768697175,True,False,True,wifi_only,43,3.5,4.5,0.21631273606810122,moving_average
46,s4_mixed_dynamic,2.661129424294631,4.466616768697175,True,False,True,vlp_only,42,2.5,4.5,0.997905548288565,moving_average
46,s4_mixed_dynamic,2.661129424294631,4.466616768697175,True,False,True,static_fusion,42,2.5,4.5,0.5525609431937906,moving_average
47,s4_mixed_dynamic,2.6450300380382434,4.183588162907463,True,False,True,wifi_only,43,3.5,4.5,0.2062215143237569,moving_average
47,s4_mixed_dynamic,2.6450300380382434,4.183588162907463,True,False,True,vlp_only,42,2.5,4.5,0.9999992870994393,moving_average
47,s4_mixed_dynamic,2.6450300380382434,4.183588162907463,True,False,True,static_fusion,42,2.5,4.5,0.5858023449534452,moving_average
48,s4_mixed_dynamic,2.633014421787828,3.6860116411580814,True,False,True,wifi_only,43,3.5,4.5,0.20281186153469988,moving_average
48,s4_mixed_dynamic,2.633014421787828,3.6860116411580814,True,False,True,vlp_only,42,2.5,4.5,0.9999999997290482,moving_average
48,s4_mixed_dynamic,2.633014421787828,3.6860116411580814,True,False,True,static_fusion,42,2.5,4.5,0.5734090286649453,moving_average
49,s4_mixed_dynamic,2.7923313692644163,3.3743378598159564,True,False,True,wifi_only,32,2.5,3.5,0.29372885217840855,moving_average
49,s4_mixed_dynamic,2.7923313692644163,3.3743378598159564,True,False,True,vlp_only,33,3.5,3.5,0.9999999998986286,moving_average
49,s4_mixed_dynamic,2.7923313692644163,3.3743378598159564,True,False,True,static_fusion,33,3.5,3.5,0.532526416541026,moving_average
50,s4_mixed_dynamic,2.983612121628606,3.11916257556942,True,False,True,wifi_only,32,2.5,3.5,0.280370490376067,moving_average
50,s4_mixed_dynamic,2.983612121628606,3.11916257556942,True,False,True,vlp_only,33,3.5,3.5,0.9999999999010002,moving_average
50,s4_mixed_dynamic,2.983612121628606,3.11916257556942,True,False,True,static_fusion,33,3.5,3.5,0.5349938459200154,moving_average
51,s4_mixed_dynamic,3.351818132537528,2.843855854625126,True,False,True,wifi_only,32,2.5,3.5,0.2705669426535706,moving_average
51,s4_mixed_dynamic,3.351818132537528,2.843855854625126,True,False,True,vlp_only,32,2.5,3.5,0.9999999999010002,moving_average
51,s4_mixed_dynamic,3.351818132537528,2.843855854625126,True,False,True,static_fusion,32,2.5,3.5,0.6352834712772852,moving_average
52,s4_mixed_dynamic,3.56862361427012,2.697604331930428,True,False,True,wifi_only,22,2.5,2.5,0.23927070470712553,moving_average
52,s4_mixed_dynamic,3.56862361427012,2.697604331930428,True,False,True,vlp_only,32,2.5,3.5,0.9999999706980028,moving_average
52,s4_mixed_dynamic,3.56862361427012,2.697604331930428,True,False,True,static_fusion,32,2.5,3.5,0.5993366634676347,moving_average
53,s4_mixed_dynamic,3.943888445431222,2.4514296926551147,True,False,True,wifi_only,13,3.5,1.5,0.26741904702894614,moving_average
53,s4_mixed_dynamic,3.943888445431222,2.4514296926551147,True,False,True,vlp_only,23,3.5,2.5,0.9999999999010003,moving_average
53,s4_mixed_dynamic,3.943888445431222,2.4514296926551147,True,False,True,static_fusion,23,3.5,2.5,0.5882737011619473,moving_average
54,s4_mixed_dynamic,4.260369316238271,2.2082022988398595,True,False,True,wifi_only,14,4.5,1.5,0.2570380731161372,moving_average
54,s4_mixed_dynamic,4.260369316238271,2.2082022988398595,True,False,True,vlp_only,23,3.5,2.5,0.9999999999010003,moving_average
54,s4_mixed_dynamic,4.260369316238271,2.2082022988398595,True,False,True,static_fusion,23,3.5,2.5,0.5325978874307313,moving_average
55,s4_mixed_dynamic,4.627569160973635,2.060114150367901,True,False,True,wifi_only,14,4.5,1.5,0.21533610371462217,moving_average
55,s4_mixed_dynamic,4.627569160973635,2.060114150367901,True,False,True,vlp_only,3,3.5,0.5,0.9998400521204753,moving_average
55,s4_mixed_dynamic,4.627569160973635,2.060114150367901,True,False,True,static_fusion,3,3.5,0.5,0.5206624041888887,moving_average
56,s4_mixed_dynamic,4.961867043427717,1.830848239374332,True,False,True,wifi_only,15,5.5,1.5,0.19711128144208137,moving_average
56,s4_mixed_dynamic,4.961867043427717,1.830848239374332,True,False,True,vlp_only,24,4.5,2.5,0.9981172011096999,moving_average
56,s4_mixed_dynamic,4.961867043427717,1.830848239374332,True,False,True,static_fusion,24,4.5,2.5,0.5519169325587805,moving_average
57,s4_mixed_dynamic,5.0679788704002044,1.7195475994342533,True,False,True,wifi_only,25,5.5,2.5,0.19796733281555956,moving_average
57,s4_mixed_dynamic,5.0679788704002044,1.7195475994342533,True,False,True,vlp_only,14,4.5,1.5,0.9998276858401947,moving_average
57,s4_mixed_dynamic,5.0679788704002044,1.7195475994342533,True,False,True,static_fusion,14,4.5,1.5,0.5156841405542117,moving_average
58,s4_mixed_dynamic,5.335240810429285,1.571560122687008,False,False,True,wifi_only,35,5.5,3.5,0.17390345196785614,moving_average
58,s4_mixed_dynamic,5.335240810429285,1.571560122687008,False,False,True,vlp_only,14,4.5,1.5,0.9999998539669657,moving_average
58,s4_mixed_dynamic,5.335240810429285,1.571560122687008,False,False,True,static_fusion,14,4.5,1.5,0.5096183831930671,moving_average
59,s4_mixed_dynamic,5.651780389210071,1.3727606103935992,False,False,True,wifi_only,25,5.5,2.5,0.17879095823834792,moving_average
59,s4_mixed_dynamic,5.651780389210071,1.3727606103935992,False,False,True,vlp_only,15,5.5,1.5,0.9999999944777096,moving_average
59,s4_mixed_dynamic,5.651780389210071,1.3727606103935992,False,False,True,static_fusion,15,5.5,1.5,0.5508680539212562,moving_average
60,s4_mixed_dynamic,5.898763386562306,1.2621017401554997,False,False,True,wifi_only,5,5.5,0.5,0.23596810908909793,moving_average
60,s4_mixed_dynamic,5.898763386562306,1.2621017401554997,False,False,True,vlp_only,15,5.5,1.5,0.9999999998992349,moving_average
60,s4_mixed_dynamic,5.898763386562306,1.2621017401554997,False,False,True,static_fusion,15,5.5,1.5,0.6055033989121305,moving_average
61,s4_mixed_dynamic,6.355551046384767,1.4203122314749552,False,False,True,wifi_only,15,5.5,1.5,0.19361725095783291,moving_average
61,s4_mixed_dynamic,6.355551046384767,1.4203122314749552,False,False,True,vlp_only,15,5.5,1.5,0.9999999999010003,moving_average
61,s4_mixed_dynamic,6.355551046384767,1.4203122314749552,False,False,True,static_fusion,15,5.5,1.5,0.5968086254294166,moving_average
62,s4_mixed_dynamic,6.594147927702143,1.4206009795225187,False,False,True,wifi_only,5,5.5,0.5,0.21267495931777552,moving_average
62,s4_mixed_dynamic,6.594147927702143,1.4206009795225187,False,False,True,vlp_only,6,6.5,0.5,0.9999999999010003,moving_average
62,s4_mixed_dynamic,6.594147927702143,1.4206009795225187,False,False,True,static_fusion,6,6.5,0.5,0.5764097294050903,moving_average
63,s4_mixed_dynamic,6.702875767945526,1.3948214383894544,False,False,True,wifi_only,6,6.5,0.5,0.22834087652181737,moving_average
63,s4_mixed_dynamic,6.702875767945526,1.3948214383894544,False,False,True,vlp_only,16,6.5,1.5,0.9999999999010003,moving_average
63,s4_mixed_dynamic,6.702875767945526,1.3948214383894544,False,False,True,static_fusion,16,6.5,1.5,0.5876219829362925,moving_average
64,s4_mixed_dynamic,6.87517464550481,1.1902703370600811,False,False,True,wifi_only,6,6.5,0.5,0.34392522158528877,moving_average
64,s4_mixed_dynamic,6.87517464550481,1.1902703370600811,False,False,True,vlp_only,16,6.5,1.5,0.9999999999010003,moving_average
64,s4_mixed_dynamic,6.87517464550481,1.1902703370600811,False,False,True,static_fusion,16,6.5,1.5,0.628133902557494,moving_average
65,s4_mixed_dynamic,6.892272294025562,1.0122251452148698,False,True,True,wifi_only,6,6.5,0.5,0.3465105270206152,moving_average
65,s4_mixed_dynamic,6.892272294025562,1.0122251452148698,False,True,True,vlp_only,7,7.5,0.5,0.687022127474633,moving_average
65,s4_mixed_dynamic,6.892272294025562,1.0122251452148698,False,True,True,static_fusion,7,7.5,0.5,0.3638163988928427,moving_average
66,s4_mixed_dynamic,7.000483248939226,0.9177176630235528,False,True,True,wifi_only,6,6.5,0.5,0.32729429341807265,moving_average
66,s4_mixed_dynamic,7.000483248939226,0.9177176630235528,False,True,True,vlp_only,7,7.5,0.5,0.9999995778901359,moving_average
66,s4_mixed_dynamic,7.000483248939226,0.9177176630235528,False,True,True,static_fusion,7,7.5,0.5,0.5235560716867739,moving_average
67,s4_mixed_dynamic,7.169623623221895,0.7738996044632837,False,True,True,wifi_only,6,6.5,0.5,0.3464146162287925,moving_average
67,s4_mixed_dynamic,7.169623623221895,0.7738996044632837,False,True,True,vlp_only,9,9.5,0.5,0.9999999999010003,moving_average
67,s4_mixed_dynamic,7.169623623221895,0.7738996044632837,False,True,True,static_fusion,9,9.5,0.5,0.5000000098324957,moving_average
68,s4_mixed_dynamic,7.492034971191752,0.4271040557051936,False,True,True,wifi_only,7,7.5,0.5,0.20318286350943027,moving_average
68,s4_mixed_dynamic,7.492034971191752,0.4271040557051936,False,True,True,vlp_only,9,9.5,0.5,0.9999999999010003,moving_average
68,s4_mixed_dynamic,7.492034971191752,0.4271040557051936,False,True,True,static_fusion,9,9.5,0.5,0.5000002428038575,moving_average
69,s4_mixed_dynamic,7.463813289098351,0.1481351742215659,False,True,True,wifi_only,7,7.5,0.5,0.3207658122157514,moving_average
69,s4_mixed_dynamic,7.463813289098351,0.1481351742215659,False,True,True,vlp_only,9,9.5,0.5,0.9999999999010003,moving_average
69,s4_mixed_dynamic,7.463813289098351,0.1481351742215659,False,True,True,static_fusion,9,9.5,0.5,0.5000072749862259,moving_average
70,s4_mixed_dynamic,7.384046542733699,0.3965845375848609,False,True,True,wifi_only,7,7.5,0.5,0.3078661054749282,moving_average
70,s4_mixed_dynamic,7.384046542733699,0.3965845375848609,False,True,True,vlp_only,9,9.5,0.5,0.9999999999010003,moving_average
70,s4_mixed_dynamic,7.384046542733699,0.3965845375848609,False,True,True,static_fusion,9,9.5,0.5,0.5000100532352292,moving_average
71,s4_mixed_dynamic,7.274941349103505,0.5328406187982155,False,True,True,wifi_only,7,7.5,0.5,0.3997612958684073,moving_average
71,s4_mixed_dynamic,7.274941349103505,0.5328406187982155,False,True,True,vlp_only,9,9.5,0.5,0.9999999999010003,moving_average
71,s4_mixed_dynamic,7.274941349103505,0.5328406187982155,False,True,True,static_fusion,9,9.5,0.5,0.5000186182204273,moving_average
72,s4_mixed_dynamic,7.242898641642358,0.6319581293500205,False,True,True,wifi_only,7,7.5,0.5,0.40257542064075785,moving_average
72,s4_mixed_dynamic,7.242898641642358,0.6319581293500205,False,True,True,vlp_only,9,9.5,0.5,0.9999999999010003,moving_average
72,s4_mixed_dynamic,7.242898641642358,0.6319581293500205,False,True,True,static_fusion,9,9.5,0.5,0.5000482087097169,moving_average
73,s4_mixed_dynamic,6.897766036852761,0.9865854746261178,False,True,True,wifi_only,7,7.5,0.5,0.32813510595285694,moving_average
73,s4_mixed_dynamic,6.897766036852761,0.9865854746261178,False,True,True,vlp_only,9,9.5,0.5,0.9999999999010003,moving_average
73,s4_mixed_dynamic,6.897766036852761,0.9865854746261178,False,True,True,static_fusion,9,9.5,0.5,0.5000142250142559,moving_average
74,s4_mixed_dynamic,6.819062780162876,1.076859414311629,False,True,True,wifi_only,7,7.5,0.5,0.2524204452623568,moving_average
74,s4_mixed_dynamic,6.819062780162876,1.076859414311629,False,True,True,vlp_only,6,6.5,0.5,0.9601256800900511,moving_average
74,s4_mixed_dynamic,6.819062780162876,1.076859414311629,False,True,True,static_fusion,6,6.5,0.5,0.5158124145887508,moving_average
75,s4_mixed_dynamic,6.720234602821568,1.267398302606882,False,True,True,wifi_only,7,7.5,0.5,0.21953042188599423,moving_average
75,s4_mixed_dynamic,6.720234602821568,1.267398302606882,False,True,True,vlp_only,6,6.5,0.5,0.9999999999010003,moving_average
75,s4_mixed_dynamic,6.720234602821568,1.267398302606882,False,True,True,static_fusion,6,6.5,0.5,0.5608399018524565,moving_average
76,s4_mixed_dynamic,6.503783427177126,1.570279682105651,False,True,True,wifi_only,27,7.5,2.5,0.23510590377002988,moving_average
76,s4_mixed_dynamic,6.503783427177126,1.570279682105651,False,True,True,vlp_only,6,6.5,0.5,0.9999999999010003,moving_average
76,s4_mixed_dynamic,6.503783427177126,1.570279682105651,False,True,True,static_fusion,6,6.5,0.5,0.553374724309059,moving_average
77,s4_mixed_dynamic,6.358465325036558,1.791120746986019,False,True,True,wifi_only,16,6.5,1.5,0.20371136548329424,moving_average
77,s4_mixed_dynamic,6.358465325036558,1.791120746986019,False,True,True,vlp_only,6,6.5,0.5,0.9999999999010003,moving_average
77,s4_mixed_dynamic,6.358465325036558,1.791120746986019,False,True,True,static_fusion,6,6.5,0.5,0.5757588392636457,moving_average
78,s4_mixed_dynamic,6.122791880845917,1.8813582130943367,False,True,True,wifi_only,16,6.5,1.5,0.2198314375373258,moving_average
78,s4_mixed_dynamic,6.122791880845917,1.8813582130943367,False,True,True,vlp_only,6,6.5,0.5,0.9999999997449582,moving_average
78,s4_mixed_dynamic,6.122791880845917,1.8813582130943367,False,True,True,static_fusion,6,6.5,0.5,0.5866691450106781,moving_average
79,s4_mixed_dynamic,5.750230255978351,2.1326072148263107,False,True,True,wifi_only,26,6.5,2.5,0.21242743429384417,moving_average
79,s4_mixed_dynamic,5.750230255978351,2.1326072148263107,False,True,True,vlp_only,6,6.5,0.5,0.9999999999010003,moving_average
79,s4_mixed_dynamic,5.750230255978351,2.1326072148263107,False,True,True,static_fusion,6,6.5,0.5,0.5574603075580123,moving_average
80,s4_mixed_dynamic,5.514678873922644,2.389062926514496,True,False,True,wifi_only,6,6.5,0.5,0.20137242940710834,moving_average
80,s4_mixed_dynamic,5.514678873922644,2.389062926514496,True,False,True,vlp_only,6,6.5,0.5,0.9999999999010003,moving_average
80,s4_mixed_dynamic,5.514678873922644,2.389062926514496,True,False,True,static_fusion,6,6.5,0.5,0.6006862146540544,moving_average
81,s4_mixed_dynamic,5.508112152914603,2.4998600146256016,True,False,True,wifi_only,5,5.5,0.5,0.26758353458953765,moving_average
81,s4_mixed_dynamic,5.508112152914603,2.4998600146256016,True,False,True,vlp_only,6,6.5,0.5,0.9999999999010003,moving_average
81,s4_mixed_dynamic,5.508112152914603,2.4998600146256016,True,False,True,static_fusion,6,6.5,0.5,0.53887263853583,moving_average
82,s4_mixed_dynamic,5.600226935990087,2.6582213422588112,True,False,True,wifi_only,15,5.5,1.5,0.2118680588047434,moving_average
82,s4_mixed_dynamic,5.600226935990087,2.6582213422588112,True,False,True,vlp_only,15,5.5,1.5,0.9999999995459974,moving_average
82,s4_mixed_dynamic,5.600226935990087,2.6582213422588112,True,False,True,static_fusion,15,5.5,1.5,0.6059340291753704,moving_average
83,s4_mixed_dynamic,5.738537290833164,2.759195471518816,True,False,True,wifi_only,15,5.5,1.5,0.26035702967858465,moving_average
83,s4_mixed_dynamic,5.738537290833164,2.759195471518816,True,False,True,vlp_only,25,5.5,2.5,0.7901469554947221,moving_average
83,s4_mixed_dynamic,5.738537290833164,2.759195471518816,True,False,True,static_fusion,25,5.5,2.5,0.45990989269937066,moving_average
84,s4_mixed_dynamic,5.832850971363683,3.0310878411880533,True,False,True,wifi_only,15,5.5,1.5,0.2586107594510322,moving_average
84,s4_mixed_dynamic,5.832850971363683,3.0310878411880533,True,False,True,vlp_only,25,5.5,2.5,0.9999999998999396,moving_average
84,s4_mixed_dynamic,5.832850971363683,3.0310878411880533,True,False,True,static_fusion,25,5.5,2.5,0.5379540652883513,moving_average
85,s4_mixed_dynamic,5.898467311753344,3.228508652056043,True,False,True,wifi_only,5,5.5,0.5,0.23387471403953772,moving_average
85,s4_mixed_dynamic,5.898467311753344,3.228508652056043,True,False,True,vlp_only,25,5.5,2.5,0.9999999999010002,moving_average
85,s4_mixed_dynamic,5.898467311753344,3.228508652056043,True,False,True,static_fusion,25,5.5,2.5,0.539847610694414,moving_average
86,s4_mixed_dynamic,5.888626732888142,3.400271085109193,True,False,True,wifi_only,5,5.5,0.5,0.2693279208205967,moving_average
86,s4_mixed_dynamic,5.888626732888142,3.400271085109193,True,False,True,vlp_only,25,5.5,2.5,0.9999999999010002,moving_average
86,s4_mixed_dynamic,5.888626732888142,3.400271085109193,True,False,True,static_fusion,25,5.5,2.5,0.5410431836621955,moving_average
87,s4_mixed_dynamic,5.651159957112673,3.739006548657096,True,False,True,wifi_only,15,5.5,1.5,0.19645396715478242,moving_average
87,s4_mixed_dynamic,5.651159957112673,3.739006548657096,True,False,True,vlp_only,25,5.5,2.5,0.9999999999010002,moving_average
87,s4_mixed_dynamic,5.651159957112673,3.739006548657096,True,False,True,static_fusion,25,5.5,2.5,0.5957536551169437,moving_average
88,s4_mixed_dynamic,5.511321113022474,3.8790676275290847,True,False,True,wifi_only,24,4.5,2.5,0.16895424036411916,moving_average
88,s4_mixed_dynamic,5.511321113022474,3.8790676275290847,True,False,True,vlp_only,35,5.5,3.5,0.9999999999010002,moving_average
88,s4_mixed_dynamic,5.511321113022474,3.8790676275290847,True,False,True,static_fusion,35,5.5,3.5,0.5315804712219807,moving_average
89,s4_mixed_dynamic,5.43643528909089,3.953273740011248,True,False,True,wifi_only,34,4.5,3.5,0.15478210392618094,moving_average
89,s4_mixed_dynamic,5.43643528909089,3.953273740011248,True,False,True,vlp_only,35,5.5,3.5,0.9999999999010002,moving_average
89,s4_mixed_dynamic,5.43643528909089,3.953273740011248,True,False,True,static_fusion,35,5.5,3.5,0.541241750546454,moving_average
90,s4_mixed_dynamic,5.230257776887017,3.9835295593536193,True,False,True,wifi_only,33,3.5,3.5,0.17213236435076862,moving_average
90,s4_mixed_dynamic,5.230257776887017,3.9835295593536193,True,False,True,vlp_only,35,5.5,3.5,0.9999999999010002,moving_average
90,s4_mixed_dynamic,5.230257776887017,3.9835295593536193,True,False,True,static_fusion,35,5.5,3.5,0.5144998644824208,moving_average
91,s4_mixed_dynamic,4.9776092930395945,4.056000817377593,True,False,True,wifi_only,25,5.5,2.5,0.21100090033008329,moving_average
91,s4_mixed_dynamic,4.9776092930395945,4.056000817377593,True,False,True,vlp_only,35,5.5,3.5,0.9999999998719944,moving_average
91,s4_mixed_dynamic,4.9776092930395945,4.056000817377593,True,False,True,static_fusion,35,5.5,3.5,0.5839312391969714,moving_average
92,s4_mixed_dynamic,4.723335213676367,4.234008104614395,True,False,True,wifi_only,26,6.5,2.5,0.2139813398398819,moving_average
92,s4_mixed_dynamic,4.723335213676367,4.234008104614395,True,False,True,vlp_only,45,5.5,4.5,0.9999999999010002,moving_average
92,s4_mixed_dynamic,4.723335213676367,4.234008104614395,True,False,True,static_fusion,45,5.5,4.5,0.5022345877243234,moving_average
93,s4_mixed_dynamic,4.5603601875449,4.42721654605225,True,False,True,wifi_only,26,6.5,2.5,0.21099032926378428,moving_average
93,s4_mixed_dynamic,4.5603601875449,4.42721654605225,True,False,True,vlp_only,45,5.5,4.5,0.9970008298950198,moving_average
93,s4_mixed_dynamic,4.5603601875449,4.42721654605225,True,False,True,static_fusion,45,5.5,4.5,0.49926481593923044,moving_average
94,s4_mixed_dynamic,4.376758804931988,4.783397516554166,True,False,True,wifi_only,26,6.5,2.5,0.2859348890121172,moving_average
94,s4_mixed_dynamic,4.376758804931988,4.783397516554166,True,False,True,vlp_only,44,4.5,4.5,0.9999999999010002,moving_average
94,s4_mixed_dynamic,4.376758804931988,4.783397516554166,True,False,True,static_fusion,44,4.5,4.5,0.5001654690228426,moving_average
95,s4_mixed_dynamic,4.278110895822162,4.873116927745965,False,False,True,wifi_only,26,6.5,2.5,0.22983687127272223,moving_average
95,s4_mixed_dynamic,4.278110895822162,4.873116927745965,False,False,True,vlp_only,44,4.5,4.5,0.9999999999010002,moving_average
95,s4_mixed_dynamic,4.278110895822162,4.873116927745965,False,False,True,static_fusion,44,4.5,4.5,0.5013644445879923,moving_average
96,s4_mixed_dynamic,4.12801724847605,5.124228511615788,False,False,True,wifi_only,45,5.5,4.5,0.18774353077753625,moving_average
96,s4_mixed_dynamic,4.12801724847605,5.124228511615788,False,False,True,vlp_only,44,4.5,4.5,0.9999999999010002,moving_average
96,s4_mixed_dynamic,4.12801724847605,5.124228511615788,False,False,True,static_fusion,44,4.5,4.5,0.5552919810538257,moving_average
97,s4_mixed_dynamic,3.704635602450641,5.262849100858526,False,False,True,wifi_only,44,4.5,4.5,0.18979528307665153,moving_average
97,s4_mixed_dynamic,3.704635602450641,5.262849100858526,False,False,True,vlp_only,44,4.5,4.5,0.9999999999010002,moving_average
97,s4_mixed_dynamic,3.704635602450641,5.262849100858526,False,False,True,static_fusion,44,4.5,4.5,0.5948976414888258,moving_average
98,s4_mixed_dynamic,3.5561357581555817,5.285474381301673,False,False,True,wifi_only,45,5.5,4.5,0.1781412949127879,moving_average
98,s4_mixed_dynamic,3.5561357581555817,5.285474381301673,False,False,True,vlp_only,54,4.5,5.5,0.9999999999010002,moving_average
98,s4_mixed_dynamic,3.5561357581555817,5.285474381301673,False,False,True,static_fusion,54,4.5,5.5,0.5412732998987824,moving_average
99,s4_mixed_dynamic,3.128664509288299,5.522908615866154,False,False,True,wifi_only,53,3.5,5.5,0.1559391880785832,moving_average
99,s4_mixed_dynamic,3.128664509288299,5.522908615866154,False,False,True,vlp_only,53,3.5,5.5,0.9999999999010002,moving_average
99,s4_mixed_dynamic,3.128664509288299,5.522908615866154,False,False,True,static_fusion,53,3.5,5.5,0.5779695939897918,moving_average
0,s4_mixed_dynamic,6.1055626688123565,8.931678203850066,False,False,True,wifi_only,94,4.5,9.5,0.3203706480484197,median
0,s4_mixed_dynamic,6.1055626688123565,8.931678203850066,False,False,True,vlp_only,96,6.5,9.5,0.9999999999010001,median
0,s4_mixed_dynamic,6.1055626688123565,8.931678203850066,False,False,True,static_fusion,96,6.5,9.5,0.5034028371980053,median
1,s4_mixed_dynamic,6.320554771122484,9.075343533082185,False,False,True,wifi_only,93,3.5,9.5,0.15540097877622472,median
1,s4_mixed_dynamic,6.320554771122484,9.075343533082185,False,False,True,vlp_only,96,6.5,9.5,0.9999999999010001,median
1,s4_mixed_dynamic,6.320554771122484,9.075343533082185,False,False,True,static_fusion,96,6.5,9.5,0.5595022151207726,median
2,s4_mixed_dynamic,6.58026211240472,9.446929430621816,False,False,True,wifi_only,86,6.5,8.5,0.27341390267810733,median
2,s4_mixed_dynamic,6.58026211240472,9.446929430621816,False,False,True,vlp_only,96,6.5,9.5,0.9999999999010001,median
2,s4_mixed_dynamic,6.58026211240472,9.446929430621816,False,False,True,static_fusion,96,6.5,9.5,0.6025797135038193,median
3,s4_mixed_dynamic,6.690486996140005,9.773722821152626,False,False,True,wifi_only,96,6.5,9.5,0.2500407880971651,median
3,s4_mixed_dynamic,6.690486996140005,9.773722821152626,False,False,True,vlp_only,96,6.5,9.5,0.9999999999010001,median
3,s4_mixed_dynamic,6.690486996140005,9.773722821152626,False,False,True,static_fusion,96,6.5,9.5,0.6250203939990826,median
4,s4_mixed_dynamic,6.648930003357536,9.453988556211296,False,False,True,wifi_only,96,6.5,9.5,0.17836656184589691,median
4,s4_mixed_dynamic,6.648930003357536,9.453988556211296,False,False,True,vlp_only,96,6.5,9.5,0.9999999999010001,median
4,s4_mixed_dynamic,6.648930003357536,9.453988556211296,False,False,True,static_fusion,96,6.5,9.5,0.5891832808734485,median
5,s4_mixed_dynamic,6.503414861243288,9.34880509424309,False,False,True,wifi_only,96,6.5,9.5,0.21340639647583085,median
5,s4_mixed_dynamic,6.503414861243288,9.34880509424309,False,False,True,vlp_only,96,6.5,9.5,0.9999999999010001,median
5,s4_mixed_dynamic,6.503414861243288,9.34880509424309,False,False,True,static_fusion,96,6.5,9.5,0.6067031981884154,median
6,s4_mixed_dynamic,6.309679632446698,9.224501326679391,False,False,True,wifi_only,96,6.5,9.5,0.21340639647583085,median
6,s4_mixed_dynamic,6.309679632446698,9.224501326679391,False,False,True,vlp_only,96,6.5,9.5,0.9999999999010001,median
6,s4_mixed_dynamic,6.309679632446698,9.224501326679391,False,False,True,static_fusion,96,6.5,9.5,0.6067031981884154,median
7,s4_mixed_dynamic,6.06460409098813,9.084291660062746,False,False,True,wifi_only,96,6.5,9.5,0.22194812643003545,median
7,s4_mixed_dynamic,6.06460409098813,9.084291660062746,False,False,True,vlp_only,96,6.5,9.5,0.9999999999010001,median
7,s4_mixed_dynamic,6.06460409098813,9.084291660062746,False,False,True,static_fusion,96,6.5,9.5,0.6109740631655177,median
8,s4_mixed_dynamic,5.726062604387588,9.046898224684307,False,False,True,wifi_only,95,5.5,9.5,0.18726313918773144,median
8,s4_mixed_dynamic,5.726062604387588,9.046898224684307,False,False,True,vlp_only,96,6.5,9.5,0.9999999999010001,median
8,s4_mixed_dynamic,5.726062604387588,9.046898224684307,False,False,True,static_fusion,96,6.5,9.5,0.566387149120428,median
9,s4_mixed_dynamic,5.334545965818324,9.091415993613808,False,False,True,wifi_only,95,5.5,9.5,0.3308906779064822,median
9,s4_mixed_dynamic,5.334545965818324,9.091415993613808,False,False,True,vlp_only,96,6.5,9.5,0.9999999999010001,median
9,s4_mixed_dynamic,5.334545965818324,9.091415993613808,False,False,True,static_fusion,96,6.5,9.5,0.513458103201848,median
10,s4_mixed_dynamic,4.945823765007514,9.252578001847564,True,False,True,wifi_only,95,5.5,9.5,0.38210302655416023,median
10,s4_mixed_dynamic,4.945823765007514,9.252578001847564,True,False,True,vlp_only,85,5.5,8.5,0.9999999999010001,median
10,s4_mixed_dynamic,4.945823765007514,9.252578001847564,True,False,True,static_fusion,85,5.5,8.5,0.6074480564943109,median
11,s4_mixed_dynamic,4.721675127324938,9.340170350002357,True,False,True,wifi_only,95,5.5,9.5,0.4062755395566785,median
11,s4_mixed_dynamic,4.721675127324938,9.340170350002357,True,False,True,vlp_only,95,5.5,9.5,0.9999999999010001,median
11,s4_mixed_dynamic,4.721675127324938,9.340170350002357,True,False,True,static_fusion,95,5.5,9.5,0.7031377697288392,median
12,s4_mixed_dynamic,4.340963373281298,9.42272693147179,True,False,True,wifi_only,95,5.5,9.5,0.39260465115777904,median
12,s4_mixed_dynamic,4.340963373281298,9.42272693147179,True,False,True,vlp_only,94,4.5,9.5,0.9999999999010001,median
12,s4_mixed_dynamic,4.340963373281298,9.42272693147179,True,False,True,static_fusion,94,4.5,9.5,0.6224348800298639,median
13,s4_mixed_dynamic,4.095436566930193,9.473710426329454,True,False,True,wifi_only,95,5.5,9.5,0.4772400318908229,median
13,s4_mixed_dynamic,4.095436566930193,9.473710426329454,True,False,True,vlp_only,94,4.5,9.5,0.9999999999010001,median
13,s4_mixed_dynamic,4.095436566930193,9.473710426329454,True,False,True,static_fusion,94,4.5,9.5,0.6387119713984619,median
14,s4_mixed_dynamic,3.863209848904428,9.531730849012984,True,False,True,wifi_only,95,5.5,9.5,0.45287305747555207,median
14,s4_mixed_dynamic,3.863209848904428,9.531730849012984,True,False,True,vlp_only,94,4.5,9.5,0.9999999999010001,median
14,s4_mixed_dynamic,3.863209848904428,9.531730849012984,True,False,True,static_fusion,94,4.5,9.5,0.6108057606469881,median
15,s4_mixed_dynamic,3.520682956293645,9.491058893166894,True,False,True,wifi_only,97,7.5,9.5,0.29636945822473665,median
15,s4_mixed_dynamic,3.520682956293645,9.491058893166894,True,False,True,vlp_only,84,4.5,8.5,0.999991746182763,median
15,s4_mixed_dynamic,3.520682956293645,9.491058893166894,True,False,True,static_fusion,84,4.5,8.5,0.4999958970265961,median
16,s4_mixed_dynamic,3.165382501834026,9.461587695941777,True,False,True,wifi_only,97,7.5,9.5,0.29636945822473665,median
16,s4_mixed_dynamic,3.165382501834026,9.461587695941777,True,False,True,vlp_only,93,3.5,9.5,0.9999999999010001,median
16,s4_mixed_dynamic,3.165382501834026,9.461587695941777,True,False,True,static_fusion,93,3.5,9.5,0.5084524210546008,median
17,s4_mixed_dynamic,2.930245477093876,9.456164822050765,True,False,True,wifi_only,97,7.5,9.5,0.478162968415693,median
17,s4_mixed_dynamic,2.930245477093876,9.456164822050765,True,False,True,vlp_only,93,3.5,9.5,0.9999999999010001,median
17,s4_mixed_dynamic,2.930245477093876,9.456164822050765,True,False,True,static_fusion,93,3.5,9.5,0.5262978603294692,median
18,s4_mixed_dynamic,2.7420797060020465,9.472996628406442,True,False,True,wifi_only,97,7.5,9.5,0.3512273545476912,median
18,s4_mixed_dynamic,2.7420797060020465,9.472996628406442,True,False,True,vlp_only,93,3.5,9.5,0.9999999999010001,median
18,s4_mixed_dynamic,2.7420797060020465,9.472996628406442,True,False,True,static_fusion,93,3.5,9.5,0.5435223723184217,median
19,s4_mixed_dynamic,2.4198638446847416,9.489528341112424,True,False,True,wifi_only,96,6.5,9.5,0.4200578757215064,median
19,s4_mixed_dynamic,2.4198638446847416,9.489528341112424,True,False,True,vlp_only,92,2.5,9.5,0.9999999999010001,median
19,s4_mixed_dynamic,2.4198638446847416,9.489528341112424,True,False,True,static_fusion,92,2.5,9.5,0.5042901229724083,median
20,s4_mixed_dynamic,2.0874415206005943,9.43132427410417,False,False,True,wifi_only,96,6.5,9.5,0.4200578757215064,median
20,s4_mixed_dynamic,2.0874415206005943,9.43132427410417,False,False,True,vlp_only,92,2.5,9.5,0.9999999999010001,median
20,s4_mixed_dynamic,2.0874415206005943,9.43132427410417,False,False,True,static_fusion,92,2.5,9.5,0.5042901229724083,median
21,s4_mixed_dynamic,1.6827551012106006,9.608276410412028,False,False,True,wifi_only,92,2.5,9.5,0.24824947858908808,median
21,s4_mixed_dynamic,1.6827551012106006,9.608276410412028,False,False,True,vlp_only,92,2.5,9.5,0.9999987862587131,median
21,s4_mixed_dynamic,1.6827551012106006,9.608276410412028,False,False,True,static_fusion,92,2.5,9.5,0.6241241324239006,median
22,s4_mixed_dynamic,1.5666621834216723,9.721824928735591,False,False,True,wifi_only,92,2.5,9.5,0.2574808598579979,median
22,s4_mixed_dynamic,1.5666621834216723,9.721824928735591,False,False,True,vlp_only,92,2.5,9.5,0.9919873664853978,median
22,s4_mixed_dynamic,1.5666621834216723,9.721824928735591,False,False,True,static_fusion,92,2.5,9.5,0.6247341131716978,median
23,s4_mixed_dynamic,1.8135872918506848,9.442076930062784,False,False,True,wifi_only,91,1.5,9.5,0.176047491116649,median
23,s4_mixed_dynamic,1.8135872918506848,9.442076930062784,False,False,True,vlp_only,91,1.5,9.5,0.9992282315888645,median
23,s4_mixed_dynamic,1.8135872918506848,9.442076930062784,False,False,True,static_fusion,91,1.5,9.5,0.5876378613527566,median
24,s4_mixed_dynamic,1.9797748224675469,9.171124941492176,False,False,True,wifi_only,91,1.5,9.5,0.19257981552797473,median
24,s4_mixed_dynamic,1.9797748224675469,9.171124941492176,False,False,True,vlp_only,91,1.5,9.5,0.9992282315888645,median
24,s4_mixed_dynamic,1.9797748224675469,9.171124941492176,False,False,True,static_fusion,91,1.5,9.5,0.5959040235584194,median
25,s4_mixed_dynamic,2.0026978386863656,9.060785581306895,False,True,True,wifi_only,91,1.5,9.5,0.17434874864747488,median
25,s4_mixed_dynamic,2.0026978386863656,9.060785581306895,False,True,True,vlp_only,91,1.5,9.5,0.9994594669405343,median
25,s4_mixed_dynamic,2.0026978386863656,9.060785581306895,False,True,True,static_fusion,91,1.5,9.5,0.5869041077940045,median
26,s4_mixed_dynamic,2.0409538218277232,8.768038731768266,False,True,True,wifi_only,81,1.5,8.5,0.13349935811260488,median
26,s4_mixed_dynamic,2.0409538218277232,8.768038731768266,False,True,True,vlp_only,91,1.5,9.5,0.9482365995728209,median
26,s4_mixed_dynamic,2.0409538218277232,8.768038731768266,False,True,True,static_fusion,91,1.5,9.5,0.5335883003895153,median
27,s4_mixed_dynamic,1.943647595119588,8.39052055732134,False,True,True,wifi_only,82,2.5,8.5,0.15167645215219083,median
27,s4_mixed_dynamic,1.943647595119588,8.39052055732134,False,True,True,vlp_only,91,1.5,9.5,0.94823659957282,median
27,s4_mixed_dynamic,1.943647595119588,8.39052055732134,False,True,True,static_fusion,91,1.5,9.5,0.5087928849719938,median
28,s4_mixed_dynamic,1.822933837050688,7.938503894157455,False,True,True,wifi_only,82,2.5,8.5,0.1181748096496517,median
28,s4_mixed_dynamic,1.822933837050688,7.938503894157455,False,True,True,vlp_only,81,1.5,8.5,0.9999999998879031,median
28,s4_mixed_dynamic,1.822933837050688,7.938503894157455,False,True,True,static_fusion,81,1.5,8.5,0.5268395845199867,median
29,s4_mixed_dynamic,1.5143958915018594,7.638191012939957,False,True,True,wifi_only,72,2.5,7.5,0.14147546519479456,median
29,s4_mixed_dynamic,1.5143958915018594,7.638191012939957,False,True,True,vlp_only,81,1.5,8.5,0.9999999999010001,median
29,s4_mixed_dynamic,1.5143958915018594,7.638191012939957,False,True,True,static_fusion,81,1.5,8.5,0.5318714305169406,median
30,s4_mixed_dynamic,1.3675026549702816,7.582213936330399,False,True,True,wifi_only,72,2.5,7.5,0.14365950988608955,median
30,s4_mixed_dynamic,1.3675026549702816,7.582213936330399,False,True,True,vlp_only,81,1.5,8.5,0.9999999999010001,median
30,s4_mixed_dynamic,1.3675026549702816,7.582213936330399,False,True,True,static_fusion,81,1.5,8.5,0.5447269574740989,median
31,s4_mixed_dynamic,1.2429294919367564,7.522606951356906,False,True,True,wifi_only,62,2.5,6.5,0.15987451880677883,median
31,s4_mixed_dynamic,1.2429294919367564,7.522606951356906,False,True,True,vlp_only,71,1.5,7.5,0.9977835382306964,median
31,s4_mixed_dynamic,1.2429294919367564,7.522606951356906,False,True,True,static_fusion,71,1.5,7.5,0.5366304425700116,median
32,s4_mixed_dynamic,1.1706414409291317,7.446686809586819,False,True,True,wifi_only,62,2.5,6.5,0.16756664837457333,median
32,s4_mixed_dynamic,1.1706414409291317,7.446686809586819,False,True,True,vlp_only,71,1.5,7.5,0.9999999671506153,median
32,s4_mixed_dynamic,1.1706414409291317,7.446686809586819,False,True,True,static_fusion,71,1.5,7.5,0.544406903266036,median
33,s4_mixed_dynamic,1.0225794063669398,7.298034493574606,False,True,True,wifi_only,62,2.5,6.5,0.16335777891045805,median
33,s4_mixed_dynamic,1.0225794063669398,7.298034493574606,False,True,True,vlp_only,71,1.5,7.5,0.999999992246319,median
33,s4_mixed_dynamic,1.0225794063669398,7.298034493574606,False,True,True,static_fusion,71,1.5,7.5,0.5617522316672411,median
34,s4_mixed_dynamic,0.8405580282052503,7.1660136409604815,False,True,True,wifi_only,60,0.5,6.5,0.15799770828664952,median
34,s4_mixed_dynamic,0.8405580282052503,7.1660136409604815,False,True,True,vlp_only,71,1.5,7.5,0.9999999985096967,median
34,s4_mixed_dynamic,0.8405580282052503,7.1660136409604815,False,True,True,static_fusion,71,1.5,7.5,0.5370352977247419,median
35,s4_mixed_dynamic,0.7992402328627707,7.065719351919998,False,True,True,wifi_only,60,0.5,6.5,0.17286780043290928,median
35,s4_mixed_dynamic,0.7992402328627707,7.065719351919998,False,True,True,vlp_only,70,0.5,7.5,0.9999999999010001,median
35,s4_mixed_dynamic,0.7992402328627707,7.065719351919998,False,True,True,static_fusion,70,0.5,7.5,0.5700638254162639,median
36,s4_mixed_dynamic,0.7671095331979448,6.6194549412444434,False,True,True,wifi_only,60,0.5,6.5,0.16752526747419055,median
36,s4_mixed_dynamic,0.7671095331979448,6.6194549412444434,False,True,True,vlp_only,70,0.5,7.5,0.9999999999010001,median
36,s4_mixed_dynamic,0.7671095331979448,6.6194549412444434,False,True,True,static_fusion,70,0.5,7.5,0.577484788936268,median
37,s4_mixed_dynamic,0.7867269935815102,6.50813786445098,False,True,True,wifi_only,60,0.5,6.5,0.17270650464394602,median
37,s4_mixed_dynamic,0.7867269935815102,6.50813786445098,False,True,True,vlp_only,70,0.5,7.5,0.9999999999010001,median
37,s4_mixed_dynamic,0.7867269935815102,6.50813786445098,False,True,True,static_fusion,70,0.5,7.5,0.5784152532984079,median
38,s4_mixed_dynamic,0.9039958580667962,6.339426406945286,False,True,True,wifi_only,60,0.5,6.5,0.1613397439522454,median
38,s4_mixed_dynamic,0.9039958580667962,6.339426406945286,False,True,True,vlp_only,60,0.5,6.5,0.9999999999010002,median
38,s4_mixed_dynamic,0.9039958580667962,6.339426406945286,False,True,True,static_fusion,60,0.5,6.5,0.5806698719266228,median
39,s4_mixed_dynamic,0.9979740023158236,6.187541249202924,False,True,True,wifi_only,60,0.5,6.5,0.1575152455456756,median
39,s4_mixed_dynamic,0.9979740023158236,6.187541249202924,False,True,True,vlp_only,60,0.5,6.5,0.9999999999010002,median
39,s4_mixed_dynamic,0.9979740023158236,6.187541249202924,False,True,True,static_fusion,60,0.5,6.5,0.5787576227233379,median
40,s4_mixed_dynamic,1.28488954092244,5.782257454541684,False,True,True,wifi_only,51,1.5,5.5,0.16811576071680479,median
40,s4_mixed_dynamic,1.28488954092244,5.782257454541684,False,True,True,vlp_only,60,0.5,6.5,0.9999999999010002,median
40,s4_mixed_dynamic,1.28488954092244,5.782257454541684,False,True,True,static_fusion,60,0.5,6.5,0.564289911012864,median
41,s4_mixed_dynamic,1.513102962684955,5.518180410148621,False,True,True,wifi_only,51,1.5,5.5,0.15421983237167045,median
41,s4_mixed_dynamic,1.513102962684955,5.518180410148621,False,True,True,vlp_only,60,0.5,6.5,0.9999999999010002,median
41,s4_mixed_dynamic,1.513102962684955,5.518180410148621,False,True,True,static_fusion,60,0.5,6.5,0.5602851228358193,median
42,s4_mixed_dynamic,1.6106044791645622,5.19830615307079,False,False,True,wifi_only,51,1.5,5.5,0.17795727764944722,median
42,s4_mixed_dynamic,1.6106044791645622,5.19830615307079,False,False,True,vlp_only,60,0.5,6.5,0.9999999999010002,median
42,s4_mixed_dynamic,1.6106044791645622,5.19830615307079,False,False,True,static_fusion,60,0.5,6.5,0.5507948870804721,median
43,s4_mixed_dynamic,1.8972643262832607,4.975906927269721,False,False,True,wifi_only,50,0.5,5.5,0.21730621757213087,median
43,s4_mixed_dynamic,1.8972643262832607,4.975906927269721,False,False,True,vlp_only,51,1.5,5.5,0.9999999997506468,median
43,s4_mixed_dynamic,1.8972643262832607,4.975906927269721,False,False,True,static_fusion,51,1.5,5.5,0.5859241951848965,median
44,s4_mixed_dynamic,2.229332660696988,4.76372737768957,False,False,True,wifi_only,52,2.5,5.5,0.16021777481509414,median
44,s4_mixed_dynamic,2.229332660696988,4.76372737768957,False,False,True,vlp_only,51,1.5,5.5,0.9999999827743827,median
44,s4_mixed_dynamic,2.229332660696988,4.76372737768957,False,False,True,static_fusion,51,1.5,5.5,0.5665753491862694,median
45,s4_mixed_dynamic,2.6145006895276834,4.592072450426468,True,False,True,wifi_only,43,3.5,4.5,0.17341405315161423,median
45,s4_mixed_dynamic,2.6145006895276834,4.592072450426468,True,False,True,vlp_only,51,1.5,5.5,0.9687443744607576,median
45,s4_mixed_dynamic,2.6145006895276834,4.592072450426468,True,False,True,static_fusion,51,1.5,5.5,0.49816676755959927,median
46,s4_mixed_dynamic,2.661129424294631,4.466616768697175,True,False,True,wifi_only,43,3.5,4.5,0.20406428128954135,median
46,s4_mixed_dynamic,2.661129424294631,4.466616768697175,True,False,True,vlp_only,42,2.5,4.5,0.6422840192719843,median
46,s4_mixed_dynamic,2.661129424294631,4.466616768697175,True,False,True,static_fusion,42,2.5,4.5,0.3917175759724805,median
47,s4_mixed_dynamic,2.6450300380382434,4.183588162907463,True,False,True,wifi_only,43,3.5,4.5,0.18107709496616942,median
47,s4_mixed_dynamic,2.6450300380382434,4.183588162907463,True,False,True,vlp_only,42,2.5,4.5,0.9999999667371777,median
47,s4_mixed_dynamic,2.6450300380382434,4.183588162907463,True,False,True,static_fusion,42,2.5,4.5,0.5844493880982047,median
48,s4_mixed_dynamic,2.633014421787828,3.6860116411580814,True,False,True,wifi_only,32,2.5,3.5,0.2958922992276484,median
48,s4_mixed_dynamic,2.633014421787828,3.6860116411580814,True,False,True,vlp_only,42,2.5,4.5,0.9999999981576675,median
48,s4_mixed_dynamic,2.633014421787828,3.6860116411580814,True,False,True,static_fusion,42,2.5,4.5,0.5546564124460605,median
49,s4_mixed_dynamic,2.7923313692644163,3.3743378598159564,True,False,True,wifi_only,22,2.5,2.5,0.3581849292171752,median
49,s4_mixed_dynamic,2.7923313692644163,3.3743378598159564,True,False,True,vlp_only,42,2.5,4.5,0.999999999864853,median
49,s4_mixed_dynamic,2.7923313692644163,3.3743378598159564,True,False,True,static_fusion,42,2.5,4.5,0.5078510257623473,median
50,s4_mixed_dynamic,2.983612121628606,3.11916257556942,True,False,True,wifi_only,22,2.5,2.5,0.357222574594284,median
50,s4_mixed_dynamic,2.983612121628606,3.11916257556942,True,False,True,vlp_only,32,2.5,3.5,0.9999999999010002,median
50,s4_mixed_dynamic,2.983612121628606,3.11916257556942,True,False,True,static_fusion,32,2.5,3.5,0.5353554050497064,median
51,s4_mixed_dynamic,3.351818132537528,2.843855854625126,True,False,True,wifi_only,22,2.5,2.5,0.32655246270652766,median
51,s4_mixed_dynamic,3.351818132537528,2.843855854625126,True,False,True,vlp_only,32,2.5,3.5,0.9999999999010002,median
51,s4_mixed_dynamic,3.351818132537528,2.843855854625126,True,False,True,static_fusion,32,2.5,3.5,0.571034167736972,median
52,s4_mixed_dynamic,3.56862361427012,2.697604331930428,True,False,True,wifi_only,12,2.5,1.5,0.33618599572165,median
52,s4_mixed_dynamic,3.56862361427012,2.697604331930428,True,False,True,vlp_only,32,2.5,3.5,0.8033848926583793,median
52,s4_mixed_dynamic,3.56862361427012,2.697604331930428,True,False,True,static_fusion,32,2.5,3.5,0.40705972105060256,median
53,s4_mixed_dynamic,3.943888445431222,2.4514296926551147,True,False,True,wifi_only,13,3.5,1.5,0.24015159146142667,median
53,s4_mixed_dynamic,3.943888445431222,2.4514296926551147,True,False,True,vlp_only,23,3.5,2.5,0.9999999999010003,median
53,s4_mixed_dynamic,3.943888445431222,2.4514296926551147,True,False,True,static_fusion,23,3.5,2.5,0.5338192527137962,median
54,s4_mixed_dynamic,4.260369316238271,2.2082022988398595,True,False,True,wifi_only,13,3.5,1.5,0.3014367689409473,median
54,s4_mixed_dynamic,4.260369316238271,2.2082022988398595,True,False,True,vlp_only,23,3.5,2.5,0.9999999999010003,median
54,s4_mixed_dynamic,4.260369316238271,2.2082022988398595,True,False,True,static_fusion,23,3.5,2.5,0.5482127055771142,median
55,s4_mixed_dynamic,4.627569160973635,2.060114150367901,True,False,True,wifi_only,13,3.5,1.5,0.28386206098646843,median
55,s4_mixed_dynamic,4.627569160973635,2.060114150367901,True,False,True,vlp_only,3,3.5,0.5,0.9999999999010003,median
55,s4_mixed_dynamic,4.627569160973635,2.060114150367901,True,False,True,static_fusion,3,3.5,0.5,0.5726465642789723,median
56,s4_mixed_dynamic,4.961867043427717,1.830848239374332,True,False,True,wifi_only,4,4.5,0.5,0.2175978450389627,median
56,s4_mixed_dynamic,4.961867043427717,1.830848239374332,True,False,True,vlp_only,24,4.5,2.5,0.995555424081649,median
56,s4_mixed_dynamic,4.961867043427717,1.830848239374332,True,False,True,static_fusion,24,4.5,2.5,0.5542948149501387,median
57,s4_mixed_dynamic,5.0679788704002044,1.7195475994342533,True,False,True,wifi_only,25,5.5,2.5,0.16565262571468564,median
57,s4_mixed_dynamic,5.0679788704002044,1.7195475994342533,True,False,True,vlp_only,14,4.5,1.5,0.9991127996109602,median
57,s4_mixed_dynamic,5.0679788704002044,1.7195475994342533,True,False,True,static_fusion,14,4.5,1.5,0.5086796109608328,median
58,s4_mixed_dynamic,5.335240810429285,1.571560122687008,False,False,True,wifi_only,25,5.5,2.5,0.16565262571468564,median
58,s4_mixed_dynamic,5.335240810429285,1.571560122687008,False,False,True,vlp_only,4,4.5,0.5,0.9999999997897472,median
58,s4_mixed_dynamic,5.335240810429285,1.571560122687008,False,False,True,static_fusion,4,4.5,0.5,0.5047788893388678,median
59,s4_mixed_dynamic,5.651780389210071,1.3727606103935992,False,False,True,wifi_only,25,5.5,2.5,0.14833992154637463,median
59,s4_mixed_dynamic,5.651780389210071,1.3727606103935992,False,False,True,vlp_only,15,5.5,1.5,0.935548365907518,median
59,s4_mixed_dynamic,5.651780389210071,1.3727606103935992,False,False,True,static_fusion,15,5.5,1.5,0.5209691230185112,median
60,s4_mixed_dynamic,5.898763386562306,1.2621017401554997,False,False,True,wifi_only,5,5.5,0.5,0.25978827437390295,median
60,s4_mixed_dynamic,5.898763386562306,1.2621017401554997,False,False,True,vlp_only,15,5.5,1.5,0.9999999999009045,median
60,s4_mixed_dynamic,5.898763386562306,1.2621017401554997,False,False,True,static_fusion,15,5.5,1.5,0.6132471690248613,median
61,s4_mixed_dynamic,6.355551046384767,1.4203122314749552,False,False,True,wifi_only,5,5.5,0.5,0.23987360502679733,median
61,s4_mixed_dynamic,6.355551046384767,1.4203122314749552,False,False,True,vlp_only,15,5.5,1.5,0.9999999999010003,median
61,s4_mixed_dynamic,6.355551046384767,1.4203122314749552,False,False,True,static_fusion,15,5.5,1.5,0.614086854097814,median
62,s4_mixed_dynamic,6.594147927702143,1.4206009795225187,False,False,True,wifi_only,5,5.5,0.5,0.19408950366566247,median
62,s4_mixed_dynamic,6.594147927702143,1.4206009795225187,False,False,True,vlp_only,6,6.5,0.5,0.9999999999010003,median
62,s4_mixed_dynamic,6.594147927702143,1.4206009795225187,False,False,True,static_fusion,6,6.5,0.5,0.5917729180449429,median
63,s4_mixed_dynamic,6.702875767945526,1.3948214383894544,False,False,True,wifi_only,5,5.5,0.5,0.2125525155670167,median
63,s4_mixed_dynamic,6.702875767945526,1.3948214383894544,False,False,True,vlp_only,16,6.5,1.5,0.9999999999010003,median
63,s4_mixed_dynamic,6.702875767945526,1.3948214383894544,False,False,True,static_fusion,16,6.5,1.5,0.588754096839111,median
64,s4_mixed_dynamic,6.87517464550481,1.1902703370600811,False,False,True,wifi_only,6,6.5,0.5,0.32059656798832087,median
64,s4_mixed_dynamic,6.87517464550481,1.1902703370600811,False,False,True,vlp_only,16,6.5,1.5,0.9999999999010003,median
64,s4_mixed_dynamic,6.87517464550481,1.1902703370600811,False,False,True,static_fusion,16,6.5,1.5,0.6263571913085982,median
65,s4_mixed_dynamic,6.892272294025562,1.0122251452148698,False,True,True,wifi_only,6,6.5,0.5,0.3309313384506849,median
65,s4_mixed_dynamic,6.892272294025562,1.0122251452148698,False,True,True,vlp_only,16,6.5,1.5,0.9999999999010003,median
65,s4_mixed_dynamic,6.892272294025562,1.0122251452148698,False,True,True,static_fusion,16,6.5,1.5,0.6304304494134777,median
66,s4_mixed_dynamic,7.000483248939226,0.9177176630235528,False,True,True,wifi_only,6,6.5,0.5,0.3448361020756177,median
66,s4_mixed_dynamic,7.000483248939226,0.9177176630235528,False,True,True,vlp_only,16,6.5,1.5,0.9999999998525698,median
66,s4_mixed_dynamic,7.000483248939226,0.9177176630235528,False,True,True,static_fusion,16,6.5,1.5,0.6359107540886214,median
67,s4_mixed_dynamic,7.169623623221895,0.7738996044632837,False,True,True,wifi_only,6,6.5,0.5,0.2975387366115311,median
67,s4_mixed_dynamic,7.169623623221895,0.7738996044632837,False,True,True,vlp_only,7,7.5,0.5,0.9999999987695295,median
67,s4_mixed_dynamic,7.169623623221895,0.7738996044632837,False,True,True,static_fusion,7,7.5,0.5,0.6085103556833177,median
68,s4_mixed_dynamic,7.492034971191752,0.4271040557051936,False,True,True,wifi_only,7,7.5,0.5,0.26746143174060527,median
68,s4_mixed_dynamic,7.492034971191752,0.4271040557051936,False,True,True,vlp_only,7,7.5,0.5,0.9999999998763025,median
68,s4_mixed_dynamic,7.492034971191752,0.4271040557051936,False,True,True,static_fusion,7,7.5,0.5,0.6337307158084539,median
69,s4_mixed_dynamic,7.463813289098351,0.1481351742215659,False,True,True,wifi_only,7,7.5,0.5,0.26276131086180576,median
69,s4_mixed_dynamic,7.463813289098351,0.1481351742215659,False,True,True,vlp_only,9,9.5,0.5,0.9999999999010003,median
69,s4_mixed_dynamic,7.463813289098351,0.1481351742215659,False,True,True,static_fusion,9,9.5,0.5,0.5000031493576303,median
70,s4_mixed_dynamic,7.384046542733699,0.3965845375848609,False,True,True,wifi_only,7,7.5,0.5,0.238162625012757,median
70,s4_mixed_dynamic,7.384046542733699,0.3965845375848609,False,True,True,vlp_only,9,9.5,0.5,0.9999999999010003,median
70,s4_mixed_dynamic,7.384046542733699,0.3965845375848609,False,True,True,static_fusion,9,9.5,0.5,0.5000014381560485,median
71,s4_mixed_dynamic,7.274941349103505,0.5328406187982155,False,True,True,wifi_only,7,7.5,0.5,0.356604717539192,median
71,s4_mixed_dynamic,7.274941349103505,0.5328406187982155,False,True,True,vlp_only,7,7.5,0.5,0.9999995243369493,median
71,s4_mixed_dynamic,7.274941349103505,0.5328406187982155,False,True,True,static_fusion,7,7.5,0.5,0.6783021209380705,median
72,s4_mixed_dynamic,7.242898641642358,0.6319581293500205,False,True,True,wifi_only,7,7.5,0.5,0.3578586091381688,median
72,s4_mixed_dynamic,7.242898641642358,0.6319581293500205,False,True,True,vlp_only,7,7.5,0.5,0.9999995243369493,median
72,s4_mixed_dynamic,7.242898641642358,0.6319581293500205,False,True,True,static_fusion,7,7.5,0.5,0.6789290667375588,median
73,s4_mixed_dynamic,6.897766036852761,0.9865854746261178,False,True,True,wifi_only,7,7.5,0.5,0.2979613125756634,median
73,s4_mixed_dynamic,6.897766036852761,0.9865854746261178,False,True,True,vlp_only,7,7.5,0.5,0.9999999999010003,median
73,s4_mixed_dynamic,6.897766036852761,0.9865854746261178,False,True,True,static_fusion,7,7.5,0.5,0.6489806562383318,median
74,s4_mixed_dynamic,6.819062780162876,1.076859414311629,False,True,True,wifi_only,7,7.5,0.5,0.29147886371622833,median
74,s4_mixed_dynamic,6.819062780162876,1.076859414311629,False,True,True,vlp_only,7,7.5,0.5,0.9999999999010003,median
74,s4_mixed_dynamic,6.819062780162876,1.076859414311629,False,True,True,static_fusion,7,7.5,0.5,0.6457394318086143,median
75,s4_mixed_dynamic,6.720234602821568,1.267398302606882,False,True,True,wifi_only,6,6.5,0.5,0.21312627392164682,median
75,s4_mixed_dynamic,6.720234602821568,1.267398302606882,False,True,True,vlp_only,7,7.5,0.5,0.9999999825479824,median
75,s4_mixed_dynamic,6.720234602821568,1.267398302606882,False,True,True,static_fusion,7,7.5,0.5,0.5719090861215063,median
76,s4_mixed_dynamic,6.503783427177126,1.570279682105651,False,True,True,wifi_only,27,7.5,2.5,0.23934148953144038,median
76,s4_mixed_dynamic,6.503783427177126,1.570279682105651,False,True,True,vlp_only,7,7.5,0.5,0.9997541217151206,median
76,s4_mixed_dynamic,6.503783427177126,1.570279682105651,False,True,True,static_fusion,7,7.5,0.5,0.5406389167379732,median
77,s4_mixed_dynamic,6.358465325036558,1.791120746986019,False,True,True,wifi_only,27,7.5,2.5,0.23012046546912668,median
77,s4_mixed_dynamic,6.358465325036558,1.791120746986019,False,True,True,vlp_only,7,7.5,0.5,0.9999999999010003,median
77,s4_mixed_dynamic,6.358465325036558,1.791120746986019,False,True,True,static_fusion,7,7.5,0.5,0.5293587431647094,median
78,s4_mixed_dynamic,6.122791880845917,1.8813582130943367,False,True,True,wifi_only,16,6.5,1.5,0.20181638963957,median
78,s4_mixed_dynamic,6.122791880845917,1.8813582130943367,False,True,True,vlp_only,7,7.5,0.5,0.9999999998864683,median
78,s4_mixed_dynamic,6.122791880845917,1.8813582130943367,False,True,True,static_fusion,7,7.5,0.5,0.509275641845402,median
79,s4_mixed_dynamic,5.750230255978351,2.1326072148263107,False,True,True,wifi_only,26,6.5,2.5,0.2184673187936256,median
79,s4_mixed_dynamic,5.750230255978351,2.1326072148263107,False,True,True,vlp_only,6,6.5,0.5,0.9999999999010003,median
79,s4_mixed_dynamic,5.750230255978351,2.1326072148263107,False,True,True,static_fusion,6,6.5,0.5,0.5354548825067548,median
80,s4_mixed_dynamic,5.514678873922644,2.389062926514496,True,False,True,wifi_only,26,6.5,2.5,0.2184673187936256,median
80,s4_mixed_dynamic,5.514678873922644,2.389062926514496,True,False,True,vlp_only,6,6.5,0.5,0.9999999999010003,median
80,s4_mixed_dynamic,5.514678873922644,2.389062926514496,True,False,True,static_fusion,6,6.5,0.5,0.5354548825067548,median
81,s4_mixed_dynamic,5.508112152914603,2.4998600146256016,True,False,True,wifi_only,26,6.5,2.5,0.1805031192946747,median
81,s4_mixed_dynamic,5.508112152914603,2.4998600146256016,True,False,True,vlp_only,15,5.5,1.5,0.9999999999010003,median
81,s4_mixed_dynamic,5.508112152914603,2.4998600146256016,True,False,True,static_fusion,15,5.5,1.5,0.5700058748446913,median
82,s4_mixed_dynamic,5.600226935990087,2.6582213422588112,True,False,True,wifi_only,15,5.5,1.5,0.20053609672787082,median
82,s4_mixed_dynamic,5.600226935990087,2.6582213422588112,True,False,True,vlp_only,15,5.5,1.5,0.6053474340885359,median
82,s4_mixed_dynamic,5.600226935990087,2.6582213422588112,True,False,True,static_fusion,15,5.5,1.5,0.40294176540820337,median
83,s4_mixed_dynamic,5.738537290833164,2.759195471518816,True,False,True,wifi_only,25,5.5,2.5,0.21010236651480896,median
83,s4_mixed_dynamic,5.738537290833164,2.759195471518816,True,False,True,vlp_only,25,5.5,2.5,0.9999999996251518,median
83,s4_mixed_dynamic,5.738537290833164,2.759195471518816,True,False,True,static_fusion,25,5.5,2.5,0.6050511830699805,median
84,s4_mixed_dynamic,5.832850971363683,3.0310878411880533,True,False,True,wifi_only,15,5.5,1.5,0.2584900400834681,median
84,s4_mixed_dynamic,5.832850971363683,3.0310878411880533,True,False,True,vlp_only,25,5.5,2.5,0.9999999999010002,median
84,s4_mixed_dynamic,5.832850971363683,3.0310878411880533,True,False,True,static_fusion,25,5.5,2.5,0.5762556888811243,median
85,s4_mixed_dynamic,5.898467311753344,3.228508652056043,True,False,True,wifi_only,15,5.5,1.5,0.20053609672787082,median
85,s4_mixed_dynamic,5.898467311753344,3.228508652056043,True,False,True,vlp_only,25,5.5,2.5,0.9999999999010002,median
85,s4_mixed_dynamic,5.898467311753344,3.228508652056043,True,False,True,static_fusion,25,5.5,2.5,0.5971072788064127,median
86,s4_mixed_dynamic,5.888626732888142,3.400271085109193,True,False,True,wifi_only,14,4.5,1.5,0.2275310989926946,median
86,s4_mixed_dynamic,5.888626732888142,3.400271085109193,True,False,True,vlp_only,25,5.5,2.5,0.9999999999010002,median
86,s4_mixed_dynamic,5.888626732888142,3.400271085109193,True,False,True,static_fusion,25,5.5,2.5,0.5324963162688803,median
87,s4_mixed_dynamic,5.651159957112673,3.739006548657096,True,False,True,wifi_only,15,5.5,1.5,0.23234007648169294,median
87,s4_mixed_dynamic,5.651159957112673,3.739006548657096,True,False,True,vlp_only,25,5.5,2.5,0.9999999999010002,median
87,s4_mixed_dynamic,5.651159957112673,3.739006548657096,True,False,True,static_fusion,25,5.5,2.5,0.5709993833733278,median
88,s4_mixed_dynamic,5.511321113022474,3.8790676275290847,True,False,True,wifi_only,14,4.5,1.5,0.24649406651613995,median
88,s4_mixed_dynamic,5.511321113022474,3.8790676275290847,True,False,True,vlp_only,25,5.5,2.5,0.9999999999010002,median
88,s4_mixed_dynamic,5.511321113022474,3.8790676275290847,True,False,True,static_fusion,25,5.5,2.5,0.5182908031979704,median
89,s4_mixed_dynamic,5.43643528909089,3.953273740011248,True,False,True,wifi_only,5,5.5,0.5,0.40267754462891314,median
89,s4_mixed_dynamic,5.43643528909089,3.953273740011248,True,False,True,vlp_only,35,5.5,3.5,0.9999999999010002,median
89,s4_mixed_dynamic,5.43643528909089,3.953273740011248,True,False,True,static_fusion,35,5.5,3.5,0.5069828437742832,median
90,s4_mixed_dynamic,5.230257776887017,3.9835295593536193,True,False,True,wifi_only,14,4.5,1.5,0.1819352353795072,median
90,s4_mixed_dynamic,5.230257776887017,3.9835295593536193,True,False,True,vlp_only,35,5.5,3.5,0.9999999999010002,median
90,s4_mixed_dynamic,5.230257776887017,3.9835295593536193,True,False,True,static_fusion,35,5.5,3.5,0.5095140841714431,median
91,s4_mixed_dynamic,4.9776092930395945,4.056000817377593,True,False,True,wifi_only,25,5.5,2.5,0.17499410686565367,median
91,s4_mixed_dynamic,4.9776092930395945,4.056000817377593,True,False,True,vlp_only,35,5.5,3.5,0.9989335518515549,median
91,s4_mixed_dynamic,4.9776092930395945,4.056000817377593,True,False,True,static_fusion,35,5.5,3.5,0.5338298667442873,median
92,s4_mixed_dynamic,4.723335213676367,4.234008104614395,True,False,True,wifi_only,25,5.5,2.5,0.19458165726049442,median
92,s4_mixed_dynamic,4.723335213676367,4.234008104614395,True,False,True,vlp_only,45,5.5,4.5,0.9999999999010002,median
92,s4_mixed_dynamic,4.723335213676367,4.234008104614395,True,False,True,static_fusion,45,5.5,4.5,0.5019642811262439,median
93,s4_mixed_dynamic,4.5603601875449,4.42721654605225,True,False,True,wifi_only,25,5.5,2.5,0.19458165726049442,median
93,s4_mixed_dynamic,4.5603601875449,4.42721654605225,True,False,True,vlp_only,44,4.5,4.5,0.8352278767736294,median
93,s4_mixed_dynamic,4.5603601875449,4.42721654605225,True,False,True,static_fusion,44,4.5,4.5,0.41914628631719725,median
94,s4_mixed_dynamic,4.376758804931988,4.783397516554166,True,False,True,wifi_only,17,7.5,1.5,0.3067417246195872,median
94,s4_mixed_dynamic,4.376758804931988,4.783397516554166,True,False,True,vlp_only,44,4.5,4.5,0.9999999999010002,median
94,s4_mixed_dynamic,4.376758804931988,4.783397516554166,True,False,True,static_fusion,44,4.5,4.5,0.5000000478857278,median
95,s4_mixed_dynamic,4.278110895822162,4.873116927745965,False,False,True,wifi_only,16,6.5,1.5,0.2926018657134434,median
95,s4_mixed_dynamic,4.278110895822162,4.873116927745965,False,False,True,vlp_only,44,4.5,4.5,0.9999999999010002,median
95,s4_mixed_dynamic,4.278110895822162,4.873116927745965,False,False,True,static_fusion,44,4.5,4.5,0.5000003271420342,median
96,s4_mixed_dynamic,4.12801724847605,5.124228511615788,False,False,True,wifi_only,54,4.5,5.5,0.15577706366188251,median
96,s4_mixed_dynamic,4.12801724847605,5.124228511615788,False,False,True,vlp_only,44,4.5,4.5,0.9999999999010002,median
96,s4_mixed_dynamic,4.12801724847605,5.124228511615788,False,False,True,static_fusion,44,4.5,4.5,0.565049646083215,median
97,s4_mixed_dynamic,3.704635602450641,5.262849100858526,False,False,True,wifi_only,54,4.5,5.5,0.15577706366188251,median
97,s4_mixed_dynamic,3.704635602450641,5.262849100858526,False,False,True,vlp_only,44,4.5,4.5,0.9999999999010002,median
97,s4_mixed_dynamic,3.704635602450641,5.262849100858526,False,False,True,static_fusion,44,4.5,4.5,0.565049646083215,median
98,s4_mixed_dynamic,3.5561357581555817,5.285474381301673,False,False,True,wifi_only,54,4.5,5.5,0.15577706366188251,median
98,s4_mixed_dynamic,3.5561357581555817,5.285474381301673,False,False,True,vlp_only,54,4.5,5.5,0.9999999999010002,median
98,s4_mixed_dynamic,3.5561357581555817,5.285474381301673,False,False,True,static_fusion,54,4.5,5.5,0.5778885317814413,median
99,s4_mixed_dynamic,3.128664509288299,5.522908615866154,False,False,True,wifi_only,53,3.5,5.5,0.1635290867822813,median
99,s4_mixed_dynamic,3.128664509288299,5.522908615866154,False,False,True,vlp_only,53,3.5,5.5,0.9999999999010002,median
99,s4_mixed_dynamic,3.128664509288299,5.522908615866154,False,False,True,static_fusion,53,3.5,5.5,0.5817645433416407,median
0,s4_mixed_dynamic,6.1055626688123565,8.931678203850066,False,False,True,wifi_only,94,4.5,9.5,0.3203706480484197,ema
0,s4_mixed_dynamic,6.1055626688123565,8.931678203850066,False,False,True,vlp_only,96,6.5,9.5,0.9999999999010001,ema
0,s4_mixed_dynamic,6.1055626688123565,8.931678203850066,False,False,True,static_fusion,96,6.5,9.5,0.5034028371980053,ema
1,s4_mixed_dynamic,6.320554771122484,9.075343533082185,False,False,True,wifi_only,94,4.5,9.5,0.1682547946597364,ema
1,s4_mixed_dynamic,6.320554771122484,9.075343533082185,False,False,True,vlp_only,96,6.5,9.5,0.9999999999010001,ema
1,s4_mixed_dynamic,6.320554771122484,9.075343533082185,False,False,True,static_fusion,96,6.5,9.5,0.5314656367602271,ema
2,s4_mixed_dynamic,6.58026211240472,9.446929430621816,False,False,True,wifi_only,83,3.5,8.5,0.18009453297192338,ema
2,s4_mixed_dynamic,6.58026211240472,9.446929430621816,False,False,True,vlp_only,96,6.5,9.5,0.9999999999010001,ema
2,s4_mixed_dynamic,6.58026211240472,9.446929430621816,False,False,True,static_fusion,96,6.5,9.5,0.5831470680003776,ema
3,s4_mixed_dynamic,6.690486996140005,9.773722821152626,False,False,True,wifi_only,96,6.5,9.5,0.2117904612317253,ema
3,s4_mixed_dynamic,6.690486996140005,9.773722821152626,False,False,True,vlp_only,96,6.5,9.5,0.9999999999010001,ema
3,s4_mixed_dynamic,6.690486996140005,9.773722821152626,False,False,True,static_fusion,96,6.5,9.5,0.6058952305663627,ema
4,s4_mixed_dynamic,6.648930003357536,9.453988556211296,False,False,True,wifi_only,83,3.5,8.5,0.18552675711210773,ema
4,s4_mixed_dynamic,6.648930003357536,9.453988556211296,False,False,True,vlp_only,96,6.5,9.5,0.9999999999010001,ema
4,s4_mixed_dynamic,6.648930003357536,9.453988556211296,False,False,True,static_fusion,96,6.5,9.5,0.5587105483543615,ema
5,s4_mixed_dynamic,6.503414861243288,9.34880509424309,False,False,True,wifi_only,93,3.5,9.5,0.1890958274853224,ema
5,s4_mixed_dynamic,6.503414861243288,9.34880509424309,False,False,True,vlp_only,96,6.5,9.5,0.9999999999010001,ema
5,s4_mixed_dynamic,6.503414861243288,9.34880509424309,False,False,True,static_fusion,96,6.5,9.5,0.5713590094223587,ema
6,s4_mixed_dynamic,6.309679632446698,9.224501326679391,False,False,True,wifi_only,96,6.5,9.5,0.3060235766344988,ema
6,s4_mixed_dynamic,6.309679632446698,9.224501326679391,False,False,True,vlp_only,96,6.5,9.5,0.9999999999010001,ema
6,s4_mixed_dynamic,6.309679632446698,9.224501326679391,False,False,True,static_fusion,96,6.5,9.5,0.6530117882677494,ema
7,s4_mixed_dynamic,6.06460409098813,9.084291660062746,False,False,True,wifi_only,96,6.5,9.5,0.20528749791603318,ema
7,s4_mixed_dynamic,6.06460409098813,9.084291660062746,False,False,True,vlp_only,96,6.5,9.5,0.9999999999010001,ema
7,s4_mixed_dynamic,6.06460409098813,9.084291660062746,False,False,True,static_fusion,96,6.5,9.5,0.6026437489085166,ema
8,s4_mixed_dynamic,5.726062604387588,9.046898224684307,False,False,True,wifi_only,96,6.5,9.5,0.1954522741098227,ema
8,s4_mixed_dynamic,5.726062604387588,9.046898224684307,False,False,True,vlp_only,96,6.5,9.5,0.9999999999010001,ema
8,s4_mixed_dynamic,5.726062604387588,9.046898224684307,False,False,True,static_fusion,96,6.5,9.5,0.5977261370054113,ema
9,s4_mixed_dynamic,5.334545965818324,9.091415993613808,False,False,True,wifi_only,95,5.5,9.5,0.33255953452148457,ema
9,s4_mixed_dynamic,5.334545965818324,9.091415993613808,False,False,True,vlp_only,85,5.5,8.5,0.9999999999010001,ema
9,s4_mixed_dynamic,5.334545965818324,9.091415993613808,False,False,True,static_fusion,85,5.5,8.5,0.6132361772658455,ema
10,s4_mixed_dynamic,4.945823765007514,9.252578001847564,True,False,True,wifi_only,95,5.5,9.5,0.3941743310433397,ema
10,s4_mixed_dynamic,4.945823765007514,9.252578001847564,True,False,True,vlp_only,85,5.5,8.5,0.9999883691672647,ema
10,s4_mixed_dynamic,4.945823765007514,9.252578001847564,True,False,True,static_fusion,85,5.5,8.5,0.6272192415035669,ema
11,s4_mixed_dynamic,4.721675127324938,9.340170350002357,True,False,True,wifi_only,95,5.5,9.5,0.4405375175608198,ema
11,s4_mixed_dynamic,4.721675127324938,9.340170350002357,True,False,True,vlp_only,95,5.5,9.5,0.9999999999010001,ema
11,s4_mixed_dynamic,4.721675127324938,9.340170350002357,True,False,True,static_fusion,95,5.5,9.5,0.7202687587309099,ema
12,s4_mixed_dynamic,4.340963373281298,9.42272693147179,True,False,True,wifi_only,85,5.5,8.5,0.32811867588847426,ema
12,s4_mixed_dynamic,4.340963373281298,9.42272693147179,True,False,True,vlp_only,94,4.5,9.5,0.9999999999010001,ema
12,s4_mixed_dynamic,4.340963373281298,9.42272693147179,True,False,True,static_fusion,94,4.5,9.5,0.5944346117751502,ema
13,s4_mixed_dynamic,4.095436566930193,9.473710426329454,True,False,True,wifi_only,95,5.5,9.5,0.3325737739123152,ema
13,s4_mixed_dynamic,4.095436566930193,9.473710426329454,True,False,True,vlp_only,94,4.5,9.5,0.9999999999010001,ema
13,s4_mixed_dynamic,4.095436566930193,9.473710426329454,True,False,True,static_fusion,94,4.5,9.5,0.6415503319176553,ema
14,s4_mixed_dynamic,3.863209848904428,9.531730849012984,True,False,True,wifi_only,96,6.5,9.5,0.4483941509280145,ema
14,s4_mixed_dynamic,3.863209848904428,9.531730849012984,True,False,True,vlp_only,94,4.5,9.5,0.9999999963410419,ema
14,s4_mixed_dynamic,3.863209848904428,9.531730849012984,True,False,True,static_fusion,94,4.5,9.5,0.50412200029235,ema
15,s4_mixed_dynamic,3.520682956293645,9.491058893166894,True,False,True,wifi_only,75,5.5,7.5,0.24143766702970096,ema
15,s4_mixed_dynamic,3.520682956293645,9.491058893166894,True,False,True,vlp_only,84,4.5,8.5,0.9999999999010001,ema
15,s4_mixed_dynamic,3.520682956293645,9.491058893166894,True,False,True,static_fusion,84,4.5,8.5,0.5000258345648853,ema
16,s4_mixed_dynamic,3.165382501834026,9.461587695941777,True,False,True,wifi_only,96,6.5,9.5,0.2548420939947223,ema
16,s4_mixed_dynamic,3.165382501834026,9.461587695941777,True,False,True,vlp_only,93,3.5,9.5,0.9999999999010001,ema
16,s4_mixed_dynamic,3.165382501834026,9.461587695941777,True,False,True,static_fusion,93,3.5,9.5,0.561119504207505,ema
17,s4_mixed_dynamic,2.930245477093876,9.456164822050765,True,False,True,wifi_only,93,3.5,9.5,0.33629705409318167,ema
17,s4_mixed_dynamic,2.930245477093876,9.456164822050765,True,False,True,vlp_only,93,3.5,9.5,0.9999999999010001,ema
17,s4_mixed_dynamic,2.930245477093876,9.456164822050765,True,False,True,static_fusion,93,3.5,9.5,0.6681485269970908,ema
18,s4_mixed_dynamic,2.7420797060020465,9.472996628406442,True,False,True,wifi_only,93,3.5,9.5,0.3879286642273122,ema
18,s4_mixed_dynamic,2.7420797060020465,9.472996628406442,True,False,True,vlp_only,93,3.5,9.5,0.9999999999010001,ema
18,s4_mixed_dynamic,2.7420797060020465,9.472996628406442,True,False,True,static_fusion,93,3.5,9.5,0.6939643320641563,ema
19,s4_mixed_dynamic,2.4198638446847416,9.489528341112424,True,False,True,wifi_only,93,3.5,9.5,0.39158388816734163,ema
19,s4_mixed_dynamic,2.4198638446847416,9.489528341112424,True,False,True,vlp_only,92,2.5,9.5,0.9999999999010001,ema
19,s4_mixed_dynamic,2.4198638446847416,9.489528341112424,True,False,True,static_fusion,92,2.5,9.5,0.5079905548391909,ema
20,s4_mixed_dynamic,2.0874415206005943,9.43132427410417,False,False,True,wifi_only,93,3.5,9.5,0.25759956322250316,ema
20,s4_mixed_dynamic,2.0874415206005943,9.43132427410417,False,False,True,vlp_only,92,2.5,9.5,0.9999999999010001,ema
20,s4_mixed_dynamic,2.0874415206005943,9.43132427410417,False,False,True,static_fusion,92,2.5,9.5,0.5246384436632281,ema
21,s4_mixed_dynamic,1.6827551012106006,9.608276410412028,False,False,True,wifi_only,92,2.5,9.5,0.22611917498136141,ema
21,s4_mixed_dynamic,1.6827551012106006,9.608276410412028,False,False,True,vlp_only,92,2.5,9.5,0.9999999869728002,ema
21,s4_mixed_dynamic,1.6827551012106006,9.608276410412028,False,False,True,static_fusion,92,2.5,9.5,0.6130595809770808,ema
22,s4_mixed_dynamic,1.5666621834216723,9.721824928735591,False,False,True,wifi_only,92,2.5,9.5,0.2531836993784971,ema
22,s4_mixed_dynamic,1.5666621834216723,9.721824928735591,False,False,True,vlp_only,92,2.5,9.5,0.977422409549753,ema
22,s4_mixed_dynamic,1.5666621834216723,9.721824928735591,False,False,True,static_fusion,92,2.5,9.5,0.615303054464125,ema
23,s4_mixed_dynamic,1.8135872918506848,9.442076930062784,False,False,True,wifi_only,92,2.5,9.5,0.28398339029966635,ema
23,s4_mixed_dynamic,1.8135872918506848,9.442076930062784,False,False,True,vlp_only,92,2.5,9.5,0.5275788808867055,ema
23,s4_mixed_dynamic,1.8135872918506848,9.442076930062784,False,False,True,static_fusion,92,2.5,9.5,0.4057811355931859,ema
24,s4_mixed_dynamic,1.9797748224675469,9.171124941492176,False,False,True,wifi_only,91,1.5,9.5,0.22758211626624045,ema
24,s4_mixed_dynamic,1.9797748224675469,9.171124941492176,False,False,True,vlp_only,92,2.5,9.5,0.7588890458360916,ema
24,s4_mixed_dynamic,1.9797748224675469,9.171124941492176,False,False,True,static_fusion,92,2.5,9.5,0.44547077172758587,ema
25,s4_mixed_dynamic,2.0026978386863656,9.060785581306895,False,True,True,wifi_only,91,1.5,9.5,0.16639078395360413,ema
25,s4_mixed_dynamic,2.0026978386863656,9.060785581306895,False,True,True,vlp_only,90,0.5,9.5,0.9999999999010001,ema
25,s4_mixed_dynamic,2.0026978386863656,9.060785581306895,False,True,True,static_fusion,90,0.5,9.5,0.5166168561469353,ema
26,s4_mixed_dynamic,2.0409538218277232,8.768038731768266,False,True,True,wifi_only,82,2.5,8.5,0.1454149290218936,ema
26,s4_mixed_dynamic,2.0409538218277232,8.768038731768266,False,True,True,vlp_only,91,1.5,9.5,0.6235453093476325,ema
26,s4_mixed_dynamic,2.0409538218277232,8.768038731768266,False,True,True,static_fusion,91,1.5,9.5,0.36225634992610817,ema
27,s4_mixed_dynamic,1.943647595119588,8.39052055732134,False,True,True,wifi_only,92,2.5,9.5,0.15808883548248231,ema
27,s4_mixed_dynamic,1.943647595119588,8.39052055732134,False,True,True,vlp_only,91,1.5,9.5,0.9999999998924213,ema
27,s4_mixed_dynamic,1.943647595119588,8.39052055732134,False,True,True,static_fusion,91,1.5,9.5,0.5446660109942794,ema
28,s4_mixed_dynamic,1.822933837050688,7.938503894157455,False,True,True,wifi_only,92,2.5,9.5,0.12285873743261137,ema
28,s4_mixed_dynamic,1.822933837050688,7.938503894157455,False,True,True,vlp_only,81,1.5,8.5,0.9999999999010001,ema
28,s4_mixed_dynamic,1.822933837050688,7.938503894157455,False,True,True,static_fusion,81,1.5,8.5,0.5387529364507342,ema
29,s4_mixed_dynamic,1.5143958915018594,7.638191012939957,False,True,True,wifi_only,72,2.5,7.5,0.14752007542716375,ema
29,s4_mixed_dynamic,1.5143958915018594,7.638191012939957,False,True,True,vlp_only,91,1.5,9.5,0.9275837287781655,ema
29,s4_mixed_dynamic,1.5143958915018594,7.638191012939957,False,True,True,static_fusion,91,1.5,9.5,0.48781574639074643,ema
30,s4_mixed_dynamic,1.3675026549702816,7.582213936330399,False,True,True,wifi_only,72,2.5,7.5,0.1511762083443919,ema
30,s4_mixed_dynamic,1.3675026549702816,7.582213936330399,False,True,True,vlp_only,80,0.5,8.5,0.9999999998104784,ema
30,s4_mixed_dynamic,1.3675026549702816,7.582213936330399,False,True,True,static_fusion,80,0.5,8.5,0.5090215206359396,ema
31,s4_mixed_dynamic,1.2429294919367564,7.522606951356906,False,True,True,wifi_only,62,2.5,6.5,0.1294930587356391,ema
31,s4_mixed_dynamic,1.2429294919367564,7.522606951356906,False,True,True,vlp_only,80,0.5,8.5,0.9992216255585142,ema
31,s4_mixed_dynamic,1.2429294919367564,7.522606951356906,False,True,True,static_fusion,80,0.5,8.5,0.5040091493922293,ema
32,s4_mixed_dynamic,1.1706414409291317,7.446686809586819,False,True,True,wifi_only,62,2.5,6.5,0.15116386993083858,ema
32,s4_mixed_dynamic,1.1706414409291317,7.446686809586819,False,True,True,vlp_only,81,1.5,8.5,0.9999999999010001,ema
32,s4_mixed_dynamic,1.1706414409291317,7.446686809586819,False,True,True,static_fusion,81,1.5,8.5,0.520218917850102,ema
33,s4_mixed_dynamic,1.0225794063669398,7.298034493574606,False,True,True,wifi_only,71,1.5,7.5,0.14654339178255973,ema
33,s4_mixed_dynamic,1.0225794063669398,7.298034493574606,False,True,True,vlp_only,81,1.5,8.5,0.9999999950832678,ema
33,s4_mixed_dynamic,1.0225794063669398,7.298034493574606,False,True,True,static_fusion,81,1.5,8.5,0.5382165153339258,ema
34,s4_mixed_dynamic,0.8405580282052503,7.1660136409604815,False,True,True,wifi_only,70,0.5,7.5,0.15537766702546738,ema
34,s4_mixed_dynamic,0.8405580282052503,7.1660136409604815,False,True,True,vlp_only,70,0.5,7.5,0.9675426961560494,ema
34,s4_mixed_dynamic,0.8405580282052503,7.1660136409604815,False,True,True,static_fusion,70,0.5,7.5,0.5614601815907584,ema
35,s4_mixed_dynamic,0.7992402328627707,7.065719351919998,False,True,True,wifi_only,70,0.5,7.5,0.16550407176432497,ema
35,s4_mixed_dynamic,0.7992402328627707,7.065719351919998,False,True,True,vlp_only,70,0.5,7.5,0.9999998443229441,ema
35,s4_mixed_dynamic,0.7992402328627707,7.065719351919998,False,True,True,static_fusion,70,0.5,7.5,0.5827519580436346,ema
36,s4_mixed_dynamic,0.7671095331979448,6.6194549412444434,False,True,True,wifi_only,70,0.5,7.5,0.15692828800811354,ema
36,s4_mixed_dynamic,0.7671095331979448,6.6194549412444434,False,True,True,vlp_only,70,0.5,7.5,0.9999999999010001,ema
36,s4_mixed_dynamic,0.7671095331979448,6.6194549412444434,False,True,True,static_fusion,70,0.5,7.5,0.5784641439545568,ema
37,s4_mixed_dynamic,0.7867269935815102,6.50813786445098,False,True,True,wifi_only,60,0.5,6.5,0.21324383288784918,ema
37,s4_mixed_dynamic,0.7867269935815102,6.50813786445098,False,True,True,vlp_only,70,0.5,7.5,0.9999999999010001,ema
37,s4_mixed_dynamic,0.7867269935815102,6.50813786445098,False,True,True,static_fusion,70,0.5,7.5,0.5681459509101128,ema
38,s4_mixed_dynamic,0.9039958580667962,6.339426406945286,False,True,True,wifi_only,60,0.5,6.5,0.15841133090332649,ema
38,s4_mixed_dynamic,0.9039958580667962,6.339426406945286,False,True,True,vlp_only,70,0.5,7.5,0.9999999896995705,ema
38,s4_mixed_dynamic,0.9039958580667962,6.339426406945286,False,True,True,static_fusion,70,0.5,7.5,0.5382416600084368,ema
39,s4_mixed_dynamic,0.9979740023158236,6.187541249202924,False,True,True,wifi_only,60,0.5,6.5,0.20912161509210334,ema
39,s4_mixed_dynamic,0.9979740023158236,6.187541249202924,False,True,True,vlp_only,60,0.5,6.5,0.9999780234034917,ema
39,s4_mixed_dynamic,0.9979740023158236,6.187541249202924,False,True,True,static_fusion,60,0.5,6.5,0.6045498192477975,ema
40,s4_mixed_dynamic,1.28488954092244,5.782257454541684,False,True,True,wifi_only,60,0.5,6.5,0.1741966089955177,ema
40,s4_mixed_dynamic,1.28488954092244,5.782257454541684,False,True,True,vlp_only,90,0.5,9.5,0.9999999999010001,ema
40,s4_mixed_dynamic,1.28488954092244,5.782257454541684,False,True,True,static_fusion,90,0.5,9.5,0.5017825138312284,ema
41,s4_mixed_dynamic,1.513102962684955,5.518180410148621,False,True,True,wifi_only,60,0.5,6.5,0.1722218311450896,ema
41,s4_mixed_dynamic,1.513102962684955,5.518180410148621,False,True,True,vlp_only,60,0.5,6.5,0.9999999999010002,ema
41,s4_mixed_dynamic,1.513102962684955,5.518180410148621,False,True,True,static_fusion,60,0.5,6.5,0.586110915523045,ema
42,s4_mixed_dynamic,1.6106044791645622,5.19830615307079,False,False,True,wifi_only,51,1.5,5.5,0.16813158691959684,ema
42,s4_mixed_dynamic,1.6106044791645622,5.19830615307079,False,False,True,vlp_only,51,1.5,5.5,0.9999935614744613,ema
42,s4_mixed_dynamic,1.6106044791645622,5.19830615307079,False,False,True,static_fusion,51,1.5,5.5,0.5840625741970289,ema
43,s4_mixed_dynamic,1.8972643262832607,4.975906927269721,False,False,True,wifi_only,42,2.5,4.5,0.140440321227393,ema
43,s4_mixed_dynamic,1.8972643262832607,4.975906927269721,False,False,True,vlp_only,51,1.5,5.5,0.9999999999010002,ema
43,s4_mixed_dynamic,1.8972643262832607,4.975906927269721,False,False,True,static_fusion,51,1.5,5.5,0.5629890971837906,ema
44,s4_mixed_dynamic,2.229332660696988,4.76372737768957,False,False,True,wifi_only,52,2.5,5.5,0.1379886818568546,ema
44,s4_mixed_dynamic,2.229332660696988,4.76372737768957,False,False,True,vlp_only,51,1.5,5.5,0.9999999996311312,ema
44,s4_mixed_dynamic,2.229332660696988,4.76372737768957,False,False,True,static_fusion,51,1.5,5.5,0.564745477613482,ema
45,s4_mixed_dynamic,2.6145006895276834,4.592072450426468,True,False,True,wifi_only,43,3.5,4.5,0.19044740260242016,ema
45,s4_mixed_dynamic,2.6145006895276834,4.592072450426468,True,False,True,vlp_only,50,0.5,5.5,0.9618970140973416,ema
45,s4_mixed_dynamic,2.6145006895276834,4.592072450426468,True,False,True,static_fusion,50,0.5,5.5,0.48164118775509845,ema
46,s4_mixed_dynamic,2.661129424294631,4.466616768697175,True,False,True,wifi_only,43,3.5,4.5,0.21670848340074184,ema
46,s4_mixed_dynamic,2.661129424294631,4.466616768697175,True,False,True,vlp_only,42,2.5,4.5,0.9991602993278337,ema
46,s4_mixed_dynamic,2.661129424294631,4.466616768697175,True,False,True,static_fusion,42,2.5,4.5,0.5560881719549131,ema
47,s4_mixed_dynamic,2.6450300380382434,4.183588162907463,True,False,True,wifi_only,42,2.5,4.5,0.21754606350797262,ema
47,s4_mixed_dynamic,2.6450300380382434,4.183588162907463,True,False,True,vlp_only,42,2.5,4.5,0.9999977591622231,ema
47,s4_mixed_dynamic,2.6450300380382434,4.183588162907463,True,False,True,static_fusion,42,2.5,4.5,0.6087719113350978,ema
48,s4_mixed_dynamic,2.633014421787828,3.6860116411580814,True,False,True,wifi_only,32,2.5,3.5,0.1976850564159894,ema
48,s4_mixed_dynamic,2.633014421787828,3.6860116411580814,True,False,True,vlp_only,42,2.5,4.5,0.9999999950508998,ema
48,s4_mixed_dynamic,2.633014421787828,3.6860116411580814,True,False,True,static_fusion,42,2.5,4.5,0.5742859038137185,ema
49,s4_mixed_dynamic,2.7923313692644163,3.3743378598159564,True,False,True,wifi_only,31,1.5,3.5,0.2963575518851409,ema
49,s4_mixed_dynamic,2.7923313692644163,3.3743378598159564,True,False,True,vlp_only,33,3.5,3.5,0.9999996446239838,ema
49,s4_mixed_dynamic,2.7923313692644163,3.3743378598159564,True,False,True,static_fusion,33,3.5,3.5,0.5065084520016514,ema
50,s4_mixed_dynamic,2.983612121628606,3.11916257556942,True,False,True,wifi_only,32,2.5,3.5,0.19493590047246387,ema
50,s4_mixed_dynamic,2.983612121628606,3.11916257556942,True,False,True,vlp_only,32,2.5,3.5,0.9999999999010002,ema
50,s4_mixed_dynamic,2.983612121628606,3.11916257556942,True,False,True,static_fusion,32,2.5,3.5,0.5974679501867318,ema
51,s4_mixed_dynamic,3.351818132537528,2.843855854625126,True,False,True,wifi_only,32,2.5,3.5,0.24543297745458703,ema
51,s4_mixed_dynamic,3.351818132537528,2.843855854625126,True,False,True,vlp_only,32,2.5,3.5,0.9999999999010002,ema
51,s4_mixed_dynamic,3.351818132537528,2.843855854625126,True,False,True,static_fusion,32,2.5,3.5,0.6227164886777936,ema
52,s4_mixed_dynamic,3.56862361427012,2.697604331930428,True,False,True,wifi_only,22,2.5,2.5,0.2591461989445922,ema
52,s4_mixed_dynamic,3.56862361427012,2.697604331930428,True,False,True,vlp_only,32,2.5,3.5,0.9999998747591371,ema
52,s4_mixed_dynamic,3.56862361427012,2.697604331930428,True,False,True,static_fusion,32,2.5,3.5,0.5676055427731332,ema
53,s4_mixed_dynamic,3.943888445431222,2.4514296926551147,True,False,True,wifi_only,13,3.5,1.5,0.3135247910743517,ema
53,s4_mixed_dynamic,3.943888445431222,2.4514296926551147,True,False,True,vlp_only,23,3.5,2.5,0.9999999999010003,ema
53,s4_mixed_dynamic,3.943888445431222,2.4514296926551147,True,False,True,static_fusion,23,3.5,2.5,0.5700939171675792,ema
54,s4_mixed_dynamic,4.260369316238271,2.2082022988398595,True,False,True,wifi_only,14,4.5,1.5,0.24713776326024495,ema
54,s4_mixed_dynamic,4.260369316238271,2.2082022988398595,True,False,True,vlp_only,33,3.5,3.5,0.9999999999010002,ema
54,s4_mixed_dynamic,4.260369316238271,2.2082022988398595,True,False,True,static_fusion,33,3.5,3.5,0.5129889287243397,ema
55,s4_mixed_dynamic,4.627569160973635,2.060114150367901,True,False,True,wifi_only,24,4.5,2.5,0.22362437829417833,ema
55,s4_mixed_dynamic,4.627569160973635,2.060114150367901,True,False,True,vlp_only,3,3.5,0.5,0.5811128737293273,ema
55,s4_mixed_dynamic,4.627569160973635,2.060114150367901,True,False,True,static_fusion,3,3.5,0.5,0.2932192101877497,ema
56,s4_mixed_dynamic,4.961867043427717,1.830848239374332,True,False,True,wifi_only,15,5.5,1.5,0.18145151722008507,ema
56,s4_mixed_dynamic,4.961867043427717,1.830848239374332,True,False,True,vlp_only,24,4.5,2.5,0.9995739396009117,ema
56,s4_mixed_dynamic,4.961867043427717,1.830848239374332,True,False,True,static_fusion,24,4.5,2.5,0.551362641779832,ema
57,s4_mixed_dynamic,5.0679788704002044,1.7195475994342533,True,False,True,wifi_only,25,5.5,2.5,0.1743441445342372,ema
57,s4_mixed_dynamic,5.0679788704002044,1.7195475994342533,True,False,True,vlp_only,14,4.5,1.5,0.9993209084215241,ema
57,s4_mixed_dynamic,5.0679788704002044,1.7195475994342533,True,False,True,static_fusion,14,4.5,1.5,0.516184938470285,ema
58,s4_mixed_dynamic,5.335240810429285,1.571560122687008,False,False,True,wifi_only,25,5.5,2.5,0.19747922126698272,ema
58,s4_mixed_dynamic,5.335240810429285,1.571560122687008,False,False,True,vlp_only,14,4.5,1.5,0.9999998204727788,ema
58,s4_mixed_dynamic,5.335240810429285,1.571560122687008,False,False,True,static_fusion,14,4.5,1.5,0.5260251581446326,ema
59,s4_mixed_dynamic,5.651780389210071,1.3727606103935992,False,False,True,wifi_only,25,5.5,2.5,0.18103834440811256,ema
59,s4_mixed_dynamic,5.651780389210071,1.3727606103935992,False,False,True,vlp_only,15,5.5,1.5,0.9999999994452717,ema
59,s4_mixed_dynamic,5.651780389210071,1.3727606103935992,False,False,True,static_fusion,15,5.5,1.5,0.5753083879390332,ema
60,s4_mixed_dynamic,5.898763386562306,1.2621017401554997,False,False,True,wifi_only,5,5.5,0.5,0.23694284450959244,ema
60,s4_mixed_dynamic,5.898763386562306,1.2621017401554997,False,False,True,vlp_only,15,5.5,1.5,0.999999999496101,ema
60,s4_mixed_dynamic,5.898763386562306,1.2621017401554997,False,False,True,static_fusion,15,5.5,1.5,0.6158426799693255,ema
61,s4_mixed_dynamic,6.355551046384767,1.4203122314749552,False,False,True,wifi_only,5,5.5,0.5,0.16495652701562366,ema
61,s4_mixed_dynamic,6.355551046384767,1.4203122314749552,False,False,True,vlp_only,15,5.5,1.5,0.99999999987235,ema
61,s4_mixed_dynamic,6.355551046384767,1.4203122314749552,False,False,True,static_fusion,15,5.5,1.5,0.5798738013024511,ema
62,s4_mixed_dynamic,6.594147927702143,1.4206009795225187,False,False,True,wifi_only,16,6.5,1.5,0.2100837317002341,ema
62,s4_mixed_dynamic,6.594147927702143,1.4206009795225187,False,False,True,vlp_only,6,6.5,0.5,0.9999999999010003,ema
62,s4_mixed_dynamic,6.594147927702143,1.4206009795225187,False,False,True,static_fusion,6,6.5,0.5,0.6016781664045557,ema
63,s4_mixed_dynamic,6.702875767945526,1.3948214383894544,False,False,True,wifi_only,6,6.5,0.5,0.22279950136874238,ema
63,s4_mixed_dynamic,6.702875767945526,1.3948214383894544,False,False,True,vlp_only,16,6.5,1.5,0.9999999998973146,ema
63,s4_mixed_dynamic,6.702875767945526,1.3948214383894544,False,False,True,static_fusion,16,6.5,1.5,0.5896669836149185,ema
64,s4_mixed_dynamic,6.87517464550481,1.1902703370600811,False,False,True,wifi_only,6,6.5,0.5,0.2864676509074642,ema
64,s4_mixed_dynamic,6.87517464550481,1.1902703370600811,False,False,True,vlp_only,16,6.5,1.5,0.9999999999010003,ema
64,s4_mixed_dynamic,6.87517464550481,1.1902703370600811,False,False,True,static_fusion,16,6.5,1.5,0.614450289306905,ema
65,s4_mixed_dynamic,6.892272294025562,1.0122251452148698,False,True,True,wifi_only,6,6.5,0.5,0.3595812943865349,ema
65,s4_mixed_dynamic,6.892272294025562,1.0122251452148698,False,True,True,vlp_only,7,7.5,0.5,0.9999999999010003,ema
65,s4_mixed_dynamic,6.892272294025562,1.0122251452148698,False,True,True,static_fusion,7,7.5,0.5,0.5182219250021699,ema
66,s4_mixed_dynamic,7.000483248939226,0.9177176630235528,False,True,True,wifi_only,6,6.5,0.5,0.2605799628676556,ema
66,s4_mixed_dynamic,7.000483248939226,0.9177176630235528,False,True,True,vlp_only,9,9.5,0.5,0.9999999999010003,ema
66,s4_mixed_dynamic,7.000483248939226,0.9177176630235528,False,True,True,static_fusion,9,9.5,0.5,0.5000000051492046,ema
67,s4_mixed_dynamic,7.169623623221895,0.7738996044632837,False,True,True,wifi_only,6,6.5,0.5,0.3040524177335453,ema
67,s4_mixed_dynamic,7.169623623221895,0.7738996044632837,False,True,True,vlp_only,5,5.5,0.5,0.9999999999010003,ema
67,s4_mixed_dynamic,7.169623623221895,0.7738996044632837,False,True,True,static_fusion,5,5.5,0.5,0.507714266988698,ema
68,s4_mixed_dynamic,7.492034971191752,0.4271040557051936,False,True,True,wifi_only,7,7.5,0.5,0.2070030006444761,ema
68,s4_mixed_dynamic,7.492034971191752,0.4271040557051936,False,True,True,vlp_only,9,9.5,0.5,0.9957141507378703,ema
68,s4_mixed_dynamic,7.492034971191752,0.4271040557051936,False,True,True,static_fusion,9,9.5,0.5,0.49785732177178044,ema
69,s4_mixed_dynamic,7.463813289098351,0.1481351742215659,False,True,True,wifi_only,7,7.5,0.5,0.3310125025032222,ema
69,s4_mixed_dynamic,7.463813289098351,0.1481351742215659,False,True,True,vlp_only,9,9.5,0.5,0.9999996940815817,ema
69,s4_mixed_dynamic,7.463813289098351,0.1481351742215659,False,True,True,static_fusion,9,9.5,0.5,0.5000136114203994,ema
70,s4_mixed_dynamic,7.384046542733699,0.3965845375848609,False,True,True,wifi_only,7,7.5,0.5,0.29336862261085705,ema
70,s4_mixed_dynamic,7.384046542733699,0.3965845375848609,False,True,True,vlp_only,9,9.5,0.5,0.9999999999010003,ema
70,s4_mixed_dynamic,7.384046542733699,0.3965845375848609,False,True,True,static_fusion,9,9.5,0.5,0.5000105660200275,ema
71,s4_mixed_dynamic,7.274941349103505,0.5328406187982155,False,True,True,wifi_only,7,7.5,0.5,0.38520057723380496,ema
71,s4_mixed_dynamic,7.274941349103505,0.5328406187982155,False,True,True,vlp_only,9,9.5,0.5,0.9991907011146384,ema
71,s4_mixed_dynamic,7.274941349103505,0.5328406187982155,False,True,True,static_fusion,9,9.5,0.5,0.4996028536124074,ema
72,s4_mixed_dynamic,7.242898641642358,0.6319581293500205,False,True,True,wifi_only,7,7.5,0.5,0.44255881632973865,ema
72,s4_mixed_dynamic,7.242898641642358,0.6319581293500205,False,True,True,vlp_only,9,9.5,0.5,0.9999999999010003,ema
72,s4_mixed_dynamic,7.242898641642358,0.6319581293500205,False,True,True,static_fusion,9,9.5,0.5,0.5000199869336497,ema
73,s4_mixed_dynamic,6.897766036852761,0.9865854746261178,False,True,True,wifi_only,17,7.5,1.5,0.2585723092558329,ema
73,s4_mixed_dynamic,6.897766036852761,0.9865854746261178,False,True,True,vlp_only,6,6.5,0.5,0.9999999998939928,ema
73,s4_mixed_dynamic,6.897766036852761,0.9865854746261178,False,True,True,static_fusion,6,6.5,0.5,0.5372368960370137,ema
74,s4_mixed_dynamic,6.819062780162876,1.076859414311629,False,True,True,wifi_only,17,7.5,1.5,0.19690497282212602,ema
74,s4_mixed_dynamic,6.819062780162876,1.076859414311629,False,True,True,vlp_only,6,6.5,0.5,0.9957255275437938,ema
74,s4_mixed_dynamic,6.819062780162876,1.076859414311629,False,True,True,static_fusion,6,6.5,0.5,0.5285638507637838,ema
75,s4_mixed_dynamic,6.720234602821568,1.267398302606882,False,True,True,wifi_only,27,7.5,2.5,0.19312720035401876,ema
75,s4_mixed_dynamic,6.720234602821568,1.267398302606882,False,True,True,vlp_only,6,6.5,0.5,0.9999999999010003,ema
75,s4_mixed_dynamic,6.720234602821568,1.267398302606882,False,True,True,static_fusion,6,6.5,0.5,0.5610186513870731,ema
76,s4_mixed_dynamic,6.503783427177126,1.570279682105651,False,True,True,wifi_only,27,7.5,2.5,0.23777510083788028,ema
76,s4_mixed_dynamic,6.503783427177126,1.570279682105651,False,True,True,vlp_only,9,9.5,0.5,0.9999999999010003,ema
76,s4_mixed_dynamic,6.503783427177126,1.570279682105651,False,True,True,static_fusion,9,9.5,0.5,0.5000000210720821,ema
77,s4_mixed_dynamic,6.358465325036558,1.791120746986019,False,True,True,wifi_only,16,6.5,1.5,0.25448494481628736,ema
77,s4_mixed_dynamic,6.358465325036558,1.791120746986019,False,True,True,vlp_only,6,6.5,0.5,0.9999999999010003,ema
77,s4_mixed_dynamic,6.358465325036558,1.791120746986019,False,True,True,static_fusion,6,6.5,0.5,0.6188523539176396,ema
78,s4_mixed_dynamic,6.122791880845917,1.8813582130943367,False,True,True,wifi_only,16,6.5,1.5,0.22288679997637864,ema
78,s4_mixed_dynamic,6.122791880845917,1.8813582130943367,False,True,True,vlp_only,9,9.5,0.5,0.9999999999010003,ema
78,s4_mixed_dynamic,6.122791880845917,1.8813582130943367,False,True,True,static_fusion,9,9.5,0.5,0.5000000000133681,ema
79,s4_mixed_dynamic,5.750230255978351,2.1326072148263107,False,True,True,wifi_only,26,6.5,2.5,0.21270478089171208,ema
79,s4_mixed_dynamic,5.750230255978351,2.1326072148263107,False,True,True,vlp_only,6,6.5,0.5,0.9999999999010003,ema
79,s4_mixed_dynamic,5.750230255978351,2.1326072148263107,False,True,True,static_fusion,6,6.5,0.5,0.537341230661819,ema
80,s4_mixed_dynamic,5.514678873922644,2.389062926514496,True,False,True,wifi_only,5,5.5,0.5,0.2683701052918934,ema
80,s4_mixed_dynamic,5.514678873922644,2.389062926514496,True,False,True,vlp_only,6,6.5,0.5,0.9999999999010003,ema
80,s4_mixed_dynamic,5.514678873922644,2.389062926514496,True,False,True,static_fusion,6,6.5,0.5,0.6289929394279489,ema
81,s4_mixed_dynamic,5.508112152914603,2.4998600146256016,True,False,True,wifi_only,5,5.5,0.5,0.2548466041539796,ema
81,s4_mixed_dynamic,5.508112152914603,2.4998600146256016,True,False,True,vlp_only,6,6.5,0.5,0.8127914908992946,ema
81,s4_mixed_dynamic,5.508112152914603,2.4998600146256016,True,False,True,static_fusion,6,6.5,0.5,0.42922540976407164,ema
82,s4_mixed_dynamic,5.600226935990087,2.6582213422588112,True,False,True,wifi_only,14,4.5,1.5,0.1926706920146955,ema
82,s4_mixed_dynamic,5.600226935990087,2.6582213422588112,True,False,True,vlp_only,15,5.5,1.5,0.9989742793822811,ema
82,s4_mixed_dynamic,5.600226935990087,2.6582213422588112,True,False,True,static_fusion,15,5.5,1.5,0.576047689048857,ema
83,s4_mixed_dynamic,5.738537290833164,2.759195471518816,True,False,True,wifi_only,15,5.5,1.5,0.21665854425932735,ema
83,s4_mixed_dynamic,5.738537290833164,2.759195471518816,True,False,True,vlp_only,25,5.5,2.5,0.9998204116532372,ema
83,s4_mixed_dynamic,5.738537290833164,2.759195471518816,True,False,True,static_fusion,25,5.5,2.5,0.565645567965212,ema
84,s4_mixed_dynamic,5.832850971363683,3.0310878411880533,True,False,True,wifi_only,15,5.5,1.5,0.21554744313572424,ema
84,s4_mixed_dynamic,5.832850971363683,3.0310878411880533,True,False,True,vlp_only,25,5.5,2.5,0.9999999992294275,ema
84,s4_mixed_dynamic,5.832850971363683,3.0310878411880533,True,False,True,static_fusion,25,5.5,2.5,0.545012377406562,ema
85,s4_mixed_dynamic,5.898467311753344,3.228508652056043,True,False,True,wifi_only,6,6.5,0.5,0.4528495885041402,ema
85,s4_mixed_dynamic,5.898467311753344,3.228508652056043,True,False,True,vlp_only,25,5.5,2.5,0.9999999999010002,ema
85,s4_mixed_dynamic,5.898467311753344,3.228508652056043,True,False,True,static_fusion,25,5.5,2.5,0.5053755304135286,ema
86,s4_mixed_dynamic,5.888626732888142,3.400271085109193,True,False,True,wifi_only,4,4.5,0.5,0.4657742804057562,ema
86,s4_mixed_dynamic,5.888626732888142,3.400271085109193,True,False,True,vlp_only,25,5.5,2.5,0.9999999999010002,ema
86,s4_mixed_dynamic,5.888626732888142,3.400271085109193,True,False,True,static_fusion,25,5.5,2.5,0.5059399000759132,ema
87,s4_mixed_dynamic,5.651159957112673,3.739006548657096,True,False,True,wifi_only,34,4.5,3.5,0.1853008135435592,ema
87,s4_mixed_dynamic,5.651159957112673,3.739006548657096,True,False,True,vlp_only,35,5.5,3.5,0.9580944818881812,ema
87,s4_mixed_dynamic,5.651159957112673,3.739006548657096,True,False,True,static_fusion,35,5.5,3.5,0.5572640391663849,ema
88,s4_mixed_dynamic,5.511321113022474,3.8790676275290847,True,False,True,wifi_only,43,3.5,4.5,0.16531149803419112,ema
88,s4_mixed_dynamic,5.511321113022474,3.8790676275290847,True,False,True,vlp_only,35,5.5,3.5,0.9999999999010002,ema
88,s4_mixed_dynamic,5.511321113022474,3.8790676275290847,True,False,True,static_fusion,35,5.5,3.5,0.5120067373624226,ema
89,s4_mixed_dynamic,5.43643528909089,3.953273740011248,True,False,True,wifi_only,24,4.5,2.5,0.13910010930843125,ema
89,s4_mixed_dynamic,5.43643528909089,3.953273740011248,True,False,True,vlp_only,35,5.5,3.5,0.9999999999010002,ema
89,s4_mixed_dynamic,5.43643528909089,3.953273740011248,True,False,True,static_fusion,35,5.5,3.5,0.5627817177028909,ema
90,s4_mixed_dynamic,5.230257776887017,3.9835295593536193,True,False,True,wifi_only,24,4.5,2.5,0.1502960245227396,ema
90,s4_mixed_dynamic,5.230257776887017,3.9835295593536193,True,False,True,vlp_only,35,5.5,3.5,0.9999999999010002,ema
90,s4_mixed_dynamic,5.230257776887017,3.9835295593536193,True,False,True,static_fusion,35,5.5,3.5,0.538110879647706,ema
91,s4_mixed_dynamic,4.9776092930395945,4.056000817377593,True,False,True,wifi_only,15,5.5,1.5,0.2215356860047248,ema
91,s4_mixed_dynamic,4.9776092930395945,4.056000817377593,True,False,True,vlp_only,35,5.5,3.5,0.9999999999010002,ema
91,s4_mixed_dynamic,4.9776092930395945,4.056000817377593,True,False,True,static_fusion,35,5.5,3.5,0.5062216837543057,ema
92,s4_mixed_dynamic,4.723335213676367,4.234008104614395,True,False,True,wifi_only,26,6.5,2.5,0.2306213741179534,ema
92,s4_mixed_dynamic,4.723335213676367,4.234008104614395,True,False,True,vlp_only,45,5.5,4.5,0.9999999999010002,ema
92,s4_mixed_dynamic,4.723335213676367,4.234008104614395,True,False,True,static_fusion,45,5.5,4.5,0.5008141496407343,ema
93,s4_mixed_dynamic,4.5603601875449,4.42721654605225,True,False,True,wifi_only,25,5.5,2.5,0.21151148124440058,ema
93,s4_mixed_dynamic,4.5603601875449,4.42721654605225,True,False,True,vlp_only,44,4.5,4.5,0.9999999999001731,ema
93,s4_mixed_dynamic,4.5603601875449,4.42721654605225,True,False,True,static_fusion,44,4.5,4.5,0.5089814142793612,ema
94,s4_mixed_dynamic,4.376758804931988,4.783397516554166,True,False,True,wifi_only,26,6.5,2.5,0.2649283007948993,ema
94,s4_mixed_dynamic,4.376758804931988,4.783397516554166,True,False,True,vlp_only,44,4.5,4.5,0.9999999999010002,ema
94,s4_mixed_dynamic,4.376758804931988,4.783397516554166,True,False,True,static_fusion,44,4.5,4.5,0.5005948285676443,ema
95,s4_mixed_dynamic,4.278110895822162,4.873116927745965,False,False,True,wifi_only,25,5.5,2.5,0.19990416557262009,ema
95,s4_mixed_dynamic,4.278110895822162,4.873116927745965,False,False,True,vlp_only,44,4.5,4.5,0.9999999999010002,ema
95,s4_mixed_dynamic,4.278110895822162,4.873116927745965,False,False,True,static_fusion,44,4.5,4.5,0.5119135331202191,ema
96,s4_mixed_dynamic,4.12801724847605,5.124228511615788,False,False,True,wifi_only,44,4.5,4.5,0.17236511126702672,ema
96,s4_mixed_dynamic,4.12801724847605,5.124228511615788,False,False,True,vlp_only,44,4.5,4.5,0.9999999999010002,ema
96,s4_mixed_dynamic,4.12801724847605,5.124228511615788,False,False,True,static_fusion,44,4.5,4.5,0.5861825555840134,ema
97,s4_mixed_dynamic,3.704635602450641,5.262849100858526,False,False,True,wifi_only,45,5.5,4.5,0.17514197864021955,ema
97,s4_mixed_dynamic,3.704635602450641,5.262849100858526,False,False,True,vlp_only,44,4.5,4.5,0.9999996338930915,ema
97,s4_mixed_dynamic,3.704635602450641,5.262849100858526,False,False,True,static_fusion,44,4.5,4.5,0.5764674970266341,ema
98,s4_mixed_dynamic,3.5561357581555817,5.285474381301673,False,False,True,wifi_only,44,4.5,4.5,0.17819178908311736,ema
98,s4_mixed_dynamic,3.5561357581555817,5.285474381301673,False,False,True,vlp_only,54,4.5,5.5,0.9999999999010002,ema
98,s4_mixed_dynamic,3.5561357581555817,5.285474381301673,False,False,True,static_fusion,54,4.5,5.5,0.5575290222969338,ema
99,s4_mixed_dynamic,3.128664509288299,5.522908615866154,False,False,True,wifi_only,44,4.5,4.5,0.1554169493014515,ema
99,s4_mixed_dynamic,3.128664509288299,5.522908615866154,False,False,True,vlp_only,53,3.5,5.5,0.9999999999010002,ema
99,s4_mixed_dynamic,3.128664509288299,5.522908615866154,False,False,True,static_fusion,53,3.5,5.5,0.5642782215125793,ema
