t,scenario,true_x,true_y,wifi_degraded,vlp_blocked,mixed_dynamic,gsp_method,pred_cell_id,pred_x,pred_y,max_prob
0,s1_clean,6.1055626688123565,8.931678203850066,False,False,False,static_raw,96,5.707670703668445,9.046599212879734,0.5841242814537886
0,s1_clean,6.1055626688123565,8.931678203850066,False,False,False,graph_diffusion_1,96,5.699294292386066,8.998642955635761,0.4497720557426282
0,s1_clean,6.1055626688123565,8.931678203850066,False,False,False,graph_diffusion_3,96,5.686264696394702,8.909991920000923,0.29172265246515217
0,s1_clean,6.1055626688123565,8.931678203850066,False,False,False,laplacian,96,5.707645506127157,8.982524857718749,0.4623882124445815
1,s1_clean,6.320554771122484,9.075343533082185,False,False,False,static_raw,96,5.792535205853061,8.970906519661911,0.5761046980101782
1,s1_clean,6.320554771122484,9.075343533082185,False,False,False,graph_diffusion_1,96,5.784791618634837,8.924637996298806,0.44426880775501265
1,s1_clean,6.320554771122484,9.075343533082185,False,False,False,graph_diffusion_3,96,5.772645166329286,8.83943232613181,0.2890412489078788
1,s1_clean,6.320554771122484,9.075343533082185,False,False,False,laplacian,96,5.792505798834579,8.90996158227279,0.456751078822587
2,s1_clean,6.58026211240472,9.446929430621816,False,False,False,static_raw,96,5.891688994368547,9.186453384350576,0.6502776097409987
2,s1_clean,6.58026211240472,9.446929430621816,False,False,False,graph_diffusion_1,96,5.8867150031232045,9.13433186924787,0.5025021547372185
2,s1_clean,6.58026211240472,9.446929430621816,False,False,False,graph_diffusion_3,96,5.879246621734194,9.037709334081926,0.32788806260720954
2,s1_clean,6.58026211240472,9.446929430621816,False,False,False,laplacian,96,5.89165472446456,9.115408934426627,0.5152752248270469
3,s1_clean,6.690486996140005,9.773722821152626,False,False,False,static_raw,96,5.289599210253097,9.153039174801524,0.550291936054238
3,s1_clean,6.690486996140005,9.773722821152626,False,False,False,graph_diffusion_1,96,5.278107255630223,9.101471566743914,0.42113986388664004
3,s1_clean,6.690486996140005,9.773722821152626,False,False,False,graph_diffusion_3,96,5.258034802312534,9.006120824159966,0.2701935013917109
3,s1_clean,6.690486996140005,9.773722821152626,False,False,False,laplacian,96,5.28965468605651,9.083270899598604,0.433429173866674
4,s1_clean,6.648930003357536,9.453988556211296,False,False,False,static_raw,96,5.325997837826786,9.300844844039629,0.576692303685354
4,s1_clean,6.648930003357536,9.453988556211296,False,False,False,graph_diffusion_1,96,5.318036934072635,9.244739424412785,0.44225251709778535
4,s1_clean,6.648930003357536,9.453988556211296,False,False,False,graph_diffusion_3,96,5.3037511598327765,9.140729547513937,0.2845894886982054
4,s1_clean,6.648930003357536,9.453988556211296,False,False,False,laplacian,96,5.326037779817549,9.223143732614762,0.4540107575822159
5,s1_clean,6.503414861243288,9.34880509424309,False,False,False,static_raw,96,6.293817466959246,9.043853961878542,0.6396000351748446
5,s1_clean,6.503414861243288,9.34880509424309,False,False,False,graph_diffusion_1,96,6.292148669375908,8.996918634290513,0.4996034452954237
5,s1_clean,6.503414861243288,9.34880509424309,False,False,False,graph_diffusion_3,96,6.290167550143393,8.909843049819148,0.3325771072624122
5,s1_clean,6.503414861243288,9.34880509424309,False,False,False,laplacian,96,6.293755325526166,8.980656257478055,0.511603963668334
6,s1_clean,6.309679632446698,9.224501326679391,False,False,False,static_raw,96,5.88834873133773,9.30987628487575,0.6860371524153073
6,s1_clean,6.309679632446698,9.224501326679391,False,False,False,graph_diffusion_1,96,5.884886777935483,9.253515809255578,0.5294268656498254
6,s1_clean,6.309679632446698,9.224501326679391,False,False,False,graph_diffusion_3,96,5.879927650428269,9.14896340732314,0.3445572742223822
6,s1_clean,6.309679632446698,9.224501326679391,False,False,False,laplacian,96,5.888311263255598,9.23169368478349,0.5422297867044403
7,s1_clean,6.06460409098813,9.084291660062746,False,False,False,static_raw,96,5.800994488434218,9.323321778970675,0.5009148852877601
7,s1_clean,6.06460409098813,9.084291660062746,False,False,False,graph_diffusion_1,96,5.795885069306138,9.268733569652325,0.3969939313409975
7,s1_clean,6.06460409098813,9.084291660062746,False,False,False,graph_diffusion_3,96,5.7884733369862404,9.16680490471264,0.2751480401103648
7,s1_clean,6.06460409098813,9.084291660062746,False,False,False,laplacian,96,5.800966966486344,9.246525653559596,0.40560980610850617
8,s1_clean,5.726062604387588,9.046898224684307,False,False,False,static_raw,85,5.3002778106843085,8.804860126746764,0.6186883020767614
8,s1_clean,5.726062604387588,9.046898224684307,False,False,False,graph_diffusion_1,85,5.302894237112426,8.79154905823105,0.47615151378387716
8,s1_clean,5.726062604387588,9.046898224684307,False,False,False,graph_diffusion_3,85,5.306758467172502,8.755899051202968,0.309065994752
8,s1_clean,5.726062604387588,9.046898224684307,False,False,False,laplacian,85,5.300275284090929,8.771575763525991,0.46705805397071903
9,s1_clean,5.334545965818324,9.091415993613808,False,False,False,static_raw,95,5.188560499321184,9.14925974970816,0.5586628955270788
9,s1_clean,5.334545965818324,9.091415993613808,False,False,False,graph_diffusion_1,95,5.183881052262782,9.106232111161596,0.44010881548830444
9,s1_clean,5.334545965818324,9.091415993613808,False,False,False,graph_diffusion_3,95,5.176718196050676,9.023818580826642,0.3026970371241345
9,s1_clean,5.334545965818324,9.091415993613808,False,False,False,laplacian,95,5.1885589296319035,9.087085969219295,0.45239576190994246
10,s1_clean,4.945823765007514,9.252578001847564,False,False,False,static_raw,94,4.761812037294899,9.220863529044816,0.6057865267610263
10,s1_clean,4.945823765007514,9.252578001847564,False,False,False,graph_diffusion_1,94,4.764909447778082,9.172798437963158,0.47937461366067646
10,s1_clean,4.945823765007514,9.252578001847564,False,False,False,graph_diffusion_3,94,4.76968696924657,9.081990055703097,0.3293723079202079
10,s1_clean,4.945823765007514,9.252578001847564,False,False,False,laplacian,94,4.76181402011263,9.152680743969933,0.4903023612180529
11,s1_clean,4.721675127324938,9.340170350002357,False,False,False,static_raw,94,4.764624266145758,9.347792524137938,0.6643636923826983
11,s1_clean,4.721675127324938,9.340170350002357,False,False,False,graph_diffusion_1,94,4.766354237567832,9.291788220480884,0.5271147827520705
11,s1_clean,4.721675127324938,9.340170350002357,False,False,False,graph_diffusion_3,94,4.7690592981391,9.187327151077808,0.36135344184920626
11,s1_clean,4.721675127324938,9.340170350002357,False,False,False,laplacian,94,4.7646262255527985,9.268957830213829,0.5362679138144948
12,s1_clean,4.340963373281298,9.42272693147179,False,False,False,static_raw,94,4.768115349444382,9.213838927160634,0.6000437075789259
12,s1_clean,4.340963373281298,9.42272693147179,False,False,False,graph_diffusion_1,94,4.771377137765827,9.166249014657385,0.47473239576668874
12,s1_clean,4.340963373281298,9.42272693147179,False,False,False,graph_diffusion_3,94,4.77640446418469,9.076240585999285,0.32633054304477244
12,s1_clean,4.340963373281298,9.42272693147179,False,False,False,laplacian,94,4.768117279535431,9.14624447403244,0.4857595270589574
13,s1_clean,4.095436566930193,9.473710426329454,False,False,False,static_raw,84,4.438083685312863,8.797879232058742,0.5421086179348236
13,s1_clean,4.095436566930193,9.473710426329454,False,False,False,graph_diffusion_1,84,4.4385065926786895,8.78307379640402,0.4163367705625568
13,s1_clean,4.095436566930193,9.473710426329454,False,False,False,graph_diffusion_3,84,4.439019633630634,8.745495705067901,0.27132045618567274
13,s1_clean,4.095436566930193,9.473710426329454,False,False,False,laplacian,84,4.438096353558324,8.763598774824665,0.4087732524306654
14,s1_clean,3.863209848904428,9.531730849012984,False,False,False,static_raw,93,4.079393890068179,9.114757080519864,0.6050934721617595
14,s1_clean,3.863209848904428,9.531730849012984,False,False,False,graph_diffusion_1,93,4.085055900547622,9.065839662380302,0.4696741583441582
14,s1_clean,3.863209848904428,9.531730849012984,False,False,False,graph_diffusion_3,93,4.093660330051832,8.974937350579783,0.3097603688884449
14,s1_clean,3.863209848904428,9.531730849012984,False,False,False,laplacian,93,4.079426918701982,9.048257082687963,0.4818423646424013
15,s1_clean,3.520682956293645,9.491058893166894,False,False,False,static_raw,93,4.591886891156671,9.112943051209042,0.5580239716213792
15,s1_clean,3.520682956293645,9.491058893166894,False,False,False,graph_diffusion_1,93,4.6028876396898655,9.063053370618757,0.4269359995505864
15,s1_clean,3.520682956293645,9.491058893166894,False,False,False,graph_diffusion_3,93,4.6205481884811785,8.970690003588762,0.2738138221259708
15,s1_clean,3.520682956293645,9.491058893166894,False,False,False,laplacian,93,4.591888760948421,9.045639856866142,0.43960833362661006
16,s1_clean,3.165382501834026,9.461587695941777,False,False,False,static_raw,93,3.803495145926981,9.342132736315873,0.7050584131375853
16,s1_clean,3.165382501834026,9.461587695941777,False,False,False,graph_diffusion_1,93,3.8043966050316507,9.284617635332129,0.5481411509915706
16,s1_clean,3.165382501834026,9.461587695941777,False,False,False,graph_diffusion_3,93,3.8041431690819634,9.177946656131821,0.3615149606496701
16,s1_clean,3.165382501834026,9.461587695941777,False,False,False,laplacian,93,3.803593911476067,9.261932647717032,0.5600596930541977
17,s1_clean,2.930245477093876,9.456164822050765,False,False,False,static_raw,92,3.527853481691585,8.411435652573667,0.5149645026160751
17,s1_clean,2.930245477093876,9.456164822050765,False,False,False,graph_diffusion_1,92,3.5391299457124017,8.367458645346042,0.393261515055533
17,s1_clean,2.930245477093876,9.456164822050765,False,False,False,graph_diffusion_3,92,3.5457955409664708,8.294017664257902,0.2508163204327259
17,s1_clean,2.930245477093876,9.456164822050765,False,False,False,laplacian,92,3.528278138307715,8.36204221020301,0.40597305374062104
18,s1_clean,2.7420797060020465,9.472996628406442,False,False,False,static_raw,92,2.4826556887182187,9.293564179502624,0.7210565755522619
18,s1_clean,2.7420797060020465,9.472996628406442,False,False,False,graph_diffusion_1,92,2.476405909899381,9.23802795703721,0.5620308045162141
18,s1_clean,2.7420797060020465,9.472996628406442,False,False,False,graph_diffusion_3,92,2.4607056683881505,9.135608724931433,0.3715935414392529
18,s1_clean,2.7420797060020465,9.472996628406442,False,False,False,laplacian,92,2.48495500120788,9.216652798672857,0.5758594326858243
19,s1_clean,2.4198638446847416,9.489528341112424,False,False,False,static_raw,92,2.4404608077332557,9.058661115293779,0.6011621747655983
19,s1_clean,2.4198638446847416,9.489528341112424,False,False,False,graph_diffusion_1,92,2.433689408172546,9.009092321539914,0.46750508899818
19,s1_clean,2.4198638446847416,9.489528341112424,False,False,False,graph_diffusion_3,92,2.42011017623227,8.91872754040505,0.30985982781364757
19,s1_clean,2.4198638446847416,9.489528341112424,False,False,False,laplacian,92,2.4446780597056277,8.992852606568523,0.48139821778775616
20,s1_clean,2.0874415206005943,9.43132427410417,False,False,False,static_raw,92,4.319037529437971,9.357029464988354,0.5233474794779758
20,s1_clean,2.0874415206005943,9.43132427410417,False,False,False,graph_diffusion_1,92,4.329403280489331,9.296739558095359,0.404393924242407
20,s1_clean,2.0874415206005943,9.43132427410417,False,False,False,graph_diffusion_3,92,4.323180985439015,9.185096540592676,0.2644248277185175
20,s1_clean,2.0874415206005943,9.43132427410417,False,False,False,laplacian,92,4.3139249731734335,9.275958565742062,0.41506593820851756
21,s1_clean,1.6827551012106006,9.608276410412028,False,False,False,static_raw,91,2.4010056814402567,9.147131369468907,0.6022226812038399
21,s1_clean,1.6827551012106006,9.608276410412028,False,False,False,graph_diffusion_1,91,2.3751176720987,9.102564547133035,0.457787716225696
21,s1_clean,1.6827551012106006,9.608276410412028,False,False,False,graph_diffusion_3,91,2.376080509510806,9.00686425734447,0.30250249507119886
21,s1_clean,1.6827551012106006,9.608276410412028,False,False,False,laplacian,91,2.4108141933182963,9.077022693719243,0.4815027050093872
22,s1_clean,1.5666621834216723,9.721824928735591,False,False,False,static_raw,91,1.849033447998065,9.287909448679937,0.6069667868549582
22,s1_clean,1.5666621834216723,9.721824928735591,False,False,False,graph_diffusion_1,91,1.8393455961351788,9.233398221533275,0.47194682588228426
22,s1_clean,1.5666621834216723,9.721824928735591,False,False,False,graph_diffusion_3,91,1.8592127622231376,9.124174976025255,0.32319361591872164
22,s1_clean,1.5666621834216723,9.721824928735591,False,False,False,laplacian,91,1.8727721569155436,9.210967029943598,0.4896571397618241
23,s1_clean,1.8135872918506848,9.442076930062784,False,False,False,static_raw,91,1.6798795956802794,8.740689742462523,0.5536948050659015
23,s1_clean,1.8135872918506848,9.442076930062784,False,False,False,graph_diffusion_1,91,1.663104881830057,8.710690804128449,0.419142282105637
23,s1_clean,1.8135872918506848,9.442076930062784,False,False,False,graph_diffusion_3,91,1.6725588296927103,8.635292628370847,0.2759462924526449
23,s1_clean,1.8135872918506848,9.442076930062784,False,False,False,laplacian,91,1.6967034899616291,8.684227005617979,0.44200548330222844
24,s1_clean,1.9797748224675469,9.171124941492176,False,False,False,static_raw,91,2.4958859044167414,8.490071925982607,0.5012091836694113
24,s1_clean,1.9797748224675469,9.171124941492176,False,False,False,graph_diffusion_1,91,2.4644641667887566,8.468166604480011,0.3747519257074772
24,s1_clean,1.9797748224675469,9.171124941492176,False,False,False,graph_diffusion_3,91,2.456063504078002,8.404813066622166,0.24046328504413314
24,s1_clean,1.9797748224675469,9.171124941492176,False,False,False,laplacian,91,2.50016276298058,8.439899284527636,0.3958671379394353
25,s1_clean,2.0026978386863656,9.060785581306895,False,False,False,static_raw,81,2.9888587638046595,8.352443927755068,0.36798560456796475
25,s1_clean,2.0026978386863656,9.060785581306895,False,False,False,graph_diffusion_1,81,2.9661526342651685,8.358351377151113,0.28928858649186373
25,s1_clean,2.0026978386863656,9.060785581306895,False,False,False,graph_diffusion_3,81,2.933045381956095,8.35527133569396,0.19506299528696583
25,s1_clean,2.0026978386863656,9.060785581306895,False,False,False,laplacian,81,2.9937948358218844,8.334218375742198,0.28651965667023993
26,s1_clean,2.0409538218277232,8.768038731768266,False,False,False,static_raw,81,4.5974940511238795,8.794382870742007,0.5050093202771416
26,s1_clean,2.0409538218277232,8.768038731768266,False,False,False,graph_diffusion_1,81,4.528597612764777,8.7769385380486,0.37198538271524395
26,s1_clean,2.0409538218277232,8.768038731768266,False,False,False,graph_diffusion_3,81,4.41006594617804,8.736729340633671,0.22431911407548938
26,s1_clean,2.0409538218277232,8.768038731768266,False,False,False,laplacian,81,4.592856815374432,8.759123875890726,0.3703232066978598
27,s1_clean,1.943647595119588,8.39052055732134,False,False,False,static_raw,81,1.3115815047243597,8.08477572326213,0.5473196982316715
27,s1_clean,1.943647595119588,8.39052055732134,False,False,False,graph_diffusion_1,81,1.3214387495188356,8.10060655007552,0.4123596833338303
27,s1_clean,1.943647595119588,8.39052055732134,False,False,False,graph_diffusion_3,81,1.3478797741564115,8.11696004739197,0.26074515278344756
27,s1_clean,1.943647595119588,8.39052055732134,False,False,False,laplacian,81,1.3400791564725159,8.073766261830189,0.41068038014528746
28,s1_clean,1.822933837050688,7.938503894157455,False,False,False,static_raw,81,4.050223242843784,8.250858612980622,0.32055275922819193
28,s1_clean,1.822933837050688,7.938503894157455,False,False,False,graph_diffusion_1,81,4.012334029326796,8.250170875981002,0.24958041175128884
28,s1_clean,1.822933837050688,7.938503894157455,False,False,False,graph_diffusion_3,81,3.9558395731170086,8.24182717513938,0.16503487920837828
28,s1_clean,1.822933837050688,7.938503894157455,False,False,False,laplacian,81,4.051729112521319,8.23190319704498,0.2467737137162927
29,s1_clean,1.5143958915018594,7.638191012939957,False,False,False,static_raw,71,3.0267314522225446,8.049005787339553,0.5218646769474597
29,s1_clean,1.5143958915018594,7.638191012939957,False,False,False,graph_diffusion_1,71,3.0071680612875853,8.032970388958999,0.3909448447443771
29,s1_clean,1.5143958915018594,7.638191012939957,False,False,False,graph_diffusion_3,71,2.9832010954249384,8.003034600790933,0.24199384343248256
29,s1_clean,1.5143958915018594,7.638191012939957,False,False,False,laplacian,71,3.0321361677142136,8.02810811810765,0.3861371976010528
30,s1_clean,1.3675026549702816,7.582213936330399,False,False,False,static_raw,71,2.348251645658556,8.065906173052655,0.5321138800824127
30,s1_clean,1.3675026549702816,7.582213936330399,False,False,False,graph_diffusion_1,71,2.336546014098744,8.043407324428193,0.4014690022377308
30,s1_clean,1.3675026549702816,7.582213936330399,False,False,False,graph_diffusion_3,71,2.328321037081412,8.004841478338474,0.2519405553684406
30,s1_clean,1.3675026549702816,7.582213936330399,False,False,False,laplacian,71,2.3628536546592604,8.044621300170263,0.39496195641638243
31,s1_clean,1.2429294919367564,7.522606951356906,False,False,False,static_raw,71,1.6471851646813902,7.01514748007356,0.5447018828122998
31,s1_clean,1.2429294919367564,7.522606951356906,False,False,False,graph_diffusion_1,71,1.644080516346882,7.020233652142894,0.41284129212234333
31,s1_clean,1.2429294919367564,7.522606951356906,False,False,False,graph_diffusion_3,71,1.652501257946928,7.031196327483386,0.2611324112673078
31,s1_clean,1.2429294919367564,7.522606951356906,False,False,False,laplacian,71,1.6665701418238867,7.013434095689347,0.40681202568930797
32,s1_clean,1.1706414409291317,7.446686809586819,False,False,False,static_raw,71,1.7833050730432087,7.1079628184445856,0.5597090889688514
32,s1_clean,1.1706414409291317,7.446686809586819,False,False,False,graph_diffusion_1,71,1.7694919428272573,7.112890808793584,0.42381147034303773
32,s1_clean,1.1706414409291317,7.446686809586819,False,False,False,graph_diffusion_3,71,1.760052406159752,7.1242512197486665,0.26747166424647983
32,s1_clean,1.1706414409291317,7.446686809586819,False,False,False,laplacian,71,1.793485531728377,7.106605607145235,0.41834447539991443
33,s1_clean,1.0225794063669398,7.298034493574606,False,False,False,static_raw,70,1.570246465313286,8.169182219946117,0.5436147753494923
33,s1_clean,1.0225794063669398,7.298034493574606,False,False,False,graph_diffusion_1,70,1.6128260917557564,8.13804668810523,0.4289794377403835
33,s1_clean,1.0225794063669398,7.298034493574606,False,False,False,graph_diffusion_3,70,1.691532448959554,8.092063862608809,0.2911027562174989
33,s1_clean,1.0225794063669398,7.298034493574606,False,False,False,laplacian,70,1.6376270053968862,8.143314086092888,0.43426433473754966
34,s1_clean,0.8405580282052503,7.1660136409604815,False,False,False,static_raw,70,0.8651511463634828,7.011632850295958,0.5691568292982155
34,s1_clean,0.8405580282052503,7.1660136409604815,False,False,False,graph_diffusion_1,70,0.9175121373517734,7.006665806525411,0.4449682305821365
34,s1_clean,0.8405580282052503,7.1660136409604815,False,False,False,graph_diffusion_3,70,1.012857238276286,7.008144524795329,0.29777897119412977
34,s1_clean,0.8405580282052503,7.1660136409604815,False,False,False,laplacian,70,0.9356616680332193,7.009976491373122,0.45612783922432293
35,s1_clean,0.7992402328627707,7.065719351919998,False,False,False,static_raw,70,0.987227882300072,6.793684702200079,0.5328197915143075
35,s1_clean,0.7992402328627707,7.065719351919998,False,False,False,graph_diffusion_1,70,1.0350012605128336,6.786059553008902,0.4122278014036113
35,s1_clean,0.7992402328627707,7.065719351919998,False,False,False,graph_diffusion_3,70,1.1213926408002453,6.784822548958554,0.27153884221743735
35,s1_clean,0.7992402328627707,7.065719351919998,False,False,False,laplacian,70,1.0509794950395397,6.7929641480882745,0.42455857782331347
36,s1_clean,0.7671095331979448,6.6194549412444434,False,False,False,static_raw,60,4.25664193002114,6.5119649057348505,0.5138838799103617
36,s1_clean,0.7671095331979448,6.6194549412444434,False,False,False,graph_diffusion_1,60,4.288957194131706,6.509003072176158,0.39335211680373716
36,s1_clean,0.7671095331979448,6.6194549412444434,False,False,False,graph_diffusion_3,60,4.343127080071822,6.504130085830374,0.2523990207207374
36,s1_clean,0.7671095331979448,6.6194549412444434,False,False,False,laplacian,60,4.276991654723932,6.509891964812825,0.40382262897414223
37,s1_clean,0.7867269935815102,6.50813786445098,False,False,False,static_raw,60,0.6964177781545781,6.599624459563176,0.6428895632757716
37,s1_clean,0.7867269935815102,6.50813786445098,False,False,False,graph_diffusion_1,60,0.755193287036879,6.598104919578581,0.5075003601822419
37,s1_clean,0.7867269935815102,6.50813786445098,False,False,False,graph_diffusion_3,60,0.8641752530766899,6.595460334104948,0.3447870722389044
37,s1_clean,0.7867269935815102,6.50813786445098,False,False,False,laplacian,60,0.7775372310293497,6.597329113348311,0.5166391161157748
38,s1_clean,0.9039958580667962,6.339426406945286,False,False,False,static_raw,60,1.464300863607162,6.356709314066436,0.5378085426470461
38,s1_clean,0.9039958580667962,6.339426406945286,False,False,False,graph_diffusion_1,60,1.5115071446847475,6.356149723179114,0.41615191352420067
38,s1_clean,0.9039958580667962,6.339426406945286,False,False,False,graph_diffusion_3,60,1.5971487268340634,6.355311408560125,0.27458215736756714
38,s1_clean,0.9039958580667962,6.339426406945286,False,False,False,laplacian,60,1.520123080136291,6.355836804639461,0.4284988693648935
39,s1_clean,0.9979740023158236,6.187541249202924,False,False,False,static_raw,60,1.4574543051399522,5.77095026754984,0.515813828195983
39,s1_clean,0.9979740023158236,6.187541249202924,False,False,False,graph_diffusion_1,60,1.5020646432133222,5.762637484832209,0.3952954241285486
39,s1_clean,0.9979740023158236,6.187541249202924,False,False,False,graph_diffusion_3,60,1.582678081881761,5.749494468135232,0.2564116383867983
39,s1_clean,0.9979740023158236,6.187541249202924,False,False,False,laplacian,60,1.5104673765687258,5.770919427079067,0.4081912019385736
40,s1_clean,1.28488954092244,5.782257454541684,False,False,False,static_raw,51,1.5815914698445428,5.703999071341364,0.582066552939322
40,s1_clean,1.28488954092244,5.782257454541684,False,False,False,graph_diffusion_1,51,1.5773670189546085,5.702645203712047,0.443931466924066
40,s1_clean,1.28488954092244,5.782257454541684,False,False,False,graph_diffusion_3,51,1.5843200327274347,5.70111451982736,0.28399818557186557
40,s1_clean,1.28488954092244,5.782257454541684,False,False,False,laplacian,51,1.5995282958503823,5.70377974492342,0.43703980791055697
41,s1_clean,1.513102962684955,5.518180410148621,False,False,False,static_raw,51,2.5897932097549465,5.037733421048704,0.5310782220380671
41,s1_clean,1.513102962684955,5.518180410148621,False,False,False,graph_diffusion_1,51,2.571369388319053,5.042143838125681,0.39868150105381034
41,s1_clean,1.513102962684955,5.518180410148621,False,False,False,graph_diffusion_3,51,2.5549514183983377,5.047956155639528,0.24703698932296153
41,s1_clean,1.513102962684955,5.518180410148621,False,False,False,laplacian,51,2.59853929068402,5.0379884331519325,0.39220692452589084
42,s1_clean,1.6106044791645622,5.19830615307079,False,False,False,static_raw,51,1.6035046102528658,5.857964966409805,0.5520146121035618
42,s1_clean,1.6106044791645622,5.19830615307079,False,False,False,graph_diffusion_1,51,1.604350986962111,5.85385462779442,0.41946074009181855
42,s1_clean,1.6106044791645622,5.19830615307079,False,False,False,graph_diffusion_3,51,1.6192954404444853,5.847794006893354,0.2668482666322917
42,s1_clean,1.6106044791645622,5.19830615307079,False,False,False,laplacian,51,1.625940480213515,5.857129345492056,0.4126047831458655
43,s1_clean,1.8972643262832607,4.975906927269721,False,False,False,static_raw,40,0.916528605800651,4.982767594295253,0.5480100836786757
43,s1_clean,1.8972643262832607,4.975906927269721,False,False,False,graph_diffusion_1,40,0.9655008031024868,4.987519940330337,0.4276825154016706
43,s1_clean,1.8972643262832607,4.975906927269721,False,False,False,graph_diffusion_3,40,1.0565028035215995,4.995341635594881,0.28751361701532085
43,s1_clean,1.8972643262832607,4.975906927269721,False,False,False,laplacian,40,0.9826224224749388,4.98270612753231,0.43916264333676
44,s1_clean,2.229332660696988,4.76372737768957,False,False,False,static_raw,42,2.39156891450105,4.6327919297313125,0.5736218300365189
44,s1_clean,2.229332660696988,4.76372737768957,False,False,False,graph_diffusion_1,42,2.3956386670154295,4.6328463119962455,0.4399232585395889
44,s1_clean,2.229332660696988,4.76372737768957,False,False,False,graph_diffusion_3,42,2.4018756541090283,4.632493962249965,0.2807985238927903
44,s1_clean,2.229332660696988,4.76372737768957,False,False,False,laplacian,42,2.401223396848607,4.632845623636184,0.4282486534427543
45,s1_clean,2.6145006895276834,4.592072450426468,False,False,False,static_raw,42,2.751752273479525,4.18795181359711,0.5749937975174046
45,s1_clean,2.6145006895276834,4.592072450426468,False,False,False,graph_diffusion_1,42,2.7504664324477637,4.18774022559649,0.44168102912723456
45,s1_clean,2.6145006895276834,4.592072450426468,False,False,False,graph_diffusion_3,42,2.7450669077754957,4.1873646605499975,0.28267677346710307
45,s1_clean,2.6145006895276834,4.592072450426468,False,False,False,laplacian,42,2.7537680014128307,4.188207193941687,0.43001473187661765
46,s1_clean,2.661129424294631,4.466616768697175,False,False,False,static_raw,42,1.9783284131795027,4.82898564109152,0.548801503064915
46,s1_clean,2.661129424294631,4.466616768697175,False,False,False,graph_diffusion_1,42,1.9906483559520487,4.828335455845857,0.4195897449974446
46,s1_clean,2.661129424294631,4.466616768697175,False,False,False,graph_diffusion_3,42,2.0128837165845472,4.826675315069185,0.26661248896472783
46,s1_clean,2.661129424294631,4.466616768697175,False,False,False,laplacian,42,1.9976184681461238,4.828968981571231,0.40831639499678474
47,s1_clean,2.6450300380382434,4.183588162907463,False,False,False,static_raw,42,2.70491435448218,4.234869814436477,0.5735743014653849
47,s1_clean,2.6450300380382434,4.183588162907463,False,False,False,graph_diffusion_1,42,2.704931992277507,4.234834783103719,0.43977994779072277
47,s1_clean,2.6450300380382434,4.183588162907463,False,False,False,graph_diffusion_3,42,2.702470243149739,4.234781839374609,0.2805395891877326
47,s1_clean,2.6450300380382434,4.183588162907463,False,False,False,laplacian,42,2.7087519527438744,4.235280014801658,0.4282147870667009
48,s1_clean,2.633014421787828,3.6860116411580814,False,False,False,static_raw,32,2.532443872111677,3.9021932909818533,0.543260747819268
48,s1_clean,2.633014421787828,3.6860116411580814,False,False,False,graph_diffusion_1,32,2.532631116963622,3.9030876450977305,0.41711018870823385
48,s1_clean,2.633014421787828,3.6860116411580814,False,False,False,graph_diffusion_3,32,2.5313768460874067,3.903434862328595,0.26724822672008497
48,s1_clean,2.633014421787828,3.6860116411580814,False,False,False,laplacian,32,2.537827090336012,3.902342164642238,0.4064144058263863
49,s1_clean,2.7923313692644163,3.3743378598159564,False,False,False,static_raw,32,2.128651877434544,4.194816838043576,0.5090048918947763
49,s1_clean,2.7923313692644163,3.3743378598159564,False,False,False,graph_diffusion_1,32,2.144443773170218,4.192014150297231,0.38680902358833613
49,s1_clean,2.7923313692644163,3.3743378598159564,False,False,False,graph_diffusion_3,32,2.171208137482749,4.186064242099308,0.24270917863404573
49,s1_clean,2.7923313692644163,3.3743378598159564,False,False,False,laplacian,32,2.1487468769969875,4.195094411802872,0.3760162880401484
50,s1_clean,2.983612121628606,3.11916257556942,False,False,False,static_raw,32,3.274849890196121,3.1641672270120953,0.521565425722659
50,s1_clean,2.983612121628606,3.11916257556942,False,False,False,graph_diffusion_1,32,3.275711894492934,3.1629551480787654,0.39644790739162233
50,s1_clean,2.983612121628606,3.11916257556942,False,False,False,graph_diffusion_3,32,3.2724879998250116,3.1619665746197967,0.24906435936047108
50,s1_clean,2.983612121628606,3.11916257556942,False,False,False,laplacian,32,3.275343463673217,3.1669675784406826,0.3864453948594147
51,s1_clean,3.351818132537528,2.843855854625126,False,False,False,static_raw,23,3.47347515183329,2.633177994459363,0.6144784327820271
51,s1_clean,3.351818132537528,2.843855854625126,False,False,False,graph_diffusion_1,23,3.473055961169443,2.6326207657671414,0.47225778906236887
51,s1_clean,3.351818132537528,2.843855854625126,False,False,False,graph_diffusion_3,23,3.4718406977234535,2.6289725982251526,0.3020293228523081
51,s1_clean,3.351818132537528,2.843855854625126,False,False,False,laplacian,23,3.474042714192015,2.6362767662388586,0.4596866030007259
52,s1_clean,3.56862361427012,2.697604331930428,False,False,False,static_raw,23,3.773211013590856,2.8799491328057227,0.5353119213197242
52,s1_clean,3.56862361427012,2.697604331930428,False,False,False,graph_diffusion_1,23,3.7731680923672126,2.879598466027036,0.4113513381080593
52,s1_clean,3.56862361427012,2.697604331930428,False,False,False,graph_diffusion_3,23,3.772408320136642,2.8752064298351128,0.2639733423733801
52,s1_clean,3.56862361427012,2.697604331930428,False,False,False,laplacian,23,3.7735297095327542,2.881745086493405,0.40058746118341587
53,s1_clean,3.943888445431222,2.4514296926551147,False,False,False,static_raw,3,3.4587181565674388,1.4653233906133452,0.5392906626571821
53,s1_clean,3.943888445431222,2.4514296926551147,False,False,False,graph_diffusion_1,3,3.458368127613261,1.5113931335778232,0.41575359193618594
53,s1_clean,3.943888445431222,2.4514296926551147,False,False,False,graph_diffusion_3,3,3.457328320119315,1.5941764257524933,0.2722927838186544
53,s1_clean,3.943888445431222,2.4514296926551147,False,False,False,laplacian,3,3.460211200325682,1.5182580413965352,0.42838760382098784
54,s1_clean,4.260369316238271,2.2082022988398595,False,False,False,static_raw,24,4.044306901003168,1.964373281555921,0.5141168721605094
54,s1_clean,4.260369316238271,2.2082022988398595,False,False,False,graph_diffusion_1,24,4.044097769590949,1.976437401766479,0.3921947029206851
54,s1_clean,4.260369316238271,2.2082022988398595,False,False,False,graph_diffusion_3,24,4.0438844665557685,1.9982832111454132,0.24918152715512693
54,s1_clean,4.260369316238271,2.2082022988398595,False,False,False,laplacian,24,4.044611018524315,1.9834475966639102,0.3822836644055029
55,s1_clean,4.627569160973635,2.060114150367901,False,False,False,static_raw,24,5.133572275346041,2.1575590379377454,0.5097742609290621
55,s1_clean,4.627569160973635,2.060114150367901,False,False,False,graph_diffusion_1,24,5.134243201695521,2.1625807687870386,0.3885435269501538
55,s1_clean,4.627569160973635,2.060114150367901,False,False,False,graph_diffusion_3,24,5.134494094619277,2.1718423238801714,0.24629789026741075
55,s1_clean,4.627569160973635,2.060114150367901,False,False,False,laplacian,24,5.133499436276924,2.1697993956384902,0.37909442248789976
56,s1_clean,4.961867043427717,1.830848239374332,False,False,False,static_raw,4,4.469250202069319,1.2040953769490963,0.5712369816713768
56,s1_clean,4.961867043427717,1.830848239374332,False,False,False,graph_diffusion_1,4,4.468937648823301,1.2487876606765775,0.444485344159758
56,s1_clean,4.961867043427717,1.830848239374332,False,False,False,graph_diffusion_3,4,4.46824418105556,1.3307629583563632,0.2958325997304575
56,s1_clean,4.961867043427717,1.830848239374332,False,False,False,laplacian,4,4.469298387674002,1.2607977288853833,0.4566294027914296
57,s1_clean,5.0679788704002044,1.7195475994342533,False,False,False,static_raw,5,5.09625740506538,1.0915130106709816,0.5437196703906442
57,s1_clean,5.0679788704002044,1.7195475994342533,False,False,False,graph_diffusion_1,5,5.091857874596738,1.138567156872084,0.42415629428080176
57,s1_clean,5.0679788704002044,1.7195475994342533,False,False,False,graph_diffusion_3,5,5.084642186580257,1.2251648102995532,0.28465478184347426
57,s1_clean,5.0679788704002044,1.7195475994342533,False,False,False,laplacian,5,5.0962832199833255,1.1523543197839459,0.43569712730290494
58,s1_clean,5.335240810429285,1.571560122687008,False,False,False,static_raw,15,6.181612658349385,1.6201886107584074,0.5142627190451836
58,s1_clean,5.335240810429285,1.571560122687008,False,False,False,graph_diffusion_1,15,6.17419608280834,1.6191247971876992,0.3904277381423065
58,s1_clean,5.335240810429285,1.571560122687008,False,False,False,graph_diffusion_3,15,6.164584648247657,1.63029931877777,0.24923714283405346
58,s1_clean,5.335240810429285,1.571560122687008,False,False,False,laplacian,15,6.179553241650962,1.6396312258822163,0.38462086498973114
59,s1_clean,5.651780389210071,1.3727606103935992,False,False,False,static_raw,15,5.497135427892922,2.3840173330785626,0.5274650331703186
59,s1_clean,5.651780389210071,1.3727606103935992,False,False,False,graph_diffusion_1,15,5.49726799584342,2.3649482857517623,0.39719169466644905
59,s1_clean,5.651780389210071,1.3727606103935992,False,False,False,graph_diffusion_3,15,5.497507269776526,2.3461801234239035,0.2480308660406607
59,s1_clean,5.651780389210071,1.3727606103935992,False,False,False,laplacian,15,5.496896931262917,2.3897964355959407,0.3910201804195661
60,s1_clean,5.898763386562306,1.2621017401554997,False,False,False,static_raw,6,6.035274202935495,1.0979083268990202,0.5203886489753822
60,s1_clean,5.898763386562306,1.2621017401554997,False,False,False,graph_diffusion_1,6,6.030115975651942,1.144434743752858,0.4045623191717347
60,s1_clean,5.898763386562306,1.2621017401554997,False,False,False,graph_diffusion_3,6,6.022449880708418,1.2300354065815784,0.27063900075513414
60,s1_clean,5.898763386562306,1.2621017401554997,False,False,False,laplacian,6,6.035192037445324,1.1581464283709682,0.4163738220836427
61,s1_clean,6.355551046384767,1.4203122314749552,False,False,False,static_raw,16,6.532118642346562,1.6939837643394304,0.636351864295962
61,s1_clean,6.355551046384767,1.4203122314749552,False,False,False,graph_diffusion_1,16,6.5318988796505355,1.6853575175929716,0.4845436193466715
61,s1_clean,6.355551046384767,1.4203122314749552,False,False,False,graph_diffusion_3,16,6.532673048107114,1.684880479206133,0.30807338780547433
61,s1_clean,6.355551046384767,1.4203122314749552,False,False,False,laplacian,16,6.53176510625018,1.7075736965003674,0.47697763334737653
62,s1_clean,6.594147927702143,1.4206009795225187,False,False,False,static_raw,16,7.554517334500662,2.4838374257718927,0.5092837148396963
62,s1_clean,6.594147927702143,1.4206009795225187,False,False,False,graph_diffusion_1,16,7.527876222476463,2.4620558918890763,0.3797310309796241
62,s1_clean,6.594147927702143,1.4206009795225187,False,False,False,graph_diffusion_3,16,7.483592186728058,2.437998990628238,0.2320327885147355
62,s1_clean,6.594147927702143,1.4206009795225187,False,False,False,laplacian,16,7.533456983834488,2.4885611240979433,0.37321656610757464
63,s1_clean,6.702875767945526,1.3948214383894544,False,False,False,static_raw,16,6.421076355919116,1.401425823971573,0.6401936455227464
63,s1_clean,6.702875767945526,1.3948214383894544,False,False,False,graph_diffusion_1,16,6.422077009017878,1.4051240529115243,0.49066656289703875
63,s1_clean,6.702875767945526,1.3948214383894544,False,False,False,graph_diffusion_3,16,6.42434665652717,1.4249295871891103,0.3154474329885058
63,s1_clean,6.702875767945526,1.3948214383894544,False,False,False,laplacian,16,6.420913293711914,1.4257250701503428,0.48197548111171207
64,s1_clean,6.87517464550481,1.1902703370600811,False,False,False,static_raw,16,6.8702008129897525,1.965218302860412,0.5775714739691139
64,s1_clean,6.87517464550481,1.1902703370600811,False,False,False,graph_diffusion_1,16,6.864016541799646,1.9555100895040014,0.43803022360297705
64,s1_clean,6.87517464550481,1.1902703370600811,False,False,False,graph_diffusion_3,16,6.854346978772373,1.9520703136590374,0.2763167633770902
64,s1_clean,6.87517464550481,1.1902703370600811,False,False,False,laplacian,16,6.864832746839925,1.9775311560099509,0.43076403837217386
65,s1_clean,6.892272294025562,1.0122251452148698,False,False,False,static_raw,16,7.439820961594291,2.7984426840184238,0.5004983823800327
65,s1_clean,6.892272294025562,1.0122251452148698,False,False,False,graph_diffusion_1,16,7.424543341043338,2.7766747954857074,0.3713858905771478
65,s1_clean,6.892272294025562,1.0122251452148698,False,False,False,graph_diffusion_3,16,7.397886350169487,2.7533944873897167,0.2247863371398255
65,s1_clean,6.892272294025562,1.0122251452148698,False,False,False,laplacian,16,7.425776209850457,2.8023951958727427,0.36583102757696195
66,s1_clean,7.000483248939226,0.9177176630235528,False,False,False,static_raw,16,7.0776379960644915,1.3286821105070226,0.48087323031447654
66,s1_clean,7.000483248939226,0.9177176630235528,False,False,False,graph_diffusion_1,16,7.071628547477262,1.339153564782416,0.36915810630128537
66,s1_clean,7.000483248939226,0.9177176630235528,False,False,False,graph_diffusion_3,16,7.068740097948251,1.3674544885275761,0.24131020745342574
66,s1_clean,7.000483248939226,0.9177176630235528,False,False,False,laplacian,16,7.075310875578032,1.3578818998741906,0.36337510871094686
67,s1_clean,7.169623623221895,0.7738996044632837,False,False,False,static_raw,7,7.215372007403399,2.0385609162686924,0.5000240909655256
67,s1_clean,7.169623623221895,0.7738996044632837,False,False,False,graph_diffusion_1,7,7.213340463516377,2.087961975603042,0.37875728546806636
67,s1_clean,7.169623623221895,0.7738996044632837,False,False,False,graph_diffusion_3,7,7.218796034381023,2.167725471114652,0.2379636854175921
67,s1_clean,7.169623623221895,0.7738996044632837,False,False,False,laplacian,7,7.213512889776693,2.0849444287739094,0.3919737061650674
68,s1_clean,7.492034971191752,0.4271040557051936,False,False,False,static_raw,7,8.040698672645002,1.260755329222073,0.5981870615164881
68,s1_clean,7.492034971191752,0.4271040557051936,False,False,False,graph_diffusion_1,7,8.028980213093549,1.304119887708609,0.4600832208587398
68,s1_clean,7.492034971191752,0.4271040557051936,False,False,False,graph_diffusion_3,7,8.015280972401564,1.377306258530581,0.2957837015166158
68,s1_clean,7.492034971191752,0.4271040557051936,False,False,False,laplacian,7,8.019074399947938,1.3165015466421857,0.4721391288025584
69,s1_clean,7.463813289098351,0.1481351742215659,False,False,False,static_raw,9,8.858857322373558,1.7582506802755025,0.5000000062875957
69,s1_clean,7.463813289098351,0.1481351742215659,False,False,False,graph_diffusion_1,9,8.779540635670477,1.8581991732383847,0.3908221770344947
69,s1_clean,7.463813289098351,0.1481351742215659,False,False,False,graph_diffusion_3,9,8.655488449046237,2.0027025270750713,0.25822046740714444
69,s1_clean,7.463813289098351,0.1481351742215659,False,False,False,laplacian,9,8.800511313667617,1.8057721036136714,0.4224391660393586
70,s1_clean,7.384046542733699,0.3965845375848609,False,False,False,static_raw,7,7.565539558601137,0.7783176676548117,0.7743704822834285
70,s1_clean,7.384046542733699,0.3965845375848609,False,False,False,graph_diffusion_1,7,7.566028082523415,0.8320675287954884,0.6018149822710305
70,s1_clean,7.384046542733699,0.3965845375848609,False,False,False,graph_diffusion_3,7,7.579273703794136,0.929462838722544,0.39370546965295034
70,s1_clean,7.384046542733699,0.3965845375848609,False,False,False,laplacian,7,7.562948912520403,0.8511756469200491,0.6158045063478437
71,s1_clean,7.274941349103505,0.5328406187982155,False,False,False,static_raw,7,7.497827971264278,0.9998502010029123,0.6233350952327966
71,s1_clean,7.274941349103505,0.5328406187982155,False,False,False,graph_diffusion_1,7,7.49774844003996,1.0484964387905884,0.48666939276267324
71,s1_clean,7.274941349103505,0.5328406187982155,False,False,False,graph_diffusion_3,7,7.5081706812399345,1.1351209504681083,0.32309866131731685
71,s1_clean,7.274941349103505,0.5328406187982155,False,False,False,laplacian,7,7.494800770540697,1.06271034152922,0.49898659882106566
72,s1_clean,7.242898641642358,0.6319581293500205,False,False,False,static_raw,7,8.033958713277594,1.7812006995416818,0.509976559880521
72,s1_clean,7.242898641642358,0.6319581293500205,False,False,False,graph_diffusion_1,7,8.02256116891955,1.8246340340855236,0.38953544196791257
72,s1_clean,7.242898641642358,0.6319581293500205,False,False,False,graph_diffusion_3,7,8.005554017163867,1.8953626885567376,0.24886661753544154
72,s1_clean,7.242898641642358,0.6319581293500205,False,False,False,laplacian,7,8.0120508438094,1.8297464761800406,0.40138192572182824
73,s1_clean,6.897766036852761,0.9865854746261178,False,False,False,static_raw,16,7.021996743779499,1.5109889217625025,0.5388069811703263
73,s1_clean,6.897766036852761,0.9865854746261178,False,False,False,graph_diffusion_1,16,7.016777602002813,1.5115726418656177,0.41060801383102424
73,s1_clean,6.897766036852761,0.9865854746261178,False,False,False,graph_diffusion_3,16,7.012989051358967,1.5244582404954574,0.26327434869122646
73,s1_clean,6.897766036852761,0.9865854746261178,False,False,False,laplacian,16,7.01893759377766,1.5314922148166636,0.40460198134013503
74,s1_clean,6.819062780162876,1.076859414311629,False,False,False,static_raw,16,7.280126300360164,1.716691366487903,0.5189663863361871
74,s1_clean,6.819062780162876,1.076859414311629,False,False,False,graph_diffusion_1,16,7.263476518557267,1.712278244131222,0.3921778493099776
74,s1_clean,6.819062780162876,1.076859414311629,False,False,False,graph_diffusion_3,16,7.240385778285899,1.7152115925022116,0.2472808371008284
74,s1_clean,6.819062780162876,1.076859414311629,False,False,False,laplacian,16,7.268265994485927,1.73308046578067,0.38588207575851763
75,s1_clean,6.720234602821568,1.267398302606882,False,False,False,static_raw,16,6.744153268302745,1.4020104228844548,0.5963630606908865
75,s1_clean,6.720234602821568,1.267398302606882,False,False,False,graph_diffusion_1,16,6.74099871644189,1.4098519270582406,0.45806200795769797
75,s1_clean,6.720234602821568,1.267398302606882,False,False,False,graph_diffusion_3,16,6.738636582689679,1.4351193010560794,0.29585561063040433
75,s1_clean,6.720234602821568,1.267398302606882,False,False,False,laplacian,16,6.74220644265079,1.4292288652296892,0.44951001198654683
76,s1_clean,6.503783427177126,1.570279682105651,False,False,False,static_raw,16,6.624864500300246,1.5912647022593207,0.6263993506805529
76,s1_clean,6.503783427177126,1.570279682105651,False,False,False,graph_diffusion_1,16,6.623582238355423,1.5903456288066375,0.4785395982985968
76,s1_clean,6.503783427177126,1.570279682105651,False,False,False,graph_diffusion_3,16,6.62261341514475,1.6019515916489544,0.30575180366741983
76,s1_clean,6.503783427177126,1.570279682105651,False,False,False,laplacian,16,6.623483724729081,1.610918891096196,0.4702785107211014
77,s1_clean,6.358465325036558,1.791120746986019,False,False,False,static_raw,16,7.0001375277967295,2.7452634057752685,0.5053295870635266
77,s1_clean,6.358465325036558,1.791120746986019,False,False,False,graph_diffusion_1,16,6.994690822527245,2.724024846977316,0.37660330088642424
77,s1_clean,6.358465325036558,1.791120746986019,False,False,False,graph_diffusion_3,16,6.985440077757846,2.702069397410057,0.23018142166153022
77,s1_clean,6.358465325036558,1.791120746986019,False,False,False,laplacian,16,6.994370240402078,2.749448133600185,0.3710447672812772
78,s1_clean,6.122791880845917,1.8813582130943367,False,False,False,static_raw,6,6.710712796372169,1.5943253814487535,0.5140902929252362
78,s1_clean,6.122791880845917,1.8813582130943367,False,False,False,graph_diffusion_1,6,6.714053430452743,1.6382433985109945,0.39448476164059015
78,s1_clean,6.122791880845917,1.8813582130943367,False,False,False,graph_diffusion_3,6,6.720864073278908,1.716328996745529,0.2558608126273207
78,s1_clean,6.122791880845917,1.8813582130943367,False,False,False,laplacian,6,6.709911660700512,1.6424888979455277,0.4071681237020103
79,s1_clean,5.750230255978351,2.1326072148263107,False,False,False,static_raw,25,5.595494817757953,2.5345665345814927,0.6076438400573816
79,s1_clean,5.750230255978351,2.1326072148263107,False,False,False,graph_diffusion_1,25,5.595531736889467,2.5341873083662043,0.46810970786666767
79,s1_clean,5.750230255978351,2.1326072148263107,False,False,False,graph_diffusion_3,25,5.595675381165838,2.5315871961095917,0.30057442113408955
79,s1_clean,5.750230255978351,2.1326072148263107,False,False,False,laplacian,25,5.595414692928369,2.539094082243286,0.45544527747018454
80,s1_clean,5.514678873922644,2.389062926514496,False,False,False,static_raw,25,5.488886594583647,1.8497589569921435,0.5406047397731912
80,s1_clean,5.514678873922644,2.389062926514496,False,False,False,graph_diffusion_1,25,5.489013708445043,1.8678886638103487,0.4153927188801394
80,s1_clean,5.514678873922644,2.389062926514496,False,False,False,graph_diffusion_3,25,5.489349346314018,1.900150980512163,0.26637959784705806
80,s1_clean,5.514678873922644,2.389062926514496,False,False,False,laplacian,25,5.488852911516057,1.874329325736187,0.4035446816557959
81,s1_clean,5.508112152914603,2.4998600146256016,False,False,False,static_raw,25,5.692378195728528,1.882703972009673,0.532383308186543
81,s1_clean,5.508112152914603,2.4998600146256016,False,False,False,graph_diffusion_1,25,5.692318444204149,1.8990839835364697,0.4087864452364804
81,s1_clean,5.508112152914603,2.4998600146256016,False,False,False,graph_diffusion_3,25,5.692102721169586,1.928363327398437,0.26197505260934106
81,s1_clean,5.508112152914603,2.4998600146256016,False,False,False,laplacian,25,5.692272984029209,1.9056914480728018,0.3974093109785644
82,s1_clean,5.600226935990087,2.6582213422588112,False,False,False,static_raw,25,5.764863200818553,2.6859590566269507,0.5878153426851334
82,s1_clean,5.600226935990087,2.6582213422588112,False,False,False,graph_diffusion_1,25,5.765216714824108,2.685057223926836,0.4522652838551398
82,s1_clean,5.600226935990087,2.6582213422588112,False,False,False,graph_diffusion_3,25,5.7657951931471985,2.6805476439152893,0.2900527779968098
82,s1_clean,5.600226935990087,2.6582213422588112,False,False,False,laplacian,25,5.764692714175099,2.6886269615968765,0.44014798728032195
83,s1_clean,5.738537290833164,2.759195471518816,False,False,False,static_raw,25,6.3292125339316305,2.456645048119486,0.5143643811906983
83,s1_clean,5.738537290833164,2.759195471518816,False,False,False,graph_diffusion_1,25,6.322838704720637,2.4648150153207897,0.3916979873067541
83,s1_clean,5.738537290833164,2.759195471518816,False,False,False,graph_diffusion_3,25,6.309855591791365,2.476922068769993,0.24673602347473586
83,s1_clean,5.738537290833164,2.759195471518816,False,False,False,laplacian,25,6.321397338951889,2.4687496321346902,0.3808657167796367
84,s1_clean,5.832850971363683,3.0310878411880533,False,False,False,static_raw,25,5.586498802279808,2.6068386249222852,0.5964181369931536
84,s1_clean,5.832850971363683,3.0310878411880533,False,False,False,graph_diffusion_1,25,5.586569743731562,2.608108036164309,0.4587170122930178
84,s1_clean,5.832850971363683,3.0310878411880533,False,False,False,graph_diffusion_3,25,5.586651065876729,2.6078693325381495,0.29384257080878173
84,s1_clean,5.832850971363683,3.0310878411880533,False,False,False,laplacian,25,5.586211416948636,2.6119426721741315,0.4462498086261165
85,s1_clean,5.898467311753344,3.228508652056043,False,False,False,static_raw,25,5.457858964820966,2.6082421637827493,0.6044820937843371
85,s1_clean,5.898467311753344,3.228508652056043,False,False,False,graph_diffusion_1,25,5.457754406716706,2.607684207833358,0.46556740956537124
85,s1_clean,5.898467311753344,3.228508652056043,False,False,False,graph_diffusion_3,25,5.457758155225527,2.60424572442948,0.29892111387710324
85,s1_clean,5.898467311753344,3.228508652056043,False,False,False,laplacian,25,5.457817040296284,2.6119805621602947,0.45294484397776924
86,s1_clean,5.888626732888142,3.400271085109193,False,False,False,static_raw,35,6.400272396934388,3.6370135581777467,0.5294432031926145
86,s1_clean,5.888626732888142,3.400271085109193,False,False,False,graph_diffusion_1,35,6.395575163252956,3.6373380310568413,0.40355058406032795
86,s1_clean,5.888626732888142,3.400271085109193,False,False,False,graph_diffusion_3,35,6.386034196312242,3.63769403573283,0.25465584829003574
86,s1_clean,5.888626732888142,3.400271085109193,False,False,False,laplacian,35,6.392200053762839,3.6387817019158133,0.39265786197417923
87,s1_clean,5.651159957112673,3.739006548657096,False,False,False,static_raw,35,4.6891330307016394,3.319680549546124,0.5215605155574138
87,s1_clean,5.651159957112673,3.739006548657096,False,False,False,graph_diffusion_1,35,4.690279540431029,3.3215768234917538,0.39687315289755803
87,s1_clean,5.651159957112673,3.739006548657096,False,False,False,graph_diffusion_3,35,4.69255282268064,3.3252067275558717,0.2503063478452652
87,s1_clean,5.651159957112673,3.739006548657096,False,False,False,laplacian,35,4.691668516638176,3.32406092164418,0.386542201035267
88,s1_clean,5.511321113022474,3.8790676275290847,False,False,False,static_raw,35,5.333188564076831,3.972787087824872,0.5508935952073942
88,s1_clean,5.511321113022474,3.8790676275290847,False,False,False,graph_diffusion_1,35,5.333212390871701,3.9731802492177657,0.4219916516489704
88,s1_clean,5.511321113022474,3.8790676275290847,False,False,False,graph_diffusion_3,35,5.333179796443569,3.9736042442947173,0.269300894411815
88,s1_clean,5.511321113022474,3.8790676275290847,False,False,False,laplacian,35,5.33294550198425,3.9729374265601405,0.4106903443153797
89,s1_clean,5.43643528909089,3.953273740011248,False,False,False,static_raw,35,5.677035340135899,3.9198431488197736,0.5115620787921223
89,s1_clean,5.43643528909089,3.953273740011248,False,False,False,graph_diffusion_1,35,5.6770364667893265,3.9201003801954144,0.3969926964841741
89,s1_clean,5.43643528909089,3.953273740011248,False,False,False,graph_diffusion_3,35,5.676671649019059,3.9202345379196153,0.25884184092143997
89,s1_clean,5.43643528909089,3.953273740011248,False,False,False,laplacian,35,5.675473264518667,3.9202095056681494,0.38575575630845754
90,s1_clean,5.230257776887017,3.9835295593536193,False,False,False,static_raw,45,5.391608112204264,4.377722131239815,0.5780965334559177
90,s1_clean,5.230257776887017,3.9835295593536193,False,False,False,graph_diffusion_1,45,5.391761831603308,4.377777900909265,0.44506727445797467
90,s1_clean,5.230257776887017,3.9835295593536193,False,False,False,graph_diffusion_3,45,5.391957427713668,4.3776447171876915,0.28610614621194097
90,s1_clean,5.230257776887017,3.9835295593536193,False,False,False,laplacian,45,5.391318173952266,4.377923136353742,0.43269954716504677
91,s1_clean,4.9776092930395945,4.056000817377593,False,False,False,static_raw,44,4.015928153060534,4.111142955191231,0.5256907833956359
91,s1_clean,4.9776092930395945,4.056000817377593,False,False,False,graph_diffusion_1,44,4.0179379406974265,4.111384475894733,0.4017539664851594
91,s1_clean,4.9776092930395945,4.056000817377593,False,False,False,graph_diffusion_3,44,4.022121232680983,4.111704264846388,0.2553576136592488
91,s1_clean,4.9776092930395945,4.056000817377593,False,False,False,laplacian,44,4.019958403317176,4.112956519020581,0.3911088095431695
92,s1_clean,4.723335213676367,4.234008104614395,False,False,False,static_raw,44,3.813114150010074,4.427665605475694,0.5381558590494574
92,s1_clean,4.723335213676367,4.234008104614395,False,False,False,graph_diffusion_1,44,3.811201931311614,4.427973575318431,0.41168820198837774
92,s1_clean,4.723335213676367,4.234008104614395,False,False,False,graph_diffusion_3,44,3.8084531071020202,4.428203063105214,0.26214620410791956
92,s1_clean,4.723335213676367,4.234008104614395,False,False,False,laplacian,44,3.8153119329053125,4.42776789766493,0.4009623644528385
93,s1_clean,4.5603601875449,4.42721654605225,False,False,False,static_raw,44,5.317479285086267,4.571308043883028,0.5352702093320878
93,s1_clean,4.5603601875449,4.42721654605225,False,False,False,graph_diffusion_1,44,5.318915198993953,4.5716986245630595,0.408516092952532
93,s1_clean,4.5603601875449,4.42721654605225,False,False,False,graph_diffusion_3,44,5.3213226794730035,4.5722609700383465,0.25883902599202496
93,s1_clean,4.5603601875449,4.42721654605225,False,False,False,laplacian,44,5.316453489339437,4.571350738776907,0.39771647794089743
94,s1_clean,4.376758804931988,4.783397516554166,False,False,False,static_raw,44,3.7882453540409937,4.369773813998202,0.532062084951565
94,s1_clean,4.376758804931988,4.783397516554166,False,False,False,graph_diffusion_1,44,3.786881197676382,4.369977276195734,0.40648767560113014
94,s1_clean,4.376758804931988,4.783397516554166,False,False,False,graph_diffusion_3,44,3.7853111517602795,4.369970749333871,0.25829958097645134
94,s1_clean,4.376758804931988,4.783397516554166,False,False,False,laplacian,44,3.7911158639520957,4.3699649151523285,0.39598258435927186
95,s1_clean,4.278110895822162,4.873116927745965,False,False,False,static_raw,44,4.213634058414083,5.550293008600765,0.505032281445462
95,s1_clean,4.278110895822162,4.873116927745965,False,False,False,graph_diffusion_1,44,4.210698048832853,5.555091012926415,0.38096716520194945
95,s1_clean,4.278110895822162,4.873116927745965,False,False,False,graph_diffusion_3,44,4.20653197382637,5.562878893215244,0.23599318617066145
95,s1_clean,4.278110895822162,4.873116927745965,False,False,False,laplacian,44,4.215101738194728,5.548803157570977,0.3717168962271421
96,s1_clean,4.12801724847605,5.124228511615788,False,False,False,static_raw,54,4.419292319217277,5.337717118519862,0.5869944859257512
96,s1_clean,4.12801724847605,5.124228511615788,False,False,False,graph_diffusion_1,54,4.41881013802402,5.3378205869072035,0.4528797618445942
96,s1_clean,4.12801724847605,5.124228511615788,False,False,False,graph_diffusion_3,54,4.417679043189959,5.338046817757698,0.2922420700736968
96,s1_clean,4.12801724847605,5.124228511615788,False,False,False,laplacian,54,4.419431821510264,5.337711229742986,0.4401542300923712
97,s1_clean,3.704635602450641,5.262849100858526,False,False,False,static_raw,53,3.050958378854132,5.439483980214372,0.5526526703043678
97,s1_clean,3.704635602450641,5.262849100858526,False,False,False,graph_diffusion_1,53,3.050238175995189,5.440046662617173,0.4236103906104276
97,s1_clean,3.704635602450641,5.262849100858526,False,False,False,graph_diffusion_3,53,3.050890645403447,5.440970038569522,0.270562753272273
97,s1_clean,3.704635602450641,5.262849100858526,False,False,False,laplacian,53,3.0564433687965513,5.439434964978769,0.41261080832957164
98,s1_clean,3.5561357581555817,5.285474381301673,False,False,False,static_raw,53,3.6825547495981867,5.079329166396729,0.5391174661061664
98,s1_clean,3.5561357581555817,5.285474381301673,False,False,False,graph_diffusion_1,53,3.681643494198671,5.079477988513462,0.4128522228776696
98,s1_clean,3.5561357581555817,5.285474381301673,False,False,False,graph_diffusion_3,53,3.680191365710418,5.07956972550782,0.2636382255448416
98,s1_clean,3.5561357581555817,5.285474381301673,False,False,False,laplacian,53,3.6836635224299195,5.079365973209847,0.4020213212268313
99,s1_clean,3.128664509288299,5.522908615866154,False,False,False,static_raw,53,5.277479067406932,5.1882229352712566,0.5009978429706576
99,s1_clean,3.128664509288299,5.522908615866154,False,False,False,graph_diffusion_1,53,5.2805111476049085,5.188391471040791,0.3756303036133371
99,s1_clean,3.128664509288299,5.522908615866154,False,False,False,graph_diffusion_3,53,5.284485811786351,5.188508999631858,0.22908262284853642
99,s1_clean,3.128664509288299,5.522908615866154,False,False,False,laplacian,53,5.2741332385071145,5.188232157610236,0.36596916561537923
0,s2_wifi_degraded,6.1055626688123565,8.931678203850066,False,False,False,static_raw,96,5.959906361036001,9.15670269753814,0.5844887375076168
0,s2_wifi_degraded,6.1055626688123565,8.931678203850066,False,False,False,graph_diffusion_1,96,5.954643131834773,9.107555331407195,0.45581458498826904
0,s2_wifi_degraded,6.1055626688123565,8.931678203850066,False,False,False,graph_diffusion_3,96,5.946814955756788,9.015831132286902,0.3044416510325622
0,s2_wifi_degraded,6.1055626688123565,8.931678203850066,False,False,False,laplacian,96,5.959872431054711,9.089009236708014,0.4675109343741612
1,s2_wifi_degraded,6.320554771122484,9.075343533082185,False,False,False,static_raw,96,6.467289910294629,8.674639650033793,0.5207547870339797
1,s2_wifi_degraded,6.320554771122484,9.075343533082185,False,False,False,graph_diffusion_1,96,6.468431732702664,8.631901745092398,0.40032141931285514
1,s2_wifi_degraded,6.320554771122484,9.075343533082185,False,False,False,graph_diffusion_3,96,6.472102163890305,8.554736731041945,0.2620806056298422
1,s2_wifi_degraded,6.320554771122484,9.075343533082185,False,False,False,laplacian,96,6.467068923087717,8.622260447014098,0.4135025895188972
2,s2_wifi_degraded,6.58026211240472,9.446929430621816,False,False,False,static_raw,96,6.352113185297824,8.996012483243444,0.570386940142082
2,s2_wifi_degraded,6.58026211240472,9.446929430621816,False,False,False,graph_diffusion_1,96,6.351759179125832,8.94832642673956,0.443622588013337
2,s2_wifi_degraded,6.58026211240472,9.446929430621816,False,False,False,graph_diffusion_3,96,6.353099601464863,8.860602846057178,0.2949680076847501
2,s2_wifi_degraded,6.58026211240472,9.446929430621816,False,False,False,laplacian,96,6.351931958355488,8.933151854095168,0.4556563705277559
3,s2_wifi_degraded,6.690486996140005,9.773722821152626,False,False,False,static_raw,96,5.898563846553021,8.951067148790298,0.5814829281571376
3,s2_wifi_degraded,6.690486996140005,9.773722821152626,False,False,False,graph_diffusion_1,96,5.892078052064169,8.905379179161582,0.4496469356541779
3,s2_wifi_degraded,6.690486996140005,9.773722821152626,False,False,False,graph_diffusion_3,96,5.881939024016293,8.82128995332444,0.2939831182549354
3,s2_wifi_degraded,6.690486996140005,9.773722821152626,False,False,False,laplacian,96,5.898528771029108,8.8910423980281,0.4619562647809088
4,s2_wifi_degraded,6.648930003357536,9.453988556211296,False,False,False,static_raw,96,6.295476948418529,9.050177755718057,0.6238054252436401
4,s2_wifi_degraded,6.648930003357536,9.453988556211296,False,False,False,graph_diffusion_1,96,6.29405394575354,9.002071524911194,0.48590241549676455
4,s2_wifi_degraded,6.648930003357536,9.453988556211296,False,False,False,graph_diffusion_3,96,6.293075490511242,8.913140459508915,0.3225588598947506
4,s2_wifi_degraded,6.648930003357536,9.453988556211296,False,False,False,laplacian,96,6.295384208523193,8.985835721725925,0.49811843344928375
5,s2_wifi_degraded,6.503414861243288,9.34880509424309,False,False,False,static_raw,96,6.2534207568998434,8.903420596436522,0.5076724406778699
5,s2_wifi_degraded,6.503414861243288,9.34880509424309,False,False,False,graph_diffusion_1,96,6.253092010867214,8.856194844978216,0.39146670193387983
5,s2_wifi_degraded,6.503414861243288,9.34880509424309,False,False,False,graph_diffusion_3,96,6.252771842685058,8.769467472827879,0.25728510391550413
5,s2_wifi_degraded,6.503414861243288,9.34880509424309,False,False,False,laplacian,96,6.25288717770873,8.842385320613264,0.4039673379608112
6,s2_wifi_degraded,6.309679632446698,9.224501326679391,False,False,False,static_raw,96,5.924501621872767,9.200491689272669,0.5752248095303215
6,s2_wifi_degraded,6.309679632446698,9.224501326679391,False,False,False,graph_diffusion_1,96,5.919167908381801,9.150034219623302,0.4491194098872882
6,s2_wifi_degraded,6.309679632446698,9.224501326679391,False,False,False,graph_diffusion_3,96,5.911299476837581,9.055819686561017,0.3011143353563156
6,s2_wifi_degraded,6.309679632446698,9.224501326679391,False,False,False,laplacian,96,5.924469022815615,9.130598618494346,0.4605143968540695
7,s2_wifi_degraded,6.06460409098813,9.084291660062746,False,False,False,static_raw,96,6.162073070986425,9.086567362035684,0.6508492764288405
7,s2_wifi_degraded,6.06460409098813,9.084291660062746,False,False,False,graph_diffusion_1,96,6.159044297140869,9.03845628081199,0.5073438204514266
7,s2_wifi_degraded,6.06460409098813,9.084291660062746,False,False,False,graph_diffusion_3,96,6.154547988124508,8.94910971004736,0.3360615524642372
7,s2_wifi_degraded,6.06460409098813,9.084291660062746,False,False,False,laplacian,96,6.162029527880618,9.02141444521477,0.519495985080333
8,s2_wifi_degraded,5.726062604387588,9.046898224684307,False,False,False,static_raw,85,5.257257456630924,8.669425643663386,0.6701911688822091
8,s2_wifi_degraded,5.726062604387588,9.046898224684307,False,False,False,graph_diffusion_1,85,5.2589628008323395,8.670249313996223,0.511048098921587
8,s2_wifi_degraded,5.726062604387588,9.046898224684307,False,False,False,graph_diffusion_3,85,5.261446598071412,8.655664189857818,0.32599425501352336
8,s2_wifi_degraded,5.726062604387588,9.046898224684307,False,False,False,laplacian,85,5.257255314542676,8.647508784820486,0.5034403425625376
9,s2_wifi_degraded,5.334545965818324,9.091415993613808,False,False,False,static_raw,95,5.248423930436122,9.224072550140788,0.6114067857823859
9,s2_wifi_degraded,5.334545965818324,9.091415993613808,False,False,False,graph_diffusion_1,95,5.245501081831127,9.175791060582739,0.48387965558782686
9,s2_wifi_degraded,5.334545965818324,9.091415993613808,False,False,False,graph_diffusion_3,95,5.240991260873816,9.084617886192067,0.3322727828927834
9,s2_wifi_degraded,5.334545965818324,9.091415993613808,False,False,False,laplacian,95,5.248421862408628,9.1556204401099,0.49475353503110053
10,s2_wifi_degraded,4.945823765007514,9.252578001847564,True,False,False,static_raw,94,4.609254685192386,9.044257642128533,0.5328837970279425
10,s2_wifi_degraded,4.945823765007514,9.252578001847564,True,False,False,graph_diffusion_1,94,4.611262089146054,9.009336722810135,0.431227674714559
10,s2_wifi_degraded,4.945823765007514,9.252578001847564,True,False,False,graph_diffusion_3,94,4.614300976481002,8.940094944634119,0.3055235229421472
10,s2_wifi_degraded,4.945823765007514,9.252578001847564,True,False,False,laplacian,94,4.609257937987909,8.990895661427157,0.43939602816524403
11,s2_wifi_degraded,4.721675127324938,9.340170350002357,True,False,False,static_raw,94,4.659693909460776,9.351101553886451,0.7354118048131163
11,s2_wifi_degraded,4.721675127324938,9.340170350002357,True,False,False,graph_diffusion_1,94,4.660550173818751,9.294907278936003,0.5783991790551795
11,s2_wifi_degraded,4.721675127324938,9.340170350002357,True,False,False,graph_diffusion_3,94,4.661889531874567,9.190111854115475,0.38972892995909425
11,s2_wifi_degraded,4.721675127324938,9.340170350002357,True,False,False,laplacian,94,4.659696743109544,9.271989084928899,0.5893784770109041
12,s2_wifi_degraded,4.340963373281298,9.42272693147179,True,False,False,static_raw,94,4.855485194333086,9.44829371050507,0.6346175110089978
12,s2_wifi_degraded,4.340963373281298,9.42272693147179,True,False,False,graph_diffusion_1,94,4.856344381726292,9.38691187588433,0.5124887216957129
12,s2_wifi_degraded,4.340963373281298,9.42272693147179,True,False,False,graph_diffusion_3,94,4.8577078894477985,9.27280797716206,0.35998842803852393
12,s2_wifi_degraded,4.340963373281298,9.42272693147179,True,False,False,laplacian,94,4.8554862291072,9.361023702621317,0.5170623822479876
13,s2_wifi_degraded,4.095436566930193,9.473710426329454,True,False,False,static_raw,84,4.013744892775796,9.006583255700399,0.4821305434789108
13,s2_wifi_degraded,4.095436566930193,9.473710426329454,True,False,False,graph_diffusion_1,84,4.023256521130882,8.974777666797634,0.3643044678287918
13,s2_wifi_degraded,4.095436566930193,9.473710426329454,True,False,False,graph_diffusion_3,84,4.036878169268856,8.91061761172793,0.23634793468477797
13,s2_wifi_degraded,4.095436566930193,9.473710426329454,True,False,False,laplacian,93,4.013778983540074,8.956381869200959,0.3696935924281134
14,s2_wifi_degraded,3.863209848904428,9.531730849012984,True,False,False,static_raw,93,4.146170558873506,9.215781421771412,0.5054524707404365
14,s2_wifi_degraded,3.863209848904428,9.531730849012984,True,False,False,graph_diffusion_1,93,4.1535045491602025,9.167663330932497,0.3951943231423145
14,s2_wifi_degraded,3.863209848904428,9.531730849012984,True,False,False,graph_diffusion_3,93,4.164283608055892,9.07688785205999,0.2693527712603478
14,s2_wifi_degraded,3.863209848904428,9.531730849012984,True,False,False,laplacian,93,4.146198979816204,9.14766160838989,0.4069400839358739
15,s2_wifi_degraded,3.520682956293645,9.491058893166894,True,False,False,static_raw,93,4.43217638679957,9.134219850469126,0.5000012388156767
15,s2_wifi_degraded,3.520682956293645,9.491058893166894,True,False,False,graph_diffusion_1,93,4.446634052785329,9.092282681423157,0.37901996613145283
15,s2_wifi_degraded,3.520682956293645,9.491058893166894,True,False,False,graph_diffusion_3,93,4.468148123380005,9.01173803637736,0.24291035058030971
15,s2_wifi_degraded,3.520682956293645,9.491058893166894,True,False,False,laplacian,93,4.432201897404781,9.073292256065539,0.3941761219697641
16,s2_wifi_degraded,3.165382501834026,9.461587695941777,True,False,False,static_raw,93,4.191188763071113,9.066252546668647,0.5000004096887799
16,s2_wifi_degraded,3.165382501834026,9.461587695941777,True,False,False,graph_diffusion_1,93,4.203663491686637,9.029561491897804,0.3793575685901099
16,s2_wifi_degraded,3.165382501834026,9.461587695941777,True,False,False,graph_diffusion_3,93,4.222048816677309,8.957554673209724,0.24823698830021537
16,s2_wifi_degraded,3.165382501834026,9.461587695941777,True,False,False,laplacian,93,4.191216307682703,9.011043398370711,0.39658024754580884
17,s2_wifi_degraded,2.930245477093876,9.456164822050765,True,False,False,static_raw,92,3.071083283218801,8.578955235433718,0.5007974952725047
17,s2_wifi_degraded,2.930245477093876,9.456164822050765,True,False,False,graph_diffusion_1,92,3.0777143599776156,8.53912581727387,0.3804823845419957
17,s2_wifi_degraded,2.930245477093876,9.456164822050765,True,False,False,graph_diffusion_3,92,3.0783495329980726,8.471622915363273,0.24304207208117803
17,s2_wifi_degraded,2.930245477093876,9.456164822050765,True,False,False,laplacian,92,3.0714658596095243,8.53117840252414,0.39458611034851
18,s2_wifi_degraded,2.7420797060020465,9.472996628406442,True,False,False,static_raw,92,3.05695316563334,9.157288939725598,0.5163149393717152
18,s2_wifi_degraded,2.7420797060020465,9.472996628406442,True,False,False,graph_diffusion_1,92,3.062241077081729,9.107785649498622,0.4095691383559943
18,s2_wifi_degraded,2.7420797060020465,9.472996628406442,True,False,False,graph_diffusion_3,92,3.059837746255226,9.017151312732501,0.2827893638940908
18,s2_wifi_degraded,2.7420797060020465,9.472996628406442,True,False,False,laplacian,92,3.0573239638489254,9.0892638338877,0.4190666754585851
19,s2_wifi_degraded,2.4198638446847416,9.489528341112424,True,False,False,static_raw,92,5.385493919117924,9.322203897752393,0.5033543775340629
19,s2_wifi_degraded,2.4198638446847416,9.489528341112424,True,False,False,graph_diffusion_1,92,5.418878935462932,9.264686708712912,0.38132691718411027
19,s2_wifi_degraded,2.4198638446847416,9.489528341112424,True,False,False,graph_diffusion_3,92,5.434977596805691,9.157804520816905,0.23995521633967595
19,s2_wifi_degraded,2.4198638446847416,9.489528341112424,True,False,False,laplacian,92,5.376127233184743,9.243531450271757,0.3943110878802233
20,s2_wifi_degraded,2.0874415206005943,9.43132427410417,False,False,False,static_raw,92,4.788477909841229,9.005534125521962,0.5184895311731128
20,s2_wifi_degraded,2.0874415206005943,9.43132427410417,False,False,False,graph_diffusion_1,92,4.824813202654834,8.956978843538408,0.3933606543185216
20,s2_wifi_degraded,2.0874415206005943,9.43132427410417,False,False,False,graph_diffusion_3,92,4.864501303386552,8.86916769101372,0.2475746298159326
20,s2_wifi_degraded,2.0874415206005943,9.43132427410417,False,False,False,laplacian,92,4.7869016845691945,8.941460872782239,0.4071690477520749
21,s2_wifi_degraded,1.6827551012106006,9.608276410412028,False,False,False,static_raw,91,3.436553148003898,9.300465065876157,0.5069798381905384
21,s2_wifi_degraded,1.6827551012106006,9.608276410412028,False,False,False,graph_diffusion_1,91,3.391048187950336,9.249427474194793,0.3868472148977223
21,s2_wifi_degraded,1.6827551012106006,9.608276410412028,False,False,False,graph_diffusion_3,91,3.3759701316209947,9.145975534636076,0.2558638379634384
21,s2_wifi_degraded,1.6827551012106006,9.608276410412028,False,False,False,laplacian,91,3.4402333915772885,9.222505972724166,0.4045249888105208
22,s2_wifi_degraded,1.5666621834216723,9.721824928735591,False,False,False,static_raw,91,2.2866662624777128,8.663063602600475,0.5316830059817078
22,s2_wifi_degraded,1.5666621834216723,9.721824928735591,False,False,False,graph_diffusion_1,91,2.2567931894374818,8.636031448723193,0.4005150071213824
22,s2_wifi_degraded,1.5666621834216723,9.721824928735591,False,False,False,graph_diffusion_3,91,2.250734113750947,8.56499358804066,0.26066460398514296
22,s2_wifi_degraded,1.5666621834216723,9.721824928735591,False,False,False,laplacian,91,2.293305928273309,8.608200833451054,0.42280154947163123
23,s2_wifi_degraded,1.8135872918506848,9.442076930062784,False,False,False,static_raw,91,1.8187865936823309,8.729774181758822,0.5391256115157665
23,s2_wifi_degraded,1.8135872918506848,9.442076930062784,False,False,False,graph_diffusion_1,91,1.7923363358389293,8.701502264167242,0.40779101364493453
23,s2_wifi_degraded,1.8135872918506848,9.442076930062784,False,False,False,graph_diffusion_3,91,1.7865361824953874,8.62938664133692,0.26792618881974406
23,s2_wifi_degraded,1.8135872918506848,9.442076930062784,False,False,False,laplacian,91,1.8276237253641627,8.674707000000044,0.4304648205565993
24,s2_wifi_degraded,1.9797748224675469,9.171124941492176,False,False,False,static_raw,91,2.5671146640924505,9.2188370619596,0.6095092351475291
24,s2_wifi_degraded,1.9797748224675469,9.171124941492176,False,False,False,graph_diffusion_1,91,2.539302988281941,9.1708865184989,0.4634137503266924
24,s2_wifi_degraded,1.9797748224675469,9.171124941492176,False,False,False,graph_diffusion_3,91,2.538034751399408,9.0703295107432,0.3060652931423705
24,s2_wifi_degraded,1.9797748224675469,9.171124941492176,False,False,False,laplacian,91,2.5759641751422864,9.145421863542655,0.48700273289881163
25,s2_wifi_degraded,2.0026978386863656,9.060785581306895,False,False,False,static_raw,81,2.1921119827508093,8.670842666887411,0.5236974257976192
25,s2_wifi_degraded,2.0026978386863656,9.060785581306895,False,False,False,graph_diffusion_1,81,2.163587988715944,8.661247329362544,0.39423024166034465
25,s2_wifi_degraded,2.0026978386863656,9.060785581306895,False,False,False,graph_diffusion_3,81,2.1247627463975234,8.636767834928353,0.24944885771167188
25,s2_wifi_degraded,2.0026978386863656,9.060785581306895,False,False,False,laplacian,81,2.1969136375478633,8.642248590485968,0.39267288674518713
26,s2_wifi_degraded,2.0409538218277232,8.768038731768266,False,False,False,static_raw,81,2.489213528786956,8.592581767573932,0.4606051231476593
26,s2_wifi_degraded,2.0409538218277232,8.768038731768266,False,False,False,graph_diffusion_1,81,2.4591235153463655,8.587115335093223,0.35004765116559244
26,s2_wifi_degraded,2.0409538218277232,8.768038731768266,False,False,False,graph_diffusion_3,81,2.4165144498493443,8.56922836138341,0.22467165545917922
26,s2_wifi_degraded,2.0409538218277232,8.768038731768266,False,False,False,laplacian,81,2.4932195334073164,8.567210675455183,0.3478225288981663
27,s2_wifi_degraded,1.943647595119588,8.39052055732134,False,False,False,static_raw,81,2.0931245945498946,7.860497271972784,0.529661686989601
27,s2_wifi_degraded,1.943647595119588,8.39052055732134,False,False,False,graph_diffusion_1,81,2.0796062228931085,7.881438497667218,0.395415541895461
27,s2_wifi_degraded,1.943647595119588,8.39052055732134,False,False,False,graph_diffusion_3,81,2.06662586031388,7.906528726189544,0.24522567812647808
27,s2_wifi_degraded,1.943647595119588,8.39052055732134,False,False,False,laplacian,81,2.1096476784466027,7.851678346446961,0.3939614252859233
28,s2_wifi_degraded,1.822933837050688,7.938503894157455,False,False,False,static_raw,71,1.6813555537910405,7.151449130477864,0.5682008855829133
28,s2_wifi_degraded,1.822933837050688,7.938503894157455,False,False,False,graph_diffusion_1,71,1.6707981824062925,7.156266482680085,0.43078261756680847
28,s2_wifi_degraded,1.822933837050688,7.938503894157455,False,False,False,graph_diffusion_3,71,1.6673667496108144,7.167012065076255,0.2724609625891776
28,s2_wifi_degraded,1.822933837050688,7.938503894157455,False,False,False,laplacian,71,1.6945343678641525,7.149667085274559,0.425192563581058
29,s2_wifi_degraded,1.5143958915018594,7.638191012939957,False,False,False,static_raw,71,1.3564790316234014,7.5376657984302255,0.5680186192104383
29,s2_wifi_degraded,1.5143958915018594,7.638191012939957,False,False,False,graph_diffusion_1,71,1.3631249584192864,7.534979353681903,0.4330118297986499
29,s2_wifi_degraded,1.5143958915018594,7.638191012939957,False,False,False,graph_diffusion_3,71,1.3887025503463868,7.530967227846549,0.2770474776232597
29,s2_wifi_degraded,1.5143958915018594,7.638191012939957,False,False,False,laplacian,71,1.3838490705729538,7.530826861842345,0.42644120261166496
30,s2_wifi_degraded,1.3675026549702816,7.582213936330399,False,False,False,static_raw,71,4.129397911338184,7.067142693126946,0.500891133816385
30,s2_wifi_degraded,1.3675026549702816,7.582213936330399,False,False,False,graph_diffusion_1,71,4.100714161744335,7.072967381755219,0.37134901021037997
30,s2_wifi_degraded,1.3675026549702816,7.582213936330399,False,False,False,graph_diffusion_3,71,4.065998593197011,7.0856061226549745,0.22361584115601868
30,s2_wifi_degraded,1.3675026549702816,7.582213936330399,False,False,False,laplacian,71,4.131546116412138,7.065707665017954,0.3658904104254324
31,s2_wifi_degraded,1.2429294919367564,7.522606951356906,False,False,False,static_raw,71,1.0976339135647624,7.6345067165349425,0.5204589989068942
31,s2_wifi_degraded,1.2429294919367564,7.522606951356906,False,False,False,graph_diffusion_1,71,1.1232474591046249,7.623731482969993,0.39935774191422707
31,s2_wifi_degraded,1.2429294919367564,7.522606951356906,False,False,False,graph_diffusion_3,71,1.1782940535310058,7.608190459795985,0.2593038354296537
31,s2_wifi_degraded,1.2429294919367564,7.522606951356906,False,False,False,laplacian,71,1.1405015346060141,7.625036825000294,0.39104219778224547
32,s2_wifi_degraded,1.1706414409291317,7.446686809586819,False,False,False,static_raw,71,2.7451310152251973,7.763152710023902,0.5388090243255356
32,s2_wifi_degraded,1.1706414409291317,7.446686809586819,False,False,False,graph_diffusion_1,71,2.726541011200615,7.751606084337207,0.40637829157221533
32,s2_wifi_degraded,1.1706414409291317,7.446686809586819,False,False,False,graph_diffusion_3,71,2.7064717479917646,7.732340718953651,0.2543897630173355
32,s2_wifi_degraded,1.1706414409291317,7.446686809586819,False,False,False,laplacian,71,2.7554384662010483,7.750731725236586,0.399857787301119
33,s2_wifi_degraded,1.0225794063669398,7.298034493574606,False,False,False,static_raw,70,0.8005504147484508,7.067915377148647,0.5818646535490938
33,s2_wifi_degraded,1.0225794063669398,7.298034493574606,False,False,False,graph_diffusion_1,70,0.8550010502023722,7.063483961216673,0.45650325246563095
33,s2_wifi_degraded,1.0225794063669398,7.298034493574606,False,False,False,graph_diffusion_3,70,0.9544790836450192,7.065401091519371,0.3070125865543545
33,s2_wifi_degraded,1.0225794063669398,7.298034493574606,False,False,False,laplacian,70,0.8744416034815743,7.065860392656879,0.46703693259759477
34,s2_wifi_degraded,0.8405580282052503,7.1660136409604815,False,False,False,static_raw,70,0.8183264060400441,6.812809811072929,0.5435202457446111
34,s2_wifi_degraded,0.8405580282052503,7.1660136409604815,False,False,False,graph_diffusion_1,70,0.8702195354055312,6.806478905046074,0.4232710015840034
34,s2_wifi_degraded,0.8405580282052503,7.1660136409604815,False,False,False,graph_diffusion_3,70,0.9651077713647785,6.807363492202399,0.28188952172186765
34,s2_wifi_degraded,0.8405580282052503,7.1660136409604815,False,False,False,laplacian,70,0.8892427440897133,6.812010613463333,0.434503332727259
35,s2_wifi_degraded,0.7992402328627707,7.065719351919998,True,False,False,static_raw,70,1.154346001196697,7.364143321448414,0.5304385723676655
35,s2_wifi_degraded,0.7992402328627707,7.065719351919998,True,False,False,graph_diffusion_1,70,1.1959466603392972,7.3647567731454044,0.41066183299550824
35,s2_wifi_degraded,0.7992402328627707,7.065719351919998,True,False,False,graph_diffusion_3,70,1.270712011678152,7.372695076250215,0.27151424307597083
35,s2_wifi_degraded,0.7992402328627707,7.065719351919998,True,False,False,laplacian,70,1.2093993571083894,7.3607405849170755,0.4240819985366524
36,s2_wifi_degraded,0.7671095331979448,6.6194549412444434,True,False,False,static_raw,60,4.885632716525497,7.954163292058434,0.49999980008846023
36,s2_wifi_degraded,0.7671095331979448,6.6194549412444434,True,False,False,graph_diffusion_1,60,4.767032402909276,7.87560343428,0.3926829808414698
36,s2_wifi_degraded,0.7671095331979448,6.6194549412444434,True,False,False,graph_diffusion_3,60,4.622484975192472,7.760627637912233,0.25976940272993226
36,s2_wifi_degraded,0.7671095331979448,6.6194549412444434,True,False,False,laplacian,60,4.889540662128878,7.911991425267033,0.391544675986858
37,s2_wifi_degraded,0.7867269935815102,6.50813786445098,True,False,False,static_raw,60,0.6303940692983258,7.121410991654335,0.5761371800112123
37,s2_wifi_degraded,0.7867269935815102,6.50813786445098,True,False,False,graph_diffusion_1,60,0.689485026813839,7.120427119924736,0.45269970834543827
37,s2_wifi_degraded,0.7867269935815102,6.50813786445098,True,False,False,graph_diffusion_3,60,0.7995396173573188,7.11504620715274,0.30656271985690065
37,s2_wifi_degraded,0.7867269935815102,6.50813786445098,True,False,False,laplacian,60,0.7117070247578653,7.113171092719327,0.4622003514098824
38,s2_wifi_degraded,0.9039958580667962,6.339426406945286,True,False,False,static_raw,60,0.8818300760003513,4.363896835943075,0.5000000062864964
38,s2_wifi_degraded,0.9039958580667962,6.339426406945286,True,False,False,graph_diffusion_1,60,0.9348644108588327,4.35757694699989,0.38091194067640843
38,s2_wifi_degraded,0.9039958580667962,6.339426406945286,True,False,False,graph_diffusion_3,60,1.031426587680552,4.339269543605885,0.24152233959552416
38,s2_wifi_degraded,0.9039958580667962,6.339426406945286,True,False,False,laplacian,60,0.9535125210630321,4.372370262615774,0.39157405648578925
39,s2_wifi_degraded,0.9979740023158236,6.187541249202924,True,False,False,static_raw,60,1.4921195337438995,4.7001395663694465,0.5003194786911178
39,s2_wifi_degraded,0.9979740023158236,6.187541249202924,True,False,False,graph_diffusion_1,60,1.541389281335124,4.687737135628709,0.38026585179666034
39,s2_wifi_degraded,0.9979740023158236,6.187541249202924,True,False,False,graph_diffusion_3,60,1.629983621264325,4.6694019919093055,0.24189029834605738
39,s2_wifi_degraded,0.9979740023158236,6.187541249202924,True,False,False,laplacian,60,1.549112890760873,4.707683666814614,0.3926156967642112
40,s2_wifi_degraded,1.28488954092244,5.782257454541684,True,False,False,static_raw,51,1.2846863555108619,7.269545166645213,0.5000322438015096
40,s2_wifi_degraded,1.28488954092244,5.782257454541684,True,False,False,graph_diffusion_1,51,1.3139393452600503,7.1611659276412905,0.38208665123601776
40,s2_wifi_degraded,1.28488954092244,5.782257454541684,True,False,False,graph_diffusion_3,51,1.369872787186345,7.006894429700048,0.24032334191182025
40,s2_wifi_degraded,1.28488954092244,5.782257454541684,True,False,False,laplacian,51,1.3285167148499815,7.236739607714335,0.3652860631389734
41,s2_wifi_degraded,1.513102962684955,5.518180410148621,True,False,False,static_raw,51,1.5798811330453846,5.202483192397567,0.5734805946324687
41,s2_wifi_degraded,1.513102962684955,5.518180410148621,True,False,False,graph_diffusion_1,51,1.5763225981461466,5.205119023139164,0.437363717347212
41,s2_wifi_degraded,1.513102962684955,5.518180410148621,True,False,False,graph_diffusion_3,51,1.5841947889145154,5.208627394442966,0.2802164065682514
41,s2_wifi_degraded,1.513102962684955,5.518180410148621,True,False,False,laplacian,51,1.5980873365810748,5.202481597450511,0.4306143748963421
42,s2_wifi_degraded,1.6106044791645622,5.19830615307079,True,False,False,static_raw,51,1.0016865399343884,5.657476258653748,0.5007035879873106
42,s2_wifi_degraded,1.6106044791645622,5.19830615307079,True,False,False,graph_diffusion_1,51,1.0333364616000722,5.651277396667567,0.38978015105439434
42,s2_wifi_degraded,1.6106044791645622,5.19830615307079,True,False,False,graph_diffusion_3,51,1.097090051686441,5.642904368028467,0.25968859692223994
42,s2_wifi_degraded,1.6106044791645622,5.19830615307079,True,False,False,laplacian,51,1.051194612392521,5.655938401057589,0.38028626160835155
43,s2_wifi_degraded,1.8972643262832607,4.975906927269721,True,False,False,static_raw,41,3.18307278183038,3.620437291946592,0.3443150359760072
43,s2_wifi_degraded,1.8972643262832607,4.975906927269721,True,False,False,graph_diffusion_1,41,3.1650861310156184,3.6295088513826568,0.2673707170144455
43,s2_wifi_degraded,1.8972643262832607,4.975906927269721,True,False,False,graph_diffusion_3,41,3.144081648609292,3.644259240307378,0.17459419570479037
43,s2_wifi_degraded,1.8972643262832607,4.975906927269721,True,False,False,laplacian,41,3.1864665817042717,3.626743192273006,0.26101478693694374
44,s2_wifi_degraded,2.229332660696988,4.76372737768957,True,False,False,static_raw,41,1.166454650254013,4.963509646695505,0.3448178730202987
44,s2_wifi_degraded,2.229332660696988,4.76372737768957,True,False,False,graph_diffusion_1,41,1.1995135729340876,4.955013253918699,0.27886234939431176
44,s2_wifi_degraded,2.229332660696988,4.76372737768957,True,False,False,graph_diffusion_3,41,1.2634335387030424,4.942165650793995,0.19892054797000047
44,s2_wifi_degraded,2.229332660696988,4.76372737768957,True,False,False,laplacian,41,1.2144887192247447,4.963266129468983,0.27107014713681865
45,s2_wifi_degraded,2.6145006895276834,4.592072450426468,True,False,False,static_raw,42,1.5227265998798418,4.22514450174371,0.5001012482998283
45,s2_wifi_degraded,2.6145006895276834,4.592072450426468,True,False,False,graph_diffusion_1,42,1.562722136202477,4.227700663914286,0.37914709117614087
45,s2_wifi_degraded,2.6145006895276834,4.592072450426468,True,False,False,graph_diffusion_3,42,1.63158866649951,4.231910038969955,0.2368270318923913
45,s2_wifi_degraded,2.6145006895276834,4.592072450426468,True,False,False,laplacian,42,1.5670076687113015,4.225168399052112,0.3664038963932703
46,s2_wifi_degraded,2.661129424294631,4.466616768697175,True,False,False,static_raw,42,2.9119986678947263,5.843006281200251,0.5001228925991344
46,s2_wifi_degraded,2.661129424294631,4.466616768697175,True,False,False,graph_diffusion_1,42,2.911168015801437,5.846294662465219,0.37492654754761967
46,s2_wifi_degraded,2.661129424294631,4.466616768697175,True,False,False,graph_diffusion_3,42,2.9050658470229993,5.8516473781394645,0.2282555703085099
46,s2_wifi_degraded,2.661129424294631,4.466616768697175,True,False,False,laplacian,42,2.9125834705699276,5.841731417580157,0.36546405492869105
47,s2_wifi_degraded,2.6450300380382434,4.183588162907463,True,False,False,static_raw,42,5.29036379362972,4.999328109555209,0.5000086301667389
47,s2_wifi_degraded,2.6450300380382434,4.183588162907463,True,False,False,graph_diffusion_1,42,5.284612943514923,4.99940486642528,0.3747924989600347
47,s2_wifi_degraded,2.6450300380382434,4.183588162907463,True,False,False,graph_diffusion_3,42,5.263343340773781,4.998701641178664,0.22783299573922536
47,s2_wifi_degraded,2.6450300380382434,4.183588162907463,True,False,False,laplacian,42,5.2772409514297,4.999235065125125,0.3648279216922645
48,s2_wifi_degraded,2.633014421787828,3.6860116411580814,False,False,False,static_raw,32,1.7292424894662706,4.238536765688256,0.5082165504944417
48,s2_wifi_degraded,2.633014421787828,3.6860116411580814,False,False,False,graph_diffusion_1,32,1.756190021141471,4.233882892317154,0.38502698947168795
48,s2_wifi_degraded,2.633014421787828,3.6860116411580814,False,False,False,graph_diffusion_3,32,1.8031399957446528,4.224872047345199,0.23986980761259397
48,s2_wifi_degraded,2.633014421787828,3.6860116411580814,False,False,False,laplacian,32,1.7613691351163336,4.238593030988116,0.3733545127872272
49,s2_wifi_degraded,2.7923313692644163,3.3743378598159564,False,False,False,static_raw,32,3.0614199682285173,3.3130025804992984,0.5428367121618117
49,s2_wifi_degraded,2.7923313692644163,3.3743378598159564,False,False,False,graph_diffusion_1,32,3.061589477230081,3.312531312291967,0.41518368375292564
49,s2_wifi_degraded,2.7923313692644163,3.3743378598159564,False,False,False,graph_diffusion_3,32,3.0577101625829,3.312092603089883,0.26382665984187165
49,s2_wifi_degraded,2.7923313692644163,3.3743378598159564,False,False,False,laplacian,32,3.0624834472336206,3.3150422968181283,0.4044310637567103
50,s2_wifi_degraded,2.983612121628606,3.11916257556942,False,False,False,static_raw,32,3.1001944668672614,3.5151654640901335,0.5393279257416957
50,s2_wifi_degraded,2.983612121628606,3.11916257556942,False,False,False,graph_diffusion_1,32,3.100061489928791,3.5144578866752507,0.4138354286697027
50,s2_wifi_degraded,2.983612121628606,3.11916257556942,False,False,False,graph_diffusion_3,32,3.0952403294564164,3.5126462161840317,0.2646759340025104
50,s2_wifi_degraded,2.983612121628606,3.11916257556942,False,False,False,laplacian,32,3.100704761017693,3.5155836278383283,0.40290151779207545
51,s2_wifi_degraded,3.351818132537528,2.843855854625126,False,False,False,static_raw,23,3.7631340559633366,2.4588873409670104,0.5445518731749096
51,s2_wifi_degraded,3.351818132537528,2.843855854625126,False,False,False,graph_diffusion_1,23,3.76356346148448,2.4635547586049626,0.4176580147614418
51,s2_wifi_degraded,3.351818132537528,2.843855854625126,False,False,False,graph_diffusion_3,23,3.763757173814661,2.4698962805015263,0.2670402985859031
51,s2_wifi_degraded,3.351818132537528,2.843855854625126,False,False,False,laplacian,23,3.7641576059878243,2.4677118507326137,0.4066660391543349
52,s2_wifi_degraded,3.56862361427012,2.697604331930428,False,False,False,static_raw,23,3.6702946084395163,2.253475339439902,0.6068190572815607
52,s2_wifi_degraded,3.56862361427012,2.697604331930428,False,False,False,graph_diffusion_1,23,3.670828968637989,2.253810625534065,0.4665203159979126
52,s2_wifi_degraded,3.56862361427012,2.697604331930428,False,False,False,graph_diffusion_3,23,3.67073662415105,2.254775837849481,0.2987317547568444
52,s2_wifi_degraded,3.56862361427012,2.697604331930428,False,False,False,laplacian,23,3.6704173194345477,2.2614736673985725,0.4544524872713175
53,s2_wifi_degraded,3.943888445431222,2.4514296926551147,False,False,False,static_raw,3,3.299599491091771,1.502297903474593,0.5372785302812556
53,s2_wifi_degraded,3.943888445431222,2.4514296926551147,False,False,False,graph_diffusion_1,3,3.2969535764362954,1.5475359825770436,0.4139725395491919
53,s2_wifi_degraded,3.943888445431222,2.4514296926551147,False,False,False,graph_diffusion_3,3,3.291967441146605,1.6285195070726188,0.2703458857696363
53,s2_wifi_degraded,3.943888445431222,2.4514296926551147,False,False,False,laplacian,3,3.3012426077108104,1.553316500449893,0.42659707860990426
54,s2_wifi_degraded,4.260369316238271,2.2082022988398595,False,False,False,static_raw,24,4.496137347825397,2.7758152409146173,0.5799468481959006
54,s2_wifi_degraded,4.260369316238271,2.2082022988398595,False,False,False,graph_diffusion_1,24,4.496101821334621,2.7764246441633342,0.44575754215813995
54,s2_wifi_degraded,4.260369316238271,2.2082022988398595,False,False,False,graph_diffusion_3,24,4.496038421196719,2.7742267656952895,0.2853944357680644
54,s2_wifi_degraded,4.260369316238271,2.2082022988398595,False,False,False,laplacian,24,4.496441013393577,2.7792327638570034,0.43368070198649744
55,s2_wifi_degraded,4.627569160973635,2.060114150367901,False,False,False,static_raw,24,4.560549684957631,1.9990175122548177,0.5646325229982743
55,s2_wifi_degraded,4.627569160973635,2.060114150367901,False,False,False,graph_diffusion_1,24,4.5604782243519875,2.011086392373371,0.4343666310611406
55,s2_wifi_degraded,4.627569160973635,2.060114150367901,False,False,False,graph_diffusion_3,24,4.5601528126862645,2.032596631481016,0.2787838840656786
55,s2_wifi_degraded,4.627569160973635,2.060114150367901,False,False,False,laplacian,24,4.560586687849404,2.017633651850326,0.4222908606621771
56,s2_wifi_degraded,4.961867043427717,1.830848239374332,False,False,False,static_raw,4,4.573129851826863,1.1228842176717582,0.6050939838613874
56,s2_wifi_degraded,4.961867043427717,1.830848239374332,False,False,False,graph_diffusion_1,4,4.573854920519911,1.1711008557056006,0.47113194238344847
56,s2_wifi_degraded,4.961867043427717,1.830848239374332,False,False,False,graph_diffusion_3,4,4.5749666279435734,1.2594621180904018,0.3134088290511003
56,s2_wifi_degraded,4.961867043427717,1.830848239374332,False,False,False,laplacian,4,4.573239055165119,1.1841952559135418,0.48330208302390004
57,s2_wifi_degraded,5.0679788704002044,1.7195475994342533,False,False,False,static_raw,5,6.123060124335018,2.410453254449204,0.5016805909073713
57,s2_wifi_degraded,5.0679788704002044,1.7195475994342533,False,False,False,graph_diffusion_1,5,6.129375169467649,2.4636094668189714,0.380408614005961
57,s2_wifi_degraded,5.0679788704002044,1.7195475994342533,False,False,False,graph_diffusion_3,5,6.138649130287598,2.5559129311824194,0.24026445117471867
57,s2_wifi_degraded,5.0679788704002044,1.7195475994342533,False,False,False,laplacian,5,6.119268512827408,2.4565258869904305,0.39329456267703045
58,s2_wifi_degraded,5.335240810429285,1.571560122687008,False,False,False,static_raw,15,4.430507621019739,2.7337389837161252,0.5003297371603943
58,s2_wifi_degraded,5.335240810429285,1.571560122687008,False,False,False,graph_diffusion_1,15,4.439597029765318,2.7118161163105095,0.3715591912466677
58,s2_wifi_degraded,5.335240810429285,1.571560122687008,False,False,False,graph_diffusion_3,15,4.451477543505639,2.6890370396005587,0.2253103271328314
58,s2_wifi_degraded,5.335240810429285,1.571560122687008,False,False,False,laplacian,15,4.431860344712366,2.737883475828739,0.3658998508560132
59,s2_wifi_degraded,5.651780389210071,1.3727606103935992,False,False,False,static_raw,15,5.7950180639362525,1.3354730019177212,0.570489952458514
59,s2_wifi_degraded,5.651780389210071,1.3727606103935992,False,False,False,graph_diffusion_1,15,5.791633760805727,1.3444959418402826,0.4381989597571159
59,s2_wifi_degraded,5.651780389210071,1.3727606103935992,False,False,False,graph_diffusion_3,15,5.787150525824247,1.3725473310298624,0.2846436335499263
59,s2_wifi_degraded,5.651780389210071,1.3727606103935992,False,False,False,laplacian,15,5.794858121836918,1.3642173844097991,0.4304222413250976
60,s2_wifi_degraded,5.898763386562306,1.2621017401554997,True,False,False,static_raw,6,6.377249359187727,0.8520002056471491,0.6216494289371526
60,s2_wifi_degraded,5.898763386562306,1.2621017401554997,True,False,False,graph_diffusion_1,6,6.375893340863866,0.8993384143432708,0.4896051331652011
60,s2_wifi_degraded,5.898763386562306,1.2621017401554997,True,False,False,graph_diffusion_3,6,6.37515849153101,0.9882562216700712,0.33238895570975285
60,s2_wifi_degraded,5.898763386562306,1.2621017401554997,True,False,False,laplacian,6,6.377168784607311,0.9179086073579782,0.5009772889874248
61,s2_wifi_degraded,6.355551046384767,1.4203122314749552,True,False,False,static_raw,16,7.385913866946139,1.9943716244852467,0.5001137655907765
61,s2_wifi_degraded,6.355551046384767,1.4203122314749552,True,False,False,graph_diffusion_1,16,7.3894790618330894,1.9815081519231874,0.3709015342369378
61,s2_wifi_degraded,6.355551046384767,1.4203122314749552,True,False,False,graph_diffusion_3,16,7.391833923850352,1.9693851932026833,0.22570725837416622
61,s2_wifi_degraded,6.355551046384767,1.4203122314749552,True,False,False,laplacian,16,7.381104981057861,1.9988914551804609,0.3680649640992945
62,s2_wifi_degraded,6.594147927702143,1.4206009795225187,True,False,False,static_raw,16,5.349389369997451,1.6628839109308182,0.500434014693188
62,s2_wifi_degraded,6.594147927702143,1.4206009795225187,True,False,False,graph_diffusion_1,16,5.358180318868015,1.6526172314628322,0.3718982762741678
62,s2_wifi_degraded,6.594147927702143,1.4206009795225187,True,False,False,graph_diffusion_3,16,5.3696914204640125,1.6499375591495182,0.2270539499302629
62,s2_wifi_degraded,6.594147927702143,1.4206009795225187,True,False,False,laplacian,16,5.349388444173162,1.6757135515228654,0.36735831741312536
63,s2_wifi_degraded,6.702875767945526,1.3948214383894544,True,False,False,static_raw,16,6.685987112020866,1.0610628765673116,0.5281947629219412
63,s2_wifi_degraded,6.702875767945526,1.3948214383894544,True,False,False,graph_diffusion_1,16,6.682725332338151,1.087303545528179,0.41223684925705556
63,s2_wifi_degraded,6.702875767945526,1.3948214383894544,True,False,False,graph_diffusion_3,16,6.682358397608504,1.141959042446138,0.2748948093479055
63,s2_wifi_degraded,6.702875767945526,1.3948214383894544,True,False,False,laplacian,16,6.685782236272598,1.1058117709266095,0.4028015041643343
64,s2_wifi_degraded,6.87517464550481,1.1902703370600811,True,False,False,static_raw,16,7.934434517320838,3.326100498808586,0.5000932182917233
64,s2_wifi_degraded,6.87517464550481,1.1902703370600811,True,False,False,graph_diffusion_1,16,7.87870483080356,3.2809412828716096,0.37432337780002223
64,s2_wifi_degraded,6.87517464550481,1.1902703370600811,True,False,False,graph_diffusion_3,16,7.787387045388003,3.221641222653161,0.22927764610258072
64,s2_wifi_degraded,6.87517464550481,1.1902703370600811,True,False,False,laplacian,16,7.893192513589361,3.329939395345034,0.36504421950003946
65,s2_wifi_degraded,6.892272294025562,1.0122251452148698,True,False,False,static_raw,16,7.1545158107916835,1.6277071280528457,0.5205699878583517
65,s2_wifi_degraded,6.892272294025562,1.0122251452148698,True,False,False,graph_diffusion_1,16,7.146471267295652,1.6244050670749859,0.39499850185190793
65,s2_wifi_degraded,6.892272294025562,1.0122251452148698,True,False,False,graph_diffusion_3,16,7.13746714006115,1.6301407265604422,0.25129560026773506
65,s2_wifi_degraded,6.892272294025562,1.0122251452148698,True,False,False,laplacian,16,7.148642526632683,1.6444194269578312,0.3894460753255469
66,s2_wifi_degraded,7.000483248939226,0.9177176630235528,True,False,False,static_raw,7,8.069376581063706,1.372572628330887,0.5240653828741398
66,s2_wifi_degraded,7.000483248939226,0.9177176630235528,True,False,False,graph_diffusion_1,7,8.065926733967204,1.4153628657526913,0.4019839004010686
66,s2_wifi_degraded,7.000483248939226,0.9177176630235528,True,False,False,graph_diffusion_3,7,8.062361938433781,1.4853698826504176,0.2579261818582255
66,s2_wifi_degraded,7.000483248939226,0.9177176630235528,True,False,False,laplacian,7,8.051557306693981,1.4217447176506792,0.4146291051326363
67,s2_wifi_degraded,7.169623623221895,0.7738996044632837,True,False,False,static_raw,7,7.813818633290431,2.265575638067864,0.5000281759713545
67,s2_wifi_degraded,7.169623623221895,0.7738996044632837,True,False,False,graph_diffusion_1,7,7.818417474468126,2.321421864644057,0.3777875306035419
67,s2_wifi_degraded,7.169623623221895,0.7738996044632837,True,False,False,graph_diffusion_3,7,7.828221044635744,2.409306126440855,0.23616973118686896
67,s2_wifi_degraded,7.169623623221895,0.7738996044632837,True,False,False,laplacian,7,7.805818466679014,2.311417520205911,0.39169681736486445
68,s2_wifi_degraded,7.492034971191752,0.4271040557051936,True,False,False,static_raw,7,8.489681774970023,4.288474554790289,0.4999999978346113
68,s2_wifi_degraded,7.492034971191752,0.4271040557051936,True,False,False,graph_diffusion_1,7,8.449008935882258,4.277071092710528,0.385115660282134
68,s2_wifi_degraded,7.492034971191752,0.4271040557051936,True,False,False,graph_diffusion_3,7,8.383332414682519,4.260883630805164,0.24759817549698981
68,s2_wifi_degraded,7.492034971191752,0.4271040557051936,True,False,False,laplacian,7,8.444003431669657,4.318351868819523,0.39154006611384756
69,s2_wifi_degraded,7.463813289098351,0.1481351742215659,True,False,False,static_raw,6,7.5034591319000015,1.1017751952603287,0.5006617558566188
69,s2_wifi_degraded,7.463813289098351,0.1481351742215659,True,False,False,graph_diffusion_1,6,7.492616768845336,1.148078846348775,0.3960494514970527
69,s2_wifi_degraded,7.463813289098351,0.1481351742215659,True,False,False,graph_diffusion_3,6,7.478137895841356,1.2308096708777447,0.26878611706180733
69,s2_wifi_degraded,7.463813289098351,0.1481351742215659,True,False,False,laplacian,6,7.482455156677751,1.164171273148982,0.40278934694826035
70,s2_wifi_degraded,7.384046542733699,0.3965845375848609,True,False,False,static_raw,7,8.335119988821628,1.5234463100806672,0.5044030675894696
70,s2_wifi_degraded,7.384046542733699,0.3965845375848609,True,False,False,graph_diffusion_1,7,8.31571446978457,1.5610384751723543,0.38486267485142606
70,s2_wifi_degraded,7.384046542733699,0.3965845375848609,True,False,False,graph_diffusion_3,7,8.285269474242382,1.6208432108899737,0.24382777922980614
70,s2_wifi_degraded,7.384046542733699,0.3965845375848609,True,False,False,laplacian,7,8.30131933326503,1.570026139997262,0.39569355375946597
71,s2_wifi_degraded,7.274941349103505,0.5328406187982155,True,False,False,static_raw,7,7.574751827058643,2.251516296336032,0.5000305741114028
71,s2_wifi_degraded,7.274941349103505,0.5328406187982155,True,False,False,graph_diffusion_1,7,7.579122490574024,2.3057226300700995,0.37807815048012366
71,s2_wifi_degraded,7.274941349103505,0.5328406187982155,True,False,False,graph_diffusion_3,7,7.592256653155089,2.392045101860986,0.23662930935666887
71,s2_wifi_degraded,7.274941349103505,0.5328406187982155,True,False,False,laplacian,7,7.571617290677113,2.297372588603401,0.3917593036813291
72,s2_wifi_degraded,7.242898641642358,0.6319581293500205,True,False,False,static_raw,7,8.228618577613396,0.6110342059891292,0.5000151474235703
72,s2_wifi_degraded,7.242898641642358,0.6319581293500205,True,False,False,graph_diffusion_1,7,8.213246397607428,0.6730919474252468,0.3997645889040794
72,s2_wifi_degraded,7.242898641642358,0.6319581293500205,True,False,False,graph_diffusion_3,7,8.183330155620844,0.7877870451959126,0.2795721870126257
72,s2_wifi_degraded,7.242898641642358,0.6319581293500205,True,False,False,laplacian,7,8.20526499678419,0.693324286393671,0.40624056156157556
73,s2_wifi_degraded,6.897766036852761,0.9865854746261178,True,False,False,static_raw,16,7.518093036397312,1.0908322652554472,0.4997848028411832
73,s2_wifi_degraded,6.897766036852761,0.9865854746261178,True,False,False,graph_diffusion_1,16,7.533446998231122,1.1056187240752322,0.3670770158360492
73,s2_wifi_degraded,6.897766036852761,0.9865854746261178,True,False,False,graph_diffusion_3,16,7.527215832581247,1.1535341493412714,0.2217004661999048
73,s2_wifi_degraded,6.897766036852761,0.9865854746261178,True,False,False,laplacian,16,7.512699015432489,1.1328574832627771,0.36551894569835974
74,s2_wifi_degraded,6.819062780162876,1.076859414311629,True,False,False,static_raw,16,6.2795943207116185,1.0935537876495787,0.5053311736327346
74,s2_wifi_degraded,6.819062780162876,1.076859414311629,True,False,False,graph_diffusion_1,16,6.282907018757504,1.1200890132522658,0.39189790443363376
74,s2_wifi_degraded,6.819062780162876,1.076859414311629,True,False,False,graph_diffusion_3,16,6.288307441966021,1.1757559526942254,0.26040393439353493
74,s2_wifi_degraded,6.819062780162876,1.076859414311629,True,False,False,laplacian,16,6.278305532729192,1.1389277984260189,0.38328143947162757
75,s2_wifi_degraded,6.720234602821568,1.267398302606882,False,False,False,static_raw,16,6.539063164908929,1.7321674197923698,0.6139819162378202
75,s2_wifi_degraded,6.720234602821568,1.267398302606882,False,False,False,graph_diffusion_1,16,6.53883334673249,1.7248347975131035,0.46829466317068547
75,s2_wifi_degraded,6.720234602821568,1.267398302606882,False,False,False,graph_diffusion_3,16,6.539245798772546,1.7261060595257016,0.2985737504805756
75,s2_wifi_degraded,6.720234602821568,1.267398302606882,False,False,False,laplacian,16,6.538325432616001,1.7465446525323691,0.4606593501581607
76,s2_wifi_degraded,6.503783427177126,1.570279682105651,False,False,False,static_raw,16,6.628133908255006,1.838201389028153,0.6186597234873049
76,s2_wifi_degraded,6.503783427177126,1.570279682105651,False,False,False,graph_diffusion_1,16,6.627167589068458,1.8232447864629349,0.4695822430074932
76,s2_wifi_degraded,6.503783427177126,1.570279682105651,False,False,False,graph_diffusion_3,16,6.627551885637466,1.812088813956654,0.29743421689973576
76,s2_wifi_degraded,6.503783427177126,1.570279682105651,False,False,False,laplacian,16,6.627838966427891,1.8464218944179485,0.46286454614122446
77,s2_wifi_degraded,6.358465325036558,1.791120746986019,False,False,False,static_raw,16,5.970486703232466,1.9613567333431985,0.5078540648163868
77,s2_wifi_degraded,6.358465325036558,1.791120746986019,False,False,False,graph_diffusion_1,16,5.975270251580492,1.948158774138342,0.38298935108543114
77,s2_wifi_degraded,6.358465325036558,1.791120746986019,False,False,False,graph_diffusion_3,16,5.981858311329625,1.939276749496797,0.24125759666228183
77,s2_wifi_degraded,6.358465325036558,1.791120746986019,False,False,False,laplacian,16,5.970396157498377,1.9712605570395532,0.3777864158968944
78,s2_wifi_degraded,6.122791880845917,1.8813582130943367,False,False,False,static_raw,6,6.326728905216656,1.380989918903099,0.5268778517327775
78,s2_wifi_degraded,6.122791880845917,1.8813582130943367,False,False,False,graph_diffusion_1,6,6.324437822488155,1.4283971071025297,0.407535672264477
78,s2_wifi_degraded,6.122791880845917,1.8813582130943367,False,False,False,graph_diffusion_3,6,6.321082669703428,1.513994816865007,0.26902319074132736
78,s2_wifi_degraded,6.122791880845917,1.8813582130943367,False,False,False,laplacian,6,6.325385337228507,1.4370390086918845,0.4195597120616067
79,s2_wifi_degraded,5.750230255978351,2.1326072148263107,False,False,False,static_raw,15,5.124170475047248,1.6835623042692043,0.557352798660851
79,s2_wifi_degraded,5.750230255978351,2.1326072148263107,False,False,False,graph_diffusion_1,15,5.127518105375571,1.6759633106485408,0.4249349049988917
79,s2_wifi_degraded,5.750230255978351,2.1326072148263107,False,False,False,graph_diffusion_3,15,5.13197776577494,1.676994693623761,0.27232056420075273
79,s2_wifi_degraded,5.750230255978351,2.1326072148263107,False,False,False,laplacian,15,5.124178123337011,1.698227769909241,0.4186030100274621
80,s2_wifi_degraded,5.514678873922644,2.389062926514496,False,False,False,static_raw,25,6.384683632177466,3.2011350702086823,0.5148620916992248
80,s2_wifi_degraded,5.514678873922644,2.389062926514496,False,False,False,graph_diffusion_1,25,6.385344907476244,3.202211884450833,0.3895340539440255
80,s2_wifi_degraded,5.514678873922644,2.389062926514496,False,False,False,graph_diffusion_3,25,6.383705008546625,3.199270886924005,0.2424383266222494
80,s2_wifi_degraded,5.514678873922644,2.389062926514496,False,False,False,laplacian,25,6.380196167175898,3.201948860564207,0.3797709405868653
81,s2_wifi_degraded,5.508112152914603,2.4998600146256016,False,False,False,static_raw,25,5.443268029854394,2.000864286585928,0.5652766135610922
81,s2_wifi_degraded,5.508112152914603,2.4998600146256016,False,False,False,graph_diffusion_1,25,5.443286710608289,2.011517319912844,0.43504362496641064
81,s2_wifi_degraded,5.508112152914603,2.4998600146256016,False,False,False,graph_diffusion_3,25,5.4435319124685035,2.030875653474886,0.27942981684840357
81,s2_wifi_degraded,5.508112152914603,2.4998600146256016,False,False,False,laplacian,25,5.443246437691077,2.018599324980702,0.42310218096470953
82,s2_wifi_degraded,5.600226935990087,2.6582213422588112,False,False,False,static_raw,25,5.606364538474966,2.6554313231305904,0.6030245207450253
82,s2_wifi_degraded,5.600226935990087,2.6582213422588112,False,False,False,graph_diffusion_1,25,5.606444249755209,2.6547058076271757,0.4642147013001839
82,s2_wifi_degraded,5.600226935990087,2.6582213422588112,False,False,False,graph_diffusion_3,25,5.606642418906196,2.6507016988355123,0.297790295899318
82,s2_wifi_degraded,5.600226935990087,2.6582213422588112,False,False,False,laplacian,25,5.606270749853832,2.6585984786860632,0.45163848395004647
83,s2_wifi_degraded,5.738537290833164,2.759195471518816,False,False,False,static_raw,25,5.737213450188784,3.0992959953139136,0.5488521261564248
83,s2_wifi_degraded,5.738537290833164,2.759195471518816,False,False,False,graph_diffusion_1,25,5.737759531482012,3.0994852435010545,0.4197242886804094
83,s2_wifi_degraded,5.738537290833164,2.759195471518816,False,False,False,graph_diffusion_3,25,5.738273329870761,3.0954312933493813,0.2664642446954459
83,s2_wifi_degraded,5.738537290833164,2.759195471518816,False,False,False,laplacian,25,5.736490057192659,3.1004392536858,0.4085870436278813
84,s2_wifi_degraded,5.832850971363683,3.0310878411880533,False,False,False,static_raw,25,5.863057756250867,3.2275698398670745,0.537018458742437
84,s2_wifi_degraded,5.832850971363683,3.0310878411880533,False,False,False,graph_diffusion_1,25,5.862547064524497,3.228043772550302,0.409359728872149
84,s2_wifi_degraded,5.832850971363683,3.0310878411880533,False,False,False,graph_diffusion_3,25,5.8605035592814065,3.2242213367157144,0.2582169470733109
84,s2_wifi_degraded,5.832850971363683,3.0310878411880533,False,False,False,laplacian,25,5.8605109766065775,3.2287195099375103,0.3985158380165836
85,s2_wifi_degraded,5.898467311753344,3.228508652056043,True,False,False,static_raw,25,4.387415475104873,3.486455222058968,0.503157910401402
85,s2_wifi_degraded,5.898467311753344,3.228508652056043,True,False,False,graph_diffusion_1,25,4.38786120216758,3.487210661811936,0.37902120031723635
85,s2_wifi_degraded,5.898467311753344,3.228508652056043,True,False,False,graph_diffusion_3,25,4.391545167218422,3.4833588902837045,0.23363386157162147
85,s2_wifi_degraded,5.898467311753344,3.228508652056043,True,False,False,laplacian,25,4.391680747183701,3.4869781685517944,0.36931744889966084
86,s2_wifi_degraded,5.888626732888142,3.400271085109193,True,False,False,static_raw,25,6.075209287561577,5.5740036409219655,0.500000002586137
86,s2_wifi_degraded,5.888626732888142,3.400271085109193,True,False,False,graph_diffusion_1,25,6.067367310384137,5.554616975154496,0.37530065778893
86,s2_wifi_degraded,5.888626732888142,3.400271085109193,True,False,False,graph_diffusion_3,25,6.050172442880122,5.5034285139071155,0.2289866069753903
86,s2_wifi_degraded,5.888626732888142,3.400271085109193,True,False,False,laplacian,25,6.065265363800747,5.553045253765688,0.36478781463065213
87,s2_wifi_degraded,5.651159957112673,3.739006548657096,True,False,False,static_raw,35,6.695419224578084,4.318792990650403,0.501210662326623
87,s2_wifi_degraded,5.651159957112673,3.739006548657096,True,False,False,graph_diffusion_1,35,6.69746123937854,4.320925803325361,0.37599552231961725
87,s2_wifi_degraded,5.651159957112673,3.739006548657096,True,False,False,graph_diffusion_3,35,6.697665427235789,4.32417273682463,0.230150985946438
87,s2_wifi_degraded,5.651159957112673,3.739006548657096,True,False,False,laplacian,35,6.688152484991087,4.318809327848233,0.3668867597557694
88,s2_wifi_degraded,5.511321113022474,3.8790676275290847,True,False,False,static_raw,35,5.137023357602494,2.750292359677746,0.5140693501063592
88,s2_wifi_degraded,5.511321113022474,3.8790676275290847,True,False,False,graph_diffusion_1,35,5.136024645368549,2.747087452391271,0.39001285921052953
88,s2_wifi_degraded,5.511321113022474,3.8790676275290847,True,False,False,graph_diffusion_3,35,5.134385972594427,2.7453420764173684,0.24538552932763025
88,s2_wifi_degraded,5.511321113022474,3.8790676275290847,True,False,False,laplacian,35,5.137025948292736,2.756859545258396,0.3811121584703365
89,s2_wifi_degraded,5.43643528909089,3.953273740011248,True,False,False,static_raw,35,5.173746888388902,3.27017068660807,0.5680948561806731
89,s2_wifi_degraded,5.43643528909089,3.953273740011248,True,False,False,graph_diffusion_1,35,5.173521494400302,3.270330326673349,0.4365053618638783
89,s2_wifi_degraded,5.43643528909089,3.953273740011248,True,False,False,graph_diffusion_3,35,5.1730619162661675,3.2708765378616778,0.27987986647813223
89,s2_wifi_degraded,5.43643528909089,3.953273740011248,True,False,False,laplacian,35,5.173817849209486,3.273230438374567,0.42472184444084293
90,s2_wifi_degraded,5.230257776887017,3.9835295593536193,True,False,False,static_raw,45,7.493056263145777,4.556960642050214,0.5000000051001312
90,s2_wifi_degraded,5.230257776887017,3.9835295593536193,True,False,False,graph_diffusion_1,45,7.441307197400417,4.556313050535465,0.37884759633719495
90,s2_wifi_degraded,5.230257776887017,3.9835295593536193,True,False,False,graph_diffusion_3,45,7.351323187502834,4.555214400285967,0.23468332546955292
90,s2_wifi_degraded,5.230257776887017,3.9835295593536193,True,False,False,laplacian,45,7.447793146050998,4.556974057535314,0.3647971406383641
91,s2_wifi_degraded,4.9776092930395945,4.056000817377593,True,False,False,static_raw,44,5.954393281685845,3.7638978030831525,0.5000276408738727
91,s2_wifi_degraded,4.9776092930395945,4.056000817377593,True,False,False,graph_diffusion_1,44,5.959697348176191,3.7617415003938564,0.37430722352611706
91,s2_wifi_degraded,4.9776092930395945,4.056000817377593,True,False,False,graph_diffusion_3,44,5.9701625311199615,3.7561486967308166,0.22726096406198004
91,s2_wifi_degraded,4.9776092930395945,4.056000817377593,True,False,False,laplacian,44,5.952894448569786,3.764554148916323,0.3649677574446866
92,s2_wifi_degraded,4.723335213676367,4.234008104614395,True,False,False,static_raw,44,4.634232710329047,2.6915822311971436,0.5000047190752387
92,s2_wifi_degraded,4.723335213676367,4.234008104614395,True,False,False,graph_diffusion_1,44,4.633593043299097,2.722667981618896,0.37670981585990704
92,s2_wifi_degraded,4.723335213676367,4.234008104614395,True,False,False,graph_diffusion_3,44,4.6324807130586825,2.779076700960996,0.23149468869430162
92,s2_wifi_degraded,4.723335213676367,4.234008104614395,True,False,False,laplacian,44,4.63423940012264,2.72380594622031,0.364940713372037
93,s2_wifi_degraded,4.5603601875449,4.42721654605225,True,False,False,static_raw,44,3.106940357195929,6.9284611473605375,0.4999999999510001
93,s2_wifi_degraded,4.5603601875449,4.42721654605225,True,False,False,graph_diffusion_1,44,3.1105834389582436,6.892799162702318,0.37599421169739855
93,s2_wifi_degraded,4.5603601875449,4.42721654605225,True,False,False,graph_diffusion_3,44,3.1293892233449396,6.820490499712641,0.23074766967138147
93,s2_wifi_degraded,4.5603601875449,4.42721654605225,True,False,False,laplacian,44,3.1162468548076854,6.888388062783172,0.3647865242772048
94,s2_wifi_degraded,4.376758804931988,4.783397516554166,True,False,False,static_raw,44,3.3161567661520364,4.76337051416722,0.5043212239732253
94,s2_wifi_degraded,4.376758804931988,4.783397516554166,True,False,False,graph_diffusion_1,44,3.31333485846121,4.76432263730693,0.3799055440226206
94,s2_wifi_degraded,4.376758804931988,4.783397516554166,True,False,False,graph_diffusion_3,44,3.3116816372268696,4.765798035709033,0.23491494431883933
94,s2_wifi_degraded,4.376758804931988,4.783397516554166,True,False,False,laplacian,44,3.3227908095638665,4.763367927794304,0.3708352798758107
95,s2_wifi_degraded,4.278110895822162,4.873116927745965,True,False,False,static_raw,44,2.5249269758263266,6.500661256556441,0.5000000103292972
95,s2_wifi_degraded,4.278110895822162,4.873116927745965,True,False,False,graph_diffusion_1,44,2.590091105922315,6.447289436202119,0.3807489769554364
95,s2_wifi_degraded,4.278110895822162,4.873116927745965,True,False,False,graph_diffusion_3,44,2.6968756063823225,6.363765109160981,0.23730179310017677
95,s2_wifi_degraded,4.278110895822162,4.873116927745965,True,False,False,laplacian,44,2.5686679493004183,6.481063291858551,0.3647867718052257
96,s2_wifi_degraded,4.12801724847605,5.124228511615788,True,False,False,static_raw,54,6.474749347413229,7.030145967333521,0.5001464184720239
96,s2_wifi_degraded,4.12801724847605,5.124228511615788,True,False,False,graph_diffusion_1,54,6.454298834980717,7.011749376584516,0.3758178958836968
96,s2_wifi_degraded,4.12801724847605,5.124228511615788,True,False,False,graph_diffusion_3,54,6.4129799866930375,6.97431871407487,0.2300540658245513
96,s2_wifi_degraded,4.12801724847605,5.124228511615788,True,False,False,laplacian,54,6.452465215843865,7.010783415353764,0.3649315387864392
97,s2_wifi_degraded,3.704635602450641,5.262849100858526,True,False,False,static_raw,53,6.392254984542673,5.336572213021069,0.5000002170825738
97,s2_wifi_degraded,3.704635602450641,5.262849100858526,True,False,False,graph_diffusion_1,53,6.3434372803892956,5.336863769950654,0.3777334482317391
97,s2_wifi_degraded,3.704635602450641,5.262849100858526,True,False,False,graph_diffusion_3,53,6.258129917860953,5.337581293571104,0.23289867830653516
97,s2_wifi_degraded,3.704635602450641,5.262849100858526,True,False,False,laplacian,53,6.3536808091077726,5.336565764822028,0.3647872680919926
98,s2_wifi_degraded,3.5561357581555817,5.285474381301673,True,False,False,static_raw,53,2.131555457860304,5.35191392530381,0.5001763928831926
98,s2_wifi_degraded,3.5561357581555817,5.285474381301673,True,False,False,graph_diffusion_1,53,2.165819412911048,5.352148704689699,0.3777037944610782
98,s2_wifi_degraded,3.5561357581555817,5.285474381301673,True,False,False,graph_diffusion_3,53,2.2271318197549532,5.35280166104304,0.23337294184865584
98,s2_wifi_degraded,3.5561357581555817,5.285474381301673,True,False,False,laplacian,53,2.1678096765504478,5.351872792031423,0.36551156194745243
99,s2_wifi_degraded,3.128664509288299,5.522908615866154,True,False,False,static_raw,52,3.7548792263187845,4.4386770375393025,0.5005134501711644
99,s2_wifi_degraded,3.128664509288299,5.522908615866154,True,False,False,graph_diffusion_1,52,3.7555127818227483,4.43700127596517,0.37544059802944246
99,s2_wifi_degraded,3.128664509288299,5.522908615866154,True,False,False,graph_diffusion_3,52,3.7515164399964354,4.43533162503795,0.22872476634654126
99,s2_wifi_degraded,3.128664509288299,5.522908615866154,True,False,False,laplacian,52,3.7552013125473542,4.439373890300541,0.3655682779512464
0,s3_vlp_blocked,6.1055626688123565,8.931678203850066,False,False,False,static_raw,96,5.611632483065593,8.87132931256861,0.5360262320970329
0,s3_vlp_blocked,6.1055626688123565,8.931678203850066,False,False,False,graph_diffusion_1,96,5.6004754234116225,8.827918290156187,0.41066973057286427
0,s3_vlp_blocked,6.1055626688123565,8.931678203850066,False,False,False,graph_diffusion_3,96,5.582921000331591,8.748283208084931,0.26407691759175966
0,s3_vlp_blocked,6.1055626688123565,8.931678203850066,False,False,False,laplacian,96,5.611610515487853,8.814947178132297,0.4233989828572729
1,s3_vlp_blocked,6.320554771122484,9.075343533082185,False,False,False,static_raw,96,5.8052417557365885,9.283289148123309,0.6680133097826579
1,s3_vlp_blocked,6.320554771122484,9.075343533082185,False,False,False,graph_diffusion_1,96,5.800707125076752,9.227949265610112,0.5148081399574563
1,s3_vlp_blocked,6.320554771122484,9.075343533082185,False,False,False,graph_diffusion_3,96,5.793940975129237,9.125268925961837,0.3342345585760425
1,s3_vlp_blocked,6.320554771122484,9.075343533082185,False,False,False,laplacian,96,5.8052118851939785,9.206797683696628,0.5276830070506615
2,s3_vlp_blocked,6.58026211240472,9.446929430621816,False,False,False,static_raw,96,6.822854686860188,8.92042080463926,0.5135209597287302
2,s3_vlp_blocked,6.58026211240472,9.446929430621816,False,False,False,graph_diffusion_1,96,6.830807802421558,8.87427599966022,0.39794241863306584
2,s3_vlp_blocked,6.58026211240472,9.446929430621816,False,False,False,graph_diffusion_3,96,6.845262408256022,8.789293725521416,0.26501770368270156
2,s3_vlp_blocked,6.58026211240472,9.446929430621816,False,False,False,laplacian,96,6.821916666243743,8.860302564157761,0.41063548757120033
3,s3_vlp_blocked,6.690486996140005,9.773722821152626,False,False,False,static_raw,96,6.044514094879475,9.252347170250488,0.630051271394105
3,s3_vlp_blocked,6.690486996140005,9.773722821152626,False,False,False,graph_diffusion_1,96,6.041918497962995,9.197592087707644,0.48993709852429324
3,s3_vlp_blocked,6.690486996140005,9.773722821152626,False,False,False,graph_diffusion_3,96,6.038836983735616,9.096241869606617,0.32371340428470297
3,s3_vlp_blocked,6.690486996140005,9.773722821152626,False,False,False,laplacian,96,6.044422549769684,9.177189036937852,0.5013735654424192
4,s3_vlp_blocked,6.648930003357536,9.453988556211296,False,False,False,static_raw,96,5.6431158723138015,9.450756933373022,0.686504083143604
4,s3_vlp_blocked,6.648930003357536,9.453988556211296,False,False,False,graph_diffusion_1,96,5.641369325967409,9.389080043714781,0.5271554792498134
4,s3_vlp_blocked,6.648930003357536,9.453988556211296,False,False,False,graph_diffusion_3,96,5.638689901463691,9.274551253845027,0.33979349751590476
4,s3_vlp_blocked,6.648930003357536,9.453988556211296,False,False,False,laplacian,96,5.643096305050977,9.363091189362251,0.5393164144724243
5,s3_vlp_blocked,6.503414861243288,9.34880509424309,False,False,False,static_raw,96,5.75906868860886,8.885532665989853,0.5545788458398937
5,s3_vlp_blocked,6.503414861243288,9.34880509424309,False,False,False,graph_diffusion_1,96,5.75044183286079,8.841188917725868,0.42687708353856935
5,s3_vlp_blocked,6.503414861243288,9.34880509424309,False,False,False,graph_diffusion_3,96,5.736766962768456,8.759923090535393,0.2768579101104077
5,s3_vlp_blocked,6.503414861243288,9.34880509424309,False,False,False,laplacian,96,5.759041157018053,8.82806562439758,0.4393456061506907
6,s3_vlp_blocked,6.309679632446698,9.224501326679391,False,False,False,static_raw,96,5.740652407712803,9.3029741834518,0.5558355771403032
6,s3_vlp_blocked,6.309679632446698,9.224501326679391,False,False,False,graph_diffusion_1,96,5.735175017090685,9.248212577379244,0.4336551484923798
6,s3_vlp_blocked,6.309679632446698,9.224501326679391,False,False,False,graph_diffusion_3,96,5.727087560064854,9.146219366921239,0.2905994516048503
6,s3_vlp_blocked,6.309679632446698,9.224501326679391,False,False,False,laplacian,96,5.74062564623768,9.226527730858255,0.44414149172716066
7,s3_vlp_blocked,6.06460409098813,9.084291660062746,False,False,False,static_raw,96,5.869225601991953,9.242520095686206,0.5228579885381935
7,s3_vlp_blocked,6.06460409098813,9.084291660062746,False,False,False,graph_diffusion_1,96,5.863106655787855,9.192003308020302,0.41042290712648216
7,s3_vlp_blocked,6.06460409098813,9.084291660062746,False,False,False,graph_diffusion_3,96,5.854151129865014,9.097255139831299,0.2800159498115568
7,s3_vlp_blocked,6.06460409098813,9.084291660062746,False,False,False,laplacian,96,5.869195959742758,9.171582320014297,0.4211531362245883
8,s3_vlp_blocked,5.726062604387588,9.046898224684307,False,False,False,static_raw,85,5.233955817557327,8.853143887352179,0.5678159248135666
8,s3_vlp_blocked,5.726062604387588,9.046898224684307,False,False,False,graph_diffusion_1,85,5.237820248540504,8.835127893974335,0.4384464613666371
8,s3_vlp_blocked,5.726062604387588,9.046898224684307,False,False,False,graph_diffusion_3,85,5.243554875437237,8.792321708835692,0.28750872549026524
8,s3_vlp_blocked,5.726062604387588,9.046898224684307,False,False,False,laplacian,85,5.233953883296884,8.815810716215086,0.42977502765890746
9,s3_vlp_blocked,5.334545965818324,9.091415993613808,False,False,False,static_raw,95,5.221354178054317,9.216084666538283,0.597031834820066
9,s3_vlp_blocked,5.334545965818324,9.091415993613808,False,False,False,graph_diffusion_1,95,5.217970329458645,9.168343294492512,0.4723075750975854
9,s3_vlp_blocked,5.334545965818324,9.091415993613808,False,False,False,graph_diffusion_3,95,5.212753664303253,9.078079945427332,0.32478558772656313
9,s3_vlp_blocked,5.334545965818324,9.091415993613808,False,False,False,laplacian,95,5.221352335370985,9.148302924643147,0.48333686521864605
10,s3_vlp_blocked,4.945823765007514,9.252578001847564,False,False,False,static_raw,94,4.758399619626023,9.408975270728074,0.697882762578791
10,s3_vlp_blocked,4.945823765007514,9.252578001847564,False,False,False,graph_diffusion_1,94,4.759407899514543,9.349601428936616,0.5540882657343655
10,s3_vlp_blocked,4.945823765007514,9.252578001847564,False,False,False,graph_diffusion_3,94,4.760995016018403,9.239144272924001,0.37914247576896715
10,s3_vlp_blocked,4.945823765007514,9.252578001847564,False,False,False,laplacian,94,4.758401630850741,9.325006107452465,0.5623502572996391
11,s3_vlp_blocked,4.721675127324938,9.340170350002357,False,False,False,static_raw,94,4.656145176755167,9.407962108573496,0.7779004385041458
11,s3_vlp_blocked,4.721675127324938,9.340170350002357,False,False,False,graph_diffusion_1,94,4.656641958015214,9.34864161741408,0.6101303730652416
11,s3_vlp_blocked,4.721675127324938,9.340170350002357,False,False,False,graph_diffusion_3,94,4.657423841702494,9.238280553762191,0.40859270222706495
11,s3_vlp_blocked,4.721675127324938,9.340170350002357,False,False,False,laplacian,94,4.656148039407304,9.324077963877462,0.6211400467825194
12,s3_vlp_blocked,4.340963373281298,9.42272693147179,False,False,False,static_raw,94,4.730207443945437,9.292607142045847,0.6568952182003416
12,s3_vlp_blocked,4.340963373281298,9.42272693147179,False,False,False,graph_diffusion_1,94,4.73218028704826,9.239897180061334,0.5197207159736434
12,s3_vlp_blocked,4.340963373281298,9.42272693147179,False,False,False,graph_diffusion_3,94,4.735246779180303,9.141173130592065,0.35514285842025894
12,s3_vlp_blocked,4.340963373281298,9.42272693147179,False,False,False,laplacian,94,4.730209690423958,9.218402786403939,0.530014576192145
13,s3_vlp_blocked,4.095436566930193,9.473710426329454,False,False,False,static_raw,84,4.849954548075967,8.797553246077003,0.5607860461167664
13,s3_vlp_blocked,4.095436566930193,9.473710426329454,False,False,False,graph_diffusion_1,84,4.845637431829288,8.784013224516386,0.43038976072304247
13,s3_vlp_blocked,4.095436566930193,9.473710426329454,False,False,False,graph_diffusion_3,84,4.839310265222147,8.748156454901139,0.2794342176277727
13,s3_vlp_blocked,4.095436566930193,9.473710426329454,False,False,False,laplacian,84,4.849954158427613,8.764190478321513,0.42261360204520015
14,s3_vlp_blocked,3.863209848904428,9.531730849012984,False,False,False,static_raw,93,3.9567708416398797,9.345962676387098,0.7450255052169769
14,s3_vlp_blocked,3.863209848904428,9.531730849012984,False,False,False,graph_diffusion_1,93,3.9588427327104103,9.288517119101101,0.5750325493753774
14,s3_vlp_blocked,3.863209848904428,9.531730849012984,False,False,False,graph_diffusion_3,93,3.961474790637989,9.181855107244244,0.37421384477934255
14,s3_vlp_blocked,3.863209848904428,9.531730849012984,False,False,False,laplacian,93,3.956811869513783,9.265733455476802,0.5885315826250721
15,s3_vlp_blocked,3.520682956293645,9.491058893166894,False,True,False,static_raw,93,4.121056290528065,9.02453103677511,0.5864229869126265
15,s3_vlp_blocked,3.520682956293645,9.491058893166894,False,True,False,graph_diffusion_1,93,4.127177449288401,8.976250810749399,0.4529747410543745
15,s3_vlp_blocked,3.520682956293645,9.491058893166894,False,True,False,graph_diffusion_3,93,4.136609939181822,8.887339943329856,0.29598701167026986
15,s3_vlp_blocked,3.520682956293645,9.491058893166894,False,True,False,laplacian,93,4.121099091355635,8.960635568265724,0.46539299416188595
16,s3_vlp_blocked,3.165382501834026,9.461587695941777,False,True,False,static_raw,90,2.111277150328387,9.059182818789148,0.5000123729818897
16,s3_vlp_blocked,3.165382501834026,9.461587695941777,False,True,False,graph_diffusion_1,90,2.2237960795428657,8.983999968713759,0.39149674199661116
16,s3_vlp_blocked,3.165382501834026,9.461587695941777,False,True,False,graph_diffusion_3,90,2.3846785572791034,8.862322566131406,0.2600306970628766
16,s3_vlp_blocked,3.165382501834026,9.461587695941777,False,True,False,laplacian,90,2.1571809925879637,8.994405642570936,0.4226218487287299
17,s3_vlp_blocked,2.930245477093876,9.456164822050765,False,True,False,static_raw,80,2.5678140872934843,8.624589564010561,0.5000000434549692
17,s3_vlp_blocked,2.930245477093876,9.456164822050765,False,True,False,graph_diffusion_1,80,2.5750486559860533,8.629116274608498,0.3715152296820859
17,s3_vlp_blocked,2.930245477093876,9.456164822050765,False,True,False,graph_diffusion_3,80,2.6288699286973123,8.605455975639403,0.23411845549368737
17,s3_vlp_blocked,2.930245477093876,9.456164822050765,False,True,False,laplacian,80,2.6136272712684794,8.598723907376945,0.3918014592233095
18,s3_vlp_blocked,2.7420797060020465,9.472996628406442,False,True,False,static_raw,92,2.987250656902721,8.958397279989494,0.5842521635146737
18,s3_vlp_blocked,2.7420797060020465,9.472996628406442,False,True,False,graph_diffusion_1,92,2.990814818633867,8.9114215334536,0.45485207136043065
18,s3_vlp_blocked,2.7420797060020465,9.472996628406442,False,True,False,graph_diffusion_3,92,2.985445726012784,8.827477693977006,0.3006682760038652
18,s3_vlp_blocked,2.7420797060020465,9.472996628406442,False,True,False,laplacian,92,2.987867080421207,8.896858201885049,0.466847001144164
19,s3_vlp_blocked,2.4198638446847416,9.489528341112424,False,True,False,static_raw,54,4.9014584194120685,6.761752946447703,0.503434360590296
19,s3_vlp_blocked,2.4198638446847416,9.489528341112424,False,True,False,graph_diffusion_1,54,4.903905848342409,6.762772559710144,0.3774301604507597
19,s3_vlp_blocked,2.4198638446847416,9.489528341112424,False,True,False,graph_diffusion_3,54,4.907286827056292,6.759565076721181,0.2307063387934634
19,s3_vlp_blocked,2.4198638446847416,9.489528341112424,False,True,False,laplacian,54,4.901019247741792,6.749765173993097,0.368769857890174
20,s3_vlp_blocked,2.0874415206005943,9.43132427410417,False,True,False,static_raw,91,1.6018880692516202,9.07873613439739,0.5463317846364928
20,s3_vlp_blocked,2.0874415206005943,9.43132427410417,False,True,False,graph_diffusion_1,91,1.5920024410701668,9.035554890133568,0.4260361945155537
20,s3_vlp_blocked,2.0874415206005943,9.43132427410417,False,True,False,graph_diffusion_3,91,1.6082657208205409,8.943368066611473,0.2936670326815791
20,s3_vlp_blocked,2.0874415206005943,9.43132427410417,False,True,False,laplacian,91,1.6224430562270638,9.011921127397503,0.44395051024762205
21,s3_vlp_blocked,1.6827551012106006,9.608276410412028,False,True,False,static_raw,91,1.1606047682889111,9.39522402520968,0.5944388439765319
21,s3_vlp_blocked,1.6827551012106006,9.608276410412028,False,True,False,graph_diffusion_1,91,1.1844779591094554,9.331607340079557,0.47817970127710036
21,s3_vlp_blocked,1.6827551012106006,9.608276410412028,False,True,False,graph_diffusion_3,91,1.2458756562295843,9.209997626425881,0.3432202362686478
21,s3_vlp_blocked,1.6827551012106006,9.608276410412028,False,True,False,laplacian,91,1.1996966332744792,9.311601034144331,0.48763265664753414
22,s3_vlp_blocked,1.5666621834216723,9.721824928735591,False,True,False,static_raw,91,2.3562664341324826,8.959170922542564,0.5221845656348618
22,s3_vlp_blocked,1.5666621834216723,9.721824928735591,False,True,False,graph_diffusion_1,91,2.324425930221991,8.923736982624268,0.39774966806816586
22,s3_vlp_blocked,1.5666621834216723,9.721824928735591,False,True,False,graph_diffusion_3,91,2.3143203832426997,8.842375091982966,0.2644304908798119
22,s3_vlp_blocked,1.5666621834216723,9.721824928735591,False,True,False,laplacian,91,2.360969444410361,8.89691979181687,0.4182351953330758
23,s3_vlp_blocked,1.8135872918506848,9.442076930062784,False,True,False,static_raw,91,3.6045067886978424,8.832892111911637,0.4508879386778136
23,s3_vlp_blocked,1.8135872918506848,9.442076930062784,False,True,False,graph_diffusion_1,91,3.5798505112990497,8.797330297458853,0.3462948313988581
23,s3_vlp_blocked,1.8135872918506848,9.442076930062784,False,True,False,graph_diffusion_3,91,3.5827558184329202,8.716453372391284,0.2312547726117249
23,s3_vlp_blocked,1.8135872918506848,9.442076930062784,False,True,False,laplacian,91,3.6058782089338948,8.773179097235593,0.36247697995806055
24,s3_vlp_blocked,1.9797748224675469,9.171124941492176,False,True,False,static_raw,80,4.449137531805396,8.441757154324462,0.5011914188530846
24,s3_vlp_blocked,1.9797748224675469,9.171124941492176,False,True,False,graph_diffusion_1,80,4.442242485622175,8.453045116931456,0.37137170023179733
24,s3_vlp_blocked,1.9797748224675469,9.171124941492176,False,True,False,graph_diffusion_3,80,4.485979360218347,8.436145663228846,0.2335859488028183
24,s3_vlp_blocked,1.9797748224675469,9.171124941492176,False,True,False,laplacian,80,4.478651645675952,8.421826273608291,0.39305683679653663
25,s3_vlp_blocked,2.0026978386863656,9.060785581306895,False,False,False,static_raw,82,1.955372778072322,8.600901493214756,0.46361133883348454
25,s3_vlp_blocked,2.0026978386863656,9.060785581306895,False,False,False,graph_diffusion_1,82,1.9587595145551553,8.596874764028577,0.3573331091068702
25,s3_vlp_blocked,2.0026978386863656,9.060785581306895,False,False,False,graph_diffusion_3,82,1.9705855110549149,8.574708957229221,0.23425932037902328
25,s3_vlp_blocked,2.0026978386863656,9.060785581306895,False,False,False,laplacian,82,1.9686950247165704,8.575625519711082,0.3533246899656144
26,s3_vlp_blocked,2.0409538218277232,8.768038731768266,False,False,False,static_raw,82,3.341224475194319,8.49657184519231,0.5403680024742209
26,s3_vlp_blocked,2.0409538218277232,8.768038731768266,False,False,False,graph_diffusion_1,82,3.3340129622524786,8.496682582187047,0.40805101278415834
26,s3_vlp_blocked,2.0409538218277232,8.768038731768266,False,False,False,graph_diffusion_3,82,3.3200911614885698,8.481509960459126,0.255975245379425
26,s3_vlp_blocked,2.0409538218277232,8.768038731768266,False,False,False,laplacian,82,3.343211871604296,8.473953754940243,0.40293953288186146
27,s3_vlp_blocked,1.943647595119588,8.39052055732134,False,False,False,static_raw,81,3.868553395160072,8.431949667727041,0.5120803785292276
27,s3_vlp_blocked,1.943647595119588,8.39052055732134,False,False,False,graph_diffusion_1,81,3.8216338450825105,8.435011783068845,0.37784898907768216
27,s3_vlp_blocked,1.943647595119588,8.39052055732134,False,False,False,graph_diffusion_3,81,3.752003973192041,8.42984632923414,0.2285062679766773
27,s3_vlp_blocked,1.943647595119588,8.39052055732134,False,False,False,laplacian,81,3.8709655240289687,8.411659636742934,0.3769057681803537
28,s3_vlp_blocked,1.822933837050688,7.938503894157455,False,False,False,static_raw,71,1.6366007898413095,7.892577274546365,0.5274949632775088
28,s3_vlp_blocked,1.822933837050688,7.938503894157455,False,False,False,graph_diffusion_1,71,1.6269466880308776,7.884961485536767,0.40317321645373505
28,s3_vlp_blocked,1.822933837050688,7.938503894157455,False,False,False,graph_diffusion_3,71,1.6269666219916037,7.869792090306211,0.2589418596183567
28,s3_vlp_blocked,1.822933837050688,7.938503894157455,False,False,False,laplacian,71,1.650822563265573,7.878286058007987,0.39798477115088643
29,s3_vlp_blocked,1.5143958915018594,7.638191012939957,False,False,False,static_raw,71,1.5440546947075686,7.248857114643822,0.5580876382413839
29,s3_vlp_blocked,1.5143958915018594,7.638191012939957,False,False,False,graph_diffusion_1,71,1.5449954274932876,7.251096759701063,0.4243838131673597
29,s3_vlp_blocked,1.5143958915018594,7.638191012939957,False,False,False,graph_diffusion_3,71,1.5604794533208008,7.256520387227038,0.2701222314320361
29,s3_vlp_blocked,1.5143958915018594,7.638191012939957,False,False,False,laplacian,71,1.566831732440471,7.245411437231018,0.418076362512383
30,s3_vlp_blocked,1.3675026549702816,7.582213936330399,False,False,False,static_raw,71,1.4383565905521913,7.405066086191969,0.571900869491447
30,s3_vlp_blocked,1.3675026549702816,7.582213936330399,False,False,False,graph_diffusion_1,71,1.4404590894201266,7.405661403468958,0.43539496747408735
30,s3_vlp_blocked,1.3675026549702816,7.582213936330399,False,False,False,graph_diffusion_3,71,1.4585353161958208,7.407655673701899,0.2777288593345385
30,s3_vlp_blocked,1.3675026549702816,7.582213936330399,False,False,False,laplacian,71,1.462109645380152,7.400235552778835,0.42911279925083756
31,s3_vlp_blocked,1.2429294919367564,7.522606951356906,False,False,False,static_raw,71,1.7096989286356952,7.319909375437288,0.5793250884804074
31,s3_vlp_blocked,1.2429294919367564,7.522606951356906,False,False,False,graph_diffusion_1,71,1.6984467673573145,7.323485122863843,0.43933628988310447
31,s3_vlp_blocked,1.2429294919367564,7.522606951356906,False,False,False,graph_diffusion_3,71,1.694238503383186,7.331147637658292,0.2778733545359683
31,s3_vlp_blocked,1.2429294919367564,7.522606951356906,False,False,False,laplacian,71,1.7226723995832782,7.316583690140406,0.4337388989870083
32,s3_vlp_blocked,1.1706414409291317,7.446686809586819,False,False,False,static_raw,71,1.6207375225987455,6.951589885863107,0.5414742206679043
32,s3_vlp_blocked,1.1706414409291317,7.446686809586819,False,False,False,graph_diffusion_1,71,1.6169386061704256,6.957316161332239,0.4100149148551992
32,s3_vlp_blocked,1.1706414409291317,7.446686809586819,False,False,False,graph_diffusion_3,71,1.6242392144822486,6.969622990509886,0.25895094063107793
32,s3_vlp_blocked,1.1706414409291317,7.446686809586819,False,False,False,laplacian,71,1.639407638906291,6.950312514604541,0.40412732639272897
33,s3_vlp_blocked,1.0225794063669398,7.298034493574606,False,False,False,static_raw,70,0.7652394845534424,7.393949574481235,0.5969699252072721
33,s3_vlp_blocked,1.0225794063669398,7.298034493574606,False,False,False,graph_diffusion_1,70,0.8185251073746156,7.3922929292752295,0.4691454523486942
33,s3_vlp_blocked,1.0225794063669398,7.298034493574606,False,False,False,graph_diffusion_3,70,0.9166797796186256,7.395455543034007,0.3167272859755182
33,s3_vlp_blocked,1.0225794063669398,7.298034493574606,False,False,False,laplacian,70,0.8383072228496413,7.389311818150012,0.48026748052045976
34,s3_vlp_blocked,0.8405580282052503,7.1660136409604815,False,False,False,static_raw,70,2.437718274065469,6.218381647337705,0.5017407128737723
34,s3_vlp_blocked,0.8405580282052503,7.1660136409604815,False,False,False,graph_diffusion_1,70,2.4902222363406237,6.204765354078782,0.38068144262429215
34,s3_vlp_blocked,0.8405580282052503,7.1660136409604815,False,False,False,graph_diffusion_3,70,2.57355580016835,6.195743590218531,0.2398040137150545
34,s3_vlp_blocked,0.8405580282052503,7.1660136409604815,False,False,False,laplacian,70,2.4844839359098203,6.218051866962227,0.3934875790905214
35,s3_vlp_blocked,0.7992402328627707,7.065719351919998,False,False,False,static_raw,70,2.5247960662361826,7.491852437374805,0.5032199773436139
35,s3_vlp_blocked,0.7992402328627707,7.065719351919998,False,False,False,graph_diffusion_1,70,2.5834558324871137,7.4924188702054915,0.3823431583345237
35,s3_vlp_blocked,0.7992402328627707,7.065719351919998,False,False,False,graph_diffusion_3,70,2.676211166752105,7.49842468635704,0.2427305349926616
35,s3_vlp_blocked,0.7992402328627707,7.065719351919998,False,False,False,laplacian,70,2.571232841152625,7.485097950513122,0.3962391288190142
36,s3_vlp_blocked,0.7671095331979448,6.6194549412444434,False,False,False,static_raw,60,0.9285514096194073,6.07791987654232,0.5686025786341993
36,s3_vlp_blocked,0.7671095331979448,6.6194549412444434,False,False,False,graph_diffusion_1,60,0.978839861579868,6.073147432869728,0.4446975540715175
36,s3_vlp_blocked,0.7671095331979448,6.6194549412444434,False,False,False,graph_diffusion_3,60,1.0718808982247867,6.0661766858317385,0.2991678393585369
36,s3_vlp_blocked,0.7671095331979448,6.6194549412444434,False,False,False,laplacian,60,0.9957122110758198,6.0777539628021415,0.4559256211045899
37,s3_vlp_blocked,0.7867269935815102,6.50813786445098,False,False,False,static_raw,60,0.8795702349076879,7.432475887401309,0.5118359899517326
37,s3_vlp_blocked,0.7867269935815102,6.50813786445098,False,False,False,graph_diffusion_1,60,0.9282522416748017,7.434724159176023,0.3925714839847547
37,s3_vlp_blocked,0.7867269935815102,6.50813786445098,False,False,False,graph_diffusion_3,60,1.0202334022801454,7.430255267160404,0.2563855122050185
37,s3_vlp_blocked,0.7867269935815102,6.50813786445098,False,False,False,laplacian,60,0.9453609617124694,7.417009987254757,0.40582216753952904
38,s3_vlp_blocked,0.9039958580667962,6.339426406945286,False,False,False,static_raw,60,2.139213346125681,6.35472142688254,0.5054902310238248
38,s3_vlp_blocked,0.9039958580667962,6.339426406945286,False,False,False,graph_diffusion_1,60,2.188689788001215,6.355102182005076,0.38532297455505854
38,s3_vlp_blocked,0.9039958580667962,6.339426406945286,False,False,False,graph_diffusion_3,60,2.275632220440609,6.356194175631964,0.24695465119859492
38,s3_vlp_blocked,0.9039958580667962,6.339426406945286,False,False,False,laplacian,60,2.1869143437157472,6.354013966967668,0.39841424349683136
39,s3_vlp_blocked,0.9979740023158236,6.187541249202924,False,False,False,static_raw,60,0.9292453093432237,5.808541907535621,0.5349263190633802
39,s3_vlp_blocked,0.9979740023158236,6.187541249202924,False,False,False,graph_diffusion_1,60,0.979655068207896,5.801154091376199,0.41614070076417037
39,s3_vlp_blocked,0.9979740023158236,6.187541249202924,False,False,False,graph_diffusion_3,60,1.072867366966507,5.789828213242877,0.2778834143543689
39,s3_vlp_blocked,0.9979740023158236,6.187541249202924,False,False,False,laplacian,60,0.9964346095161252,5.808500935984296,0.42744680882053293
40,s3_vlp_blocked,1.28488954092244,5.782257454541684,False,False,False,static_raw,51,1.4567507934173463,6.721404869356568,0.5047689108681884
40,s3_vlp_blocked,1.28488954092244,5.782257454541684,False,False,False,graph_diffusion_1,51,1.4656044543589415,6.69872171527143,0.3778662213181949
40,s3_vlp_blocked,1.28488954092244,5.782257454541684,False,False,False,graph_diffusion_3,51,1.4940936912360332,6.660339086140041,0.23353046311737138
40,s3_vlp_blocked,1.28488954092244,5.782257454541684,False,False,False,laplacian,51,1.4861750874610784,6.710800485649108,0.3713651115655669
41,s3_vlp_blocked,1.513102962684955,5.518180410148621,False,False,False,static_raw,51,2.380899206457383,5.429528657030548,0.529344229238421
41,s3_vlp_blocked,1.513102962684955,5.518180410148621,False,False,False,graph_diffusion_1,51,2.36082199243391,5.430948677123791,0.39903102107319743
41,s3_vlp_blocked,1.513102962684955,5.518180410148621,False,False,False,graph_diffusion_3,51,2.3409416330339514,5.433118005429759,0.24973138517034468
41,s3_vlp_blocked,1.513102962684955,5.518180410148621,False,False,False,laplacian,51,2.387071258061356,5.429485716093272,0.3929363774787992
42,s3_vlp_blocked,1.6106044791645622,5.19830615307079,False,False,False,static_raw,51,1.2009200150942738,5.907903143871418,0.552174258103402
42,s3_vlp_blocked,1.6106044791645622,5.19830615307079,False,False,False,graph_diffusion_1,51,1.2177677738347379,5.9015326956166,0.42208508655676097
42,s3_vlp_blocked,1.6106044791645622,5.19830615307079,False,False,False,graph_diffusion_3,51,1.258409033471973,5.892220793751682,0.2718233168311947
42,s3_vlp_blocked,1.6106044791645622,5.19830615307079,False,False,False,laplacian,51,1.2370061390929672,5.906995826107091,0.41405100333439937
43,s3_vlp_blocked,1.8972643262832607,4.975906927269721,False,False,False,static_raw,41,2.1996416064053657,5.260779818340445,0.3083154689557159
43,s3_vlp_blocked,1.8972643262832607,4.975906927269721,False,False,False,graph_diffusion_1,41,2.1966466897765224,5.260322253150281,0.24384613878749692
43,s3_vlp_blocked,1.8972643262832607,4.975906927269721,False,False,False,graph_diffusion_3,41,2.200184543977856,5.2606146602824815,0.16545914071222342
43,s3_vlp_blocked,1.8972643262832607,4.975906927269721,False,False,False,laplacian,41,2.2139033842861515,5.260465305386066,0.2384373506167394
44,s3_vlp_blocked,2.229332660696988,4.76372737768957,False,False,False,static_raw,42,2.5109198158801824,5.242138128587022,0.517876356914329
44,s3_vlp_blocked,2.229332660696988,4.76372737768957,False,False,False,graph_diffusion_1,42,2.508173902719303,5.244565058992084,0.394516456511332
44,s3_vlp_blocked,2.229332660696988,4.76372737768957,False,False,False,graph_diffusion_3,42,2.5018427653880244,5.24793136287341,0.24942149370811326
44,s3_vlp_blocked,2.229332660696988,4.76372737768957,False,False,False,laplacian,42,2.5143964776655334,5.242006257097536,0.38504891239279454
45,s3_vlp_blocked,2.6145006895276834,4.592072450426468,False,True,False,static_raw,54,4.040071310174965,5.0070628893874245,0.5110575043494139
45,s3_vlp_blocked,2.6145006895276834,4.592072450426468,False,True,False,graph_diffusion_1,54,4.039575502293268,5.0070739145618886,0.3889500355253686
45,s3_vlp_blocked,2.6145006895276834,4.592072450426468,False,True,False,graph_diffusion_3,54,4.0393779533708605,5.0068232631612,0.24594466526451436
45,s3_vlp_blocked,2.6145006895276834,4.592072450426468,False,True,False,laplacian,54,4.0426081768214415,5.007179333537714,0.37915010823235784
46,s3_vlp_blocked,2.661129424294631,4.466616768697175,False,True,False,static_raw,41,1.9128565087709766,4.242383933045013,0.5741659884629108
46,s3_vlp_blocked,2.661129424294631,4.466616768697175,False,True,False,graph_diffusion_1,41,1.902528844869168,4.24483699670998,0.4355020277845555
46,s3_vlp_blocked,2.661129424294631,4.466616768697175,False,True,False,graph_diffusion_3,41,1.8987814722659127,4.247755104240448,0.2755541200880696
46,s3_vlp_blocked,2.661129424294631,4.466616768697175,False,True,False,laplacian,41,1.9252486576875223,4.2429408438725424,0.42864686455357137
47,s3_vlp_blocked,2.6450300380382434,4.183588162907463,False,True,False,static_raw,54,3.9794386751234336,5.438182897771251,0.5530427106618667
47,s3_vlp_blocked,2.6450300380382434,4.183588162907463,False,True,False,graph_diffusion_1,54,3.977182551148063,5.438843683940394,0.4240324076367391
47,s3_vlp_blocked,2.6450300380382434,4.183588162907463,False,True,False,graph_diffusion_3,54,3.973698338676659,5.440023312482104,0.27078493646954827
47,s3_vlp_blocked,2.6450300380382434,4.183588162907463,False,True,False,laplacian,54,3.981038828880696,5.438143780998265,0.41272765391521
48,s3_vlp_blocked,2.633014421787828,3.6860116411580814,False,True,False,static_raw,31,2.164828977780629,3.2541184815107727,0.5456340094970052
48,s3_vlp_blocked,2.633014421787828,3.6860116411580814,False,True,False,graph_diffusion_1,31,2.149161510379935,3.257107497978383,0.41260434728472856
48,s3_vlp_blocked,2.633014421787828,3.6860116411580814,False,True,False,graph_diffusion_3,31,2.136134127945486,3.2614336522996035,0.2593052382940969
48,s3_vlp_blocked,2.633014421787828,3.6860116411580814,False,True,False,laplacian,31,2.1722421803984227,3.257067833006883,0.4062156067169804
49,s3_vlp_blocked,2.7923313692644163,3.3743378598159564,False,True,False,static_raw,31,1.4035173726087924,3.452705607143648,0.6344725641843066
49,s3_vlp_blocked,2.7923313692644163,3.3743378598159564,False,True,False,graph_diffusion_1,31,1.4087507795885919,3.452981809083934,0.4865299083249684
49,s3_vlp_blocked,2.7923313692644163,3.3743378598159564,False,True,False,graph_diffusion_3,31,1.4306349148008022,3.451978451937075,0.31295909120774856
49,s3_vlp_blocked,2.7923313692644163,3.3743378598159564,False,True,False,laplacian,31,1.4288389761568803,3.4532601443931163,0.4776842860103887
50,s3_vlp_blocked,2.983612121628606,3.11916257556942,False,True,False,static_raw,2,2.6498065329684426,1.789394304865741,0.5002598338147567
50,s3_vlp_blocked,2.983612121628606,3.11916257556942,False,True,False,graph_diffusion_1,2,2.652650460016873,1.8371357054094122,0.38031964022934883
50,s3_vlp_blocked,2.983612121628606,3.11916257556942,False,True,False,graph_diffusion_3,2,2.6500076898913294,1.9156859830322326,0.241521663542021
50,s3_vlp_blocked,2.983612121628606,3.11916257556942,False,True,False,laplacian,2,2.6543207726450757,1.8381088355782298,0.3935391203222014
51,s3_vlp_blocked,3.351818132537528,2.843855854625126,False,True,False,static_raw,13,3.3921115261813166,2.1483806192207564,0.5335058892722737
51,s3_vlp_blocked,3.351818132537528,2.843855854625126,False,True,False,graph_diffusion_1,13,3.3924804934681148,2.131980440760543,0.40661958047696134
51,s3_vlp_blocked,3.351818132537528,2.843855854625126,False,True,False,graph_diffusion_3,13,3.3920534156612203,2.1169332818200166,0.2591947447020843
51,s3_vlp_blocked,3.351818132537528,2.843855854625126,False,True,False,laplacian,13,3.3927017326707873,2.1544146389314025,0.4000020214646169
52,s3_vlp_blocked,3.56862361427012,2.697604331930428,False,True,False,static_raw,45,4.540321799253147,3.762149171568881,0.5014903251299223
52,s3_vlp_blocked,3.56862361427012,2.697604331930428,False,True,False,graph_diffusion_1,45,4.539330904941247,3.762091740312828,0.37665828209052643
52,s3_vlp_blocked,3.56862361427012,2.697604331930428,False,True,False,graph_diffusion_3,45,4.537463542664192,3.7622655633517663,0.23123814207672522
52,s3_vlp_blocked,3.56862361427012,2.697604331930428,False,True,False,laplacian,45,4.541651096630607,3.765314464900814,0.36727059832634706
53,s3_vlp_blocked,3.943888445431222,2.4514296926551147,False,True,False,static_raw,3,3.3359857422845236,1.15659010558905,0.6269920249499163
53,s3_vlp_blocked,3.943888445431222,2.4514296926551147,False,True,False,graph_diffusion_1,3,3.3350597644270845,1.2057286961082418,0.48694313870734274
53,s3_vlp_blocked,3.943888445431222,2.4514296926551147,False,True,False,graph_diffusion_3,3,3.332982634048557,1.2953742981751255,0.3215721929665761
53,s3_vlp_blocked,3.943888445431222,2.4514296926551147,False,True,False,laplacian,3,3.338543031663039,1.2178329640374514,0.49954995129970803
54,s3_vlp_blocked,4.260369316238271,2.2082022988398595,False,True,False,static_raw,14,4.285560501493746,1.6086074832994535,0.6049130447171848
54,s3_vlp_blocked,4.260369316238271,2.2082022988398595,False,True,False,graph_diffusion_1,14,4.287494947578122,1.6034525696435238,0.46163375268279006
54,s3_vlp_blocked,4.260369316238271,2.2082022988398595,False,True,False,graph_diffusion_3,14,4.289785781341104,1.608696438193635,0.29547670307704865
54,s3_vlp_blocked,4.260369316238271,2.2082022988398595,False,True,False,laplacian,14,4.285639930865391,1.6253180342141462,0.45438744184162894
55,s3_vlp_blocked,4.627569160973635,2.060114150367901,False,True,False,static_raw,14,4.526715972121044,1.5381379532488937,0.6168779369738111
55,s3_vlp_blocked,4.627569160973635,2.060114150367901,False,True,False,graph_diffusion_1,14,4.526407057953934,1.537603786769505,0.47261114416402467
55,s3_vlp_blocked,4.627569160973635,2.060114150367901,False,True,False,graph_diffusion_3,14,4.525849759541226,1.550107855615062,0.30393173043047256
55,s3_vlp_blocked,4.627569160973635,2.060114150367901,False,True,False,laplacian,14,4.526755906053284,1.5585876005965331,0.4644018529620638
56,s3_vlp_blocked,4.961867043427717,1.830848239374332,False,True,False,static_raw,40,2.2881241360495914,2.955178448791293,0.5002470191091994
56,s3_vlp_blocked,4.961867043427717,1.830848239374332,False,True,False,graph_diffusion_1,40,2.3375925703224585,2.952649337873795,0.3794017555634967
56,s3_vlp_blocked,4.961867043427717,1.830848239374332,False,True,False,graph_diffusion_3,40,2.423357872142141,2.954028231978827,0.23955348500974752
56,s3_vlp_blocked,4.961867043427717,1.830848239374332,False,True,False,laplacian,40,2.3340546986066,2.974773227675024,0.3918308093116502
57,s3_vlp_blocked,5.0679788704002044,1.7195475994342533,False,True,False,static_raw,49,6.842377906083009,3.366134916018887,0.5000010050862929
57,s3_vlp_blocked,5.0679788704002044,1.7195475994342533,False,True,False,graph_diffusion_1,49,6.780467115158805,3.357156472725877,0.37860136249224957
57,s3_vlp_blocked,5.0679788704002044,1.7195475994342533,False,True,False,graph_diffusion_3,49,6.673387770132064,3.344956317152701,0.2382370803312049
57,s3_vlp_blocked,5.0679788704002044,1.7195475994342533,False,True,False,laplacian,49,6.796863229785813,3.374828207457411,0.39154061674910084
58,s3_vlp_blocked,5.335240810429285,1.571560122687008,False,True,False,static_raw,15,5.091720406885978,1.8303243783443235,0.5434512432434473
58,s3_vlp_blocked,5.335240810429285,1.571560122687008,False,True,False,graph_diffusion_1,15,5.095349768998035,1.818824433581221,0.41300035771557464
58,s3_vlp_blocked,5.335240810429285,1.571560122687008,False,True,False,graph_diffusion_3,15,5.100092048546672,1.8130953761729474,0.2632352018393921
58,s3_vlp_blocked,5.335240810429285,1.571560122687008,False,True,False,laplacian,15,5.09173571810409,1.8416824543448351,0.4070172504451992
59,s3_vlp_blocked,5.651780389210071,1.3727606103935992,False,False,False,static_raw,15,5.927766654694225,1.2988099230293657,0.5373051731975175
59,s3_vlp_blocked,5.651780389210071,1.3727606103935992,False,False,False,graph_diffusion_1,15,5.92270051952193,1.309133780714061,0.4117021445370195
59,s3_vlp_blocked,5.651780389210071,1.3727606103935992,False,False,False,graph_diffusion_3,15,5.91616598195699,1.3393484861228158,0.26759878313547886
59,s3_vlp_blocked,5.651780389210071,1.3727606103935992,False,False,False,laplacian,15,5.927597209179443,1.3287904208728347,0.4048173322471723
60,s3_vlp_blocked,5.898763386562306,1.2621017401554997,False,False,False,static_raw,6,6.163358603534644,1.794790266656607,0.5021298597538707
60,s3_vlp_blocked,5.898763386562306,1.2621017401554997,False,False,False,graph_diffusion_1,6,6.159590899345643,1.839969119712571,0.3816786880043963
60,s3_vlp_blocked,5.898763386562306,1.2621017401554997,False,False,False,graph_diffusion_3,6,6.154055181349215,1.9194966467647363,0.24334467382996464
60,s3_vlp_blocked,5.898763386562306,1.2621017401554997,False,False,False,laplacian,6,6.163210954586072,1.8422288546498122,0.3948396451124075
61,s3_vlp_blocked,6.355551046384767,1.4203122314749552,False,False,False,static_raw,16,6.774949422242974,1.6939058567225982,0.6173513589859048
61,s3_vlp_blocked,6.355551046384767,1.4203122314749552,False,False,False,graph_diffusion_1,16,6.773113750252815,1.6855561027436707,0.46793506824480174
61,s3_vlp_blocked,6.355551046384767,1.4203122314749552,False,False,False,graph_diffusion_3,16,6.77276109629409,1.685112006086003,0.29598819454850817
61,s3_vlp_blocked,6.355551046384767,1.4203122314749552,False,False,False,laplacian,16,6.7739660774903605,1.7072134255132745,0.4613633785733757
62,s3_vlp_blocked,6.594147927702143,1.4206009795225187,False,False,False,static_raw,16,6.652710707937737,1.712568818030972,0.614475587061772
62,s3_vlp_blocked,6.594147927702143,1.4206009795225187,False,False,False,graph_diffusion_1,16,6.651039791638373,1.7078239823959382,0.4684129493483921
62,s3_vlp_blocked,6.594147927702143,1.4206009795225187,False,False,False,graph_diffusion_3,16,6.649234085902485,1.7130586415327276,0.298215041690338
62,s3_vlp_blocked,6.594147927702143,1.4206009795225187,False,False,False,laplacian,16,6.650933999730413,1.72888421828143,0.4605761537931663
63,s3_vlp_blocked,6.702875767945526,1.3948214383894544,False,False,False,static_raw,16,6.686096684325446,1.8763983825801829,0.6041430848984239
63,s3_vlp_blocked,6.702875767945526,1.3948214383894544,False,False,False,graph_diffusion_1,16,6.684778991544704,1.8647618592409763,0.4584660174796291
63,s3_vlp_blocked,6.702875767945526,1.3948214383894544,False,False,False,graph_diffusion_3,16,6.683960327861138,1.8586202952751587,0.2899601758763979
63,s3_vlp_blocked,6.702875767945526,1.3948214383894544,False,False,False,laplacian,16,6.684971016908721,1.8868137887488383,0.45150403660057586
64,s3_vlp_blocked,6.87517464550481,1.1902703370600811,False,False,False,static_raw,16,6.845478128025702,1.4950146857852522,0.5906665161967987
64,s3_vlp_blocked,6.87517464550481,1.1902703370600811,False,False,False,graph_diffusion_1,16,6.842843892304062,1.4946498318638293,0.450346187668468
64,s3_vlp_blocked,6.87517464550481,1.1902703370600811,False,False,False,graph_diffusion_3,16,6.842465910933409,1.5070599305074048,0.28811768999649806
64,s3_vlp_blocked,6.87517464550481,1.1902703370600811,False,False,False,laplacian,16,6.844306079445772,1.5152373009819213,0.4435574099296181
65,s3_vlp_blocked,6.892272294025562,1.0122251452148698,False,False,False,static_raw,16,6.708138989314036,1.7087836203134483,0.5324814383125474
65,s3_vlp_blocked,6.892272294025562,1.0122251452148698,False,False,False,graph_diffusion_1,16,6.705012393913722,1.7107549655293608,0.4083949468617169
65,s3_vlp_blocked,6.892272294025562,1.0122251452148698,False,False,False,graph_diffusion_3,16,6.702368000657373,1.7249344512587677,0.26403660954260766
65,s3_vlp_blocked,6.892272294025562,1.0122251452148698,False,False,False,laplacian,16,6.706398633135244,1.7293455717349602,0.4010301926638548
66,s3_vlp_blocked,7.000483248939226,0.9177176630235528,False,False,False,static_raw,7,7.940760312227506,1.2054973421781316,0.6019279615430164
66,s3_vlp_blocked,7.000483248939226,0.9177176630235528,False,False,False,graph_diffusion_1,7,7.934608958927217,1.2504319544706493,0.4644911112888992
66,s3_vlp_blocked,7.000483248939226,0.9177176630235528,False,False,False,graph_diffusion_3,7,7.930537221816646,1.3267810961124253,0.3005427466614578
66,s3_vlp_blocked,7.000483248939226,0.9177176630235528,False,False,False,laplacian,7,7.924899057633576,1.261723083769836,0.476995377083862
67,s3_vlp_blocked,7.169623623221895,0.7738996044632837,False,False,False,static_raw,7,7.378328166228783,0.9654561469545653,0.5801753264079653
67,s3_vlp_blocked,7.169623623221895,0.7738996044632837,False,False,False,graph_diffusion_1,7,7.3755752085554755,1.017631793817923,0.45699653921275096
67,s3_vlp_blocked,7.169623623221895,0.7738996044632837,False,False,False,graph_diffusion_3,7,7.381136005486987,1.110816939010671,0.3086201697430856
67,s3_vlp_blocked,7.169623623221895,0.7738996044632837,False,False,False,laplacian,7,7.373708205744841,1.033535814234852,0.4667718976566754
68,s3_vlp_blocked,7.492034971191752,0.4271040557051936,False,False,False,static_raw,7,7.5305276526630225,1.0181845634112765,0.6237681627345998
68,s3_vlp_blocked,7.492034971191752,0.4271040557051936,False,False,False,graph_diffusion_1,7,7.529463174385047,1.067813089375351,0.48613331386491354
68,s3_vlp_blocked,7.492034971191752,0.4271040557051936,False,False,False,graph_diffusion_3,7,7.537783657030358,1.1556571825208923,0.32164854290409006
68,s3_vlp_blocked,7.492034971191752,0.4271040557051936,False,False,False,laplacian,7,7.525875864430785,1.0818570392449525,0.4983648025772752
69,s3_vlp_blocked,7.463813289098351,0.1481351742215659,False,False,False,static_raw,9,8.821469913196434,1.1834118089312495,0.5000074374737844
69,s3_vlp_blocked,7.463813289098351,0.1481351742215659,False,False,False,graph_diffusion_1,9,8.741117114212532,1.2646336807075744,0.39167540024496317
69,s3_vlp_blocked,7.463813289098351,0.1481351742215659,False,False,False,graph_diffusion_3,9,8.61819990044992,1.3888718931603703,0.2644302619626722
69,s3_vlp_blocked,7.463813289098351,0.1481351742215659,False,False,False,laplacian,9,8.763632452327363,1.2415992866672463,0.4235147552018491
70,s3_vlp_blocked,7.384046542733699,0.3965845375848609,False,False,False,static_raw,7,7.620632843220607,0.7018923942626115,0.7756962099915292
70,s3_vlp_blocked,7.384046542733699,0.3965845375848609,False,False,False,graph_diffusion_1,7,7.622821552006671,0.7574719942999184,0.6028385183926752
70,s3_vlp_blocked,7.384046542733699,0.3965845375848609,False,False,False,graph_diffusion_3,7,7.63561954463829,0.8593857493109889,0.3952888591086963
70,s3_vlp_blocked,7.384046542733699,0.3965845375848609,False,False,False,laplacian,7,7.617235403799641,0.7785134969483544,0.6171378250566623
71,s3_vlp_blocked,7.274941349103505,0.5328406187982155,False,False,False,static_raw,7,7.70257630554101,1.0546955233797328,0.6510729916759128
71,s3_vlp_blocked,7.274941349103505,0.5328406187982155,False,False,False,graph_diffusion_1,7,7.699053665092327,1.104023855400117,0.5046277844051354
71,s3_vlp_blocked,7.274941349103505,0.5328406187982155,False,False,False,graph_diffusion_3,7,7.702294451049899,1.1903840163738568,0.3296064648631355
71,s3_vlp_blocked,7.274941349103505,0.5328406187982155,False,False,False,laplacian,7,7.69327207343063,1.1181691609636628,0.5173308324609642
72,s3_vlp_blocked,7.242898641642358,0.6319581293500205,False,False,False,static_raw,7,7.452677643197018,0.8401427186262906,0.6855036660873406
72,s3_vlp_blocked,7.242898641642358,0.6319581293500205,False,False,False,graph_diffusion_1,7,7.452763593076366,0.8910329589729603,0.5370047453866005
72,s3_vlp_blocked,7.242898641642358,0.6319581293500205,False,False,False,graph_diffusion_3,7,7.465157794454116,0.9834652350323992,0.35748901880460604
72,s3_vlp_blocked,7.242898641642358,0.6319581293500205,False,False,False,laplacian,7,7.45122384339539,0.9088575209079637,0.5492513409710631
73,s3_vlp_blocked,6.897766036852761,0.9865854746261178,False,False,False,static_raw,7,7.369664449298876,0.8125696591662024,0.66105615426112
73,s3_vlp_blocked,6.897766036852761,0.9865854746261178,False,False,False,graph_diffusion_1,7,7.36889576357835,0.8657263934873405,0.5191483083219842
73,s3_vlp_blocked,6.897766036852761,0.9865854746261178,False,False,False,graph_diffusion_3,7,7.379775796396377,0.9621680297548015,0.34773414881877607
73,s3_vlp_blocked,6.897766036852761,0.9865854746261178,False,False,False,laplacian,7,7.36797250946501,0.8842399484502343,0.5303532036816401
74,s3_vlp_blocked,6.819062780162876,1.076859414311629,False,False,False,static_raw,16,7.351960416268978,2.3120012249612363,0.5215186356516369
74,s3_vlp_blocked,6.819062780162876,1.076859414311629,False,False,False,graph_diffusion_1,16,7.335510843956096,2.2943010473903294,0.3895953294743127
74,s3_vlp_blocked,6.819062780162876,1.076859414311629,False,False,False,graph_diffusion_3,16,7.308359432197676,2.276606281598514,0.23957520014872322
74,s3_vlp_blocked,6.819062780162876,1.076859414311629,False,False,False,laplacian,16,7.338365031188717,2.3177750955762506,0.38375562901456245
75,s3_vlp_blocked,6.720234602821568,1.267398302606882,False,True,False,static_raw,16,7.489525311029415,2.0297399506838674,0.45669343759985886
75,s3_vlp_blocked,6.720234602821568,1.267398302606882,False,True,False,graph_diffusion_1,16,7.465886805071426,2.0241050031688794,0.344450590257092
75,s3_vlp_blocked,6.720234602821568,1.267398302606882,False,True,False,graph_diffusion_3,16,7.429167059011869,2.0234451478318674,0.21675387988936493
75,s3_vlp_blocked,6.720234602821568,1.267398302606882,False,True,False,laplacian,16,7.471204112737753,2.044926894564506,0.338196774832396
76,s3_vlp_blocked,6.503783427177126,1.570279682105651,False,True,False,static_raw,19,8.503647411101788,1.6635600526854217,0.4999945145470647
76,s3_vlp_blocked,6.503783427177126,1.570279682105651,False,True,False,graph_diffusion_1,19,8.480843515841542,1.6509096032858683,0.37327842885197027
76,s3_vlp_blocked,6.503783427177126,1.570279682105651,False,True,False,graph_diffusion_3,19,8.417192725634381,1.6629800906959535,0.23906247742131975
76,s3_vlp_blocked,6.503783427177126,1.570279682105651,False,True,False,laplacian,19,8.452439664637229,1.681516901787593,0.3941530781321405
77,s3_vlp_blocked,6.358465325036558,1.791120746986019,False,True,False,static_raw,4,5.218865256822191,1.3402689752742136,0.5083045982767026
77,s3_vlp_blocked,6.358465325036558,1.791120746986019,False,True,False,graph_diffusion_1,4,5.226745976451492,1.3868788213040926,0.39181814907998697
77,s3_vlp_blocked,6.358465325036558,1.791120746986019,False,True,False,graph_diffusion_3,4,5.239827959880336,1.4714162472842403,0.25730891864277167
77,s3_vlp_blocked,6.358465325036558,1.791120746986019,False,True,False,laplacian,4,5.218263251679457,1.3962360273663623,0.4039445790349296
78,s3_vlp_blocked,6.122791880845917,1.8813582130943367,False,True,False,static_raw,6,6.4477367652948905,1.1902265301678867,0.577137017535232
78,s3_vlp_blocked,6.122791880845917,1.8813582130943367,False,True,False,graph_diffusion_1,6,6.447192726396628,1.2374756822083124,0.44889411671297247
78,s3_vlp_blocked,6.122791880845917,1.8813582130943367,False,True,False,graph_diffusion_3,6,6.447056200608097,1.3238109514613325,0.29850485107829283
78,s3_vlp_blocked,6.122791880845917,1.8813582130943367,False,True,False,laplacian,6,6.446850660637871,1.2491529030394362,0.46105537245397427
79,s3_vlp_blocked,5.750230255978351,2.1326072148263107,False,True,False,static_raw,15,5.84229270776689,2.265358904267071,0.5433268161899446
79,s3_vlp_blocked,5.750230255978351,2.1326072148263107,False,True,False,graph_diffusion_1,15,5.838889082363299,2.248812613597726,0.4100263894342197
79,s3_vlp_blocked,5.750230255978351,2.1326072148263107,False,True,False,graph_diffusion_3,15,5.8341753769201405,2.234299332890917,0.2568421681216727
79,s3_vlp_blocked,5.750230255978351,2.1326072148263107,False,True,False,laplacian,15,5.841037512487892,2.2727734043191394,0.4035810898389257
80,s3_vlp_blocked,5.514678873922644,2.389062926514496,False,True,False,static_raw,44,5.049857925200414,4.34077965381776,0.5507459352717073
80,s3_vlp_blocked,5.514678873922644,2.389062926514496,False,True,False,graph_diffusion_1,44,5.050451045629106,4.340710790245584,0.42213521310923796
80,s3_vlp_blocked,5.514678873922644,2.389062926514496,False,True,False,graph_diffusion_3,44,5.05162880536831,4.340334073471192,0.2697273922417151
80,s3_vlp_blocked,5.514678873922644,2.389062926514496,False,True,False,laplacian,44,5.049567683609233,4.3409589484399715,0.41080412214826056
81,s3_vlp_blocked,5.508112152914603,2.4998600146256016,False,True,False,static_raw,39,6.947615639966129,2.1026925629424444,0.2853417473961674
81,s3_vlp_blocked,5.508112152914603,2.4998600146256016,False,True,False,graph_diffusion_1,39,6.8470369781352955,2.147996971317789,0.21908227780912856
81,s3_vlp_blocked,5.508112152914603,2.4998600146256016,False,True,False,graph_diffusion_3,39,6.695737601348166,2.213322130331399,0.14024651322165724
81,s3_vlp_blocked,5.508112152914603,2.4998600146256016,False,True,False,laplacian,39,6.90196058380826,2.1337011922571034,0.2235346770680461
82,s3_vlp_blocked,5.600226935990087,2.6582213422588112,False,True,False,static_raw,15,5.20556966970131,2.3969133477876348,0.5174743268890499
82,s3_vlp_blocked,5.600226935990087,2.6582213422588112,False,True,False,graph_diffusion_1,15,5.208423122439168,2.377581443191464,0.38868464179430445
82,s3_vlp_blocked,5.600226935990087,2.6582213422588112,False,True,False,graph_diffusion_3,15,5.212226263434158,2.3583546284294554,0.2418662999043142
82,s3_vlp_blocked,5.600226935990087,2.6582213422588112,False,True,False,laplacian,15,5.205604749872027,2.402561336282539,0.3828250706523896
83,s3_vlp_blocked,5.738537290833164,2.759195471518816,False,True,False,static_raw,44,5.5564891801585405,3.2505655137198146,0.500013726468186
83,s3_vlp_blocked,5.738537290833164,2.759195471518816,False,True,False,graph_diffusion_1,44,5.558166430617027,3.253325790842322,0.37448167015208766
83,s3_vlp_blocked,5.738537290833164,2.759195471518816,False,True,False,graph_diffusion_3,44,5.561765017546055,3.2605798392281713,0.22773378947188833
83,s3_vlp_blocked,5.738537290833164,2.759195471518816,False,True,False,laplacian,44,5.555743404183049,3.260545082311642,0.364910833548525
84,s3_vlp_blocked,5.832850971363683,3.0310878411880533,False,True,False,static_raw,39,7.651055343169463,2.980373781827712,0.5004025088581078
84,s3_vlp_blocked,5.832850971363683,3.0310878411880533,False,True,False,graph_diffusion_1,39,7.597851085493725,2.9757389865167467,0.37904330454698515
84,s3_vlp_blocked,5.832850971363683,3.0310878411880533,False,True,False,graph_diffusion_3,39,7.505686614296244,2.969526933432949,0.23891561563749233
84,s3_vlp_blocked,5.832850971363683,3.0310878411880533,False,True,False,laplacian,39,7.605051839752676,2.986332131761573,0.3921458748540086
85,s3_vlp_blocked,5.898467311753344,3.228508652056043,False,True,False,static_raw,39,8.255428576954117,3.4858340486562915,0.5030288556842482
85,s3_vlp_blocked,5.898467311753344,3.228508652056043,False,True,False,graph_diffusion_1,39,8.202882064970616,3.487787358881085,0.3862936110152209
85,s3_vlp_blocked,5.898467311753344,3.228508652056043,False,True,False,graph_diffusion_3,39,8.109015495066911,3.4914857232943275,0.2510663162599844
85,s3_vlp_blocked,5.898467311753344,3.228508652056043,False,True,False,laplacian,39,8.19892272337354,3.4914467845475543,0.3978420725457274
86,s3_vlp_blocked,5.888626732888142,3.400271085109193,False,True,False,static_raw,44,6.220955266715268,4.125600350493146,0.5001409184074278
86,s3_vlp_blocked,5.888626732888142,3.400271085109193,False,True,False,graph_diffusion_1,44,6.206363104417727,4.126421656228248,0.37571870949365693
86,s3_vlp_blocked,5.888626732888142,3.400271085109193,False,True,False,graph_diffusion_3,44,6.179590367796643,4.12789855334827,0.22983961315421766
86,s3_vlp_blocked,5.888626732888142,3.400271085109193,False,True,False,laplacian,44,6.205018333641178,4.128327765045089,0.36515384304261794
87,s3_vlp_blocked,5.651159957112673,3.739006548657096,False,True,False,static_raw,5,5.707269511010337,2.5806042882061058,0.5001367403805502
87,s3_vlp_blocked,5.651159957112673,3.739006548657096,False,True,False,graph_diffusion_1,5,5.710422876346459,2.6351505990147523,0.3789726419547305
87,s3_vlp_blocked,5.651159957112673,3.739006548657096,False,True,False,graph_diffusion_3,5,5.715721451495562,2.730020092507387,0.23885587447367906
87,s3_vlp_blocked,5.651159957112673,3.739006548657096,False,True,False,laplacian,5,5.7066637735691605,2.626440721133905,0.39174648533307893
88,s3_vlp_blocked,5.511321113022474,3.8790676275290847,False,True,False,static_raw,35,5.877054142386273,3.9730454535799633,0.5589576579528527
88,s3_vlp_blocked,5.511321113022474,3.8790676275290847,False,True,False,graph_diffusion_1,35,5.876723386107292,3.973463686503065,0.42735640503556066
88,s3_vlp_blocked,5.511321113022474,3.8790676275290847,False,True,False,graph_diffusion_3,35,5.875461404802471,3.9738822063220933,0.2714877725956675
88,s3_vlp_blocked,5.511321113022474,3.8790676275290847,False,True,False,laplacian,35,5.874221769871768,3.9732720032234705,0.4158962272435716
89,s3_vlp_blocked,5.43643528909089,3.953273740011248,False,True,False,static_raw,5,4.943087876421506,2.302356834773037,0.5013018725005948
89,s3_vlp_blocked,5.43643528909089,3.953273740011248,False,True,False,graph_diffusion_1,5,4.937068251328901,2.353663998958178,0.38027094322950733
89,s3_vlp_blocked,5.43643528909089,3.953273740011248,False,True,False,graph_diffusion_3,5,4.927408544746268,2.4430359911182,0.2404274599404211
89,s3_vlp_blocked,5.43643528909089,3.953273740011248,False,True,False,laplacian,5,4.944158523965623,2.348622314910087,0.39306179741232866
90,s3_vlp_blocked,5.230257776887017,3.9835295593536193,False,True,False,static_raw,5,4.395280820381613,1.6859284676779838,0.5059837272925717
90,s3_vlp_blocked,5.230257776887017,3.9835295593536193,False,True,False,graph_diffusion_1,5,4.390227138717746,1.7341801606607643,0.3898452571911804
90,s3_vlp_blocked,5.230257776887017,3.9835295593536193,False,True,False,graph_diffusion_3,5,4.383376723693904,1.820565065533896,0.2546847766576744
90,s3_vlp_blocked,5.230257776887017,3.9835295593536193,False,True,False,laplacian,5,4.402222643986186,1.7403570323113884,0.4011892599387858
91,s3_vlp_blocked,4.9776092930395945,4.056000817377593,False,True,False,static_raw,34,4.23790387896424,4.03959234301628,0.5452628119295946
91,s3_vlp_blocked,4.9776092930395945,4.056000817377593,False,True,False,graph_diffusion_1,34,4.237072765482903,4.039859534586833,0.4176259200829302
91,s3_vlp_blocked,4.9776092930395945,4.056000817377593,False,True,False,graph_diffusion_3,34,4.235308099657768,4.040189028604018,0.2666699352805474
91,s3_vlp_blocked,4.9776092930395945,4.056000817377593,False,True,False,laplacian,34,4.238205625825284,4.039651101808147,0.4065366962826692
92,s3_vlp_blocked,4.723335213676367,4.234008104614395,False,False,False,static_raw,44,3.9647061741544407,3.908479864626457,0.5112192869985929
92,s3_vlp_blocked,4.723335213676367,4.234008104614395,False,False,False,graph_diffusion_1,44,3.9654734711272246,3.909053511651653,0.3882886232545108
92,s3_vlp_blocked,4.723335213676367,4.234008104614395,False,False,False,graph_diffusion_3,44,3.967294985499038,3.910127507791874,0.2444136072572951
92,s3_vlp_blocked,4.723335213676367,4.234008104614395,False,False,False,laplacian,44,3.967753923810527,3.9113229954380153,0.37851190825461667
93,s3_vlp_blocked,4.5603601875449,4.42721654605225,False,False,False,static_raw,44,3.3640969249751422,4.6420536706336915,0.5157420192895175
93,s3_vlp_blocked,4.5603601875449,4.42721654605225,False,False,False,graph_diffusion_1,44,3.3676429236441168,4.642083310630341,0.390831016791893
93,s3_vlp_blocked,4.5603601875449,4.42721654605225,False,False,False,graph_diffusion_3,44,3.376272026311176,4.641924418703832,0.2441959050941008
93,s3_vlp_blocked,4.5603601875449,4.42721654605225,False,False,False,laplacian,44,3.3738768914171318,4.642101571536671,0.38072991433967285
94,s3_vlp_blocked,4.376758804931988,4.783397516554166,False,False,False,static_raw,44,4.986144057860956,5.41457972447831,0.5025782188623991
94,s3_vlp_blocked,4.376758804931988,4.783397516554166,False,False,False,graph_diffusion_1,44,4.986639154835828,5.415227345078688,0.37949413995409065
94,s3_vlp_blocked,4.376758804931988,4.783397516554166,False,False,False,graph_diffusion_3,44,4.988030498750265,5.417221819358641,0.235892550414254
94,s3_vlp_blocked,4.376758804931988,4.783397516554166,False,False,False,laplacian,44,4.986076066387872,5.414393729221645,0.3698604273694823
95,s3_vlp_blocked,4.278110895822162,4.873116927745965,False,False,False,static_raw,44,4.157494223710286,4.368500642078562,0.5658574042902209
95,s3_vlp_blocked,4.278110895822162,4.873116927745965,False,False,False,graph_diffusion_1,44,4.156747537212228,4.368627393516361,0.4353341161315338
95,s3_vlp_blocked,4.278110895822162,4.873116927745965,False,False,False,graph_diffusion_3,44,4.1557585620241895,4.368573401733199,0.27954276564188163
95,s3_vlp_blocked,4.278110895822162,4.873116927745965,False,False,False,laplacian,44,4.158952209280868,4.368736679970203,0.42337751649706906
96,s3_vlp_blocked,4.12801724847605,5.124228511615788,False,False,False,static_raw,54,4.663767723480804,4.658761305732676,0.5051423393574432
96,s3_vlp_blocked,4.12801724847605,5.124228511615788,False,False,False,graph_diffusion_1,54,4.663735476863717,4.658289566532945,0.38310937818564156
96,s3_vlp_blocked,4.12801724847605,5.124228511615788,False,False,False,graph_diffusion_3,54,4.663721934356954,4.657067302019793,0.24057874925980655
96,s3_vlp_blocked,4.12801724847605,5.124228511615788,False,False,False,laplacian,54,4.663888187511947,4.6593826228280655,0.37345229302145383
97,s3_vlp_blocked,3.704635602450641,5.262849100858526,False,False,False,static_raw,53,2.2100239948199163,5.559793803916577,0.501298690956478
97,s3_vlp_blocked,3.704635602450641,5.262849100858526,False,False,False,graph_diffusion_1,53,2.237761695922928,5.558823582921854,0.3785086639795884
97,s3_vlp_blocked,3.704635602450641,5.262849100858526,False,False,False,graph_diffusion_3,53,2.288300635652473,5.557615411315443,0.2342848498345274
97,s3_vlp_blocked,3.704635602450641,5.262849100858526,False,False,False,laplacian,53,2.2414817487898118,5.559649107986405,0.3671070601771923
98,s3_vlp_blocked,3.5561357581555817,5.285474381301673,False,False,False,static_raw,53,3.8883232441021955,6.152963937927965,0.5199685128242603
98,s3_vlp_blocked,3.5561357581555817,5.285474381301673,False,False,False,graph_diffusion_1,53,3.8872589972647464,6.156608444911636,0.39518711555590685
98,s3_vlp_blocked,3.5561357581555817,5.285474381301673,False,False,False,graph_diffusion_3,53,3.8858687768887976,6.162390111558577,0.24834204848782485
98,s3_vlp_blocked,3.5561357581555817,5.285474381301673,False,False,False,laplacian,53,3.889076807207318,6.150914999267111,0.3853625700202888
99,s3_vlp_blocked,3.128664509288299,5.522908615866154,False,False,False,static_raw,53,5.1690323431382295,5.636525369300732,0.5061489783583825
99,s3_vlp_blocked,3.128664509288299,5.522908615866154,False,False,False,graph_diffusion_1,53,5.1731357185917455,5.638016372269376,0.38070103462459265
99,s3_vlp_blocked,3.128664509288299,5.522908615866154,False,False,False,graph_diffusion_3,53,5.178864277067642,5.64059453669207,0.23391741289985357
99,s3_vlp_blocked,3.128664509288299,5.522908615866154,False,False,False,laplacian,53,5.165932722724031,5.636335987405095,0.3710317891384462
0,s4_mixed_dynamic,6.1055626688123565,8.931678203850066,False,False,True,static_raw,96,5.638623800069691,9.266140347492332,0.5034028371980053
0,s4_mixed_dynamic,6.1055626688123565,8.931678203850066,False,False,True,graph_diffusion_1,96,5.6302805059337535,9.214545012351516,0.3898702322954145
0,s4_mixed_dynamic,6.1055626688123565,8.931678203850066,False,False,True,graph_diffusion_3,96,5.6178539566141374,9.11788129246572,0.25994170139282013
0,s4_mixed_dynamic,6.1055626688123565,8.931678203850066,False,False,True,laplacian,96,5.638598864118739,9.193635357773097,0.40144876567857596
1,s4_mixed_dynamic,6.320554771122484,9.075343533082185,False,False,True,static_raw,96,6.086688510904896,9.062443646907555,0.6337168600936274
1,s4_mixed_dynamic,6.320554771122484,9.075343533082185,False,False,True,graph_diffusion_1,96,6.082774913884791,9.014792455873009,0.4931758749459422
1,s4_mixed_dynamic,6.320554771122484,9.075343533082185,False,False,True,graph_diffusion_3,96,6.076814619382639,8.926423946785583,0.32578168767450155
1,s4_mixed_dynamic,6.320554771122484,9.075343533082185,False,False,True,laplacian,96,6.086648318806235,8.998244914462688,0.5053240745712174
2,s4_mixed_dynamic,6.58026211240472,9.446929430621816,False,False,True,static_raw,96,6.229762921646179,8.78953393260076,0.5473550430655161
2,s4_mixed_dynamic,6.58026211240472,9.446929430621816,False,False,True,graph_diffusion_1,96,6.227436868184847,8.746046965329574,0.4231498408766662
2,s4_mixed_dynamic,6.58026211240472,9.446929430621816,False,False,True,graph_diffusion_3,96,6.22470407691953,8.666931580782098,0.27829734541236983
2,s4_mixed_dynamic,6.58026211240472,9.446929430621816,False,False,True,laplacian,96,6.229665140502133,8.734551857951512,0.435641511741342
3,s4_mixed_dynamic,6.690486996140005,9.773722821152626,False,False,True,static_raw,96,6.100836964162371,9.145567260304333,0.5750218773806244
3,s4_mixed_dynamic,6.690486996140005,9.773722821152626,False,False,True,graph_diffusion_1,96,6.098277821695772,9.093728937523688,0.4477688460988401
3,s4_mixed_dynamic,6.690486996140005,9.773722821152626,False,False,True,graph_diffusion_3,96,6.095242462402046,8.998055650856562,0.29744897987819807
3,s4_mixed_dynamic,6.690486996140005,9.773722821152626,False,False,True,laplacian,96,6.10069549536213,9.075675756026909,0.4589668131232954
4,s4_mixed_dynamic,6.648930003357536,9.453988556211296,False,False,True,static_raw,96,5.365624019613931,8.682796146160827,0.5107804184428117
4,s4_mixed_dynamic,6.648930003357536,9.453988556211296,False,False,True,graph_diffusion_1,96,5.351246366773888,8.64045164602281,0.3884280230690159
4,s4_mixed_dynamic,6.648930003357536,9.453988556211296,False,False,True,graph_diffusion_3,96,5.327136808932403,8.564182446418467,0.24656353168744952
4,s4_mixed_dynamic,6.648930003357536,9.453988556211296,False,False,True,laplacian,96,5.365643086236286,8.630908029660695,0.4014839670123804
5,s4_mixed_dynamic,6.503414861243288,9.34880509424309,False,False,True,static_raw,96,5.447823242099715,9.294965331212923,0.5334861253384071
5,s4_mixed_dynamic,6.503414861243288,9.34880509424309,False,False,True,graph_diffusion_1,96,5.438763731921465,9.238850728580285,0.41397477500479946
5,s4_mixed_dynamic,6.503414861243288,9.34880509424309,False,False,True,graph_diffusion_3,96,5.422594697068172,9.134834798422293,0.272410339907152
5,s4_mixed_dynamic,6.503414861243288,9.34880509424309,False,False,True,laplacian,96,5.447993289621253,9.217327165179686,0.4240961861099842
6,s4_mixed_dynamic,6.309679632446698,9.224501326679391,False,False,True,static_raw,96,6.036623437567097,9.329834846744598,0.6308775517888242
6,s4_mixed_dynamic,6.309679632446698,9.224501326679391,False,False,True,graph_diffusion_1,96,6.0340434515287,9.273968460830178,0.49557675790423317
6,s4_mixed_dynamic,6.309679632446698,9.224501326679391,False,False,True,graph_diffusion_3,96,6.03059835478715,9.16996052532416,0.33469205843178834
6,s4_mixed_dynamic,6.309679632446698,9.224501326679391,False,False,True,laplacian,96,6.036587085645367,9.25160889543329,0.5058047736552566
7,s4_mixed_dynamic,6.06460409098813,9.084291660062746,False,False,True,static_raw,96,5.715975966692273,9.179615212621197,0.5017129682297499
7,s4_mixed_dynamic,6.06460409098813,9.084291660062746,False,False,True,graph_diffusion_1,96,5.70578964922647,9.13365854912386,0.3864768793590868
7,s4_mixed_dynamic,6.06460409098813,9.084291660062746,False,False,True,graph_diffusion_3,96,5.690648752257329,9.046561811057,0.25633670908181705
7,s4_mixed_dynamic,6.06460409098813,9.084291660062746,False,False,True,laplacian,96,5.7159493662491965,9.114228684210948,0.3998548498269509
8,s4_mixed_dynamic,5.726062604387588,9.046898224684307,False,False,True,static_raw,85,5.3210734772734405,8.780422003132418,0.6180478014015532
8,s4_mixed_dynamic,5.726062604387588,9.046898224684307,False,False,True,graph_diffusion_1,85,5.323347882726123,8.768975969595154,0.47487166745197795
8,s4_mixed_dynamic,5.726062604387588,9.046898224684307,False,False,True,graph_diffusion_3,85,5.326708174442959,8.736224906569182,0.3074664928088229
8,s4_mixed_dynamic,5.726062604387588,9.046898224684307,False,False,True,laplacian,85,5.321070090224148,8.748769226907422,0.46610680143179073
9,s4_mixed_dynamic,5.334545965818324,9.091415993613808,False,False,True,static_raw,95,5.300086213039408,9.34208156113803,0.7031379157624893
9,s4_mixed_dynamic,5.334545965818324,9.091415993613808,False,False,True,graph_diffusion_1,95,5.298843497140849,9.286407037938552,0.5549206026796165
9,s4_mixed_dynamic,5.334545965818324,9.091415993613808,False,False,True,graph_diffusion_3,95,5.296901533157445,9.182525448269407,0.3765277281717521
9,s4_mixed_dynamic,5.334545965818324,9.091415993613808,False,False,True,laplacian,95,5.300083714943874,9.263726132470557,0.5652217700102526
10,s4_mixed_dynamic,4.945823765007514,9.252578001847564,True,False,True,static_raw,94,4.892260978401142,9.321966676166976,0.5744028786697963
10,s4_mixed_dynamic,4.945823765007514,9.252578001847564,True,False,True,graph_diffusion_1,94,4.895422608766671,9.267474359977044,0.4603867329753854
10,s4_mixed_dynamic,4.945823765007514,9.252578001847564,True,False,True,graph_diffusion_3,94,4.900352476165709,9.165660319172494,0.32271248663821017
10,s4_mixed_dynamic,4.945823765007514,9.252578001847564,True,False,True,laplacian,94,4.892261875251674,9.245299290282194,0.4681332234998334
11,s4_mixed_dynamic,4.721675127324938,9.340170350002357,True,False,True,static_raw,94,4.779737183579672,9.430536652845028,0.6904165896599467
11,s4_mixed_dynamic,4.721675127324938,9.340170350002357,True,False,True,graph_diffusion_1,94,4.780593615419576,9.37004687942088,0.5501793128151387
11,s4_mixed_dynamic,4.721675127324938,9.340170350002357,True,False,True,graph_diffusion_3,94,4.781944889510009,9.257570375492152,0.37845036988762926
11,s4_mixed_dynamic,4.721675127324938,9.340170350002357,True,False,True,laplacian,94,4.779739017177268,9.34475805366596,0.5574187307664159
12,s4_mixed_dynamic,4.340963373281298,9.42272693147179,True,False,True,static_raw,94,4.745314687718034,9.036763976795468,0.5195796157974855
12,s4_mixed_dynamic,4.340963373281298,9.42272693147179,True,False,True,graph_diffusion_1,94,4.750027156426724,9.002284353377366,0.4114507345355592
12,s4_mixed_dynamic,4.340963373281298,9.42272693147179,True,False,True,graph_diffusion_3,94,4.7571597102157925,8.933772584199563,0.2858299729690273
12,s4_mixed_dynamic,4.340963373281298,9.42272693147179,True,False,True,laplacian,94,4.745316808256336,8.983891692515128,0.423435162537265
13,s4_mixed_dynamic,4.095436566930193,9.473710426329454,True,False,True,static_raw,84,4.553427662941555,8.998164662512208,0.48409119757237246
13,s4_mixed_dynamic,4.095436566930193,9.473710426329454,True,False,True,graph_diffusion_1,84,4.551367119191385,8.968288128077997,0.3631462076689466
13,s4_mixed_dynamic,4.095436566930193,9.473710426329454,True,False,True,graph_diffusion_3,84,4.5487686884833245,8.906846073546157,0.2241019991447869
13,s4_mixed_dynamic,4.095436566930193,9.473710426329454,True,False,True,laplacian,84,4.553704182207005,8.948648156567414,0.3548682197480623
14,s4_mixed_dynamic,3.863209848904428,9.531730849012984,True,False,True,static_raw,93,5.2485376915329,9.133258511412356,0.5084524210546008
14,s4_mixed_dynamic,3.863209848904428,9.531730849012984,True,False,True,graph_diffusion_1,93,5.269363610278762,9.082621673959753,0.3864522970392372
14,s4_mixed_dynamic,3.863209848904428,9.531730849012984,True,False,True,graph_diffusion_3,93,5.306718132344501,8.988832157037075,0.24465915529456655
14,s4_mixed_dynamic,3.863209848904428,9.531730849012984,True,False,True,laplacian,93,5.248021713928998,9.064738918091932,0.3989583242784748
15,s4_mixed_dynamic,3.520682956293645,9.491058893166894,True,False,True,static_raw,93,4.140026041386554,7.261358836698338,0.500000008682909
15,s4_mixed_dynamic,3.520682956293645,9.491058893166894,True,False,True,graph_diffusion_1,93,4.146752640175252,7.206184286010175,0.37894390724167987
15,s4_mixed_dynamic,3.520682956293645,9.491058893166894,True,False,True,graph_diffusion_3,93,4.1571365608283966,7.110753049936625,0.23880980562818008
15,s4_mixed_dynamic,3.520682956293645,9.491058893166894,True,False,True,laplacian,93,4.140060962933217,7.215558208143532,0.3915464343180938
16,s4_mixed_dynamic,3.165382501834026,9.461587695941777,True,False,True,static_raw,93,4.648843145738856,9.422020759804974,0.5976036343369993
16,s4_mixed_dynamic,3.165382501834026,9.461587695941777,True,False,True,graph_diffusion_1,93,4.652593534437205,9.361631356768047,0.45783396645376706
16,s4_mixed_dynamic,3.165382501834026,9.461587695941777,True,False,True,graph_diffusion_3,93,4.658392382929554,9.249468161678584,0.29417128376229335
16,s4_mixed_dynamic,3.165382501834026,9.461587695941777,True,False,True,laplacian,93,4.648853688013162,9.336600201810663,0.4691479765509579
17,s4_mixed_dynamic,2.930245477093876,9.456164822050765,True,False,True,static_raw,92,3.6845515862746736,9.490155556694813,0.5000000110981285
17,s4_mixed_dynamic,2.930245477093876,9.456164822050765,True,False,True,graph_diffusion_1,92,3.6850364663843727,9.42677535266709,0.38285274673706293
17,s4_mixed_dynamic,2.930245477093876,9.456164822050765,True,False,True,graph_diffusion_3,92,3.672619169827406,9.309465449183381,0.24959278752781403
17,s4_mixed_dynamic,2.930245477093876,9.456164822050765,True,False,True,laplacian,92,3.684874722710639,9.39937372174107,0.3931255855267178
18,s4_mixed_dynamic,2.7420797060020465,9.472996628406442,True,False,True,static_raw,92,3.7318221040016923,9.383395707653145,0.6475672328988542
18,s4_mixed_dynamic,2.7420797060020465,9.472996628406442,True,False,True,graph_diffusion_1,92,3.740417307686515,9.324409394485865,0.4995939876714488
18,s4_mixed_dynamic,2.7420797060020465,9.472996628406442,True,False,True,graph_diffusion_3,92,3.742103513238828,9.215352182119759,0.3235936346380213
18,s4_mixed_dynamic,2.7420797060020465,9.472996628406442,True,False,True,laplacian,92,3.732171672948263,9.30048157505711,0.5122508140177312
19,s4_mixed_dynamic,2.4198638446847416,9.489528341112424,True,False,True,static_raw,92,3.387534108107351,9.052977106128424,0.5046155530014054
19,s4_mixed_dynamic,2.4198638446847416,9.489528341112424,True,False,True,graph_diffusion_1,92,3.3964449613234455,9.005261047595374,0.3940669100205218
19,s4_mixed_dynamic,2.4198638446847416,9.489528341112424,True,False,True,graph_diffusion_3,92,3.3992518285463946,8.91891740599249,0.26447695857843434
19,s4_mixed_dynamic,2.4198638446847416,9.489528341112424,True,False,True,laplacian,92,3.3878768711487086,8.988934338776092,0.40492709095180196
20,s4_mixed_dynamic,2.0874415206005943,9.43132427410417,False,False,True,static_raw,92,3.907754912533785,8.877526594906822,0.5437002801647086
20,s4_mixed_dynamic,2.0874415206005943,9.43132427410417,False,False,True,graph_diffusion_1,92,3.924514662050445,8.830726023530612,0.4169148981256611
20,s4_mixed_dynamic,2.0874415206005943,9.43132427410417,False,False,True,graph_diffusion_3,92,3.9398004077323456,8.747924387081966,0.26756958490720306
20,s4_mixed_dynamic,2.0874415206005943,9.43132427410417,False,False,True,laplacian,92,3.9079886031814004,8.817534108956936,0.4296597519648037
21,s4_mixed_dynamic,1.6827551012106006,9.608276410412028,False,False,True,static_raw,91,1.9389393387861105,8.992875402718814,0.584883115475808
21,s4_mixed_dynamic,1.6827551012106006,9.608276410412028,False,False,True,graph_diffusion_1,91,1.9212376311891306,8.95415512893222,0.44505611541659235
21,s4_mixed_dynamic,1.6827551012106006,9.608276410412028,False,False,True,graph_diffusion_3,91,1.9312836761739343,8.866723703142187,0.2953036781422704
21,s4_mixed_dynamic,1.6827551012106006,9.608276410412028,False,False,True,laplacian,91,1.954765026000926,8.928883118421776,0.4681589189184668
22,s4_mixed_dynamic,1.5666621834216723,9.721824928735591,False,False,True,static_raw,91,3.90890436479277,9.408961590890591,0.5747135896744993
22,s4_mixed_dynamic,1.5666621834216723,9.721824928735591,False,False,True,graph_diffusion_1,91,3.842370352007267,9.349142579550298,0.4353684613395018
22,s4_mixed_dynamic,1.5666621834216723,9.721824928735591,False,False,True,graph_diffusion_3,91,3.7904363181671408,9.231458161857413,0.28431925284906795
22,s4_mixed_dynamic,1.5666621834216723,9.721824928735591,False,False,True,laplacian,91,3.905782429665896,9.324410411064056,0.45517096552416847
23,s4_mixed_dynamic,1.8135872918506848,9.442076930062784,False,False,True,static_raw,91,1.456154655590236,9.26910099891052,0.6688366354158721
23,s4_mixed_dynamic,1.8135872918506848,9.442076930062784,False,False,True,graph_diffusion_1,91,1.4439322658264542,9.218473800701052,0.5145793797508812
23,s4_mixed_dynamic,1.8135872918506848,9.442076930062784,False,False,True,graph_diffusion_3,91,1.4599058267505876,9.114188770441311,0.34691422816775014
23,s4_mixed_dynamic,1.8135872918506848,9.442076930062784,False,False,True,laplacian,91,1.4756828553458365,9.193532029398945,0.5383021916882154
24,s4_mixed_dynamic,1.9797748224675469,9.171124941492176,False,False,True,static_raw,92,4.333477536038195,8.969088727619297,0.4827664819068874
24,s4_mixed_dynamic,1.9797748224675469,9.171124941492176,False,False,True,graph_diffusion_1,92,4.347402894365866,8.918998038981513,0.37016924700872345
24,s4_mixed_dynamic,1.9797748224675469,9.171124941492176,False,False,True,graph_diffusion_3,92,4.352703978534294,8.827754103362146,0.2391922423232909
24,s4_mixed_dynamic,1.9797748224675469,9.171124941492176,False,False,True,laplacian,92,4.327235539414873,8.905601835121026,0.3821980537147892
25,s4_mixed_dynamic,2.0026978386863656,9.060785581306895,False,True,True,static_raw,94,3.8597867308348777,8.730706433599675,0.4999999999729807
25,s4_mixed_dynamic,2.0026978386863656,9.060785581306895,False,True,True,graph_diffusion_1,94,3.845980635351749,8.685466082672034,0.3777269374996721
25,s4_mixed_dynamic,2.0026978386863656,9.060785581306895,False,True,True,graph_diffusion_3,94,3.824699343595297,8.60268013559115,0.23779754330536992
25,s4_mixed_dynamic,2.0026978386863656,9.060785581306895,False,True,True,laplacian,94,3.861455666347102,8.674542756423394,0.39204913913429706
26,s4_mixed_dynamic,2.0409538218277232,8.768038731768266,False,True,True,static_raw,81,2.5872277234176324,8.124604307148559,0.5219559269662325
26,s4_mixed_dynamic,2.0409538218277232,8.768038731768266,False,True,True,graph_diffusion_1,81,2.554252007491728,8.139999597150062,0.38868565684809453
26,s4_mixed_dynamic,2.0409538218277232,8.768038731768266,False,True,True,graph_diffusion_3,81,2.509232938830313,8.156529991728409,0.2397021124568387
26,s4_mixed_dynamic,2.0409538218277232,8.768038731768266,False,True,True,laplacian,81,2.59178726093049,8.112941934898531,0.38754296422151036
27,s4_mixed_dynamic,1.943647595119588,8.39052055732134,False,True,True,static_raw,81,2.779908296378645,8.507509379048308,0.5302896254294116
27,s4_mixed_dynamic,1.943647595119588,8.39052055732134,False,True,True,graph_diffusion_1,81,2.743556625402019,8.506610062494776,0.39621244662728805
27,s4_mixed_dynamic,1.943647595119588,8.39052055732134,False,True,True,graph_diffusion_3,81,2.693769540893455,8.495475457481138,0.24619544409404065
27,s4_mixed_dynamic,1.943647595119588,8.39052055732134,False,True,True,laplacian,81,2.7845687507315118,8.48467725025385,0.39502328470712683
28,s4_mixed_dynamic,1.822933837050688,7.938503894157455,False,True,True,static_raw,81,3.607429783550402,8.351963916629044,0.5227984981295454
28,s4_mixed_dynamic,1.822933837050688,7.938503894157455,False,True,True,graph_diffusion_1,81,3.564841844172855,8.358574781657765,0.3865285976990133
28,s4_mixed_dynamic,1.822933837050688,7.938503894157455,False,True,True,graph_diffusion_3,81,3.501801465774349,8.358772158532663,0.23484651025571954
28,s4_mixed_dynamic,1.822933837050688,7.938503894157455,False,True,True,laplacian,81,3.6101378485210494,8.333801496656008,0.38584026906213675
29,s4_mixed_dynamic,1.5143958915018594,7.638191012939957,False,True,True,static_raw,50,1.705525016338736,5.9971768116068445,0.5016007151710143
29,s4_mixed_dynamic,1.5143958915018594,7.638191012939957,False,True,True,graph_diffusion_1,50,1.7487850007266779,6.005423468281234,0.38065180541529653
29,s4_mixed_dynamic,1.5143958915018594,7.638191012939957,False,True,True,graph_diffusion_3,50,1.8258442238420098,6.0195796464175855,0.24201972417341758
29,s4_mixed_dynamic,1.5143958915018594,7.638191012939957,False,True,True,laplacian,50,1.753473575609996,5.9964987778930725,0.3943030571317105
30,s4_mixed_dynamic,1.3675026549702816,7.582213936330399,False,True,True,static_raw,71,1.8952958370156776,7.153311474310979,0.5617522354120944
30,s4_mixed_dynamic,1.3675026549702816,7.582213936330399,False,True,True,graph_diffusion_1,71,1.8804224890533825,7.158386957887604,0.4246885213830904
30,s4_mixed_dynamic,1.3675026549702816,7.582213936330399,False,True,True,graph_diffusion_3,71,1.869223952911852,7.1692634907366495,0.2670585848603097
30,s4_mixed_dynamic,1.3675026549702816,7.582213936330399,False,True,True,laplacian,71,1.905294166981903,7.151296957002244,0.419110482016252
31,s4_mixed_dynamic,1.2429294919367564,7.522606951356906,False,True,True,static_raw,71,2.809707504786218,6.68770037263843,0.5089892423542718
31,s4_mixed_dynamic,1.2429294919367564,7.522606951356906,False,True,True,graph_diffusion_1,71,2.785423496798373,6.696425088590239,0.37939267707813196
31,s4_mixed_dynamic,1.2429294919367564,7.522606951356906,False,True,True,graph_diffusion_3,71,2.756574334753463,6.71379036790419,0.23147181074147127
31,s4_mixed_dynamic,1.2429294919367564,7.522606951356906,False,True,True,laplacian,71,2.814161114757174,6.687214164081641,0.3735659140869169
32,s4_mixed_dynamic,1.1706414409291317,7.446686809586819,False,True,True,static_raw,81,1.5160553993654124,7.242862891855055,0.5036319320298133
32,s4_mixed_dynamic,1.1706414409291317,7.446686809586819,False,True,True,graph_diffusion_1,81,1.516169031802701,7.278199920623008,0.371624014738916
32,s4_mixed_dynamic,1.1706414409291317,7.446686809586819,False,True,True,graph_diffusion_3,81,1.5255995677329224,7.328440461069976,0.22502551257891262
32,s4_mixed_dynamic,1.1706414409291317,7.446686809586819,False,True,True,laplacian,81,1.5377253008076746,7.238680791895503,0.36999058317217237
33,s4_mixed_dynamic,1.0225794063669398,7.298034493574606,False,True,True,static_raw,70,0.7227932351888359,7.811309072086414,0.5961433532938403
33,s4_mixed_dynamic,1.0225794063669398,7.298034493574606,False,True,True,graph_diffusion_1,70,0.7806158922039916,7.802319533552465,0.47018682172044085
33,s4_mixed_dynamic,1.0225794063669398,7.298034493574606,False,True,True,graph_diffusion_3,70,0.8868068534775737,7.789972046287437,0.3192866236307178
33,s4_mixed_dynamic,1.0225794063669398,7.298034493574606,False,True,True,laplacian,70,0.8006144077778157,7.798334197419402,0.4796070696399812
34,s4_mixed_dynamic,0.8405580282052503,7.1660136409604815,False,True,True,static_raw,70,0.6822843163300625,7.361165383964725,0.6116336602788035
34,s4_mixed_dynamic,0.8405580282052503,7.1660136409604815,False,True,True,graph_diffusion_1,70,0.7389601206379411,7.358815496569962,0.48239076754448984
34,s4_mixed_dynamic,0.8405580282052503,7.1660136409604815,False,True,True,graph_diffusion_3,70,0.8434787589571545,7.361367056742724,0.3270172520520881
34,s4_mixed_dynamic,0.8405580282052503,7.1660136409604815,False,True,True,laplacian,70,0.7605655846133149,7.356678647374692,0.4923921834414915
35,s4_mixed_dynamic,0.7992402328627707,7.065719351919998,False,True,True,static_raw,70,0.9020917679259725,7.577003274062454,0.5873719470384835
35,s4_mixed_dynamic,0.7992402328627707,7.065719351919998,False,True,True,graph_diffusion_1,70,0.9553655077049733,7.5734950983020095,0.4606857499039216
35,s4_mixed_dynamic,0.7992402328627707,7.065719351919998,False,True,True,graph_diffusion_3,70,1.0523349995003024,7.571505207846129,0.3101419903573829
35,s4_mixed_dynamic,0.7992402328627707,7.065719351919998,False,True,True,laplacian,70,0.9725219493970384,7.56914856980044,0.4719770419316617
36,s4_mixed_dynamic,0.7671095331979448,6.6194549412444434,False,True,True,static_raw,60,1.0038729894724565,6.551687980200991,0.5723046006488645
36,s4_mixed_dynamic,0.7671095331979448,6.6194549412444434,False,True,True,graph_diffusion_1,60,1.0533812579847952,6.552508247575042,0.447481873710771
36,s4_mixed_dynamic,0.7671095331979448,6.6194549412444434,False,True,True,graph_diffusion_3,60,1.1450366068928106,6.553474340754353,0.3007213657636146
36,s4_mixed_dynamic,0.7671095331979448,6.6194549412444434,False,True,True,laplacian,60,1.0691165657381663,6.550119790575495,0.45906781239575234
37,s4_mixed_dynamic,0.7867269935815102,6.50813786445098,False,True,True,static_raw,60,0.7489221932756256,5.902888118334718,0.5617273477567177
37,s4_mixed_dynamic,0.7867269935815102,6.50813786445098,False,True,True,graph_diffusion_1,60,0.8048091666099856,5.897797188867725,0.4425689355516938
37,s4_mixed_dynamic,0.7867269935815102,6.50813786445098,False,True,True,graph_diffusion_3,60,0.9082823134534906,5.890303019657547,0.3011804064718145
37,s4_mixed_dynamic,0.7867269935815102,6.50813786445098,False,True,True,laplacian,60,0.8252997932603816,5.9028189929898,0.45175950061199477
38,s4_mixed_dynamic,0.9039958580667962,6.339426406945286,False,True,True,static_raw,60,1.2527631308488103,6.00594403605159,0.5294129955886971
38,s4_mixed_dynamic,0.9039958580667962,6.339426406945286,False,True,True,graph_diffusion_1,60,1.2969011116483529,6.000261045103868,0.40870829523782715
38,s4_mixed_dynamic,0.9039958580667962,6.339426406945286,False,True,True,graph_diffusion_3,60,1.3777441784876594,5.991622681164749,0.2692152192516584
38,s4_mixed_dynamic,0.9039958580667962,6.339426406945286,False,True,True,laplacian,60,1.308569728214564,6.005850843176975,0.4213949106343392
39,s4_mixed_dynamic,0.9979740023158236,6.187541249202924,False,True,True,static_raw,90,0.6714600356058468,7.945774185475534,0.5089880466489826
39,s4_mixed_dynamic,0.9979740023158236,6.187541249202924,False,True,True,graph_diffusion_1,90,0.7480411733356531,7.841295793297023,0.40404236430445817
39,s4_mixed_dynamic,0.9979740023158236,6.187541249202924,False,True,True,graph_diffusion_3,90,0.8795979870428313,7.69046052774141,0.27573685851728286
39,s4_mixed_dynamic,0.9979740023158236,6.187541249202924,False,True,True,laplacian,90,0.7520010051470863,7.898781039629684,0.43206254249026255
40,s4_mixed_dynamic,1.28488954092244,5.782257454541684,False,True,True,static_raw,90,0.9520222473775434,7.593332749253088,0.5003685159809146
40,s4_mixed_dynamic,1.28488954092244,5.782257454541684,False,True,True,graph_diffusion_1,90,1.02690131224453,7.466041008679504,0.3917790037184498
40,s4_mixed_dynamic,1.28488954092244,5.782257454541684,False,True,True,graph_diffusion_3,90,1.1481443309551829,7.284645643457774,0.25954553725538204
40,s4_mixed_dynamic,1.28488954092244,5.782257454541684,False,True,True,laplacian,90,1.0162930185143437,7.547409204575456,0.4228348771995682
41,s4_mixed_dynamic,1.513102962684955,5.518180410148621,False,True,True,static_raw,51,1.4267236000570116,6.014224902997619,0.5531822666965264
41,s4_mixed_dynamic,1.513102962684955,5.518180410148621,False,True,True,graph_diffusion_1,51,1.4280776953188554,6.01083203060316,0.42049332381965643
41,s4_mixed_dynamic,1.513102962684955,5.518180410148621,False,True,True,graph_diffusion_3,51,1.4444991640019438,6.006220342843588,0.26791220677827543
41,s4_mixed_dynamic,1.513102962684955,5.518180410148621,False,True,True,laplacian,51,1.449623045871671,6.013218504731706,0.4141981615363909
42,s4_mixed_dynamic,1.6106044791645622,5.19830615307079,False,False,True,static_raw,51,2.5124749775487,4.463641645244258,0.5041219867175329
42,s4_mixed_dynamic,1.6106044791645622,5.19830615307079,False,False,True,graph_diffusion_1,51,2.49199416347738,4.473178814876669,0.37536984154141867
42,s4_mixed_dynamic,1.6106044791645622,5.19830615307079,False,False,True,graph_diffusion_3,51,2.4713341346826043,4.485459099701032,0.22904268730381266
42,s4_mixed_dynamic,1.6106044791645622,5.19830615307079,False,False,True,laplacian,51,2.517283510447588,4.464771340739314,0.36972867982898844
43,s4_mixed_dynamic,1.8972643262832607,4.975906927269721,False,False,True,static_raw,51,2.432240186911977,4.7931602263826605,0.34530346385918853
43,s4_mixed_dynamic,1.8972643262832607,4.975906927269721,False,False,True,graph_diffusion_1,51,2.4367535366488497,4.795225662167835,0.27139077656551447
43,s4_mixed_dynamic,1.8972643262832607,4.975906927269721,False,False,True,graph_diffusion_3,51,2.45337068120497,4.797210135282551,0.18156382910523688
43,s4_mixed_dynamic,1.8972643262832607,4.975906927269721,False,False,True,laplacian,51,2.452004222615699,4.793526723367104,0.26481615355772375
44,s4_mixed_dynamic,2.229332660696988,4.76372737768957,False,False,True,static_raw,41,2.256448184402221,4.960142463107648,0.30472935836783654
44,s4_mixed_dynamic,2.229332660696988,4.76372737768957,False,False,True,graph_diffusion_1,41,2.245277002599508,4.958879018875662,0.24646391881843877
44,s4_mixed_dynamic,2.229332660696988,4.76372737768957,False,False,True,graph_diffusion_3,41,2.2342499193314636,4.957238131781155,0.17365980377979362
44,s4_mixed_dynamic,2.229332660696988,4.76372737768957,False,False,True,laplacian,41,2.2630904748387857,4.960107632240005,0.24070278005707318
45,s4_mixed_dynamic,2.6145006895276834,4.592072450426468,True,False,True,static_raw,42,3.8226989449549156,4.068129328853338,0.5006813926456074
45,s4_mixed_dynamic,2.6145006895276834,4.592072450426468,True,False,True,graph_diffusion_1,42,3.8230209180655876,4.067310670633096,0.37615945050055993
45,s4_mixed_dynamic,2.6145006895276834,4.592072450426468,True,False,True,graph_diffusion_3,42,3.81841199517287,4.065898405721038,0.2302839468178088
45,s4_mixed_dynamic,2.6145006895276834,4.592072450426468,True,False,True,laplacian,42,3.823017840429537,4.06835248691404,0.36635137206213825
46,s4_mixed_dynamic,2.661129424294631,4.466616768697175,True,False,True,static_raw,42,3.0832201136241304,5.171177987769549,0.5288475504251685
46,s4_mixed_dynamic,2.661129424294631,4.466616768697175,True,False,True,graph_diffusion_1,42,3.0827200280489873,5.170966313986496,0.4014403160666212
46,s4_mixed_dynamic,2.661129424294631,4.466616768697175,True,False,True,graph_diffusion_3,42,3.0773389420953743,5.170318075895311,0.25114502820804635
46,s4_mixed_dynamic,2.661129424294631,4.466616768697175,True,False,True,laplacian,42,3.083700581184007,5.171123040496422,0.3908696455671761
47,s4_mixed_dynamic,2.6450300380382434,4.183588162907463,True,False,True,static_raw,42,2.0128053691630217,3.998957995966866,0.5185233119151916
47,s4_mixed_dynamic,2.6450300380382434,4.183588162907463,True,False,True,graph_diffusion_1,42,2.016362811957118,3.9978158325658146,0.39454966632827565
47,s4_mixed_dynamic,2.6450300380382434,4.183588162907463,True,False,True,graph_diffusion_3,42,2.024907725649987,3.9955135447897,0.250103474313388
47,s4_mixed_dynamic,2.6450300380382434,4.183588162907463,True,False,True,laplacian,42,2.0262750440401716,3.999084051332081,0.38579206019741086
48,s4_mixed_dynamic,2.633014421787828,3.6860116411580814,True,False,True,static_raw,32,2.8829500701811845,3.5955413311939863,0.5778246711239193
48,s4_mixed_dynamic,2.633014421787828,3.6860116411580814,True,False,True,graph_diffusion_1,32,2.8824128977859953,3.5948719519177406,0.4452403408745333
48,s4_mixed_dynamic,2.633014421787828,3.6860116411580814,True,False,True,graph_diffusion_3,32,2.8764036777579056,3.592191348894905,0.28604259515815833
48,s4_mixed_dynamic,2.633014421787828,3.6860116411580814,True,False,True,laplacian,32,2.8834941456205154,3.595737974468282,0.4329367379675742
49,s4_mixed_dynamic,2.7923313692644163,3.3743378598159564,True,False,True,static_raw,32,1.5784245528798704,3.0291997309578225,0.5000595511367385
49,s4_mixed_dynamic,2.7923313692644163,3.3743378598159564,True,False,True,graph_diffusion_1,32,1.6130472172777628,3.0326115946863377,0.37816445322835096
49,s4_mixed_dynamic,2.7923313692644163,3.3743378598159564,True,False,True,graph_diffusion_3,32,1.66963943637718,3.0303733044477665,0.2341796310840962
49,s4_mixed_dynamic,2.7923313692644163,3.3743378598159564,True,False,True,laplacian,32,1.6181534828804027,3.0296009927993097,0.36617014537466486
50,s4_mixed_dynamic,2.983612121628606,3.11916257556942,True,False,True,static_raw,32,4.719114270974432,3.3666559333149606,0.4017050229111558
50,s4_mixed_dynamic,2.983612121628606,3.11916257556942,True,False,True,graph_diffusion_1,32,4.7137658622712255,3.368222024239961,0.3013799237888494
50,s4_mixed_dynamic,2.983612121628606,3.11916257556942,True,False,True,graph_diffusion_3,32,4.697730334173133,3.370450371861896,0.1852599025702569
50,s4_mixed_dynamic,2.983612121628606,3.11916257556942,True,False,True,laplacian,32,4.712777081228737,3.370805061619478,0.2939614452761792
51,s4_mixed_dynamic,3.351818132537528,2.843855854625126,True,False,True,static_raw,23,3.148241278019143,2.6619357635169596,0.5905769176411056
51,s4_mixed_dynamic,3.351818132537528,2.843855854625126,True,False,True,graph_diffusion_1,23,3.146207819946729,2.6613736981186333,0.4546466772798527
51,s4_mixed_dynamic,3.351818132537528,2.843855854625126,True,False,True,graph_diffusion_3,23,3.1426733144787975,2.6567657035078964,0.2915281752657677
51,s4_mixed_dynamic,3.351818132537528,2.843855854625126,True,False,True,laplacian,23,3.14961157605767,2.663851522084575,0.44270801935936427
52,s4_mixed_dynamic,3.56862361427012,2.697604331930428,True,False,True,static_raw,23,2.9728400296925312,1.9119866471918383,0.5023699811496402
52,s4_mixed_dynamic,3.56862361427012,2.697604331930428,True,False,True,graph_diffusion_1,23,2.9718744259647227,1.9242070816985057,0.3802871851828425
52,s4_mixed_dynamic,3.56862361427012,2.697604331930428,True,False,True,graph_diffusion_3,23,2.9667384126616305,1.9444243816304607,0.23876192607028462
52,s4_mixed_dynamic,3.56862361427012,2.697604331930428,True,False,True,laplacian,23,2.9747443873134767,1.9316646479779165,0.3716685543583743
53,s4_mixed_dynamic,3.943888445431222,2.4514296926551147,True,False,True,static_raw,3,5.34570921643378,0.7539612364678527,0.5000163541937191
53,s4_mixed_dynamic,3.943888445431222,2.4514296926551147,True,False,True,graph_diffusion_1,3,5.364758469434298,0.8044345140556968,0.3791175906817378
53,s4_mixed_dynamic,3.943888445431222,2.4514296926551147,True,False,True,graph_diffusion_3,3,5.402544521245246,0.8990152245301761,0.238924704390226
53,s4_mixed_dynamic,3.943888445431222,2.4514296926551147,True,False,True,laplacian,3,5.345482307082963,0.824891297170968,0.39165725972375787
54,s4_mixed_dynamic,4.260369316238271,2.2082022988398595,True,False,True,static_raw,24,5.180808422256938,2.766880758852557,0.520711490528082
54,s4_mixed_dynamic,4.260369316238271,2.2082022988398595,True,False,True,graph_diffusion_1,24,5.181322410510437,2.7677628694248666,0.397626810772868
54,s4_mixed_dynamic,4.260369316238271,2.2082022988398595,True,False,True,graph_diffusion_3,24,5.181169660489236,2.766104874494526,0.2523299150426602
54,s4_mixed_dynamic,4.260369316238271,2.2082022988398595,True,False,True,laplacian,24,5.180153199170244,2.770523763022756,0.3874577309669742
55,s4_mixed_dynamic,4.627569160973635,2.060114150367901,True,False,True,static_raw,14,4.489634055099093,3.116741900422891,0.4940075461546198
55,s4_mixed_dynamic,4.627569160973635,2.060114150367901,True,False,True,graph_diffusion_1,14,4.48958295632283,3.0901909134309675,0.36742413505588517
55,s4_mixed_dynamic,4.627569160973635,2.060114150367901,True,False,True,graph_diffusion_3,14,4.4892295867322956,3.0605886831315567,0.22328083160669918
55,s4_mixed_dynamic,4.627569160973635,2.060114150367901,True,False,True,laplacian,14,4.4896816585553125,3.1205567363898816,0.3614206310965847
56,s4_mixed_dynamic,4.961867043427717,1.830848239374332,True,False,True,static_raw,4,5.613139792009491,0.9966313699713845,0.5022210747066836
56,s4_mixed_dynamic,4.961867043427717,1.830848239374332,True,False,True,graph_diffusion_1,4,5.613853178275944,1.0509622485277967,0.39285072969833645
56,s4_mixed_dynamic,4.961867043427717,1.830848239374332,True,False,True,graph_diffusion_3,4,5.614086039491973,1.1510339196371615,0.2649827670635862
56,s4_mixed_dynamic,4.961867043427717,1.830848239374332,True,False,True,laplacian,4,5.606333028156411,1.069617427011154,0.4016455886308008
57,s4_mixed_dynamic,5.0679788704002044,1.7195475994342533,True,False,True,static_raw,5,6.052657233749091,2.7173654846154442,0.45684059940954086
57,s4_mixed_dynamic,5.0679788704002044,1.7195475994342533,True,False,True,graph_diffusion_1,5,6.057987807555417,2.7674665221559684,0.3490532560166888
57,s4_mixed_dynamic,5.0679788704002044,1.7195475994342533,True,False,True,graph_diffusion_3,5,6.065829103433259,2.8550415692095035,0.2233414832223654
57,s4_mixed_dynamic,5.0679788704002044,1.7195475994342533,True,False,True,laplacian,5,6.049369840870878,2.7595520121987196,0.36032503022092655
58,s4_mixed_dynamic,5.335240810429285,1.571560122687008,False,False,True,static_raw,15,5.4146216973362655,1.7188781897251961,0.5992783981895744
58,s4_mixed_dynamic,5.335240810429285,1.571560122687008,False,False,True,graph_diffusion_1,15,5.415390447314102,1.7117072482155988,0.4576353478845188
58,s4_mixed_dynamic,5.335240810429285,1.571560122687008,False,False,True,graph_diffusion_3,15,5.416518535866611,1.713169401283771,0.2928789594590826
58,s4_mixed_dynamic,5.335240810429285,1.571560122687008,False,False,True,laplacian,15,5.41459080982398,1.733746907934032,0.4501492067772123
59,s4_mixed_dynamic,5.651780389210071,1.3727606103935992,False,False,True,static_raw,15,5.251042563299692,1.5730958224917175,0.5724582953705847
59,s4_mixed_dynamic,5.651780389210071,1.3727606103935992,False,False,True,graph_diffusion_1,15,5.253720053008262,1.5730840948722058,0.4383387733206662
59,s4_mixed_dynamic,5.651780389210071,1.3727606103935992,False,False,True,graph_diffusion_3,15,5.257465794540563,1.5861142784624218,0.2826665732958588
59,s4_mixed_dynamic,5.651780389210071,1.3727606103935992,False,False,True,laplacian,15,5.251040044802163,1.5937970663539383,0.43092464246932605
60,s4_mixed_dynamic,5.898763386562306,1.2621017401554997,False,False,True,static_raw,6,6.132494170054648,0.7275457987199081,0.6024344289484709
60,s4_mixed_dynamic,5.898763386562306,1.2621017401554997,False,False,True,graph_diffusion_1,6,6.129901788866244,0.7818372031607368,0.4775592171347398
60,s4_mixed_dynamic,5.898763386562306,1.2621017401554997,False,False,True,graph_diffusion_3,6,6.126507575300111,0.8828183249656678,0.32791692091933067
60,s4_mixed_dynamic,5.898763386562306,1.2621017401554997,False,False,True,laplacian,6,6.132448677438068,0.8027731878099937,0.4867152238431662
61,s4_mixed_dynamic,6.355551046384767,1.4203122314749552,False,False,True,static_raw,16,7.056274220505419,1.8629161271705077,0.5638700258740934
61,s4_mixed_dynamic,6.355551046384767,1.4203122314749552,False,False,True,graph_diffusion_1,16,7.046923139258253,1.854930012696874,0.42608042277995345
61,s4_mixed_dynamic,6.355551046384767,1.4203122314749552,False,False,True,graph_diffusion_3,16,7.033415589071563,1.853511349026497,0.26795783192795763
61,s4_mixed_dynamic,6.355551046384767,1.4203122314749552,False,False,True,laplacian,16,7.049043219142595,1.8762026986776932,0.41954071629907935
62,s4_mixed_dynamic,6.594147927702143,1.4206009795225187,False,False,True,static_raw,16,6.455392082188455,1.4166638619543988,0.6517624187748214
62,s4_mixed_dynamic,6.594147927702143,1.4206009795225187,False,False,True,graph_diffusion_1,16,6.455998060059663,1.419032505770275,0.4987167732748225
62,s4_mixed_dynamic,6.594147927702143,1.4206009795225187,False,False,True,graph_diffusion_3,16,6.457866228440043,1.4367870846124864,0.3196112074440632
62,s4_mixed_dynamic,6.594147927702143,1.4206009795225187,False,False,True,laplacian,16,6.455225124233506,1.4398825652882155,0.49008527768111887
63,s4_mixed_dynamic,6.702875767945526,1.3948214383894544,False,False,True,static_raw,16,6.144442005106736,1.2329029384152481,0.5524171191678436
63,s4_mixed_dynamic,6.702875767945526,1.3948214383894544,False,False,True,graph_diffusion_1,16,6.149450628075691,1.2469936638219417,0.4242374913640009
63,s4_mixed_dynamic,6.702875767945526,1.3948214383894544,False,False,True,graph_diffusion_3,16,6.157127572391591,1.283258264055892,0.27612906984230384
63,s4_mixed_dynamic,6.702875767945526,1.3948214383894544,False,False,True,laplacian,16,6.144384981288702,1.266328614447089,0.41646460170094124
64,s4_mixed_dynamic,6.87517464550481,1.1902703370600811,False,False,True,static_raw,16,6.563888170371433,1.44594074003985,0.6332833910268226
64,s4_mixed_dynamic,6.87517464550481,1.1902703370600811,False,False,True,graph_diffusion_1,16,6.563402464109842,1.4502643002468834,0.48572741735813074
64,s4_mixed_dynamic,6.87517464550481,1.1902703370600811,False,False,True,graph_diffusion_3,16,6.563789079801329,1.4705602373664415,0.3123600737439624
64,s4_mixed_dynamic,6.87517464550481,1.1902703370600811,False,False,True,laplacian,16,6.563107361783255,1.4703109737954254,0.47683455414079
65,s4_mixed_dynamic,6.892272294025562,1.0122251452148698,False,True,True,static_raw,19,8.614312029019198,1.553217892443696,0.5000009787652147
65,s4_mixed_dynamic,6.892272294025562,1.0122251452148698,False,True,True,graph_diffusion_1,19,8.59019855457915,1.5447281320407833,0.37592708224826055
65,s4_mixed_dynamic,6.892272294025562,1.0122251452148698,False,True,True,graph_diffusion_3,19,8.526182346927373,1.561582703010009,0.2441331535196628
65,s4_mixed_dynamic,6.892272294025562,1.0122251452148698,False,True,True,laplacian,19,8.561481823769894,1.5748488830154268,0.3960020083246475
66,s4_mixed_dynamic,7.000483248939226,0.9177176630235528,False,True,True,static_raw,49,8.407254147388187,3.137673512956739,0.5000443130000755
66,s4_mixed_dynamic,7.000483248939226,0.9177176630235528,False,True,True,graph_diffusion_1,49,8.362197679954757,3.125138524072803,0.378306581013265
66,s4_mixed_dynamic,7.000483248939226,0.9177176630235528,False,True,True,graph_diffusion_3,49,8.284485343913639,3.1064280544218295,0.23798572040163335
66,s4_mixed_dynamic,7.000483248939226,0.9177176630235528,False,True,True,laplacian,49,8.359900205657093,3.148598182961295,0.3919492532592765
67,s4_mixed_dynamic,7.169623623221895,0.7738996044632837,False,True,True,static_raw,45,6.322468315802884,2.7335648737733953,0.5000000011123596
67,s4_mixed_dynamic,7.169623623221895,0.7738996044632837,False,True,True,graph_diffusion_1,45,6.319895771582944,2.7616667134487916,0.3763459816523079
67,s4_mixed_dynamic,7.169623623221895,0.7738996044632837,False,True,True,graph_diffusion_3,45,6.321205046560378,2.8090807073319914,0.23029657516196309
67,s4_mixed_dynamic,7.169623623221895,0.7738996044632837,False,True,True,laplacian,45,6.321575623454985,2.7635646822086954,0.3648014991006775
68,s4_mixed_dynamic,7.492034971191752,0.4271040557051936,False,True,True,static_raw,7,7.809102615491612,1.1857399834111848,0.6112194841164272
68,s4_mixed_dynamic,7.492034971191752,0.4271040557051936,False,True,True,graph_diffusion_1,7,7.804367712797601,1.2324275046863669,0.4723459048117292
68,s4_mixed_dynamic,7.492034971191752,0.4271040557051936,False,True,True,graph_diffusion_3,7,7.803902156295448,1.3126314095247988,0.30707359362310693
68,s4_mixed_dynamic,7.492034971191752,0.4271040557051936,False,True,True,laplacian,7,7.796854828058424,1.2441847939243091,0.48498184807496314
69,s4_mixed_dynamic,7.463813289098351,0.1481351742215659,False,True,True,static_raw,9,8.828998489632301,1.0327133186292266,0.5082784793694113
69,s4_mixed_dynamic,7.463813289098351,0.1481351742215659,False,True,True,graph_diffusion_1,9,8.750544554837056,1.1104340138664504,0.4005067317996958
69,s4_mixed_dynamic,7.463813289098351,0.1481351742215659,False,True,True,graph_diffusion_3,9,8.630969751734424,1.2325755179379134,0.27400667129157535
69,s4_mixed_dynamic,7.463813289098351,0.1481351742215659,False,True,True,laplacian,9,8.772931908961096,1.0942446837544928,0.4322048318728156
70,s4_mixed_dynamic,7.384046542733699,0.3965845375848609,False,True,True,static_raw,19,8.656851650830042,1.5996095202749359,0.5000091592912544
70,s4_mixed_dynamic,7.384046542733699,0.3965845375848609,False,True,True,graph_diffusion_1,19,8.631807296410958,1.5862183651873263,0.37410645993664554
70,s4_mixed_dynamic,7.384046542733699,0.3965845375848609,False,True,True,graph_diffusion_3,19,8.5672046942446,1.5959460136039476,0.24245573033828816
70,s4_mixed_dynamic,7.384046542733699,0.3965845375848609,False,True,True,laplacian,19,8.60574148776222,1.616553816995977,0.3959693614335754
71,s4_mixed_dynamic,7.274941349103505,0.5328406187982155,False,True,True,static_raw,7,7.384758470558662,0.7128416223521218,0.728856236832042
71,s4_mixed_dynamic,7.274941349103505,0.5328406187982155,False,True,True,graph_diffusion_1,7,7.384351960651674,0.7680228945190295,0.571132784709045
71,s4_mixed_dynamic,7.274941349103505,0.5328406187982155,False,True,True,graph_diffusion_3,7,7.3969796000419885,0.8690072737492549,0.38000991143146756
71,s4_mixed_dynamic,7.274941349103505,0.5328406187982155,False,True,True,laplacian,7,7.383798125012615,0.7890252673291863,0.5829614063655609
72,s4_mixed_dynamic,7.242898641642358,0.6319581293500205,False,True,True,static_raw,45,6.555168478665301,2.7880720970909367,0.49999999995995575
72,s4_mixed_dynamic,7.242898641642358,0.6319581293500205,False,True,True,graph_diffusion_1,45,6.552772605223832,2.8111491520915632,0.3758148979053741
72,s4_mixed_dynamic,7.242898641642358,0.6319581293500205,False,True,True,graph_diffusion_3,45,6.556089557653188,2.8481194363848026,0.22924207494015855
72,s4_mixed_dynamic,7.242898641642358,0.6319581293500205,False,True,True,laplacian,45,6.552900436602982,2.814776426261466,0.3647920594398889
73,s4_mixed_dynamic,6.897766036852761,0.9865854746261178,False,True,True,static_raw,7,7.5142840326727125,1.5790570616169854,0.5072886528343662
73,s4_mixed_dynamic,6.897766036852761,0.9865854746261178,False,True,True,graph_diffusion_1,7,7.514462973012237,1.6249350799642255,0.38679472125723885
73,s4_mixed_dynamic,6.897766036852761,0.9865854746261178,False,True,True,graph_diffusion_3,7,7.521886317916434,1.7011386190824995,0.2482446507663484
73,s4_mixed_dynamic,6.897766036852761,0.9865854746261178,False,True,True,laplacian,7,7.510160696188403,1.6279405183413371,0.40060306415067043
74,s4_mixed_dynamic,6.819062780162876,1.076859414311629,False,True,True,static_raw,7,7.988475531593204,1.5254353850362086,0.537651668103099
74,s4_mixed_dynamic,6.819062780162876,1.076859414311629,False,True,True,graph_diffusion_1,7,7.979007610958379,1.568752833107284,0.41229632896771135
74,s4_mixed_dynamic,6.819062780162876,1.076859414311629,False,True,True,graph_diffusion_3,7,7.967134432248593,1.6402318873260007,0.2649665499121522
74,s4_mixed_dynamic,6.819062780162876,1.076859414311629,False,True,True,laplacian,7,7.969108107159246,1.576428242242477,0.424394167766305
75,s4_mixed_dynamic,6.720234602821568,1.267398302606882,False,True,True,static_raw,45,6.148935004349939,2.982829699482809,0.5000012303080812
75,s4_mixed_dynamic,6.720234602821568,1.267398302606882,False,True,True,graph_diffusion_1,45,6.149989047098277,2.9905769528636386,0.37458650127842197
75,s4_mixed_dynamic,6.720234602821568,1.267398302606882,False,True,True,graph_diffusion_3,45,6.15379508530497,3.007266795400633,0.22788077468882142
75,s4_mixed_dynamic,6.720234602821568,1.267398302606882,False,True,True,laplacian,45,6.148516195751883,2.9993085984672225,0.3648938078306459
76,s4_mixed_dynamic,6.503783427177126,1.570279682105651,False,True,True,static_raw,19,8.417796752619301,2.080690323266106,0.4997449200886532
76,s4_mixed_dynamic,6.503783427177126,1.570279682105651,False,True,True,graph_diffusion_1,19,8.395566202167805,2.056559127483052,0.37049264737550797
76,s4_mixed_dynamic,6.503783427177126,1.570279682105651,False,True,True,graph_diffusion_3,19,8.330783359149112,2.0550710705009108,0.2332419601430305
76,s4_mixed_dynamic,6.503783427177126,1.570279682105651,False,True,True,laplacian,19,8.368304464427052,2.0886903074975574,0.39209318666790627
77,s4_mixed_dynamic,6.358465325036558,1.791120746986019,False,True,True,static_raw,16,6.347242545906393,1.3539605494724931,0.603581391960913
77,s4_mixed_dynamic,6.358465325036558,1.791120746986019,False,True,True,graph_diffusion_1,16,6.3492952544024535,1.3618804983368855,0.46441133827471454
77,s4_mixed_dynamic,6.358465325036558,1.791120746986019,False,True,True,graph_diffusion_3,16,6.352819034934407,1.3881885683446262,0.3011383685440112
77,s4_mixed_dynamic,6.358465325036558,1.791120746986019,False,True,True,laplacian,16,6.347024357005579,1.3817329943874623,0.45572988700862194
78,s4_mixed_dynamic,6.122791880845917,1.8813582130943367,False,True,True,static_raw,9,8.22008305595249,1.7309145893582107,0.4999999999510001
78,s4_mixed_dynamic,6.122791880845917,1.8813582130943367,False,True,True,graph_diffusion_1,9,8.119093255383168,1.8304401701467705,0.3907738066899974
78,s4_mixed_dynamic,6.122791880845917,1.8813582130943367,False,True,True,graph_diffusion_3,9,7.971250801549507,1.9765841025901443,0.2572923089240679
78,s4_mixed_dynamic,6.122791880845917,1.8813582130943367,False,True,True,laplacian,9,8.171607940616566,1.7800421234789108,0.422203874770346
79,s4_mixed_dynamic,5.750230255978351,2.1326072148263107,False,True,True,static_raw,15,5.9880916458199795,2.517067824474263,0.5147497672887915
79,s4_mixed_dynamic,5.750230255978351,2.1326072148263107,False,True,True,graph_diffusion_1,15,5.984188936510163,2.4968873644795573,0.3852525487924714
79,s4_mixed_dynamic,5.750230255978351,2.1326072148263107,False,True,True,graph_diffusion_3,15,5.979302882470601,2.476487873859986,0.2377311210211049
79,s4_mixed_dynamic,5.750230255978351,2.1326072148263107,False,True,True,laplacian,15,5.987158585696889,2.5217757357711994,0.37947316678099485
80,s4_mixed_dynamic,5.514678873922644,2.389062926514496,True,False,True,static_raw,25,5.1459339065944825,1.5357676279905188,0.4998127728278753
80,s4_mixed_dynamic,5.514678873922644,2.389062926514496,True,False,True,graph_diffusion_1,25,5.149110345936476,1.5743856877650313,0.37899610682365364
80,s4_mixed_dynamic,5.514678873922644,2.389062926514496,True,False,True,graph_diffusion_3,25,5.154850817740154,1.6411113585242347,0.23669566357300356
80,s4_mixed_dynamic,5.514678873922644,2.389062926514496,True,False,True,laplacian,25,5.145934976721258,1.5789004004866738,0.36633854569793917
81,s4_mixed_dynamic,5.508112152914603,2.4998600146256016,True,False,True,static_raw,25,4.576301241463744,2.0369143174846105,0.5021372740395348
81,s4_mixed_dynamic,5.508112152914603,2.4998600146256016,True,False,True,graph_diffusion_1,25,4.573791958271791,2.0397492401163144,0.37731344878213063
81,s4_mixed_dynamic,5.508112152914603,2.4998600146256016,True,False,True,graph_diffusion_3,25,4.570682488735498,2.047120105442766,0.23241896467151008
81,s4_mixed_dynamic,5.508112152914603,2.4998600146256016,True,False,True,laplacian,25,4.576378633318904,2.049607758535379,0.368851539163749
82,s4_mixed_dynamic,5.600226935990087,2.6582213422588112,True,False,True,static_raw,25,4.762666663116161,3.2214535690771715,0.5062784706450292
82,s4_mixed_dynamic,5.600226935990087,2.6582213422588112,True,False,True,graph_diffusion_1,25,4.761925670215137,3.2214473572494886,0.3830793041863148
82,s4_mixed_dynamic,5.600226935990087,2.6582213422588112,True,False,True,graph_diffusion_3,25,4.761454292344821,3.2167825620375092,0.23879625938034812
82,s4_mixed_dynamic,5.600226935990087,2.6582213422588112,True,False,True,laplacian,25,4.76289359408984,3.2220083449344137,0.3733709771746056
83,s4_mixed_dynamic,5.738537290833164,2.759195471518816,True,False,True,static_raw,25,6.535130104477782,2.0404032011810456,0.5000617763363499
83,s4_mixed_dynamic,5.738537290833164,2.759195471518816,True,False,True,graph_diffusion_1,25,6.54097813078148,2.0418986415450715,0.3736687507144988
83,s4_mixed_dynamic,5.738537290833164,2.759195471518816,True,False,True,graph_diffusion_3,25,6.552275175693923,2.0455871019419676,0.22691564097808642
83,s4_mixed_dynamic,5.738537290833164,2.759195471518816,True,False,True,laplacian,25,6.533833837932178,2.051955544548612,0.3657790638285228
84,s4_mixed_dynamic,5.832850971363683,3.0310878411880533,True,False,True,static_raw,25,5.788057045725035,1.8670043820315079,0.5182922320188671
84,s4_mixed_dynamic,5.832850971363683,3.0310878411880533,True,False,True,graph_diffusion_1,25,5.788263137293901,1.8792008675148621,0.3963595103005369
84,s4_mixed_dynamic,5.832850971363683,3.0310878411880533,True,False,True,graph_diffusion_3,25,5.788444353372628,1.9025578195433632,0.2530230550996501
84,s4_mixed_dynamic,5.832850971363683,3.0310878411880533,True,False,True,laplacian,25,5.788018706372648,1.8878855428699004,0.3863911573946787
85,s4_mixed_dynamic,5.898467311753344,3.228508652056043,True,False,True,static_raw,25,7.2411250630476935,2.864402520657165,0.5000029988032008
85,s4_mixed_dynamic,5.898467311753344,3.228508652056043,True,False,True,graph_diffusion_1,25,7.197007761428143,2.865691194377861,0.3788664337902553
85,s4_mixed_dynamic,5.898467311753344,3.228508652056043,True,False,True,graph_diffusion_3,25,7.1178171543421564,2.864350823887208,0.23441023427667004
85,s4_mixed_dynamic,5.898467311753344,3.228508652056043,True,False,True,laplacian,25,7.20331487797972,2.8722128199306214,0.364911336728377
86,s4_mixed_dynamic,5.888626732888142,3.400271085109193,True,False,True,static_raw,25,3.063710002258538,2.665520938452751,0.4999999890700283
86,s4_mixed_dynamic,5.888626732888142,3.400271085109193,True,False,True,graph_diffusion_1,25,3.113615832665073,2.6641700948471536,0.37819423318804
86,s4_mixed_dynamic,5.888626732888142,3.400271085109193,True,False,True,graph_diffusion_3,25,3.197987190286528,2.653053891621596,0.23263739619223475
86,s4_mixed_dynamic,5.888626732888142,3.400271085109193,True,False,True,laplacian,25,3.1049608614763584,2.666504382100258,0.3647898705491495
87,s4_mixed_dynamic,5.651159957112673,3.739006548657096,True,False,True,static_raw,35,5.37511866972838,5.492711123150711,0.5000000043953071
87,s4_mixed_dynamic,5.651159957112673,3.739006548657096,True,False,True,graph_diffusion_1,35,5.375343239813016,5.4942968406252595,0.3748472498093636
87,s4_mixed_dynamic,5.651159957112673,3.739006548657096,True,False,True,graph_diffusion_3,35,5.375431061519058,5.502132444741655,0.2279308916358078
87,s4_mixed_dynamic,5.651159957112673,3.739006548657096,True,False,True,laplacian,35,5.375113987043426,5.492220492410358,0.3648011853861034
88,s4_mixed_dynamic,5.511321113022474,3.8790676275290847,True,False,True,static_raw,35,3.7598897488235976,3.9952425394326734,0.5000152971639436
88,s4_mixed_dynamic,5.511321113022474,3.8790676275290847,True,False,True,graph_diffusion_1,35,3.756852653884266,3.996647035269755,0.3742573615048672
88,s4_mixed_dynamic,5.511321113022474,3.8790676275290847,True,False,True,graph_diffusion_3,35,3.7553562246843457,3.9985100407119303,0.22759291190442565
88,s4_mixed_dynamic,5.511321113022474,3.8790676275290847,True,False,True,laplacian,35,3.7676577600587082,3.99528923394777,0.36503401223172677
89,s4_mixed_dynamic,5.43643528909089,3.953273740011248,True,False,True,static_raw,35,6.037770907800431,2.3297713059062115,0.5001942123076533
89,s4_mixed_dynamic,5.43643528909089,3.953273740011248,True,False,True,graph_diffusion_1,35,6.0326868996204945,2.35928355260593,0.3776233225780177
89,s4_mixed_dynamic,5.43643528909089,3.953273740011248,True,False,True,graph_diffusion_3,35,6.024233971365701,2.4117510176999906,0.2332555337535907
89,s4_mixed_dynamic,5.43643528909089,3.953273740011248,True,False,True,laplacian,35,6.034179064866753,2.360666572678423,0.36557519981660735
90,s4_mixed_dynamic,5.230257776887017,3.9835295593536193,True,False,True,static_raw,45,5.245582394121013,3.023573669382688,0.5002737164865833
90,s4_mixed_dynamic,5.230257776887017,3.9835295593536193,True,False,True,graph_diffusion_1,45,5.245410085876027,3.0317261560799826,0.37557514642299916
90,s4_mixed_dynamic,5.230257776887017,3.9835295593536193,True,False,True,graph_diffusion_3,45,5.245194283520613,3.0497796738217304,0.23013973298468138
90,s4_mixed_dynamic,5.230257776887017,3.9835295593536193,True,False,True,laplacian,45,5.245580561868089,3.039573597430727,0.3659299650936695
91,s4_mixed_dynamic,4.9776092930395945,4.056000817377593,True,False,True,static_raw,44,6.163993810457344,2.8776330518335915,0.41761393838731475
91,s4_mixed_dynamic,4.9776092930395945,4.056000817377593,True,False,True,graph_diffusion_1,44,6.176572080205313,2.8734542654165853,0.3164192192716089
91,s4_mixed_dynamic,4.9776092930395945,4.056000817377593,True,False,True,graph_diffusion_3,44,6.19887719106202,2.8729156801305464,0.1964827090279524
91,s4_mixed_dynamic,4.9776092930395945,4.056000817377593,True,False,True,laplacian,44,6.1628780547553665,2.893234398163773,0.3090886747249765
92,s4_mixed_dynamic,4.723335213676367,4.234008104614395,True,False,True,static_raw,44,6.220704358945913,3.9836135082701123,0.5000014524759305
92,s4_mixed_dynamic,4.723335213676367,4.234008104614395,True,False,True,graph_diffusion_1,44,6.232130682998076,3.98102039615071,0.37353709512092875
92,s4_mixed_dynamic,4.723335213676367,4.234008104614395,True,False,True,graph_diffusion_3,44,6.248173141784016,3.9752149950046647,0.226200527875936
92,s4_mixed_dynamic,4.723335213676367,4.234008104614395,True,False,True,laplacian,44,6.216966431575859,3.983764568951457,0.36488806114201044
93,s4_mixed_dynamic,4.5603601875449,4.42721654605225,True,False,True,static_raw,44,3.329134011678219,3.779256742251877,0.5000774138833893
93,s4_mixed_dynamic,4.5603601875449,4.42721654605225,True,False,True,graph_diffusion_1,44,3.328319864930397,3.778004985899605,0.3743940543838949
93,s4_mixed_dynamic,4.5603601875449,4.42721654605225,True,False,True,graph_diffusion_3,44,3.3285910851497547,3.7745993421929374,0.22783220909066174
93,s4_mixed_dynamic,4.5603601875449,4.42721654605225,True,False,True,laplacian,44,3.3360385526454928,3.7807123908397395,0.36525659286582085
94,s4_mixed_dynamic,4.376758804931988,4.783397516554166,True,False,True,static_raw,44,6.151580384687636,3.2694535519299253,0.5000000061612786
94,s4_mixed_dynamic,4.376758804931988,4.783397516554166,True,False,True,graph_diffusion_1,44,6.165104531550704,3.258688384979461,0.37259358924575553
94,s4_mixed_dynamic,4.376758804931988,4.783397516554166,True,False,True,graph_diffusion_3,44,6.187872470107337,3.2422999709692517,0.2244967933736647
94,s4_mixed_dynamic,4.376758804931988,4.783397516554166,True,False,True,laplacian,44,6.149361693386633,3.2731418295800583,0.364790490032795
95,s4_mixed_dynamic,4.278110895822162,4.873116927745965,False,False,True,static_raw,44,3.7820492753483586,3.99792077930661,0.508509448996166
95,s4_mixed_dynamic,4.278110895822162,4.873116927745965,False,False,True,graph_diffusion_1,44,3.7801627927035844,3.9972433576150195,0.384801233691724
95,s4_mixed_dynamic,4.278110895822162,4.873116927745965,False,False,True,graph_diffusion_3,44,3.7770387805673225,3.9955418192474608,0.24076781931917807
95,s4_mixed_dynamic,4.278110895822162,4.873116927745965,False,False,True,laplacian,44,3.7838473810329574,3.9987391902632927,0.375545937166116
96,s4_mixed_dynamic,4.12801724847605,5.124228511615788,False,False,True,static_raw,54,3.8487852578711426,6.010630792253001,0.5396386968878865
96,s4_mixed_dynamic,4.12801724847605,5.124228511615788,False,False,True,graph_diffusion_1,54,3.8441432298135396,6.014186494219112,0.4095288611319404
96,s4_mixed_dynamic,4.12801724847605,5.124228511615788,False,False,True,graph_diffusion_3,54,3.8374478613359724,6.020079161757365,0.25651725063503733
96,s4_mixed_dynamic,4.12801724847605,5.124228511615788,False,False,True,laplacian,54,3.8512516583539687,6.009577115020035,0.39937337388332217
97,s4_mixed_dynamic,3.704635602450641,5.262849100858526,False,False,True,static_raw,53,4.752051564634145,5.728699417636544,0.5158680938741702
97,s4_mixed_dynamic,3.704635602450641,5.262849100858526,False,False,True,graph_diffusion_1,53,4.755045598835522,5.730219372047842,0.39053266904861283
97,s4_mixed_dynamic,3.704635602450641,5.262849100858526,False,False,True,graph_diffusion_3,53,4.760042411497428,5.733038803964029,0.24323484809897172
97,s4_mixed_dynamic,3.704635602450641,5.262849100858526,False,False,True,laplacian,53,4.751144491481571,5.728439478657275,0.38041147166835515
98,s4_mixed_dynamic,3.5561357581555817,5.285474381301673,False,False,True,static_raw,53,3.468553736557434,5.290179049110887,0.5764894346340645
98,s4_mixed_dynamic,3.5561357581555817,5.285474381301673,False,False,True,graph_diffusion_1,53,3.466849826207465,5.290463952281253,0.44393704102517134
98,s4_mixed_dynamic,3.5561357581555817,5.285474381301673,False,False,True,graph_diffusion_3,53,3.463914063466057,5.290919251221664,0.2857759151822258
98,s4_mixed_dynamic,3.5561357581555817,5.285474381301673,False,False,True,laplacian,53,3.469664141370293,5.290173378845954,0.43189539678389016
99,s4_mixed_dynamic,3.128664509288299,5.522908615866154,False,False,True,static_raw,53,3.2433701265205146,5.472179786828841,0.5659546471567006
99,s4_mixed_dynamic,3.128664509288299,5.522908615866154,False,False,True,graph_diffusion_1,53,3.2420420982109586,5.472999303873367,0.43408378165492256
99,s4_mixed_dynamic,3.128664509288299,5.522908615866154,False,False,True,graph_diffusion_3,53,3.2410579238109443,5.474386915640428,0.27741619693907565
99,s4_mixed_dynamic,3.128664509288299,5.522908615866154,False,False,True,laplacian,53,3.2472179580928255,5.472109076967264,0.42264812755498227
