t,scenario,true_x,true_y,wifi_degraded,vlp_blocked,mixed_dynamic,gsp_method,pred_cell_id,pred_x,pred_y,max_prob
0,s1_clean,7.708518498956285,6.537185189018777,False,False,False,static_raw,67,7.788471962953865,6.833286810506404,0.5674973212535508
0,s1_clean,7.708518498956285,6.537185189018777,False,False,False,graph_diffusion_1,67,7.789551293175025,6.837178979241648,0.4331630228943226
0,s1_clean,7.708518498956285,6.537185189018777,False,False,False,graph_diffusion_3,67,7.789353620262324,6.841234932088487,0.2743234800906192
0,s1_clean,7.708518498956285,6.537185189018777,False,False,False,laplacian,67,7.779145521772314,6.830133542805042,0.4231450267676739
1,s1_clean,7.762228944549189,6.781375783910273,False,False,False,static_raw,67,6.729989778664395,6.105001487982031,0.5378837037433263
1,s1_clean,7.762228944549189,6.781375783910273,False,False,False,graph_diffusion_1,67,6.730904739271153,6.105435672798531,0.4088540372154818
1,s1_clean,7.762228944549189,6.781375783910273,False,False,False,graph_diffusion_3,67,6.737037262163549,6.107131306579554,0.2565764254467343
1,s1_clean,7.762228944549189,6.781375783910273,False,False,False,laplacian,67,6.729121213332909,6.104893986365667,0.39818891768962533
2,s1_clean,7.839130958677583,7.167874595498286,False,False,False,static_raw,77,7.480577669983054,8.091868748588292,0.5451072858156023
2,s1_clean,7.839130958677583,7.167874595498286,False,False,False,graph_diffusion_1,77,7.486664151077367,8.080767832377486,0.4159282715032058
2,s1_clean,7.839130958677583,7.167874595498286,False,False,False,graph_diffusion_3,77,7.495731099722388,8.057682045365414,0.2630476530429072
2,s1_clean,7.839130958677583,7.167874595498286,False,False,False,laplacian,77,7.477268706569734,8.07015276285293,0.4060772479677802
3,s1_clean,7.94346543019908,7.5103051184045535,False,False,False,static_raw,78,6.459324323742725,7.029713658826549,0.33291649402959067
3,s1_clean,7.94346543019908,7.5103051184045535,False,False,False,graph_diffusion_1,78,6.475604898961208,7.03439521275474,0.26113078703443837
3,s1_clean,7.94346543019908,7.5103051184045535,False,False,False,graph_diffusion_3,78,6.4974273371271565,7.045348612735965,0.17326617966343308
3,s1_clean,7.94346543019908,7.5103051184045535,False,False,False,laplacian,78,6.457051159961363,7.027912858774184,0.25506629754400084
4,s1_clean,7.999186140694022,7.623886621271602,False,False,False,static_raw,77,6.744304311316782,6.734621446108203,0.5111000230238133
4,s1_clean,7.999186140694022,7.623886621271602,False,False,False,graph_diffusion_1,77,6.7450028450992985,6.734749749282716,0.3863230225056767
4,s1_clean,7.999186140694022,7.623886621271602,False,False,False,graph_diffusion_3,77,6.752341882230154,6.741024804801486,0.23959563383161636
4,s1_clean,7.999186140694022,7.623886621271602,False,False,False,laplacian,77,6.743767124436854,6.734229542702576,0.37641421818050447
5,s1_clean,8.226562675373907,7.955827377167044,False,False,False,static_raw,88,8.30923541839768,7.13188909460939,0.43088120101372623
5,s1_clean,8.226562675373907,7.955827377167044,False,False,False,graph_diffusion_1,88,8.318283246093014,7.163517561389997,0.32263747000991577
5,s1_clean,8.226562675373907,7.955827377167044,False,False,False,graph_diffusion_3,88,8.32309917322448,7.209166846343884,0.20034231045234868
5,s1_clean,8.226562675373907,7.955827377167044,False,False,False,laplacian,88,8.293885719524242,7.128330796144172,0.32059743148361186
6,s1_clean,8.280648608306477,8.135508799595996,False,False,False,static_raw,88,8.607415366836356,8.22425752207881,0.5551658463216285
6,s1_clean,8.280648608306477,8.135508799595996,False,False,False,graph_diffusion_1,88,8.602639961327966,8.234093106720405,0.4201434883596618
6,s1_clean,8.280648608306477,8.135508799595996,False,False,False,graph_diffusion_3,88,8.58375106741279,8.240208296560214,0.26749962933416166
6,s1_clean,8.280648608306477,8.135508799595996,False,False,False,laplacian,88,8.582580264209222,8.210190095739595,0.41853590232043697
7,s1_clean,8.426531854440203,8.334139776009467,False,False,False,static_raw,88,8.674214392869416,8.662003477499026,0.5688584711823818
7,s1_clean,8.426531854440203,8.334139776009467,False,False,False,graph_diffusion_1,88,8.661098054419568,8.648216707186975,0.4339526889047792
7,s1_clean,8.426531854440203,8.334139776009467,False,False,False,graph_diffusion_3,88,8.63018121019143,8.616620250882299,0.280567077042313
7,s1_clean,8.426531854440203,8.334139776009467,False,False,False,laplacian,88,8.645659969416473,8.633593601727732,0.4304531369517081
8,s1_clean,8.640813839766498,8.694587576233882,False,False,False,static_raw,88,6.079178004966567,8.604639860498263,0.5287846656472511
8,s1_clean,8.640813839766498,8.694587576233882,False,False,False,graph_diffusion_1,88,6.135278279761078,8.597609577432706,0.3921634346226716
8,s1_clean,8.640813839766498,8.694587576233882,False,False,False,graph_diffusion_3,88,6.2257427361927205,8.57466288781177,0.2397522453286263
8,s1_clean,8.640813839766498,8.694587576233882,False,False,False,laplacian,88,6.081240219765855,8.578240585136085,0.3908254130693565
9,s1_clean,8.773434572913224,8.991156753090223,False,False,False,static_raw,98,8.943747617519367,8.62055239030877,0.45424858325242295
9,s1_clean,8.773434572913224,8.991156753090223,False,False,False,graph_diffusion_1,98,8.925695309700325,8.600483650496217,0.3471736511851405
9,s1_clean,8.773434572913224,8.991156753090223,False,False,False,graph_diffusion_3,98,8.868836846122235,8.539263101777557,0.2361509504761167
9,s1_clean,8.773434572913224,8.991156753090223,False,False,False,laplacian,98,8.898092381683181,8.570370548082156,0.3641617269411003
10,s1_clean,8.969081214365445,9.315966535180728,False,False,False,static_raw,98,8.846556785214569,9.005583546369634,0.5383788068510681
10,s1_clean,8.969081214365445,9.315966535180728,False,False,False,graph_diffusion_1,98,8.83361044520112,8.966554825996006,0.4174103783246191
10,s1_clean,8.969081214365445,9.315966535180728,False,False,False,graph_diffusion_3,98,8.78422840458063,8.879337910921809,0.28763411965466357
10,s1_clean,8.969081214365445,9.315966535180728,False,False,False,laplacian,98,8.808074692890045,8.941983574392912,0.43494896506770286
11,s1_clean,9.158262661443551,9.76651178862036,False,False,False,static_raw,99,9.445029021137918,8.979165330073457,0.6667020184778695
11,s1_clean,9.158262661443551,9.76651178862036,False,False,False,graph_diffusion_1,99,9.36479157705214,8.898247582899169,0.550299028336777
11,s1_clean,9.158262661443551,9.76651178862036,False,False,False,graph_diffusion_3,99,9.223822013570079,8.766825933107146,0.4004519020155824
11,s1_clean,9.158262661443551,9.76651178862036,False,False,False,laplacian,99,9.357833913361791,8.915090067423122,0.5744629846363537
12,s1_clean,9.226935916965898,9.928675601070118,False,False,False,static_raw,99,9.22129392057099,9.087127600861658,0.6282082877259978
12,s1_clean,9.226935916965898,9.928675601070118,False,False,False,graph_diffusion_1,99,9.143282638835412,9.007987182400374,0.5187308404187879
12,s1_clean,9.226935916965898,9.928675601070118,False,False,False,graph_diffusion_3,99,9.01125811951661,8.877261365684225,0.3794147399816506
12,s1_clean,9.226935916965898,9.928675601070118,False,False,False,laplacian,99,9.147456989156465,9.019898356822791,0.5437526466999898
13,s1_clean,9.28457534064934,9.54739973958025,False,False,False,static_raw,99,8.317038455556261,9.098114925496436,0.5419456326392411
13,s1_clean,9.28457534064934,9.54739973958025,False,False,False,graph_diffusion_1,99,8.2157042894316,9.02062488128128,0.44027288209153037
13,s1_clean,9.28457534064934,9.54739973958025,False,False,False,graph_diffusion_3,99,8.064803341839877,8.89245569032697,0.3154317457413563
13,s1_clean,9.28457534064934,9.54739973958025,False,False,False,laplacian,99,8.263079262782433,9.030126330080078,0.4676329180050393
14,s1_clean,9.55154708556551,9.187880405968292,False,False,False,static_raw,99,5.866652003007631,9.098273861258537,0.50155955019078
14,s1_clean,9.55154708556551,9.187880405968292,False,False,False,graph_diffusion_1,99,5.647472978929545,9.021671684844208,0.3920907553677697
14,s1_clean,9.55154708556551,9.187880405968292,False,False,False,graph_diffusion_3,99,5.352365893083967,8.895285553632617,0.2594897545474778
14,s1_clean,9.55154708556551,9.187880405968292,False,False,False,laplacian,99,5.828292858977509,9.030609297555596,0.4242796857166332
15,s1_clean,9.66616567574389,8.964158259736895,False,False,False,static_raw,99,9.080723099614737,9.12985864472887,0.6321010940225065
15,s1_clean,9.66616567574389,8.964158259736895,False,False,False,graph_diffusion_1,99,8.998995736740191,9.050549180006342,0.5217888866036802
15,s1_clean,9.66616567574389,8.964158259736895,False,False,False,graph_diffusion_3,99,8.863523658028157,8.918604872527915,0.3811674544901242
15,s1_clean,9.66616567574389,8.964158259736895,False,False,False,laplacian,99,9.009144844718843,9.060744239697817,0.5468442628345362
16,s1_clean,9.783739284953958,8.603729760291959,False,False,False,static_raw,99,9.373305513589393,8.620949890350358,0.5709190306143533
16,s1_clean,9.783739284953958,8.603729760291959,False,False,False,graph_diffusion_1,99,9.295796267369752,8.536513328707297,0.46531152721011015
16,s1_clean,9.783739284953958,8.603729760291959,False,False,False,graph_diffusion_3,99,9.161118711919157,8.406403867264952,0.33343027694974076
16,s1_clean,9.783739284953958,8.603729760291959,False,False,False,laplacian,99,9.29031251798797,8.566451690647751,0.49078608198110074
17,s1_clean,9.816728934060924,8.290196131329282,False,False,False,static_raw,89,9.36860076616154,8.670452685150813,0.5190290722135935
17,s1_clean,9.816728934060924,8.290196131329282,False,False,False,graph_diffusion_1,89,9.305488708736949,8.64697342847493,0.42655618623762387
17,s1_clean,9.816728934060924,8.290196131329282,False,False,False,graph_diffusion_3,89,9.185868768751257,8.5898285306926,0.31511956832408505
17,s1_clean,9.816728934060924,8.290196131329282,False,False,False,laplacian,89,9.286069503599483,8.636293394150158,0.43218144551239185
18,s1_clean,9.898369940505676,8.170920930516099,False,False,False,static_raw,99,9.361841698672894,9.012630484524799,0.6699248058557807
18,s1_clean,9.898369940505676,8.170920930516099,False,False,False,graph_diffusion_1,99,9.281251597659843,8.931323719486585,0.5527789106933724
18,s1_clean,9.898369940505676,8.170920930516099,False,False,False,graph_diffusion_3,99,9.14091966494638,8.798692350201378,0.40189116803427555
18,s1_clean,9.898369940505676,8.170920930516099,False,False,False,laplacian,99,9.276937598861428,8.947442277959656,0.5771311728797481
19,s1_clean,9.760036529571131,8.31653053319644,False,False,False,static_raw,89,7.530677840725665,7.9388274344038665,0.5355128341199459
19,s1_clean,9.760036529571131,8.31653053319644,False,False,False,graph_diffusion_1,89,7.520448658955727,7.960496436063537,0.4071015157295731
19,s1_clean,9.760036529571131,8.31653053319644,False,False,False,graph_diffusion_3,89,7.4636531463573235,7.9577111029831205,0.268033390109384
19,s1_clean,9.760036529571131,8.31653053319644,False,False,False,laplacian,89,7.48073316812329,7.9285963853716215,0.426479985756279
20,s1_clean,9.637633694040824,8.49751598572513,False,False,False,static_raw,89,9.009522466092074,7.684506280812304,0.535072199108696
20,s1_clean,9.637633694040824,8.49751598572513,False,False,False,graph_diffusion_1,89,8.97122911524369,7.713013829957344,0.4050683458057786
20,s1_clean,9.637633694040824,8.49751598572513,False,False,False,graph_diffusion_3,89,8.885123709374115,7.718006515291255,0.26632441102713467
20,s1_clean,9.637633694040824,8.49751598572513,False,False,False,laplacian,89,8.944179727123087,7.678238989244116,0.42629632578575577
21,s1_clean,9.488164788775736,8.737066335022115,False,False,False,static_raw,89,9.224097038396161,8.236489983851762,0.5874460577067522
21,s1_clean,9.488164788775736,8.737066335022115,False,False,False,graph_diffusion_1,89,9.17828171887782,8.254705046946237,0.4520072844056452
21,s1_clean,9.488164788775736,8.737066335022115,False,False,False,graph_diffusion_3,89,9.08166167629614,8.247850457740874,0.3059390928364097
21,s1_clean,9.488164788775736,8.737066335022115,False,False,False,laplacian,89,9.152556656984617,8.222521216789831,0.47342335630719
22,s1_clean,9.401483371555605,8.971936242221727,False,False,False,static_raw,89,9.373247001212281,7.9514166346053425,0.57003068046795
22,s1_clean,9.401483371555605,8.971936242221727,False,False,False,graph_diffusion_1,89,9.316402015295935,7.975042594239929,0.4425758193607399
22,s1_clean,9.401483371555605,8.971936242221727,False,False,False,graph_diffusion_3,89,9.203285039247652,7.976266494834562,0.30249623961961547
22,s1_clean,9.401483371555605,8.971936242221727,False,False,False,laplacian,89,9.287810502386959,7.939816487785897,0.45935778045321346
23,s1_clean,9.373588623793506,9.260353868533857,False,False,False,static_raw,99,8.099925057975344,8.955933581443405,0.5467764396637576
23,s1_clean,9.373588623793506,9.260353868533857,False,False,False,graph_diffusion_1,99,7.9869740873674875,8.875617807268428,0.4417569365245536
23,s1_clean,9.373588623793506,9.260353868533857,False,False,False,graph_diffusion_3,99,7.820748240629845,8.746080781094694,0.3126167737825527
23,s1_clean,9.373588623793506,9.260353868533857,False,False,False,laplacian,99,8.045369122157371,8.892910766651909,0.47004821654174017
24,s1_clean,9.127375220319832,9.429716922223497,False,False,False,static_raw,98,7.65379320195396,9.099919819257906,0.5410374232487664
24,s1_clean,9.127375220319832,9.429716922223497,False,False,False,graph_diffusion_1,98,7.679793067474738,9.054488317238103,0.4173383366329361
24,s1_clean,9.127375220319832,9.429716922223497,False,False,False,graph_diffusion_3,98,7.678887271025408,8.958420616228825,0.2831251697286068
24,s1_clean,9.127375220319832,9.429716922223497,False,False,False,laplacian,98,7.635142511781139,9.031754938399308,0.4343026408553701
25,s1_clean,8.726509377545842,9.486750180536124,False,False,False,static_raw,98,8.21821923482848,8.93586784343208,0.5794208447501288
25,s1_clean,8.726509377545842,9.486750180536124,False,False,False,graph_diffusion_1,98,8.242146546707541,8.900471555426467,0.44083159057942695
25,s1_clean,8.726509377545842,9.486750180536124,False,False,False,graph_diffusion_3,98,8.242546096171662,8.818050740388216,0.2923740021467607
25,s1_clean,8.726509377545842,9.486750180536124,False,False,False,laplacian,98,8.20655710358589,8.87430328521208,0.4643729396646228
26,s1_clean,8.556615925716626,9.685615586341887,False,False,False,static_raw,98,6.349424140640768,9.269264680668108,0.5437854039878501
26,s1_clean,8.556615925716626,9.685615586341887,False,False,False,graph_diffusion_1,98,6.386719252855207,9.21980206361806,0.4107117626697489
26,s1_clean,8.556615925716626,9.685615586341887,False,False,False,graph_diffusion_3,98,6.393134054877676,9.11753039364642,0.2673302469735865
26,s1_clean,8.556615925716626,9.685615586341887,False,False,False,laplacian,98,6.346955074502942,9.193169047325357,0.4319847635929233
27,s1_clean,8.275272196622463,9.90949250147166,False,False,False,static_raw,99,8.505845336868589,8.959899018071393,0.5173364762229513
27,s1_clean,8.275272196622463,9.90949250147166,False,False,False,graph_diffusion_1,99,8.418148286406065,8.881614032489027,0.41522878304662164
27,s1_clean,8.275272196622463,9.90949250147166,False,False,False,graph_diffusion_3,99,8.286056124177115,8.756005749284018,0.29241573811189125
27,s1_clean,8.275272196622463,9.90949250147166,False,False,False,laplacian,99,8.454318590350905,8.897225570206327,0.4443719533071877
28,s1_clean,8.516464193829812,9.620395436542294,False,False,False,static_raw,98,7.161700313279757,9.059609679265943,0.5737739066037603
28,s1_clean,8.516464193829812,9.620395436542294,False,False,False,graph_diffusion_1,98,7.190207038909675,9.018547400892608,0.4336675180091048
28,s1_clean,8.516464193829812,9.620395436542294,False,False,False,graph_diffusion_3,98,7.190063193404298,8.927743373808893,0.28366632835921424
28,s1_clean,8.516464193829812,9.620395436542294,False,False,False,laplacian,98,7.1548954404164,8.992876373138161,0.45702779491733114
29,s1_clean,8.726745769238578,9.594339738596462,False,False,False,static_raw,98,8.639694760642207,9.063113661681623,0.5820274155648456
29,s1_clean,8.726745769238578,9.594339738596462,False,False,False,graph_diffusion_1,98,8.63880113891548,9.02100101233415,0.4485143144632585
29,s1_clean,8.726745769238578,9.594339738596462,False,False,False,graph_diffusion_3,98,8.605547012466497,8.929179311238826,0.30466114061992067
29,s1_clean,8.726745769238578,9.594339738596462,False,False,False,laplacian,98,8.610376322013787,8.9968157620733,0.46873376850984017
30,s1_clean,8.943827322619104,9.579744922705936,False,False,False,static_raw,99,8.63307823027768,8.715768971652343,0.5177163122897082
30,s1_clean,8.943827322619104,9.579744922705936,False,False,False,graph_diffusion_1,99,8.548207299977175,8.631964014093157,0.4133635331168138
30,s1_clean,8.943827322619104,9.579744922705936,False,False,False,graph_diffusion_3,99,8.418508099417833,8.502884009072458,0.287856290255195
30,s1_clean,8.943827322619104,9.579744922705936,False,False,False,laplacian,99,8.578947526982649,8.659849930234387,0.4434809742987189
31,s1_clean,9.351601400735191,9.795243901577573,False,False,False,static_raw,99,8.685156589655666,8.635781159061402,0.5142868064368454
31,s1_clean,9.351601400735191,9.795243901577573,False,False,False,graph_diffusion_1,99,8.603227764159929,8.549914378018558,0.40925484256127354
31,s1_clean,9.351601400735191,9.795243901577573,False,False,False,graph_diffusion_3,99,8.47761143890618,8.419378791727068,0.283157383625878
31,s1_clean,9.351601400735191,9.795243901577573,False,False,False,laplacian,99,8.631060616931702,8.581763856256213,0.43979792834618436
32,s1_clean,9.577016681956424,9.919176372465715,False,False,False,static_raw,99,9.415731213361756,8.954041740489306,0.6494591541484227
32,s1_clean,9.577016681956424,9.919176372465715,False,False,False,graph_diffusion_1,99,9.336216739147387,8.873322775124537,0.5356812831971566
32,s1_clean,9.577016681956424,9.919176372465715,False,False,False,graph_diffusion_3,99,9.197124397900161,8.742709487732895,0.38984680090557644
32,s1_clean,9.577016681956424,9.919176372465715,False,False,False,laplacian,99,9.330436074471773,8.891016611233162,0.560021340906858
33,s1_clean,9.147990241252389,9.767587766470918,False,False,False,static_raw,99,8.744332647521123,8.920682122384454,0.5460007764356598
33,s1_clean,9.147990241252389,9.767587766470918,False,False,False,graph_diffusion_1,99,8.65859176676156,8.840607777164347,0.4428778208727059
33,s1_clean,9.147990241252389,9.767587766470918,False,False,False,graph_diffusion_3,99,8.524600185122884,8.71249307628917,0.3166656286686808
33,s1_clean,9.147990241252389,9.767587766470918,False,False,False,laplacian,99,8.684934307627827,8.859183160623559,0.4708420679398696
34,s1_clean,8.966209639861209,9.397254516581212,False,False,False,static_raw,98,7.866524723628693,9.216328609395593,0.6231076282342392
34,s1_clean,8.966209639861209,9.397254516581212,False,False,False,graph_diffusion_1,98,7.892784841684241,9.169036531538385,0.4758899626090595
34,s1_clean,8.966209639861209,9.397254516581212,False,False,False,graph_diffusion_3,98,7.89365313038607,9.06953099041612,0.3168682978041462
34,s1_clean,8.966209639861209,9.397254516581212,False,False,False,laplacian,98,7.856051212541427,9.143179957972714,0.49971673505868247
35,s1_clean,8.92197380793632,9.185323746168985,False,False,False,static_raw,98,7.147099589701421,9.22264658629544,0.5689291592177959
35,s1_clean,8.92197380793632,9.185323746168985,False,False,False,graph_diffusion_1,98,7.1831306399653005,9.17277047279807,0.4353776788243635
35,s1_clean,8.92197380793632,9.185323746168985,False,False,False,graph_diffusion_3,98,7.194686273161904,9.069915351990094,0.2908195909884175
35,s1_clean,8.92197380793632,9.185323746168985,False,False,False,laplacian,98,7.137286072822365,9.149504488305944,0.4548661946001466
36,s1_clean,8.914109042937588,8.939758011878457,False,False,False,static_raw,98,7.554726928551999,8.28763774412659,0.27694436830497193
36,s1_clean,8.914109042937588,8.939758011878457,False,False,False,graph_diffusion_1,98,7.561311187342504,8.28702838070886,0.20994038751836852
36,s1_clean,8.914109042937588,8.939758011878457,False,False,False,graph_diffusion_3,98,7.5296509612092315,8.252610808014877,0.14691707148256125
36,s1_clean,8.914109042937588,8.939758011878457,False,False,False,laplacian,98,7.528165871180454,8.255370007165752,0.22365260407694548
37,s1_clean,9.07928845907877,8.665910920697108,False,False,False,static_raw,89,9.140907294058259,8.55009958830989,0.5886114743898788
37,s1_clean,9.07928845907877,8.665910920697108,False,False,False,graph_diffusion_1,89,9.09744371760327,8.555057807122326,0.4549984170807023
37,s1_clean,9.07928845907877,8.665910920697108,False,False,False,graph_diffusion_3,89,9.00369976281991,8.52982218089247,0.31113903710903335
37,s1_clean,9.07928845907877,8.665910920697108,False,False,False,laplacian,89,9.072143354082074,8.52639816347225,0.47582337658925994
38,s1_clean,9.268317079915311,8.479283196707053,False,False,False,static_raw,89,8.514214778263323,8.401389952499539,0.6047679178830949
38,s1_clean,9.268317079915311,8.479283196707053,False,False,False,graph_diffusion_1,89,8.486145119626189,8.407519019450362,0.46905074327435314
38,s1_clean,9.268317079915311,8.479283196707053,False,False,False,graph_diffusion_3,89,8.408934308843152,8.385495528079428,0.3187858407657914
38,s1_clean,9.268317079915311,8.479283196707053,False,False,False,laplacian,89,8.446351888609332,8.381755147414774,0.4868346631519589
39,s1_clean,9.629151173072932,8.405680386891111,False,False,False,static_raw,89,9.431102392078424,8.002125609315975,0.5964340343421293
39,s1_clean,9.629151173072932,8.405680386891111,False,False,False,graph_diffusion_1,89,9.371929418201846,8.027155365312671,0.4623330628338974
39,s1_clean,9.629151173072932,8.405680386891111,False,False,False,graph_diffusion_3,89,9.255951661696983,8.030164494763929,0.3148412770652956
39,s1_clean,9.629151173072932,8.405680386891111,False,False,False,laplacian,89,9.345056207741697,7.991543545980517,0.48049173830858616
40,s1_clean,9.137911967096755,8.357214530377181,False,False,False,static_raw,89,9.389500008844214,8.626585862216677,0.6327443758530455
40,s1_clean,9.137911967096755,8.357214530377181,False,False,False,graph_diffusion_1,89,9.329653548824162,8.620921418709981,0.4990154092016692
40,s1_clean,9.137911967096755,8.357214530377181,False,False,False,graph_diffusion_3,89,9.212845494143068,8.583488897335776,0.3482818312093589
40,s1_clean,9.137911967096755,8.357214530377181,False,False,False,laplacian,89,9.306419678137202,8.599305809900162,0.5145339891989101
41,s1_clean,8.850804346095984,8.419767971950433,False,False,False,static_raw,88,6.989090266335188,8.46125797952824,0.5486407239775752
41,s1_clean,8.850804346095984,8.419767971950433,False,False,False,graph_diffusion_1,88,7.023901082816411,8.463004838520959,0.4084943288583429
41,s1_clean,8.850804346095984,8.419767971950433,False,False,False,graph_diffusion_3,88,7.073692949726044,8.454401947601145,0.2519405456549091
41,s1_clean,8.850804346095984,8.419767971950433,False,False,False,laplacian,88,6.984111861074082,8.43976303701744,0.4079403718305112
42,s1_clean,8.608468710412893,8.558343031691317,False,False,False,static_raw,88,8.012710139659147,8.820000653991364,0.560030539708858
42,s1_clean,8.608468710412893,8.558343031691317,False,False,False,graph_diffusion_1,88,8.028955809397848,8.79973965839952,0.4250470259185147
42,s1_clean,8.608468710412893,8.558343031691317,False,False,False,graph_diffusion_3,88,8.044957558541256,8.755257047536432,0.27230508335309056
42,s1_clean,8.608468710412893,8.558343031691317,False,False,False,laplacian,88,7.999040579481654,8.78321301563256,0.4228827875280486
43,s1_clean,8.31237088540844,8.610789569269624,False,False,False,static_raw,88,5.889979852824675,7.9395674308222155,0.513947033894881
43,s1_clean,8.31237088540844,8.610789569269624,False,False,False,graph_diffusion_1,88,5.950668534455746,7.958596695415289,0.3788964701205928
43,s1_clean,8.31237088540844,8.610789569269624,False,False,False,graph_diffusion_3,88,6.0442228590037885,7.980037805424546,0.22849824215345058
43,s1_clean,8.31237088540844,8.610789569269624,False,False,False,laplacian,88,5.894339320925869,7.929618150622782,0.37761017356860777
44,s1_clean,7.876973615803656,8.676310108296393,False,False,False,static_raw,88,7.968283579894172,8.717194443398782,0.5747128032907027
44,s1_clean,7.876973615803656,8.676310108296393,False,False,False,graph_diffusion_1,88,7.987623685733622,8.704908665210745,0.4340350380591084
44,s1_clean,7.876973615803656,8.676310108296393,False,False,False,graph_diffusion_3,88,8.00793987431259,8.672982945497466,0.2754179636522755
44,s1_clean,7.876973615803656,8.676310108296393,False,False,False,laplacian,88,7.95656685545194,8.685968990244602,0.4327968988361412
45,s1_clean,7.69864374306643,8.764902399912266,False,False,False,static_raw,87,5.6776122441032415,8.117773326920577,0.5047693682313358
45,s1_clean,7.69864374306643,8.764902399912266,False,False,False,graph_diffusion_1,87,5.691816200294666,8.127851430224277,0.37577780954463985
45,s1_clean,7.69864374306643,8.764902399912266,False,False,False,graph_diffusion_3,87,5.721341812843241,8.130415481286104,0.22931076747211226
45,s1_clean,7.69864374306643,8.764902399912266,False,False,False,laplacian,87,5.6822186827799195,8.104852398137583,0.37104048769826425
46,s1_clean,7.492119654821085,8.780131979271454,False,False,False,static_raw,87,6.951167332626885,8.224384022138779,0.5791461032684682
46,s1_clean,7.492119654821085,8.780131979271454,False,False,False,graph_diffusion_1,87,6.957597678542785,8.234575561590967,0.4372645534567701
46,s1_clean,7.492119654821085,8.780131979271454,False,False,False,graph_diffusion_3,87,6.972040858795066,8.239609549698258,0.27424352565494114
46,s1_clean,7.492119654821085,8.780131979271454,False,False,False,laplacian,87,6.9506242425896545,8.21234868668593,0.43104906168733415
47,s1_clean,7.191471021360378,8.723132508528103,False,False,False,static_raw,87,6.80100620926453,8.22708310845698,0.5710848956102915
47,s1_clean,7.191471021360378,8.723132508528103,False,False,False,graph_diffusion_1,87,6.808731859889212,8.236577836560995,0.4305332670021209
47,s1_clean,7.191471021360378,8.723132508528103,False,False,False,graph_diffusion_3,87,6.824786855200996,8.240562389222134,0.26906097796294537
47,s1_clean,7.191471021360378,8.723132508528103,False,False,False,laplacian,87,6.8005016439491826,8.214481060268279,0.424287145274864
48,s1_clean,6.992004119632241,8.748418280606632,False,False,False,static_raw,97,6.664373121168877,8.715405402252818,0.5070362675813999
48,s1_clean,6.992004119632241,8.748418280606632,False,False,False,graph_diffusion_1,97,6.655099825217175,8.673394658938182,0.388766260776749
48,s1_clean,6.992004119632241,8.748418280606632,False,False,False,graph_diffusion_3,97,6.65116443789462,8.60067574029571,0.2517101035367219
48,s1_clean,6.992004119632241,8.748418280606632,False,False,False,laplacian,97,6.664009147442507,8.663187198369165,0.4016575889082281
49,s1_clean,6.846275017181253,8.922858028731762,False,False,False,static_raw,86,5.776028167114221,8.252437216650819,0.5007896522758662
49,s1_clean,6.846275017181253,8.922858028731762,False,False,False,graph_diffusion_1,86,5.780541912688205,8.257683032580585,0.3784193886853068
49,s1_clean,6.846275017181253,8.922858028731762,False,False,False,graph_diffusion_3,86,5.7869735902812565,8.25538045953546,0.23792174625965362
49,s1_clean,6.846275017181253,8.922858028731762,False,False,False,laplacian,86,5.7759798276370375,8.23750801648252,0.37225490955614965
50,s1_clean,6.689596236262092,9.105068122957537,False,False,False,static_raw,86,6.2664405684214035,8.285494397225667,0.6488716120453649
50,s1_clean,6.689596236262092,9.105068122957537,False,False,False,graph_diffusion_1,86,6.269323287699372,8.296907461053916,0.4902252444067782
50,s1_clean,6.689596236262092,9.105068122957537,False,False,False,graph_diffusion_3,86,6.2733549486290565,8.302558733329887,0.3079554741932332
50,s1_clean,6.689596236262092,9.105068122957537,False,False,False,laplacian,86,6.26638141213056,8.274460958486015,0.4832413996323427
51,s1_clean,6.651524336471364,9.303485813902295,False,False,False,static_raw,96,6.0595215342000275,9.256620281747082,0.680573684968407
51,s1_clean,6.651524336471364,9.303485813902295,False,False,False,graph_diffusion_1,96,6.056488914959611,9.202957233945297,0.5289024596640621
51,s1_clean,6.651524336471364,9.303485813902295,False,False,False,graph_diffusion_3,96,6.052205385850837,9.103176369135747,0.34911451845117725
51,s1_clean,6.651524336471364,9.303485813902295,False,False,False,laplacian,96,6.059483280673734,9.182403666948378,0.5413222526609268
52,s1_clean,6.511030711247975,9.630572115899897,False,False,False,static_raw,96,5.590642550608708,8.871556416106671,0.5373289076781347
52,s1_clean,6.511030711247975,9.630572115899897,False,False,False,graph_diffusion_1,96,5.579436048782248,8.827735533373039,0.4115050835017653
52,s1_clean,6.511030711247975,9.630572115899897,False,False,False,graph_diffusion_3,96,5.561669371084839,8.747441389489595,0.26443401421986723
52,s1_clean,6.511030711247975,9.630572115899897,False,False,False,laplacian,96,5.590623149148129,8.814819558202409,0.42425880449078285
53,s1_clean,6.420605168362592,9.834308948608536,False,False,False,static_raw,96,6.598144054790202,9.09180913872113,0.6137694533766813
53,s1_clean,6.420605168362592,9.834308948608536,False,False,False,graph_diffusion_1,96,6.6002668477974,9.043092305482524,0.4802084735019975
53,s1_clean,6.420605168362592,9.834308948608536,False,False,False,graph_diffusion_3,96,6.606385727821236,8.952766839308863,0.3223775272859284
53,s1_clean,6.420605168362592,9.834308948608536,False,False,False,laplacian,96,6.5979257852700695,9.02597613346267,0.4921707806369018
54,s1_clean,6.482295444389094,9.655075180886994,False,False,False,static_raw,96,5.494794755293423,9.257216691025286,0.5942884116127005
54,s1_clean,6.482295444389094,9.655075180886994,False,False,False,graph_diffusion_1,96,5.487334863416609,9.202458394927653,0.4566745163428237
54,s1_clean,6.482295444389094,9.655075180886994,False,False,False,graph_diffusion_3,96,5.474692009463696,9.101014865808951,0.2950601722625239
54,s1_clean,6.482295444389094,9.655075180886994,False,False,False,laplacian,96,5.494802456628701,9.181945244806112,0.4687744664971228
55,s1_clean,6.562363950563185,9.549970952544058,False,False,False,static_raw,96,5.430796091778235,9.186572971205106,0.571658916642194
55,s1_clean,6.562363950563185,9.549970952544058,False,False,False,graph_diffusion_1,96,5.421437722258191,9.133966279588567,0.43865083084956924
55,s1_clean,6.562363950563185,9.549970952544058,False,False,False,graph_diffusion_3,96,5.405461070353556,9.03663767591252,0.28277854540615976
55,s1_clean,6.562363950563185,9.549970952544058,False,False,False,laplacian,96,5.430817636381046,9.115063652110491,0.4508854859162874
56,s1_clean,6.608994574111493,9.255964739086862,False,False,False,static_raw,96,5.828472247252593,9.19948546803981,0.6449515799867788
56,s1_clean,6.608994574111493,9.255964739086862,False,False,False,graph_diffusion_1,96,5.822993145824129,9.147009768806818,0.4977566888206426
56,s1_clean,6.608994574111493,9.255964739086862,False,False,False,graph_diffusion_3,96,5.81470365076746,9.049693516973411,0.3240530721635471
56,s1_clean,6.608994574111493,9.255964739086862,False,False,False,laplacian,96,5.82844171497287,9.12779936137676,0.5105442893978307
57,s1_clean,6.638238185227195,8.788984466893778,False,False,False,static_raw,86,6.703107954643145,8.650356207521742,0.5195713841195821
57,s1_clean,6.638238185227195,8.788984466893778,False,False,False,graph_diffusion_1,86,6.70474182675127,8.643165460010167,0.39660331261561044
57,s1_clean,6.638238185227195,8.788984466893778,False,False,False,graph_diffusion_3,86,6.70877290315275,8.618316679933303,0.2554286749342983
57,s1_clean,6.638238185227195,8.788984466893778,False,False,False,laplacian,86,6.702336866630964,8.622580892255304,0.3905200123565109
58,s1_clean,6.715833516903254,8.506019535638835,False,False,False,static_raw,86,5.5173628561231665,8.691273613914902,0.5304496059642679
58,s1_clean,6.715833516903254,8.506019535638835,False,False,False,graph_diffusion_1,86,5.528235591455265,8.683340548998281,0.39861235633922926
58,s1_clean,6.715833516903254,8.506019535638835,False,False,False,graph_diffusion_3,86,5.544044516316511,8.656679475369431,0.24785963958980461
58,s1_clean,6.715833516903254,8.506019535638835,False,False,False,laplacian,86,5.517343791443398,8.663143784669426,0.39192404086624205
59,s1_clean,6.712650009001855,8.176417392861678,False,False,False,static_raw,86,6.640302664565079,8.54975501581026,0.557840016545446
59,s1_clean,6.712650009001855,8.176417392861678,False,False,False,graph_diffusion_1,86,6.640758725898889,8.547842634384232,0.4283083546399005
59,s1_clean,6.712650009001855,8.176417392861678,False,False,False,graph_diffusion_3,86,6.644094630441444,8.531788995663941,0.27714564938505515
59,s1_clean,6.712650009001855,8.176417392861678,False,False,False,laplacian,86,6.639944174290084,8.527033502674932,0.42113348092016223
60,s1_clean,6.866771266170202,7.830791223796943,False,False,False,static_raw,76,6.109584671234191,7.560957621870604,0.6054173869903153
60,s1_clean,6.866771266170202,7.830791223796943,False,False,False,graph_diffusion_1,76,6.109895338131323,7.562352728749696,0.4647065520562293
60,s1_clean,6.866771266170202,7.830791223796943,False,False,False,graph_diffusion_3,76,6.111170175670455,7.567284740631644,0.2960693899146395
60,s1_clean,6.866771266170202,7.830791223796943,False,False,False,laplacian,76,6.109517176785352,7.557252853955066,0.4522494500152593
61,s1_clean,6.935196676516079,7.575933102373101,False,False,False,static_raw,77,7.575298257851567,7.7586567406761,0.5932858986806164
61,s1_clean,6.935196676516079,7.575933102373101,False,False,False,graph_diffusion_1,77,7.580842759396681,7.757840766248905,0.4542506251029017
61,s1_clean,6.935196676516079,7.575933102373101,False,False,False,graph_diffusion_3,77,7.590134582204623,7.755170913018624,0.2884621074440309
61,s1_clean,6.935196676516079,7.575933102373101,False,False,False,laplacian,77,7.571880379584456,7.748573910160648,0.44368550834139503
62,s1_clean,6.925151254140051,7.098088212920689,False,False,False,static_raw,76,5.038998235935323,7.584853510314745,0.5124136687263541
62,s1_clean,6.925151254140051,7.098088212920689,False,False,False,graph_diffusion_1,76,5.0349176850886845,7.584986833706246,0.38493711552166
62,s1_clean,6.925151254140051,7.098088212920689,False,False,False,graph_diffusion_3,76,5.028186553446032,7.587647242676064,0.23532036621015018
62,s1_clean,6.925151254140051,7.098088212920689,False,False,False,laplacian,76,5.039190100404751,7.579544526703758,0.37527037055103424
63,s1_clean,6.9536901632065256,6.989777604364947,False,False,False,static_raw,67,7.103437074319871,6.600320056233531,0.5633291090469011
63,s1_clean,6.9536901632065256,6.989777604364947,False,False,False,graph_diffusion_1,67,7.105166819161592,6.603395201150323,0.429795822125814
63,s1_clean,6.9536901632065256,6.989777604364947,False,False,False,graph_diffusion_3,67,7.11018214374355,6.607592877539597,0.27143221045626936
63,s1_clean,6.9536901632065256,6.989777604364947,False,False,False,laplacian,67,7.100020491132969,6.598473689741629,0.41911342830189424
64,s1_clean,6.966708536003405,6.623992067365702,False,False,False,static_raw,67,7.286205998646811,6.074965699612304,0.5440554665775741
64,s1_clean,6.966708536003405,6.623992067365702,False,False,False,graph_diffusion_1,67,7.287268830236183,6.075399579775622,0.4157528727435134
64,s1_clean,6.966708536003405,6.623992067365702,False,False,False,graph_diffusion_3,67,7.291232128769867,6.077000360713238,0.26395186327351233
64,s1_clean,6.966708536003405,6.623992067365702,False,False,False,laplacian,67,7.282102361880794,6.074820458878621,0.4052289208187367
65,s1_clean,7.006265988225517,6.167924934295798,False,False,False,static_raw,66,7.025314983960246,6.772408813362663,0.5559423309714494
65,s1_clean,7.006265988225517,6.167924934295798,False,False,False,graph_diffusion_1,66,7.031112162227855,6.776101086767155,0.42351076754311745
65,s1_clean,7.006265988225517,6.167924934295798,False,False,False,graph_diffusion_3,66,7.0387610396104305,6.781768715704451,0.2675857964005995
65,s1_clean,7.006265988225517,6.167924934295798,False,False,False,laplacian,66,7.021647703918529,6.770184745793594,0.4135692522645519
66,s1_clean,7.195573035758812,5.900698987196131,False,False,False,static_raw,66,7.141590499418823,6.158519649678741,0.415107792566361
66,s1_clean,7.195573035758812,5.900698987196131,False,False,False,graph_diffusion_1,66,7.142971481276482,6.159636435282341,0.31830937218123745
66,s1_clean,7.195573035758812,5.900698987196131,False,False,False,graph_diffusion_3,66,7.143651424825295,6.161420159315516,0.20609875884479265
66,s1_clean,7.195573035758812,5.900698987196131,False,False,False,laplacian,66,7.135373565771653,6.158192267319548,0.3114426122008678
67,s1_clean,7.214622128011173,5.480629494443392,False,False,False,static_raw,57,7.459839650065969,5.791347874303648,0.5654798270623376
67,s1_clean,7.214622128011173,5.480629494443392,False,False,False,graph_diffusion_1,57,7.461331948517995,5.793540673887349,0.4340703736113192
67,s1_clean,7.214622128011173,5.480629494443392,False,False,False,graph_diffusion_3,57,7.465055161706126,5.796807379055737,0.2774203966196632
67,s1_clean,7.214622128011173,5.480629494443392,False,False,False,laplacian,57,7.454700382340007,5.791012305979278,0.4229486780963964
68,s1_clean,7.224596969394833,5.365365355851328,False,False,False,static_raw,57,7.701094171665928,4.783426027571148,0.5093849683334
68,s1_clean,7.224596969394833,5.365365355851328,False,False,False,graph_diffusion_1,57,7.697972513279705,4.782537280153807,0.3871924170171345
68,s1_clean,7.224596969394833,5.365365355851328,False,False,False,graph_diffusion_3,57,7.692859154100847,4.781817229418091,0.24408129089358085
68,s1_clean,7.224596969394833,5.365365355851328,False,False,False,laplacian,57,7.6916597848271095,4.783642912860484,0.3778360784095145
69,s1_clean,7.3987606078939105,4.973012310374174,False,False,False,static_raw,46,7.673143721785978,5.118776556111213,0.5123176246410434
69,s1_clean,7.3987606078939105,4.973012310374174,False,False,False,graph_diffusion_1,46,7.648536796396246,5.11528299057839,0.3875617345393509
69,s1_clean,7.3987606078939105,4.973012310374174,False,False,False,graph_diffusion_3,46,7.603704513368874,5.109867462666389,0.24048682018402437
69,s1_clean,7.3987606078939105,4.973012310374174,False,False,False,laplacian,46,7.645058250645407,5.118540373032465,0.3759141420885292
70,s1_clean,7.635914401899096,4.715226258016342,False,False,False,static_raw,47,7.177070872054832,4.018613505954349,0.54544577125762
70,s1_clean,7.635914401899096,4.715226258016342,False,False,False,graph_diffusion_1,47,7.174794877823622,4.0189589263456895,0.4157311367844768
70,s1_clean,7.635914401899096,4.715226258016342,False,False,False,graph_diffusion_3,47,7.173692870679609,4.020298310473579,0.2623774950663599
70,s1_clean,7.635914401899096,4.715226258016342,False,False,False,laplacian,47,7.172197923586314,4.0207557294677985,0.4048807827601568
71,s1_clean,7.871357392106725,4.543524489496297,False,False,False,static_raw,47,7.799725719102691,4.326959819770929,0.5726850558148341
71,s1_clean,7.871357392106725,4.543524489496297,False,False,False,graph_diffusion_1,47,7.798449970536848,4.326828343679208,0.4416765474466488
71,s1_clean,7.871357392106725,4.543524489496297,False,False,False,graph_diffusion_3,47,7.795369333664597,4.326512073732027,0.2847132902976765
71,s1_clean,7.871357392106725,4.543524489496297,False,False,False,laplacian,47,7.790307506033062,4.327011823384026,0.4302319095673797
72,s1_clean,8.272955973874682,4.373796974104669,False,False,False,static_raw,48,8.290575847993255,4.403981098324444,0.5780698347190456
72,s1_clean,8.272955973874682,4.373796974104669,False,False,False,graph_diffusion_1,48,8.291895935717159,4.404263619437825,0.4407368846660257
72,s1_clean,8.272955973874682,4.373796974104669,False,False,False,graph_diffusion_3,48,8.280948877158195,4.4042922979304535,0.2814077449546032
72,s1_clean,8.272955973874682,4.373796974104669,False,False,False,laplacian,48,8.270800439993398,4.404622007090464,0.4330827690151577
73,s1_clean,8.62151579149036,4.028494957379147,False,False,False,static_raw,39,8.928569351598501,3.6170491728208694,0.5704180564677432
73,s1_clean,8.62151579149036,4.028494957379147,False,False,False,graph_diffusion_1,39,8.876160317902935,3.6180919359760417,0.447588828305502
73,s1_clean,8.62151579149036,4.028494957379147,False,False,False,graph_diffusion_3,39,8.78023560347279,3.6193888865251203,0.30191068530608356
73,s1_clean,8.62151579149036,4.028494957379147,False,False,False,laplacian,39,8.862074282391392,3.6193565529464977,0.457754309723497
74,s1_clean,8.748435457425892,3.685738487590071,False,False,False,static_raw,39,8.892702252399362,3.430373247119868,0.614457038896059
74,s1_clean,8.748435457425892,3.685738487590071,False,False,False,graph_diffusion_1,39,8.842870523001638,3.430197283867405,0.47895941915608714
74,s1_clean,8.748435457425892,3.685738487590071,False,False,False,graph_diffusion_3,39,8.751645681441254,3.429270084749233,0.3186323113869035
74,s1_clean,8.748435457425892,3.685738487590071,False,False,False,laplacian,39,8.829686872065304,3.432654749023358,0.49081985006487683
75,s1_clean,8.835085190139699,3.5526052200138745,False,False,False,static_raw,38,8.524658033614083,3.651983302616879,0.6147346284617676
75,s1_clean,8.835085190139699,3.5526052200138745,False,False,False,graph_diffusion_1,38,8.523967289749836,3.650310337905753,0.47081872925848384
75,s1_clean,8.835085190139699,3.5526052200138745,False,False,False,graph_diffusion_3,38,8.5091277068383,3.6472363507208487,0.3027744482117611
75,s1_clean,8.835085190139699,3.5526052200138745,False,False,False,laplacian,38,8.503013498814575,3.652163811806408,0.46277234173050097
76,s1_clean,8.909093693609096,3.3558416683741257,False,False,False,static_raw,38,8.411698420902315,3.222665681238152,0.6184398186628562
76,s1_clean,8.909093693609096,3.3558416683741257,False,False,False,graph_diffusion_1,38,8.416801795915497,3.224936976868174,0.46979807302155274
76,s1_clean,8.909093693609096,3.3558416683741257,False,False,False,graph_diffusion_3,38,8.411799886990911,3.225567500792598,0.2982860509109542
76,s1_clean,8.909093693609096,3.3558416683741257,False,False,False,laplacian,38,8.39539045660041,3.2238221671851806,0.4629730385725328
77,s1_clean,9.099711473119482,3.177715842546163,False,False,False,static_raw,38,8.705738363880561,3.3890278453020883,0.5847905990015937
77,s1_clean,9.099711473119482,3.177715842546163,False,False,False,graph_diffusion_1,38,8.691621414221844,3.3906676611860957,0.4529575928665572
77,s1_clean,9.099711473119482,3.177715842546163,False,False,False,graph_diffusion_3,38,8.656132828555288,3.3913971561425797,0.2964386797713044
77,s1_clean,9.099711473119482,3.177715842546163,False,False,False,laplacian,38,8.672794457655277,3.3904179029620933,0.44339218766572
78,s1_clean,9.333851006911315,2.7984046692967013,False,False,False,static_raw,29,9.204767455010133,2.79322724191591,0.5890124200829795
78,s1_clean,9.333851006911315,2.7984046692967013,False,False,False,graph_diffusion_1,29,9.15113265241291,2.7952949569237076,0.46702088603747655
78,s1_clean,9.333851006911315,2.7984046692967013,False,False,False,graph_diffusion_3,29,9.05343259754773,2.7869420925379327,0.3192366054742537
78,s1_clean,9.333851006911315,2.7984046692967013,False,False,False,laplacian,29,9.131984000742543,2.794512132265705,0.4761552858060696
79,s1_clean,9.466292753776418,2.334363853065204,False,False,False,static_raw,29,8.897112614705456,2.012311389060045,0.35302270450776363
79,s1_clean,9.466292753776418,2.334363853065204,False,False,False,graph_diffusion_1,29,8.857375579670158,2.0008773202116092,0.2981208558571578
79,s1_clean,9.466292753776418,2.334363853065204,False,False,False,graph_diffusion_3,29,8.77815151399746,1.99780437360897,0.22359858733715496
79,s1_clean,9.466292753776418,2.334363853065204,False,False,False,laplacian,29,8.837466681739565,2.0230603473086792,0.30113329219546325
80,s1_clean,9.611899936659418,2.123312718823533,False,False,False,static_raw,29,9.221794045987775,2.034402189184092,0.6169535354603841
80,s1_clean,9.611899936659418,2.123312718823533,False,False,False,graph_diffusion_1,29,9.167434538343045,2.0409999614149066,0.48194846673490094
80,s1_clean,9.611899936659418,2.123312718823533,False,False,False,graph_diffusion_3,29,9.067870614227367,2.050484433707525,0.3213749629589319
80,s1_clean,9.611899936659418,2.123312718823533,False,False,False,laplacian,29,9.149050334195898,2.0498615914846314,0.49338933933511775
81,s1_clean,9.858322040787618,1.7145087247330029,False,False,False,static_raw,9,9.305500034171274,0.7473330080359178,0.6549399259498107
81,s1_clean,9.858322040787618,1.7145087247330029,False,False,False,graph_diffusion_1,9,9.229318169436587,0.8217079897577757,0.5476536133533999
81,s1_clean,9.858322040787618,1.7145087247330029,False,False,False,graph_diffusion_3,9,9.098040888572926,0.9489989530294383,0.408530702454358
81,s1_clean,9.858322040787618,1.7145087247330029,False,False,False,laplacian,9,9.230052435545767,0.8185974481275108,0.5704435604082373
82,s1_clean,9.758809756481527,1.8587665766892736,False,False,False,static_raw,19,9.211918454666728,1.3290049133070208,0.6161229677103734
82,s1_clean,9.758809756481527,1.8587665766892736,False,False,False,graph_diffusion_1,19,9.167907015943756,1.3232639626345521,0.4763814959100482
82,s1_clean,9.758809756481527,1.8587665766892736,False,False,False,graph_diffusion_3,19,9.073442341442295,1.3480301303907547,0.32568990570559275
82,s1_clean,9.758809756481527,1.8587665766892736,False,False,False,laplacian,19,9.142963077605419,1.3539490368766576,0.4987552431883857
83,s1_clean,9.674741536762076,1.980219721792202,False,False,False,static_raw,19,9.19292142449459,1.7506227280109978,0.5395185632916139
83,s1_clean,9.674741536762076,1.980219721792202,False,False,False,graph_diffusion_1,19,9.147520214863624,1.7305502688972871,0.42140857520222363
83,s1_clean,9.674741536762076,1.980219721792202,False,False,False,graph_diffusion_3,19,9.05252892847356,1.7303473289858167,0.2921484955373256
83,s1_clean,9.674741536762076,1.980219721792202,False,False,False,laplacian,19,9.12181640481992,1.7621450501263716,0.4393870426136441
84,s1_clean,9.543539060630476,2.38811292843674,False,False,False,static_raw,29,8.731072541461247,2.064003854239523,0.5695436709400465
84,s1_clean,9.543539060630476,2.38811292843674,False,False,False,graph_diffusion_1,29,8.687538496394348,2.069651057627725,0.4398532063841593
84,s1_clean,9.543539060630476,2.38811292843674,False,False,False,graph_diffusion_3,29,8.6141045648554,2.07342422081091,0.2853904072436278
84,s1_clean,9.543539060630476,2.38811292843674,False,False,False,laplacian,29,8.677565568855757,2.0794623322331454,0.4520254574148787
85,s1_clean,9.538461254265044,2.548657706440192,False,False,False,static_raw,29,8.794305357034165,2.179413157721696,0.5578149144586675
85,s1_clean,9.538461254265044,2.548657706440192,False,False,False,graph_diffusion_1,29,8.75070265956344,2.177666379647839,0.43504169364134143
85,s1_clean,9.538461254265044,2.548657706440192,False,False,False,graph_diffusion_3,29,8.676065454774232,2.169361144997612,0.28716776836222613
85,s1_clean,9.538461254265044,2.548657706440192,False,False,False,laplacian,29,8.741459828640853,2.18796302968166,0.4468940197538672
86,s1_clean,9.544593459510066,2.7077556794947983,False,False,False,static_raw,29,8.984967495647012,2.701862515363908,0.5565122716519999
86,s1_clean,9.544593459510066,2.7077556794947983,False,False,False,graph_diffusion_1,29,8.936928997577104,2.7042355302612626,0.4354938631112999
86,s1_clean,9.544593459510066,2.7077556794947983,False,False,False,graph_diffusion_3,29,8.850874795924415,2.6973630942017506,0.2925039121930737
86,s1_clean,9.544593459510066,2.7077556794947983,False,False,False,laplacian,29,8.922440786163044,2.7039784007961702,0.446994563638694
87,s1_clean,9.633379023943917,3.061085408030138,False,False,False,static_raw,39,8.879437848909399,2.7659011596324223,0.5372101692929133
87,s1_clean,9.633379023943917,3.061085408030138,False,False,False,graph_diffusion_1,39,8.831951431096956,2.7663945355725588,0.4193424746959744
87,s1_clean,9.633379023943917,3.061085408030138,False,False,False,graph_diffusion_3,39,8.746649348438895,2.764553513214315,0.2798009992672536
87,s1_clean,9.633379023943917,3.061085408030138,False,False,False,laplacian,39,8.81871252592164,2.7766698856059326,0.4297462632589193
88,s1_clean,9.752600157839524,3.198956190033732,False,False,False,static_raw,39,9.134664104127417,3.081852575595318,0.6031806787423329
88,s1_clean,9.752600157839524,3.198956190033732,False,False,False,graph_diffusion_1,39,9.082109559555255,3.079263309361391,0.4752233475992862
88,s1_clean,9.752600157839524,3.198956190033732,False,False,False,graph_diffusion_3,39,8.98566816779511,3.0706065577977366,0.3218129265392163
88,s1_clean,9.752600157839524,3.198956190033732,False,False,False,laplacian,39,9.064562219564886,3.08485498058627,0.48527684610952315
89,s1_clean,9.40578903862998,2.8552477628804214,False,False,False,static_raw,29,9.201983031371793,2.9617469322545755,0.5197435994907471
89,s1_clean,9.40578903862998,2.8552477628804214,False,False,False,graph_diffusion_1,29,9.14740283099017,2.9647799367053844,0.4154560482037719
89,s1_clean,9.40578903862998,2.8552477628804214,False,False,False,graph_diffusion_3,29,9.047972729604016,2.9588282976043883,0.2889260635051778
89,s1_clean,9.40578903862998,2.8552477628804214,False,False,False,laplacian,29,9.1281328189571,2.9629647381990427,0.42285982806194
90,s1_clean,9.127964250423506,2.698331211248074,False,False,False,static_raw,29,8.620544798816946,2.143656827904748,0.5298240540780291
90,s1_clean,9.127964250423506,2.698331211248074,False,False,False,graph_diffusion_1,29,8.57710802346775,2.144590892952708,0.40808728109966963
90,s1_clean,9.127964250423506,2.698331211248074,False,False,False,graph_diffusion_3,29,8.504943067888247,2.1412952802199685,0.264617917283035
90,s1_clean,9.127964250423506,2.698331211248074,False,False,False,laplacian,29,8.570714199381543,2.1547494714255038,0.42075326345858005
91,s1_clean,8.800406594259712,2.6051004251712406,False,False,False,static_raw,28,8.550320300465678,2.277385691851636,0.6519440892777368
91,s1_clean,8.800406594259712,2.6051004251712406,False,False,False,graph_diffusion_1,28,8.547112497046959,2.2832796510102673,0.4962445212911228
91,s1_clean,8.800406594259712,2.6051004251712406,False,False,False,graph_diffusion_3,28,8.530844124954585,2.2867104032929912,0.3137759860644813
91,s1_clean,8.800406594259712,2.6051004251712406,False,False,False,laplacian,28,8.527310374721354,2.284961193575765,0.48780770507881843
92,s1_clean,8.550281299097398,2.456641319624944,False,False,False,static_raw,28,8.585304940702494,1.9568759786244057,0.5637178969630231
92,s1_clean,8.550281299097398,2.456641319624944,False,False,False,graph_diffusion_1,28,8.585277753668532,1.968987055202799,0.4263684545151792
92,s1_clean,8.550281299097398,2.456641319624944,False,False,False,graph_diffusion_3,28,8.56940279509478,1.9917533834769308,0.2695565285767363
92,s1_clean,8.550281299097398,2.456641319624944,False,False,False,laplacian,28,8.56365640913096,1.9735691031523848,0.4213040441168007
93,s1_clean,8.206258987477604,2.220074095586588,False,False,False,static_raw,28,8.506861844027434,2.2140103154865876,0.6114650489502246
93,s1_clean,8.206258987477604,2.220074095586588,False,False,False,graph_diffusion_1,28,8.503841681854988,2.2242552289891924,0.46752214740294457
93,s1_clean,8.206258987477604,2.220074095586588,False,False,False,graph_diffusion_3,28,8.48914918061397,2.234233600336235,0.29763855334168576
93,s1_clean,8.206258987477604,2.220074095586588,False,False,False,laplacian,28,8.483975741699284,2.224949541876586,0.458618092184508
94,s1_clean,7.989681515495209,2.1664204126445497,False,False,False,static_raw,28,8.255336990805215,2.406441969522188,0.6158498278661378
94,s1_clean,7.989681515495209,2.1664204126445497,False,False,False,graph_diffusion_1,28,8.264857459480792,2.4053156818518246,0.4721923770009968
94,s1_clean,7.989681515495209,2.1664204126445497,False,False,False,graph_diffusion_3,28,8.269603128370296,2.3986699277293515,0.3026397581495582
94,s1_clean,7.989681515495209,2.1664204126445497,False,False,False,laplacian,28,8.244582678930655,2.408864193499985,0.46486814490455675
95,s1_clean,7.820856477729749,2.216688844603764,False,False,False,static_raw,28,8.005367946336019,1.9413710757901694,0.46744112130145576
95,s1_clean,7.820856477729749,2.216688844603764,False,False,False,graph_diffusion_1,28,8.017111314217027,1.9598147761713416,0.35792633031833937
95,s1_clean,7.820856477729749,2.216688844603764,False,False,False,graph_diffusion_3,28,8.03083660626432,1.9872565270804543,0.230059616670501
95,s1_clean,7.820856477729749,2.216688844603764,False,False,False,laplacian,28,7.9982702156352055,1.961312745473356,0.35152542861922004
96,s1_clean,7.438849577500529,2.091977264871964,False,False,False,static_raw,17,7.52283522170948,1.5658486304019124,0.6789630714189205
96,s1_clean,7.438849577500529,2.091977264871964,False,False,False,graph_diffusion_1,17,7.523537909614141,1.5607064097975103,0.5156682813455581
96,s1_clean,7.438849577500529,2.091977264871964,False,False,False,graph_diffusion_3,17,7.530592389490627,1.5649036870074353,0.32516912069401455
96,s1_clean,7.438849577500529,2.091977264871964,False,False,False,laplacian,17,7.520681688027239,1.5818387647421523,0.5081638796627911
97,s1_clean,7.303823403549243,2.032738937171799,False,False,False,static_raw,17,7.568024092969014,1.3850216151649104,0.7063926862202652
97,s1_clean,7.303823403549243,2.032738937171799,False,False,False,graph_diffusion_1,17,7.5679094308788395,1.388933305583321,0.5373962888267598
97,s1_clean,7.303823403549243,2.032738937171799,False,False,False,graph_diffusion_3,17,7.57499401279698,1.4076374386309496,0.3389894507528031
97,s1_clean,7.303823403549243,2.032738937171799,False,False,False,laplacian,17,7.565684185432609,1.4089751125303533,0.528602747013871
98,s1_clean,7.052510845305025,1.9258529473001484,False,False,False,static_raw,17,6.769560442067695,1.5637114934644984,0.500071043362339
98,s1_clean,7.052510845305025,1.9258529473001484,False,False,False,graph_diffusion_1,17,6.777482580130895,1.5641622979576721,0.37534814409700445
98,s1_clean,7.052510845305025,1.9258529473001484,False,False,False,graph_diffusion_3,17,6.7938500436917995,1.5776802370407048,0.2343609002796696
98,s1_clean,7.052510845305025,1.9258529473001484,False,False,False,laplacian,17,6.768772481608269,1.5847832275281355,0.3700695326115077
99,s1_clean,6.623312112175848,1.726390708485309,False,False,False,static_raw,16,6.548173688058358,2.105880542983103,0.5566583355084554
99,s1_clean,6.623312112175848,1.726390708485309,False,False,False,graph_diffusion_1,16,6.548033309798463,2.088477080140609,0.4227970706468478
99,s1_clean,6.623312112175848,1.726390708485309,False,False,False,graph_diffusion_3,16,6.548864951256103,2.0723229968187895,0.2680651254667906
99,s1_clean,6.623312112175848,1.726390708485309,False,False,False,laplacian,16,6.547853146661816,2.1117575877579458,0.41625874381389016
0,s2_wifi_degraded,7.708518498956285,6.537185189018777,False,False,False,static_raw,67,7.556094514587843,6.422519003944593,0.5386719226151321
0,s2_wifi_degraded,7.708518498956285,6.537185189018777,False,False,False,graph_diffusion_1,67,7.5505703831575,6.4233327290382025,0.4110274709394518
0,s2_wifi_degraded,7.708518498956285,6.537185189018777,False,False,False,graph_diffusion_3,67,7.541354659181653,6.42422495698272,0.26023539813678076
0,s2_wifi_degraded,7.708518498956285,6.537185189018777,False,False,False,laplacian,67,7.544337117526173,6.421308005224261,0.40062333036749004
1,s2_wifi_degraded,7.762228944549189,6.781375783910273,False,False,False,static_raw,67,7.413912760335587,6.399968370150995,0.5587651168584256
1,s2_wifi_degraded,7.762228944549189,6.781375783910273,False,False,False,graph_diffusion_1,67,7.41342431428745,6.401727549208886,0.4267461557850743
1,s2_wifi_degraded,7.762228944549189,6.781375783910273,False,False,False,graph_diffusion_3,67,7.413376996852521,6.4044760516006285,0.2704821538793227
1,s2_wifi_degraded,7.762228944549189,6.781375783910273,False,False,False,laplacian,67,7.406849499444638,6.399056253395918,0.41611852735959515
2,s2_wifi_degraded,7.839130958677583,7.167874595498286,False,False,False,static_raw,77,7.322087189855172,7.5367095276393234,0.5828656316742508
2,s2_wifi_degraded,7.839130958677583,7.167874595498286,False,False,False,graph_diffusion_1,77,7.326261444599769,7.537704495937441,0.44487873374238157
2,s2_wifi_degraded,7.839130958677583,7.167874595498286,False,False,False,graph_diffusion_3,77,7.33453854051476,7.539863490119037,0.28100287923613904
2,s2_wifi_degraded,7.839130958677583,7.167874595498286,False,False,False,laplacian,77,7.318971074242132,7.530140453898151,0.43443180832212147
3,s2_wifi_degraded,7.94346543019908,7.5103051184045535,False,False,False,static_raw,78,6.334450757842185,7.56709458960477,0.4860725714543881
3,s2_wifi_degraded,7.94346543019908,7.5103051184045535,False,False,False,graph_diffusion_1,78,6.354796391750806,7.5665964701002695,0.36437388970996876
3,s2_wifi_degraded,7.94346543019908,7.5103051184045535,False,False,False,graph_diffusion_3,78,6.3798785870773616,7.565828403828896,0.22464254189892327
3,s2_wifi_degraded,7.94346543019908,7.5103051184045535,False,False,False,laplacian,78,6.332225719336969,7.558924900713428,0.359373561760766
4,s2_wifi_degraded,7.999186140694022,7.623886621271602,False,False,False,static_raw,77,5.799947823479509,8.06995867630278,0.5128469759034024
4,s2_wifi_degraded,7.999186140694022,7.623886621271602,False,False,False,graph_diffusion_1,77,5.79311228019039,8.058966628511396,0.38508662834769714
4,s2_wifi_degraded,7.999186140694022,7.623886621271602,False,False,False,graph_diffusion_3,77,5.797213190496081,8.033801983209058,0.23601627148019508
4,s2_wifi_degraded,7.999186140694022,7.623886621271602,False,False,False,laplacian,77,5.802607414608367,8.048310980692904,0.376367255208476
5,s2_wifi_degraded,8.226562675373907,7.955827377167044,False,False,False,static_raw,88,8.370267596704279,7.873270444505514,0.5196429738054734
5,s2_wifi_degraded,8.226562675373907,7.955827377167044,False,False,False,graph_diffusion_1,88,8.381073881973848,7.894154475536649,0.39104479768332334
5,s2_wifi_degraded,8.226562675373907,7.955827377167044,False,False,False,graph_diffusion_3,88,8.387482787235104,7.9200482760516895,0.24601812782024998
5,s2_wifi_degraded,8.226562675373907,7.955827377167044,False,False,False,laplacian,88,8.356003828449213,7.865877430751952,0.39013023932676905
6,s2_wifi_degraded,8.280648608306477,8.135508799595996,False,False,False,static_raw,88,8.45938095573546,8.653694488667117,0.567360145982258
6,s2_wifi_degraded,8.280648608306477,8.135508799595996,False,False,False,graph_diffusion_1,88,8.453728347403752,8.640426568113462,0.431814841377111
6,s2_wifi_degraded,8.280648608306477,8.135508799595996,False,False,False,graph_diffusion_3,88,8.435529903899326,8.609562119466183,0.2778957899647212
6,s2_wifi_degraded,8.280648608306477,8.135508799595996,False,False,False,laplacian,88,8.433837426176801,8.62551758554569,0.42847629089944894
7,s2_wifi_degraded,8.426531854440203,8.334139776009467,False,False,False,static_raw,88,8.020386308314006,8.58538052481118,0.5511768949701917
7,s2_wifi_degraded,8.426531854440203,8.334139776009467,False,False,False,graph_diffusion_1,88,8.044670784375231,8.581781280326323,0.41552256613552974
7,s2_wifi_degraded,8.426531854440203,8.334139776009467,False,False,False,graph_diffusion_3,88,8.074726249296338,8.565894691065203,0.2632585215040865
7,s2_wifi_degraded,8.426531854440203,8.334139776009467,False,False,False,laplacian,88,8.014290314870498,8.56083552267616,0.41460197402734544
8,s2_wifi_degraded,8.640813839766498,8.694587576233882,False,False,False,static_raw,88,8.65527402200873,8.51538523249475,0.5810917993723993
8,s2_wifi_degraded,8.640813839766498,8.694587576233882,False,False,False,graph_diffusion_1,88,8.647079836170825,8.512188956895143,0.4410844348888224
8,s2_wifi_degraded,8.640813839766498,8.694587576233882,False,False,False,graph_diffusion_3,88,8.622724175356273,8.496592345820671,0.2824643480630181
8,s2_wifi_degraded,8.640813839766498,8.694587576233882,False,False,False,laplacian,88,8.629037433633659,8.493121058541384,0.4388729480873859
9,s2_wifi_degraded,8.773434572913224,8.991156753090223,False,False,False,static_raw,98,6.0216068418244095,8.380958534509668,0.5085474596167736
9,s2_wifi_degraded,8.773434572913224,8.991156753090223,False,False,False,graph_diffusion_1,98,6.0601961067155825,8.35855145188935,0.37787074244847485
9,s2_wifi_degraded,8.773434572913224,8.991156753090223,False,False,False,graph_diffusion_3,98,6.0622013708995475,8.291830597928234,0.23883772717851057
9,s2_wifi_degraded,8.773434572913224,8.991156753090223,False,False,False,laplacian,98,6.023144037430383,8.329909613691665,0.399858353515731
10,s2_wifi_degraded,8.969081214365445,9.315966535180728,True,False,False,static_raw,98,8.823418739680609,7.975868523723481,0.5009327383374489
10,s2_wifi_degraded,8.969081214365445,9.315966535180728,True,False,False,graph_diffusion_1,98,8.814620446030036,7.966880655619101,0.3746406060406366
10,s2_wifi_degraded,8.969081214365445,9.315966535180728,True,False,False,graph_diffusion_3,98,8.7715138791876,7.917211025985039,0.23985004837633533
10,s2_wifi_degraded,8.969081214365445,9.315966535180728,True,False,False,laplacian,98,8.785248787848044,7.928749397754977,0.39370498511275864
11,s2_wifi_degraded,9.158262661443551,9.76651178862036,True,False,False,static_raw,99,7.870393808554258,7.55885409029935,0.5000062308138038
11,s2_wifi_degraded,9.158262661443551,9.76651178862036,True,False,False,graph_diffusion_1,99,7.7566826774604944,7.43047734316643,0.3911305315204177
11,s2_wifi_degraded,9.158262661443551,9.76651178862036,True,False,False,graph_diffusion_3,99,7.593506030296824,7.246674232675701,0.25798720628530064
11,s2_wifi_degraded,9.158262661443551,9.76651178862036,True,False,False,laplacian,99,7.824123462892871,7.51301463126035,0.4222028216942572
12,s2_wifi_degraded,9.226935916965898,9.928675601070118,True,False,False,static_raw,99,5.203645848921692,8.040443507849268,0.5005844943042634
12,s2_wifi_degraded,9.226935916965898,9.928675601070118,True,False,False,graph_diffusion_1,99,5.022244435347229,7.939169583367757,0.39403674743089245
12,s2_wifi_degraded,9.226935916965898,9.928675601070118,True,False,False,graph_diffusion_3,99,4.788670376525601,7.791938880354598,0.26285174324060373
12,s2_wifi_degraded,9.226935916965898,9.928675601070118,True,False,False,laplacian,99,5.192529995669284,7.992807087861887,0.42273223025069023
13,s2_wifi_degraded,9.28457534064934,9.54739973958025,True,False,False,static_raw,99,9.23326047260029,9.457300339226292,0.7388376364416595
13,s2_wifi_degraded,9.28457534064934,9.54739973958025,True,False,False,graph_diffusion_1,99,9.155264637011427,9.375093486476452,0.6162076461383581
13,s2_wifi_degraded,9.28457534064934,9.54739973958025,True,False,False,graph_diffusion_3,99,9.022623011885578,9.230255188225009,0.45375480914482097
13,s2_wifi_degraded,9.28457534064934,9.54739973958025,True,False,False,laplacian,99,9.161667782338968,9.369166903726878,0.6383523966380868
14,s2_wifi_degraded,9.55154708556551,9.187880405968292,True,False,False,static_raw,99,8.891837819049114,8.801636640009427,0.608997741379546
14,s2_wifi_degraded,9.55154708556551,9.187880405968292,True,False,False,graph_diffusion_1,99,8.806438744298003,8.718252414148491,0.49793748386220993
14,s2_wifi_degraded,9.55154708556551,9.187880405968292,True,False,False,graph_diffusion_3,99,8.664769531496596,8.586391824839087,0.3570969680109292
14,s2_wifi_degraded,9.55154708556551,9.187880405968292,True,False,False,laplacian,99,8.814321075908067,8.741971021422305,0.5225941253534039
15,s2_wifi_degraded,9.66616567574389,8.964158259736895,True,False,False,static_raw,99,9.354716119907422,7.657187894229864,0.501651383094572
15,s2_wifi_degraded,9.66616567574389,8.964158259736895,True,False,False,graph_diffusion_1,99,9.279448119165394,7.542848055085651,0.3957994192474777
15,s2_wifi_degraded,9.66616567574389,8.964158259736895,True,False,False,graph_diffusion_3,99,9.149666338292125,7.380164529294532,0.2662109731199357
15,s2_wifi_degraded,9.66616567574389,8.964158259736895,True,False,False,laplacian,99,9.273994819443766,7.611104735977243,0.42436699369177283
16,s2_wifi_degraded,9.783739284953958,8.603729760291959,True,False,False,static_raw,99,7.963050840477808,9.477794190292848,0.814703064381961
16,s2_wifi_degraded,9.783739284953958,8.603729760291959,True,False,False,graph_diffusion_1,99,7.900471170158761,9.387546735662465,0.6668709163428306
16,s2_wifi_degraded,9.783739284953958,8.603729760291959,True,False,False,graph_diffusion_3,99,7.79263703395319,9.230377981504702,0.47005255036637356
16,s2_wifi_degraded,9.783739284953958,8.603729760291959,True,False,False,laplacian,99,7.902734555849895,9.387954928459692,0.688800890768563
17,s2_wifi_degraded,9.816728934060924,8.290196131329282,True,False,False,static_raw,89,8.736654524050495,8.615539017541883,0.5484403143058815
17,s2_wifi_degraded,9.816728934060924,8.290196131329282,True,False,False,graph_diffusion_1,89,8.7060424905097,8.619741244994161,0.419505499916872
17,s2_wifi_degraded,9.816728934060924,8.290196131329282,True,False,False,graph_diffusion_3,89,8.629013803920847,8.592619209356478,0.2835000660963518
17,s2_wifi_degraded,9.816728934060924,8.290196131329282,True,False,False,laplacian,89,8.67817328816683,8.589044220079561,0.44126580267661347
18,s2_wifi_degraded,9.898369940505676,8.170920930516099,True,False,False,static_raw,99,9.377129935343488,9.48387770618967,0.8751683656767896
18,s2_wifi_degraded,9.898369940505676,8.170920930516099,True,False,False,graph_diffusion_1,99,9.291247437569867,9.397094620719564,0.7218725353420629
18,s2_wifi_degraded,9.898369940505676,8.170920930516099,True,False,False,graph_diffusion_3,99,9.143587682634415,9.244806361386345,0.5183171971166041
18,s2_wifi_degraded,9.898369940505676,8.170920930516099,True,False,False,laplacian,99,9.294979663735306,9.393606533586084,0.746714213669645
19,s2_wifi_degraded,9.760036529571131,8.31653053319644,True,False,False,static_raw,89,5.017006342231684,6.957594543732146,0.4987177499261149
19,s2_wifi_degraded,9.760036529571131,8.31653053319644,True,False,False,graph_diffusion_1,89,5.105860976608679,7.009242980905331,0.3738682635029431
19,s2_wifi_degraded,9.760036529571131,8.31653053319644,True,False,False,graph_diffusion_3,89,5.176962381037883,7.042881206583739,0.23885131965614023
19,s2_wifi_degraded,9.760036529571131,8.31653053319644,True,False,False,laplacian,89,5.015602875499282,6.953522862277068,0.390803117053242
20,s2_wifi_degraded,9.637633694040824,8.49751598572513,True,False,False,static_raw,89,6.723164982515028,7.336582631750455,0.5002955173545512
20,s2_wifi_degraded,9.637633694040824,8.49751598572513,True,False,False,graph_diffusion_1,89,6.7152157901735485,7.3693825252171115,0.37105382081987787
20,s2_wifi_degraded,9.637633694040824,8.49751598572513,True,False,False,graph_diffusion_3,89,6.64940848984468,7.377143320529261,0.23309748161995206
20,s2_wifi_degraded,9.637633694040824,8.49751598572513,True,False,False,laplacian,89,6.678527151022667,7.332225019179438,0.3921461496104386
21,s2_wifi_degraded,9.488164788775736,8.737066335022115,True,False,False,static_raw,89,8.8913562658697,8.548166160709242,0.5681677781163215
21,s2_wifi_degraded,9.488164788775736,8.737066335022115,True,False,False,graph_diffusion_1,89,8.854935019696661,8.5540094018946,0.43676344110656956
21,s2_wifi_degraded,9.488164788775736,8.737066335022115,True,False,False,graph_diffusion_3,89,8.770282372994018,8.529591309811401,0.2965991741986326
21,s2_wifi_degraded,9.488164788775736,8.737066335022115,True,False,False,laplacian,89,8.828212625339724,8.52431012334408,0.4581505770036426
22,s2_wifi_degraded,9.401483371555605,8.971936242221727,True,False,False,static_raw,89,7.574325792380899,5.0036862293624145,0.48630289332401916
22,s2_wifi_degraded,9.401483371555605,8.971936242221727,True,False,False,graph_diffusion_1,89,7.570514529974741,5.095611063815482,0.3626796758554642
22,s2_wifi_degraded,9.401483371555605,8.971936242221727,True,False,False,graph_diffusion_3,89,7.523202095984061,5.169968113006906,0.2303547191138598
22,s2_wifi_degraded,9.401483371555605,8.971936242221727,True,False,False,laplacian,89,7.52637731969611,5.02555626818907,0.38116076744558935
23,s2_wifi_degraded,9.373588623793506,9.260353868533857,False,False,False,static_raw,99,9.440485685944681,8.519026853050399,0.5724782434705813
23,s2_wifi_degraded,9.373588623793506,9.260353868533857,False,False,False,graph_diffusion_1,99,9.36229516910792,8.43306831074326,0.4656410596016949
23,s2_wifi_degraded,9.373588623793506,9.260353868533857,False,False,False,graph_diffusion_3,99,9.224634859642777,8.30212923267589,0.3320702513547127
23,s2_wifi_degraded,9.373588623793506,9.260353868533857,False,False,False,laplacian,99,9.352365383078734,8.465375860223036,0.49076801439767653
24,s2_wifi_degraded,9.127375220319832,9.429716922223497,False,False,False,static_raw,98,8.585108630194117,9.278630350647695,0.5720322118155287
24,s2_wifi_degraded,9.127375220319832,9.429716922223497,False,False,False,graph_diffusion_1,98,8.576629963534874,9.223455531364543,0.45202539150915383
24,s2_wifi_degraded,9.127375220319832,9.429716922223497,False,False,False,graph_diffusion_3,98,8.533615310630433,9.113852104755395,0.3180378958700261
24,s2_wifi_degraded,9.127375220319832,9.429716922223497,False,False,False,laplacian,98,8.550548719656021,9.202373687808796,0.46567003081643327
25,s2_wifi_degraded,8.726509377545842,9.486750180536124,False,False,False,static_raw,98,7.397436091752259,8.338847775202476,0.45004729291381657
25,s2_wifi_degraded,8.726509377545842,9.486750180536124,False,False,False,graph_diffusion_1,98,7.420997928556727,8.323438908369758,0.3370402672055274
25,s2_wifi_degraded,8.726509377545842,9.486750180536124,False,False,False,graph_diffusion_3,98,7.4136611260926095,8.267207056622837,0.21906897242613463
25,s2_wifi_degraded,8.726509377545842,9.486750180536124,False,False,False,laplacian,98,7.3854627522910485,8.293532605877578,0.3568081529456358
26,s2_wifi_degraded,8.556615925716626,9.685615586341887,False,False,False,static_raw,98,8.321557008178944,8.586171938666594,0.5311586254600525
26,s2_wifi_degraded,8.556615925716626,9.685615586341887,False,False,False,graph_diffusion_1,98,8.333533169023417,8.559748303222609,0.4006036572400412
26,s2_wifi_degraded,8.556615925716626,9.685615586341887,False,False,False,graph_diffusion_3,98,8.317083111433128,8.488676900187965,0.26222244862062755
26,s2_wifi_degraded,8.556615925716626,9.685615586341887,False,False,False,laplacian,98,8.30093554332133,8.532541135501916,0.42245830443353605
27,s2_wifi_degraded,8.275272196622463,9.90949250147166,False,False,False,static_raw,99,8.438939781497066,8.73745260841375,0.5101086141902577
27,s2_wifi_degraded,8.275272196622463,9.90949250147166,False,False,False,graph_diffusion_1,99,8.348314106468056,8.654617489541376,0.40523987502651376
27,s2_wifi_degraded,8.275272196622463,9.90949250147166,False,False,False,graph_diffusion_3,99,8.213116753438484,8.52683564652431,0.2795271132290883
27,s2_wifi_degraded,8.275272196622463,9.90949250147166,False,False,False,laplacian,99,8.38826577561302,8.68101359647491,0.4358566628997983
28,s2_wifi_degraded,8.516464193829812,9.620395436542294,False,False,False,static_raw,98,7.71947599693379,9.217475801651018,0.5604777839689015
28,s2_wifi_degraded,8.516464193829812,9.620395436542294,False,False,False,graph_diffusion_1,98,7.7532964870167635,9.170887466553904,0.4327127290732834
28,s2_wifi_degraded,8.516464193829812,9.620395436542294,False,False,False,graph_diffusion_3,98,7.765759276415375,9.073342780037407,0.2931823777570763
28,s2_wifi_degraded,8.516464193829812,9.620395436542294,False,False,False,laplacian,98,7.713929353488234,9.144281910622553,0.45254503274684477
29,s2_wifi_degraded,8.726745769238578,9.594339738596462,False,False,False,static_raw,98,7.437749098290878,9.250427241727511,0.5779393083908402
29,s2_wifi_degraded,8.726745769238578,9.594339738596462,False,False,False,graph_diffusion_1,98,7.469484298103697,9.197989093048468,0.4455965249887215
29,s2_wifi_degraded,8.726745769238578,9.594339738596462,False,False,False,graph_diffusion_3,98,7.4764139844799615,9.09174217141331,0.30093365575091685
29,s2_wifi_degraded,8.726745769238578,9.594339738596462,False,False,False,laplacian,98,7.423958987568547,9.175508011331917,0.4636071320434898
30,s2_wifi_degraded,8.943827322619104,9.579744922705936,False,False,False,static_raw,99,6.949524306400033,8.681029756535425,0.5042195012871726
30,s2_wifi_degraded,8.943827322619104,9.579744922705936,False,False,False,graph_diffusion_1,99,6.7825980826463415,8.59625666448992,0.3961556682233889
30,s2_wifi_degraded,8.943827322619104,9.579744922705936,False,False,False,graph_diffusion_3,99,6.547310404667371,8.4660901102758,0.2654191075794032
30,s2_wifi_degraded,8.943827322619104,9.579744922705936,False,False,False,laplacian,99,6.905001486938646,8.625008357416663,0.42788110137594665
31,s2_wifi_degraded,9.351601400735191,9.795243901577573,False,False,False,static_raw,99,9.070230739039093,9.115439867047359,0.6150684921933911
31,s2_wifi_degraded,9.351601400735191,9.795243901577573,False,False,False,graph_diffusion_1,99,8.989854771956082,9.036598614018445,0.5073605293176741
31,s2_wifi_degraded,9.351601400735191,9.795243901577573,False,False,False,graph_diffusion_3,99,8.85712251890455,8.90573176103056,0.37086403102088034
31,s2_wifi_degraded,9.351601400735191,9.795243901577573,False,False,False,laplacian,99,9.000762788635019,9.047011114210264,0.5326109253388216
32,s2_wifi_degraded,9.577016681956424,9.919176372465715,False,False,False,static_raw,99,9.259228366721556,9.207092880997479,0.7558695813200581
32,s2_wifi_degraded,9.577016681956424,9.919176372465715,False,False,False,graph_diffusion_1,99,9.176737934910422,9.12349353042481,0.6237379087787404
32,s2_wifi_degraded,9.577016681956424,9.919176372465715,False,False,False,graph_diffusion_3,99,9.033445765255733,8.983472594822425,0.4508604508818254
32,s2_wifi_degraded,9.577016681956424,9.919176372465715,False,False,False,laplacian,99,9.174277977757765,9.13364453254538,0.6481664342179917
33,s2_wifi_degraded,9.147990241252389,9.767587766470918,False,False,False,static_raw,99,5.835961093066053,8.873123389693772,0.514783237980856
33,s2_wifi_degraded,9.147990241252389,9.767587766470918,False,False,False,graph_diffusion_1,99,5.654842170698436,8.79099514411319,0.4068648529352445
33,s2_wifi_degraded,9.147990241252389,9.767587766470918,False,False,False,graph_diffusion_3,99,5.415868994549694,8.660120809164852,0.27431831580908306
33,s2_wifi_degraded,9.147990241252389,9.767587766470918,False,False,False,laplacian,99,5.809676218108174,8.81271276159871,0.43643272153400053
34,s2_wifi_degraded,8.966209639861209,9.397254516581212,False,False,False,static_raw,98,8.626984363378027,8.903854156353985,0.5738754104920545
34,s2_wifi_degraded,8.966209639861209,9.397254516581212,False,False,False,graph_diffusion_1,98,8.634920839378553,8.869663684226383,0.43761015783198437
34,s2_wifi_degraded,8.966209639861209,9.397254516581212,False,False,False,graph_diffusion_3,98,8.613984150014279,8.788841726858653,0.29228316481551614
34,s2_wifi_degraded,8.966209639861209,9.397254516581212,False,False,False,laplacian,98,8.60332441509981,8.84365589861087,0.46019299192071544
35,s2_wifi_degraded,8.92197380793632,9.185323746168985,True,False,False,static_raw,98,8.236163553140374,9.418973853489861,0.6474218372192566
35,s2_wifi_degraded,8.92197380793632,9.185323746168985,True,False,False,graph_diffusion_1,98,8.265380423310251,9.361334052126512,0.5058804459819728
35,s2_wifi_degraded,8.92197380793632,9.185323746168985,True,False,False,graph_diffusion_3,98,8.2744632496367,9.24713755643388,0.3478378235352128
35,s2_wifi_degraded,8.92197380793632,9.185323746168985,True,False,False,laplacian,98,8.227483873698933,9.333841423497905,0.5256667777578602
36,s2_wifi_degraded,8.914109042937588,8.939758011878457,True,False,False,static_raw,90,5.059311684134935,9.097992506676261,0.35960625104606325
36,s2_wifi_degraded,8.914109042937588,8.939758011878457,True,False,False,graph_diffusion_1,90,5.246879869964311,9.051707597968655,0.2877757036522233
36,s2_wifi_degraded,8.914109042937588,8.939758011878457,True,False,False,graph_diffusion_3,90,5.443621592170203,8.95876094793605,0.20188179019829128
36,s2_wifi_degraded,8.914109042937588,8.939758011878457,True,False,False,laplacian,90,5.068161563484031,9.03933309604655,0.31041520247380944
37,s2_wifi_degraded,9.07928845907877,8.665910920697108,True,False,False,static_raw,89,5.745256539770062,7.669578045002153,0.4998734767570137
37,s2_wifi_degraded,9.07928845907877,8.665910920697108,True,False,False,graph_diffusion_1,89,5.740357148239939,7.698229395004543,0.3697626064992514
37,s2_wifi_degraded,9.07928845907877,8.665910920697108,True,False,False,graph_diffusion_3,89,5.670363424356481,7.703549234439516,0.2312412372552556
37,s2_wifi_degraded,9.07928845907877,8.665910920697108,True,False,False,laplacian,89,5.708229119986396,7.663952506562264,0.3916455442132696
38,s2_wifi_degraded,9.268317079915311,8.479283196707053,True,False,False,static_raw,89,9.254608307444165,7.764486175961346,0.5325390655112423
38,s2_wifi_degraded,9.268317079915311,8.479283196707053,True,False,False,graph_diffusion_1,89,9.207557574633405,7.79921225499241,0.4055612244964894
38,s2_wifi_degraded,9.268317079915311,8.479283196707053,True,False,False,graph_diffusion_3,89,9.109756689163644,7.8146578522714085,0.2702273376938139
38,s2_wifi_degraded,9.268317079915311,8.479283196707053,True,False,False,laplacian,89,9.18120913658025,7.757394318013776,0.42588977709577297
39,s2_wifi_degraded,9.629151173072932,8.405680386891111,True,False,False,static_raw,89,9.405577551797764,8.699862535005929,0.6305499581605425
39,s2_wifi_degraded,9.629151173072932,8.405680386891111,True,False,False,graph_diffusion_1,89,9.344227456272952,8.689161931455516,0.49944575993948387
39,s2_wifi_degraded,9.629151173072932,8.405680386891111,True,False,False,graph_diffusion_3,89,9.225327466879968,8.645046892803439,0.3507303029600715
39,s2_wifi_degraded,9.629151173072932,8.405680386891111,True,False,False,laplacian,89,9.32172582638475,8.669368602703951,0.5136250100176052
40,s2_wifi_degraded,9.137911967096755,8.357214530377181,True,False,False,static_raw,89,5.312505548126523,8.81096029630216,0.5016318476271849
40,s2_wifi_degraded,9.137911967096755,8.357214530377181,True,False,False,graph_diffusion_1,89,5.411468925244074,8.794134756229896,0.37833445109090114
40,s2_wifi_degraded,9.137911967096755,8.357214530377181,True,False,False,graph_diffusion_3,89,5.493766163850687,8.740911075316228,0.24400800360979266
40,s2_wifi_degraded,9.137911967096755,8.357214530377181,True,False,False,laplacian,89,5.297110652792957,8.774657102461864,0.39367051136363734
41,s2_wifi_degraded,8.850804346095984,8.419767971950433,True,False,False,static_raw,88,7.638002812909747,6.061735429053328,0.4999999823931258
41,s2_wifi_degraded,8.850804346095984,8.419767971950433,True,False,False,graph_diffusion_1,88,7.666224432471339,6.119901765754558,0.3671490906024025
41,s2_wifi_degraded,8.850804346095984,8.419767971950433,True,False,False,graph_diffusion_3,88,7.705317366027583,6.2025882678716995,0.21888573131481576
41,s2_wifi_degraded,8.850804346095984,8.419767971950433,True,False,False,laplacian,88,7.633840983409865,6.058073770794302,0.36508599923969637
42,s2_wifi_degraded,8.608468710412893,8.558343031691317,True,False,False,static_raw,88,5.053381902763547,8.532275752877405,0.5000057684034133
42,s2_wifi_degraded,8.608468710412893,8.558343031691317,True,False,False,graph_diffusion_1,88,5.116989992236957,8.532251243761301,0.36550783084379845
42,s2_wifi_degraded,8.608468710412893,8.558343031691317,True,False,False,graph_diffusion_3,88,5.2245348957829565,8.520408315836846,0.21700614286292427
42,s2_wifi_degraded,8.608468710412893,8.558343031691317,True,False,False,laplacian,88,5.0604725241810415,8.51024352164175,0.36509276849821576
43,s2_wifi_degraded,8.31237088540844,8.610789569269624,True,False,False,static_raw,88,7.079737565079041,8.766320747558913,0.5000962289017434
43,s2_wifi_degraded,8.31237088540844,8.610789569269624,True,False,False,graph_diffusion_1,88,7.124360712019304,8.749422084969954,0.36926526539107685
43,s2_wifi_degraded,8.31237088540844,8.610789569269624,True,False,False,graph_diffusion_3,88,7.189519254461848,8.713521468323906,0.2236631586832943
43,s2_wifi_degraded,8.31237088540844,8.610789569269624,True,False,False,laplacian,88,7.07586810139935,8.732785282390537,0.3664160373271968
44,s2_wifi_degraded,7.876973615803656,8.676310108296393,True,False,False,static_raw,88,8.324878975441942,8.990760354898276,0.45798627700730854
44,s2_wifi_degraded,7.876973615803656,8.676310108296393,True,False,False,graph_diffusion_1,88,8.314083081536436,8.947625717070304,0.35718769467575534
44,s2_wifi_degraded,7.876973615803656,8.676310108296393,True,False,False,graph_diffusion_3,88,8.293525622244767,8.87175210699028,0.24110523571209352
44,s2_wifi_degraded,7.876973615803656,8.676310108296393,True,False,False,laplacian,88,8.300521981365529,8.941883387482958,0.35047278978903723
45,s2_wifi_degraded,7.69864374306643,8.764902399912266,True,False,False,static_raw,87,7.199535563486666,8.7435804929711,0.5514952793038171
45,s2_wifi_degraded,7.69864374306643,8.764902399912266,True,False,False,graph_diffusion_1,87,7.205790432582697,8.732484289062008,0.41955639823032326
45,s2_wifi_degraded,7.69864374306643,8.764902399912266,True,False,False,graph_diffusion_3,87,7.214599677227849,8.698190413577077,0.26749830123691826
45,s2_wifi_degraded,7.69864374306643,8.764902399912266,True,False,False,laplacian,87,7.195194471435244,8.710931717386115,0.41379263272934685
46,s2_wifi_degraded,7.492119654821085,8.780131979271454,True,False,False,static_raw,87,7.66469241933969,8.229007041941907,0.5939643171734584
46,s2_wifi_degraded,7.492119654821085,8.780131979271454,True,False,False,graph_diffusion_1,87,7.668140146226637,8.240163917450973,0.45142274032846824
46,s2_wifi_degraded,7.492119654821085,8.780131979271454,True,False,False,graph_diffusion_3,87,7.674936827452585,8.245483384222956,0.28610814215098085
46,s2_wifi_degraded,7.492119654821085,8.780131979271454,True,False,False,laplacian,87,7.660697889215502,8.217211172498226,0.44588743317670293
47,s2_wifi_degraded,7.191471021360378,8.723132508528103,True,False,False,static_raw,87,6.344045649375102,8.046059054218624,0.5002612062090676
47,s2_wifi_degraded,7.191471021360378,8.723132508528103,True,False,False,graph_diffusion_1,87,6.355240499680689,8.062046003572071,0.3731495556868835
47,s2_wifi_degraded,7.191471021360378,8.723132508528103,True,False,False,graph_diffusion_3,87,6.374776358198809,8.079090886236036,0.22756011848588972
47,s2_wifi_degraded,7.191471021360378,8.723132508528103,True,False,False,laplacian,87,6.343720444988815,8.041007001584488,0.36745583150176353
48,s2_wifi_degraded,6.992004119632241,8.748418280606632,True,False,False,static_raw,97,8.230426734160247,6.0555596803963505,0.26104706911844316
48,s2_wifi_degraded,6.992004119632241,8.748418280606632,True,False,False,graph_diffusion_1,97,8.184380496988265,6.065189620672434,0.19768497866547732
48,s2_wifi_degraded,6.992004119632241,8.748418280606632,True,False,False,graph_diffusion_3,29,8.110470637443731,6.067747201367287,0.14401433411936548
48,s2_wifi_degraded,6.992004119632241,8.748418280606632,True,False,False,laplacian,97,8.186999215894911,6.029979880444052,0.2064801694731313
49,s2_wifi_degraded,6.846275017181253,8.922858028731762,False,False,False,static_raw,86,6.479439519461779,8.599253753665767,0.6121837517700695
49,s2_wifi_degraded,6.846275017181253,8.922858028731762,False,False,False,graph_diffusion_1,86,6.480568559166415,8.595178086463688,0.4694059797680266
49,s2_wifi_degraded,6.846275017181253,8.922858028731762,False,False,False,graph_diffusion_3,86,6.484071717810365,8.575397110818782,0.3018837150544775
49,s2_wifi_degraded,6.846275017181253,8.922858028731762,False,False,False,laplacian,86,6.479280901036949,8.574741493966403,0.46096550293831207
50,s2_wifi_degraded,6.689596236262092,9.105068122957537,False,False,False,static_raw,86,6.489623476239842,8.60275255658287,0.5729776412953186
50,s2_wifi_degraded,6.689596236262092,9.105068122957537,False,False,False,graph_diffusion_1,86,6.491138125719648,8.59777823085418,0.43944063573294145
50,s2_wifi_degraded,6.689596236262092,9.105068122957537,False,False,False,graph_diffusion_3,86,6.495577458633428,8.57683846019887,0.2833456302848655
50,s2_wifi_degraded,6.689596236262092,9.105068122957537,False,False,False,laplacian,86,6.489387637124846,8.577497937399446,0.4316489230493804
51,s2_wifi_degraded,6.651524336471364,9.303485813902295,False,False,False,static_raw,96,5.680074730325979,9.224270028797916,0.6259459176427974
51,s2_wifi_degraded,6.651524336471364,9.303485813902295,False,False,False,graph_diffusion_1,96,5.673552598732432,9.170929929354852,0.4816501001777885
51,s2_wifi_degraded,6.651524336471364,9.303485813902295,False,False,False,graph_diffusion_3,96,5.66354033771786,9.072004235173416,0.31193463206776817
51,s2_wifi_degraded,6.651524336471364,9.303485813902295,False,False,False,laplacian,96,5.680051070014056,9.151172604061637,0.4943585457881981
52,s2_wifi_degraded,6.511030711247975,9.630572115899897,False,False,False,static_raw,96,6.150750087002701,9.252371230021403,0.7201107596358138
52,s2_wifi_degraded,6.511030711247975,9.630572115899897,False,False,False,graph_diffusion_1,96,6.148478612564071,9.198668699683955,0.5586588043869184
52,s2_wifi_degraded,6.511030711247975,9.630572115899897,False,False,False,graph_diffusion_3,96,6.145421804366411,9.098875583116753,0.36696821568032173
52,s2_wifi_degraded,6.511030711247975,9.630572115899897,False,False,False,laplacian,96,6.15070714896446,9.178225383223475,0.571772512978171
53,s2_wifi_degraded,6.420605168362592,9.834308948608536,False,False,False,static_raw,96,5.731711751090027,8.929784018390007,0.561096864902271
53,s2_wifi_degraded,6.420605168362592,9.834308948608536,False,False,False,graph_diffusion_1,96,5.722973478983737,8.88435064988045,0.43176817052163313
53,s2_wifi_degraded,6.420605168362592,9.834308948608536,False,False,False,graph_diffusion_3,96,5.709151278867323,8.800890214431282,0.2799060392795462
53,s2_wifi_degraded,6.420605168362592,9.834308948608536,False,False,False,laplacian,96,5.73168580416972,8.870438486162325,0.4443162844233749
54,s2_wifi_degraded,6.482295444389094,9.655075180886994,False,False,False,static_raw,96,5.900553159517833,9.235506681873652,0.6638809014510706
54,s2_wifi_degraded,6.482295444389094,9.655075180886994,False,False,False,graph_diffusion_1,96,5.896060584539856,9.182088409483393,0.513269476982875
54,s2_wifi_degraded,6.482295444389094,9.655075180886994,False,False,False,graph_diffusion_3,96,5.889388924151131,9.082915046384036,0.33532511041773544
54,s2_wifi_degraded,6.482295444389094,9.655075180886994,False,False,False,laplacian,96,5.900520379156857,9.162053653534645,0.5260340827075846
55,s2_wifi_degraded,6.562363950563185,9.549970952544058,False,False,False,static_raw,96,4.996046041578066,8.374040997901352,0.5004362069032315
55,s2_wifi_degraded,6.562363950563185,9.549970952544058,False,False,False,graph_diffusion_1,96,4.976649975320202,8.330723827610086,0.3789165273427819
55,s2_wifi_degraded,6.562363950563185,9.549970952544058,False,False,False,graph_diffusion_3,96,4.942741407098169,8.254253866657352,0.23828214704086897
55,s2_wifi_degraded,6.562363950563185,9.549970952544058,False,False,False,laplacian,96,4.996271096718656,8.326275016414336,0.3920260248862187
56,s2_wifi_degraded,6.608994574111493,9.255964739086862,False,False,False,static_raw,96,6.315491016472476,9.255305306849957,0.7091611618402038
56,s2_wifi_degraded,6.608994574111493,9.255964739086862,False,False,False,graph_diffusion_1,96,6.314768070508377,9.201101915618745,0.5518043189420999
56,s2_wifi_degraded,6.608994574111493,9.255964739086862,False,False,False,graph_diffusion_3,96,6.315222338463436,9.100533945558697,0.3647510338736446
56,s2_wifi_degraded,6.608994574111493,9.255964739086862,False,False,False,laplacian,96,6.315399652912694,9.180609013999202,0.5644062246068138
57,s2_wifi_degraded,6.638238185227195,8.788984466893778,False,False,False,static_raw,86,6.135735810942181,8.549508280848421,0.5873917191555708
57,s2_wifi_degraded,6.638238185227195,8.788984466893778,False,False,False,graph_diffusion_1,86,6.140343590226631,8.546758529987658,0.4475546194238506
57,s2_wifi_degraded,6.638238185227195,8.788984466893778,False,False,False,graph_diffusion_3,86,6.14769230046457,8.529452122217497,0.28461562590596057
57,s2_wifi_degraded,6.638238185227195,8.788984466893778,False,False,False,laplacian,86,6.135643377406012,8.52643737752264,0.4396403647328297
58,s2_wifi_degraded,6.715833516903254,8.506019535638835,False,False,False,static_raw,86,5.8188229991533955,8.136616376138852,0.5541117777096952
58,s2_wifi_degraded,6.715833516903254,8.506019535638835,False,False,False,graph_diffusion_1,86,5.825052480532714,8.150333573355498,0.41569782674995953
58,s2_wifi_degraded,6.715833516903254,8.506019535638835,False,False,False,graph_diffusion_3,86,5.833074486902939,8.161173288304617,0.2581297725422319
58,s2_wifi_degraded,6.715833516903254,8.506019535638835,False,False,False,laplacian,86,5.818791345984956,8.128449736095453,0.4098881664186207
59,s2_wifi_degraded,6.712650009001855,8.176417392861678,False,False,False,static_raw,86,4.114661553320509,7.884109216955923,0.4974001080056156
59,s2_wifi_degraded,6.712650009001855,8.176417392861678,False,False,False,graph_diffusion_1,86,4.134635466735126,7.899783061322105,0.36805278407583564
59,s2_wifi_degraded,6.712650009001855,8.176417392861678,False,False,False,graph_diffusion_3,86,4.167824933817142,7.9119376712051395,0.2215162332453999
59,s2_wifi_degraded,6.712650009001855,8.176417392861678,False,False,False,laplacian,86,4.127565549687051,7.876190549025616,0.36321121510962356
60,s2_wifi_degraded,6.866771266170202,7.830791223796943,True,False,False,static_raw,77,6.2435065986119715,7.626754621976232,0.4843154916161962
60,s2_wifi_degraded,6.866771266170202,7.830791223796943,True,False,False,graph_diffusion_1,77,6.241648865775797,7.630146368717531,0.3636470091632463
60,s2_wifi_degraded,6.866771266170202,7.830791223796943,True,False,False,graph_diffusion_3,77,6.2449381337540775,7.638280157302977,0.22323951754770333
60,s2_wifi_degraded,6.866771266170202,7.830791223796943,True,False,False,laplacian,77,6.243184155297234,7.62451510078826,0.35533976417194796
61,s2_wifi_degraded,6.935196676516079,7.575933102373101,True,False,False,static_raw,76,5.4659940057187955,8.498236832676586,0.50000042508218
61,s2_wifi_degraded,6.935196676516079,7.575933102373101,True,False,False,graph_diffusion_1,76,5.4737431644702506,8.457954891256346,0.3783009405016872
61,s2_wifi_degraded,6.935196676516079,7.575933102373101,True,False,False,graph_diffusion_3,76,5.486915381232051,8.389414700232166,0.2336864580353995
61,s2_wifi_degraded,6.935196676516079,7.575933102373101,True,False,False,laplacian,76,5.466267128848258,8.452258064333803,0.365167733687491
62,s2_wifi_degraded,6.925151254140051,7.098088212920689,True,False,False,static_raw,76,6.823761156241828,6.777100905428828,0.5062409876648698
62,s2_wifi_degraded,6.925151254140051,7.098088212920689,True,False,False,graph_diffusion_1,76,6.826868440674409,6.776637429742634,0.3852538821228307
62,s2_wifi_degraded,6.925151254140051,7.098088212920689,True,False,False,graph_diffusion_3,76,6.831626581627766,6.7805358629487875,0.24318288342873354
62,s2_wifi_degraded,6.925151254140051,7.098088212920689,True,False,False,laplacian,76,6.822329124709108,6.776664458268138,0.3758772152591686
63,s2_wifi_degraded,6.9536901632065256,6.989777604364947,True,False,False,static_raw,67,8.287345275638142,5.149699198754654,0.5000183832198845
63,s2_wifi_degraded,6.9536901632065256,6.989777604364947,True,False,False,graph_diffusion_1,67,8.264616401054571,5.154003881062697,0.3762001880423179
63,s2_wifi_degraded,6.9536901632065256,6.989777604364947,True,False,False,graph_diffusion_3,67,8.22398869091742,5.162800099245203,0.23033140390573761
63,s2_wifi_degraded,6.9536901632065256,6.989777604364947,True,False,False,laplacian,67,8.257490808888457,5.149712678653325,0.3650819407997086
64,s2_wifi_degraded,6.966708536003405,6.623992067365702,True,False,False,static_raw,67,6.6955046422099045,6.2516474953064955,0.5377964682688732
64,s2_wifi_degraded,6.966708536003405,6.623992067365702,True,False,False,graph_diffusion_1,67,6.69615042554815,6.252015889606603,0.41015145720564344
64,s2_wifi_degraded,6.966708536003405,6.623992067365702,True,False,False,graph_diffusion_3,67,6.7021741986996375,6.253515010824028,0.2588668622820133
64,s2_wifi_degraded,6.966708536003405,6.623992067365702,True,False,False,laplacian,67,6.6949405516749545,6.251516891048082,0.399218003805865
65,s2_wifi_degraded,7.006265988225517,6.167924934295798,True,False,False,static_raw,66,6.094656436047509,4.392443173479118,0.500000079435532
65,s2_wifi_degraded,7.006265988225517,6.167924934295798,True,False,False,graph_diffusion_1,66,6.093906385972175,4.390015438061083,0.3744155600921275
65,s2_wifi_degraded,7.006265988225517,6.167924934295798,True,False,False,graph_diffusion_3,66,6.092997576540296,4.388172685622724,0.22757525032773063
65,s2_wifi_degraded,7.006265988225517,6.167924934295798,True,False,False,laplacian,66,6.094564154477981,4.398759032438388,0.364833630937591
66,s2_wifi_degraded,7.195573035758812,5.900698987196131,True,False,False,static_raw,57,8.277846017500652,7.127542676904009,0.500154111911924
66,s2_wifi_degraded,7.195573035758812,5.900698987196131,True,False,False,graph_diffusion_1,57,8.248462872944245,7.096674548004918,0.3776199532838948
66,s2_wifi_degraded,7.195573035758812,5.900698987196131,True,False,False,graph_diffusion_3,57,8.197005276898965,7.038291526884622,0.23250440390784294
66,s2_wifi_degraded,7.195573035758812,5.900698987196131,True,False,False,laplacian,57,8.247773487076637,7.10446720612943,0.36511757429099323
67,s2_wifi_degraded,7.214622128011173,5.480629494443392,True,False,False,static_raw,57,6.951969588875767,4.932575087664831,0.5145933798122918
67,s2_wifi_degraded,7.214622128011173,5.480629494443392,True,False,False,graph_diffusion_1,57,6.952326877446293,4.932363069925082,0.39168157601544795
67,s2_wifi_degraded,7.214622128011173,5.480629494443392,True,False,False,graph_diffusion_3,57,6.957779170755915,4.932444013876091,0.24731337780263174
67,s2_wifi_degraded,7.214622128011173,5.480629494443392,True,False,False,laplacian,57,6.95149722776036,4.932610403282591,0.38171608086076475
68,s2_wifi_degraded,7.224596969394833,5.365365355851328,True,False,False,static_raw,57,4.057457876148961,5.025451728001024,0.4999999999595511
68,s2_wifi_degraded,7.224596969394833,5.365365355851328,True,False,False,graph_diffusion_1,57,4.115460178752324,5.029105495595749,0.3781425558334757
68,s2_wifi_degraded,7.224596969394833,5.365365355851328,True,False,False,graph_diffusion_3,57,4.224933239690685,5.035860213273559,0.23315288019578162
68,s2_wifi_degraded,7.224596969394833,5.365365355851328,True,False,False,laplacian,57,4.098484931331773,5.025456457006481,0.3647872750977964
69,s2_wifi_degraded,7.3987606078939105,4.973012310374174,True,False,False,static_raw,46,7.905040305394695,4.542942595708948,0.5002676658139178
69,s2_wifi_degraded,7.3987606078939105,4.973012310374174,True,False,False,graph_diffusion_1,46,7.865287722169787,4.54202159139652,0.3785200746029252
69,s2_wifi_degraded,7.3987606078939105,4.973012310374174,True,False,False,graph_diffusion_3,46,7.795122926497978,4.540522320193629,0.23451122384721754
69,s2_wifi_degraded,7.3987606078939105,4.973012310374174,True,False,False,laplacian,46,7.8651460070024015,4.543198599870131,0.365560531959199
70,s2_wifi_degraded,7.635914401899096,4.715226258016342,False,False,False,static_raw,47,7.79366695339748,4.416091073438331,0.5861964685713256
70,s2_wifi_degraded,7.635914401899096,4.715226258016342,False,False,False,graph_diffusion_1,47,7.792531802441401,4.4161550875407665,0.4517428909034951
70,s2_wifi_degraded,7.635914401899096,4.715226258016342,False,False,False,graph_diffusion_3,47,7.789775138436226,4.41610011925154,0.29063557492646597
70,s2_wifi_degraded,7.635914401899096,4.715226258016342,False,False,False,laplacian,47,7.7844363095975355,4.416121195157078,0.43998592615508936
71,s2_wifi_degraded,7.871357392106725,4.543524489496297,False,False,False,static_raw,48,6.913355551200249,2.8782586921238074,0.4382738157097694
71,s2_wifi_degraded,7.871357392106725,4.543524489496297,False,False,False,graph_diffusion_1,48,6.939649828018834,2.9126868655517524,0.3302802244163978
71,s2_wifi_degraded,7.871357392106725,4.543524489496297,False,False,False,graph_diffusion_3,48,6.971505441392959,2.9698197732276106,0.20496181813011596
71,s2_wifi_degraded,7.871357392106725,4.543524489496297,False,False,False,laplacian,48,6.909885487277028,2.9019849672945144,0.3233051310982491
72,s2_wifi_degraded,8.272955973874682,4.373796974104669,False,False,False,static_raw,48,8.444039551750278,4.586429390827951,0.5941655935606202
72,s2_wifi_degraded,8.272955973874682,4.373796974104669,False,False,False,graph_diffusion_1,48,8.444352414048831,4.585015730721651,0.45421987411352666
72,s2_wifi_degraded,8.272955973874682,4.373796974104669,False,False,False,graph_diffusion_3,48,8.431455543248624,4.582750423164291,0.29152896196900996
72,s2_wifi_degraded,8.272955973874682,4.373796974104669,False,False,False,laplacian,48,8.423295060451592,4.586475056694193,0.4464997572935623
73,s2_wifi_degraded,8.62151579149036,4.028494957379147,False,False,False,static_raw,39,9.372382569117223,3.551530178417474,0.8026025433811382
73,s2_wifi_degraded,8.62151579149036,4.028494957379147,False,False,False,graph_diffusion_1,39,9.313074972512117,3.5514607660606856,0.6256100555643268
73,s2_wifi_degraded,8.62151579149036,4.028494957379147,False,False,False,graph_diffusion_3,39,9.203075795958506,3.550005677378889,0.4142749561468916
73,s2_wifi_degraded,8.62151579149036,4.028494957379147,False,False,False,laplacian,39,9.289445116719435,3.551875539377326,0.6379917468584801
74,s2_wifi_degraded,8.748435457425892,3.685738487590071,False,False,False,static_raw,38,7.821182778549172,2.877811057601352,0.5405950946809955
74,s2_wifi_degraded,8.748435457425892,3.685738487590071,False,False,False,graph_diffusion_1,38,7.834994359521894,2.893686572805153,0.40775761935230526
74,s2_wifi_degraded,8.748435457425892,3.685738487590071,False,False,False,graph_diffusion_3,38,7.845217772615591,2.9196859945808002,0.2546099363095254
74,s2_wifi_degraded,8.748435457425892,3.685738487590071,False,False,False,laplacian,38,7.810557808664706,2.890505137876425,0.4005248376599345
75,s2_wifi_degraded,8.835085190139699,3.5526052200138745,False,False,False,static_raw,38,8.67446166338962,3.3131295003440164,0.5843639884037872
75,s2_wifi_degraded,8.835085190139699,3.5526052200138745,False,False,False,graph_diffusion_1,38,8.661929278288888,3.31624915178177,0.45179072366683165
75,s2_wifi_degraded,8.835085190139699,3.5526052200138745,False,False,False,graph_diffusion_3,38,8.62912155847763,3.3190087352973583,0.2947308340553962
75,s2_wifi_degraded,8.835085190139699,3.5526052200138745,False,False,False,laplacian,38,8.642885598196084,3.3153936850691466,0.44241856650610745
76,s2_wifi_degraded,8.909093693609096,3.3558416683741257,False,False,False,static_raw,38,8.878629669428449,4.155120258000949,0.5114338455155891
76,s2_wifi_degraded,8.909093693609096,3.3558416683741257,False,False,False,graph_diffusion_1,38,8.856712776098542,4.143765585966867,0.38805428515326373
76,s2_wifi_degraded,8.909093693609096,3.3558416683741257,False,False,False,graph_diffusion_3,38,8.808103153973496,4.126766944624147,0.24826334061031738
76,s2_wifi_degraded,8.909093693609096,3.3558416683741257,False,False,False,laplacian,38,8.8380195824343,4.1551434631383835,0.38070608679800744
77,s2_wifi_degraded,9.099711473119482,3.177715842546163,False,False,False,static_raw,38,8.07234873107511,2.716048309578971,0.5381506249526866
77,s2_wifi_degraded,9.099711473119482,3.177715842546163,False,False,False,graph_diffusion_1,38,8.082604010987838,2.735571206537566,0.40586386227266497
77,s2_wifi_degraded,9.099711473119482,3.177715842546163,False,False,False,graph_diffusion_3,38,8.08853661714229,2.765341938996748,0.2540285859957724
77,s2_wifi_degraded,9.099711473119482,3.177715842546163,False,False,False,laplacian,38,8.059941414439772,2.7305625091596872,0.3989489428245335
78,s2_wifi_degraded,9.333851006911315,2.7984046692967013,False,False,False,static_raw,29,9.246905101781943,2.489866456770489,0.7711369703086528
78,s2_wifi_degraded,9.333851006911315,2.7984046692967013,False,False,False,graph_diffusion_1,29,9.192707364335899,2.4898398824609163,0.6001886765493532
78,s2_wifi_degraded,9.333851006911315,2.7984046692967013,False,False,False,graph_diffusion_3,29,9.094076384407094,2.476720655251006,0.3939116538981467
78,s2_wifi_degraded,9.333851006911315,2.7984046692967013,False,False,False,laplacian,29,9.172773188118779,2.4917926245822435,0.6137669439996055
79,s2_wifi_degraded,9.466292753776418,2.334363853065204,False,False,False,static_raw,29,9.208360658797764,2.396504778014767,0.7806426402932216
79,s2_wifi_degraded,9.466292753776418,2.334363853065204,False,False,False,graph_diffusion_1,29,9.153619765250747,2.398418927958369,0.6044049508075948
79,s2_wifi_degraded,9.466292753776418,2.334363853065204,False,False,False,graph_diffusion_3,29,9.054988412294602,2.3893523921361526,0.39279346536953624
79,s2_wifi_degraded,9.466292753776418,2.334363853065204,False,False,False,laplacian,29,9.13388820332376,2.401891176842111,0.6183517997239572
80,s2_wifi_degraded,9.611899936659418,2.123312718823533,False,False,False,static_raw,29,9.076977406655244,2.2894103605593985,0.4959910931956488
80,s2_wifi_degraded,9.611899936659418,2.123312718823533,False,False,False,graph_diffusion_1,29,9.032768251738606,2.27827047055117,0.40535313226450487
80,s2_wifi_degraded,9.611899936659418,2.123312718823533,False,False,False,graph_diffusion_3,29,8.947733271488138,2.265559138049227,0.2892225504875677
80,s2_wifi_degraded,9.611899936659418,2.123312718823533,False,False,False,laplacian,29,9.013494218248159,2.292784024314967,0.4119609795241029
81,s2_wifi_degraded,9.858322040787618,1.7145087247330029,False,False,False,static_raw,9,8.840531272571083,1.0127507714356696,0.5038775921221241
81,s2_wifi_degraded,9.858322040787618,1.7145087247330029,False,False,False,graph_diffusion_1,9,8.761705090600621,1.091157399692621,0.39634997121521426
81,s2_wifi_degraded,9.858322040787618,1.7145087247330029,False,False,False,graph_diffusion_3,9,8.64129946968858,1.21489698816842,0.27177145561811683
81,s2_wifi_degraded,9.858322040787618,1.7145087247330029,False,False,False,laplacian,9,8.782145536352386,1.0772067903553946,0.4276706038857993
82,s2_wifi_degraded,9.758809756481527,1.8587665766892736,False,False,False,static_raw,19,8.93370882445302,1.6050110425315745,0.5082368835297643
82,s2_wifi_degraded,9.758809756481527,1.8587665766892736,False,False,False,graph_diffusion_1,19,8.89927440315424,1.592569193583647,0.3906497632460261
82,s2_wifi_degraded,9.758809756481527,1.8587665766892736,False,False,False,graph_diffusion_3,19,8.821223316643351,1.6025200168970781,0.2641950555433721
82,s2_wifi_degraded,9.758809756481527,1.8587665766892736,False,False,False,laplacian,19,8.872471474268723,1.6230333522502671,0.40924034684823685
83,s2_wifi_degraded,9.674741536762076,1.980219721792202,False,False,False,static_raw,19,9.090224998510365,1.3084400361282384,0.5604851187476487
83,s2_wifi_degraded,9.674741536762076,1.980219721792202,False,False,False,graph_diffusion_1,19,9.049984905963699,1.309924677298162,0.4339534265784819
83,s2_wifi_degraded,9.674741536762076,1.980219721792202,False,False,False,graph_diffusion_3,19,8.961605018989456,1.3429117259966077,0.29756659382444733
83,s2_wifi_degraded,9.674741536762076,1.980219721792202,False,False,False,laplacian,19,9.024519972857439,1.3379108468374037,0.45312792071461927
84,s2_wifi_degraded,9.543539060630476,2.38811292843674,False,False,False,static_raw,29,9.071362661682107,2.3492888460249195,0.6948353041279266
84,s2_wifi_degraded,9.543539060630476,2.38811292843674,False,False,False,graph_diffusion_1,29,9.019748515818593,2.3530567360600045,0.5394944251075461
84,s2_wifi_degraded,9.543539060630476,2.38811292843674,False,False,False,graph_diffusion_3,29,8.928004905528848,2.348815855395878,0.3529545058522169
84,s2_wifi_degraded,9.543539060630476,2.38811292843674,False,False,False,laplacian,29,9.00266049464315,2.3576994872166996,0.55204078661624
85,s2_wifi_degraded,9.538461254265044,2.548657706440192,True,False,False,static_raw,29,8.169081281682848,2.195719759113302,0.5008639782736747
85,s2_wifi_degraded,9.538461254265044,2.548657706440192,True,False,False,graph_diffusion_1,29,8.122894026426208,2.203366504127614,0.381840434094476
85,s2_wifi_degraded,9.538461254265044,2.548657706440192,True,False,False,graph_diffusion_3,29,8.047239323845595,2.2127040940613516,0.24351640229344462
85,s2_wifi_degraded,9.538461254265044,2.548657706440192,True,False,False,laplacian,29,8.120170840324601,2.211106867099868,0.39420246311600177
86,s2_wifi_degraded,9.544593459510066,2.7077556794947983,True,False,False,static_raw,29,7.65802461954886,1.538887977910663,0.5000037176664749
86,s2_wifi_degraded,9.544593459510066,2.7077556794947983,True,False,False,graph_diffusion_1,29,7.623354915402802,1.5675873030488208,0.3823894717609963
86,s2_wifi_degraded,9.544593459510066,2.7077556794947983,True,False,False,graph_diffusion_3,29,7.567973588840503,1.6171527615217145,0.24362735661365623
86,s2_wifi_degraded,9.544593459510066,2.7077556794947983,True,False,False,laplacian,29,7.6122056142066,1.5818726589524683,0.3915514918617768
87,s2_wifi_degraded,9.633379023943917,3.061085408030138,True,False,False,static_raw,39,7.877714435750462,2.146381588075675,0.5000036323305507
87,s2_wifi_degraded,9.633379023943917,3.061085408030138,True,False,False,graph_diffusion_1,39,7.836992127610145,2.1631913769212767,0.38082317604575583
87,s2_wifi_degraded,9.633379023943917,3.061085408030138,True,False,False,graph_diffusion_3,39,7.765474543246222,2.1970758674540285,0.24199721462905713
87,s2_wifi_degraded,9.633379023943917,3.061085408030138,True,False,False,laplacian,39,7.8318652914260065,2.1806003854655023,0.39155312763951394
88,s2_wifi_degraded,9.752600157839524,3.198956190033732,True,False,False,static_raw,39,9.348909793028927,4.863258540918492,0.5001295058866928
88,s2_wifi_degraded,9.752600157839524,3.198956190033732,True,False,False,graph_diffusion_1,39,9.289167261288778,4.867347091190929,0.3833553977030279
88,s2_wifi_degraded,9.752600157839524,3.198956190033732,True,False,False,graph_diffusion_3,39,9.178428202275473,4.873719406064641,0.24891714264133
88,s2_wifi_degraded,9.752600157839524,3.198956190033732,True,False,False,laplacian,39,9.265864154133597,4.862308185251799,0.393787426374142
89,s2_wifi_degraded,9.40578903862998,2.8552477628804214,True,False,False,static_raw,29,9.493613522577235,2.5791542327532975,0.9170103372147148
89,s2_wifi_degraded,9.40578903862998,2.8552477628804214,True,False,False,graph_diffusion_1,29,9.430071715868902,2.579185312579117,0.708987313318712
89,s2_wifi_degraded,9.40578903862998,2.8552477628804214,True,False,False,graph_diffusion_3,29,9.312831173285119,2.563710701962137,0.4587637152427116
89,s2_wifi_degraded,9.40578903862998,2.8552477628804214,True,False,False,laplacian,29,9.402540361079257,2.579762920354385,0.7229805993753006
90,s2_wifi_degraded,9.127964250423506,2.698331211248074,True,False,False,static_raw,29,5.95509056567027,2.0434996181800464,0.4999999999510002
90,s2_wifi_degraded,9.127964250423506,2.698331211248074,True,False,False,graph_diffusion_1,29,5.8667912087532414,2.0386164001768896,0.3769761869335526
90,s2_wifi_degraded,9.127964250423506,2.698331211248074,True,False,False,graph_diffusion_3,29,5.72770409240475,2.029136219651269,0.23436159208555415
90,s2_wifi_degraded,9.127964250423506,2.698331211248074,True,False,False,laplacian,29,5.910495419609847,2.0541896492425633,0.3915400586017886
91,s2_wifi_degraded,8.800406594259712,2.6051004251712406,True,False,False,static_raw,28,8.956200796739466,2.930128522554621,0.5054663753666249
91,s2_wifi_degraded,8.800406594259712,2.6051004251712406,True,False,False,graph_diffusion_1,28,8.92789483562567,2.9217690186828906,0.38478005404279375
91,s2_wifi_degraded,8.800406594259712,2.6051004251712406,True,False,False,graph_diffusion_3,28,8.869164131087228,2.9028920200605475,0.24956433916633294
91,s2_wifi_degraded,8.800406594259712,2.6051004251712406,True,False,False,laplacian,28,8.909456893794639,2.930946252915996,0.3776305688665277
92,s2_wifi_degraded,8.550281299097398,2.456641319624944,True,False,False,static_raw,28,8.704130771778683,2.7275717273366324,0.5925589970353937
92,s2_wifi_degraded,8.550281299097398,2.456641319624944,True,False,False,graph_diffusion_1,28,8.694882472500712,2.7247093761856496,0.4560505714266547
92,s2_wifi_degraded,8.550281299097398,2.456641319624944,True,False,False,graph_diffusion_3,28,8.666818476755989,2.7131755879271915,0.2953508635939671
92,s2_wifi_degraded,8.550281299097398,2.456641319624944,True,False,False,laplacian,28,8.675037631150634,2.7284153044990282,0.4477242609593188
93,s2_wifi_degraded,8.206258987477604,2.220074095586588,True,False,False,static_raw,28,8.807485723381445,2.461993447753417,0.6632546594905385
93,s2_wifi_degraded,8.206258987477604,2.220074095586588,True,False,False,graph_diffusion_1,28,8.793101671638809,2.4614950037009162,0.5123259591268755
93,s2_wifi_degraded,8.206258987477604,2.220074095586588,True,False,False,graph_diffusion_3,28,8.756830693631002,2.452840658272954,0.330809533631491
93,s2_wifi_degraded,8.206258987477604,2.220074095586588,True,False,False,laplacian,28,8.773308302519883,2.4634010789515735,0.5018239878347406
94,s2_wifi_degraded,7.989681515495209,2.1664204126445497,True,False,False,static_raw,28,7.713400925205881,2.084844634941836,0.500511768979084
94,s2_wifi_degraded,7.989681515495209,2.1664204126445497,True,False,False,graph_diffusion_1,28,7.730800815233749,2.1071906753391887,0.3753484575230147
94,s2_wifi_degraded,7.989681515495209,2.1664204126445497,True,False,False,graph_diffusion_3,28,7.748714718045483,2.1422609220801903,0.23211256926342494
94,s2_wifi_degraded,7.989681515495209,2.1664204126445497,True,False,False,laplacian,28,7.7031736065985355,2.107491781692608,0.36823126460456856
95,s2_wifi_degraded,7.820856477729749,2.216688844603764,True,False,False,static_raw,27,8.131802055151082,1.6106609526234985,0.4811906134660946
95,s2_wifi_degraded,7.820856477729749,2.216688844603764,True,False,False,graph_diffusion_1,27,8.128759513422407,1.6335203518618282,0.3610003345310971
95,s2_wifi_degraded,7.820856477729749,2.216688844603764,True,False,False,graph_diffusion_3,27,8.108599017461144,1.6848210503668537,0.22269362832635922
95,s2_wifi_degraded,7.820856477729749,2.216688844603764,True,False,False,laplacian,27,8.116574680588888,1.6460561837140548,0.3530926231384545
96,s2_wifi_degraded,7.438849577500529,2.091977264871964,True,False,False,static_raw,27,7.4881837564575315,1.771620929234986,0.4986999089881124
96,s2_wifi_degraded,7.438849577500529,2.091977264871964,True,False,False,graph_diffusion_1,27,7.488727175130554,1.7851029921654769,0.3895405339878865
96,s2_wifi_degraded,7.438849577500529,2.091977264871964,True,False,False,graph_diffusion_3,27,7.497834982781651,1.81060931062598,0.2555313180074828
96,s2_wifi_degraded,7.438849577500529,2.091977264871964,True,False,False,laplacian,27,7.487447003523141,1.7952094598097468,0.3785078875557059
97,s2_wifi_degraded,7.303823403549243,2.032738937171799,True,False,False,static_raw,27,7.686235371891145,2.5669393000852203,0.6665525719611893
97,s2_wifi_degraded,7.303823403549243,2.032738937171799,True,False,False,graph_diffusion_1,27,7.6880725823201495,2.566589827059444,0.5103265821779681
97,s2_wifi_degraded,7.303823403549243,2.032738937171799,True,False,False,graph_diffusion_3,27,7.692202813705223,2.561276819300494,0.3229585766185713
97,s2_wifi_degraded,7.303823403549243,2.032738937171799,True,False,False,laplacian,27,7.6812908318609505,2.5689345079106793,0.49755220464813915
98,s2_wifi_degraded,7.052510845305025,1.9258529473001484,False,False,False,static_raw,17,7.2931095507291825,1.576562725879391,0.5562610284314514
98,s2_wifi_degraded,7.052510845305025,1.9258529473001484,False,False,False,graph_diffusion_1,17,7.295300233151571,1.574167273117339,0.4278465048480336
98,s2_wifi_degraded,7.052510845305025,1.9258529473001484,False,False,False,graph_diffusion_3,17,7.304043563993194,1.582792358495368,0.2772236749328717
98,s2_wifi_degraded,7.052510845305025,1.9258529473001484,False,False,False,laplacian,17,7.2913842817619114,1.5948101828794112,0.4208194691808866
99,s2_wifi_degraded,6.623312112175848,1.726390708485309,False,False,False,static_raw,16,6.859482051897805,1.9273138491268154,0.5825774281142494
99,s2_wifi_degraded,6.623312112175848,1.726390708485309,False,False,False,graph_diffusion_1,16,6.856952738692229,1.9146794220612624,0.4398249878765529
99,s2_wifi_degraded,6.623312112175848,1.726390708485309,False,False,False,graph_diffusion_3,16,6.854710426290647,1.9063531803002145,0.27639728488923465
99,s2_wifi_degraded,6.623312112175848,1.726390708485309,False,False,False,laplacian,16,6.857500100794768,1.9362906392473949,0.4338194228054108
0,s3_vlp_blocked,7.708518498956285,6.537185189018777,False,False,False,static_raw,67,7.666904983907695,6.577964939270211,0.5828144544333597
0,s3_vlp_blocked,7.708518498956285,6.537185189018777,False,False,False,graph_diffusion_1,67,7.668414896275327,6.58063991530892,0.4465804747599829
0,s3_vlp_blocked,7.708518498956285,6.537185189018777,False,False,False,graph_diffusion_3,67,7.670516596627546,6.584672804068873,0.2845786485533252
0,s3_vlp_blocked,7.708518498956285,6.537185189018777,False,False,False,laplacian,67,7.659632306839391,6.576756936511204,0.43564908556105625
1,s3_vlp_blocked,7.762228944549189,6.781375783910273,False,False,False,static_raw,67,8.031202410020487,5.843269008232165,0.5020909675623839
1,s3_vlp_blocked,7.762228944549189,6.781375783910273,False,False,False,graph_diffusion_1,67,8.01774912381144,5.8429450646975125,0.3801896314318297
1,s3_vlp_blocked,7.762228944549189,6.781375783910273,False,False,False,graph_diffusion_3,67,7.993648729189073,5.8439029646441725,0.23776650796886908
1,s3_vlp_blocked,7.762228944549189,6.781375783910273,False,False,False,laplacian,67,8.011036563845952,5.8432201628010985,0.37043776899299663
2,s3_vlp_blocked,7.839130958677583,7.167874595498286,False,False,False,static_raw,77,7.891153709472951,7.097518536837964,0.5152440597697631
2,s3_vlp_blocked,7.839130958677583,7.167874595498286,False,False,False,graph_diffusion_1,77,7.886257771984082,7.09816095881165,0.39268765345526596
2,s3_vlp_blocked,7.839130958677583,7.167874595498286,False,False,False,graph_diffusion_3,77,7.875467138189666,7.103153484114601,0.24833232060699637
2,s3_vlp_blocked,7.839130958677583,7.167874595498286,False,False,False,laplacian,77,7.877135853209716,7.095660694941682,0.3834296237054719
3,s3_vlp_blocked,7.94346543019908,7.5103051184045535,False,False,False,static_raw,77,6.959756317011132,7.20242866630611,0.5680240855242983
3,s3_vlp_blocked,7.94346543019908,7.5103051184045535,False,False,False,graph_diffusion_1,77,6.961594292035274,7.203703977457862,0.433199754576988
3,s3_vlp_blocked,7.94346543019908,7.5103051184045535,False,False,False,graph_diffusion_3,77,6.969914121714427,7.2101675733332025,0.2729904159609687
3,s3_vlp_blocked,7.94346543019908,7.5103051184045535,False,False,False,laplacian,77,6.958832867275701,7.20056731382025,0.4221081508256778
4,s3_vlp_blocked,7.999186140694022,7.623886621271602,False,False,False,static_raw,78,8.008465980063098,7.385908138568216,0.32773108381734517
4,s3_vlp_blocked,7.999186140694022,7.623886621271602,False,False,False,graph_diffusion_1,78,8.017188896915144,7.388415711865397,0.2704748585989829
4,s3_vlp_blocked,7.999186140694022,7.623886621271602,False,False,False,graph_diffusion_3,78,8.02280614809645,7.394146756398398,0.19505593335577034
4,s3_vlp_blocked,7.999186140694022,7.623886621271602,False,False,False,laplacian,78,7.998431568724202,7.3819642615154155,0.2638199150552906
5,s3_vlp_blocked,8.226562675373907,7.955827377167044,False,False,False,static_raw,88,8.700335965682859,7.802289169887002,0.5120289612226314
5,s3_vlp_blocked,8.226562675373907,7.955827377167044,False,False,False,graph_diffusion_1,88,8.684343111206921,7.826339476463111,0.38341021610772635
5,s3_vlp_blocked,8.226562675373907,7.955827377167044,False,False,False,graph_diffusion_3,88,8.64946430157102,7.857510798344394,0.23993432969227166
5,s3_vlp_blocked,8.226562675373907,7.955827377167044,False,False,False,laplacian,88,8.666387845024015,7.79455017960391,0.38096490184409065
6,s3_vlp_blocked,8.280648608306477,8.135508799595996,False,False,False,static_raw,88,7.939150904990098,8.288121928542463,0.5428905971125658
6,s3_vlp_blocked,8.280648608306477,8.135508799595996,False,False,False,graph_diffusion_1,88,7.963469666667617,8.298563152068283,0.4076131091236396
6,s3_vlp_blocked,8.280648608306477,8.135508799595996,False,False,False,graph_diffusion_3,88,7.994174309088565,8.30596470161824,0.25578774894474066
6,s3_vlp_blocked,8.280648608306477,8.135508799595996,False,False,False,laplacian,88,7.933248323042491,8.27345906896033,0.4069078737510054
7,s3_vlp_blocked,8.426531854440203,8.334139776009467,False,False,False,static_raw,88,8.713409914760351,8.086568069525981,0.5441572855429699
7,s3_vlp_blocked,8.426531854440203,8.334139776009467,False,False,False,graph_diffusion_1,88,8.701610616353502,8.102290238311419,0.4101652700484064
7,s3_vlp_blocked,8.426531854440203,8.334139776009467,False,False,False,graph_diffusion_3,88,8.672193139536253,8.118547477639623,0.25965784992032936
7,s3_vlp_blocked,8.426531854440203,8.334139776009467,False,False,False,laplacian,88,8.683535640214266,8.07548428035548,0.40833264560539634
8,s3_vlp_blocked,8.640813839766498,8.694587576233882,False,False,False,static_raw,88,7.94311294138681,7.935226018623712,0.5513770047133976
8,s3_vlp_blocked,8.640813839766498,8.694587576233882,False,False,False,graph_diffusion_1,88,7.964621542312803,7.956232779690457,0.4109792662914874
8,s3_vlp_blocked,8.640813839766498,8.694587576233882,False,False,False,graph_diffusion_3,88,7.989312165660049,7.981000805324174,0.25392494029891205
8,s3_vlp_blocked,8.640813839766498,8.694587576233882,False,False,False,laplacian,88,7.933544591689771,7.926276081465494,0.4103651744396248
9,s3_vlp_blocked,8.773434572913224,8.991156753090223,False,False,False,static_raw,98,8.625643186462124,8.744845214259842,0.512095392137592
9,s3_vlp_blocked,8.773434572913224,8.991156753090223,False,False,False,graph_diffusion_1,98,8.620528101924107,8.715359704200045,0.3913447665008305
9,s3_vlp_blocked,8.773434572913224,8.991156753090223,False,False,False,graph_diffusion_3,98,8.58069071270453,8.640926056110963,0.263040895167462
9,s3_vlp_blocked,8.773434572913224,8.991156753090223,False,False,False,laplacian,98,8.589313701907571,8.687776144777445,0.40940987137494456
10,s3_vlp_blocked,8.969081214365445,9.315966535180728,False,False,False,static_raw,98,6.682916410880785,8.614125500197572,0.50865320730235
10,s3_vlp_blocked,8.969081214365445,9.315966535180728,False,False,False,graph_diffusion_1,98,6.7124491106933455,8.588589246103536,0.3801099802073873
10,s3_vlp_blocked,8.969081214365445,9.315966535180728,False,False,False,graph_diffusion_3,98,6.707084497631323,8.518935927518381,0.24366449868891574
10,s3_vlp_blocked,8.969081214365445,9.315966535180728,False,False,False,laplacian,98,6.678267253661086,8.560307885160771,0.40209693862180185
11,s3_vlp_blocked,9.158262661443551,9.76651178862036,False,False,False,static_raw,99,8.752347795032565,9.03009335407101,0.5370350283102099
11,s3_vlp_blocked,9.158262661443551,9.76651178862036,False,False,False,graph_diffusion_1,99,8.67190554120164,8.952428765879159,0.43635121852875985
11,s3_vlp_blocked,9.158262661443551,9.76651178862036,False,False,False,graph_diffusion_3,99,8.546407783870963,8.825874689808634,0.31368880040680214
11,s3_vlp_blocked,9.158262661443551,9.76651178862036,False,False,False,laplacian,99,8.696339832160646,8.965124142129767,0.4638990612937734
12,s3_vlp_blocked,9.226935916965898,9.928675601070118,False,False,False,static_raw,99,8.754845798274355,9.186355034062512,0.6612808810683954
12,s3_vlp_blocked,9.226935916965898,9.928675601070118,False,False,False,graph_diffusion_1,99,8.665468023155336,9.105622350548263,0.544859507316124
12,s3_vlp_blocked,9.226935916965898,9.928675601070118,False,False,False,graph_diffusion_3,99,8.521349332059081,8.97024514455946,0.3950510583995243
12,s3_vlp_blocked,9.226935916965898,9.928675601070118,False,False,False,laplacian,99,8.684678225065984,9.11449760069672,0.5697066599719219
13,s3_vlp_blocked,9.28457534064934,9.54739973958025,False,False,False,static_raw,99,8.145809348787694,9.227447904579037,0.6461121280452601
13,s3_vlp_blocked,9.28457534064934,9.54739973958025,False,False,False,graph_diffusion_1,99,8.046852840177174,9.146277402437587,0.5300024805318533
13,s3_vlp_blocked,9.28457534064934,9.54739973958025,False,False,False,graph_diffusion_3,99,7.895894070406159,9.009313859181573,0.38085823912827044
13,s3_vlp_blocked,9.28457534064934,9.54739973958025,False,False,False,laplacian,99,8.085313804049989,9.153588812395064,0.5549229344161744
14,s3_vlp_blocked,9.55154708556551,9.187880405968292,False,False,False,static_raw,99,9.270104892814881,8.131279188191789,0.5120338257783338
14,s3_vlp_blocked,9.55154708556551,9.187880405968292,False,False,False,graph_diffusion_1,99,9.195197209391356,8.031434826125054,0.40709070157273197
14,s3_vlp_blocked,9.55154708556551,9.187880405968292,False,False,False,graph_diffusion_3,99,9.068092049766285,7.886175358260247,0.27933408405458715
14,s3_vlp_blocked,9.55154708556551,9.187880405968292,False,False,False,laplacian,99,9.194589121501211,8.083538711929389,0.43572952809328486
15,s3_vlp_blocked,9.66616567574389,8.964158259736895,False,True,False,static_raw,99,9.321027575966816,8.917208640489946,0.6081786005599901
15,s3_vlp_blocked,9.66616567574389,8.964158259736895,False,True,False,graph_diffusion_1,99,9.243806135307766,8.837081795420335,0.5002021683975709
15,s3_vlp_blocked,9.66616567574389,8.964158259736895,False,True,False,graph_diffusion_3,99,9.110942202951799,8.708310130697068,0.36373336744736673
15,s3_vlp_blocked,9.66616567574389,8.964158259736895,False,True,False,laplacian,99,9.24258982752356,8.855917876314718,0.5253870562740541
16,s3_vlp_blocked,9.783739284953958,8.603729760291959,False,True,False,static_raw,99,9.386277203788962,9.085620969339962,0.6781331321361519
16,s3_vlp_blocked,9.783739284953958,8.603729760291959,False,True,False,graph_diffusion_1,99,9.306336675661436,9.005211761657115,0.5607605501818609
16,s3_vlp_blocked,9.783739284953958,8.603729760291959,False,True,False,graph_diffusion_3,99,9.16731948892132,8.872473673788926,0.4092332627254714
16,s3_vlp_blocked,9.783739284953958,8.603729760291959,False,True,False,laplacian,99,9.303118119294968,9.01811342440062,0.5851309549862675
17,s3_vlp_blocked,9.816728934060924,8.290196131329282,False,True,False,static_raw,99,8.191329033575487,7.872258641895538,0.5048486048948649
17,s3_vlp_blocked,9.816728934060924,8.290196131329282,False,True,False,graph_diffusion_1,99,8.084469938586272,7.757021872404044,0.397111700593659
17,s3_vlp_blocked,9.816728934060924,8.290196131329282,False,True,False,graph_diffusion_3,99,7.925142308344779,7.590587123693782,0.26599514944824615
17,s3_vlp_blocked,9.816728934060924,8.290196131329282,False,True,False,laplacian,99,8.136639438356632,7.825211992015007,0.42781066447813193
18,s3_vlp_blocked,9.898369940505676,8.170920930516099,False,True,False,static_raw,99,9.177674207730076,8.936105562599362,0.6023043720755921
18,s3_vlp_blocked,9.898369940505676,8.170920930516099,False,True,False,graph_diffusion_1,99,9.098015300818062,8.855514315636832,0.494467118552678
18,s3_vlp_blocked,9.898369940505676,8.170920930516099,False,True,False,graph_diffusion_3,99,8.964028679471362,8.725710648149807,0.3585819557484026
18,s3_vlp_blocked,9.898369940505676,8.170920930516099,False,True,False,laplacian,99,9.103125055030493,8.87409684001019,0.5201400691658447
19,s3_vlp_blocked,9.760036529571131,8.31653053319644,False,True,False,static_raw,89,6.224500486621279,8.857955462965666,0.5193327479756189
19,s3_vlp_blocked,9.760036529571131,8.31653053319644,False,True,False,graph_diffusion_1,89,6.3137530166160145,8.83306728454344,0.4011113289048861
19,s3_vlp_blocked,9.760036529571131,8.31653053319644,False,True,False,graph_diffusion_3,89,6.383776075714349,8.770459667703143,0.26899177171481425
19,s3_vlp_blocked,9.760036529571131,8.31653053319644,False,True,False,laplacian,89,6.196911548551807,8.818683361267114,0.4128277254167797
20,s3_vlp_blocked,9.637633694040824,8.49751598572513,False,True,False,static_raw,55,6.736331505973147,6.2569096612938395,0.5127685008341665
20,s3_vlp_blocked,9.637633694040824,8.49751598572513,False,True,False,graph_diffusion_1,55,6.734185382322903,6.260117950035954,0.3856394474789888
20,s3_vlp_blocked,9.637633694040824,8.49751598572513,False,True,False,graph_diffusion_3,55,6.725561075974907,6.262950473867105,0.23700597232628934
20,s3_vlp_blocked,9.637633694040824,8.49751598572513,False,True,False,laplacian,55,6.723539761364206,6.253686319572438,0.3762221373307238
21,s3_vlp_blocked,9.488164788775736,8.737066335022115,False,True,False,static_raw,89,9.390907957996998,8.307476835815121,0.6274757302094482
21,s3_vlp_blocked,9.488164788775736,8.737066335022115,False,True,False,graph_diffusion_1,89,9.33332500397913,8.320504870067177,0.4885876662271537
21,s3_vlp_blocked,9.488164788775736,8.737066335022115,False,True,False,graph_diffusion_3,89,9.219617157260782,8.307525174327683,0.3348793034960509
21,s3_vlp_blocked,9.488164788775736,8.737066335022115,False,True,False,laplacian,89,9.307934673991202,8.29100369159249,0.5072799654358349
22,s3_vlp_blocked,9.401483371555605,8.971936242221727,False,True,False,static_raw,98,7.949508823474817,8.990838739395537,0.5775664118377666
22,s3_vlp_blocked,9.401483371555605,8.971936242221727,False,True,False,graph_diffusion_1,98,7.967205287654355,8.95185039437565,0.4394428683276096
22,s3_vlp_blocked,9.401483371555605,8.971936242221727,False,True,False,graph_diffusion_3,98,7.956526201634874,8.864039651558038,0.29154669265537697
22,s3_vlp_blocked,9.401483371555605,8.971936242221727,False,True,False,laplacian,98,7.933463145517818,8.926829521175966,0.46201908513336953
23,s3_vlp_blocked,9.373588623793506,9.260353868533857,False,True,False,static_raw,55,7.264018037214185,6.896366760908016,0.5001649135860121
23,s3_vlp_blocked,9.373588623793506,9.260353868533857,False,True,False,graph_diffusion_1,55,7.234708725546811,6.8792065856447895,0.3764861651607754
23,s3_vlp_blocked,9.373588623793506,9.260353868533857,False,True,False,graph_diffusion_3,55,7.179621673040949,6.84572757564539,0.23100455849265986
23,s3_vlp_blocked,9.373588623793506,9.260353868533857,False,True,False,laplacian,55,7.233980799242907,6.881530563868171,0.36496528441662984
24,s3_vlp_blocked,9.127375220319832,9.429716922223497,False,True,False,static_raw,89,7.78178835138646,8.754731014102695,0.515485782157482
24,s3_vlp_blocked,9.127375220319832,9.429716922223497,False,True,False,graph_diffusion_1,89,7.766899951407243,8.737512149714595,0.4057885758243187
24,s3_vlp_blocked,9.127375220319832,9.429716922223497,False,True,False,graph_diffusion_3,89,7.709504519807679,8.685183907190446,0.2826050133925213
24,s3_vlp_blocked,9.127375220319832,9.429716922223497,False,True,False,laplacian,89,7.727858650377807,8.719802858692816,0.41827519732879076
25,s3_vlp_blocked,8.726509377545842,9.486750180536124,False,True,False,static_raw,98,8.279509922071146,8.801030367640157,0.5229127430182736
25,s3_vlp_blocked,8.726509377545842,9.486750180536124,False,True,False,graph_diffusion_1,98,8.30236604736336,8.772787569796622,0.39756266309636173
25,s3_vlp_blocked,8.726509377545842,9.486750180536124,False,True,False,graph_diffusion_3,98,8.30322438100039,8.700979486448276,0.26474040185114095
25,s3_vlp_blocked,8.726509377545842,9.486750180536124,False,True,False,laplacian,98,8.267534080958471,8.7460115550862,0.41947082875610886
26,s3_vlp_blocked,8.556615925716626,9.685615586341887,False,True,False,static_raw,55,7.130305851726096,7.306892148197451,0.5000029692527729
26,s3_vlp_blocked,8.556615925716626,9.685615586341887,False,True,False,graph_diffusion_1,55,7.098754896555918,7.26717695879615,0.3776123038399733
26,s3_vlp_blocked,8.556615925716626,9.685615586341887,False,True,False,graph_diffusion_3,55,7.040673626097789,7.195257827539326,0.23294681767442027
26,s3_vlp_blocked,8.556615925716626,9.685615586341887,False,True,False,laplacian,55,7.106764338694117,7.27478760604378,0.3647922539504792
27,s3_vlp_blocked,8.275272196622463,9.90949250147166,False,True,False,static_raw,55,6.498287973971148,7.172001165424013,0.500186373258243
27,s3_vlp_blocked,8.275272196622463,9.90949250147166,False,True,False,graph_diffusion_1,55,6.487950338486293,7.151368548229161,0.37539963878346905
27,s3_vlp_blocked,8.275272196622463,9.90949250147166,False,True,False,graph_diffusion_3,55,6.46481010542742,7.1075918477115,0.2295578127435558
27,s3_vlp_blocked,8.275272196622463,9.90949250147166,False,True,False,laplacian,55,6.484686219445487,7.146738301507019,0.3649809420353038
28,s3_vlp_blocked,8.516464193829812,9.620395436542294,False,True,False,static_raw,89,7.422120026011334,8.10075707478726,0.5002199920765024
28,s3_vlp_blocked,8.516464193829812,9.620395436542294,False,True,False,graph_diffusion_1,89,7.4102717360105,8.123000803759314,0.37129483467582225
28,s3_vlp_blocked,8.516464193829812,9.620395436542294,False,True,False,graph_diffusion_3,89,7.347200326123367,8.123437499443623,0.23416827506942253
28,s3_vlp_blocked,8.516464193829812,9.620395436542294,False,True,False,laplacian,89,7.376221683065645,8.08987036042124,0.3926354968755937
29,s3_vlp_blocked,8.726745769238578,9.594339738596462,False,True,False,static_raw,98,8.846934859209249,9.358558383789182,0.5797146815701499
29,s3_vlp_blocked,8.726745769238578,9.594339738596462,False,True,False,graph_diffusion_1,98,8.82337269279332,9.297307790339344,0.4655336085937198
29,s3_vlp_blocked,8.726745769238578,9.594339738596462,False,True,False,graph_diffusion_3,98,8.76197905343595,9.179224950038003,0.3341028098543137
29,s3_vlp_blocked,8.726745769238578,9.594339738596462,False,True,False,laplacian,98,8.806950936292225,9.277339822278385,0.47551142585586703
30,s3_vlp_blocked,8.943827322619104,9.579744922705936,False,False,False,static_raw,99,9.02656761409498,9.02658544516001,0.6369142805171423
30,s3_vlp_blocked,8.943827322619104,9.579744922705936,False,False,False,graph_diffusion_1,99,8.942059847276386,8.945727664565949,0.524116993550095
30,s3_vlp_blocked,8.943827322619104,9.579744922705936,False,False,False,graph_diffusion_3,99,8.801497864857602,8.813540559358348,0.38006343359439043
30,s3_vlp_blocked,8.943827322619104,9.579744922705936,False,False,False,laplacian,99,8.950960288063062,8.961201298582736,0.5490926433429855
31,s3_vlp_blocked,9.351601400735191,9.795243901577573,False,False,False,static_raw,99,6.0724121944338325,8.848323752063157,0.5088058597670434
31,s3_vlp_blocked,9.351601400735191,9.795243901577573,False,False,False,graph_diffusion_1,99,5.875668286292335,8.766402083772483,0.4001661324693165
31,s3_vlp_blocked,9.351601400735191,9.795243901577573,False,False,False,graph_diffusion_3,99,5.610570314285292,8.636785709594715,0.26796897501849387
31,s3_vlp_blocked,9.351601400735191,9.795243901577573,False,False,False,laplacian,99,6.0378733540318645,8.788581366636484,0.4314779758055392
32,s3_vlp_blocked,9.577016681956424,9.919176372465715,False,False,False,static_raw,99,8.669813220244706,9.249560212345763,0.5387312816896792
32,s3_vlp_blocked,9.577016681956424,9.919176372465715,False,False,False,graph_diffusion_1,99,8.590448481724163,9.173749762675266,0.44205661177137084
32,s3_vlp_blocked,9.577016681956424,9.919176372465715,False,False,False,graph_diffusion_3,99,8.467266898982468,9.044710660963583,0.32291389180404856
32,s3_vlp_blocked,9.577016681956424,9.919176372465715,False,False,False,laplacian,99,8.616306740274538,9.17487230632211,0.4671337746451233
33,s3_vlp_blocked,9.147990241252389,9.767587766470918,False,False,False,static_raw,99,8.909479852963754,9.122328964101126,0.6265263021871377
33,s3_vlp_blocked,9.147990241252389,9.767587766470918,False,False,False,graph_diffusion_1,99,8.823134627281386,9.042738831612535,0.516070019362806
33,s3_vlp_blocked,9.147990241252389,9.767587766470918,False,False,False,graph_diffusion_3,99,8.683093472635921,8.910526051552587,0.3755171917945037
33,s3_vlp_blocked,9.147990241252389,9.767587766470918,False,False,False,laplacian,99,8.839934077957984,9.053446684947506,0.5413680883325022
34,s3_vlp_blocked,8.966209639861209,9.397254516581212,False,False,False,static_raw,98,7.186551982350678,9.13897915870771,0.5795600847147077
34,s3_vlp_blocked,8.966209639861209,9.397254516581212,False,False,False,graph_diffusion_1,98,7.215059799807214,9.095021259456951,0.43903141584565475
34,s3_vlp_blocked,8.966209639861209,9.397254516581212,False,False,False,graph_diffusion_3,98,7.215561337428511,9.00013356899562,0.28846493008885227
34,s3_vlp_blocked,8.966209639861209,9.397254516581212,False,False,False,laplacian,98,7.178969804256309,9.069432986542564,0.4622117285407007
35,s3_vlp_blocked,8.92197380793632,9.185323746168985,False,False,False,static_raw,98,8.715202011395776,9.064720671631768,0.5320148237322643
35,s3_vlp_blocked,8.92197380793632,9.185323746168985,False,False,False,graph_diffusion_1,98,8.706556922557162,9.024144580696415,0.4134817445179915
35,s3_vlp_blocked,8.92197380793632,9.185323746168985,False,False,False,graph_diffusion_3,98,8.662576869962223,8.934757845167326,0.28664862693957505
35,s3_vlp_blocked,8.92197380793632,9.185323746168985,False,False,False,laplacian,98,8.67953003651629,9.000429889890086,0.43104585407168294
36,s3_vlp_blocked,8.914109042937588,8.939758011878457,False,False,False,static_raw,98,8.75769279903259,8.247363690243917,0.5064898008982234
36,s3_vlp_blocked,8.914109042937588,8.939758011878457,False,False,False,graph_diffusion_1,98,8.754948456749073,8.231230633157075,0.37944425840565155
36,s3_vlp_blocked,8.914109042937588,8.939758011878457,False,False,False,graph_diffusion_3,98,8.720228052776434,8.173416809924996,0.24487898843223177
36,s3_vlp_blocked,8.914109042937588,8.939758011878457,False,False,False,laplacian,98,8.724761139977247,8.198684606121674,0.39972830350886557
37,s3_vlp_blocked,9.07928845907877,8.665910920697108,False,False,False,static_raw,89,9.245243905244758,8.5091117617161,0.5781208712309661
37,s3_vlp_blocked,9.07928845907877,8.665910920697108,False,False,False,graph_diffusion_1,89,9.197494491963527,8.512777732715099,0.450086859508273
37,s3_vlp_blocked,9.07928845907877,8.665910920697108,False,False,False,graph_diffusion_3,89,9.09790243135831,8.486270632553158,0.3111862418260327
37,s3_vlp_blocked,9.07928845907877,8.665910920697108,False,False,False,laplacian,89,9.172615913458273,8.485064534740232,0.4689431706258878
38,s3_vlp_blocked,9.268317079915311,8.479283196707053,False,False,False,static_raw,89,8.305964330806159,8.092609515673633,0.5207496764805015
38,s3_vlp_blocked,9.268317079915311,8.479283196707053,False,False,False,graph_diffusion_1,89,8.283354076357696,8.115025078782313,0.39209528192230053
38,s3_vlp_blocked,9.268317079915311,8.479283196707053,False,False,False,graph_diffusion_3,89,8.214995655924282,8.113235571759047,0.2561348827903576
38,s3_vlp_blocked,9.268317079915311,8.479283196707053,False,False,False,laplacian,89,8.254438109212593,8.080739024635342,0.41436361221130347
39,s3_vlp_blocked,9.629151173072932,8.405680386891111,False,False,False,static_raw,89,8.854352771117835,8.288034160279267,0.5316964562622493
39,s3_vlp_blocked,9.629151173072932,8.405680386891111,False,False,False,graph_diffusion_1,89,8.827066393042642,8.306522697370783,0.4033781203233809
39,s3_vlp_blocked,9.629151173072932,8.405680386891111,False,False,False,graph_diffusion_3,89,8.756544960913793,8.300095693754518,0.26816433312868637
39,s3_vlp_blocked,9.629151173072932,8.405680386891111,False,False,False,laplacian,89,8.799129249000794,8.273185524998834,0.4259362795190993
40,s3_vlp_blocked,9.137911967096755,8.357214530377181,False,False,False,static_raw,89,9.150184021282325,8.003003863013218,0.5555378595079582
40,s3_vlp_blocked,9.137911967096755,8.357214530377181,False,False,False,graph_diffusion_1,89,9.109056017304344,8.02783114809132,0.42393374637953907
40,s3_vlp_blocked,9.137911967096755,8.357214530377181,False,False,False,graph_diffusion_3,89,9.019440748234146,8.029776469435426,0.2833718325077324
40,s3_vlp_blocked,9.137911967096755,8.357214530377181,False,False,False,laplacian,89,9.082667103268193,7.993728015752535,0.4456509030407112
41,s3_vlp_blocked,8.850804346095984,8.419767971950433,False,False,False,static_raw,88,8.124774070777208,8.609939962517592,0.5641599334324902
41,s3_vlp_blocked,8.850804346095984,8.419767971950433,False,False,False,graph_diffusion_1,88,8.1471629301233,8.605298021904158,0.42559419478785454
41,s3_vlp_blocked,8.850804346095984,8.419767971950433,False,False,False,graph_diffusion_3,88,8.172974049601766,8.587179506938321,0.2699504460379871
41,s3_vlp_blocked,8.850804346095984,8.419767971950433,False,False,False,laplacian,88,8.117653176111494,8.584457143124666,0.42484138079569117
42,s3_vlp_blocked,8.608468710412893,8.558343031691317,False,False,False,static_raw,88,7.749909468634167,7.810556056390748,0.5326169994998664
42,s3_vlp_blocked,8.608468710412893,8.558343031691317,False,False,False,graph_diffusion_1,88,7.777134653539557,7.8350249407930574,0.3955236879820477
42,s3_vlp_blocked,8.608468710412893,8.558343031691317,False,False,False,graph_diffusion_3,88,7.8122321817966185,7.866355070832232,0.24257466152848953
42,s3_vlp_blocked,8.608468710412893,8.558343031691317,False,False,False,laplacian,88,7.74341937290185,7.803526214691759,0.39465059552689
43,s3_vlp_blocked,8.31237088540844,8.610789569269624,False,False,False,static_raw,88,6.300031690147351,8.044380772757659,0.5125712748971396
43,s3_vlp_blocked,8.31237088540844,8.610789569269624,False,False,False,graph_diffusion_1,88,6.345038464079287,8.062248597075525,0.37763566701712964
43,s3_vlp_blocked,8.31237088540844,8.610789569269624,False,False,False,graph_diffusion_3,88,6.409969398589923,8.082051584531028,0.22748899523284022
43,s3_vlp_blocked,8.31237088540844,8.610789569269624,False,False,False,laplacian,88,6.29726710674615,8.033402538960521,0.3766864219344442
44,s3_vlp_blocked,7.876973615803656,8.676310108296393,False,False,False,static_raw,87,7.78154212835364,8.577259067272077,0.537660091435027
44,s3_vlp_blocked,7.876973615803656,8.676310108296393,False,False,False,graph_diffusion_1,87,7.779704657446924,8.574300058433973,0.4084137230433677
44,s3_vlp_blocked,7.876973615803656,8.676310108296393,False,False,False,graph_diffusion_3,87,7.7725895742195705,8.553336435360235,0.2606322753739887
44,s3_vlp_blocked,7.876973615803656,8.676310108296393,False,False,False,laplacian,87,7.771481758219247,8.5525352822203,0.4037603776439692
45,s3_vlp_blocked,7.69864374306643,8.764902399912266,False,True,False,static_raw,88,6.850847693676649,8.63946367706404,0.5028218357268759
45,s3_vlp_blocked,7.69864374306643,8.764902399912266,False,True,False,graph_diffusion_1,88,6.897640814352574,8.630155250639081,0.3732058797276605
45,s3_vlp_blocked,7.69864374306643,8.764902399912266,False,True,False,graph_diffusion_3,88,6.963941719661014,8.607026768144067,0.22856492197765801
45,s3_vlp_blocked,7.69864374306643,8.764902399912266,False,True,False,laplacian,88,6.846965395762617,8.61164434331234,0.3709025170223575
46,s3_vlp_blocked,7.492119654821085,8.780131979271454,False,True,False,static_raw,88,7.073613122835436,8.600299053658041,0.5014182609977822
46,s3_vlp_blocked,7.492119654821085,8.780131979271454,False,True,False,graph_diffusion_1,88,7.115267830039126,8.593694898921697,0.37150557100112835
46,s3_vlp_blocked,7.492119654821085,8.780131979271454,False,True,False,graph_diffusion_3,88,7.17500154739786,8.574721664426335,0.22684009635122507
46,s3_vlp_blocked,7.492119654821085,8.780131979271454,False,True,False,laplacian,88,7.0696987293716,8.574682525374644,0.36940318589572413
47,s3_vlp_blocked,7.191471021360378,8.723132508528103,False,True,False,static_raw,88,7.9376265625046,7.97955761598756,0.5522036822715914
47,s3_vlp_blocked,7.191471021360378,8.723132508528103,False,True,False,graph_diffusion_1,88,7.9606480090161735,7.999642153616072,0.41169030501319986
47,s3_vlp_blocked,7.191471021360378,8.723132508528103,False,True,False,graph_diffusion_3,88,7.987915623068942,8.022962525427262,0.2545630739544771
47,s3_vlp_blocked,7.191471021360378,8.723132508528103,False,True,False,laplacian,88,7.929294184701857,7.970232196127923,0.41113805515045654
48,s3_vlp_blocked,6.992004119632241,8.748418280606632,False,True,False,static_raw,97,5.716380662921437,8.679406294635571,0.504763680992202
48,s3_vlp_blocked,6.992004119632241,8.748418280606632,False,True,False,graph_diffusion_1,97,5.69385880800018,8.636238500978083,0.3832569829018491
48,s3_vlp_blocked,6.992004119632241,8.748418280606632,False,True,False,graph_diffusion_3,97,5.669871996857182,8.561857488332016,0.24155285617819416
48,s3_vlp_blocked,6.992004119632241,8.748418280606632,False,True,False,laplacian,97,5.716184672157314,8.626603625651537,0.3962973116389315
49,s3_vlp_blocked,6.846275017181253,8.922858028731762,False,True,False,static_raw,98,6.839572553443181,9.014347186222935,0.5038506957126239
49,s3_vlp_blocked,6.846275017181253,8.922858028731762,False,True,False,graph_diffusion_1,98,6.878039175145663,8.976375070342359,0.37945365539744225
49,s3_vlp_blocked,6.846275017181253,8.922858028731762,False,True,False,graph_diffusion_3,98,6.8863088353448525,8.891822785977705,0.24634808850329554
49,s3_vlp_blocked,6.846275017181253,8.922858028731762,False,True,False,laplacian,98,6.8356935233768885,8.949846144120974,0.39939694968980277
50,s3_vlp_blocked,6.689596236262092,9.105068122957537,False,True,False,static_raw,86,6.336925164401219,8.411905048010869,0.683132194567776
50,s3_vlp_blocked,6.689596236262092,9.105068122957537,False,True,False,graph_diffusion_1,86,6.338349584282587,8.41834169659931,0.5146175675506023
50,s3_vlp_blocked,6.689596236262092,9.105068122957537,False,True,False,graph_diffusion_3,86,6.340747832469217,8.415559006702344,0.32187417516173406
50,s3_vlp_blocked,6.689596236262092,9.105068122957537,False,True,False,laplacian,86,6.336858223685791,8.396450351288559,0.5073880759514687
51,s3_vlp_blocked,6.651524336471364,9.303485813902295,False,True,False,static_raw,96,5.694906278774576,9.238553386912786,0.5183005970301562
51,s3_vlp_blocked,6.651524336471364,9.303485813902295,False,True,False,graph_diffusion_1,96,5.687360041226807,9.184136633150887,0.4033206923847641
51,s3_vlp_blocked,6.651524336471364,9.303485813902295,False,True,False,graph_diffusion_3,96,5.6747050240932015,9.0831888354898,0.26752533017931196
51,s3_vlp_blocked,6.651524336471364,9.303485813902295,False,True,False,laplacian,96,5.694932588076524,9.16391156775899,0.4136133101436056
52,s3_vlp_blocked,6.511030711247975,9.630572115899897,False,True,False,static_raw,96,6.413090147063115,9.176347483872656,0.6515802932430346
52,s3_vlp_blocked,6.511030711247975,9.630572115899897,False,True,False,graph_diffusion_1,96,6.413242230586903,9.124562321969972,0.5087875934389522
52,s3_vlp_blocked,6.511030711247975,9.630572115899897,False,True,False,graph_diffusion_3,96,6.415685408345186,9.028619325564021,0.33919416645049255
52,s3_vlp_blocked,6.511030711247975,9.630572115899897,False,True,False,laplacian,96,6.4129449961719835,9.105826608913034,0.5207244595909767
53,s3_vlp_blocked,6.420605168362592,9.834308948608536,False,True,False,static_raw,99,7.430150546971451,9.021663711091339,0.5000534484910979
53,s3_vlp_blocked,6.420605168362592,9.834308948608536,False,True,False,graph_diffusion_1,99,7.298014910923188,8.944583714429271,0.39189781260365214
53,s3_vlp_blocked,6.420605168362592,9.834308948608536,False,True,False,graph_diffusion_3,99,7.108282366539134,8.820712544001411,0.26091979102661683
53,s3_vlp_blocked,6.420605168362592,9.834308948608536,False,True,False,laplacian,99,7.384289053901458,8.957059858614778,0.4228285907544639
54,s3_vlp_blocked,6.482295444389094,9.655075180886994,False,True,False,static_raw,96,5.376850544757795,8.999286942241167,0.5392855920413494
54,s3_vlp_blocked,6.482295444389094,9.655075180886994,False,True,False,graph_diffusion_1,96,5.364134138848821,8.952197878919765,0.41192712354194627
54,s3_vlp_blocked,6.482295444389094,9.655075180886994,False,True,False,graph_diffusion_3,96,5.343311437071232,8.86538982030751,0.26348591973507773
54,s3_vlp_blocked,6.482295444389094,9.655075180886994,False,True,False,laplacian,96,5.376860133917353,8.936969488405799,0.42474803368590136
55,s3_vlp_blocked,6.562363950563185,9.549970952544058,False,True,False,static_raw,96,5.722248820085391,9.139391126386904,0.6096173392843269
55,s3_vlp_blocked,6.562363950563185,9.549970952544058,False,True,False,graph_diffusion_1,96,5.715046568006442,9.088659261465851,0.46960021078292674
55,s3_vlp_blocked,6.562363950563185,9.549970952544058,False,True,False,graph_diffusion_3,96,5.7039198262999475,8.994701000642092,0.3047775809292142
55,s3_vlp_blocked,6.562363950563185,9.549970952544058,False,True,False,laplacian,96,5.7222231687514755,9.070732508156869,0.4822797821748068
56,s3_vlp_blocked,6.608994574111493,9.255964739086862,False,True,False,static_raw,99,7.966622427039422,9.270405813164777,0.5000234810286577
56,s3_vlp_blocked,6.608994574111493,9.255964739086862,False,True,False,graph_diffusion_1,99,7.862170037030609,9.195612144460839,0.3929018540762315
56,s3_vlp_blocked,6.608994574111493,9.255964739086862,False,True,False,graph_diffusion_3,99,7.713260488308549,9.069053468440066,0.2633261473384504
56,s3_vlp_blocked,6.608994574111493,9.255964739086862,False,True,False,laplacian,99,7.920704629197575,9.194958044021547,0.42283668056870327
57,s3_vlp_blocked,6.638238185227195,8.788984466893778,False,True,False,static_raw,89,7.141060315966541,8.648337804014949,0.5000000178279701
57,s3_vlp_blocked,6.638238185227195,8.788984466893778,False,True,False,graph_diffusion_1,89,7.137650305317665,8.651408859946715,0.37166448443099
57,s3_vlp_blocked,6.638238185227195,8.788984466893778,False,True,False,graph_diffusion_3,89,7.085702857363842,8.6256712096243,0.23432627368003603
57,s3_vlp_blocked,6.638238185227195,8.788984466893778,False,True,False,laplacian,89,7.095261996718211,8.621197364041699,0.3917736866165534
58,s3_vlp_blocked,6.715833516903254,8.506019535638835,False,True,False,static_raw,55,6.024161437447987,7.301017361278821,0.5000004423102845
58,s3_vlp_blocked,6.715833516903254,8.506019535638835,False,True,False,graph_diffusion_1,55,6.023507390827921,7.271300593443154,0.37649309115528645
58,s3_vlp_blocked,6.715833516903254,8.506019535638835,False,True,False,graph_diffusion_3,55,6.025465901567393,7.219673069254508,0.23075454396657713
58,s3_vlp_blocked,6.715833516903254,8.506019535638835,False,True,False,laplacian,55,6.023949918201749,7.269307251727703,0.3648578307988854
59,s3_vlp_blocked,6.712650009001855,8.176417392861678,False,True,False,static_raw,59,7.638506503806006,6.734418080346216,0.4999999778781336
59,s3_vlp_blocked,6.712650009001855,8.176417392861678,False,True,False,graph_diffusion_1,59,7.586075820160072,6.745494150110783,0.3784896485032982
59,s3_vlp_blocked,6.712650009001855,8.176417392861678,False,True,False,graph_diffusion_3,59,7.494337582418192,6.762791728016944,0.2378709980427874
59,s3_vlp_blocked,6.712650009001855,8.176417392861678,False,True,False,laplacian,59,7.592611198762192,6.725781859764101,0.39154961425507784
60,s3_vlp_blocked,6.866771266170202,7.830791223796943,False,True,False,static_raw,55,5.003969184908606,6.473224115764083,0.5103645720409155
60,s3_vlp_blocked,6.866771266170202,7.830791223796943,False,True,False,graph_diffusion_1,55,5.000931231474242,6.477316934463028,0.38417416835397283
60,s3_vlp_blocked,6.866771266170202,7.830791223796943,False,True,False,graph_diffusion_3,55,4.996434196781805,6.481695527556585,0.23685233105202205
60,s3_vlp_blocked,6.866771266170202,7.830791223796943,False,True,False,laplacian,55,5.0046092321366515,6.467148457840775,0.375187874236065
61,s3_vlp_blocked,6.935196676516079,7.575933102373101,False,False,False,static_raw,77,6.348403345111453,7.824440014498802,0.5249204987696252
61,s3_vlp_blocked,6.935196676516079,7.575933102373101,False,False,False,graph_diffusion_1,77,6.3475035521205445,7.818176224766105,0.4003120510198396
61,s3_vlp_blocked,6.935196676516079,7.575933102373101,False,False,False,graph_diffusion_3,77,6.352144035665018,7.8080787159692076,0.2513332555261429
61,s3_vlp_blocked,6.935196676516079,7.575933102373101,False,False,False,laplacian,77,6.348023540158046,7.811483753803996,0.38958195450025934
62,s3_vlp_blocked,6.925151254140051,7.098088212920689,False,False,False,static_raw,76,6.406821790495932,7.470195541859961,0.5083946697125705
62,s3_vlp_blocked,6.925151254140051,7.098088212920689,False,False,False,graph_diffusion_1,76,6.40923343144433,7.471296863991831,0.3856897762137818
62,s3_vlp_blocked,6.925151254140051,7.098088212920689,False,False,False,graph_diffusion_3,76,6.411547319980042,7.473459903285738,0.24161990855771112
62,s3_vlp_blocked,6.925151254140051,7.098088212920689,False,False,False,laplacian,76,6.404411340678,7.463838828456245,0.3769338763628907
63,s3_vlp_blocked,6.9536901632065256,6.989777604364947,False,False,False,static_raw,76,6.2116631524481685,7.450312547704649,0.549561918290496
63,s3_vlp_blocked,6.9536901632065256,6.989777604364947,False,False,False,graph_diffusion_1,76,6.213293954434175,7.450575788224054,0.4187881081852188
63,s3_vlp_blocked,6.9536901632065256,6.989777604364947,False,False,False,graph_diffusion_3,76,6.2166551611238505,7.4535804716933765,0.26429719745864616
63,s3_vlp_blocked,6.9536901632065256,6.989777604364947,False,False,False,laplacian,76,6.211250145853691,7.445354300378428,0.4083858024807776
64,s3_vlp_blocked,6.966708536003405,6.623992067365702,False,False,False,static_raw,67,6.185949957328491,6.144099115112422,0.5166849797096241
64,s3_vlp_blocked,6.966708536003405,6.623992067365702,False,False,False,graph_diffusion_1,67,6.185145855125899,6.144613604720631,0.3901325210852364
64,s3_vlp_blocked,6.966708536003405,6.623992067365702,False,False,False,graph_diffusion_3,67,6.189071172829041,6.146412245257277,0.24117249725402162
64,s3_vlp_blocked,6.966708536003405,6.623992067365702,False,False,False,laplacian,67,6.185696001475801,6.143957650474568,0.3798569727615656
65,s3_vlp_blocked,7.006265988225517,6.167924934295798,False,False,False,static_raw,66,6.985784324270346,5.830735925488671,0.501354434179473
65,s3_vlp_blocked,7.006265988225517,6.167924934295798,False,False,False,graph_diffusion_1,66,6.983326802835524,5.83028923775725,0.37828395289129874
65,s3_vlp_blocked,7.006265988225517,6.167924934295798,False,False,False,graph_diffusion_3,66,6.977047945890852,5.8296506723769514,0.23517165034288806
65,s3_vlp_blocked,7.006265988225517,6.167924934295798,False,False,False,laplacian,66,6.977819645918562,5.83068397546434,0.3690631882674401
66,s3_vlp_blocked,7.195573035758812,5.900698987196131,False,False,False,static_raw,66,6.507528297466133,6.337157035442996,0.5607738230580777
66,s3_vlp_blocked,7.195573035758812,5.900698987196131,False,False,False,graph_diffusion_1,66,6.510122068308487,6.338447377400441,0.4300326778987127
66,s3_vlp_blocked,7.195573035758812,5.900698987196131,False,False,False,graph_diffusion_3,66,6.514290760733565,6.340966203387569,0.2749625268020694
66,s3_vlp_blocked,7.195573035758812,5.900698987196131,False,False,False,laplacian,66,6.506166942087908,6.336766420727554,0.4188478557692197
67,s3_vlp_blocked,7.214622128011173,5.480629494443392,False,False,False,static_raw,57,6.76745255792821,5.766188649391429,0.5261625708248746
67,s3_vlp_blocked,7.214622128011173,5.480629494443392,False,False,False,graph_diffusion_1,57,6.7684292956852055,5.768086226469512,0.40143370488003705
67,s3_vlp_blocked,7.214622128011173,5.480629494443392,False,False,False,graph_diffusion_3,57,6.774035917017538,5.770998571728887,0.2537672882207812
67,s3_vlp_blocked,7.214622128011173,5.480629494443392,False,False,False,laplacian,57,6.765960714891297,5.765819808956162,0.3910745841688133
68,s3_vlp_blocked,7.224596969394833,5.365365355851328,False,False,False,static_raw,57,7.425511526135257,5.694603445230714,0.5852022437190374
68,s3_vlp_blocked,7.224596969394833,5.365365355851328,False,False,False,graph_diffusion_1,57,7.4279387600849205,5.695907892304204,0.45074863361485085
68,s3_vlp_blocked,7.224596969394833,5.365365355851328,False,False,False,graph_diffusion_3,57,7.434054896654882,5.6980679980777245,0.28959905036977057
68,s3_vlp_blocked,7.224596969394833,5.365365355851328,False,False,False,laplacian,57,7.422198491212188,5.694485141464523,0.4388757155475193
69,s3_vlp_blocked,7.3987606078939105,4.973012310374174,False,False,False,static_raw,46,7.401477891262944,4.850728177175731,0.528425118236923
69,s3_vlp_blocked,7.3987606078939105,4.973012310374174,False,False,False,graph_diffusion_1,46,7.387297841056331,4.84916744790202,0.40174703238693693
69,s3_vlp_blocked,7.3987606078939105,4.973012310374174,False,False,False,graph_diffusion_3,46,7.36034821491153,4.846640764458712,0.2521366050047829
69,s3_vlp_blocked,7.3987606078939105,4.973012310374174,False,False,False,laplacian,46,7.382790195315571,4.850723959140128,0.39046049078429423
70,s3_vlp_blocked,7.635914401899096,4.715226258016342,False,False,False,static_raw,47,7.89646104298573,5.45277213238747,0.5077781653923847
70,s3_vlp_blocked,7.635914401899096,4.715226258016342,False,False,False,graph_diffusion_1,47,7.887648839628056,5.454339027733923,0.38414581017344557
70,s3_vlp_blocked,7.635914401899096,4.715226258016342,False,False,False,graph_diffusion_3,47,7.871438943803738,5.454640486846394,0.23914492791779285
70,s3_vlp_blocked,7.635914401899096,4.715226258016342,False,False,False,laplacian,47,7.879938839734093,5.4517388207071384,0.3744822774899817
71,s3_vlp_blocked,7.871357392106725,4.543524489496297,False,False,False,static_raw,47,7.7564685763504615,4.346479141178983,0.5621289752720996
71,s3_vlp_blocked,7.871357392106725,4.543524489496297,False,False,False,graph_diffusion_1,47,7.749395114712575,4.346131515226159,0.43202915049705126
71,s3_vlp_blocked,7.871357392106725,4.543524489496297,False,False,False,graph_diffusion_3,47,7.737464503996452,4.345459402900766,0.27683933611286543
71,s3_vlp_blocked,7.871357392106725,4.543524489496297,False,False,False,laplacian,47,7.743746442506317,4.3468169119965525,0.42036346683636877
72,s3_vlp_blocked,8.272955973874682,4.373796974104669,False,False,False,static_raw,48,8.642761530696234,4.635234254422815,0.5939356371443638
72,s3_vlp_blocked,8.272955973874682,4.373796974104669,False,False,False,graph_diffusion_1,48,8.635628317749573,4.633266582364053,0.45614039850134125
72,s3_vlp_blocked,8.272955973874682,4.373796974104669,False,False,False,graph_diffusion_3,48,8.610526716636967,4.630322479885952,0.29520258786967307
72,s3_vlp_blocked,8.272955973874682,4.373796974104669,False,False,False,laplacian,48,8.615556038836528,4.63523938477604,0.44784992954820585
73,s3_vlp_blocked,8.62151579149036,4.028494957379147,False,False,False,static_raw,39,8.932089490811133,3.6468883157949556,0.5774834923791354
73,s3_vlp_blocked,8.62151579149036,4.028494957379147,False,False,False,graph_diffusion_1,39,8.883431739126927,3.648084673295358,0.45131470719623046
73,s3_vlp_blocked,8.62151579149036,4.028494957379147,False,False,False,graph_diffusion_3,39,8.793927549989165,3.6491080311845794,0.3028243878703691
73,s3_vlp_blocked,8.62151579149036,4.028494957379147,False,False,False,laplacian,39,8.8694444475062,3.647525533582156,0.46278346637688084
74,s3_vlp_blocked,8.748435457425892,3.685738487590071,False,False,False,static_raw,39,8.222914005687255,3.553765053957965,0.5030892441913624
74,s3_vlp_blocked,8.748435457425892,3.685738487590071,False,False,False,graph_diffusion_1,39,8.172232084279555,3.5552520218817314,0.38499425801159115
74,s3_vlp_blocked,8.748435457425892,3.685738487590071,False,False,False,graph_diffusion_3,39,8.08192309162153,3.557607746003552,0.24868735413042437
74,s3_vlp_blocked,8.748435457425892,3.685738487590071,False,False,False,laplacian,39,8.169323655554306,3.5570206097899155,0.3972331845203393
75,s3_vlp_blocked,8.835085190139699,3.5526052200138745,False,True,False,static_raw,38,8.771359386546482,3.144695339299366,0.5449398852823769
75,s3_vlp_blocked,8.835085190139699,3.5526052200138745,False,True,False,graph_diffusion_1,38,8.755670948625214,3.1498215802188865,0.41896189081771995
75,s3_vlp_blocked,8.835085190139699,3.5526052200138745,False,True,False,graph_diffusion_3,38,8.718267250683233,3.152236274607469,0.2729932553269561
75,s3_vlp_blocked,8.835085190139699,3.5526052200138745,False,True,False,laplacian,38,8.736827474903667,3.1460647525137033,0.4111937448742118
76,s3_vlp_blocked,8.909093693609096,3.3558416683741257,False,True,False,static_raw,29,9.244213495342144,3.2455795287540408,0.5022114958106658
76,s3_vlp_blocked,8.909093693609096,3.3558416683741257,False,True,False,graph_diffusion_1,29,9.190070532267981,3.250751953163537,0.3945004765160766
76,s3_vlp_blocked,8.909093693609096,3.3558416683741257,False,True,False,graph_diffusion_3,29,9.090884596635789,3.247496485713056,0.2677456041213271
76,s3_vlp_blocked,8.909093693609096,3.3558416683741257,False,True,False,laplacian,29,9.169818051515554,3.2459652265356858,0.40390777749926604
77,s3_vlp_blocked,9.099711473119482,3.177715842546163,False,True,False,static_raw,45,6.768836252540505,4.094390901450854,0.5005004153030383
77,s3_vlp_blocked,9.099711473119482,3.177715842546163,False,True,False,graph_diffusion_1,45,6.768753861507001,4.093738046759604,0.3752010981291971
77,s3_vlp_blocked,9.099711473119482,3.177715842546163,False,True,False,graph_diffusion_3,45,6.765378915071666,4.091906959456102,0.22943998336272153
77,s3_vlp_blocked,9.099711473119482,3.177715842546163,False,True,False,laplacian,45,6.75982078477995,4.094661848103689,0.3661521526656569
78,s3_vlp_blocked,9.333851006911315,2.7984046692967013,False,True,False,static_raw,29,8.97396115859537,2.326996614611166,0.6393928802648874
78,s3_vlp_blocked,9.333851006911315,2.7984046692967013,False,True,False,graph_diffusion_1,29,8.926886381081388,2.3268791287135007,0.49918640608902737
78,s3_vlp_blocked,9.333851006911315,2.7984046692967013,False,True,False,graph_diffusion_3,29,8.843722805295034,2.31744654842676,0.32980792871681014
78,s3_vlp_blocked,9.333851006911315,2.7984046692967013,False,True,False,laplacian,29,8.913270412323191,2.332718099923792,0.511532582073563
79,s3_vlp_blocked,9.466292753776418,2.334363853065204,False,True,False,static_raw,29,9.009783645840713,2.4893895867968565,0.6212355911072777
79,s3_vlp_blocked,9.466292753776418,2.334363853065204,False,True,False,graph_diffusion_1,29,8.962243050284284,2.4894048878999415,0.48601112259564866
79,s3_vlp_blocked,9.466292753776418,2.334363853065204,False,True,False,graph_diffusion_3,29,8.877125177997009,2.479089523368257,0.3236384547342128
79,s3_vlp_blocked,9.466292753776418,2.334363853065204,False,True,False,laplacian,29,8.947530979577891,2.4924325528505875,0.4981286641048299
80,s3_vlp_blocked,9.611899936659418,2.123312718823533,False,True,False,static_raw,19,9.21455081262308,1.501156455948826,0.5735485978833237
80,s3_vlp_blocked,9.611899936659418,2.123312718823533,False,True,False,graph_diffusion_1,19,9.166398414965615,1.494543283826133,0.4484648559643802
80,s3_vlp_blocked,9.611899936659418,2.123312718823533,False,True,False,graph_diffusion_3,19,9.066980280748645,1.514635827630258,0.31052521404277217
80,s3_vlp_blocked,9.611899936659418,2.123312718823533,False,True,False,laplacian,19,9.141425559279561,1.5226760151361316,0.46605398784361785
81,s3_vlp_blocked,9.858322040787618,1.7145087247330029,False,True,False,static_raw,9,8.965551583126263,1.1231615097443923,0.505477218326228
81,s3_vlp_blocked,9.858322040787618,1.7145087247330029,False,True,False,graph_diffusion_1,9,8.8874257740696,1.202207251580059,0.3979796738557003
81,s3_vlp_blocked,9.858322040787618,1.7145087247330029,False,True,False,graph_diffusion_3,9,8.764658859680925,1.3239826176962273,0.27341941160574246
81,s3_vlp_blocked,9.858322040787618,1.7145087247330029,False,True,False,laplacian,9,8.901997024507478,1.183321866831341,0.4291568045025203
82,s3_vlp_blocked,9.758809756481527,1.8587665766892736,False,True,False,static_raw,45,7.3861974167413695,2.674433733982411,0.33999083837509997
82,s3_vlp_blocked,9.758809756481527,1.8587665766892736,False,True,False,graph_diffusion_1,45,7.352405411824295,2.699822528790546,0.25754428334702956
82,s3_vlp_blocked,9.758809756481527,1.8587665766892736,False,True,False,graph_diffusion_3,29,7.295711504251616,2.739766986471494,0.16348926948497236
82,s3_vlp_blocked,9.758809756481527,1.8587665766892736,False,True,False,laplacian,45,7.348951672607053,2.6951405926998913,0.24805370498005538
83,s3_vlp_blocked,9.674741536762076,1.980219721792202,False,True,False,static_raw,19,9.117810279471101,1.7589981317854724,0.5070156469172604
83,s3_vlp_blocked,9.674741536762076,1.980219721792202,False,True,False,graph_diffusion_1,19,9.074693751212276,1.7402207607674083,0.39802277076046694
83,s3_vlp_blocked,9.674741536762076,1.980219721792202,False,True,False,graph_diffusion_3,19,8.983735277099154,1.7400596087957285,0.2772316150651289
83,s3_vlp_blocked,9.674741536762076,1.980219721792202,False,True,False,laplacian,19,9.048034746048309,1.7717456893362107,0.413648627984296
84,s3_vlp_blocked,9.543539060630476,2.38811292843674,False,True,False,static_raw,19,9.08492852856137,1.7897433954818627,0.5024142249761603
84,s3_vlp_blocked,9.543539060630476,2.38811292843674,False,True,False,graph_diffusion_1,19,9.043684644117276,1.7695174366205104,0.3919701462864734
84,s3_vlp_blocked,9.543539060630476,2.38811292843674,False,True,False,graph_diffusion_3,19,8.95553401284881,1.7673526785361144,0.2712165659903455
84,s3_vlp_blocked,9.543539060630476,2.38811292843674,False,True,False,laplacian,19,9.017410118441516,1.8010201640338779,0.4087291414190049
85,s3_vlp_blocked,9.538461254265044,2.548657706440192,False,True,False,static_raw,49,9.267300264019742,3.355365159090314,0.5000010088363641
85,s3_vlp_blocked,9.538461254265044,2.548657706440192,False,True,False,graph_diffusion_1,49,9.211426987733113,3.3508865873381373,0.3806630767244805
85,s3_vlp_blocked,9.538461254265044,2.548657706440192,False,True,False,graph_diffusion_3,49,9.108596176640871,3.33727028103875,0.2459917200639327
85,s3_vlp_blocked,9.538461254265044,2.548657706440192,False,True,False,laplacian,49,9.191009620889611,3.3604037348551254,0.3931251063114256
86,s3_vlp_blocked,9.544593459510066,2.7077556794947983,False,False,False,static_raw,29,9.01849370990196,2.3233757837354427,0.6406869617836398
86,s3_vlp_blocked,9.544593459510066,2.7077556794947983,False,False,False,graph_diffusion_1,29,8.971662807256248,2.3218954360671287,0.5021627179727004
86,s3_vlp_blocked,9.544593459510066,2.7077556794947983,False,False,False,graph_diffusion_3,29,8.888041223739133,2.3107713548666315,0.33388598585830387
86,s3_vlp_blocked,9.544593459510066,2.7077556794947983,False,False,False,laplacian,29,8.95723723305684,2.328387322113105,0.5142447068975268
87,s3_vlp_blocked,9.633379023943917,3.061085408030138,False,False,False,static_raw,39,8.591379918879815,2.792951234823234,0.544925824971128
87,s3_vlp_blocked,9.633379023943917,3.061085408030138,False,False,False,graph_diffusion_1,39,8.546022810070792,2.792971837947021,0.419418791031034
87,s3_vlp_blocked,9.633379023943917,3.061085408030138,False,False,False,graph_diffusion_3,39,8.465446296003012,2.7931145333211735,0.27258803957415917
87,s3_vlp_blocked,9.633379023943917,3.061085408030138,False,False,False,laplacian,39,8.537869101936032,2.8039947227849296,0.43168045655207354
88,s3_vlp_blocked,9.752600157839524,3.198956190033732,False,False,False,static_raw,39,8.514041217039647,3.3611292806889064,0.5271624098559787
88,s3_vlp_blocked,9.752600157839524,3.198956190033732,False,False,False,graph_diffusion_1,39,8.470069447747397,3.359603335340587,0.4062069638803832
88,s3_vlp_blocked,9.752600157839524,3.198956190033732,False,False,False,graph_diffusion_3,39,8.391061659837083,3.356178538576957,0.26572441322175605
88,s3_vlp_blocked,9.752600157839524,3.198956190033732,False,False,False,laplacian,39,8.463535178237882,3.3624944657016442,0.41877639087447444
89,s3_vlp_blocked,9.40578903862998,2.8552477628804214,False,False,False,static_raw,29,9.22406861094159,2.3592786861022024,0.8091542203878359
89,s3_vlp_blocked,9.40578903862998,2.8552477628804214,False,False,False,graph_diffusion_1,29,9.168709600875902,2.3621311423203935,0.6245006770092392
89,s3_vlp_blocked,9.40578903862998,2.8552477628804214,False,False,False,graph_diffusion_3,29,9.0689444006996,2.35449140110139,0.4033057744900549
89,s3_vlp_blocked,9.40578903862998,2.8552477628804214,False,False,False,laplacian,29,9.148110787141492,2.3657998206650745,0.6389905859671101
90,s3_vlp_blocked,9.127964250423506,2.698331211248074,False,False,False,static_raw,29,8.212475563400751,2.2636937600594353,0.5017943102327086
90,s3_vlp_blocked,9.127964250423506,2.698331211248074,False,False,False,graph_diffusion_1,29,8.165217505541216,2.2646167057086335,0.38077951226955775
90,s3_vlp_blocked,9.127964250423506,2.698331211248074,False,False,False,graph_diffusion_3,29,8.088717157219925,2.262058908272367,0.24126243400180322
90,s3_vlp_blocked,9.127964250423506,2.698331211248074,False,False,False,laplacian,29,8.165502354506637,2.2730149793631997,0.3944487447445947
91,s3_vlp_blocked,8.800406594259712,2.6051004251712406,False,False,False,static_raw,28,8.327319569393028,2.4817714791863588,0.5595423625845457
91,s3_vlp_blocked,8.800406594259712,2.6051004251712406,False,False,False,graph_diffusion_1,28,8.331131533023312,2.4849346475741156,0.42855395750365943
91,s3_vlp_blocked,8.800406594259712,2.6051004251712406,False,False,False,graph_diffusion_3,28,8.326249828481037,2.4852308911542678,0.27525460311439054
91,s3_vlp_blocked,8.800406594259712,2.6051004251712406,False,False,False,laplacian,28,8.31056387150534,2.4879738466848202,0.4212747954150273
92,s3_vlp_blocked,8.550281299097398,2.456641319624944,False,False,False,static_raw,28,7.941532921017748,2.019692862962794,0.5390382078349476
92,s3_vlp_blocked,8.550281299097398,2.456641319624944,False,False,False,graph_diffusion_1,28,7.957294430544425,2.0348845516920413,0.4063497407908661
92,s3_vlp_blocked,8.550281299097398,2.456641319624944,False,False,False,graph_diffusion_3,28,7.974776011661915,2.057488379481248,0.25386668609306606
92,s3_vlp_blocked,8.550281299097398,2.456641319624944,False,False,False,laplacian,28,7.935412755286196,2.0363853965836847,0.40025005665970004
93,s3_vlp_blocked,8.206258987477604,2.220074095586588,False,False,False,static_raw,28,8.181975009224661,2.074779914363906,0.5512803936218621
93,s3_vlp_blocked,8.206258987477604,2.220074095586588,False,False,False,graph_diffusion_1,28,8.190580313453438,2.0932046064959877,0.4185363983066998
93,s3_vlp_blocked,8.206258987477604,2.220074095586588,False,False,False,graph_diffusion_3,28,8.195936651351872,2.1187303231986614,0.2640638192382174
93,s3_vlp_blocked,8.206258987477604,2.220074095586588,False,False,False,laplacian,28,8.168512232705046,2.0930873174835147,0.41077762687625163
94,s3_vlp_blocked,7.989681515495209,2.1664204126445497,False,False,False,static_raw,28,8.561041300692686,2.51801746759201,0.6500019459933366
94,s3_vlp_blocked,7.989681515495209,2.1664204126445497,False,False,False,graph_diffusion_1,28,8.558871673385122,2.5179197598683043,0.4969754706926879
94,s3_vlp_blocked,7.989681515495209,2.1664204126445497,False,False,False,graph_diffusion_3,28,8.54303908497913,2.510941033811592,0.31689587651247275
94,s3_vlp_blocked,7.989681515495209,2.1664204126445497,False,False,False,laplacian,28,8.538650753065394,2.5204944328879226,0.4885651226259053
95,s3_vlp_blocked,7.820856477729749,2.216688844603764,False,False,False,static_raw,27,7.774325254098405,2.344055971863338,0.572897683814267
95,s3_vlp_blocked,7.820856477729749,2.216688844603764,False,False,False,graph_diffusion_1,27,7.776695772733561,2.3437125197646074,0.446914934562281
95,s3_vlp_blocked,7.820856477729749,2.216688844603764,False,False,False,graph_diffusion_3,27,7.780818374037479,2.34016678058777,0.2915102183004951
95,s3_vlp_blocked,7.820856477729749,2.216688844603764,False,False,False,laplacian,27,7.76821235938926,2.3487911345952535,0.4353107873094905
96,s3_vlp_blocked,7.438849577500529,2.091977264871964,False,False,False,static_raw,27,6.800844075005635,1.9512797644167137,0.4225963314451869
96,s3_vlp_blocked,7.438849577500529,2.091977264871964,False,False,False,graph_diffusion_1,27,6.801078167257519,1.954881262270058,0.32658919747092857
96,s3_vlp_blocked,7.438849577500529,2.091977264871964,False,False,False,graph_diffusion_3,27,6.80738650116404,1.9658919131598918,0.21186623398117646
96,s3_vlp_blocked,7.438849577500529,2.091977264871964,False,False,False,laplacian,27,6.800448955981849,1.9664206702497427,0.3188063814355663
97,s3_vlp_blocked,7.303823403549243,2.032738937171799,False,False,False,static_raw,27,7.875369617852947,2.4443724345880065,0.5953471082478775
97,s3_vlp_blocked,7.303823403549243,2.032738937171799,False,False,False,graph_diffusion_1,27,7.873515098734743,2.443967960892704,0.4609020051704781
97,s3_vlp_blocked,7.303823403549243,2.032738937171799,False,False,False,graph_diffusion_3,27,7.870105085235637,2.4384281370224077,0.2970483035859797
97,s3_vlp_blocked,7.303823403549243,2.032738937171799,False,False,False,laplacian,27,7.865315378812186,2.447372810199153,0.44883699413045125
98,s3_vlp_blocked,7.052510845305025,1.9258529473001484,False,False,False,static_raw,27,7.522405908031351,2.0104546889413406,0.5705750453064329
98,s3_vlp_blocked,7.052510845305025,1.9258529473001484,False,False,False,graph_diffusion_1,27,7.522614729883583,2.0199142816530915,0.4404113831580876
98,s3_vlp_blocked,7.052510845305025,1.9258529473001484,False,False,False,graph_diffusion_3,27,7.528759538738537,2.035797642531588,0.282893745723891
98,s3_vlp_blocked,7.052510845305025,1.9258529473001484,False,False,False,laplacian,27,7.51951718759772,2.02671984499865,0.4284384771174254
99,s3_vlp_blocked,6.623312112175848,1.726390708485309,False,False,False,static_raw,16,6.353739123490851,1.668228286748682,0.571108400964121
99,s3_vlp_blocked,6.623312112175848,1.726390708485309,False,False,False,graph_diffusion_1,16,6.355258076173231,1.664571061510392,0.43708437449549015
99,s3_vlp_blocked,6.623312112175848,1.726390708485309,False,False,False,graph_diffusion_3,16,6.3577496958358575,1.6717495492082997,0.2812283511386418
99,s3_vlp_blocked,6.623312112175848,1.726390708485309,False,False,False,laplacian,16,6.353114449921577,1.6857818791431425,0.42980286264680606
0,s4_mixed_dynamic,7.708518498956285,6.537185189018777,False,False,True,static_raw,67,6.760058892612135,6.021923826424996,0.5289602402292867
0,s4_mixed_dynamic,7.708518498956285,6.537185189018777,False,False,True,graph_diffusion_1,67,6.7601996987504975,6.0225996753622635,0.40132307584754734
0,s4_mixed_dynamic,7.708518498956285,6.537185189018777,False,False,True,graph_diffusion_3,67,6.764282176667673,6.024638321884139,0.2509619077149165
0,s4_mixed_dynamic,7.708518498956285,6.537185189018777,False,False,True,laplacian,67,6.757829199263583,6.021734860821129,0.391029907439979
1,s4_mixed_dynamic,7.762228944549189,6.781375783910273,False,False,True,static_raw,67,7.801439008511342,7.233819559600297,0.5260635730964689
1,s4_mixed_dynamic,7.762228944549189,6.781375783910273,False,False,True,graph_diffusion_1,67,7.795256679375496,7.2318615701397055,0.39739389799631475
1,s4_mixed_dynamic,7.762228944549189,6.781375783910273,False,False,True,graph_diffusion_3,67,7.781794108554277,7.2212608485361764,0.2470637312851515
1,s4_mixed_dynamic,7.762228944549189,6.781375783910273,False,False,True,laplacian,67,7.786661893402849,7.223109460272058,0.38827399944999175
2,s4_mixed_dynamic,7.839130958677583,7.167874595498286,False,False,True,static_raw,78,8.53365243162987,6.835018466785118,0.41462922799566193
2,s4_mixed_dynamic,7.839130958677583,7.167874595498286,False,False,True,graph_diffusion_1,78,8.525559167966868,6.840926714605961,0.3227252116103465
2,s4_mixed_dynamic,7.839130958677583,7.167874595498286,False,False,True,graph_diffusion_3,78,8.500518504935108,6.854594160242092,0.21405499869328468
2,s4_mixed_dynamic,7.839130958677583,7.167874595498286,False,False,True,laplacian,78,8.507030997011158,6.834158683782606,0.316328092763508
3,s4_mixed_dynamic,7.94346543019908,7.5103051184045535,False,False,True,static_raw,78,8.170869119422358,7.781457766377021,0.5624322062326046
3,s4_mixed_dynamic,7.94346543019908,7.5103051184045535,False,False,True,graph_diffusion_1,78,8.183982803213086,7.7765139691427425,0.4259334996425569
3,s4_mixed_dynamic,7.94346543019908,7.5103051184045535,False,False,True,graph_diffusion_3,78,8.19028698560214,7.766728104514001,0.269008269975388
3,s4_mixed_dynamic,7.94346543019908,7.5103051184045535,False,False,True,laplacian,78,8.158985772748897,7.769606102270802,0.4209466461769962
4,s4_mixed_dynamic,7.999186140694022,7.623886621271602,False,False,True,static_raw,78,7.353162938039695,8.388784569625221,0.49433140725511426
4,s4_mixed_dynamic,7.999186140694022,7.623886621271602,False,False,True,graph_diffusion_1,78,7.377643830826404,8.352913572394762,0.3697607309059468
4,s4_mixed_dynamic,7.999186140694022,7.623886621271602,False,False,True,graph_diffusion_3,78,7.406405903945475,8.29011799190449,0.22849726626232345
4,s4_mixed_dynamic,7.999186140694022,7.623886621271602,False,False,True,laplacian,78,7.346559658070916,8.351085477823133,0.3639792337128887
5,s4_mixed_dynamic,8.226562675373907,7.955827377167044,False,False,True,static_raw,88,7.560180709044408,7.711789849020672,0.5271503227502905
5,s4_mixed_dynamic,8.226562675373907,7.955827377167044,False,False,True,graph_diffusion_1,88,7.590018104331053,7.738409541381202,0.39063391037443335
5,s4_mixed_dynamic,8.226562675373907,7.955827377167044,False,False,True,graph_diffusion_3,88,7.6293625910570375,7.773256689420659,0.23835544010262785
5,s4_mixed_dynamic,8.226562675373907,7.955827377167044,False,False,True,laplacian,88,7.5537961821829525,7.705337570372929,0.38959147314917847
6,s4_mixed_dynamic,8.280648608306477,8.135508799595996,False,False,True,static_raw,88,7.468494794653828,8.583043655223046,0.5333237267004722
6,s4_mixed_dynamic,8.280648608306477,8.135508799595996,False,False,True,graph_diffusion_1,88,7.502235103651905,8.578342548270165,0.3998913009190884
6,s4_mixed_dynamic,8.280648608306477,8.135508799595996,False,False,True,graph_diffusion_3,88,7.5475489654541725,8.561073804562517,0.25046953480665207
6,s4_mixed_dynamic,8.280648608306477,8.135508799595996,False,False,True,laplacian,88,7.4634785781893065,8.557578743489596,0.39861361649453486
7,s4_mixed_dynamic,8.426531854440203,8.334139776009467,False,False,True,static_raw,88,8.302194786533736,8.265307970748687,0.5856384577081297
7,s4_mixed_dynamic,8.426531854440203,8.334139776009467,False,False,True,graph_diffusion_1,88,8.317521435685228,8.276798397702782,0.4395784150273193
7,s4_mixed_dynamic,8.426531854440203,8.334139776009467,False,False,True,graph_diffusion_3,88,8.330680184609623,8.284926444042252,0.2755504924759523
7,s4_mixed_dynamic,8.426531854440203,8.334139776009467,False,False,True,laplacian,88,8.290761393023875,8.251257941722773,0.4394429851761393
8,s4_mixed_dynamic,8.640813839766498,8.694587576233882,False,False,True,static_raw,88,7.787203350670374,8.771715503729995,0.5522796371879771
8,s4_mixed_dynamic,8.640813839766498,8.694587576233882,False,False,True,graph_diffusion_1,88,7.804606115556629,8.750884720737172,0.4190293165711121
8,s4_mixed_dynamic,8.640813839766498,8.694587576233882,False,False,True,graph_diffusion_3,88,7.8258587438801275,8.707672964837153,0.2678847176696184
8,s4_mixed_dynamic,8.640813839766498,8.694587576233882,False,False,True,laplacian,88,7.77093500902234,8.737633511088076,0.415365272228061
9,s4_mixed_dynamic,8.773434572913224,8.991156753090223,False,False,True,static_raw,98,7.241048499675752,8.859616692676656,0.5448703661600003
9,s4_mixed_dynamic,8.773434572913224,8.991156753090223,False,False,True,graph_diffusion_1,98,7.270962988665395,8.826436975738106,0.41075939828314095
9,s4_mixed_dynamic,8.773434572913224,8.991156753090223,False,False,True,graph_diffusion_3,98,7.271970363215026,8.746856001356841,0.2674105982208482
9,s4_mixed_dynamic,8.773434572913224,8.991156753090223,False,False,True,laplacian,98,7.235286828781159,8.799295542723675,0.4334470301911796
10,s4_mixed_dynamic,8.969081214365445,9.315966535180728,True,False,True,static_raw,98,7.475225980519431,9.493576161215682,0.5093355057782709
10,s4_mixed_dynamic,8.969081214365445,9.315966535180728,True,False,True,graph_diffusion_1,98,7.517798242756338,9.431509668972891,0.3950999016082568
10,s4_mixed_dynamic,8.969081214365445,9.315966535180728,True,False,True,graph_diffusion_3,98,7.545029528969508,9.31155901088245,0.27102708437613937
10,s4_mixed_dynamic,8.969081214365445,9.315966535180728,True,False,True,laplacian,98,7.471171356253529,9.402505108300018,0.4101446191555701
11,s4_mixed_dynamic,9.158262661443551,9.76651178862036,True,False,True,static_raw,99,9.297038175449757,9.106333696749239,0.630938423451689
11,s4_mixed_dynamic,9.158262661443551,9.76651178862036,True,False,True,graph_diffusion_1,99,9.220854737193363,9.028703391672924,0.5227503459851117
11,s4_mixed_dynamic,9.158262661443551,9.76651178862036,True,False,True,graph_diffusion_3,99,9.090050593195933,8.899737510436797,0.3845211532135421
11,s4_mixed_dynamic,9.158262661443551,9.76651178862036,True,False,True,laplacian,99,9.221380048603871,9.038624818259148,0.5469246594478583
12,s4_mixed_dynamic,9.226935916965898,9.928675601070118,True,False,True,static_raw,99,8.801656368079339,9.424011788808787,0.7799000130557444
12,s4_mixed_dynamic,9.226935916965898,9.928675601070118,True,False,True,graph_diffusion_1,99,8.714782393691669,9.33923002811243,0.6430960290964325
12,s4_mixed_dynamic,9.226935916965898,9.928675601070118,True,False,True,graph_diffusion_3,99,8.571933256049272,9.191798616486906,0.46298018202019275
12,s4_mixed_dynamic,9.226935916965898,9.928675601070118,True,False,True,laplacian,99,8.729413397859346,9.338346581340154,0.6673633836191177
13,s4_mixed_dynamic,9.28457534064934,9.54739973958025,True,False,True,static_raw,99,9.310584786896522,8.779933302699714,0.5767466268402062
13,s4_mixed_dynamic,9.28457534064934,9.54739973958025,True,False,True,graph_diffusion_1,99,9.234556467230423,8.698496069140191,0.4716034473326765
13,s4_mixed_dynamic,9.28457534064934,9.54739973958025,True,False,True,graph_diffusion_3,99,9.104055801793136,8.57052406023281,0.34037965451674884
13,s4_mixed_dynamic,9.28457534064934,9.54739973958025,True,False,True,laplacian,99,9.233225118404677,8.722590299153113,0.49745114631768284
14,s4_mixed_dynamic,9.55154708556551,9.187880405968292,True,False,True,static_raw,99,9.308117464680109,9.495106239484105,0.8224687708655709
14,s4_mixed_dynamic,9.55154708556551,9.187880405968292,True,False,True,graph_diffusion_1,99,9.225283914429639,9.409923684123768,0.6813700409750808
14,s4_mixed_dynamic,9.55154708556551,9.187880405968292,True,False,True,graph_diffusion_3,99,9.083950133863759,9.259579483057657,0.4940358381047855
14,s4_mixed_dynamic,9.55154708556551,9.187880405968292,True,False,True,laplacian,99,9.231229107031911,9.40390780854731,0.705051910620974
15,s4_mixed_dynamic,9.66616567574389,8.964158259736895,True,False,True,static_raw,99,5.598510289297124,9.187452217814716,0.5003580654288221
15,s4_mixed_dynamic,9.66616567574389,8.964158259736895,True,False,True,graph_diffusion_1,99,5.374072533132776,9.111421218127472,0.3906005370078011
15,s4_mixed_dynamic,9.66616567574389,8.964158259736895,True,False,True,graph_diffusion_3,99,5.078192779312271,8.983609477533857,0.25763280738187094
15,s4_mixed_dynamic,9.66616567574389,8.964158259736895,True,False,True,laplacian,99,5.563469567676167,9.116138045319262,0.42266727989313163
16,s4_mixed_dynamic,9.783739284953958,8.603729760291959,True,False,True,static_raw,99,7.540356358210644,7.457508350370015,0.5001201807115434
16,s4_mixed_dynamic,9.783739284953958,8.603729760291959,True,False,True,graph_diffusion_1,99,7.411055582068283,7.324728710180059,0.39122284002401075
16,s4_mixed_dynamic,9.783739284953958,8.603729760291959,True,False,True,graph_diffusion_3,99,7.225828551745165,7.13518272307338,0.25818699035073445
16,s4_mixed_dynamic,9.783739284953958,8.603729760291959,True,False,True,laplacian,99,7.493759711642235,7.411614487661692,0.42237213795107625
17,s4_mixed_dynamic,9.816728934060924,8.290196131329282,True,False,True,static_raw,99,8.557072535119682,9.269052826418111,0.5265446025028016
17,s4_mixed_dynamic,9.816728934060924,8.290196131329282,True,False,True,graph_diffusion_1,99,8.475629937657192,9.193545483974109,0.42996580412953495
17,s4_mixed_dynamic,9.816728934060924,8.290196131329282,True,False,True,graph_diffusion_3,99,8.351268011810848,9.064683527338296,0.31200641847946914
17,s4_mixed_dynamic,9.816728934060924,8.290196131329282,True,False,True,laplacian,99,8.505789126759272,9.193289830127934,0.4554890039457298
18,s4_mixed_dynamic,9.898369940505676,8.170920930516099,True,False,True,static_raw,99,9.24018294550137,9.292844307549018,0.6680339546801563
18,s4_mixed_dynamic,9.898369940505676,8.170920930516099,True,False,True,graph_diffusion_1,99,9.164266055560732,9.213872905472797,0.5561872983046777
18,s4_mixed_dynamic,9.898369940505676,8.170920930516099,True,False,True,graph_diffusion_3,99,9.034927065220554,9.078478674399909,0.4110174336617418
18,s4_mixed_dynamic,9.898369940505676,8.170920930516099,True,False,True,laplacian,99,9.168417722701413,9.215861551745638,0.5794823556509112
19,s4_mixed_dynamic,9.760036529571131,8.31653053319644,True,False,True,static_raw,89,9.102199065151641,7.595117269890632,0.5333604005524241
19,s4_mixed_dynamic,9.760036529571131,8.31653053319644,True,False,True,graph_diffusion_1,89,9.05563139049968,7.626796146527491,0.4095485280501523
19,s4_mixed_dynamic,9.760036529571131,8.31653053319644,True,False,True,graph_diffusion_3,89,8.954610107155906,7.638725172635193,0.2745102388864332
19,s4_mixed_dynamic,9.760036529571131,8.31653053319644,True,False,True,laplacian,89,9.018891122280023,7.586192590869763,0.4253544690026266
20,s4_mixed_dynamic,9.637633694040824,8.49751598572513,True,False,True,static_raw,89,9.415106083026492,8.80021309516973,0.5747330397067835
20,s4_mixed_dynamic,9.637633694040824,8.49751598572513,True,False,True,graph_diffusion_1,89,9.349523028898282,8.768974179074762,0.47371812790884105
20,s4_mixed_dynamic,9.637633694040824,8.49751598572513,True,False,True,graph_diffusion_3,89,9.22374675095407,8.70087296748037,0.3490151342839041
20,s4_mixed_dynamic,9.637633694040824,8.49751598572513,True,False,True,laplacian,89,9.325232904713308,8.761599771055975,0.47646454616317513
21,s4_mixed_dynamic,9.488164788775736,8.737066335022115,True,False,True,static_raw,89,9.490319078648458,8.86925555039825,0.552199600603393
21,s4_mixed_dynamic,9.488164788775736,8.737066335022115,True,False,True,graph_diffusion_1,89,9.418267644716613,8.83250421704697,0.46059997742674885
21,s4_mixed_dynamic,9.488164788775736,8.737066335022115,True,False,True,graph_diffusion_3,89,9.284642377004394,8.756961295711248,0.3450305474810662
21,s4_mixed_dynamic,9.488164788775736,8.737066335022115,True,False,True,laplacian,89,9.399314517392423,8.826961633011368,0.46102773889988047
22,s4_mixed_dynamic,9.401483371555605,8.971936242221727,True,False,True,static_raw,89,8.843160261192429,8.787408173707307,0.5278557641941025
22,s4_mixed_dynamic,9.401483371555605,8.971936242221727,True,False,True,graph_diffusion_1,89,8.814029518664283,8.781994462467276,0.40479314451550485
22,s4_mixed_dynamic,9.401483371555605,8.971936242221727,True,False,True,graph_diffusion_3,89,8.739286853622257,8.741104200571234,0.276592009535946
22,s4_mixed_dynamic,9.401483371555605,8.971936242221727,True,False,True,laplacian,89,8.785281628106517,8.752293312466293,0.4254530204697243
23,s4_mixed_dynamic,9.373588623793506,9.260353868533857,False,False,True,static_raw,99,8.308503730200169,9.091893217260147,0.539234064253549
23,s4_mixed_dynamic,9.373588623793506,9.260353868533857,False,False,True,graph_diffusion_1,99,8.207129121576926,9.014427549296787,0.43766055622621475
23,s4_mixed_dynamic,9.373588623793506,9.260353868533857,False,False,True,graph_diffusion_3,99,8.056331314831796,8.88647075065983,0.313156012416713
23,s4_mixed_dynamic,9.373588623793506,9.260353868533857,False,False,True,laplacian,99,8.254911628693813,9.024146690691964,0.46514939985230497
24,s4_mixed_dynamic,9.127375220319832,9.429716922223497,False,False,True,static_raw,98,8.819616182193107,9.276762541354909,0.5910652911789075
24,s4_mixed_dynamic,9.127375220319832,9.429716922223497,False,False,True,graph_diffusion_1,98,8.803274591959052,9.222002525645664,0.466601135617324
24,s4_mixed_dynamic,9.127375220319832,9.429716922223497,False,False,True,graph_diffusion_3,98,8.750495367653496,9.112855355070629,0.3277582613943071
24,s4_mixed_dynamic,9.127375220319832,9.429716922223497,False,False,True,laplacian,98,8.782606029131474,9.200486045297831,0.48114427968129864
25,s4_mixed_dynamic,8.726509377545842,9.486750180536124,False,True,True,static_raw,55,6.414831763729799,7.1425430149369085,0.5002224554243476
25,s4_mixed_dynamic,8.726509377545842,9.486750180536124,False,True,True,graph_diffusion_1,55,6.421736298055254,7.133480665772674,0.37388794612799203
25,s4_mixed_dynamic,8.726509377545842,9.486750180536124,False,True,True,graph_diffusion_3,55,6.424986318903323,7.108002290237941,0.22716375418420146
25,s4_mixed_dynamic,8.726509377545842,9.486750180536124,False,True,True,laplacian,55,6.409320669551402,7.118617002092775,0.3651393888195191
26,s4_mixed_dynamic,8.556615925716626,9.685615586341887,False,True,True,static_raw,98,8.320492326328381,8.388010501929918,0.5193028626934466
26,s4_mixed_dynamic,8.556615925716626,9.685615586341887,False,True,True,graph_diffusion_1,98,8.335262789063407,8.365738578602333,0.38948071604233464
26,s4_mixed_dynamic,8.556615925716626,9.685615586341887,False,True,True,graph_diffusion_3,98,8.32338240765115,8.29964455627529,0.2520105707821068
26,s4_mixed_dynamic,8.556615925716626,9.685615586341887,False,True,True,laplacian,98,8.302014837012155,8.337567811990306,0.41139605504163107
27,s4_mixed_dynamic,8.275272196622463,9.90949250147166,False,True,True,static_raw,55,6.263592882656081,7.131415061876014,0.5001955648347939
27,s4_mixed_dynamic,8.275272196622463,9.90949250147166,False,True,True,graph_diffusion_1,55,6.271440873090278,7.121224240681461,0.3743075360886589
27,s4_mixed_dynamic,8.275272196622463,9.90949250147166,False,True,True,graph_diffusion_3,55,6.279336541595807,7.096902004151454,0.22761823747827342
27,s4_mixed_dynamic,8.275272196622463,9.90949250147166,False,True,True,laplacian,55,6.260795590808086,7.107953208861915,0.3652154044885024
28,s4_mixed_dynamic,8.516464193829812,9.620395436542294,False,True,True,static_raw,98,7.496429295431042,9.364766072490456,0.6204829976988478
28,s4_mixed_dynamic,8.516464193829812,9.620395436542294,False,True,True,graph_diffusion_1,98,7.5306579720667495,9.310135777639879,0.47623748725342596
28,s4_mixed_dynamic,8.516464193829812,9.620395436542294,False,True,True,graph_diffusion_3,98,7.540826006849504,9.200153639050226,0.3186498554892895
28,s4_mixed_dynamic,8.516464193829812,9.620395436542294,False,True,True,laplacian,98,7.489487115857139,9.283171198631907,0.49815366592431226
29,s4_mixed_dynamic,8.726745769238578,9.594339738596462,False,True,True,static_raw,89,7.999329378833704,8.505892001781355,0.5313906428386969
29,s4_mixed_dynamic,8.726745769238578,9.594339738596462,False,True,True,graph_diffusion_1,89,7.976341480695243,8.514993905769893,0.4023240091828952
29,s4_mixed_dynamic,8.726745769238578,9.594339738596462,False,True,True,graph_diffusion_3,89,7.905791493944871,8.494648260042338,0.2661636017694673
29,s4_mixed_dynamic,8.726745769238578,9.594339738596462,False,True,True,laplacian,89,7.947766146914576,8.483124954710656,0.42444696439820423
30,s4_mixed_dynamic,8.943827322619104,9.579744922705936,False,True,True,static_raw,99,7.972912054266082,9.235633437432092,0.5185481146298814
30,s4_mixed_dynamic,8.943827322619104,9.579744922705936,False,True,True,graph_diffusion_1,99,7.862730476810087,9.159936200843141,0.41878867639322465
30,s4_mixed_dynamic,8.943827322619104,9.579744922705936,False,True,True,graph_diffusion_3,99,7.702980497564006,9.03158773490527,0.2974114937420066
30,s4_mixed_dynamic,8.943827322619104,9.579744922705936,False,True,True,laplacian,99,7.924075177960402,9.161347946830116,0.4460240280825398
31,s4_mixed_dynamic,9.351601400735191,9.795243901577573,False,True,True,static_raw,99,8.788826001885639,9.322769435690487,0.6449233862719355
31,s4_mixed_dynamic,9.351601400735191,9.795243901577573,False,True,True,graph_diffusion_1,99,8.701056460558817,9.243531236376715,0.5347525761105407
31,s4_mixed_dynamic,9.351601400735191,9.795243901577573,False,True,True,graph_diffusion_3,99,8.561434336395909,9.106936124625625,0.39257832628955636
31,s4_mixed_dynamic,9.351601400735191,9.795243901577573,False,True,True,laplacian,99,8.724036415323974,9.24385529323258,0.5585313353725726
32,s4_mixed_dynamic,9.577016681956424,9.919176372465715,False,True,True,static_raw,99,9.146849596338411,9.245384683764449,0.632924053518573
32,s4_mixed_dynamic,9.577016681956424,9.919176372465715,False,True,True,graph_diffusion_1,99,9.070835078602315,9.167129267347853,0.5257039106142017
32,s4_mixed_dynamic,9.577016681956424,9.919176372465715,False,True,True,graph_diffusion_3,99,8.943438431522038,9.034047457867647,0.3881666173899002
32,s4_mixed_dynamic,9.577016681956424,9.919176372465715,False,True,True,laplacian,99,9.078524108203199,9.170967066194898,0.5495799836414536
33,s4_mixed_dynamic,9.147990241252389,9.767587766470918,False,True,True,static_raw,99,9.20227718403238,8.924949082861325,0.5856499323064219
33,s4_mixed_dynamic,9.147990241252389,9.767587766470918,False,True,True,graph_diffusion_1,99,9.125971169448228,8.844949037075356,0.48014984617186635
33,s4_mixed_dynamic,9.147990241252389,9.767587766470918,False,True,True,graph_diffusion_3,99,8.997450667232146,8.716501086025593,0.34828337480214516
33,s4_mixed_dynamic,9.147990241252389,9.767587766470918,False,True,True,laplacian,99,9.13036261143591,8.863594081660622,0.5062456423580886
34,s4_mixed_dynamic,8.966209639861209,9.397254516581212,False,True,True,static_raw,89,5.957105080901247,8.583819856628274,0.4486897895835398
34,s4_mixed_dynamic,8.966209639861209,9.397254516581212,False,True,True,graph_diffusion_1,89,5.961077792622962,8.586292313014729,0.33393425823543027
34,s4_mixed_dynamic,8.966209639861209,9.397254516581212,False,True,True,graph_diffusion_3,89,5.916714660910241,8.556752599144636,0.21441533194517148
34,s4_mixed_dynamic,8.966209639861209,9.397254516581212,False,True,True,laplacian,89,5.926763135907714,8.555785788165327,0.3538041778522092
35,s4_mixed_dynamic,8.92197380793632,9.185323746168985,False,True,True,static_raw,55,6.942945848387043,6.33130394193522,0.5019341175229747
35,s4_mixed_dynamic,8.92197380793632,9.185323746168985,False,True,True,graph_diffusion_1,55,6.943961773486977,6.336617671394722,0.37570220928632014
35,s4_mixed_dynamic,8.92197380793632,9.185323746168985,False,True,True,graph_diffusion_3,55,6.939564259147991,6.343138320706787,0.2288194860501626
35,s4_mixed_dynamic,8.92197380793632,9.185323746168985,False,True,True,laplacian,55,6.929770598364351,6.32823299764968,0.36702914395265823
36,s4_mixed_dynamic,8.914109042937588,8.939758011878457,False,True,True,static_raw,95,6.381253158183551,8.173428121381756,0.49999999995100003
36,s4_mixed_dynamic,8.914109042937588,8.939758011878457,False,True,True,graph_diffusion_1,95,6.391859903370532,8.126171836654652,0.37781347219412875
36,s4_mixed_dynamic,8.914109042937588,8.939758011878457,False,True,True,graph_diffusion_3,95,6.405487123971306,8.042514239933604,0.2370475265399639
36,s4_mixed_dynamic,8.914109042937588,8.939758011878457,False,True,True,laplacian,95,6.373520912998629,8.124935300462774,0.39157089413288054
37,s4_mixed_dynamic,9.07928845907877,8.665910920697108,False,True,True,static_raw,89,8.987742740035667,8.471389695819646,0.5686031539648811
37,s4_mixed_dynamic,9.07928845907877,8.665910920697108,False,True,True,graph_diffusion_1,89,8.950705102261598,8.481213049247108,0.4364306948793833
37,s4_mixed_dynamic,9.07928845907877,8.665910920697108,False,True,True,graph_diffusion_3,89,8.865730923938111,8.46232916695588,0.2955883959453012
37,s4_mixed_dynamic,9.07928845907877,8.665910920697108,False,True,True,laplacian,89,8.924342304761192,8.450495642628933,0.45830635529706126
38,s4_mixed_dynamic,9.268317079915311,8.479283196707053,False,True,True,static_raw,95,6.90589510339265,8.495718284785527,0.49999999995100003
38,s4_mixed_dynamic,9.268317079915311,8.479283196707053,False,True,True,graph_diffusion_1,95,6.923639389152697,8.450346779367088,0.37725179819669746
38,s4_mixed_dynamic,9.268317079915311,8.479283196707053,False,True,True,graph_diffusion_3,95,6.945466277087864,8.368805617116818,0.23631568436471312
38,s4_mixed_dynamic,9.268317079915311,8.479283196707053,False,True,True,laplacian,95,6.893642940693989,8.444585924009596,0.39161345527765207
39,s4_mixed_dynamic,9.629151173072932,8.405680386891111,False,False,True,static_raw,89,8.978493669038578,8.104439644760527,0.5732813472655438
39,s4_mixed_dynamic,9.629151173072932,8.405680386891111,False,False,True,graph_diffusion_1,89,8.937670244607828,8.124473554522256,0.43888908814867683
39,s4_mixed_dynamic,9.629151173072932,8.405680386891111,False,False,True,graph_diffusion_3,89,8.846888830222603,8.119558881128686,0.29416791229268935
39,s4_mixed_dynamic,9.629151173072932,8.405680386891111,False,False,True,laplacian,89,8.91072031146201,8.092443065567272,0.4602395068389208
40,s4_mixed_dynamic,9.137911967096755,8.357214530377181,False,False,True,static_raw,89,9.423827147954176,8.180446774710449,0.6182564500739886
40,s4_mixed_dynamic,9.137911967096755,8.357214530377181,False,False,True,graph_diffusion_1,89,9.364184993782573,8.197498655666356,0.48172918062034825
40,s4_mixed_dynamic,9.137911967096755,8.357214530377181,False,False,True,graph_diffusion_3,89,9.247454698703391,8.190219628043176,0.3301462105521838
40,s4_mixed_dynamic,9.137911967096755,8.357214530377181,False,False,True,laplacian,89,9.337986172026305,8.166449753590802,0.49951958044544686
41,s4_mixed_dynamic,8.850804346095984,8.419767971950433,False,False,True,static_raw,88,7.059456758565121,7.963275642479704,0.5323899624398566
41,s4_mixed_dynamic,8.850804346095984,8.419767971950433,False,False,True,graph_diffusion_1,88,7.093405374557014,7.981586604630323,0.395591820170724
41,s4_mixed_dynamic,8.850804346095984,8.419767971950433,False,False,True,graph_diffusion_3,88,7.14109780403175,8.001671479706529,0.24269303848686397
41,s4_mixed_dynamic,8.850804346095984,8.419767971950433,False,False,True,laplacian,88,7.052752807341729,7.952806982609826,0.394433657997196
42,s4_mixed_dynamic,8.608468710412893,8.558343031691317,False,False,True,static_raw,88,8.215561233325417,8.760657455262109,0.5725614140636337
42,s4_mixed_dynamic,8.608468710412893,8.558343031691317,False,False,True,graph_diffusion_1,88,8.224165203882897,8.74371418488907,0.434781469201458
42,s4_mixed_dynamic,8.608468710412893,8.558343031691317,False,False,True,graph_diffusion_3,88,8.227557971918142,8.704961576094524,0.27863473062239225
42,s4_mixed_dynamic,8.608468710412893,8.558343031691317,False,False,True,laplacian,88,8.19848561845534,8.727263420562702,0.43251369401376777
43,s4_mixed_dynamic,8.31237088540844,8.610789569269624,False,False,True,static_raw,88,8.589462583449126,8.53280956544586,0.5785396882795577
43,s4_mixed_dynamic,8.31237088540844,8.610789569269624,False,False,True,graph_diffusion_1,88,8.582623018729457,8.528148374962305,0.4391463776639094
43,s4_mixed_dynamic,8.31237088540844,8.610789569269624,False,False,True,graph_diffusion_3,88,8.560964393224168,8.510349642030146,0.28120120689966144
43,s4_mixed_dynamic,8.31237088540844,8.610789569269624,False,False,True,laplacian,88,8.563832525310762,8.509727887584964,0.43679743010332295
44,s4_mixed_dynamic,7.876973615803656,8.676310108296393,False,False,True,static_raw,87,6.961983624593471,8.446143596498665,0.5569787858863471
44,s4_mixed_dynamic,7.876973615803656,8.676310108296393,False,False,True,graph_diffusion_1,87,6.971943842342918,8.44780965540648,0.4250883596866061
44,s4_mixed_dynamic,7.876973615803656,8.676310108296393,False,False,True,graph_diffusion_3,87,6.9911260940469235,8.438528286726239,0.2710027665927448
44,s4_mixed_dynamic,7.876973615803656,8.676310108296393,False,False,True,laplacian,87,6.96107743088972,8.426558478419551,0.41845639778494353
45,s4_mixed_dynamic,7.69864374306643,8.764902399912266,True,False,True,static_raw,87,4.23065691494395,6.640806671668991,0.49998518059187314
45,s4_mixed_dynamic,7.69864374306643,8.764902399912266,True,False,True,graph_diffusion_1,87,4.293343161533751,6.67574287753853,0.3721390758093117
45,s4_mixed_dynamic,7.69864374306643,8.764902399912266,True,False,True,graph_diffusion_3,87,4.402626866157612,6.722698803591245,0.22556107663226094
45,s4_mixed_dynamic,7.69864374306643,8.764902399912266,True,False,True,laplacian,87,4.259236229377236,6.636958864974997,0.36492564504240455
46,s4_mixed_dynamic,7.492119654821085,8.780131979271454,True,False,True,static_raw,87,4.036960097492412,8.277027633154031,0.500000089349757
46,s4_mixed_dynamic,7.492119654821085,8.780131979271454,True,False,True,graph_diffusion_1,87,4.1447351568230255,8.277745506533588,0.37533823730912513
46,s4_mixed_dynamic,7.492119654821085,8.780131979271454,True,False,True,graph_diffusion_3,87,4.322498201672433,8.268969624981787,0.23028331052378673
46,s4_mixed_dynamic,7.492119654821085,8.780131979271454,True,False,True,laplacian,87,4.079685340352788,8.260109882315831,0.36493758964291984
47,s4_mixed_dynamic,7.191471021360378,8.723132508528103,True,False,True,static_raw,87,5.670602467120723,8.768777899116508,0.5173846503930501
47,s4_mixed_dynamic,7.191471021360378,8.723132508528103,True,False,True,graph_diffusion_1,87,5.692625358737803,8.754207495471375,0.3890926496164556
47,s4_mixed_dynamic,7.191471021360378,8.723132508528103,True,False,True,graph_diffusion_3,87,5.727386483766847,8.717755583673267,0.24061358445604372
47,s4_mixed_dynamic,7.191471021360378,8.723132508528103,True,False,True,laplacian,87,5.670594782152664,8.734660933251988,0.3815593131120033
48,s4_mixed_dynamic,6.992004119632241,8.748418280606632,True,False,True,static_raw,97,7.343338720450028,9.225778441787742,0.5632127953858115
48,s4_mixed_dynamic,6.992004119632241,8.748418280606632,True,False,True,graph_diffusion_1,97,7.346192109882611,9.175352077773033,0.4401257751852802
48,s4_mixed_dynamic,6.992004119632241,8.748418280606632,True,False,True,graph_diffusion_3,97,7.351257904651613,9.080705649128179,0.2965611785832054
48,s4_mixed_dynamic,6.992004119632241,8.748418280606632,True,False,True,laplacian,97,7.339013930419142,9.155067355790575,0.45346486059579594
49,s4_mixed_dynamic,6.846275017181253,8.922858028731762,True,False,True,static_raw,97,7.256596424213992,9.140318353578676,0.584198308803801
49,s4_mixed_dynamic,6.846275017181253,8.922858028731762,True,False,True,graph_diffusion_1,97,7.255602576952552,9.093260556157361,0.46021829554575955
49,s4_mixed_dynamic,6.846275017181253,8.922858028731762,True,False,True,graph_diffusion_3,97,7.2642928403647575,9.006426781721057,0.3125197018030316
49,s4_mixed_dynamic,6.846275017181253,8.922858028731762,True,False,True,laplacian,97,7.255809127622484,9.074797090075805,0.47177701264258537
50,s4_mixed_dynamic,6.689596236262092,9.105068122957537,True,False,True,static_raw,86,3.617540289040635,8.923701993019865,0.5000000000373265
50,s4_mixed_dynamic,6.689596236262092,9.105068122957537,True,False,True,graph_diffusion_1,86,3.75288989005763,8.882784618456697,0.38011544856680524
50,s4_mixed_dynamic,6.689596236262092,9.105068122957537,True,False,True,graph_diffusion_3,86,3.9512798069247568,8.810416832690777,0.2373250689608731
50,s4_mixed_dynamic,6.689596236262092,9.105068122957537,True,False,True,laplacian,86,3.653774622565058,8.880047346561849,0.36493499092794474
51,s4_mixed_dynamic,6.651524336471364,9.303485813902295,True,False,True,static_raw,96,5.993660868567872,9.474615965008493,0.5961765143294809
51,s4_mixed_dynamic,6.651524336471364,9.303485813902295,True,False,True,graph_diffusion_1,96,5.993219314899573,9.411957780211614,0.4803290030468323
51,s4_mixed_dynamic,6.651524336471364,9.303485813902295,True,False,True,graph_diffusion_3,96,5.993153860492612,9.295539106282472,0.3370914825078159
51,s4_mixed_dynamic,6.651524336471364,9.303485813902295,True,False,True,laplacian,96,5.99362764378963,9.3851341578516,0.48484695548409273
52,s4_mixed_dynamic,6.511030711247975,9.630572115899897,True,False,True,static_raw,96,3.504040754827509,8.75992847330245,0.49999999995100003
52,s4_mixed_dynamic,6.511030711247975,9.630572115899897,True,False,True,graph_diffusion_1,96,3.5536325242459568,8.710785017072064,0.38481853319914444
52,s4_mixed_dynamic,6.511030711247975,9.630572115899897,True,False,True,graph_diffusion_3,96,3.6354221129634547,8.62229760115782,0.2482195605357881
52,s4_mixed_dynamic,6.511030711247975,9.630572115899897,True,False,True,laplacian,96,3.5494822608694445,8.69909194198118,0.3915389088958373
53,s4_mixed_dynamic,6.420605168362592,9.834308948608536,True,False,True,static_raw,96,5.207932619220053,9.338591990435372,0.5016161308738643
53,s4_mixed_dynamic,6.420605168362592,9.834308948608536,True,False,True,graph_diffusion_1,96,5.198924761606074,9.282799074636165,0.38347332955663277
53,s4_mixed_dynamic,6.420605168362592,9.834308948608536,True,False,True,graph_diffusion_3,96,5.185111045165221,9.178825319569986,0.24747718432966348
53,s4_mixed_dynamic,6.420605168362592,9.834308948608536,True,False,True,laplacian,96,5.207923859913584,9.260209421128643,0.39478766739666316
54,s4_mixed_dynamic,6.482295444389094,9.655075180886994,True,False,True,static_raw,96,5.17803455570482,9.399173203762519,0.5511466519079381
54,s4_mixed_dynamic,6.482295444389094,9.655075180886994,True,False,True,graph_diffusion_1,96,5.172603391661121,9.339836220188271,0.42128826672691666
54,s4_mixed_dynamic,6.482295444389094,9.655075180886994,True,False,True,graph_diffusion_3,96,5.163874016395397,9.229608038053833,0.269599052038802
54,s4_mixed_dynamic,6.482295444389094,9.655075180886994,True,False,True,laplacian,96,5.178034526048896,9.315523161198259,0.43226446865408696
55,s4_mixed_dynamic,6.562363950563185,9.549970952544058,True,False,True,static_raw,96,7.816615208469216,7.725791832702196,0.49999999998380346
55,s4_mixed_dynamic,6.562363950563185,9.549970952544058,True,False,True,graph_diffusion_1,96,7.801269207018492,7.682674855180356,0.38057734527529896
55,s4_mixed_dynamic,6.562363950563185,9.549970952544058,True,False,True,graph_diffusion_3,96,7.7698292393736,7.6068214729008945,0.24160401439371446
55,s4_mixed_dynamic,6.562363950563185,9.549970952544058,True,False,True,laplacian,96,7.783885446974933,7.67961816014053,0.39154809389884776
56,s4_mixed_dynamic,6.608994574111493,9.255964739086862,True,False,True,static_raw,96,6.622396379770239,9.488749347725282,0.5253625505825511
56,s4_mixed_dynamic,6.608994574111493,9.255964739086862,True,False,True,graph_diffusion_1,96,6.627665433853688,9.425363609354912,0.42303796682180606
56,s4_mixed_dynamic,6.608994574111493,9.255964739086862,True,False,True,graph_diffusion_3,96,6.632997193220032,9.30706490467162,0.29647586690540967
56,s4_mixed_dynamic,6.608994574111493,9.255964739086862,True,False,True,laplacian,96,6.620521497539958,9.398078288398496,0.42809042591948004
57,s4_mixed_dynamic,6.638238185227195,8.788984466893778,True,False,True,static_raw,86,5.7503565071515155,8.96491765825841,0.5002201426876959
57,s4_mixed_dynamic,6.638238185227195,8.788984466893778,True,False,True,graph_diffusion_1,86,5.764858005547945,8.936682280911258,0.3758808728400978
57,s4_mixed_dynamic,6.638238185227195,8.788984466893778,True,False,True,graph_diffusion_3,86,5.786779162885936,8.87802882685715,0.23690897206164233
57,s4_mixed_dynamic,6.638238185227195,8.788984466893778,True,False,True,laplacian,86,5.750329448263864,8.918212756398374,0.36846539353619456
58,s4_mixed_dynamic,6.715833516903254,8.506019535638835,True,False,True,static_raw,86,7.977597377720304,7.627411081339928,0.4999999866491344
58,s4_mixed_dynamic,6.715833516903254,8.506019535638835,True,False,True,graph_diffusion_1,86,7.916992753251398,7.65192786737328,0.3747041277016828
58,s4_mixed_dynamic,6.715833516903254,8.506019535638835,True,False,True,graph_diffusion_3,86,7.81839069520294,7.680217379322205,0.229841109581063
58,s4_mixed_dynamic,6.715833516903254,8.506019535638835,True,False,True,laplacian,86,7.933446045373939,7.6201381673724615,0.36496944657163416
59,s4_mixed_dynamic,6.712650009001855,8.176417392861678,False,False,True,static_raw,86,5.826207505635922,8.41222325895512,0.5513038026221226
59,s4_mixed_dynamic,6.712650009001855,8.176417392861678,False,False,True,graph_diffusion_1,86,5.832685270668644,8.41454645830143,0.4181436257508715
59,s4_mixed_dynamic,6.712650009001855,8.176417392861678,False,False,True,graph_diffusion_3,86,5.841635540130901,8.406073930089898,0.26371759088680063
59,s4_mixed_dynamic,6.712650009001855,8.176417392861678,False,False,True,laplacian,86,5.8261714960472615,8.394106047223433,0.4109925888603919
60,s4_mixed_dynamic,6.866771266170202,7.830791223796943,False,False,True,static_raw,77,6.32918703000487,7.939835737401823,0.4893971916941697
60,s4_mixed_dynamic,6.866771266170202,7.830791223796943,False,False,True,graph_diffusion_1,77,6.328324233302207,7.934136549457071,0.3678774206817928
60,s4_mixed_dynamic,6.866771266170202,7.830791223796943,False,False,True,graph_diffusion_3,77,6.334018614043799,7.922837608130195,0.22706855776441867
60,s4_mixed_dynamic,6.866771266170202,7.830791223796943,False,False,True,laplacian,77,6.328861443391577,7.926462081488211,0.35945064552868256
61,s4_mixed_dynamic,6.935196676516079,7.575933102373101,False,False,True,static_raw,77,6.595415968925996,7.409412916607948,0.554685704886771
61,s4_mixed_dynamic,6.935196676516079,7.575933102373101,False,False,True,graph_diffusion_1,77,6.595065939381452,7.410281443837836,0.4209810788703052
61,s4_mixed_dynamic,6.935196676516079,7.575933102373101,False,False,True,graph_diffusion_3,77,6.600056255115616,7.413802910565328,0.26261915807552955
61,s4_mixed_dynamic,6.935196676516079,7.575933102373101,False,False,True,laplacian,77,6.59449867711262,7.404337569062112,0.41059070689543503
62,s4_mixed_dynamic,6.925151254140051,7.098088212920689,False,False,True,static_raw,76,7.524784079754391,7.500693968019387,0.5006359029282967
62,s4_mixed_dynamic,6.925151254140051,7.098088212920689,False,False,True,graph_diffusion_1,76,7.520075417025702,7.500931952557006,0.3763230326664921
62,s4_mixed_dynamic,6.925151254140051,7.098088212920689,False,False,True,graph_diffusion_3,76,7.503703716479777,7.50124857132316,0.2318785373644591
62,s4_mixed_dynamic,6.925151254140051,7.098088212920689,False,False,True,laplacian,76,7.508061129938811,7.494864235931371,0.3679247186865284
63,s4_mixed_dynamic,6.9536901632065256,6.989777604364947,False,False,True,static_raw,76,6.386291776413475,7.295126322981656,0.5045829988361172
63,s4_mixed_dynamic,6.9536901632065256,6.989777604364947,False,False,True,graph_diffusion_1,76,6.388052056963277,7.29690896293272,0.38240180756975833
63,s4_mixed_dynamic,6.9536901632065256,6.989777604364947,False,False,True,graph_diffusion_3,76,6.389532667610192,7.301396396882283,0.2391279210620254
63,s4_mixed_dynamic,6.9536901632065256,6.989777604364947,False,False,True,laplacian,76,6.383652392619136,7.290980613053831,0.37361997151548865
64,s4_mixed_dynamic,6.966708536003405,6.623992067365702,False,False,True,static_raw,67,7.415603212675359,7.029815165036098,0.5445256808768953
64,s4_mixed_dynamic,6.966708536003405,6.623992067365702,False,False,True,graph_diffusion_1,67,7.417312496686618,7.032960325717218,0.41376058741730154
64,s4_mixed_dynamic,6.966708536003405,6.623992067365702,False,False,True,graph_diffusion_3,67,7.419533235201547,7.033327072785512,0.2597397762502268
64,s4_mixed_dynamic,6.966708536003405,6.623992067365702,False,False,True,laplacian,67,7.409365376242306,7.023097843579765,0.40438153862880755
65,s4_mixed_dynamic,7.006265988225517,6.167924934295798,False,True,True,static_raw,69,8.195778100301997,6.267721040080761,0.5173807742531931
65,s4_mixed_dynamic,7.006265988225517,6.167924934295798,False,True,True,graph_diffusion_1,69,8.148759253019822,6.266646572244397,0.39712202929011203
65,s4_mixed_dynamic,7.006265988225517,6.167924934295798,False,True,True,graph_diffusion_3,69,8.064893680977994,6.265251136769112,0.2580409116746819
65,s4_mixed_dynamic,7.006265988225517,6.167924934295798,False,True,True,laplacian,69,8.145154925425523,6.267157154708287,0.4098563023156545
66,s4_mixed_dynamic,7.195573035758812,5.900698987196131,False,True,True,static_raw,69,8.181777091536622,5.9984993460726,0.5035236440039605
66,s4_mixed_dynamic,7.195573035758812,5.900698987196131,False,True,True,graph_diffusion_1,69,8.137147811995957,5.993265996398988,0.38344049719165313
66,s4_mixed_dynamic,7.195573035758812,5.900698987196131,False,True,True,graph_diffusion_3,69,8.05858879751387,5.985267312359302,0.2451929913438906
66,s4_mixed_dynamic,7.195573035758812,5.900698987196131,False,True,True,laplacian,69,8.134489306765147,5.998440592281779,0.3964229122045499
67,s4_mixed_dynamic,7.214622128011173,5.480629494443392,False,True,True,static_raw,45,6.787376333738643,5.2315151396163895,0.5065980208282103
67,s4_mixed_dynamic,7.214622128011173,5.480629494443392,False,True,True,graph_diffusion_1,45,6.78496998265075,5.233432341363765,0.38113322326353644
67,s4_mixed_dynamic,7.214622128011173,5.480629494443392,False,True,True,graph_diffusion_3,45,6.777231098208544,5.236606008565559,0.23454428446286404
67,s4_mixed_dynamic,7.214622128011173,5.480629494443392,False,True,True,laplacian,45,6.775919606335332,5.231230673888948,0.37161280199235247
68,s4_mixed_dynamic,7.224596969394833,5.365365355851328,False,True,True,static_raw,45,6.188975896467348,5.312870875983058,0.5073844179507812
68,s4_mixed_dynamic,7.224596969394833,5.365365355851328,False,True,True,graph_diffusion_1,45,6.192406487959066,5.314880756907008,0.3835564202608824
68,s4_mixed_dynamic,7.224596969394833,5.365365355851328,False,True,True,graph_diffusion_3,45,6.19842484965036,5.319078044246098,0.23888406955980143
68,s4_mixed_dynamic,7.224596969394833,5.365365355851328,False,True,True,laplacian,45,6.187709225554567,5.312682696231259,0.37408415119144717
69,s4_mixed_dynamic,7.3987606078939105,4.973012310374174,False,True,True,static_raw,5,6.68112367209959,2.9438115634219977,0.5000023284919359
69,s4_mixed_dynamic,7.3987606078939105,4.973012310374174,False,True,True,graph_diffusion_1,5,6.694070550764272,3.005957823868388,0.37824864792955676
69,s4_mixed_dynamic,7.3987606078939105,4.973012310374174,False,True,True,graph_diffusion_3,5,6.7119843121449705,3.1126552790886377,0.2376882404454945
69,s4_mixed_dynamic,7.3987606078939105,4.973012310374174,False,True,True,laplacian,5,6.673007148485997,2.989577286072842,0.39154496775676706
70,s4_mixed_dynamic,7.635914401899096,4.715226258016342,False,True,True,static_raw,48,7.924901977112912,5.12621925303373,0.5073922284460608
70,s4_mixed_dynamic,7.635914401899096,4.715226258016342,False,True,True,graph_diffusion_1,48,7.941875810655547,5.1218931273156425,0.3800528705768545
70,s4_mixed_dynamic,7.635914401899096,4.715226258016342,False,True,True,graph_diffusion_3,48,7.956632938869138,5.11672101449851,0.23593328026296664
70,s4_mixed_dynamic,7.635914401899096,4.715226258016342,False,True,True,laplacian,48,7.917143457065081,5.126113143342836,0.3750962310266899
71,s4_mixed_dynamic,7.871357392106725,4.543524489496297,False,True,True,static_raw,48,7.903546663696429,3.5738736182578843,0.5121006712821327
71,s4_mixed_dynamic,7.871357392106725,4.543524489496297,False,True,True,graph_diffusion_1,48,7.917816109657326,3.584319349376827,0.3842983783401178
71,s4_mixed_dynamic,7.871357392106725,4.543524489496297,False,True,True,graph_diffusion_3,48,7.928815715910282,3.5993107709375236,0.23878010896396432
71,s4_mixed_dynamic,7.871357392106725,4.543524489496297,False,True,True,laplacian,48,7.895328193422302,3.578983030822779,0.3788357592869742
72,s4_mixed_dynamic,8.272955973874682,4.373796974104669,False,True,True,static_raw,59,9.30029414073282,5.051266726980805,0.580831675278003
72,s4_mixed_dynamic,8.272955973874682,4.373796974104669,False,True,True,graph_diffusion_1,59,9.244306132119503,5.047952780564834,0.46117056870800943
72,s4_mixed_dynamic,8.272955973874682,4.373796974104669,False,True,True,graph_diffusion_3,59,9.140289850889232,5.042571686709802,0.31769236170436654
72,s4_mixed_dynamic,8.272955973874682,4.373796974104669,False,True,True,laplacian,59,9.222692441396962,5.05127212527387,0.46956401827900973
73,s4_mixed_dynamic,8.62151579149036,4.028494957379147,False,True,True,static_raw,9,9.326704998644189,2.4185925608816703,0.49999999995100014
73,s4_mixed_dynamic,8.62151579149036,4.028494957379147,False,True,True,graph_diffusion_1,9,9.250423762033886,2.534455490873374,0.3935537873470141
73,s4_mixed_dynamic,8.62151579149036,4.028494957379147,False,True,True,graph_diffusion_3,9,9.119531871254502,2.698855193806586,0.26262050622878164
73,s4_mixed_dynamic,8.62151579149036,4.028494957379147,False,True,True,laplacian,9,9.246610041738906,2.4644863197962756,0.4222264720028325
74,s4_mixed_dynamic,8.748435457425892,3.685738487590071,False,True,True,static_raw,45,7.342703874010643,4.8471725417765885,0.5003566080283164
74,s4_mixed_dynamic,8.748435457425892,3.685738487590071,False,True,True,graph_diffusion_1,45,7.305067225043496,4.843850673705339,0.3778285458158632
74,s4_mixed_dynamic,8.748435457425892,3.685738487590071,False,True,True,graph_diffusion_3,45,7.238392996564674,4.838644369929862,0.23303070446105956
74,s4_mixed_dynamic,8.748435457425892,3.685738487590071,False,True,True,laplacian,45,7.306804469029338,4.8471763215859935,0.36534403555963746
75,s4_mixed_dynamic,8.835085190139699,3.5526052200138745,False,False,True,static_raw,38,8.388527245845992,2.863856701399208,0.5218017910642748
75,s4_mixed_dynamic,8.835085190139699,3.5526052200138745,False,False,True,graph_diffusion_1,38,8.393840494779488,2.870319781765659,0.39717525078043
75,s4_mixed_dynamic,8.835085190139699,3.5526052200138745,False,False,True,graph_diffusion_3,38,8.390633263455122,2.876763611855611,0.25375973479565106
75,s4_mixed_dynamic,8.835085190139699,3.5526052200138745,False,False,True,laplacian,38,8.37315718190974,2.8687325265452825,0.3917348811328586
76,s4_mixed_dynamic,8.909093693609096,3.3558416683741257,False,False,True,static_raw,38,7.939982005124766,3.110073884480131,0.567700211760873
76,s4_mixed_dynamic,8.909093693609096,3.3558416683741257,False,False,True,graph_diffusion_1,38,7.954023183092717,3.1150187256199695,0.4284213529606372
76,s4_mixed_dynamic,8.909093693609096,3.3558416683741257,False,False,True,graph_diffusion_3,38,7.96464085321965,3.122233774476501,0.268387959900772
76,s4_mixed_dynamic,8.909093693609096,3.3558416683741257,False,False,True,laplacian,38,7.9317063523047375,3.1142850272922185,0.4220429472879215
77,s4_mixed_dynamic,9.099711473119482,3.177715842546163,False,False,True,static_raw,29,9.046791239098113,2.5944041023445354,0.6131101634815301
77,s4_mixed_dynamic,9.099711473119482,3.177715842546163,False,False,True,graph_diffusion_1,29,8.999950278255637,2.595241433138949,0.4807070589455384
77,s4_mixed_dynamic,9.099711473119482,3.177715842546163,False,False,True,graph_diffusion_3,29,8.915152232949362,2.5850865330741386,0.3220435326722717
77,s4_mixed_dynamic,9.099711473119482,3.177715842546163,False,False,True,laplacian,29,8.984155287021407,2.5958820946837284,0.49269859652592385
78,s4_mixed_dynamic,9.333851006911315,2.7984046692967013,False,False,True,static_raw,29,9.355585792772386,2.8115872325825166,0.6401888793265096
78,s4_mixed_dynamic,9.333851006911315,2.7984046692967013,False,False,True,graph_diffusion_1,29,9.297410607376372,2.8128738809122833,0.5102400642502938
78,s4_mixed_dynamic,9.333851006911315,2.7984046692967013,False,False,True,graph_diffusion_3,29,9.190549400401814,2.8023601778379046,0.3500389407777127
78,s4_mixed_dynamic,9.333851006911315,2.7984046692967013,False,False,True,laplacian,29,9.274397838710883,2.812324320810481,0.5178701634976154
79,s4_mixed_dynamic,9.466292753776418,2.334363853065204,False,False,True,static_raw,29,9.247300101888207,2.415392035014315,0.8034397831545022
79,s4_mixed_dynamic,9.466292753776418,2.334363853065204,False,False,True,graph_diffusion_1,29,9.19210726474264,2.4160939776422112,0.6221583967918646
79,s4_mixed_dynamic,9.466292753776418,2.334363853065204,False,False,True,graph_diffusion_3,29,9.092133093608723,2.4045309036106675,0.40430509782982116
79,s4_mixed_dynamic,9.466292753776418,2.334363853065204,False,False,True,laplacian,29,9.171910819604646,2.4190841669981547,0.6366141818590186
80,s4_mixed_dynamic,9.611899936659418,2.123312718823533,True,False,True,static_raw,19,9.217798456042377,1.357070603545059,0.4522049968581204
80,s4_mixed_dynamic,9.611899936659418,2.123312718823533,True,False,True,graph_diffusion_1,19,9.172989329834886,1.3605518372861507,0.36921342712653143
80,s4_mixed_dynamic,9.611899936659418,2.123312718823533,True,False,True,graph_diffusion_3,19,9.07946078987501,1.393635444553997,0.27473826520066924
80,s4_mixed_dynamic,9.611899936659418,2.123312718823533,True,False,True,laplacian,19,9.149872873582527,1.3878731413952023,0.3793957933843653
81,s4_mixed_dynamic,9.858322040787618,1.7145087247330029,True,False,True,static_raw,9,8.545180077889249,0.668183710718254,0.5002865275486511
81,s4_mixed_dynamic,9.858322040787618,1.7145087247330029,True,False,True,graph_diffusion_1,9,8.464941532578447,0.744708825748773,0.3941001479695599
81,s4_mixed_dynamic,9.858322040787618,1.7145087247330029,True,False,True,graph_diffusion_3,9,8.349997236557241,0.8751882546464771,0.27250659502603564
81,s4_mixed_dynamic,9.858322040787618,1.7145087247330029,True,False,True,laplacian,9,8.496975954739389,0.7488824883649553,0.4245429612133937
82,s4_mixed_dynamic,9.758809756481527,1.8587665766892736,True,False,True,static_raw,19,8.978914677734243,1.7829422095327465,0.5000193088404519
82,s4_mixed_dynamic,9.758809756481527,1.8587665766892736,True,False,True,graph_diffusion_1,19,8.941795338299858,1.764134573806932,0.3851221328813325
82,s4_mixed_dynamic,9.758809756481527,1.8587665766892736,True,False,True,graph_diffusion_3,19,8.859560268011828,1.7647897036958897,0.2611809436130409
82,s4_mixed_dynamic,9.758809756481527,1.8587665766892736,True,False,True,laplacian,19,8.915299579081898,1.7956550616055489,0.4031615351365585
83,s4_mixed_dynamic,9.674741536762076,1.980219721792202,True,False,True,static_raw,29,9.432492511105536,1.6527684496034079,0.39287060661539686
83,s4_mixed_dynamic,9.674741536762076,1.980219721792202,True,False,True,graph_diffusion_1,29,9.367774023500484,1.6684992072150302,0.32779321990076377
83,s4_mixed_dynamic,9.674741536762076,1.980219721792202,True,False,True,graph_diffusion_3,19,9.247390836191688,1.7043753492486153,0.26114682922728316
83,s4_mixed_dynamic,9.674741536762076,1.980219721792202,True,False,True,laplacian,29,9.346549775904379,1.6778388034060834,0.32949239443568196
84,s4_mixed_dynamic,9.543539060630476,2.38811292843674,True,False,True,static_raw,29,9.316690307379982,1.5100594633181021,0.5000000523609811
84,s4_mixed_dynamic,9.543539060630476,2.38811292843674,True,False,True,graph_diffusion_1,29,9.255007698087343,1.5603291961076748,0.38811616130255544
84,s4_mixed_dynamic,9.543539060630476,2.38811292843674,True,False,True,graph_diffusion_3,29,9.14357561595564,1.6393590746233258,0.2581363967128217
84,s4_mixed_dynamic,9.543539060630476,2.38811292843674,True,False,True,laplacian,29,9.240446892085286,1.5553418450144063,0.39382216690963917
85,s4_mixed_dynamic,9.538461254265044,2.548657706440192,True,False,True,static_raw,29,9.20568016339126,1.7951668722342173,0.5480688553536388
85,s4_mixed_dynamic,9.538461254265044,2.548657706440192,True,False,True,graph_diffusion_1,29,9.150533769700324,1.8151908194470177,0.42739919942166815
85,s4_mixed_dynamic,9.538461254265044,2.548657706440192,True,False,True,graph_diffusion_3,29,9.049994946154797,1.8479529703768907,0.2855168022174769
85,s4_mixed_dynamic,9.538461254265044,2.548657706440192,True,False,True,laplacian,29,9.13371352123786,1.821931809211585,0.4369673528931634
86,s4_mixed_dynamic,9.544593459510066,2.7077556794947983,True,False,True,static_raw,29,6.075494169393341,1.9871331484695531,0.49999999995100014
86,s4_mixed_dynamic,9.544593459510066,2.7077556794947983,True,False,True,graph_diffusion_1,29,6.009579978720225,1.9952876054262663,0.37910302173247584
86,s4_mixed_dynamic,9.544593459510066,2.7077556794947983,True,False,True,graph_diffusion_3,29,5.9039714054468755,2.0056909165975436,0.23778847708021453
86,s4_mixed_dynamic,9.544593459510066,2.7077556794947983,True,False,True,laplacian,29,6.032442013242748,2.006206095354612,0.39154006550129444
87,s4_mixed_dynamic,9.633379023943917,3.061085408030138,True,False,True,static_raw,39,9.057831405462455,2.4657782396219003,0.5000001611393988
87,s4_mixed_dynamic,9.633379023943917,3.061085408030138,True,False,True,graph_diffusion_1,39,9.018700651755172,2.4303378963265723,0.3723299117782754
87,s4_mixed_dynamic,9.633379023943917,3.061085408030138,True,False,True,graph_diffusion_3,39,8.944547464299658,2.384650887282815,0.23009164387923584
87,s4_mixed_dynamic,9.633379023943917,3.061085408030138,True,False,True,laplacian,39,9.003009085781978,2.473253330494563,0.39232624226969953
88,s4_mixed_dynamic,9.752600157839524,3.198956190033732,True,False,True,static_raw,39,7.778187753154363,4.915639141841484,0.5000001150425233
88,s4_mixed_dynamic,9.752600157839524,3.198956190033732,True,False,True,graph_diffusion_1,39,7.72855523756424,4.93086351371268,0.37890450331195213
88,s4_mixed_dynamic,9.752600157839524,3.198956190033732,True,False,True,graph_diffusion_3,39,7.64228448414589,4.956334322218352,0.23865779443317403
88,s4_mixed_dynamic,9.752600157839524,3.198956190033732,True,False,True,laplacian,39,7.732307737244267,4.91557927307544,0.3915474374653781
89,s4_mixed_dynamic,9.40578903862998,2.8552477628804214,True,False,True,static_raw,29,9.20195488936541,3.007180073735704,0.5166731428395195
89,s4_mixed_dynamic,9.40578903862998,2.8552477628804214,True,False,True,graph_diffusion_1,29,9.148360992020342,3.0107629165557435,0.41143617855891595
89,s4_mixed_dynamic,9.40578903862998,2.8552477628804214,True,False,True,graph_diffusion_3,29,9.050535844154654,3.0054860194135724,0.2849092146948037
89,s4_mixed_dynamic,9.40578903862998,2.8552477628804214,True,False,True,laplacian,29,9.129138180004897,3.007921772146447,0.4195702143318958
90,s4_mixed_dynamic,9.127964250423506,2.698331211248074,False,False,True,static_raw,29,8.892525885688793,2.369905097767499,0.5950954277394969
90,s4_mixed_dynamic,9.127964250423506,2.698331211248074,False,False,True,graph_diffusion_1,29,8.84395551180572,2.37450299510667,0.463314293856466
90,s4_mixed_dynamic,9.127964250423506,2.698331211248074,False,False,True,graph_diffusion_3,29,8.758964531748466,2.3733736866671977,0.3059435001773529
90,s4_mixed_dynamic,9.127964250423506,2.698331211248074,False,False,True,laplacian,29,8.830396431991664,2.379345921371127,0.4747155769980305
91,s4_mixed_dynamic,8.800406594259712,2.6051004251712406,False,False,True,static_raw,28,8.576249670479358,2.3875856390047403,0.6711901563218479
91,s4_mixed_dynamic,8.800406594259712,2.6051004251712406,False,False,True,graph_diffusion_1,28,8.572575084292854,2.3898921694279167,0.5117966960595087
91,s4_mixed_dynamic,8.800406594259712,2.6051004251712406,False,False,True,graph_diffusion_3,28,8.555041289444057,2.3866163156431948,0.3243103278030973
91,s4_mixed_dynamic,8.800406594259712,2.6051004251712406,False,False,True,laplacian,28,8.552746684655327,2.3918980418682865,0.5030480250111574
92,s4_mixed_dynamic,8.550281299097398,2.456641319624944,False,False,True,static_raw,28,8.42027931899105,2.425938092401544,0.7153331432638503
92,s4_mixed_dynamic,8.550281299097398,2.456641319624944,False,False,True,graph_diffusion_1,28,8.427703985821942,2.425874992732196,0.5396333062129867
92,s4_mixed_dynamic,8.550281299097398,2.456641319624944,False,False,True,graph_diffusion_3,28,8.42691152933269,2.4201026715107044,0.33640649837351005
92,s4_mixed_dynamic,8.550281299097398,2.456641319624944,False,False,True,laplacian,28,8.405993897503405,2.4286274293367622,0.5326144673749403
93,s4_mixed_dynamic,8.206258987477604,2.220074095586588,False,False,True,static_raw,28,8.522230078950097,2.264355914668215,0.6636321113298751
93,s4_mixed_dynamic,8.206258987477604,2.220074095586588,False,False,True,graph_diffusion_1,28,8.521281211982709,2.2697556226621227,0.5029862506851202
93,s4_mixed_dynamic,8.206258987477604,2.220074095586588,False,False,True,graph_diffusion_3,28,8.508301951597435,2.2731406709906796,0.3160812594982328
93,s4_mixed_dynamic,8.206258987477604,2.220074095586588,False,False,True,laplacian,28,8.501154776513253,2.271918699761506,0.49518131192182585
94,s4_mixed_dynamic,7.989681515495209,2.1664204126445497,False,False,True,static_raw,27,7.849898641800735,1.9753552401409689,0.31126090746298823
94,s4_mixed_dynamic,7.989681515495209,2.1664204126445497,False,False,True,graph_diffusion_1,27,7.856662006593811,1.985668549836487,0.2628947264893283
94,s4_mixed_dynamic,7.989681515495209,2.1664204126445497,False,False,True,graph_diffusion_3,27,7.866762355682783,2.0021494953844927,0.1936364581940612
94,s4_mixed_dynamic,7.989681515495209,2.1664204126445497,False,False,True,laplacian,27,7.84446375355053,1.9915227763433068,0.25466139046744823
95,s4_mixed_dynamic,7.820856477729749,2.216688844603764,False,False,True,static_raw,28,8.290536150453633,1.8832329648445456,0.5595670659161442
95,s4_mixed_dynamic,7.820856477729749,2.216688844603764,False,False,True,graph_diffusion_1,28,8.298870110231247,1.9061802126850054,0.4206048735758033
95,s4_mixed_dynamic,7.820856477729749,2.216688844603764,False,False,True,graph_diffusion_3,28,8.302406073849928,1.941317988649604,0.26183176643791917
95,s4_mixed_dynamic,7.820856477729749,2.216688844603764,False,False,True,laplacian,28,8.277469722145536,1.906091516159107,0.41415178966591765
96,s4_mixed_dynamic,7.438849577500529,2.091977264871964,False,False,True,static_raw,17,7.87754233411512,2.133229648395984,0.5237462802394023
96,s4_mixed_dynamic,7.438849577500529,2.091977264871964,False,False,True,graph_diffusion_1,17,7.864231836467031,2.117885553964953,0.3968108871129465
96,s4_mixed_dynamic,7.438849577500529,2.091977264871964,False,False,True,graph_diffusion_3,17,7.844602547114513,2.102005215668344,0.2495860420397634
96,s4_mixed_dynamic,7.438849577500529,2.091977264871964,False,False,True,laplacian,17,7.862682408320277,2.1407114872163837,0.39014717754685735
97,s4_mixed_dynamic,7.303823403549243,2.032738937171799,False,False,True,static_raw,27,7.123464505197495,2.012295458103496,0.5643042773750554
97,s4_mixed_dynamic,7.303823403549243,2.032738937171799,False,False,True,graph_diffusion_1,27,7.123192868645945,2.019973837416109,0.42889384295746186
97,s4_mixed_dynamic,7.303823403549243,2.032738937171799,False,False,True,graph_diffusion_3,27,7.128893410148197,2.035175339110834,0.26991252986869
97,s4_mixed_dynamic,7.303823403549243,2.032738937171799,False,False,True,laplacian,27,7.122759496149865,2.0279349785406735,0.418567954943682
98,s4_mixed_dynamic,7.052510845305025,1.9258529473001484,False,False,True,static_raw,17,7.6098418221194155,2.315608075172423,0.5061174573004745
98,s4_mixed_dynamic,7.052510845305025,1.9258529473001484,False,False,True,graph_diffusion_1,17,7.608799295681853,2.2988628097248704,0.38168140679392476
98,s4_mixed_dynamic,7.052510845305025,1.9258529473001484,False,False,True,graph_diffusion_3,17,7.609003053149272,2.2812688802237973,0.23884885162480735
98,s4_mixed_dynamic,7.052510845305025,1.9258529473001484,False,False,True,laplacian,17,7.604193883038599,2.320582036135255,0.37637751582500206
99,s4_mixed_dynamic,6.623312112175848,1.726390708485309,False,False,True,static_raw,16,6.616892978650138,1.8568905246464733,0.6047732279109833
99,s4_mixed_dynamic,6.623312112175848,1.726390708485309,False,False,True,graph_diffusion_1,16,6.616092980252307,1.8456703463662971,0.4598644765951226
99,s4_mixed_dynamic,6.623312112175848,1.726390708485309,False,False,True,graph_diffusion_3,16,6.615857843624483,1.8403403184615903,0.29173375646174543
99,s4_mixed_dynamic,6.623312112175848,1.726390708485309,False,False,True,laplacian,16,6.616013590949357,1.867840773829904,0.45268076647460387
