t,scenario,true_x,true_y,wifi_degraded,vlp_blocked,mixed_dynamic,gsp_method,pred_cell_id,pred_x,pred_y,max_prob
0,s1_clean,2.2799291600344294,5.687548118721819,False,False,False,static_raw,52,2.8463018176143193,4.820484733612176,0.5195301959500052
0,s1_clean,2.2799291600344294,5.687548118721819,False,False,False,graph_diffusion_1,52,2.8472797275806236,4.820174800395054,0.395301978448562
0,s1_clean,2.2799291600344294,5.687548118721819,False,False,False,graph_diffusion_3,52,2.846174296468492,4.820413533904966,0.24887616417216282
0,s1_clean,2.2799291600344294,5.687548118721819,False,False,False,laplacian,52,2.850474768238835,4.820936752538651,0.3851609865841148
1,s1_clean,2.311993742915821,5.314965509108,False,False,False,static_raw,52,1.9881347879016695,5.952185154265523,0.5420685780626607
1,s1_clean,2.311993742915821,5.314965509108,False,False,False,graph_diffusion_1,52,1.999042697412386,5.952990909444956,0.4130969131669007
1,s1_clean,2.311993742915821,5.314965509108,False,False,False,graph_diffusion_3,52,2.0192688542089443,5.953164358434519,0.2608512816171773
1,s1_clean,2.311993742915821,5.314965509108,False,False,False,laplacian,52,2.007087461002604,5.951262077959974,0.4024033567104934
2,s1_clean,2.4844149891244345,4.892233443738157,False,False,False,static_raw,42,3.3688152076134283,4.326545055797145,0.5206453270923096
2,s1_clean,2.4844149891244345,4.892233443738157,False,False,False,graph_diffusion_1,42,3.3686582114355605,4.326351395730342,0.3961261569156704
2,s1_clean,2.4844149891244345,4.892233443738157,False,False,False,graph_diffusion_3,42,3.3634903100542557,4.326015144511395,0.2492887432143023
2,s1_clean,2.4844149891244345,4.892233443738157,False,False,False,laplacian,42,3.3692450559409184,4.326657401285127,0.38574692601570876
3,s1_clean,2.842745217514855,4.547438345307587,False,False,False,static_raw,42,2.249406299017289,4.805830819375132,0.563187502760523
3,s1_clean,2.842745217514855,4.547438345307587,False,False,False,graph_diffusion_1,42,2.2546580298784544,4.806017325228267,0.43148652510303953
3,s1_clean,2.842745217514855,4.547438345307587,False,False,False,graph_diffusion_3,42,2.263714246745459,4.8056923077532065,0.27507833764688205
3,s1_clean,2.842745217514855,4.547438345307587,False,False,False,laplacian,42,2.2611826049520265,4.80582170430866,0.42018264904854524
4,s1_clean,2.9864127708382706,4.543611784897228,False,False,False,static_raw,42,2.8342904722267033,4.451356742013608,0.5691673804372948
4,s1_clean,2.9864127708382706,4.543611784897228,False,False,False,graph_diffusion_1,42,2.8337155806248973,4.451692454406762,0.4366579667460948
4,s1_clean,2.9864127708382706,4.543611784897228,False,False,False,graph_diffusion_3,42,2.82971406341543,4.452069203316616,0.2787916726150939
4,s1_clean,2.9864127708382706,4.543611784897228,False,False,False,laplacian,42,2.8371829664265054,4.451470075211271,0.4250525023820694
5,s1_clean,3.340887948111646,4.334249547684212,False,False,False,static_raw,43,3.665406158126408,4.445504685793348,0.6003768209819449
5,s1_clean,3.340887948111646,4.334249547684212,False,False,False,graph_diffusion_1,43,3.664805683124419,4.44549843571921,0.4633400287229672
5,s1_clean,3.340887948111646,4.334249547684212,False,False,False,graph_diffusion_3,43,3.663230421330982,4.4453008988267495,0.2990325243881438
5,s1_clean,3.340887948111646,4.334249547684212,False,False,False,laplacian,43,3.6656523078185774,4.445553552595907,0.4503085578761857
6,s1_clean,3.68623544692832,4.015886165396863,False,False,False,static_raw,43,3.653516901747932,4.678081148439356,0.5720722325195163
6,s1_clean,3.68623544692832,4.015886165396863,False,False,False,graph_diffusion_1,43,3.652431817201285,4.678630871415957,0.43961755833268046
6,s1_clean,3.68623544692832,4.015886165396863,False,False,False,graph_diffusion_3,43,3.6506982710266995,4.679533729093626,0.28194351033899107
6,s1_clean,3.68623544692832,4.015886165396863,False,False,False,laplacian,43,3.654674240790206,4.678094397191831,0.427706232572521
7,s1_clean,4.1188059230374,3.834922193216244,False,False,False,static_raw,34,3.8584169402139588,4.095830780800271,0.5358975268527328
7,s1_clean,4.1188059230374,3.834922193216244,False,False,False,graph_diffusion_1,34,3.8575188655510617,4.096762505342868,0.4079090519714457
7,s1_clean,4.1188059230374,3.834922193216244,False,False,False,graph_diffusion_3,34,3.8569463276998555,4.098081339487316,0.2572053715047148
7,s1_clean,4.1188059230374,3.834922193216244,False,False,False,laplacian,34,3.8616823215052354,4.09590949394531,0.39734015244250087
8,s1_clean,4.374208764323148,3.616554373320941,False,False,False,static_raw,34,3.7837051954063696,3.1875195983801814,0.5116629948234321
8,s1_clean,4.374208764323148,3.616554373320941,False,False,False,graph_diffusion_1,34,3.781809506328414,3.186728378921109,0.3886602641971163
8,s1_clean,4.374208764323148,3.616554373320941,False,False,False,graph_diffusion_3,34,3.778197610993093,3.1854856400776645,0.24515878307607925
8,s1_clean,4.374208764323148,3.616554373320941,False,False,False,laplacian,34,3.7850978557103576,3.189979211250782,0.37944474204211187
9,s1_clean,4.8310090365174965,3.516701129989274,False,False,False,static_raw,34,3.9348521306709245,3.7432251413044586,0.5449437551557417
9,s1_clean,4.8310090365174965,3.516701129989274,False,False,False,graph_diffusion_1,34,3.9332220983343507,3.743385366570249,0.41799904576732005
9,s1_clean,4.8310090365174965,3.516701129989274,False,False,False,graph_diffusion_3,34,3.930003652909692,3.7432756884631413,0.2674678974176368
9,s1_clean,4.8310090365174965,3.516701129989274,False,False,False,laplacian,34,3.9355513202572903,3.7434178245229686,0.4069368522610031
10,s1_clean,5.174686225206629,3.48599608085182,False,False,False,static_raw,35,5.106342373663672,3.4760305927614903,0.5682176534348684
10,s1_clean,5.174686225206629,3.48599608085182,False,False,False,graph_diffusion_1,35,5.106067465241519,3.4754653993630704,0.4371022939091843
10,s1_clean,5.174686225206629,3.48599608085182,False,False,False,graph_diffusion_3,35,5.105462505164531,3.4742485695719343,0.2809035090337202
10,s1_clean,5.174686225206629,3.48599608085182,False,False,False,laplacian,35,5.106422694607936,3.4771794039064785,0.4252246545921234
11,s1_clean,5.555495990836912,3.59907830663822,False,False,False,static_raw,35,5.940439945389899,3.570017973811699,0.5652098304104308
11,s1_clean,5.555495990836912,3.59907830663822,False,False,False,graph_diffusion_1,35,5.941395265080737,3.5696024366764174,0.4353125570211437
11,s1_clean,5.555495990836912,3.59907830663822,False,False,False,graph_diffusion_3,35,5.94360010314895,3.5684112171843747,0.2803025485986373
11,s1_clean,5.555495990836912,3.59907830663822,False,False,False,laplacian,35,5.9400810630686145,3.570442914145089,0.42347019237951117
12,s1_clean,5.685559404770427,3.675092014689703,False,False,False,static_raw,35,4.939388845467039,3.1885618211069957,0.533388217683898
12,s1_clean,5.685559404770427,3.675092014689703,False,False,False,graph_diffusion_1,35,4.938852330085568,3.1881723086947664,0.4075457374638806
12,s1_clean,5.685559404770427,3.675092014689703,False,False,False,graph_diffusion_3,35,4.937686019926056,3.1880110204762566,0.25931725709117015
12,s1_clean,5.685559404770427,3.675092014689703,False,False,False,laplacian,35,4.939546567746902,3.191828377147207,0.3971446019417239
13,s1_clean,5.990806032590996,3.622242725158004,False,False,False,static_raw,35,5.533704162296131,3.398369756098305,0.5960214991518288
13,s1_clean,5.990806032590996,3.622242725158004,False,False,False,graph_diffusion_1,35,5.533828269333231,3.3983033527033224,0.4589952433924512
13,s1_clean,5.990806032590996,3.622242725158004,False,False,False,graph_diffusion_3,35,5.534037415754665,3.3981734544666717,0.2949447523855534
13,s1_clean,5.990806032590996,3.622242725158004,False,False,False,laplacian,35,5.533336687145608,3.4004038901804665,0.44624147295441197
14,s1_clean,6.191913166972428,3.379354108194402,False,False,False,static_raw,36,6.12548827570449,3.6436794654208042,0.5495301969570883
14,s1_clean,6.191913166972428,3.379354108194402,False,False,False,graph_diffusion_1,36,6.125726537607195,3.6435149081089886,0.422305506272415
14,s1_clean,6.191913166972428,3.379354108194402,False,False,False,graph_diffusion_3,36,6.1262189560606535,3.6428883047910263,0.27124561014297066
14,s1_clean,6.191913166972428,3.379354108194402,False,False,False,laplacian,36,6.12505655660057,3.6442912935962304,0.41100571986878326
15,s1_clean,6.672474944256793,3.2764536300776967,False,False,False,static_raw,36,7.2025285256480025,3.250861715130911,0.5119013239838043
15,s1_clean,6.672474944256793,3.2764536300776967,False,False,False,graph_diffusion_1,36,7.201373984894569,3.2507255784381925,0.3901673679957214
15,s1_clean,6.672474944256793,3.2764536300776967,False,False,False,graph_diffusion_3,36,7.1975781427179655,3.2492700517020188,0.2477161144424314
15,s1_clean,6.672474944256793,3.2764536300776967,False,False,False,laplacian,36,7.194714212215187,3.252587625629089,0.3809234791630988
16,s1_clean,6.801426487780192,3.2605086161445698,False,False,False,static_raw,26,6.725001120501763,3.2359164734626824,0.5269912011031482
16,s1_clean,6.801426487780192,3.2605086161445698,False,False,False,graph_diffusion_1,26,6.726337258626466,3.236925839338034,0.4017793957903987
16,s1_clean,6.801426487780192,3.2605086161445698,False,False,False,graph_diffusion_3,26,6.727733514365529,3.2338816674975974,0.25377330418149546
16,s1_clean,6.801426487780192,3.2605086161445698,False,False,False,laplacian,26,6.72273082183067,3.2365333709408044,0.39147582824681537
17,s1_clean,7.202662568049404,3.119170050557377,False,False,False,static_raw,37,7.853397311105588,3.5966766156462704,0.577589378954324
17,s1_clean,7.202662568049404,3.119170050557377,False,False,False,graph_diffusion_1,37,7.844366639050697,3.5965508046781545,0.4423674044866192
17,s1_clean,7.202662568049404,3.119170050557377,False,False,False,graph_diffusion_3,37,7.82873342253844,3.5956390569831083,0.2816659351722053
17,s1_clean,7.202662568049404,3.119170050557377,False,False,False,laplacian,37,7.83855316898753,3.597556565666879,0.43047821000497194
18,s1_clean,7.355464000343399,3.083507848130031,False,False,False,static_raw,37,7.386797804785816,3.3160408736202465,0.5994117399181601
18,s1_clean,7.355464000343399,3.083507848130031,False,False,False,graph_diffusion_1,37,7.386408785774135,3.316133747054097,0.4592613472567634
18,s1_clean,7.355464000343399,3.083507848130031,False,False,False,graph_diffusion_3,37,7.388155502788698,3.3163941174763214,0.2923522466874549
18,s1_clean,7.355464000343399,3.083507848130031,False,False,False,laplacian,37,7.382769299624239,3.3181229477474434,0.4473162746931494
19,s1_clean,7.503183997832102,2.737386539567276,False,False,False,static_raw,27,7.42252658612743,2.2480635128702584,0.640864292518919
19,s1_clean,7.503183997832102,2.737386539567276,False,False,False,graph_diffusion_1,27,7.422789809118656,2.2504033273589172,0.48974052451174344
19,s1_clean,7.503183997832102,2.737386539567276,False,False,False,graph_diffusion_3,27,7.428061636746223,2.2535457281289673,0.30942658645086996
19,s1_clean,7.503183997832102,2.737386539567276,False,False,False,laplacian,27,7.420265123484764,2.2565180560588813,0.4774323701724758
20,s1_clean,7.571322716061035,2.634714819474328,False,False,False,static_raw,27,7.118659244079299,2.037729635185438,0.5396100134560973
20,s1_clean,7.571322716061035,2.634714819474328,False,False,False,graph_diffusion_1,27,7.118685329124902,2.0515811177987606,0.4100492111260168
20,s1_clean,7.571322716061035,2.634714819474328,False,False,False,graph_diffusion_3,27,7.123742333552144,2.076063280157229,0.2576550406440002
20,s1_clean,7.571322716061035,2.634714819474328,False,False,False,laplacian,27,7.116494828905793,2.0568913760878726,0.3992957918415424
21,s1_clean,7.704726986928372,2.49312382194566,False,False,False,static_raw,27,7.990133286898803,2.721725494221252,0.579093806904292
21,s1_clean,7.704726986928372,2.49312382194566,False,False,False,graph_diffusion_1,27,7.978950264060258,2.7219462665291547,0.4409542469560688
21,s1_clean,7.704726986928372,2.49312382194566,False,False,False,graph_diffusion_3,27,7.959198960024691,2.716411977433776,0.27763878830090827
21,s1_clean,7.704726986928372,2.49312382194566,False,False,False,laplacian,27,7.972614645784529,2.7238331718070268,0.429531139735015
22,s1_clean,7.701196953076577,2.16815646104391,False,False,False,static_raw,17,6.985127702131454,2.0223411717346105,0.4217520217229642
22,s1_clean,7.701196953076577,2.16815646104391,False,False,False,graph_diffusion_1,17,6.988948053619628,2.0132305137831565,0.32221127263900307
22,s1_clean,7.701196953076577,2.16815646104391,False,False,False,graph_diffusion_3,17,6.998698480883851,2.0083056287301635,0.20744627682739697
22,s1_clean,7.701196953076577,2.16815646104391,False,False,False,laplacian,17,6.9834668436630825,2.0334080567459423,0.3171102454482815
23,s1_clean,7.655329139600928,1.9328868180562264,False,False,False,static_raw,17,7.801094755236239,1.799069536986592,0.6034621448656293
23,s1_clean,7.655329139600928,1.9328868180562264,False,False,False,graph_diffusion_1,17,7.795076062159891,1.789325084014321,0.4560658473558986
23,s1_clean,7.655329139600928,1.9328868180562264,False,False,False,graph_diffusion_3,17,7.788768953968191,1.782982666553319,0.2862506045535767
23,s1_clean,7.655329139600928,1.9328868180562264,False,False,False,laplacian,17,7.791951800617167,1.8095703219465842,0.44991953223734427
24,s1_clean,7.602021631114391,1.571641233574267,False,False,False,static_raw,17,7.588664644393889,1.3023841233632325,0.6099916551899182
24,s1_clean,7.602021631114391,1.571641233574267,False,False,False,graph_diffusion_1,17,7.5858913557365835,1.3150247406744413,0.47249486960463044
24,s1_clean,7.602021631114391,1.571641233574267,False,False,False,graph_diffusion_3,17,7.5895880626687005,1.3464427188014652,0.3069051362674293
24,s1_clean,7.602021631114391,1.571641233574267,False,False,False,laplacian,17,7.584205591980081,1.3338613281212814,0.4623860777923724
25,s1_clean,7.496118456242826,1.2679285911263276,False,False,False,static_raw,17,7.532922133067572,1.3725220048103246,0.6469724324944217
25,s1_clean,7.496118456242826,1.2679285911263276,False,False,False,graph_diffusion_1,17,7.5324606027709775,1.3795425318000027,0.49634462298138243
25,s1_clean,7.496118456242826,1.2679285911263276,False,False,False,graph_diffusion_3,17,7.539091534880881,1.4026561279882244,0.3178553989671741
25,s1_clean,7.496118456242826,1.2679285911263276,False,False,False,laplacian,17,7.530058078470462,1.3989198468430994,0.4872207865801756
26,s1_clean,7.213781174903376,0.8568255662582489,False,False,False,static_raw,7,7.693246967943541,1.0409547649700808,0.6491062008468212
26,s1_clean,7.213781174903376,0.8568255662582489,False,False,False,graph_diffusion_1,7,7.692697860536451,1.0893399874438976,0.504352104306406
26,s1_clean,7.213781174903376,0.8568255662582489,False,False,False,graph_diffusion_3,7,7.700826471769712,1.1741956307196797,0.33063063724155284
26,s1_clean,7.213781174903376,0.8568255662582489,False,False,False,laplacian,7,7.68644988520936,1.102596607838676,0.5172795780871484
27,s1_clean,6.894230635172876,0.5695446452732373,False,False,False,static_raw,6,6.534689566246373,1.063024569582641,0.5989147510327066
27,s1_clean,6.894230635172876,0.5695446452732373,False,False,False,graph_diffusion_1,6,6.5352083465442234,1.1080141637375815,0.4687913050776136
27,s1_clean,6.894230635172876,0.5695446452732373,False,False,False,graph_diffusion_3,6,6.537665210604807,1.1914758288135066,0.3144566532763368
27,s1_clean,6.894230635172876,0.5695446452732373,False,False,False,laplacian,6,6.534402823609803,1.1223184616876276,0.4806008229811947
28,s1_clean,6.483266315091463,0.4768582893029604,False,False,False,static_raw,6,6.630746852073642,0.9889748905128561,0.6731967079203719
28,s1_clean,6.483266315091463,0.4768582893029604,False,False,False,graph_diffusion_1,6,6.631754800178609,1.0399250769667465,0.5239324141428067
28,s1_clean,6.483266315091463,0.4768582893029604,False,False,False,graph_diffusion_3,6,6.6345631354599535,1.1335866950656168,0.3468531971050064
28,s1_clean,6.483266315091463,0.4768582893029604,False,False,False,laplacian,6,6.62901852398974,1.05512326952379,0.5366678934933817
29,s1_clean,6.08112543865504,0.3893330184780748,False,False,False,static_raw,15,5.404726274515981,1.7240464397901933,0.6003875112816379
29,s1_clean,6.08112543865504,0.3893330184780748,False,False,False,graph_diffusion_1,15,5.405548545920913,1.7160246246940893,0.4582879491059887
29,s1_clean,6.08112543865504,0.3893330184780748,False,False,False,graph_diffusion_3,15,5.406738625057639,1.7161694695572884,0.29312344796205947
29,s1_clean,6.08112543865504,0.3893330184780748,False,False,False,laplacian,15,5.404705193708619,1.7382671309334519,0.45090351605791434
30,s1_clean,5.9589922669011575,0.2570083151721161,False,False,False,static_raw,5,5.437960743186428,1.1492593355873961,0.6030256830429105
30,s1_clean,5.9589922669011575,0.2570083151721161,False,False,False,graph_diffusion_1,5,5.437337513208643,1.197469216731224,0.46913754462026885
30,s1_clean,5.9589922669011575,0.2570083151721161,False,False,False,graph_diffusion_3,5,5.436383096051861,1.2856753424481366,0.31160553389704526
30,s1_clean,5.9589922669011575,0.2570083151721161,False,False,False,laplacian,5,5.437810003605724,1.210091909425343,0.48136317261271006
31,s1_clean,5.831232280022617,0.1202910645042036,False,False,False,static_raw,5,6.289290736715291,0.9366121169163404,0.504673251381392
31,s1_clean,5.831232280022617,0.1202910645042036,False,False,False,graph_diffusion_1,5,6.297570778254355,0.9866839989971871,0.39334367246139
31,s1_clean,5.831232280022617,0.1202910645042036,False,False,False,graph_diffusion_3,5,6.314377624945915,1.0790065982934538,0.2639652647251742
31,s1_clean,5.831232280022617,0.1202910645042036,False,False,False,laplacian,5,6.287956948089141,1.0025910815543917,0.40425607548504244
32,s1_clean,6.000260145054196,0.4497115388847675,False,False,False,static_raw,15,5.283519326712885,1.361436515608086,0.5773635467676291
32,s1_clean,6.000260145054196,0.4497115388847675,False,False,False,graph_diffusion_1,15,5.286271074711839,1.3704902936724737,0.4444866428956673
32,s1_clean,6.000260145054196,0.4497115388847675,False,False,False,graph_diffusion_3,15,5.290249562154822,1.3983326287183422,0.28925642733410933
32,s1_clean,6.000260145054196,0.4497115388847675,False,False,False,laplacian,15,5.283507707442089,1.3900396494507135,0.43618684360953086
33,s1_clean,6.0249012997820826,0.6758579464524104,False,False,False,static_raw,6,6.278458882091335,0.7860453604090972,0.6460032020861959
33,s1_clean,6.0249012997820826,0.6758579464524104,False,False,False,graph_diffusion_1,6,6.276972099052774,0.8396782486586502,0.508907511183493
33,s1_clean,6.0249012997820826,0.6758579464524104,False,False,False,graph_diffusion_3,6,6.275414894056148,0.9391491493292241,0.3449994592716447
33,s1_clean,6.0249012997820826,0.6758579464524104,False,False,False,laplacian,6,6.278296708540746,0.8592278486021963,0.5193608687610279
34,s1_clean,6.061421427145482,0.8183445365055386,False,False,False,static_raw,6,5.874049491204039,0.7190031610415285,0.5194842641352105
34,s1_clean,6.061421427145482,0.8183445365055386,False,False,False,graph_diffusion_1,6,5.869977359532982,0.7744599313708881,0.41313892443803313
34,s1_clean,6.061421427145482,0.8183445365055386,False,False,False,graph_diffusion_3,6,5.864074506313002,0.877388354823513,0.28651275555769173
34,s1_clean,6.061421427145482,0.8183445365055386,False,False,False,laplacian,6,5.87401560424945,0.795586846451607,0.42100145112642795
35,s1_clean,6.087391277308319,1.2497472486120351,False,False,False,static_raw,6,6.350219592336258,0.782675114021664,0.6788200366630285
35,s1_clean,6.087391277308319,1.2497472486120351,False,False,False,graph_diffusion_1,6,6.34927585780406,0.8381817367484702,0.5334505789659728
35,s1_clean,6.087391277308319,1.2497472486120351,False,False,False,graph_diffusion_3,6,6.348453144974368,0.9408179883319465,0.359390276937896
35,s1_clean,6.087391277308319,1.2497472486120351,False,False,False,laplacian,6,6.349452337141069,0.8579795551256504,0.5440985436566201
36,s1_clean,6.180286136373961,1.6086370686667928,False,False,False,static_raw,6,6.470698518150501,1.6728605169798956,0.5126379909387444
36,s1_clean,6.180286136373961,1.6086370686667928,False,False,False,graph_diffusion_1,6,6.470652590242328,1.718159414823704,0.3919895066770924
36,s1_clean,6.180286136373961,1.6086370686667928,False,False,False,graph_diffusion_3,6,6.4712537194804565,1.7985338080715065,0.2530365362779567
36,s1_clean,6.180286136373961,1.6086370686667928,False,False,False,laplacian,6,6.469956804805621,1.7217717832796535,0.40498688850754905
37,s1_clean,6.291541896900854,2.051340535656898,False,False,False,static_raw,16,6.512945269980899,1.4897818235378875,0.6642277491761335
37,s1_clean,6.291541896900854,2.051340535656898,False,False,False,graph_diffusion_1,16,6.512929873765333,1.4877938488055715,0.506395533889576
37,s1_clean,6.291541896900854,2.051340535656898,False,False,False,graph_diffusion_3,16,6.514199210907702,1.4986260835740266,0.3225015315322859
37,s1_clean,6.291541896900854,2.051340535656898,False,False,False,laplacian,16,6.512743762224844,1.509341153124561,0.4982099896078903
38,s1_clean,6.306683312213806,2.196428146331729,False,False,False,static_raw,26,6.474493162607777,1.9869675316218072,0.5030496685457398
38,s1_clean,6.306683312213806,2.196428146331729,False,False,False,graph_diffusion_1,26,6.474667161009901,1.9929301141489133,0.3931709306886375
38,s1_clean,6.306683312213806,2.196428146331729,False,False,False,graph_diffusion_3,26,6.475804412099514,2.006323726493591,0.25911686317675964
38,s1_clean,6.306683312213806,2.196428146331729,False,False,False,laplacian,26,6.474107672193311,2.0028160293519868,0.3824541469754092
39,s1_clean,6.336152382937008,2.471138999750724,False,False,False,static_raw,26,6.8065595084875135,2.4488707718615683,0.5921625049753182
39,s1_clean,6.336152382937008,2.471138999750724,False,False,False,graph_diffusion_1,26,6.80800387053824,2.447916657189095,0.45816295037740606
39,s1_clean,6.336152382937008,2.471138999750724,False,False,False,graph_diffusion_3,26,6.811317050758279,2.4441752673439203,0.2958489216944094
39,s1_clean,6.336152382937008,2.471138999750724,False,False,False,laplacian,26,6.8055305649717495,2.452850633336727,0.44585676841946703
40,s1_clean,6.237110360969902,2.800987646488566,False,False,False,static_raw,36,5.649328434965852,2.5129501784412334,0.5016500474541186
40,s1_clean,6.237110360969902,2.800987646488566,False,False,False,graph_diffusion_1,36,5.648611776097675,2.521069249012415,0.37658164541573075
40,s1_clean,6.237110360969902,2.800987646488566,False,False,False,graph_diffusion_3,36,5.647841705910078,2.539069577911563,0.23086328705866468
40,s1_clean,6.237110360969902,2.800987646488566,False,False,False,laplacian,36,5.649306438857629,2.528971878364315,0.3670557420426555
41,s1_clean,6.027973420710303,3.09840759283468,False,False,False,static_raw,36,6.184037707383358,3.776263294996047,0.5421685201681176
41,s1_clean,6.027973420710303,3.09840759283468,False,False,False,graph_diffusion_1,36,6.184445578487488,3.7763865922348767,0.41637363566089913
41,s1_clean,6.027973420710303,3.09840759283468,False,False,False,graph_diffusion_3,36,6.185144712696164,3.7762568713132096,0.2672012825788661
41,s1_clean,6.027973420710303,3.09840759283468,False,False,False,laplacian,36,6.183322645923305,3.7766189963470493,0.40528808870617977
42,s1_clean,5.997073023448079,3.2280332057453927,False,False,False,static_raw,36,6.823479777927719,3.201375864165138,0.5513493579877423
42,s1_clean,5.997073023448079,3.2280332057453927,False,False,False,graph_diffusion_1,36,6.823775775897511,3.2017284894229974,0.4247965709738303
42,s1_clean,5.997073023448079,3.2280332057453927,False,False,False,graph_diffusion_3,36,6.823825761999483,3.2025191862900195,0.27339052872879066
42,s1_clean,5.997073023448079,3.2280332057453927,False,False,False,laplacian,36,6.820336349120785,3.204595182586207,0.4134515762128107
43,s1_clean,5.977301602080376,3.352058526074975,False,False,False,static_raw,25,6.614324786640499,3.506156317581269,0.320174278545713
43,s1_clean,5.977301602080376,3.352058526074975,False,False,False,graph_diffusion_1,25,6.613641896131915,3.5069913086856155,0.24312498106067346
43,s1_clean,5.977301602080376,3.352058526074975,False,False,False,graph_diffusion_3,25,6.609751497471554,3.504970081015242,0.15622798086608575
43,s1_clean,5.977301602080376,3.352058526074975,False,False,False,laplacian,25,6.608606911736487,3.5067205728250586,0.23861449530528178
44,s1_clean,5.902053565295218,3.5870012302182115,False,False,False,static_raw,35,6.261401351110216,3.8102992313373227,0.5417843985100266
44,s1_clean,5.902053565295218,3.5870012302182115,False,False,False,graph_diffusion_1,35,6.261486004480001,3.810799114101468,0.41349228546531996
44,s1_clean,5.902053565295218,3.5870012302182115,False,False,False,graph_diffusion_3,35,6.260510201060667,3.81122691096983,0.26172886932991835
44,s1_clean,5.902053565295218,3.5870012302182115,False,False,False,laplacian,35,6.257221978057592,3.8107201068938386,0.40258276444640323
45,s1_clean,5.84764723140247,3.748268178695647,False,False,False,static_raw,35,5.584469428947229,4.366871215424439,0.5111385069603468
45,s1_clean,5.84764723140247,3.748268178695647,False,False,False,graph_diffusion_1,35,5.585162213986156,4.367342308173879,0.3880349492253688
45,s1_clean,5.84764723140247,3.748268178695647,False,False,False,graph_diffusion_3,35,5.586561527195742,4.368233819588651,0.24376637082751687
45,s1_clean,5.84764723140247,3.748268178695647,False,False,False,laplacian,35,5.584232362932269,4.366888325838627,0.3780407857022334
46,s1_clean,5.7905916990273125,3.9540421895316378,False,False,False,static_raw,35,4.03614197503996,4.000948620620867,0.502044520281865
46,s1_clean,5.7905916990273125,3.9540421895316378,False,False,False,graph_diffusion_1,35,4.036181799343169,4.001697722857875,0.3777586995723292
46,s1_clean,5.7905916990273125,3.9540421895316378,False,False,False,graph_diffusion_3,35,4.038152134409785,4.002544045948656,0.2325544339579195
46,s1_clean,5.7905916990273125,3.9540421895316378,False,False,False,laplacian,35,4.042481687158416,4.0010861369691195,0.36816903557384284
47,s1_clean,5.615192813296309,4.351568926489183,False,False,False,static_raw,45,6.492271589121844,4.8470755850615,0.5087120170114923
47,s1_clean,5.615192813296309,4.351568926489183,False,False,False,graph_diffusion_1,45,6.496501936692108,4.848131221097165,0.38466360518500364
47,s1_clean,5.615192813296309,4.351568926489183,False,False,False,graph_diffusion_3,45,6.502173831348571,4.849954861724581,0.23979415020045133
47,s1_clean,5.615192813296309,4.351568926489183,False,False,False,laplacian,45,6.488947256109463,4.847067873500032,0.37538424596414743
48,s1_clean,5.49223566932926,4.551447461998359,False,False,False,static_raw,45,6.632253812966948,5.857839414982998,0.5022816210141625
48,s1_clean,5.49223566932926,4.551447461998359,False,False,False,graph_diffusion_1,45,6.631748020167921,5.863113630799637,0.37646920887230756
48,s1_clean,5.49223566932926,4.551447461998359,False,False,False,graph_diffusion_3,45,6.625772489313865,5.868148546446688,0.22991583636369312
48,s1_clean,5.49223566932926,4.551447461998359,False,False,False,laplacian,45,6.620940319790861,5.853414771539523,0.36754690498496645
49,s1_clean,5.414751159852098,4.694331234614093,False,False,False,static_raw,45,4.173286677699507,3.9830988828489655,0.5004239857589072
49,s1_clean,5.414751159852098,4.694331234614093,False,False,False,graph_diffusion_1,45,4.1709410246588075,3.982491548048993,0.37514171269657115
49,s1_clean,5.414751159852098,4.694331234614093,False,False,False,graph_diffusion_3,45,4.167359904106971,3.980943621212663,0.22896182058016246
49,s1_clean,5.414751159852098,4.694331234614093,False,False,False,laplacian,45,4.176263021677552,3.9841068172508236,0.365740070182211
50,s1_clean,5.284112641295624,4.985426545029498,False,False,False,static_raw,45,6.553602786773145,4.972905451752003,0.5163455578769784
50,s1_clean,5.284112641295624,4.985426545029498,False,False,False,graph_diffusion_1,45,6.555108422150107,4.974329102956994,0.39055837667723253
50,s1_clean,5.284112641295624,4.985426545029498,False,False,False,graph_diffusion_3,45,6.555253357379924,4.97671437286302,0.24318924958087407
50,s1_clean,5.284112641295624,4.985426545029498,False,False,False,laplacian,45,6.547281084287599,4.972856726212545,0.3808345318041059
51,s1_clean,5.241467849997588,5.146386896673119,False,False,False,static_raw,55,6.367946401146176,6.381685265190866,0.5095951788141614
51,s1_clean,5.241467849997588,5.146386896673119,False,False,False,graph_diffusion_1,55,6.358654081305533,6.379382567567397,0.38362706876314817
51,s1_clean,5.241467849997588,5.146386896673119,False,False,False,graph_diffusion_3,55,6.339731922123087,6.372300384485119,0.23590059571935768
51,s1_clean,5.241467849997588,5.146386896673119,False,False,False,laplacian,55,6.354196633939335,6.376359572404622,0.37333556621447195
52,s1_clean,5.312406077942571,5.4188305034477,False,False,False,static_raw,55,5.697739188973377,5.00278740427777,0.5289819003572636
52,s1_clean,5.312406077942571,5.4188305034477,False,False,False,graph_diffusion_1,55,5.69849486601204,5.002767340150306,0.4057998940557643
52,s1_clean,5.312406077942571,5.4188305034477,False,False,False,graph_diffusion_3,55,5.700033458576697,5.002516787485239,0.2602534713520392
52,s1_clean,5.312406077942571,5.4188305034477,False,False,False,laplacian,55,5.6974247996625005,5.002832096078838,0.39513341919289
53,s1_clean,5.348436338770621,5.638406338643498,False,False,False,static_raw,55,5.613329374057414,6.314932621249324,0.5053202963624952
53,s1_clean,5.348436338770621,5.638406338643498,False,False,False,graph_diffusion_1,55,5.613852556695668,6.3165028647910635,0.385296747836299
53,s1_clean,5.348436338770621,5.638406338643498,False,False,False,graph_diffusion_3,55,5.615254656378599,6.320957189953101,0.24395531060976594
53,s1_clean,5.348436338770621,5.638406338643498,False,False,False,laplacian,55,5.613288720636299,6.314006799235395,0.3753977171061775
54,s1_clean,5.403285630073735,5.921849491887416,False,False,False,static_raw,55,6.252189348407613,6.269923186113606,0.5122359439450554
54,s1_clean,5.403285630073735,5.921849491887416,False,False,False,graph_diffusion_1,55,6.257647179839381,6.273882500971553,0.3870443282311601
54,s1_clean,5.403285630073735,5.921849491887416,False,False,False,graph_diffusion_3,55,6.267206735867673,6.280981361699095,0.24081067958995842
54,s1_clean,5.403285630073735,5.921849491887416,False,False,False,laplacian,55,6.250887058189186,6.267949649376244,0.37783960391711297
55,s1_clean,5.389714633426687,6.253274443829397,False,False,False,static_raw,65,4.645820809245583,6.837452106109231,0.5041464239003872
55,s1_clean,5.389714633426687,6.253274443829397,False,False,False,graph_diffusion_1,65,4.645050536581095,6.839069536926126,0.3787912054364129
55,s1_clean,5.389714633426687,6.253274443829397,False,False,False,graph_diffusion_3,65,4.646260527648267,6.8385685252272586,0.23266605516104966
55,s1_clean,5.389714633426687,6.253274443829397,False,False,False,laplacian,65,4.650778997439096,6.832582080645348,0.3697995300631671
56,s1_clean,5.195285542548939,6.456984202180508,False,False,False,static_raw,65,5.140698543869983,6.793163479928395,0.5560957432599313
56,s1_clean,5.195285542548939,6.456984202180508,False,False,False,graph_diffusion_1,65,5.13959410185894,6.794874073357601,0.42360396522223276
56,s1_clean,5.195285542548939,6.456984202180508,False,False,False,graph_diffusion_3,65,5.137476544740186,6.797759190352784,0.26660423597114796
56,s1_clean,5.195285542548939,6.456984202180508,False,False,False,laplacian,65,5.140801079867404,6.790261824460413,0.41252418623972537
57,s1_clean,4.86183044372369,6.506009930366596,False,False,False,static_raw,64,4.399943710346976,6.2878945126957895,0.5744761586998792
57,s1_clean,4.86183044372369,6.506009930366596,False,False,False,graph_diffusion_1,64,4.399481196400726,6.288106762609972,0.44360243671050364
57,s1_clean,4.86183044372369,6.506009930366596,False,False,False,graph_diffusion_3,64,4.398188573978789,6.288950134307194,0.28677964839182174
57,s1_clean,4.86183044372369,6.506009930366596,False,False,False,laplacian,64,4.400045719041031,6.287789076565786,0.43117486600542604
58,s1_clean,4.430966043559735,6.658303038540852,False,False,False,static_raw,64,4.4290113231235235,6.900123154029505,0.5773789914796887
58,s1_clean,4.430966043559735,6.658303038540852,False,False,False,graph_diffusion_1,64,4.428362883005733,6.901493123619248,0.4412130795057528
58,s1_clean,4.430966043559735,6.658303038540852,False,False,False,graph_diffusion_3,64,4.426765171104093,6.9048751238026025,0.2804801544945673
58,s1_clean,4.430966043559735,6.658303038540852,False,False,False,laplacian,64,4.429059523947476,6.898198391369767,0.42984190698054214
59,s1_clean,4.178500405215754,6.923849404304298,False,False,False,static_raw,74,4.24179816216084,7.468160820656347,0.5265926646852613
59,s1_clean,4.178500405215754,6.923849404304298,False,False,False,graph_diffusion_1,74,4.240180975482687,7.468678991896344,0.4063085837988717
59,s1_clean,4.178500405215754,6.923849404304298,False,False,False,graph_diffusion_3,74,4.236810115869101,7.472810448453519,0.2619137846912317
59,s1_clean,4.178500405215754,6.923849404304298,False,False,False,laplacian,74,4.241943875637453,7.46440923561029,0.3954545544677853
60,s1_clean,3.960394580468616,7.038758843554683,False,False,False,static_raw,63,4.138856848581933,7.328861852905342,0.5035391193127672
60,s1_clean,3.960394580468616,7.038758843554683,False,False,False,graph_diffusion_1,63,4.139189788065849,7.324123655044023,0.38191268725858757
60,s1_clean,3.960394580468616,7.038758843554683,False,False,False,graph_diffusion_3,63,4.139785418646455,7.314574387884531,0.23908614871234457
60,s1_clean,3.960394580468616,7.038758843554683,False,False,False,laplacian,63,4.138901170483065,7.317842014801422,0.37214427404904543
61,s1_clean,3.817436158029557,7.138548197645917,False,False,False,static_raw,63,3.7851648562434415,6.709833921474496,0.5478089481667516
61,s1_clean,3.817436158029557,7.138548197645917,False,False,False,graph_diffusion_1,63,3.7838570543722176,6.713077143506951,0.41574105174789716
61,s1_clean,3.817436158029557,7.138548197645917,False,False,False,graph_diffusion_3,63,3.7825594731656795,6.717293088508325,0.26055515774754207
61,s1_clean,3.817436158029557,7.138548197645917,False,False,False,laplacian,63,3.7866390826086684,6.706983335739756,0.40568586181473887
62,s1_clean,3.501130686893392,7.317553093393935,False,False,False,static_raw,73,4.7378387638762804,7.231213879494767,0.5113419584837426
62,s1_clean,3.501130686893392,7.317553093393935,False,False,False,graph_diffusion_1,73,4.739122697440716,7.232053174193927,0.384616923951083
62,s1_clean,3.501130686893392,7.317553093393935,False,False,False,graph_diffusion_3,73,4.740681118704354,7.23808811678133,0.23615146603401438
62,s1_clean,3.501130686893392,7.317553093393935,False,False,False,laplacian,73,4.737787202029251,7.230179844554892,0.374780854546542
63,s1_clean,3.301420995394072,7.433470647673615,False,False,False,static_raw,73,2.9010982458843957,7.9601116557308265,0.5033119616657263
63,s1_clean,3.301420995394072,7.433470647673615,False,False,False,graph_diffusion_1,73,2.8986618959394916,7.953234568655133,0.37862479969762586
63,s1_clean,3.301420995394072,7.433470647673615,False,False,False,graph_diffusion_3,73,2.902909155490672,7.936853637879963,0.23363612259245653
63,s1_clean,3.301420995394072,7.433470647673615,False,False,False,laplacian,73,2.9098995440079016,7.942850177763583,0.3704643742797813
64,s1_clean,2.9801326529816508,7.690884577841307,False,False,False,static_raw,72,2.502738466767023,7.731051870976127,0.5967061032438252
64,s1_clean,2.9801326529816508,7.690884577841307,False,False,False,graph_diffusion_1,72,2.4976197231621518,7.730348109326944,0.4573458291984332
64,s1_clean,2.9801326529816508,7.690884577841307,False,False,False,graph_diffusion_3,72,2.48784730802135,7.728486108952709,0.29072725104388086
64,s1_clean,2.9801326529816508,7.690884577841307,False,False,False,laplacian,72,2.505411453503072,7.721599689310243,0.446396086933203
65,s1_clean,2.825515965506124,7.887436491509548,False,False,False,static_raw,72,3.6182789714623973,7.2224864919035765,0.4953299379875688
65,s1_clean,2.825515965506124,7.887436491509548,False,False,False,graph_diffusion_1,72,3.6180247582163325,7.224328158389662,0.37741548328427676
65,s1_clean,2.825515965506124,7.887436491509548,False,False,False,graph_diffusion_3,72,3.611159590035591,7.231528990982482,0.23689618692921321
65,s1_clean,2.825515965506124,7.887436491509548,False,False,False,laplacian,72,3.6186307446860684,7.221070241815397,0.367401516289995
66,s1_clean,2.7289097443354,8.069919722795287,False,False,False,static_raw,72,4.107766230091242,7.419627378060716,0.35447551289865253
66,s1_clean,2.7289097443354,8.069919722795287,False,False,False,graph_diffusion_1,72,4.105213443454094,7.427052935793858,0.27666205519202297
66,s1_clean,2.7289097443354,8.069919722795287,False,False,False,graph_diffusion_3,72,4.095987051721766,7.43866594186846,0.1806213858795074
66,s1_clean,2.7289097443354,8.069919722795287,False,False,False,laplacian,72,4.107940273148138,7.416434884708472,0.269153567517028
67,s1_clean,2.632696225741202,8.126714841624567,False,False,False,static_raw,82,2.512694135306694,8.430378971643623,0.600483904459005
67,s1_clean,2.632696225741202,8.126714841624567,False,False,False,graph_diffusion_1,82,2.506974285335296,8.433837482694111,0.4576864854547639
67,s1_clean,2.632696225741202,8.126714841624567,False,False,False,graph_diffusion_3,82,2.4969869161774683,8.425495866063864,0.29130346083641717
67,s1_clean,2.632696225741202,8.126714841624567,False,False,False,laplacian,82,2.5155672977456174,8.411282705031914,0.45140593000196255
68,s1_clean,2.546782184357937,8.26682174955117,False,False,False,static_raw,82,3.348601741832661,8.00673706488601,0.5252321875715121
68,s1_clean,2.546782184357937,8.26682174955117,False,False,False,graph_diffusion_1,82,3.340111781745438,8.022346927159592,0.3935963604090985
68,s1_clean,2.546782184357937,8.26682174955117,False,False,False,graph_diffusion_3,82,3.323479376341008,8.037578871606863,0.2438655957361696
68,s1_clean,2.546782184357937,8.26682174955117,False,False,False,laplacian,82,3.3489796616484115,7.999915046156721,0.3882056204613962
69,s1_clean,2.27418996039954,8.37225686434336,False,False,False,static_raw,82,2.842595025708077,7.984640180601326,0.5655146969924502
69,s1_clean,2.27418996039954,8.37225686434336,False,False,False,graph_diffusion_1,82,2.836166256786968,7.999898465225391,0.4275513125393322
69,s1_clean,2.27418996039954,8.37225686434336,False,False,False,graph_diffusion_3,82,2.8224725130400956,8.013414765315483,0.26808024762130095
69,s1_clean,2.27418996039954,8.37225686434336,False,False,False,laplacian,82,2.843846601109099,7.976186403732527,0.42137670176232966
70,s1_clean,1.983341499407463,8.675376081434486,False,False,False,static_raw,81,3.1310606329493713,8.137640098456604,0.5188553216651022
70,s1_clean,1.983341499407463,8.675376081434486,False,False,False,graph_diffusion_1,81,3.091344182184966,8.152192377404386,0.3845295973820043
70,s1_clean,1.983341499407463,8.675376081434486,False,False,False,graph_diffusion_3,81,3.0359855191124603,8.166931076150025,0.23463243682273163
70,s1_clean,1.983341499407463,8.675376081434486,False,False,False,laplacian,81,3.1350906895358137,8.124973951927085,0.38340461541678905
71,s1_clean,1.744329000013852,8.930180832821591,False,False,False,static_raw,81,4.569152343430334,8.460882014080417,0.5075196401836897
71,s1_clean,1.744329000013852,8.930180832821591,False,False,False,graph_diffusion_1,81,4.512289290302001,8.462931403462346,0.372341623670522
71,s1_clean,1.744329000013852,8.930180832821591,False,False,False,graph_diffusion_3,81,4.4183855383684145,8.454675706553893,0.22272630243911398
71,s1_clean,1.744329000013852,8.930180832821591,False,False,False,laplacian,81,4.565171378942932,8.440081653244373,0.37187387935002414
72,s1_clean,1.602113947159951,9.055786330292069,False,False,False,static_raw,91,2.0630647028526337,8.716220460547484,0.5282888554703138
72,s1_clean,1.602113947159951,9.055786330292069,False,False,False,graph_diffusion_1,91,2.0337941515520486,8.688527300100755,0.39904956518676465
72,s1_clean,1.602113947159951,9.055786330292069,False,False,False,graph_diffusion_3,91,2.0251311067992463,8.617237203900336,0.26144884605622526
72,s1_clean,1.602113947159951,9.055786330292069,False,False,False,laplacian,91,2.0693804193311514,8.66113865454515,0.42110789606174637
73,s1_clean,1.462387084551268,9.271459793115136,False,False,False,static_raw,91,1.8941179092227869,9.202464346632759,0.6106409311198695
73,s1_clean,1.462387084551268,9.271459793115136,False,False,False,graph_diffusion_1,91,1.872471109651519,9.15705010479865,0.4679503614958959
73,s1_clean,1.462387084551268,9.271459793115136,False,False,False,graph_diffusion_3,91,1.8770588730885525,9.060155864141533,0.31435906700457455
73,s1_clean,1.462387084551268,9.271459793115136,False,False,False,laplacian,91,1.908394595237437,9.131002910941469,0.49112425831481993
74,s1_clean,1.3677759205754576,9.345398044743108,False,False,False,static_raw,91,2.051366044078495,8.914260055330413,0.5364686278094605
74,s1_clean,1.3677759205754576,9.345398044743108,False,False,False,graph_diffusion_1,91,2.036269879437174,8.877411848891471,0.40970474960520675
74,s1_clean,1.3677759205754576,9.345398044743108,False,False,False,graph_diffusion_3,91,2.051012687573756,8.792816453474696,0.2741729617645013
74,s1_clean,1.3677759205754576,9.345398044743108,False,False,False,laplacian,91,2.073128257714243,8.852668390574753,0.4290903549183424
75,s1_clean,1.193435864873341,9.539142135458723,False,False,False,static_raw,91,2.834571053678696,9.163412928398316,0.5719989143554647
75,s1_clean,1.193435864873341,9.539142135458723,False,False,False,graph_diffusion_1,91,2.8024226708831312,9.118798217519691,0.4344070583791538
75,s1_clean,1.193435864873341,9.539142135458723,False,False,False,graph_diffusion_3,91,2.797987929408956,9.023354093656533,0.2861764729370089
75,s1_clean,1.193435864873341,9.539142135458723,False,False,False,laplacian,91,2.840055795263462,9.092415672055036,0.45690553211965146
76,s1_clean,1.150518127759666,9.753199891650477,False,False,False,static_raw,90,1.5517086662420962,9.295033944143823,0.6321389651116237
76,s1_clean,1.150518127759666,9.753199891650477,False,False,False,graph_diffusion_1,90,1.6487739473536944,9.215598974580292,0.5213384252320472
76,s1_clean,1.150518127759666,9.753199891650477,False,False,False,graph_diffusion_3,90,1.7976994080251751,9.07945878351233,0.3792747491075732
76,s1_clean,1.150518127759666,9.753199891650477,False,False,False,laplacian,90,1.6131655104865954,9.217700715313473,0.54594243341531
77,s1_clean,1.0200771388428047,9.32054069697821,False,False,False,static_raw,80,0.9986255172616748,8.814086413765102,0.4386910070430175
77,s1_clean,1.0200771388428047,9.32054069697821,False,False,False,graph_diffusion_1,80,1.031763930473739,8.79742071733055,0.3468044590228885
77,s1_clean,1.0200771388428047,9.32054069697821,False,False,False,graph_diffusion_3,80,1.1108121928994086,8.742221613102737,0.2516066811701949
77,s1_clean,1.0200771388428047,9.32054069697821,False,False,False,laplacian,80,1.0573804813964616,8.772553242158084,0.3612952933199901
78,s1_clean,1.0163167110460578,8.891589654872902,False,False,False,static_raw,91,1.761778500506255,8.411531674562042,0.5169571230687228
78,s1_clean,1.0163167110460578,8.891589654872902,False,False,False,graph_diffusion_1,91,1.7462573496203817,8.38903855985719,0.38797810062864285
78,s1_clean,1.0163167110460578,8.891589654872902,False,False,False,graph_diffusion_3,91,1.757794858470608,8.32269792358892,0.25148718647460294
78,s1_clean,1.0163167110460578,8.891589654872902,False,False,False,laplacian,91,1.7796853824944137,8.360936146663569,0.4097968567515903
79,s1_clean,0.924713747694749,8.59768007556741,False,False,False,static_raw,80,0.7063174402603285,8.551338707737127,0.6182585718822469
79,s1_clean,0.924713747694749,8.59768007556741,False,False,False,graph_diffusion_1,80,0.7588499275144308,8.553456469737798,0.4819346810219013
79,s1_clean,0.924713747694749,8.59768007556741,False,False,False,graph_diffusion_3,80,0.8653007273916561,8.52529941495508,0.3320645723163703
79,s1_clean,0.924713747694749,8.59768007556741,False,False,False,laplacian,80,0.7831269606774867,8.527420459134767,0.5008638474316788
80,s1_clean,0.8587932848384436,8.309492250468066,False,False,False,static_raw,80,1.146606119961269,8.187255891911999,0.5414102088188203
80,s1_clean,0.8587932848384436,8.309492250468066,False,False,False,graph_diffusion_1,80,1.1770266915622776,8.207433439964367,0.41131366902551697
80,s1_clean,0.8587932848384436,8.309492250468066,False,False,False,graph_diffusion_3,80,1.25254700680894,8.202864806081129,0.27357808400528133
80,s1_clean,0.8587932848384436,8.309492250468066,False,False,False,laplacian,80,1.204522822046875,8.174196318120417,0.4337778926014129
81,s1_clean,0.81627749478909,8.156860831751935,False,False,False,static_raw,70,0.8326499730425994,7.982329388789234,0.3554082407525546
81,s1_clean,0.81627749478909,8.156860831751935,False,False,False,graph_diffusion_1,70,0.8800354960690636,7.990895912009868,0.29921092863653426
81,s1_clean,0.81627749478909,8.156860831751935,False,False,False,graph_diffusion_3,70,0.9733016552699131,7.987310166049429,0.22656702939673287
81,s1_clean,0.81627749478909,8.156860831751935,False,False,False,laplacian,70,0.9014009395485503,7.969592627087093,0.30330732196658794
82,s1_clean,0.7791067822290139,7.720868059364907,False,False,False,static_raw,70,0.8282908850488512,7.658803730658123,0.5998532759599912
82,s1_clean,0.7791067822290139,7.720868059364907,False,False,False,graph_diffusion_1,70,0.8842744454287071,7.652880465504211,0.47212034348091075
82,s1_clean,0.7791067822290139,7.720868059364907,False,False,False,graph_diffusion_3,70,0.9865008570133575,7.646633621607596,0.31931154304669707
82,s1_clean,0.7791067822290139,7.720868059364907,False,False,False,laplacian,70,0.9031561251173557,7.649246490568575,0.4823337156326189
83,s1_clean,0.7725832732667287,7.601013716381842,False,False,False,static_raw,70,0.9376129140688039,7.122393626723594,0.5653667618409358
83,s1_clean,0.7725832732667287,7.601013716381842,False,False,False,graph_diffusion_1,70,0.9869406241535937,7.1186979027090285,0.4410200273041406
83,s1_clean,0.7725832732667287,7.601013716381842,False,False,False,graph_diffusion_3,70,1.0766615382005347,7.121297438301453,0.29439710080336084
83,s1_clean,0.7725832732667287,7.601013716381842,False,False,False,laplacian,70,1.0037961580937746,7.12024653878616,0.4530157449775553
84,s1_clean,0.7627039962883997,7.197470289024447,False,False,False,static_raw,70,0.5940924147058715,7.3856840850686,0.6259833183436326
84,s1_clean,0.7627039962883997,7.197470289024447,False,False,False,graph_diffusion_1,70,0.6545159582050276,7.38284834679123,0.49591677220377156
84,s1_clean,0.7627039962883997,7.197470289024447,False,False,False,graph_diffusion_3,70,0.7661411827328973,7.384607397365311,0.33802918035829926
84,s1_clean,0.7627039962883997,7.197470289024447,False,False,False,laplacian,70,0.6782999538160502,7.380507352888393,0.5044054356016737
85,s1_clean,0.7476353326675488,6.81635623556896,False,False,False,static_raw,61,1.4569359218498408,7.117099953301996,0.5377266797981656
85,s1_clean,0.7476353326675488,6.81635623556896,False,False,False,graph_diffusion_1,61,1.4669912200502364,7.102285733197495,0.40742806508324425
85,s1_clean,0.7476353326675488,6.81635623556896,False,False,False,graph_diffusion_3,61,1.4972030984557891,7.0765948508304195,0.25807359155241655
85,s1_clean,0.7476353326675488,6.81635623556896,False,False,False,laplacian,61,1.487938102104788,7.108472880274099,0.40010510725095577
86,s1_clean,0.9137967078421534,6.526476621576835,False,False,False,static_raw,60,0.921974319890907,6.228637439908042,0.6098995763410832
86,s1_clean,0.9137967078421534,6.526476621576835,False,False,False,graph_diffusion_1,60,0.9772207366182204,6.224915564661585,0.4789464184139085
86,s1_clean,0.9137967078421534,6.526476621576835,False,False,False,graph_diffusion_3,60,1.0788920416163936,6.219440917877131,0.3230690177536241
86,s1_clean,0.9137967078421534,6.526476621576835,False,False,False,laplacian,60,0.9945442709101872,6.2280780408633145,0.4892640217700201
87,s1_clean,0.9814448940362952,6.408314414612691,False,False,False,static_raw,60,1.5815616295333443,6.081468517823672,0.534455386847341
87,s1_clean,0.9814448940362952,6.408314414612691,False,False,False,graph_diffusion_1,60,1.6289841799204154,6.077187855041857,0.4121530352437131
87,s1_clean,0.9814448940362952,6.408314414612691,False,False,False,graph_diffusion_3,60,1.714366532706137,6.070679123898709,0.26994897570749593
87,s1_clean,0.9814448940362952,6.408314414612691,False,False,False,laplacian,60,1.6358130194750713,6.081194474891622,0.4245464459018527
88,s1_clean,0.9671035937632008,6.25639909336203,False,False,False,static_raw,60,2.2320529187959983,4.5817325966333025,0.500214219881893
88,s1_clean,0.9671035937632008,6.25639909336203,False,False,False,graph_diffusion_1,60,2.2833056165468397,4.563250285021563,0.37905740230889734
88,s1_clean,0.9671035937632008,6.25639909336203,False,False,False,graph_diffusion_3,60,2.372671995628285,4.534945336480258,0.23898149688265005
88,s1_clean,0.9671035937632008,6.25639909336203,False,False,False,laplacian,60,2.2789689486661246,4.588000763221143,0.3919226612318997
89,s1_clean,0.8389880226292726,6.148385963144225,False,False,False,static_raw,60,0.9535442471113974,6.997969854602152,0.5984816156884399
89,s1_clean,0.8389880226292726,6.148385963144225,False,False,False,graph_diffusion_1,60,1.0102621075406468,6.992174088886856,0.4713232155129277
89,s1_clean,0.8389880226292726,6.148385963144225,False,False,False,graph_diffusion_3,60,1.1156491204677843,6.981244123811271,0.31924768609191573
89,s1_clean,0.8389880226292726,6.148385963144225,False,False,False,laplacian,60,1.0318451962219781,6.990804768102237,0.4796959599331336
90,s1_clean,0.7861139584550364,6.029557626249291,False,False,False,static_raw,60,0.857009970228474,6.406700529389342,0.6069208298879191
90,s1_clean,0.7861139584550364,6.029557626249291,False,False,False,graph_diffusion_1,60,0.9103373210280117,6.4050984432356195,0.4767522464390973
90,s1_clean,0.7861139584550364,6.029557626249291,False,False,False,graph_diffusion_3,60,1.0090428750986251,6.402789078456056,0.32216440021366216
90,s1_clean,0.7861139584550364,6.029557626249291,False,False,False,laplacian,60,0.9286661669216391,6.4057473157504266,0.4874545954463529
91,s1_clean,0.5294466000344179,5.720236711904748,False,False,False,static_raw,50,1.1471397202350793,5.928434926005766,0.5241621581780412
91,s1_clean,0.5294466000344179,5.720236711904748,False,False,False,graph_diffusion_1,50,1.191992719633739,5.93512607001461,0.4047182131144652
91,s1_clean,0.5294466000344179,5.720236711904748,False,False,False,graph_diffusion_3,50,1.274985794407541,5.945894337710809,0.2672821673730246
91,s1_clean,0.5294466000344179,5.720236711904748,False,False,False,laplacian,50,1.2055521599076584,5.927700943195776,0.4175805156702154
92,s1_clean,0.3293247936064994,5.560327763194732,False,False,False,static_raw,50,0.7265231526940488,5.767245201233897,0.6215273027014083
92,s1_clean,0.3293247936064994,5.560327763194732,False,False,False,graph_diffusion_1,50,0.7825566167215544,5.768116922934143,0.49036340777959536
92,s1_clean,0.3293247936064994,5.560327763194732,False,False,False,graph_diffusion_3,50,0.8865179992810971,5.769799416688386,0.33344888628753794
92,s1_clean,0.3293247936064994,5.560327763194732,False,False,False,laplacian,50,0.8035898363446974,5.766761462505166,0.4999172748858224
93,s1_clean,0.6891556094303306,5.713873939695236,False,False,False,static_raw,51,1.5474744623247,5.326862129085842,0.5879765227316065
93,s1_clean,0.6891556094303306,5.713873939695236,False,False,False,graph_diffusion_1,51,1.5450175901835197,5.328343481217006,0.4489790235826049
93,s1_clean,0.6891556094303306,5.713873939695236,False,False,False,graph_diffusion_3,51,1.5547385855192073,5.330373319176551,0.28800679455849254
93,s1_clean,0.6891556094303306,5.713873939695236,False,False,False,laplacian,51,1.5666485459198265,5.326843192533721,0.44186321922007543
94,s1_clean,1.0477753389991804,5.908021820551629,False,False,False,static_raw,51,2.0861944398397285,5.460667958740363,0.5520473928422691
94,s1_clean,1.0477753389991804,5.908021820551629,False,False,False,graph_diffusion_1,51,2.0755834411790315,5.460923271733674,0.4178495378499195
94,s1_clean,1.0477753389991804,5.908021820551629,False,False,False,graph_diffusion_3,51,2.0716829117676756,5.461222800637951,0.26337021909895386
94,s1_clean,1.0477753389991804,5.908021820551629,False,False,False,laplacian,51,2.099880516627993,5.460511209434872,0.4110930645977707
95,s1_clean,1.1737333040654978,5.864498848416995,False,False,False,static_raw,60,0.5962626134977075,6.6677165962461835,0.6506407389913168
95,s1_clean,1.1737333040654978,5.864498848416995,False,False,False,graph_diffusion_1,60,0.6568266789367391,6.666532921849151,0.514634325805769
95,s1_clean,1.1737333040654978,5.864498848416995,False,False,False,graph_diffusion_3,60,0.7693403579522516,6.664256130555697,0.3505885815385415
95,s1_clean,1.1737333040654978,5.864498848416995,False,False,False,laplacian,60,0.6810411504084561,6.664884804053059,0.5231674997112373
96,s1_clean,1.47036086082882,5.76071034330818,False,False,False,static_raw,51,1.5439024622593542,5.067630886676176,0.5457057027149695
96,s1_clean,1.47036086082882,5.76071034330818,False,False,False,graph_diffusion_1,51,1.5457216774565823,5.071602136272711,0.4162267006522109
96,s1_clean,1.47036086082882,5.76071034330818,False,False,False,graph_diffusion_3,51,1.5619367280090497,5.076873505614175,0.2671709490733076
96,s1_clean,1.47036086082882,5.76071034330818,False,False,False,laplacian,51,1.5663532529667097,5.06773543880809,0.409441126898665
97,s1_clean,1.73897566506975,5.580146044809712,False,False,False,static_raw,51,1.9287324561357908,5.614366196346622,0.5539616505660413
97,s1_clean,1.73897566506975,5.580146044809712,False,False,False,graph_diffusion_1,51,1.9197934682521474,5.6135085043478865,0.4201859529859469
97,s1_clean,1.73897566506975,5.580146044809712,False,False,False,graph_diffusion_3,51,1.9186939705140031,5.612364667890292,0.2660706902359457
97,s1_clean,1.73897566506975,5.580146044809712,False,False,False,laplacian,51,1.9434527912534925,5.614085196753616,0.41353765395607545
98,s1_clean,1.9510251970162544,5.5131699721219976,False,False,False,static_raw,51,1.6953412343651504,5.185847892694138,0.5667376115774114
98,s1_clean,1.9510251970162544,5.5131699721219976,False,False,False,graph_diffusion_1,51,1.6907388322763632,5.1885497775539395,0.4313151186049724
98,s1_clean,1.9510251970162544,5.5131699721219976,False,False,False,graph_diffusion_3,51,1.6965578880128014,5.1920460474836485,0.27515482974212224
98,s1_clean,1.9510251970162544,5.5131699721219976,False,False,False,laplacian,51,1.7126306923052348,5.185872144283478,0.42450673047139437
99,s1_clean,2.1646829484831067,5.499706273056468,False,False,False,static_raw,51,2.028248514983047,5.241205042609319,0.5367117030623075
99,s1_clean,2.1646829484831067,5.499706273056468,False,False,False,graph_diffusion_1,51,2.0123594311473947,5.24378390698057,0.408182850559946
99,s1_clean,2.1646829484831067,5.499706273056468,False,False,False,graph_diffusion_3,51,1.9988095169466609,5.247207404647498,0.25988880325232416
99,s1_clean,2.1646829484831067,5.499706273056468,False,False,False,laplacian,51,2.035968842494313,5.241202262069835,0.4019371478693321
0,s2_wifi_degraded,2.2799291600344294,5.687548118721819,False,False,False,static_raw,52,1.9666283305695196,5.076278680066208,0.5153555997998601
0,s2_wifi_degraded,2.2799291600344294,5.687548118721819,False,False,False,graph_diffusion_1,52,1.9789451746642062,5.075936319001243,0.39322565865948833
0,s2_wifi_degraded,2.2799291600344294,5.687548118721819,False,False,False,graph_diffusion_3,52,2.001282040655351,5.076069607544136,0.2497207772515286
0,s2_wifi_degraded,2.2799291600344294,5.687548118721819,False,False,False,laplacian,52,1.985984767983634,5.076296478051846,0.383100610730678
1,s2_wifi_degraded,2.311993742915821,5.314965509108,False,False,False,static_raw,52,3.504188840959375,5.068628068103773,0.5131496723235551
1,s2_wifi_degraded,2.311993742915821,5.314965509108,False,False,False,graph_diffusion_1,52,3.503563682574558,5.068764054570738,0.38872444295493747
1,s2_wifi_degraded,2.311993742915821,5.314965509108,False,False,False,graph_diffusion_3,52,3.497834055471287,5.069576681918769,0.24220349128565072
1,s2_wifi_degraded,2.311993742915821,5.314965509108,False,False,False,laplacian,52,3.5048075571270285,5.068659630369303,0.3785362202169152
2,s2_wifi_degraded,2.4844149891244345,4.892233443738157,False,False,False,static_raw,42,2.5670151631894673,4.278046841893978,0.5698494476395473
2,s2_wifi_degraded,2.4844149891244345,4.892233443738157,False,False,False,graph_diffusion_1,42,2.569501294678826,4.277963226717395,0.43679812559962644
2,s2_wifi_degraded,2.4844149891244345,4.892233443738157,False,False,False,graph_diffusion_3,42,2.5720718618199343,4.2778174834061105,0.2785156548033059
2,s2_wifi_degraded,2.4844149891244345,4.892233443738157,False,False,False,laplacian,42,2.5738376867251738,4.278584127747733,0.42524668131433024
3,s2_wifi_degraded,2.842745217514855,4.547438345307587,False,False,False,static_raw,42,2.1049482017876984,5.02180898744052,0.5382894833656662
3,s2_wifi_degraded,2.842745217514855,4.547438345307587,False,False,False,graph_diffusion_1,42,2.113103591212593,5.021958597326248,0.41073173991441825
3,s2_wifi_degraded,2.842745217514855,4.547438345307587,False,False,False,graph_diffusion_3,42,2.1278416419269046,5.021347549231103,0.26011460401839753
3,s2_wifi_degraded,2.842745217514855,4.547438345307587,False,False,False,laplacian,42,2.1202388654967375,5.0217212289930035,0.40011952880695495
4,s2_wifi_degraded,2.9864127708382706,4.543611784897228,False,False,False,static_raw,42,2.619743590595407,4.6533447087444095,0.5704158543436539
4,s2_wifi_degraded,2.9864127708382706,4.543611784897228,False,False,False,graph_diffusion_1,42,2.619938514298064,4.653956920348,0.4381344498932038
4,s2_wifi_degraded,2.9864127708382706,4.543611784897228,False,False,False,graph_diffusion_3,42,2.6183909926368023,4.654541628056113,0.2804023886973883
4,s2_wifi_degraded,2.9864127708382706,4.543611784897228,False,False,False,laplacian,42,2.6248644962355536,4.653370193294457,0.4265690699384673
5,s2_wifi_degraded,3.340887948111646,4.334249547684212,False,False,False,static_raw,43,3.3892306452006267,4.68937246939654,0.5918525732641227
5,s2_wifi_degraded,3.340887948111646,4.334249547684212,False,False,False,graph_diffusion_1,43,3.387378381189352,4.689926856771742,0.45561304346675996
5,s2_wifi_degraded,3.340887948111646,4.334249547684212,False,False,False,graph_diffusion_3,43,3.3842355830219746,4.690851197828033,0.2928924440222024
5,s2_wifi_degraded,3.340887948111646,4.334249547684212,False,False,False,laplacian,43,3.3904813972697623,4.689381672273657,0.44320383011591025
6,s2_wifi_degraded,3.68623544692832,4.015886165396863,False,False,False,static_raw,43,3.3471346768733685,4.460602108053977,0.5959593685252365
6,s2_wifi_degraded,3.68623544692832,4.015886165396863,False,False,False,graph_diffusion_1,43,3.345381487416528,4.460909854558968,0.4594050522390862
6,s2_wifi_degraded,3.68623544692832,4.015886165396863,False,False,False,graph_diffusion_3,43,3.3425253040187157,4.461200757742618,0.2958440339670565
6,s2_wifi_degraded,3.68623544692832,4.015886165396863,False,False,False,laplacian,43,3.3486147769158534,4.460662021213258,0.4467674636616352
7,s2_wifi_degraded,4.1188059230374,3.834922193216244,False,False,False,static_raw,34,3.805979853989986,3.7224893229133547,0.5407789877569307
7,s2_wifi_degraded,4.1188059230374,3.834922193216244,False,False,False,graph_diffusion_1,34,3.80442598337906,3.7229239118988855,0.4136251917274585
7,s2_wifi_degraded,4.1188059230374,3.834922193216244,False,False,False,graph_diffusion_3,34,3.80228009361647,3.7232276523088847,0.2630579958538449
7,s2_wifi_degraded,4.1188059230374,3.834922193216244,False,False,False,laplacian,34,3.808295735151717,3.7228858262241986,0.4027749600219715
8,s2_wifi_degraded,4.374208764323148,3.616554373320941,False,False,False,static_raw,34,3.9621211297818397,4.006024948884372,0.5401882642120011
8,s2_wifi_degraded,4.374208764323148,3.616554373320941,False,False,False,graph_diffusion_1,34,3.9603672891392714,4.006745950412677,0.41234790762556106
8,s2_wifi_degraded,4.374208764323148,3.616554373320941,False,False,False,graph_diffusion_3,34,3.9575229637589953,4.007765340705806,0.26156357304429373
8,s2_wifi_degraded,4.374208764323148,3.616554373320941,False,False,False,laplacian,34,3.9634492811092668,4.006106630691057,0.40162281230725594
9,s2_wifi_degraded,4.8310090365174965,3.516701129989274,False,False,False,static_raw,34,4.965597567159584,3.8648769196617256,0.5419680011417496
9,s2_wifi_degraded,4.8310090365174965,3.516701129989274,False,False,False,graph_diffusion_1,34,4.965869393707253,3.864799352389353,0.41568854391705207
9,s2_wifi_degraded,4.8310090365174965,3.516701129989274,False,False,False,graph_diffusion_3,34,4.96654748916006,3.8643627641169482,0.266183517939346
9,s2_wifi_degraded,4.8310090365174965,3.516701129989274,False,False,False,laplacian,34,4.965527796575341,3.8650065580882558,0.40457861311573107
10,s2_wifi_degraded,5.174686225206629,3.48599608085182,True,False,False,static_raw,35,3.028861525991542,5.768621012329618,0.5000000188990333
10,s2_wifi_degraded,5.174686225206629,3.48599608085182,True,False,False,graph_diffusion_1,35,3.1058155605938023,5.704771758575137,0.3814853631736874
10,s2_wifi_degraded,5.174686225206629,3.48599608085182,True,False,False,graph_diffusion_3,35,3.2284499166914133,5.61075267383907,0.23823250857632744
10,s2_wifi_degraded,5.174686225206629,3.48599608085182,True,False,False,laplacian,35,3.073957726403923,5.752067991794081,0.3647864622959074
11,s2_wifi_degraded,5.555495990836912,3.59907830663822,True,False,False,static_raw,35,6.6373917918162615,3.440865911175509,0.5026373055561785
11,s2_wifi_degraded,5.555495990836912,3.59907830663822,True,False,False,graph_diffusion_1,35,6.636631504042765,3.4410083150354587,0.3788436681531491
11,s2_wifi_degraded,5.555495990836912,3.59907830663822,True,False,False,graph_diffusion_3,35,6.633218578059059,3.4406008748659795,0.23483776694014158
11,s2_wifi_degraded,5.555495990836912,3.59907830663822,True,False,False,laplacian,35,6.629795892490391,3.4420382328102783,0.3697554182390363
12,s2_wifi_degraded,5.685559404770427,3.675092014689703,True,False,False,static_raw,35,6.037762486094234,4.6471805284657695,0.5031913729587019
12,s2_wifi_degraded,5.685559404770427,3.675092014689703,True,False,False,graph_diffusion_1,35,6.0399783706684085,4.650161548051131,0.3789343613202206
12,s2_wifi_degraded,5.685559404770427,3.675092014689703,True,False,False,graph_diffusion_3,35,6.042625174671151,4.655151885140696,0.23381948016493165
12,s2_wifi_degraded,5.685559404770427,3.675092014689703,True,False,False,laplacian,35,6.03487686562008,4.64695838844141,0.36947494735987807
13,s2_wifi_degraded,5.990806032590996,3.622242725158004,True,False,False,static_raw,35,6.332661491812653,4.456678997420696,0.5043078447706749
13,s2_wifi_degraded,5.990806032590996,3.622242725158004,True,False,False,graph_diffusion_1,35,6.335791304993396,4.458793962910994,0.3797016809477216
13,s2_wifi_degraded,5.990806032590996,3.622242725158004,True,False,False,graph_diffusion_3,35,6.339982630519197,4.462391968079303,0.23434467342367574
13,s2_wifi_degraded,5.990806032590996,3.622242725158004,True,False,False,laplacian,35,6.329662006145378,4.456672221851194,0.3703377232438064
14,s2_wifi_degraded,6.191913166972428,3.379354108194402,True,False,False,static_raw,36,7.650777413895911,5.616957981032458,0.5000004919789869
14,s2_wifi_degraded,6.191913166972428,3.379354108194402,True,False,False,graph_diffusion_1,36,7.641081354681522,5.621783064163465,0.3740231072504337
14,s2_wifi_degraded,6.191913166972428,3.379354108194402,True,False,False,graph_diffusion_3,36,7.617244325603389,5.622664229386692,0.2272098694626754
14,s2_wifi_degraded,6.191913166972428,3.379354108194402,True,False,False,laplacian,36,7.6295253164645995,5.609773199285895,0.3648019327994773
15,s2_wifi_degraded,6.672474944256793,3.2764536300776967,True,False,False,static_raw,36,7.340752377738915,5.872648942570457,0.5000031489735552
15,s2_wifi_degraded,6.672474944256793,3.2764536300776967,True,False,False,graph_diffusion_1,36,7.307704416289438,5.815158995998162,0.3807063524891355
15,s2_wifi_degraded,6.672474944256793,3.2764536300776967,True,False,False,graph_diffusion_3,36,7.250572680082665,5.726945486009625,0.23717402207952226
15,s2_wifi_degraded,6.672474944256793,3.2764536300776967,True,False,False,laplacian,36,7.3089513136832185,5.855951446354191,0.3647928628769834
16,s2_wifi_degraded,6.801426487780192,3.2605086161445698,True,False,False,static_raw,37,7.168430732442396,2.0223169262135223,0.5000004191021227
16,s2_wifi_degraded,6.801426487780192,3.2605086161445698,True,False,False,graph_diffusion_1,37,7.171392157663044,2.0685468651619097,0.3788948886140244
16,s2_wifi_degraded,6.801426487780192,3.2605086161445698,True,False,False,graph_diffusion_3,37,7.183217899051123,2.1496220212477053,0.23408776166907652
16,s2_wifi_degraded,6.801426487780192,3.2605086161445698,True,False,False,laplacian,37,7.167260759633036,2.067091343441008,0.36489623324967857
17,s2_wifi_degraded,7.202662568049404,3.119170050557377,True,False,False,static_raw,37,8.466071695985562,6.474542841106224,0.49999999995100014
17,s2_wifi_degraded,7.202662568049404,3.119170050557377,True,False,False,graph_diffusion_1,37,8.385503940549194,6.313478879559181,0.3899448026481653
17,s2_wifi_degraded,7.202662568049404,3.119170050557377,True,False,False,graph_diffusion_3,37,8.268176027678457,6.07969673797488,0.24953801221884633
17,s2_wifi_degraded,7.202662568049404,3.119170050557377,True,False,False,laplacian,99,8.421135333609234,6.4308355034447064,0.39460543788813396
18,s2_wifi_degraded,7.355464000343399,3.083507848130031,True,False,False,static_raw,37,7.483868117593299,2.033833440034519,0.5000000398343184
18,s2_wifi_degraded,7.355464000343399,3.083507848130031,True,False,False,graph_diffusion_1,37,7.483957384285446,2.0776445446596945,0.37849200545734263
18,s2_wifi_degraded,7.355464000343399,3.083507848130031,True,False,False,graph_diffusion_3,37,7.494777082156356,2.1510652806700086,0.2331827214931356
18,s2_wifi_degraded,7.355464000343399,3.083507848130031,True,False,False,laplacian,37,7.483037661266322,2.077047399255769,0.3650594275934714
19,s2_wifi_degraded,7.503183997832102,2.737386539567276,True,False,False,static_raw,27,8.3241274829786,1.7540098018676658,0.5000013595405176
19,s2_wifi_degraded,7.503183997832102,2.737386539567276,True,False,False,graph_diffusion_1,27,8.295287602106704,1.7768392683738372,0.37676474393646286
19,s2_wifi_degraded,7.503183997832102,2.737386539567276,True,False,False,graph_diffusion_3,27,8.24074764579845,1.8216194344365968,0.23276974421797572
19,s2_wifi_degraded,7.503183997832102,2.737386539567276,True,False,False,laplacian,27,8.292699146413014,1.7790556998071465,0.36578073792738297
20,s2_wifi_degraded,7.571322716061035,2.634714819474328,True,False,False,static_raw,27,7.409484797941634,1.5085246471214755,0.4998135238313027
20,s2_wifi_degraded,7.571322716061035,2.634714819474328,True,False,False,graph_diffusion_1,27,7.410436341866791,1.5498161040341243,0.3791409332766422
20,s2_wifi_degraded,7.571322716061035,2.634714819474328,True,False,False,graph_diffusion_3,27,7.422421426535303,1.618975705063428,0.2374449268053921
20,s2_wifi_degraded,7.571322716061035,2.634714819474328,True,False,False,laplacian,27,7.408882200095144,1.5539417062065644,0.36686242400681307
21,s2_wifi_degraded,7.704726986928372,2.49312382194566,False,False,False,static_raw,27,7.799134113023348,2.6215042663616384,0.40585181813586735
21,s2_wifi_degraded,7.704726986928372,2.49312382194566,False,False,False,graph_diffusion_1,27,7.797067616874814,2.624649376570898,0.3191398804635554
21,s2_wifi_degraded,7.704726986928372,2.49312382194566,False,False,False,graph_diffusion_3,27,7.7904264937028405,2.6266564487137587,0.21311851920027852
21,s2_wifi_degraded,7.704726986928372,2.49312382194566,False,False,False,laplacian,27,7.786596027256759,2.628054860460518,0.3108638268601737
22,s2_wifi_degraded,7.701196953076577,2.16815646104391,False,False,False,static_raw,27,7.894565641103855,2.127507802214986,0.5140003434981184
22,s2_wifi_degraded,7.701196953076577,2.16815646104391,False,False,False,graph_diffusion_1,27,7.884179666203005,2.1376880031613394,0.3982953378189583
22,s2_wifi_degraded,7.701196953076577,2.16815646104391,False,False,False,graph_diffusion_3,27,7.870537187372252,2.150601973583222,0.25796159286567544
22,s2_wifi_degraded,7.701196953076577,2.16815646104391,False,False,False,laplacian,27,7.879738847036452,2.141760662472193,0.38653331017997994
23,s2_wifi_degraded,7.655329139600928,1.9328868180562264,False,False,False,static_raw,17,7.832263507119634,1.4606429351930699,0.5747978445086447
23,s2_wifi_degraded,7.655329139600928,1.9328868180562264,False,False,False,graph_diffusion_1,17,7.818528559431136,1.4666888718248825,0.4428444451815544
23,s2_wifi_degraded,7.655329139600928,1.9328868180562264,False,False,False,graph_diffusion_3,17,7.803318383459028,1.4857006991844677,0.28516389730307656
23,s2_wifi_degraded,7.655329139600928,1.9328868180562264,False,False,False,laplacian,17,7.818798687439418,1.4863771451773657,0.43320754762999136
24,s2_wifi_degraded,7.602021631114391,1.571641233574267,False,False,False,static_raw,17,7.7592870931136355,1.6802439153885618,0.6386100100110564
24,s2_wifi_degraded,7.602021631114391,1.571641233574267,False,False,False,graph_diffusion_1,17,7.754370795598418,1.6737763850484972,0.48221905709819374
24,s2_wifi_degraded,7.602021631114391,1.571641233574267,False,False,False,graph_diffusion_3,17,7.75074672022387,1.6734978301047467,0.30187046045360344
24,s2_wifi_degraded,7.602021631114391,1.571641233574267,False,False,False,laplacian,17,7.751432984762733,1.6939397795521944,0.4756622052892791
25,s2_wifi_degraded,7.496118456242826,1.2679285911263276,False,False,False,static_raw,17,7.352825794683398,1.464482765352708,0.6162544966586986
25,s2_wifi_degraded,7.496118456242826,1.2679285911263276,False,False,False,graph_diffusion_1,17,7.354768549009467,1.4647897518658728,0.4724271401485204
25,s2_wifi_degraded,7.496118456242826,1.2679285911263276,False,False,False,graph_diffusion_3,17,7.364195238375067,1.4782345160167634,0.30337061387221476
25,s2_wifi_degraded,7.496118456242826,1.2679285911263276,False,False,False,laplacian,17,7.351538559593873,1.4854563322086953,0.46460870183194125
26,s2_wifi_degraded,7.213781174903376,0.8568255662582489,False,False,False,static_raw,7,7.850205285520828,2.0987733958311514,0.5002125963953774
26,s2_wifi_degraded,7.213781174903376,0.8568255662582489,False,False,False,graph_diffusion_1,7,7.845095292921088,2.1475671538567815,0.3795352951297446
26,s2_wifi_degraded,7.213781174903376,0.8568255662582489,False,False,False,graph_diffusion_3,7,7.839140796321806,2.2254502308131263,0.23931336124354924
26,s2_wifi_degraded,7.213781174903376,0.8568255662582489,False,False,False,laplacian,7,7.835611815385807,2.1453806069087826,0.3923542925868699
27,s2_wifi_degraded,6.894230635172876,0.5695446452732373,False,False,False,static_raw,7,7.509706330414119,0.8315233112425287,0.7166701297413584
27,s2_wifi_degraded,6.894230635172876,0.5695446452732373,False,False,False,graph_diffusion_1,7,7.509654517535813,0.8843321618907503,0.5587659204660989
27,s2_wifi_degraded,6.894230635172876,0.5695446452732373,False,False,False,graph_diffusion_3,7,7.521608169329006,0.9796215754979581,0.3684391020707381
27,s2_wifi_degraded,6.894230635172876,0.5695446452732373,False,False,False,laplacian,7,7.507016922924111,0.902255905426083,0.5716673642216199
28,s2_wifi_degraded,6.483266315091463,0.4768582893029604,False,False,False,static_raw,6,6.467142133681003,0.7297863321366388,0.762378315801404
28,s2_wifi_degraded,6.483266315091463,0.4768582893029604,False,False,False,graph_diffusion_1,6,6.467003667931891,0.7863620819790277,0.594277312027075
28,s2_wifi_degraded,6.483266315091463,0.4768582893029604,False,False,False,graph_diffusion_3,6,6.467794449593893,0.8911159733750381,0.3939860142532894
28,s2_wifi_degraded,6.483266315091463,0.4768582893029604,False,False,False,laplacian,6,6.466401883108869,0.8073664584198178,0.6068961011128006
29,s2_wifi_degraded,6.08112543865504,0.3893330184780748,False,False,False,static_raw,15,5.6847658592202555,1.7592646877901006,0.5975415507721213
29,s2_wifi_degraded,6.08112543865504,0.3893330184780748,False,False,False,graph_diffusion_1,15,5.6830640904483305,1.7505126148910763,0.45518178303594886
29,s2_wifi_degraded,6.08112543865504,0.3893330184780748,False,False,False,graph_diffusion_3,15,5.681069176686251,1.749427279268301,0.29019777818769604
29,s2_wifi_degraded,6.08112543865504,0.3893330184780748,False,False,False,laplacian,15,5.684632714339141,1.7727877991126526,0.4480016959239308
30,s2_wifi_degraded,5.9589922669011575,0.2570083151721161,False,False,False,static_raw,5,5.986597874531995,0.8088821750957282,0.5615492411490497
30,s2_wifi_degraded,5.9589922669011575,0.2570083151721161,False,False,False,graph_diffusion_1,5,5.989919836470868,0.8637356064921335,0.44860707859398713
30,s2_wifi_degraded,5.9589922669011575,0.2570083151721161,False,False,False,graph_diffusion_3,5,5.995808801124748,0.9651775026573638,0.31168054351585806
30,s2_wifi_degraded,5.9589922669011575,0.2570083151721161,False,False,False,laplacian,5,5.985562087684861,0.8829013468912562,0.45612541280707286
31,s2_wifi_degraded,5.831232280022617,0.1202910645042036,False,False,False,static_raw,5,5.628572519890646,1.247461087074765,0.5906165503913501
31,s2_wifi_degraded,5.831232280022617,0.1202910645042036,False,False,False,graph_diffusion_1,5,5.6299213170905205,1.2947614327657915,0.4583509316170415
31,s2_wifi_degraded,5.831232280022617,0.1202910645042036,False,False,False,graph_diffusion_3,5,5.632250221051298,1.3809475856199294,0.3030282016127197
31,s2_wifi_degraded,5.831232280022617,0.1202910645042036,False,False,False,laplacian,5,5.628147133386968,1.305698866241895,0.47073645799073477
32,s2_wifi_degraded,6.000260145054196,0.4497115388847675,False,False,False,static_raw,15,5.130514734249437,1.6834506871488992,0.5426445806223308
32,s2_wifi_degraded,6.000260145054196,0.4497115388847675,False,False,False,graph_diffusion_1,15,5.13513197344865,1.6831577505843835,0.41409597600276776
32,s2_wifi_degraded,6.000260145054196,0.4497115388847675,False,False,False,graph_diffusion_3,15,5.141745839874292,1.6953704898436694,0.2660998807287038
32,s2_wifi_degraded,6.000260145054196,0.4497115388847675,False,False,False,laplacian,15,5.13101025886907,1.7040248186431648,0.40717780695192046
33,s2_wifi_degraded,6.0249012997820826,0.6758579464524104,False,False,False,static_raw,6,6.597101055149508,0.872628025219032,0.6864759926347489
33,s2_wifi_degraded,6.0249012997820826,0.6758579464524104,False,False,False,graph_diffusion_1,6,6.5983527327666,0.9239413107395538,0.536265381969101
33,s2_wifi_degraded,6.0249012997820826,0.6758579464524104,False,False,False,graph_diffusion_3,6,6.602379564439243,1.0189666511449713,0.3573339376326881
33,s2_wifi_degraded,6.0249012997820826,0.6758579464524104,False,False,False,laplacian,6,6.596502948515476,0.9414556324012543,0.5486736324173863
34,s2_wifi_degraded,6.061421427145482,0.8183445365055386,False,False,False,static_raw,6,6.5479511447373415,0.8586147885673271,0.6860440982001454
34,s2_wifi_degraded,6.061421427145482,0.8183445365055386,False,False,False,graph_diffusion_1,6,6.548735946975969,0.9096142467769498,0.5365518015786275
34,s2_wifi_degraded,6.061421427145482,0.8183445365055386,False,False,False,graph_diffusion_3,6,6.551806585967502,1.0042682647960328,0.3583386540884384
34,s2_wifi_degraded,6.061421427145482,0.8183445365055386,False,False,False,laplacian,6,6.547590033381178,0.927518542735848,0.5488400755215362
35,s2_wifi_degraded,6.087391277308319,1.2497472486120351,True,False,False,static_raw,6,7.957411975601492,3.310671545150862,0.5000000070597305
35,s2_wifi_degraded,6.087391277308319,1.2497472486120351,True,False,False,graph_diffusion_1,6,7.93035723877157,3.3486411538509833,0.3821698751145267
35,s2_wifi_degraded,6.087391277308319,1.2497472486120351,True,False,False,graph_diffusion_3,6,7.879464961474956,3.417560119017474,0.24423112904104272
35,s2_wifi_degraded,6.087391277308319,1.2497472486120351,True,False,False,laplacian,6,7.9150232413234844,3.355559335921079,0.3915389303163763
36,s2_wifi_degraded,6.180286136373961,1.6086370686667928,True,False,False,static_raw,6,7.849820620612121,1.1630061705315786,0.5000000938443893
36,s2_wifi_degraded,6.180286136373961,1.6086370686667928,True,False,False,graph_diffusion_1,6,7.837085612116647,1.2024054835459035,0.3797126740877105
36,s2_wifi_degraded,6.180286136373961,1.6086370686667928,True,False,False,graph_diffusion_3,6,7.807159335205784,1.2772694082361635,0.24096773991059486
36,s2_wifi_degraded,6.180286136373961,1.6086370686667928,True,False,False,laplacian,6,7.816026138771114,1.2174259395173892,0.39191196450982496
37,s2_wifi_degraded,6.291541896900854,2.051340535656898,True,False,False,static_raw,16,6.132323353353974,1.2460904229237104,0.5213560471249401
37,s2_wifi_degraded,6.291541896900854,2.051340535656898,True,False,False,graph_diffusion_1,16,6.137674452864459,1.2618842527174825,0.4017756758201302
37,s2_wifi_degraded,6.291541896900854,2.051340535656898,True,False,False,graph_diffusion_3,16,6.1458753799681265,1.300400656402765,0.26369107762611715
37,s2_wifi_degraded,6.291541896900854,2.051340535656898,True,False,False,laplacian,16,6.132201412501486,1.2806192387370376,0.3941761057051962
38,s2_wifi_degraded,6.306683312213806,2.196428146331729,True,False,False,static_raw,26,7.052840886687775,3.0878159707708637,0.5312159857633924
38,s2_wifi_degraded,6.306683312213806,2.196428146331729,True,False,False,graph_diffusion_1,26,7.05520825854168,3.089099591637068,0.4033347515847788
38,s2_wifi_degraded,6.306683312213806,2.196428146331729,True,False,False,graph_diffusion_3,26,7.056642652842033,3.0865317129975947,0.2533169163479188
38,s2_wifi_degraded,6.306683312213806,2.196428146331729,True,False,False,laplacian,26,7.048619797590428,3.0884285942071683,0.3936993134295553
39,s2_wifi_degraded,6.336152382937008,2.471138999750724,True,False,False,static_raw,26,5.284090126616795,1.521337306112783,0.5000001939172853
39,s2_wifi_degraded,6.336152382937008,2.471138999750724,True,False,False,graph_diffusion_1,26,5.2958276626009955,1.5614830401413728,0.3786306579798022
39,s2_wifi_degraded,6.336152382937008,2.471138999750724,True,False,False,graph_diffusion_3,26,5.316949333172632,1.630684363417909,0.23393430646171026
39,s2_wifi_degraded,6.336152382937008,2.471138999750724,True,False,False,laplacian,26,5.284088632094185,1.5657478372936144,0.36485428947766724
40,s2_wifi_degraded,6.237110360969902,2.800987646488566,True,False,False,static_raw,36,6.461434845336271,3.5747226826478644,0.604737543453313
40,s2_wifi_degraded,6.237110360969902,2.800987646488566,True,False,False,graph_diffusion_1,36,6.462235833029484,3.5744539219940736,0.46573117476561665
40,s2_wifi_degraded,6.237110360969902,2.800987646488566,True,False,False,graph_diffusion_3,36,6.463907863224455,3.573568067513167,0.299461036858804
40,s2_wifi_degraded,6.237110360969902,2.800987646488566,True,False,False,laplacian,36,6.460821814159155,3.5752580984204285,0.4529149108968036
41,s2_wifi_degraded,6.027973420710303,3.09840759283468,True,False,False,static_raw,36,5.179654034322602,5.828743979274073,0.49999999995100003
41,s2_wifi_degraded,6.027973420710303,3.09840759283468,True,False,False,graph_diffusion_1,36,5.175652248813736,5.832518901417908,0.37413084272615266
41,s2_wifi_degraded,6.027973420710303,3.09840759283468,True,False,False,graph_diffusion_3,36,5.169047645030621,5.835576305406165,0.22706044981843962
41,s2_wifi_degraded,6.027973420710303,3.09840759283468,True,False,False,laplacian,36,5.179666544741779,5.820244529163519,0.3647870874104432
42,s2_wifi_degraded,5.997073023448079,3.2280332057453927,True,False,False,static_raw,25,7.465043034485733,1.5828788050762324,0.49999999021329633
42,s2_wifi_degraded,5.997073023448079,3.2280332057453927,True,False,False,graph_diffusion_1,25,7.352900970338632,1.657913537012799,0.3884781105278133
42,s2_wifi_degraded,5.997073023448079,3.2280332057453927,True,False,False,graph_diffusion_3,25,7.1874710615684005,1.7662694622031792,0.24743020899689094
42,s2_wifi_degraded,5.997073023448079,3.2280332057453927,True,False,False,laplacian,25,7.421533619590932,1.6241532339768658,0.364790862487895
43,s2_wifi_degraded,5.977301602080376,3.352058526074975,True,False,False,static_raw,36,7.140693564752765,2.407595313758724,0.5000001821018338
43,s2_wifi_degraded,5.977301602080376,3.352058526074975,True,False,False,graph_diffusion_1,36,7.142189227204747,2.4181748532001883,0.3743494949760412
43,s2_wifi_degraded,5.977301602080376,3.352058526074975,True,False,False,graph_diffusion_3,36,7.147575405118984,2.4374583989477028,0.22745333682128918
43,s2_wifi_degraded,5.977301602080376,3.352058526074975,True,False,False,laplacian,36,7.1371386769162495,2.426777401601651,0.36509885371576356
44,s2_wifi_degraded,5.902053565295218,3.5870012302182115,False,False,False,static_raw,35,6.926448224328888,3.9437766396273624,0.5029444889414183
44,s2_wifi_degraded,5.902053565295218,3.5870012302182115,False,False,False,graph_diffusion_1,35,6.9160862111536305,3.9433170466933927,0.3789387607790019
44,s2_wifi_degraded,5.902053565295218,3.5870012302182115,False,False,False,graph_diffusion_3,35,6.8949103551613184,3.9420723247863476,0.2337175230589833
44,s2_wifi_degraded,5.902053565295218,3.5870012302182115,False,False,False,laplacian,35,6.910032193481278,3.9439261799361724,0.368849133488494
45,s2_wifi_degraded,5.84764723140247,3.748268178695647,False,False,False,static_raw,35,5.886464726975265,4.04562679208043,0.5391746600278119
45,s2_wifi_degraded,5.84764723140247,3.748268178695647,False,False,False,graph_diffusion_1,35,5.887661970002003,4.046021433109164,0.4122697175143293
45,s2_wifi_degraded,5.84764723140247,3.748268178695647,False,False,False,graph_diffusion_3,35,5.890074086181287,4.04658580938023,0.2624928295849524
45,s2_wifi_degraded,5.84764723140247,3.748268178695647,False,False,False,laplacian,35,5.886000243195425,4.045683118639079,0.4014544542349899
46,s2_wifi_degraded,5.7905916990273125,3.9540421895316378,False,False,False,static_raw,35,5.5922216397122915,4.118502788092051,0.536443740060026
46,s2_wifi_degraded,5.7905916990273125,3.9540421895316378,False,False,False,graph_diffusion_1,35,5.592941242428417,4.118952888779543,0.41021861881295213
46,s2_wifi_degraded,5.7905916990273125,3.9540421895316378,False,False,False,graph_diffusion_3,35,5.594222053013504,4.119614327436712,0.2611911241559166
46,s2_wifi_degraded,5.7905916990273125,3.9540421895316378,False,False,False,laplacian,35,5.591811434805711,4.118551481526629,0.39939348281334935
47,s2_wifi_degraded,5.615192813296309,4.351568926489183,False,False,False,static_raw,45,6.0450730056112,4.611014179959462,0.5551086509661514
47,s2_wifi_degraded,5.615192813296309,4.351568926489183,False,False,False,graph_diffusion_1,45,6.04681629691522,4.611291223653578,0.42628516265029176
47,s2_wifi_degraded,5.615192813296309,4.351568926489183,False,False,False,graph_diffusion_3,45,6.050259299261845,4.611725735892627,0.2732328880777888
47,s2_wifi_degraded,5.615192813296309,4.351568926489183,False,False,False,laplacian,45,6.044428976241678,4.611030729229468,0.4148621971173425
48,s2_wifi_degraded,5.49223566932926,4.551447461998359,False,False,False,static_raw,45,5.620666642790894,5.044037983148679,0.5393904045645883
48,s2_wifi_degraded,5.49223566932926,4.551447461998359,False,False,False,graph_diffusion_1,45,5.621800665258908,5.044958193875094,0.41255198021647466
48,s2_wifi_degraded,5.49223566932926,4.551447461998359,False,False,False,graph_diffusion_3,45,5.623795656974502,5.046826587650098,0.2627790916817478
48,s2_wifi_degraded,5.49223566932926,4.551447461998359,False,False,False,laplacian,45,5.620191247135013,5.043973785776378,0.40173281083390955
49,s2_wifi_degraded,5.414751159852098,4.694331234614093,False,False,False,static_raw,45,6.025405457410178,4.729859320979201,0.5649864931672801
49,s2_wifi_degraded,5.414751159852098,4.694331234614093,False,False,False,graph_diffusion_1,45,6.0258229144382405,4.730540524576032,0.4323353799513457
49,s2_wifi_degraded,5.414751159852098,4.694331234614093,False,False,False,graph_diffusion_3,45,6.025573509028539,4.7316199877428815,0.2747248516405267
49,s2_wifi_degraded,5.414751159852098,4.694331234614093,False,False,False,laplacian,45,6.022037389258475,4.72985936742725,0.4206421306841785
50,s2_wifi_degraded,5.284112641295624,4.985426545029498,False,False,False,static_raw,55,5.099832168825784,5.146451506775304,0.5268377474386017
50,s2_wifi_degraded,5.284112641295624,4.985426545029498,False,False,False,graph_diffusion_1,55,5.099392267365695,5.146715984500085,0.4028159848946086
50,s2_wifi_degraded,5.284112641295624,4.985426545029498,False,False,False,graph_diffusion_3,55,5.098671789533091,5.147068145657357,0.25656584968475254
50,s2_wifi_degraded,5.284112641295624,4.985426545029498,False,False,False,laplacian,55,5.10017992137701,5.14646494116128,0.39227770562109165
51,s2_wifi_degraded,5.241467849997588,5.146386896673119,False,False,False,static_raw,55,4.575222283723874,5.465058135080004,0.5282496778694701
51,s2_wifi_degraded,5.241467849997588,5.146386896673119,False,False,False,graph_diffusion_1,55,4.5732156590337,5.46598039954939,0.4013388221981762
51,s2_wifi_degraded,5.241467849997588,5.146386896673119,False,False,False,graph_diffusion_3,55,4.5705171460842156,5.467548773460836,0.25205543151102144
51,s2_wifi_degraded,5.241467849997588,5.146386896673119,False,False,False,laplacian,55,4.577546649964718,5.464962418480853,0.3909764035426472
52,s2_wifi_degraded,5.312406077942571,5.4188305034477,False,False,False,static_raw,55,5.456468763423454,5.623669816218272,0.5685263875271441
52,s2_wifi_degraded,5.312406077942571,5.4188305034477,False,False,False,graph_diffusion_1,55,5.45708857186481,5.625067445019197,0.4353987655409624
52,s2_wifi_degraded,5.312406077942571,5.4188305034477,False,False,False,graph_diffusion_3,55,5.457943448432264,5.62752283329656,0.2770299654392347
52,s2_wifi_degraded,5.312406077942571,5.4188305034477,False,False,False,laplacian,55,5.45593300588272,5.623448084662786,0.42363880822602795
53,s2_wifi_degraded,5.348436338770621,5.638406338643498,False,False,False,static_raw,55,5.167651731373363,6.448706019880828,0.5148088874374867
53,s2_wifi_degraded,5.348436338770621,5.638406338643498,False,False,False,graph_diffusion_1,55,5.166083120472987,6.453745486116227,0.3870258749107226
53,s2_wifi_degraded,5.348436338770621,5.638406338643498,False,False,False,graph_diffusion_3,55,5.163919478905703,6.458252091382207,0.2379694328402047
53,s2_wifi_degraded,5.348436338770621,5.638406338643498,False,False,False,laplacian,55,5.168041335475389,6.4425894525643805,0.3781377552316282
54,s2_wifi_degraded,5.403285630073735,5.921849491887416,False,False,False,static_raw,55,4.522280861105515,6.142835169492222,0.513846334535157
54,s2_wifi_degraded,5.403285630073735,5.921849491887416,False,False,False,graph_diffusion_1,55,4.517306613092634,6.14611922479904,0.38838188705826965
54,s2_wifi_degraded,5.403285630073735,5.921849491887416,False,False,False,graph_diffusion_3,55,4.508654820105551,6.151926320522923,0.24133626475596193
54,s2_wifi_degraded,5.403285630073735,5.921849491887416,False,False,False,laplacian,55,4.523345622928858,6.141318731962407,0.3787526969687649
55,s2_wifi_degraded,5.389714633426687,6.253274443829397,False,False,False,static_raw,65,5.986117860782865,6.555631264979037,0.570783298567626
55,s2_wifi_degraded,5.389714633426687,6.253274443829397,False,False,False,graph_diffusion_1,65,5.988252855728589,6.556780406400742,0.43841073010964715
55,s2_wifi_degraded,5.389714633426687,6.253274443829397,False,False,False,graph_diffusion_3,65,5.993017544088548,6.559586752649119,0.280412633409644
55,s2_wifi_degraded,5.389714633426687,6.253274443829397,False,False,False,laplacian,65,5.985702303215469,6.555098450503995,0.42649548386835867
56,s2_wifi_degraded,5.195285542548939,6.456984202180508,False,False,False,static_raw,65,6.143324907465194,7.026248870182753,0.5403688604790822
56,s2_wifi_degraded,5.195285542548939,6.456984202180508,False,False,False,graph_diffusion_1,65,6.148404474040914,7.028013644189455,0.40939797852946597
56,s2_wifi_degraded,5.195285542548939,6.456984202180508,False,False,False,graph_diffusion_3,65,6.157790431326693,7.030373253415222,0.25545934097202605
56,s2_wifi_degraded,5.195285542548939,6.456984202180508,False,False,False,laplacian,65,6.142534645861962,7.0210799294178186,0.39938140249026516
57,s2_wifi_degraded,4.86183044372369,6.506009930366596,False,False,False,static_raw,64,4.295336263284572,7.054464859927387,0.5484382944528027
57,s2_wifi_degraded,4.86183044372369,6.506009930366596,False,False,False,graph_diffusion_1,64,4.294072341479876,7.055232781453392,0.4170569522540312
57,s2_wifi_degraded,4.86183044372369,6.506009930366596,False,False,False,graph_diffusion_3,64,4.291053644842879,7.0567168992901514,0.2630791492640145
57,s2_wifi_degraded,4.86183044372369,6.506009930366596,False,False,False,laplacian,64,4.2954296577393185,7.05014631096551,0.40678480635833403
58,s2_wifi_degraded,4.430966043559735,6.658303038540852,False,False,False,static_raw,64,5.397846931118019,6.811136829631579,0.5329603595424844
58,s2_wifi_degraded,4.430966043559735,6.658303038540852,False,False,False,graph_diffusion_1,64,5.400568173412042,6.812846983276184,0.40507902821112174
58,s2_wifi_degraded,4.430966043559735,6.658303038540852,False,False,False,graph_diffusion_3,64,5.4069159504996405,6.816540360348437,0.2539396218839354
58,s2_wifi_degraded,4.430966043559735,6.658303038540852,False,False,False,laplacian,64,5.397593906839962,6.809292696699511,0.3944870231902094
59,s2_wifi_degraded,4.178500405215754,6.923849404304298,False,False,False,static_raw,74,4.99883921919911,7.422826056303436,0.5385297894946938
59,s2_wifi_degraded,4.178500405215754,6.923849404304298,False,False,False,graph_diffusion_1,74,4.9997905649709615,7.423619850151187,0.41236140133437205
59,s2_wifi_degraded,4.178500405215754,6.923849404304298,False,False,False,graph_diffusion_3,74,5.001304166473725,7.428811693620125,0.26263347049169866
59,s2_wifi_degraded,4.178500405215754,6.923849404304298,False,False,False,laplacian,74,4.99880445361171,7.420277531998335,0.40167216380513765
60,s2_wifi_degraded,3.960394580468616,7.038758843554683,True,False,False,static_raw,63,2.9836516879856694,7.226633955566886,0.5279422796039376
60,s2_wifi_degraded,3.960394580468616,7.038758843554683,True,False,False,graph_diffusion_1,63,2.976773843112258,7.228463493321895,0.3990886520647986
60,s2_wifi_degraded,3.960394580468616,7.038758843554683,True,False,False,graph_diffusion_3,63,2.9663328787058116,7.228969748342288,0.2487393483897263
60,s2_wifi_degraded,3.960394580468616,7.038758843554683,True,False,False,laplacian,63,2.98577673418019,7.218136964438581,0.39029603593554274
61,s2_wifi_degraded,3.817436158029557,7.138548197645917,True,False,False,static_raw,63,4.15436031639425,7.858519840420446,0.49999999995100003
61,s2_wifi_degraded,3.817436158029557,7.138548197645917,True,False,False,graph_diffusion_1,63,4.151238127533002,7.828554618384018,0.37670332776444876
61,s2_wifi_degraded,3.817436158029557,7.138548197645917,True,False,False,graph_diffusion_3,63,4.145721338739755,7.773519353266125,0.2313948569820241
61,s2_wifi_degraded,3.817436158029557,7.138548197645917,True,False,False,laplacian,63,4.154388167608033,7.824561830884756,0.3649021888700115
62,s2_wifi_degraded,3.501130686893392,7.317553093393935,True,False,False,static_raw,73,3.86527863924688,7.602315299121489,0.5757841450045517
62,s2_wifi_degraded,3.501130686893392,7.317553093393935,True,False,False,graph_diffusion_1,73,3.8646885893381397,7.6054414971619995,0.4532356507726115
62,s2_wifi_degraded,3.501130686893392,7.317553093393935,True,False,False,graph_diffusion_3,73,3.863741753754969,7.613654878404728,0.29985410494380466
62,s2_wifi_degraded,3.501130686893392,7.317553093393935,True,False,False,laplacian,73,3.865318048641876,7.600264386390738,0.43943575104233196
63,s2_wifi_degraded,3.301420995394072,7.433470647673615,True,False,False,static_raw,73,4.573082937929305,7.9367363542412175,0.5002707872691146
63,s2_wifi_degraded,3.301420995394072,7.433470647673615,True,False,False,graph_diffusion_1,73,4.57728445029038,7.935693192676756,0.37706839378291646
63,s2_wifi_degraded,3.301420995394072,7.433470647673615,True,False,False,graph_diffusion_3,73,4.581288005826357,7.931465079485607,0.23328867575913773
63,s2_wifi_degraded,3.301420995394072,7.433470647673615,True,False,False,laplacian,73,4.5731000083589795,7.9256846706894875,0.36839430556957403
64,s2_wifi_degraded,2.9801326529816508,7.690884577841307,True,False,False,static_raw,72,1.6030940410196353,6.159689469234642,0.500003390167672
64,s2_wifi_degraded,2.9801326529816508,7.690884577841307,True,False,False,graph_diffusion_1,72,1.6359369260036722,6.168446448029318,0.3775316509457688
64,s2_wifi_degraded,2.9801326529816508,7.690884577841307,True,False,False,graph_diffusion_3,72,1.694547874007375,6.190966874354223,0.2319518066007429
64,s2_wifi_degraded,2.9801326529816508,7.690884577841307,True,False,False,laplacian,72,1.6412061519888574,6.159358675974733,0.36494329314307733
65,s2_wifi_degraded,2.825515965506124,7.887436491509548,True,False,False,static_raw,82,4.121225662014357,8.345017086528806,0.5048943091233143
65,s2_wifi_degraded,2.825515965506124,7.887436491509548,True,False,False,graph_diffusion_1,82,4.106996600332065,8.351690934103857,0.3765286800570209
65,s2_wifi_degraded,2.825515965506124,7.887436491509548,True,False,False,graph_diffusion_3,82,4.082511037272612,8.350491917818603,0.22985916089253752
65,s2_wifi_degraded,2.825515965506124,7.887436491509548,True,False,False,laplacian,82,4.121501308809023,8.330230565278256,0.37081436663892353
66,s2_wifi_degraded,2.7289097443354,8.069919722795287,True,False,False,static_raw,72,4.356705883573643,7.344268822298152,0.28105599673234133
66,s2_wifi_degraded,2.7289097443354,8.069919722795287,True,False,False,graph_diffusion_1,72,4.349541778824347,7.354535904555008,0.22361687536042024
66,s2_wifi_degraded,2.7289097443354,8.069919722795287,True,False,False,graph_diffusion_3,72,4.333500396238629,7.369672569875956,0.15024156102056727
66,s2_wifi_degraded,2.7289097443354,8.069919722795287,True,False,False,laplacian,72,4.356915264940762,7.342052678343806,0.21706538767228314
67,s2_wifi_degraded,2.632696225741202,8.126714841624567,True,False,False,static_raw,82,2.8931091822164623,8.48024447959318,0.5918328700791626
67,s2_wifi_degraded,2.632696225741202,8.126714841624567,True,False,False,graph_diffusion_1,82,2.888181180969693,8.482304065640896,0.4502974890880339
67,s2_wifi_degraded,2.632696225741202,8.126714841624567,True,False,False,graph_diffusion_3,82,2.875221083110644,8.47283174617578,0.28654365031410217
67,s2_wifi_degraded,2.632696225741202,8.126714841624567,True,False,False,laplacian,82,2.8936560304887102,8.460985791731948,0.44351458301314606
68,s2_wifi_degraded,2.546782184357937,8.26682174955117,True,False,False,static_raw,82,3.7196924282392834,8.233865022392708,0.500109166704059
68,s2_wifi_degraded,2.546782184357937,8.26682174955117,True,False,False,graph_diffusion_1,82,3.7094760263601687,8.246661956951634,0.3743901632664897
68,s2_wifi_degraded,2.546782184357937,8.26682174955117,True,False,False,graph_diffusion_3,82,3.6906298720706823,8.255947236693176,0.23006022913201224
68,s2_wifi_degraded,2.546782184357937,8.26682174955117,True,False,False,laplacian,82,3.720015934701186,8.224557667376846,0.36885630740807734
69,s2_wifi_degraded,2.27418996039954,8.37225686434336,True,False,False,static_raw,82,4.171199111675897,8.99555645248851,0.5001478002373924
69,s2_wifi_degraded,2.27418996039954,8.37225686434336,True,False,False,graph_diffusion_1,82,4.13734849704293,8.964759337882793,0.37634304320763756
69,s2_wifi_degraded,2.27418996039954,8.37225686434336,True,False,False,graph_diffusion_3,82,4.082527583295512,8.901959682285609,0.23423972319494624
69,s2_wifi_degraded,2.27418996039954,8.37225686434336,True,False,False,laplacian,82,4.171440748486785,8.946280298145485,0.36725787287029044
70,s2_wifi_degraded,1.983341499407463,8.675376081434486,True,False,False,static_raw,81,3.388685081398795,7.801834766516871,0.4999310468223629
70,s2_wifi_degraded,1.983341499407463,8.675376081434486,True,False,False,graph_diffusion_1,81,3.340428666430209,7.826594610846763,0.3672306442768549
70,s2_wifi_degraded,1.983341499407463,8.675376081434486,True,False,False,graph_diffusion_3,81,3.2722554882303974,7.8613144746081005,0.21905244985269134
70,s2_wifi_degraded,1.983341499407463,8.675376081434486,True,False,False,laplacian,81,3.39252386375913,7.797675811113744,0.3650722794959979
71,s2_wifi_degraded,1.744329000013852,8.930180832821591,True,False,False,static_raw,81,5.358816588451663,7.062500456414966,0.5000004615438848
71,s2_wifi_degraded,1.744329000013852,8.930180832821591,True,False,False,graph_diffusion_1,81,5.220216679351927,7.110021504346245,0.3695748326622321
71,s2_wifi_degraded,1.744329000013852,8.930180832821591,True,False,False,graph_diffusion_3,81,5.002929910948081,7.18012688548136,0.22274183714765627
71,s2_wifi_degraded,1.744329000013852,8.930180832821591,True,False,False,laplacian,81,5.326324862898919,7.058482765288153,0.3650850522971686
72,s2_wifi_degraded,1.602113947159951,9.055786330292069,False,False,False,static_raw,81,1.8112589512127355,8.721443659499007,0.57854547509793
72,s2_wifi_degraded,1.602113947159951,9.055786330292069,False,False,False,graph_diffusion_1,81,1.7933249432737863,8.709449322370459,0.43760862706410997
72,s2_wifi_degraded,1.602113947159951,9.055786330292069,False,False,False,graph_diffusion_3,81,1.7773354131091597,8.678072105800167,0.27870247245799773
72,s2_wifi_degraded,1.602113947159951,9.055786330292069,False,False,False,laplacian,81,1.8227318889629054,8.690197471169954,0.43654969428979706
73,s2_wifi_degraded,1.462387084551268,9.271459793115136,False,False,False,static_raw,91,1.464850863694736,9.282921645399698,0.5636044789792108
73,s2_wifi_degraded,1.462387084551268,9.271459793115136,False,False,False,graph_diffusion_1,91,1.471671649980768,9.226766351414756,0.44681331601420904
73,s2_wifi_degraded,1.462387084551268,9.271459793115136,False,False,False,graph_diffusion_3,91,1.5126717203452458,9.115937800953912,0.3156387351644447
73,s2_wifi_degraded,1.462387084551268,9.271459793115136,False,False,False,laplacian,91,1.499486240754554,9.206128603874689,0.45930276762626
74,s2_wifi_degraded,1.3677759205754576,9.345398044743108,False,False,False,static_raw,91,2.85128028983873,8.803573246778566,0.5412206155618805
74,s2_wifi_degraded,1.3677759205754576,9.345398044743108,False,False,False,graph_diffusion_1,91,2.8230143189844545,8.7706034997004,0.4075429149700403
74,s2_wifi_degraded,1.3677759205754576,9.345398044743108,False,False,False,graph_diffusion_3,91,2.82437115583791,8.690771388233387,0.2651049369260736
74,s2_wifi_degraded,1.3677759205754576,9.345398044743108,False,False,False,laplacian,91,2.8590433624689444,8.744656324809915,0.4298219367443842
75,s2_wifi_degraded,1.193435864873341,9.539142135458723,False,False,False,static_raw,91,1.9547460843708602,9.153289542442202,0.5955597404638162
75,s2_wifi_degraded,1.193435864873341,9.539142135458723,False,False,False,graph_diffusion_1,91,1.9254448361155942,9.109577753648876,0.45695189363887956
75,s2_wifi_degraded,1.193435864873341,9.539142135458723,False,False,False,graph_diffusion_3,91,1.9181260980496475,9.015677365565532,0.3068522740181447
75,s2_wifi_degraded,1.193435864873341,9.539142135458723,False,False,False,laplacian,91,1.9630272162995472,9.083347696637444,0.47953565626090316
76,s2_wifi_degraded,1.150518127759666,9.753199891650477,False,False,False,static_raw,90,4.338425241138351,8.911299845234637,0.5259908409990002
76,s2_wifi_degraded,1.150518127759666,9.753199891650477,False,False,False,graph_diffusion_1,90,4.485778506027252,8.829072112158613,0.41935740598216553
76,s2_wifi_degraded,1.150518127759666,9.753199891650477,False,False,False,graph_diffusion_3,90,4.67508592138923,8.696957536322357,0.28618096842850704
76,s2_wifi_degraded,1.150518127759666,9.753199891650477,False,False,False,laplacian,90,4.354773993057918,8.849168085623905,0.4456949771433452
77,s2_wifi_degraded,1.0200771388428047,9.32054069697821,False,False,False,static_raw,91,1.7872960770426223,9.236984097328893,0.6416405491411419
77,s2_wifi_degraded,1.0200771388428047,9.32054069697821,False,False,False,graph_diffusion_1,91,1.7625036678209642,9.188886528116367,0.49217465422793527
77,s2_wifi_degraded,1.0200771388428047,9.32054069697821,False,False,False,graph_diffusion_3,91,1.7619136413845693,9.088319146181634,0.3301053438094609
77,s2_wifi_degraded,1.0200771388428047,9.32054069697821,False,False,False,laplacian,91,1.799076071975096,9.162995418854294,0.5161513047211178
78,s2_wifi_degraded,1.0163167110460578,8.891589654872902,False,False,False,static_raw,80,0.6674212747913085,7.054415913544547,0.5037815129276768
78,s2_wifi_degraded,1.0163167110460578,8.891589654872902,False,False,False,graph_diffusion_1,80,0.7202183221782994,7.096683162768585,0.37792177722827913
78,s2_wifi_degraded,1.0163167110460578,8.891589654872902,False,False,False,graph_diffusion_3,80,0.8263906505262264,7.116591232380031,0.24358122686000103
78,s2_wifi_degraded,1.0163167110460578,8.891589654872902,False,False,False,laplacian,80,0.7473596981799266,7.050357304368895,0.3967867042566999
79,s2_wifi_degraded,0.924713747694749,8.59768007556741,False,False,False,static_raw,80,1.9707479340899614,8.48917325201346,0.5146368533919232
79,s2_wifi_degraded,0.924713747694749,8.59768007556741,False,False,False,graph_diffusion_1,80,1.9902973494233949,8.499965072217648,0.3872108834569441
79,s2_wifi_degraded,0.924713747694749,8.59768007556741,False,False,False,graph_diffusion_3,80,2.056342897264235,8.482536523246374,0.2533889580237283
79,s2_wifi_degraded,0.924713747694749,8.59768007556741,False,False,False,laplacian,80,2.0200031620873777,8.466982609851973,0.40938609273566434
80,s2_wifi_degraded,0.8587932848384436,8.309492250468066,False,False,False,static_raw,80,1.3341887012164084,8.190517903474007,0.5182172019871687
80,s2_wifi_degraded,0.8587932848384436,8.309492250468066,False,False,False,graph_diffusion_1,80,1.3572391767035157,8.211581322970206,0.3908000717763669
80,s2_wifi_degraded,0.8587932848384436,8.309492250468066,False,False,False,graph_diffusion_3,80,1.4223716251499454,8.208878889019102,0.2565976257311694
80,s2_wifi_degraded,0.8587932848384436,8.309492250468066,False,False,False,laplacian,80,1.385996288118631,8.177758190090122,0.41316337880709686
81,s2_wifi_degraded,0.81627749478909,8.156860831751935,False,False,False,static_raw,80,0.8798089808180813,8.633449681477305,0.5941928613693772
81,s2_wifi_degraded,0.81627749478909,8.156860831751935,False,False,False,graph_diffusion_1,80,0.925267160909189,8.632477985501298,0.46175966179268263
81,s2_wifi_degraded,0.81627749478909,8.156860831751935,False,False,False,graph_diffusion_3,80,1.0220792497999913,8.599497215721094,0.3179042672378577
81,s2_wifi_degraded,0.81627749478909,8.156860831751935,False,False,False,laplacian,80,0.9506192414104309,8.606198623677654,0.48114133779482904
82,s2_wifi_degraded,0.7791067822290139,7.720868059364907,False,False,False,static_raw,70,4.3032432840814066,8.235790672120347,0.4981338451897993
82,s2_wifi_degraded,0.7791067822290139,7.720868059364907,False,False,False,graph_diffusion_1,70,4.307786352486869,8.207496748548301,0.38338328544160866
82,s2_wifi_degraded,0.7791067822290139,7.720868059364907,False,False,False,graph_diffusion_3,70,4.30680704199376,8.16288570907903,0.24737401364560135
82,s2_wifi_degraded,0.7791067822290139,7.720868059364907,False,False,False,laplacian,70,4.324033700205715,8.207201819545832,0.3912821218378842
83,s2_wifi_degraded,0.7725832732667287,7.601013716381842,False,False,False,static_raw,70,1.7690822338469072,7.242653165741862,0.5127098174617978
83,s2_wifi_degraded,0.7725832732667287,7.601013716381842,False,False,False,graph_diffusion_1,70,1.8150678377527,7.241882099193732,0.39284985789882887
83,s2_wifi_degraded,0.7725832732667287,7.601013716381842,False,False,False,graph_diffusion_3,70,1.8921192803621247,7.248109848351014,0.25389901991039004
83,s2_wifi_degraded,0.7725832732667287,7.601013716381842,False,False,False,laplacian,70,1.8187149149560207,7.239414006177489,0.4062479019657749
84,s2_wifi_degraded,0.7627039962883997,7.197470289024447,False,False,False,static_raw,70,0.9234035665025182,6.856947023817585,0.5461009378572189
84,s2_wifi_degraded,0.7627039962883997,7.197470289024447,False,False,False,graph_diffusion_1,70,0.9735103456287211,6.8503141147644415,0.4245536326183861
84,s2_wifi_degraded,0.7627039962883997,7.197470289024447,False,False,False,graph_diffusion_3,70,1.0644321811118487,6.8502667190857,0.28176467637002256
84,s2_wifi_degraded,0.7627039962883997,7.197470289024447,False,False,False,laplacian,70,0.9905767255889347,6.856004408732122,0.43627682197694756
85,s2_wifi_degraded,0.7476353326675488,6.81635623556896,True,False,False,static_raw,70,1.4160291288008167,6.698893947165434,0.5076076320427245
85,s2_wifi_degraded,0.7476353326675488,6.81635623556896,True,False,False,graph_diffusion_1,70,1.4581786787526976,6.689769655266824,0.38737761427229955
85,s2_wifi_degraded,0.7476353326675488,6.81635623556896,True,False,False,graph_diffusion_3,70,1.5308543599415179,6.686271464094796,0.24845348546447166
85,s2_wifi_degraded,0.7476353326675488,6.81635623556896,True,False,False,laplacian,70,1.4674498497517556,6.698409371200733,0.40080128886936256
86,s2_wifi_degraded,0.9137967078421534,6.526476621576835,True,False,False,static_raw,61,0.8598644409766558,6.811419108775989,0.35005989185971276
86,s2_wifi_degraded,0.9137967078421534,6.526476621576835,True,False,False,graph_diffusion_1,61,0.9038094414263899,6.799577445703733,0.28397220520113736
86,s2_wifi_degraded,0.9137967078421534,6.526476621576835,True,False,False,graph_diffusion_3,60,0.9873298021014769,6.781777026073817,0.22700177552138506
86,s2_wifi_degraded,0.9137967078421534,6.526476621576835,True,False,False,laplacian,61,0.9214030195745806,6.805420292899625,0.2752386410023874
87,s2_wifi_degraded,0.9814448940362952,6.408314414612691,True,False,False,static_raw,60,2.0493263327224365,5.990959995367701,0.5010589820741514
87,s2_wifi_degraded,0.9814448940362952,6.408314414612691,True,False,False,graph_diffusion_1,60,2.0965751095917646,5.985671602561499,0.38054297945618926
87,s2_wifi_degraded,0.9814448940362952,6.408314414612691,True,False,False,graph_diffusion_3,60,2.178898385328388,5.977606831522659,0.2415698661065616
87,s2_wifi_degraded,0.9814448940362952,6.408314414612691,True,False,False,laplacian,60,2.0956863335964524,5.990911304409249,0.3934142750172937
88,s2_wifi_degraded,0.9671035937632008,6.25639909336203,True,False,False,static_raw,60,0.6575653051507501,7.489835814619033,0.521449839505129
88,s2_wifi_degraded,0.9671035937632008,6.25639909336203,True,False,False,graph_diffusion_1,60,0.7168368447727974,7.478420199308808,0.40523143644781423
88,s2_wifi_degraded,0.9671035937632008,6.25639909336203,True,False,False,graph_diffusion_3,60,0.8269235912677888,7.454683256160807,0.2699221305590232
88,s2_wifi_degraded,0.9671035937632008,6.25639909336203,True,False,False,laplacian,60,0.7367395212528517,7.472040122819114,0.4147892071907541
89,s2_wifi_degraded,0.8389880226292726,6.148385963144225,True,False,False,static_raw,60,2.556605119066213,7.798101029864137,0.5052216243691661
89,s2_wifi_degraded,0.8389880226292726,6.148385963144225,True,False,False,graph_diffusion_1,60,2.5532726149948752,7.735517872160997,0.39597656547351445
89,s2_wifi_degraded,0.8389880226292726,6.148385963144225,True,False,False,graph_diffusion_3,60,2.571819326108711,7.643795026370374,0.26297330395087715
89,s2_wifi_degraded,0.8389880226292726,6.148385963144225,True,False,False,laplacian,60,2.606338186995228,7.7647703186207435,0.3972208906830645
90,s2_wifi_degraded,0.7861139584550364,6.029557626249291,True,False,False,static_raw,60,0.5827717249467548,5.17776474863706,0.5027322250614218
90,s2_wifi_degraded,0.7861139584550364,6.029557626249291,True,False,False,graph_diffusion_1,60,0.6427446378240054,5.173983250716775,0.38575825822559306
90,s2_wifi_degraded,0.7861139584550364,6.029557626249291,True,False,False,graph_diffusion_3,60,0.7541567766274294,5.166912117600097,0.25052463407236664
90,s2_wifi_degraded,0.7861139584550364,6.029557626249291,True,False,False,laplacian,60,0.6676104158632008,5.177777458263058,0.395848590347519
91,s2_wifi_degraded,0.5294466000344179,5.720236711904748,True,False,False,static_raw,50,1.4583069570987506,6.883023333461202,0.500050057241663
91,s2_wifi_degraded,0.5294466000344179,5.720236711904748,True,False,False,graph_diffusion_1,50,1.4991745877187423,6.898637378519461,0.37752955494085605
91,s2_wifi_degraded,0.5294466000344179,5.720236711904748,True,False,False,graph_diffusion_3,50,1.5718575463772693,6.920698816474457,0.23652823316868202
91,s2_wifi_degraded,0.5294466000344179,5.720236711904748,True,False,False,laplacian,50,1.5059796912710628,6.870923971382341,0.39175869247326905
92,s2_wifi_degraded,0.3293247936064994,5.560327763194732,True,False,False,static_raw,50,2.6856944135259098,7.295656510060906,0.49999999995100003
92,s2_wifi_degraded,0.3293247936064994,5.560327763194732,True,False,False,graph_diffusion_1,50,2.735968725432695,7.291520105128646,0.379691417803917
92,s2_wifi_degraded,0.3293247936064994,5.560327763194732,True,False,False,graph_diffusion_3,50,2.8225436230382024,7.276695218769294,0.24027702263985304
92,s2_wifi_degraded,0.3293247936064994,5.560327763194732,True,False,False,laplacian,50,2.7314990453241927,7.266953663964514,0.39153891135666313
93,s2_wifi_degraded,0.6891556094303306,5.713873939695236,True,False,False,static_raw,50,4.869541244187135,5.571114742683136,0.4939838701301299
93,s2_wifi_degraded,0.6891556094303306,5.713873939695236,True,False,False,graph_diffusion_1,50,4.896647635862596,5.571533276114233,0.3768546495053039
93,s2_wifi_degraded,0.6891556094303306,5.713873939695236,True,False,False,graph_diffusion_3,50,4.94026535128114,5.57259870570489,0.24022114684772508
93,s2_wifi_degraded,0.6891556094303306,5.713873939695236,True,False,False,laplacian,50,4.879426577554739,5.57093163665837,0.3871735010884348
94,s2_wifi_degraded,1.0477753389991804,5.908021820551629,True,False,False,static_raw,60,0.6587264768318286,6.152338227755448,0.6165297984326258
94,s2_wifi_degraded,1.0477753389991804,5.908021820551629,True,False,False,graph_diffusion_1,60,0.7172013059384067,6.1496257198606346,0.48868350505471075
94,s2_wifi_degraded,1.0477753389991804,5.908021820551629,True,False,False,graph_diffusion_3,60,0.8256183726240514,6.146084373337132,0.33463137187687975
94,s2_wifi_degraded,1.0477753389991804,5.908021820551629,True,False,False,laplacian,60,0.739960940846282,6.15201472167999,0.49700586631229315
95,s2_wifi_degraded,1.1737333040654978,5.864498848416995,True,False,False,static_raw,60,1.7261680799266557,5.792889480757112,0.5615641558976215
95,s2_wifi_degraded,1.1737333040654978,5.864498848416995,True,False,False,graph_diffusion_1,60,1.7808847361545073,5.7844320609321995,0.4358043041696447
95,s2_wifi_degraded,1.1737333040654978,5.864498848416995,True,False,False,graph_diffusion_3,60,1.8790285630446695,5.771153430690017,0.287584398811983
95,s2_wifi_degraded,1.1737333040654978,5.864498848416995,True,False,False,laplacian,60,1.7863057899452877,5.793260096443927,0.4468359934856573
96,s2_wifi_degraded,1.47036086082882,5.76071034330818,True,False,False,static_raw,51,1.0773074564652276,7.126756020499364,0.5002891863861035
96,s2_wifi_degraded,1.47036086082882,5.76071034330818,True,False,False,graph_diffusion_1,51,1.1106434863433143,7.060567226041503,0.37711433549030565
96,s2_wifi_degraded,1.47036086082882,5.76071034330818,True,False,False,graph_diffusion_3,51,1.1749493829851132,6.959735653835498,0.23361454820201918
96,s2_wifi_degraded,1.47036086082882,5.76071034330818,True,False,False,laplacian,51,1.1212773882665,7.103125740174163,0.36565165507918906
97,s2_wifi_degraded,1.73897566506975,5.580146044809712,False,False,False,static_raw,51,1.759201765069063,5.470825436141726,0.5491993126425035
97,s2_wifi_degraded,1.73897566506975,5.580146044809712,False,False,False,graph_diffusion_1,51,1.7634827924327492,5.468651928110342,0.4184965407005573
97,s2_wifi_degraded,1.73897566506975,5.580146044809712,False,False,False,graph_diffusion_3,51,1.7834478913894325,5.465342640009907,0.26736049394936284
97,s2_wifi_degraded,1.73897566506975,5.580146044809712,False,False,False,laplacian,51,1.7849698858617107,5.470797636302686,0.410642528509423
98,s2_wifi_degraded,1.9510251970162544,5.5131699721219976,False,False,False,static_raw,51,2.1307832742095534,5.413134393647682,0.5504696438905217
98,s2_wifi_degraded,1.9510251970162544,5.5131699721219976,False,False,False,graph_diffusion_1,51,2.115502383818964,5.414505364699707,0.4166739431000505
98,s2_wifi_degraded,1.9510251970162544,5.5131699721219976,False,False,False,graph_diffusion_3,51,2.10374333828729,5.416482319158686,0.26267700602074956
98,s2_wifi_degraded,1.9510251970162544,5.5131699721219976,False,False,False,laplacian,51,2.140407379171595,5.413075664528383,0.41019158992601396
99,s2_wifi_degraded,2.1646829484831067,5.499706273056468,False,False,False,static_raw,51,2.718003458786276,4.694032740785063,0.4955704374535731
99,s2_wifi_degraded,2.1646829484831067,5.499706273056468,False,False,False,graph_diffusion_1,51,2.695403176479374,4.701645954491781,0.3694556631606129
99,s2_wifi_degraded,2.1646829484831067,5.499706273056468,False,False,False,graph_diffusion_3,51,2.6711965977411194,4.711461883114338,0.22580707794551924
99,s2_wifi_degraded,2.1646829484831067,5.499706273056468,False,False,False,laplacian,51,2.722101109717409,4.694314023954222,0.3635990508515662
0,s3_vlp_blocked,2.2799291600344294,5.687548118721819,False,False,False,static_raw,52,2.697606875003706,5.93222610460459,0.5376350451518335
0,s3_vlp_blocked,2.2799291600344294,5.687548118721819,False,False,False,graph_diffusion_1,52,2.6977968619441186,5.935400354637445,0.41023426756960873
0,s3_vlp_blocked,2.2799291600344294,5.687548118721819,False,False,False,graph_diffusion_3,52,2.6969375814034704,5.939288660889247,0.25944279524422437
0,s3_vlp_blocked,2.2799291600344294,5.687548118721819,False,False,False,laplacian,52,2.703793449812059,5.931147400129563,0.4000084611423887
1,s3_vlp_blocked,2.311993742915821,5.314965509108,False,False,False,static_raw,52,2.5918062874157157,4.920061072850206,0.5318238423254193
1,s3_vlp_blocked,2.311993742915821,5.314965509108,False,False,False,graph_diffusion_1,52,2.590559392764464,4.919624517815236,0.40709760021954733
1,s3_vlp_blocked,2.311993742915821,5.314965509108,False,False,False,graph_diffusion_3,52,2.5863262416064177,4.9194377850603646,0.25952806962267233
1,s3_vlp_blocked,2.311993742915821,5.314965509108,False,False,False,laplacian,52,2.5954809979241626,4.920128236653342,0.39686132594280615
2,s3_vlp_blocked,2.4844149891244345,4.892233443738157,False,False,False,static_raw,42,2.2381107752773253,5.603492915672441,0.5030911868637286
2,s3_vlp_blocked,2.4844149891244345,4.892233443738157,False,False,False,graph_diffusion_1,42,2.239801123714492,5.608813716423305,0.37890728851666416
2,s3_vlp_blocked,2.4844149891244345,4.892233443738157,False,False,False,graph_diffusion_3,42,2.2439447225638838,5.614607272206967,0.23401576379659272
2,s3_vlp_blocked,2.4844149891244345,4.892233443738157,False,False,False,laplacian,42,2.2488195830001705,5.6019149705048745,0.37015499883636527
3,s3_vlp_blocked,2.842745217514855,4.547438345307587,False,False,False,static_raw,42,2.3147674042047903,4.185519047246328,0.5598527784153706
3,s3_vlp_blocked,2.842745217514855,4.547438345307587,False,False,False,graph_diffusion_1,42,2.3165650034898135,4.185152448856657,0.43126892832024616
3,s3_vlp_blocked,2.842745217514855,4.547438345307587,False,False,False,graph_diffusion_3,42,2.3193612474699767,4.1845096037545675,0.2775441032588824
3,s3_vlp_blocked,2.842745217514855,4.547438345307587,False,False,False,laplacian,42,2.3230536589906587,4.185790857699223,0.4200123757525112
4,s3_vlp_blocked,2.9864127708382706,4.543611784897228,False,False,False,static_raw,42,3.026455396058743,3.908813838162623,0.5221868520625642
4,s3_vlp_blocked,2.9864127708382706,4.543611784897228,False,False,False,graph_diffusion_1,42,3.0262789161819317,3.907437889395983,0.39809889928385295
4,s3_vlp_blocked,2.9864127708382706,4.543611784897228,False,False,False,graph_diffusion_3,42,3.021618048184354,3.9054550103556434,0.2517775506138491
4,s3_vlp_blocked,2.9864127708382706,4.543611784897228,False,False,False,laplacian,42,3.027094639454084,3.9095352977847635,0.38798477712799984
5,s3_vlp_blocked,3.340887948111646,4.334249547684212,False,False,False,static_raw,43,4.095540782142721,3.481559567267038,0.5065298651589768
5,s3_vlp_blocked,3.340887948111646,4.334249547684212,False,False,False,graph_diffusion_1,43,4.096289332294207,3.4813014207209063,0.381852777692757
5,s3_vlp_blocked,3.340887948111646,4.334249547684212,False,False,False,graph_diffusion_3,43,4.097416308561187,3.4823586631558454,0.23630932683926376
5,s3_vlp_blocked,3.340887948111646,4.334249547684212,False,False,False,laplacian,43,4.095605233818472,3.4871925344831753,0.3723495255542465
6,s3_vlp_blocked,3.68623544692832,4.015886165396863,False,False,False,static_raw,43,3.8156744526042026,4.110893058525806,0.5477102524944096
6,s3_vlp_blocked,3.68623544692832,4.015886165396863,False,False,False,graph_diffusion_1,43,3.815850093126544,4.11079354561604,0.4183770645728068
6,s3_vlp_blocked,3.68623544692832,4.015886165396863,False,False,False,graph_diffusion_3,43,3.816349533333507,4.110405439204173,0.2656985575383524
6,s3_vlp_blocked,3.68623544692832,4.015886165396863,False,False,False,laplacian,43,3.8168982828636198,4.111999954182331,0.40737945912766926
7,s3_vlp_blocked,4.1188059230374,3.834922193216244,False,False,False,static_raw,34,4.3640041239441105,4.0800280620071305,0.5469302455595454
7,s3_vlp_blocked,4.1188059230374,3.834922193216244,False,False,False,graph_diffusion_1,34,4.365181625333585,4.08022601529315,0.417616113839374
7,s3_vlp_blocked,4.1188059230374,3.834922193216244,False,False,False,graph_diffusion_3,34,4.367739492029984,4.0803303722351885,0.2646919228616995
7,s3_vlp_blocked,4.1188059230374,3.834922193216244,False,False,False,laplacian,34,4.366546861080875,4.080177830707478,0.4064049659317079
8,s3_vlp_blocked,4.374208764323148,3.616554373320941,False,False,False,static_raw,34,3.5320266833316305,3.8464019598579693,0.5205323795663764
8,s3_vlp_blocked,4.374208764323148,3.616554373320941,False,False,False,graph_diffusion_1,34,3.53211939206074,3.8470383554674403,0.3954617369467461
8,s3_vlp_blocked,4.374208764323148,3.616554373320941,False,False,False,graph_diffusion_3,34,3.5340482855888564,3.8476211467025405,0.24830651762879163
8,s3_vlp_blocked,4.374208764323148,3.616554373320941,False,False,False,laplacian,34,3.5378969739681994,3.846671334318481,0.38531766205607537
9,s3_vlp_blocked,4.8310090365174965,3.516701129989274,False,False,False,static_raw,34,5.562942570704571,3.254882042055058,0.5044038996377732
9,s3_vlp_blocked,4.8310090365174965,3.516701129989274,False,False,False,graph_diffusion_1,34,5.562331614665061,3.256771631528651,0.38054694406232603
9,s3_vlp_blocked,4.8310090365174965,3.516701129989274,False,False,False,graph_diffusion_3,34,5.5609359473055155,3.2604696265062465,0.23611038430737802
9,s3_vlp_blocked,4.8310090365174965,3.516701129989274,False,False,False,laplacian,34,5.559805477564488,3.259425144646122,0.3710048207829816
10,s3_vlp_blocked,5.174686225206629,3.48599608085182,False,False,False,static_raw,35,6.047205073663476,3.5617299444170003,0.5603301158883909
10,s3_vlp_blocked,5.174686225206629,3.48599608085182,False,False,False,graph_diffusion_1,35,6.046999549406633,3.5621035547976074,0.4296940478932087
10,s3_vlp_blocked,5.174686225206629,3.48599608085182,False,False,False,graph_diffusion_3,35,6.04606727456102,3.5625301023663862,0.27417267895329595
10,s3_vlp_blocked,5.174686225206629,3.48599608085182,False,False,False,laplacian,35,6.044362610613239,3.56322796663524,0.41803711386395126
11,s3_vlp_blocked,5.555495990836912,3.59907830663822,False,False,False,static_raw,35,6.7330586761942035,3.6486050973454907,0.506160006122483
11,s3_vlp_blocked,5.555495990836912,3.59907830663822,False,False,False,graph_diffusion_1,35,6.724876297753449,3.648532772034174,0.3827203094748757
11,s3_vlp_blocked,5.555495990836912,3.59907830663822,False,False,False,graph_diffusion_3,35,6.708467213018662,3.648042375473692,0.23809297260554152
11,s3_vlp_blocked,5.555495990836912,3.59907830663822,False,False,False,laplacian,35,6.720201020078978,3.649814118115457,0.37266192497849626
12,s3_vlp_blocked,5.685559404770427,3.675092014689703,False,False,False,static_raw,35,6.042356453369346,3.7098684698136206,0.5601385953064341
12,s3_vlp_blocked,5.685559404770427,3.675092014689703,False,False,False,graph_diffusion_1,35,6.043555800550774,3.71015384283328,0.42949259885580093
12,s3_vlp_blocked,5.685559404770427,3.675092014689703,False,False,False,graph_diffusion_3,35,6.045347167926965,3.7102558202712004,0.2742089494640764
12,s3_vlp_blocked,5.685559404770427,3.675092014689703,False,False,False,laplacian,35,6.040704883407196,3.710339018223269,0.4179718250842193
13,s3_vlp_blocked,5.990806032590996,3.622242725158004,False,False,False,static_raw,35,5.600729412096684,3.8192650301363806,0.5808911141274524
13,s3_vlp_blocked,5.990806032590996,3.622242725158004,False,False,False,graph_diffusion_1,35,5.601195730476791,3.8192421708661133,0.4468326803811459
13,s3_vlp_blocked,5.990806032590996,3.622242725158004,False,False,False,graph_diffusion_3,35,5.60217239309687,3.8188878222829628,0.28706692122182087
13,s3_vlp_blocked,5.990806032590996,3.622242725158004,False,False,False,laplacian,35,5.6005158456095065,3.81945428771287,0.43456198068256385
14,s3_vlp_blocked,6.191913166972428,3.379354108194402,False,False,False,static_raw,36,5.268539307458529,3.9823538038893873,0.5008821774639116
14,s3_vlp_blocked,6.191913166972428,3.379354108194402,False,False,False,graph_diffusion_1,36,5.267516796579844,3.982565833515753,0.37688405370616795
14,s3_vlp_blocked,6.191913166972428,3.379354108194402,False,False,False,graph_diffusion_3,36,5.265470702308799,3.982730708624979,0.2322390514786485
14,s3_vlp_blocked,6.191913166972428,3.379354108194402,False,False,False,laplacian,36,5.268799078211129,3.9824305272763287,0.367210877083688
15,s3_vlp_blocked,6.672474944256793,3.2764536300776967,False,True,False,static_raw,45,6.284872237714214,4.179541221129517,0.513628669195066
15,s3_vlp_blocked,6.672474944256793,3.2764536300776967,False,True,False,graph_diffusion_1,45,6.285958022189125,4.179413446319807,0.38988497811646794
15,s3_vlp_blocked,6.672474944256793,3.2764536300776967,False,True,False,graph_diffusion_3,45,6.2869715938765385,4.178729466287109,0.24523380087303584
15,s3_vlp_blocked,6.672474944256793,3.2764536300776967,False,True,False,laplacian,45,6.2815148474175055,4.180078000091534,0.3802742396131738
16,s3_vlp_blocked,6.801426487780192,3.2605086161445698,False,True,False,static_raw,38,8.13090269640984,2.87909160723182,0.30568767592064877
16,s3_vlp_blocked,6.801426487780192,3.2605086161445698,False,True,False,graph_diffusion_1,38,8.11252472250157,2.886382500677793,0.23683858880185735
16,s3_vlp_blocked,6.801426487780192,3.2605086161445698,False,True,False,graph_diffusion_3,38,8.077101026812318,2.8935964884003327,0.16009044153364735
16,s3_vlp_blocked,6.801426487780192,3.2605086161445698,False,True,False,laplacian,38,8.101385819567533,2.8841532663642706,0.23286042131727355
17,s3_vlp_blocked,7.202662568049404,3.119170050557377,False,True,False,static_raw,49,8.8766444146999,4.118632672396308,0.564757336548505
17,s3_vlp_blocked,7.202662568049404,3.119170050557377,False,True,False,graph_diffusion_1,49,8.829281380505572,4.114269369972512,0.4401020530055961
17,s3_vlp_blocked,7.202662568049404,3.119170050557377,False,True,False,graph_diffusion_3,49,8.742161392124117,4.106635781038298,0.2940073146343724
17,s3_vlp_blocked,7.202662568049404,3.119170050557377,False,True,False,laplacian,49,8.816240515670362,4.119241735472847,0.451916800379172
18,s3_vlp_blocked,7.355464000343399,3.083507848130031,False,True,False,static_raw,29,8.718585291479798,2.913501964098407,0.5008968542478371
18,s3_vlp_blocked,7.355464000343399,3.083507848130031,False,True,False,graph_diffusion_1,29,8.670815160519728,2.918707304727987,0.3853423553377417
18,s3_vlp_blocked,7.355464000343399,3.083507848130031,False,True,False,graph_diffusion_3,29,8.587363293387027,2.9175760473483074,0.25165234098207057
18,s3_vlp_blocked,7.355464000343399,3.083507848130031,False,True,False,laplacian,29,8.660704035627754,2.9162613157382222,0.39763183733847657
19,s3_vlp_blocked,7.503183997832102,2.737386539567276,False,True,False,static_raw,18,7.4970589752063,1.5386365792180805,0.5000000003282572
19,s3_vlp_blocked,7.503183997832102,2.737386539567276,False,True,False,graph_diffusion_1,18,7.527127762629042,1.536747750337596,0.3675804209381313
19,s3_vlp_blocked,7.503183997832102,2.737386539567276,False,True,False,graph_diffusion_3,18,7.569544082935387,1.5429163748223287,0.22190269059820997
19,s3_vlp_blocked,7.503183997832102,2.737386539567276,False,True,False,laplacian,18,7.4928477616587035,1.5581981125009354,0.3666540686607522
20,s3_vlp_blocked,7.571322716061035,2.634714819474328,False,True,False,static_raw,28,8.07723508018423,2.1762080711017457,0.5747607658384453
20,s3_vlp_blocked,7.571322716061035,2.634714819474328,False,True,False,graph_diffusion_1,28,8.090757663272626,2.1832926452152974,0.4345286938795807
20,s3_vlp_blocked,7.571322716061035,2.634714819474328,False,True,False,graph_diffusion_3,28,8.103608459335367,2.192066275839973,0.27309136394635286
20,s3_vlp_blocked,7.571322716061035,2.634714819474328,False,True,False,laplacian,28,8.06997146230223,2.1863639880834396,0.42869851982222323
21,s3_vlp_blocked,7.704726986928372,2.49312382194566,False,True,False,static_raw,27,8.040433987903569,2.4092844068027004,0.5368074758804737
21,s3_vlp_blocked,7.704726986928372,2.49312382194566,False,True,False,graph_diffusion_1,27,8.029964472788715,2.4098308763234604,0.41742898016037966
21,s3_vlp_blocked,7.704726986928372,2.49312382194566,False,True,False,graph_diffusion_3,27,8.012317020995884,2.4047397534745225,0.27141244137514775
21,s3_vlp_blocked,7.704726986928372,2.49312382194566,False,True,False,laplacian,27,8.022675478272603,2.413009146728366,0.4057000626542411
22,s3_vlp_blocked,7.701196953076577,2.16815646104391,False,True,False,static_raw,17,7.666068778223786,1.270944037516902,0.5283162647688308
22,s3_vlp_blocked,7.701196953076577,2.16815646104391,False,True,False,graph_diffusion_1,17,7.667334773620892,1.2856749743074865,0.4170849624102486
22,s3_vlp_blocked,7.701196953076577,2.16815646104391,False,True,False,graph_diffusion_3,17,7.676258099085283,1.3197349041994728,0.27908299630199135
22,s3_vlp_blocked,7.701196953076577,2.16815646104391,False,True,False,laplacian,17,7.6612704514222205,1.3040897290191653,0.4078354887168235
23,s3_vlp_blocked,7.655329139600928,1.9328868180562264,False,True,False,static_raw,45,6.560822770516538,2.6094372060004742,0.3700337720456518
23,s3_vlp_blocked,7.655329139600928,1.9328868180562264,False,True,False,graph_diffusion_1,45,6.566805486375588,2.626636203054481,0.27753211698126345
23,s3_vlp_blocked,7.655329139600928,1.9328868180562264,False,True,False,graph_diffusion_3,45,6.579548073558029,2.6565585741831916,0.16888645819133535
23,s3_vlp_blocked,7.655329139600928,1.9328868180562264,False,True,False,laplacian,45,6.557833823473949,2.6324626274722696,0.2700048536082917
24,s3_vlp_blocked,7.602021631114391,1.571641233574267,False,True,False,static_raw,5,6.569882698482758,0.9120573294510003,0.5001543539752871
24,s3_vlp_blocked,7.602021631114391,1.571641233574267,False,True,False,graph_diffusion_1,5,6.5797518132729795,0.9629718167215697,0.38154351819428217
24,s3_vlp_blocked,7.602021631114391,1.571641233574267,False,True,False,graph_diffusion_3,5,6.601383793212267,1.05599970993978,0.24648908585432602
24,s3_vlp_blocked,7.602021631114391,1.571641233574267,False,True,False,laplacian,5,6.56640066515294,0.9789879771228194,0.3944868249782887
25,s3_vlp_blocked,7.496118456242826,1.2679285911263276,False,True,False,static_raw,5,6.783705073454264,1.1400823059336984,0.5000006609559872
25,s3_vlp_blocked,7.496118456242826,1.2679285911263276,False,True,False,graph_diffusion_1,5,6.798263808579613,1.1858500974867439,0.37788435920483415
25,s3_vlp_blocked,7.496118456242826,1.2679285911263276,False,True,False,graph_diffusion_3,5,6.823503981422335,1.2676587821916827,0.23853169618983547
25,s3_vlp_blocked,7.496118456242826,1.2679285911263276,False,True,False,laplacian,5,6.776023009274276,1.1963870185603664,0.3922379406507034
26,s3_vlp_blocked,7.213781174903376,0.8568255662582489,False,True,False,static_raw,19,8.257470819635465,1.8206881479773693,0.500000000729873
26,s3_vlp_blocked,7.213781174903376,0.8568255662582489,False,True,False,graph_diffusion_1,19,8.237305385737523,1.8010685866708294,0.37068948634882587
26,s3_vlp_blocked,7.213781174903376,0.8568255662582489,False,True,False,graph_diffusion_3,19,8.174705787574663,1.80460458612849,0.2332588520168372
26,s3_vlp_blocked,7.213781174903376,0.8568255662582489,False,True,False,laplacian,19,8.209902995626043,1.8328580762402156,0.3922256179219497
27,s3_vlp_blocked,6.894230635172876,0.5695446452732373,False,False,False,static_raw,7,7.447238480477457,1.0554349504752236,0.5884135043172813
27,s3_vlp_blocked,6.894230635172876,0.5695446452732373,False,False,False,graph_diffusion_1,7,7.446646958799656,1.103166925374605,0.4590933945031117
27,s3_vlp_blocked,6.894230635172876,0.5695446452732373,False,False,False,graph_diffusion_3,7,7.45597324938103,1.1878553550148128,0.30544398284198093
27,s3_vlp_blocked,6.894230635172876,0.5695446452732373,False,False,False,laplacian,7,7.444438337123224,1.1163820418807393,0.4712826521213766
28,s3_vlp_blocked,6.483266315091463,0.4768582893029604,False,False,False,static_raw,6,6.35368952309673,0.9358282933633594,0.6211735450397956
28,s3_vlp_blocked,6.483266315091463,0.4768582893029604,False,False,False,graph_diffusion_1,6,6.352419846717106,0.9852858138826112,0.4868240808287498
28,s3_vlp_blocked,6.483266315091463,0.4768582893029604,False,False,False,graph_diffusion_3,6,6.351322567495421,1.0768837474574442,0.32761313493061267
28,s3_vlp_blocked,6.483266315091463,0.4768582893029604,False,False,False,laplacian,6,6.3534579471721395,1.0017742575879918,0.4984040279170255
29,s3_vlp_blocked,6.08112543865504,0.3893330184780748,False,False,False,static_raw,15,5.965914706249313,1.36700549909018,0.4937607019844982
29,s3_vlp_blocked,6.08112543865504,0.3893330184780748,False,False,False,graph_diffusion_1,15,5.9612348357067635,1.3787102745089517,0.38174675396977065
29,s3_vlp_blocked,6.08112543865504,0.3893330184780748,False,False,False,graph_diffusion_3,15,5.955057774537265,1.4103687566787053,0.25179318661292344
29,s3_vlp_blocked,6.08112543865504,0.3893330184780748,False,False,False,laplacian,15,5.965127183276996,1.3974470306315443,0.3747332129077442
30,s3_vlp_blocked,5.9589922669011575,0.2570083151721161,False,False,False,static_raw,5,5.844859008234264,1.0054193985104725,0.5639383068516239
30,s3_vlp_blocked,5.9589922669011575,0.2570083151721161,False,False,False,graph_diffusion_1,5,5.848838284267433,1.0523919323658504,0.441586325665395
30,s3_vlp_blocked,5.9589922669011575,0.2570083151721161,False,False,False,graph_diffusion_3,5,5.855796389148002,1.1395428998289996,0.298112057057713
30,s3_vlp_blocked,5.9589922669011575,0.2570083151721161,False,False,False,laplacian,5,5.844721337182787,1.0677361071004352,0.45309825559030703
31,s3_vlp_blocked,5.831232280022617,0.1202910645042036,False,False,False,static_raw,5,5.84355504169328,1.0800730005821777,0.5508176538646334
31,s3_vlp_blocked,5.831232280022617,0.1202910645042036,False,False,False,graph_diffusion_1,5,5.8477071970169625,1.1250063842209777,0.42968454045095733
31,s3_vlp_blocked,5.831232280022617,0.1202910645042036,False,False,False,graph_diffusion_3,5,5.85499053306169,1.2083103218583051,0.2885222800723814
31,s3_vlp_blocked,5.831232280022617,0.1202910645042036,False,False,False,laplacian,5,5.8434385653836305,1.139163097434188,0.44169804309316424
32,s3_vlp_blocked,6.000260145054196,0.4497115388847675,False,False,False,static_raw,15,6.177304617415041,1.476067130793571,0.5097777048968501
32,s3_vlp_blocked,6.000260145054196,0.4497115388847675,False,False,False,graph_diffusion_1,15,6.168760714724929,1.4813897430437069,0.3871474340006698
32,s3_vlp_blocked,6.000260145054196,0.4497115388847675,False,False,False,graph_diffusion_3,15,6.157623823737932,1.5028209500445884,0.2479233134536778
32,s3_vlp_blocked,6.000260145054196,0.4497115388847675,False,False,False,laplacian,15,6.1751365065156785,1.5011409831689797,0.3811304233995454
33,s3_vlp_blocked,6.0249012997820826,0.6758579464524104,False,False,False,static_raw,6,6.342887701804982,1.051846655163152,0.5826724115632227
33,s3_vlp_blocked,6.0249012997820826,0.6758579464524104,False,False,False,graph_diffusion_1,6,6.341188619973158,1.0982860748144183,0.4553751048295148
33,s3_vlp_blocked,6.0249012997820826,0.6758579464524104,False,False,False,graph_diffusion_3,6,6.339410847996711,1.1841411839637686,0.3057142656126247
33,s3_vlp_blocked,6.0249012997820826,0.6758579464524104,False,False,False,laplacian,6,6.342693296833376,1.1127708924906743,0.46725280638126143
34,s3_vlp_blocked,6.061421427145482,0.8183445365055386,False,False,False,static_raw,6,6.3383844935622005,1.4610431465416527,0.5218159536419853
34,s3_vlp_blocked,6.061421427145482,0.8183445365055386,False,False,False,graph_diffusion_1,6,6.3365157763239575,1.506194854726791,0.40144207888919375
34,s3_vlp_blocked,6.061421427145482,0.8183445365055386,False,False,False,graph_diffusion_3,6,6.334125692344306,1.5874227439024409,0.2625868398075526
34,s3_vlp_blocked,6.061421427145482,0.8183445365055386,False,False,False,laplacian,6,6.337792006860512,1.5135144691821483,0.41417336373123625
35,s3_vlp_blocked,6.087391277308319,1.2497472486120351,False,False,False,static_raw,6,6.044621556547418,1.0569377063463297,0.5228169631318643
35,s3_vlp_blocked,6.087391277308319,1.2497472486120351,False,False,False,graph_diffusion_1,6,6.039995146725951,1.1052964728967238,0.4083840389408913
35,s3_vlp_blocked,6.087391277308319,1.2497472486120351,False,False,False,graph_diffusion_3,6,6.0331657348281835,1.1942109658618048,0.2751221427042649
35,s3_vlp_blocked,6.087391277308319,1.2497472486120351,False,False,False,laplacian,6,6.044477785727512,1.1195840945031565,0.4194298389088997
36,s3_vlp_blocked,6.180286136373961,1.6086370686667928,False,False,False,static_raw,6,6.211845649277833,1.2041048124372606,0.5316091011302037
36,s3_vlp_blocked,6.180286136373961,1.6086370686667928,False,False,False,graph_diffusion_1,6,6.208134074086816,1.2472410182811768,0.41183210904907896
36,s3_vlp_blocked,6.180286136373961,1.6086370686667928,False,False,False,graph_diffusion_3,6,6.202956259771909,1.3265497369257742,0.27361896431621385
36,s3_vlp_blocked,6.180286136373961,1.6086370686667928,False,False,False,laplacian,6,6.211754773430533,1.259414975007594,0.424482297619227
37,s3_vlp_blocked,6.291541896900854,2.051340535656898,False,False,False,static_raw,16,6.823635049068562,2.164741929330587,0.5521173682567526
37,s3_vlp_blocked,6.291541896900854,2.051340535656898,False,False,False,graph_diffusion_1,16,6.819495146496143,2.150303567255736,0.41761226290550163
37,s3_vlp_blocked,6.291541896900854,2.051340535656898,False,False,False,graph_diffusion_3,16,6.812969852439959,2.1390687536939264,0.2623304259641459
37,s3_vlp_blocked,6.291541896900854,2.051340535656898,False,False,False,laplacian,16,6.819587752173117,2.173034628360221,0.41098792131607836
38,s3_vlp_blocked,6.306683312213806,2.196428146331729,False,False,False,static_raw,26,6.121442072354903,1.9058011357972762,0.5343074883164967
38,s3_vlp_blocked,6.306683312213806,2.196428146331729,False,False,False,graph_diffusion_1,26,6.122095857403549,1.9218797742481557,0.407186997688888
38,s3_vlp_blocked,6.306683312213806,2.196428146331729,False,False,False,graph_diffusion_3,26,6.124223838483216,1.9504742059776468,0.2576379248075892
38,s3_vlp_blocked,6.306683312213806,2.196428146331729,False,False,False,laplacian,26,6.1213075703027,1.9282446918780511,0.3962374168094272
39,s3_vlp_blocked,6.336152382937008,2.471138999750724,False,False,False,static_raw,26,7.598819776952098,2.745139483643881,0.5038528097530105
39,s3_vlp_blocked,6.336152382937008,2.471138999750724,False,False,False,graph_diffusion_1,26,7.581079467530695,2.7448868391883416,0.3824490296636558
39,s3_vlp_blocked,6.336152382937008,2.471138999750724,False,False,False,graph_diffusion_3,26,7.547414643553461,2.7386645482160716,0.23860692414923304
39,s3_vlp_blocked,6.336152382937008,2.471138999750724,False,False,False,laplacian,26,7.576351816638505,2.7472203723676816,0.3716000384534759
40,s3_vlp_blocked,6.237110360969902,2.800987646488566,False,False,False,static_raw,36,7.463269693086368,3.774071789418834,0.5231695013006369
40,s3_vlp_blocked,6.237110360969902,2.800987646488566,False,False,False,graph_diffusion_1,36,7.4485457503942145,3.7731474460514534,0.3977167250932741
40,s3_vlp_blocked,6.237110360969902,2.800987646488566,False,False,False,graph_diffusion_3,36,7.420489697192091,3.771195902021845,0.2495286648068596
40,s3_vlp_blocked,6.237110360969902,2.800987646488566,False,False,False,laplacian,36,7.44397987086766,3.77470503005259,0.38652871578599773
41,s3_vlp_blocked,6.027973420710303,3.09840759283468,False,False,False,static_raw,36,5.8707802434872,3.602172049720093,0.5278523931512247
41,s3_vlp_blocked,6.027973420710303,3.09840759283468,False,False,False,graph_diffusion_1,36,5.87067069460669,3.601739367253639,0.4041840797181504
41,s3_vlp_blocked,6.027973420710303,3.09840759283468,False,False,False,graph_diffusion_3,36,5.870550220090446,3.6006240255347848,0.2581042334250299
41,s3_vlp_blocked,6.027973420710303,3.09840759283468,False,False,False,laplacian,36,5.870688551265357,3.602788499841159,0.393558507548486
42,s3_vlp_blocked,5.997073023448079,3.2280332057453927,False,False,False,static_raw,36,6.673134332272712,4.18466602794462,0.5205040662026659
42,s3_vlp_blocked,5.997073023448079,3.2280332057453927,False,False,False,graph_diffusion_1,36,6.671748796873064,4.185366718542741,0.39658900000741837
42,s3_vlp_blocked,5.997073023448079,3.2280332057453927,False,False,False,graph_diffusion_3,36,6.668136036255904,4.186284614785874,0.2507253813833661
42,s3_vlp_blocked,5.997073023448079,3.2280332057453927,False,False,False,laplacian,36,6.667941721292697,4.184724475823292,0.38631366936106215
43,s3_vlp_blocked,5.977301602080376,3.352058526074975,False,False,False,static_raw,25,5.151962324483831,2.166046825247655,0.5524440791447051
43,s3_vlp_blocked,5.977301602080376,3.352058526074975,False,False,False,graph_diffusion_1,25,5.151699289655336,2.1724664985055506,0.42400276556094246
43,s3_vlp_blocked,5.977301602080376,3.352058526074975,False,False,False,graph_diffusion_3,25,5.1518418152100915,2.183664551371919,0.27149107240215886
43,s3_vlp_blocked,5.977301602080376,3.352058526074975,False,False,False,laplacian,25,5.151975864934917,2.178964304682163,0.4129144779496692
44,s3_vlp_blocked,5.902053565295218,3.5870012302182115,False,False,False,static_raw,35,6.081631495512271,3.8734948112622116,0.5617328453957318
44,s3_vlp_blocked,5.902053565295218,3.5870012302182115,False,False,False,graph_diffusion_1,35,6.079776130529261,3.873633768755911,0.4292260752479622
44,s3_vlp_blocked,5.902053565295218,3.5870012302182115,False,False,False,graph_diffusion_3,35,6.075562666560325,3.873554515380776,0.27209620892140146
44,s3_vlp_blocked,5.902053565295218,3.5870012302182115,False,False,False,laplacian,35,6.076895061344347,3.8740394071299145,0.41758862196682284
45,s3_vlp_blocked,5.84764723140247,3.748268178695647,False,True,False,static_raw,5,5.180540996600498,1.1688515812704976,0.5541209453215924
45,s3_vlp_blocked,5.84764723140247,3.748268178695647,False,True,False,graph_diffusion_1,5,5.177096641341351,1.2158805700602477,0.43131768742754834
45,s3_vlp_blocked,5.84764723140247,3.748268178695647,False,True,False,graph_diffusion_3,5,5.171450873387014,1.3019526817091507,0.28780148556509383
45,s3_vlp_blocked,5.84764723140247,3.748268178695647,False,True,False,laplacian,5,5.180564217362165,1.228260730767385,0.44309228494604924
46,s3_vlp_blocked,5.7905916990273125,3.9540421895316378,False,True,False,static_raw,44,5.462910526404564,4.325860235021014,0.5124490010244158
46,s3_vlp_blocked,5.7905916990273125,3.9540421895316378,False,True,False,graph_diffusion_1,44,5.464536982493067,4.325849887709509,0.3883541427279725
46,s3_vlp_blocked,5.7905916990273125,3.9540421895316378,False,True,False,graph_diffusion_3,44,5.467765656372998,4.325507352547639,0.24314744198405516
46,s3_vlp_blocked,5.7905916990273125,3.9540421895316378,False,True,False,laplacian,44,5.462246289180976,4.32599628539908,0.378495461793067
47,s3_vlp_blocked,5.615192813296309,4.351568926489183,False,True,False,static_raw,5,5.719506217894026,2.3849346059448027,0.5005696157236945
47,s3_vlp_blocked,5.615192813296309,4.351568926489183,False,True,False,graph_diffusion_1,5,5.722628562449374,2.4370689496965525,0.37950401750296653
47,s3_vlp_blocked,5.615192813296309,4.351568926489183,False,True,False,graph_diffusion_3,5,5.727964402692589,2.527898625278109,0.23957740805276823
47,s3_vlp_blocked,5.615192813296309,4.351568926489183,False,True,False,laplacian,5,5.71904709431284,2.430862258959525,0.39228555565351253
48,s3_vlp_blocked,5.49223566932926,4.551447461998359,False,True,False,static_raw,45,5.793156238208354,4.491080536655225,0.587163227331946
48,s3_vlp_blocked,5.49223566932926,4.551447461998359,False,True,False,graph_diffusion_1,45,5.794049812301155,4.491185058074567,0.4526134104400185
48,s3_vlp_blocked,5.49223566932926,4.551447461998359,False,True,False,graph_diffusion_3,45,5.795934722884122,4.491229900890557,0.2915891668479793
48,s3_vlp_blocked,5.49223566932926,4.551447461998359,False,True,False,laplacian,45,5.792817798107533,4.491127551616391,0.43998537713497354
49,s3_vlp_blocked,5.414751159852098,4.694331234614093,False,True,False,static_raw,44,4.605214611198743,4.363704949609955,0.5877993086146952
49,s3_vlp_blocked,5.414751159852098,4.694331234614093,False,True,False,graph_diffusion_1,44,4.605031651708941,4.3636104383779735,0.4532895340635158
49,s3_vlp_blocked,5.414751159852098,4.694331234614093,False,True,False,graph_diffusion_3,44,4.604676817369317,4.363209597130288,0.2922253992645533
49,s3_vlp_blocked,5.414751159852098,4.694331234614093,False,True,False,laplacian,44,4.6053169872411,4.363843112755244,0.4405677645308931
50,s3_vlp_blocked,5.284112641295624,4.985426545029498,False,True,False,static_raw,55,6.16193133704295,5.058639619476588,0.5171379367215948
50,s3_vlp_blocked,5.284112641295624,4.985426545029498,False,True,False,graph_diffusion_1,55,6.164292377450267,5.058549289651806,0.3931801528978036
50,s3_vlp_blocked,5.284112641295624,4.985426545029498,False,True,False,graph_diffusion_3,55,6.168531684881725,5.058120337166528,0.24808403550575867
50,s3_vlp_blocked,5.284112641295624,4.985426545029498,False,True,False,laplacian,55,6.160872775135025,5.058658833834135,0.3833820355639053
51,s3_vlp_blocked,5.241467849997588,5.146386896673119,False,True,False,static_raw,44,5.181053948844818,5.546052243741786,0.5008142221099258
51,s3_vlp_blocked,5.241467849997588,5.146386896673119,False,True,False,graph_diffusion_1,44,5.182629220988695,5.547696748226147,0.3766946967492832
51,s3_vlp_blocked,5.241467849997588,5.146386896673119,False,True,False,graph_diffusion_3,44,5.1862854768041124,5.551677580768422,0.2319184080623507
51,s3_vlp_blocked,5.241467849997588,5.146386896673119,False,True,False,laplacian,44,5.180844802148197,5.545476350603107,0.36716445566607697
52,s3_vlp_blocked,5.312406077942571,5.4188305034477,False,True,False,static_raw,54,4.386300367900926,5.403467572058223,0.5944022908546138
52,s3_vlp_blocked,5.312406077942571,5.4188305034477,False,True,False,graph_diffusion_1,54,4.385748643997499,5.403598007880901,0.4584795537324199
52,s3_vlp_blocked,5.312406077942571,5.4188305034477,False,True,False,graph_diffusion_3,54,4.384452332815498,5.403913639394417,0.2955911063643746
52,s3_vlp_blocked,5.312406077942571,5.4188305034477,False,True,False,laplacian,54,4.386455782531526,5.403456741954821,0.44555625453315484
53,s3_vlp_blocked,5.348436338770621,5.638406338643498,False,True,False,static_raw,59,7.993863776767347,5.581856562512754,0.3709098617615939
53,s3_vlp_blocked,5.348436338770621,5.638406338643498,False,True,False,graph_diffusion_1,59,7.960820568323067,5.583407533195912,0.28682790469392544
53,s3_vlp_blocked,5.348436338770621,5.638406338643498,False,True,False,graph_diffusion_3,59,7.901267885850754,5.58610305324837,0.19041344091507637
53,s3_vlp_blocked,5.348436338770621,5.638406338643498,False,True,False,laplacian,59,7.956005504749531,5.581776860731326,0.296581197958145
54,s3_vlp_blocked,5.403285630073735,5.921849491887416,False,False,False,static_raw,55,4.528495476596228,6.090152356358329,0.5214386528222149
54,s3_vlp_blocked,5.403285630073735,5.921849491887416,False,False,False,graph_diffusion_1,55,4.523196012538437,6.094141553081807,0.39415428977703676
54,s3_vlp_blocked,5.403285630073735,5.921849491887416,False,False,False,graph_diffusion_3,55,4.515186054474304,6.100430179395987,0.2448032069802951
54,s3_vlp_blocked,5.403285630073735,5.921849491887416,False,False,False,laplacian,55,4.530437946677903,6.088528624719848,0.38442852096422236
55,s3_vlp_blocked,5.389714633426687,6.253274443829397,False,False,False,static_raw,65,4.541006706445688,6.657899772175729,0.5269775932644618
55,s3_vlp_blocked,5.389714633426687,6.253274443829397,False,False,False,graph_diffusion_1,65,4.535966584489956,6.660357382870196,0.3992700988794765
55,s3_vlp_blocked,5.389714633426687,6.253274443829397,False,False,False,graph_diffusion_3,65,4.527356957035265,6.66452419175122,0.24911917197789443
55,s3_vlp_blocked,5.389714633426687,6.253274443829397,False,False,False,laplacian,65,4.54209542873376,6.656199325687995,0.38926018703782755
56,s3_vlp_blocked,5.195285542548939,6.456984202180508,False,False,False,static_raw,65,5.1714780576576285,6.955516544595006,0.5559893003373556
56,s3_vlp_blocked,5.195285542548939,6.456984202180508,False,False,False,graph_diffusion_1,65,5.170923342167022,6.956195627070105,0.42334309426641403
56,s3_vlp_blocked,5.195285542548939,6.456984202180508,False,False,False,graph_diffusion_3,65,5.169575603931027,6.957919243725618,0.26673460243107894
56,s3_vlp_blocked,5.195285542548939,6.456984202180508,False,False,False,laplacian,65,5.171495606402055,6.952042921875905,0.4123627339771259
57,s3_vlp_blocked,4.86183044372369,6.506009930366596,False,False,False,static_raw,64,5.72160224993315,6.910468917496465,0.5099959522910454
57,s3_vlp_blocked,4.86183044372369,6.506009930366596,False,False,False,graph_diffusion_1,64,5.729116611632078,6.914010345145919,0.38309605273682884
57,s3_vlp_blocked,4.86183044372369,6.506009930366596,False,False,False,graph_diffusion_3,64,5.738054592311698,6.917008957602775,0.23510033224013274
57,s3_vlp_blocked,4.86183044372369,6.506009930366596,False,False,False,laplacian,64,5.717176592139484,6.9054022096520535,0.37431812936401365
58,s3_vlp_blocked,4.430966043559735,6.658303038540852,False,False,False,static_raw,64,4.311255474132476,7.326913580947453,0.5035352686296157
58,s3_vlp_blocked,4.430966043559735,6.658303038540852,False,False,False,graph_diffusion_1,64,4.30984173925898,7.326767409652827,0.3847375671593138
58,s3_vlp_blocked,4.430966043559735,6.658303038540852,False,False,False,graph_diffusion_3,64,4.3077879155032095,7.323683125346663,0.24433489223305607
58,s3_vlp_blocked,4.430966043559735,6.658303038540852,False,False,False,laplacian,64,4.311279651097559,7.318321860366368,0.37512015654308095
59,s3_vlp_blocked,4.178500405215754,6.923849404304298,False,False,False,static_raw,74,5.383424579593416,7.691832175846757,0.5065238791837744
59,s3_vlp_blocked,4.178500405215754,6.923849404304298,False,False,False,graph_diffusion_1,74,5.387549968453161,7.689319046399041,0.3823736962496375
59,s3_vlp_blocked,4.178500405215754,6.923849404304298,False,False,False,graph_diffusion_3,74,5.394352915094812,7.68654079675658,0.23673688194223325
59,s3_vlp_blocked,4.178500405215754,6.923849404304298,False,False,False,laplacian,74,5.3830235680178555,7.682764172645678,0.3730258475815463
60,s3_vlp_blocked,3.960394580468616,7.038758843554683,False,False,False,static_raw,63,4.205574725785639,6.89457079418715,0.5163228302730289
60,s3_vlp_blocked,3.960394580468616,7.038758843554683,False,False,False,graph_diffusion_1,63,4.206029113806047,6.895914499781488,0.3955966021874334
60,s3_vlp_blocked,3.960394580468616,7.038758843554683,False,False,False,graph_diffusion_3,63,4.2071849680733955,6.899578143499169,0.252356104135603
60,s3_vlp_blocked,3.960394580468616,7.038758843554683,False,False,False,laplacian,63,4.205605672521089,6.893137543145747,0.3851396108890611
61,s3_vlp_blocked,3.817436158029557,7.138548197645917,False,False,False,static_raw,63,4.950581949117541,7.1584664634153645,0.5068905705120736
61,s3_vlp_blocked,3.817436158029557,7.138548197645917,False,False,False,graph_diffusion_1,63,4.9568693484651325,7.157799336103376,0.38170942546519104
61,s3_vlp_blocked,3.817436158029557,7.138548197645917,False,False,False,graph_diffusion_3,63,4.968628526443062,7.155491805846399,0.23475519487744057
61,s3_vlp_blocked,3.817436158029557,7.138548197645917,False,False,False,laplacian,63,4.950020421853281,7.150236113827651,0.37214421604564624
62,s3_vlp_blocked,3.501130686893392,7.317553093393935,False,False,False,static_raw,73,3.488250010021826,7.752638142162162,0.6477805380479956
62,s3_vlp_blocked,3.501130686893392,7.317553093393935,False,False,False,graph_diffusion_1,73,3.48720669270158,7.752807796251399,0.4973481737253913
62,s3_vlp_blocked,3.501130686893392,7.317553093393935,False,False,False,graph_diffusion_3,73,3.4843873399106604,7.753700830285936,0.31686674189036645
62,s3_vlp_blocked,3.501130686893392,7.317553093393935,False,False,False,laplacian,73,3.488399486327552,7.7454608331735075,0.4842129624772853
63,s3_vlp_blocked,3.301420995394072,7.433470647673615,False,False,False,static_raw,73,3.4856727246942727,7.354744682937018,0.5244767968169404
63,s3_vlp_blocked,3.301420995394072,7.433470647673615,False,False,False,graph_diffusion_1,73,3.4818091726031,7.356177712559039,0.4011851282269945
63,s3_vlp_blocked,3.301420995394072,7.433470647673615,False,False,False,graph_diffusion_3,73,3.4759452268003757,7.361005880897958,0.2551913842209951
63,s3_vlp_blocked,3.301420995394072,7.433470647673615,False,False,False,laplacian,73,3.4869571534288117,7.350826809220665,0.3914374902113256
64,s3_vlp_blocked,2.9801326529816508,7.690884577841307,False,False,False,static_raw,72,3.297031115439409,7.070876982420801,0.5415704439127726
64,s3_vlp_blocked,2.9801326529816508,7.690884577841307,False,False,False,graph_diffusion_1,72,3.2962201067061137,7.072297245377632,0.4108697517526153
64,s3_vlp_blocked,2.9801326529816508,7.690884577841307,False,False,False,graph_diffusion_3,72,3.2894581626906203,7.079109488920194,0.2563662700389242
64,s3_vlp_blocked,2.9801326529816508,7.690884577841307,False,False,False,laplacian,72,3.298158436373536,7.0691882051040125,0.4005495926884296
65,s3_vlp_blocked,2.825515965506124,7.887436491509548,False,False,False,static_raw,82,3.9027654515904446,8.444650238337193,0.5322821973200472
65,s3_vlp_blocked,2.825515965506124,7.887436491509548,False,False,False,graph_diffusion_1,82,3.889209053654459,8.445421479376337,0.4000776075260561
65,s3_vlp_blocked,2.825515965506124,7.887436491509548,False,False,False,graph_diffusion_3,82,3.8661640711755703,8.434681171328071,0.2478221211369771
65,s3_vlp_blocked,2.825515965506124,7.887436491509548,False,False,False,laplacian,82,3.9030310809347415,8.424638626304137,0.3935866110665487
66,s3_vlp_blocked,2.7289097443354,8.069919722795287,False,False,False,static_raw,82,3.3693199304197914,8.241352238520665,0.5717016848831817
66,s3_vlp_blocked,2.7289097443354,8.069919722795287,False,False,False,graph_diffusion_1,82,3.3601251541304706,8.249495987807963,0.4309653400641507
66,s3_vlp_blocked,2.7289097443354,8.069919722795287,False,False,False,graph_diffusion_3,82,3.3428829071337036,8.25064752326313,0.2683970433272072
66,s3_vlp_blocked,2.7289097443354,8.069919722795287,False,False,False,laplacian,82,3.369987281783593,8.226836802567522,0.42453344446278385
67,s3_vlp_blocked,2.632696225741202,8.126714841624567,False,False,False,static_raw,82,3.2411628393543817,8.418167725360533,0.5866417155044905
67,s3_vlp_blocked,2.632696225741202,8.126714841624567,False,False,False,graph_diffusion_1,82,3.2322649834768447,8.42048247699808,0.44392151810658065
67,s3_vlp_blocked,2.632696225741202,8.126714841624567,False,False,False,graph_diffusion_3,82,3.214794093492997,8.412025626081066,0.2785419958995913
67,s3_vlp_blocked,2.632696225741202,8.126714841624567,False,False,False,laplacian,82,3.2417642108237827,8.399112039974353,0.4369375613450494
68,s3_vlp_blocked,2.546782184357937,8.26682174955117,False,False,False,static_raw,82,4.2306330830552055,7.595486298362679,0.5051823008958195
68,s3_vlp_blocked,2.546782184357937,8.26682174955117,False,False,False,graph_diffusion_1,82,4.21851284128537,7.615662035503691,0.3755160062131069
68,s3_vlp_blocked,2.546782184357937,8.26682174955117,False,False,False,graph_diffusion_3,82,4.196510901918424,7.637677389627605,0.22744962868965096
68,s3_vlp_blocked,2.546782184357937,8.26682174955117,False,False,False,laplacian,82,4.229927323907966,7.590012361374726,0.3699971634821677
69,s3_vlp_blocked,2.27418996039954,8.37225686434336,False,False,False,static_raw,82,2.1039112142267618,8.686309555272874,0.5082974916563276
69,s3_vlp_blocked,2.27418996039954,8.37225686434336,False,False,False,graph_diffusion_1,82,2.1237207151994744,8.673590077576813,0.38396833001320346
69,s3_vlp_blocked,2.27418996039954,8.37225686434336,False,False,False,graph_diffusion_3,82,2.1570667740033795,8.638344424235408,0.24292860529330595
69,s3_vlp_blocked,2.27418996039954,8.37225686434336,False,False,False,laplacian,82,2.123650826687611,8.65665393960149,0.37776030868112104
70,s3_vlp_blocked,1.983341499407463,8.675376081434486,False,False,False,static_raw,81,1.503576851305955,8.041567394983254,0.5544800959585745
70,s3_vlp_blocked,1.983341499407463,8.675376081434486,False,False,False,graph_diffusion_1,81,1.5032401537571143,8.058513875733066,0.4164689573416417
70,s3_vlp_blocked,1.983341499407463,8.675376081434486,False,False,False,graph_diffusion_3,81,1.513450427048265,8.076540693975208,0.26149828798758906
70,s3_vlp_blocked,1.983341499407463,8.675376081434486,False,False,False,laplacian,81,1.5253614370152646,8.031123625850482,0.4153395538581485
71,s3_vlp_blocked,1.744329000013852,8.930180832821591,False,False,False,static_raw,81,3.685230086622208,8.234905043125478,0.5072119045478413
71,s3_vlp_blocked,1.744329000013852,8.930180832821591,False,False,False,graph_diffusion_1,81,3.6380220690866154,8.245932237939579,0.3742548667212312
71,s3_vlp_blocked,1.744329000013852,8.930180832821591,False,False,False,graph_diffusion_3,81,3.571323682861676,8.255068443163152,0.22604384850199802
71,s3_vlp_blocked,1.744329000013852,8.930180832821591,False,False,False,laplacian,81,3.6885525406908792,8.220357726501458,0.3729621818907831
72,s3_vlp_blocked,1.602113947159951,9.055786330292069,False,False,False,static_raw,81,1.2905507184686602,8.535893280928189,0.5602996717614415
72,s3_vlp_blocked,1.602113947159951,9.055786330292069,False,False,False,graph_diffusion_1,81,1.3067742043207777,8.529034146558802,0.4267913168810679
72,s3_vlp_blocked,1.602113947159951,9.055786330292069,False,False,False,graph_diffusion_3,81,1.3423121957075344,8.509016089758777,0.27534920196413487
72,s3_vlp_blocked,1.602113947159951,9.055786330292069,False,False,False,laplacian,81,1.322108165077898,8.512597405996296,0.4234100670513365
73,s3_vlp_blocked,1.462387084551268,9.271459793115136,False,False,False,static_raw,91,1.2249556128757686,9.08669805028574,0.547558110933344
73,s3_vlp_blocked,1.462387084551268,9.271459793115136,False,False,False,graph_diffusion_1,91,1.237561404623169,9.042311398685163,0.4272316924606007
73,s3_vlp_blocked,1.462387084551268,9.271459793115136,False,False,False,graph_diffusion_3,91,1.2864508616586117,8.947807317514574,0.29643880545171225
73,s3_vlp_blocked,1.462387084551268,9.271459793115136,False,False,False,laplacian,91,1.2630866278141974,9.01914232456183,0.44335909941258544
74,s3_vlp_blocked,1.3677759205754576,9.345398044743108,False,False,False,static_raw,91,1.4158124002698422,9.075838346151508,0.576257715606434
74,s3_vlp_blocked,1.3677759205754576,9.345398044743108,False,False,False,graph_diffusion_1,91,1.4168287940818387,9.032792558248186,0.4448007373575379
74,s3_vlp_blocked,1.3677759205754576,9.345398044743108,False,False,False,graph_diffusion_3,91,1.450454604947941,8.939732923787146,0.30290832817180285
74,s3_vlp_blocked,1.3677759205754576,9.345398044743108,False,False,False,laplacian,91,1.4455709856080026,9.008933931150278,0.46429746654721915
75,s3_vlp_blocked,1.193435864873341,9.539142135458723,False,True,False,static_raw,91,2.3215831391809125,9.25337783840939,0.6218419176437328
75,s3_vlp_blocked,1.193435864873341,9.539142135458723,False,True,False,graph_diffusion_1,91,2.293054575612245,9.204279446939474,0.47468796391328794
75,s3_vlp_blocked,1.193435864873341,9.539142135458723,False,True,False,graph_diffusion_3,91,2.2899308478115525,9.102176954368593,0.31554023555723043
75,s3_vlp_blocked,1.193435864873341,9.539142135458723,False,True,False,laplacian,91,2.3306250424344443,9.178258336370291,0.4982861451461557
76,s3_vlp_blocked,1.150518127759666,9.753199891650477,False,True,False,static_raw,54,4.262160493444308,7.013001369190466,0.5009575677878632
76,s3_vlp_blocked,1.150518127759666,9.753199891650477,False,True,False,graph_diffusion_1,54,4.258783352001323,7.0082806156514605,0.37472029595323436
76,s3_vlp_blocked,1.150518127759666,9.753199891650477,False,True,False,graph_diffusion_3,54,4.255795800945192,6.992461688169128,0.22795783657869617
76,s3_vlp_blocked,1.150518127759666,9.753199891650477,False,True,False,laplacian,54,4.26395704565743,6.993695454971858,0.36607453743102686
77,s3_vlp_blocked,1.0200771388428047,9.32054069697821,False,True,False,static_raw,94,3.0153471511833696,9.2619441965501,0.49999999995100003
77,s3_vlp_blocked,1.0200771388428047,9.32054069697821,False,True,False,graph_diffusion_1,94,3.0472761799002948,9.201191422345731,0.38458585393626077
77,s3_vlp_blocked,1.0200771388428047,9.32054069697821,False,True,False,graph_diffusion_3,94,3.100648807384474,9.090373878880373,0.24800488086852376
77,s3_vlp_blocked,1.0200771388428047,9.32054069697821,False,True,False,laplacian,94,3.0444450093020223,9.186315750413678,0.3915864014974907
78,s3_vlp_blocked,1.0163167110460578,8.891589654872902,False,True,False,static_raw,80,1.275889644505556,8.770836785447955,0.5548442002400442
78,s3_vlp_blocked,1.0163167110460578,8.891589654872902,False,True,False,graph_diffusion_1,80,1.3091956139062972,8.764122382892772,0.4282698069982728
78,s3_vlp_blocked,1.0163167110460578,8.891589654872902,False,True,False,graph_diffusion_3,80,1.3900879043071046,8.722110586053148,0.29358785962297473
78,s3_vlp_blocked,1.0163167110460578,8.891589654872902,False,True,False,laplacian,80,1.3378524695483742,8.736865974418574,0.4479137220343505
79,s3_vlp_blocked,0.924713747694749,8.59768007556741,False,True,False,static_raw,80,0.7818436268408646,8.441577787050901,0.5837279880894308
79,s3_vlp_blocked,0.924713747694749,8.59768007556741,False,True,False,graph_diffusion_1,80,0.8279536556629621,8.449882624162393,0.4521520452779126
79,s3_vlp_blocked,0.924713747694749,8.59768007556741,False,True,False,graph_diffusion_3,80,0.9252088898680557,8.429518096419553,0.3099588073382153
79,s3_vlp_blocked,0.924713747694749,8.59768007556741,False,True,False,laplacian,80,0.8531679100333007,8.420675002150377,0.4722985755500621
80,s3_vlp_blocked,0.8587932848384436,8.309492250468066,False,True,False,static_raw,80,1.6459051141728127,8.2855234042392,0.566596028043751
80,s3_vlp_blocked,0.8587932848384436,8.309492250468066,False,True,False,graph_diffusion_1,80,1.6750536372171316,8.299574196347214,0.4327387944675562
80,s3_vlp_blocked,0.8587932848384436,8.309492250468066,False,True,False,graph_diffusion_3,80,1.7531535122836766,8.28658384436734,0.2888204421889596
80,s3_vlp_blocked,0.8587932848384436,8.309492250468066,False,True,False,laplacian,80,1.7054589719976103,8.269230135232839,0.454034801187311
81,s3_vlp_blocked,0.81627749478909,8.156860831751935,False,True,False,static_raw,80,1.7832591437496041,7.984125572770177,0.5470138276679521
81,s3_vlp_blocked,0.81627749478909,8.156860831751935,False,True,False,graph_diffusion_1,80,1.8099369469938593,8.006311940165089,0.414645092046664
81,s3_vlp_blocked,0.81627749478909,8.156860831751935,False,True,False,graph_diffusion_3,80,1.8857378794086834,8.003464943166488,0.27291595895920384
81,s3_vlp_blocked,0.81627749478909,8.156860831751935,False,True,False,laplacian,80,1.8401718722336173,7.973517753584755,0.4361656116146869
82,s3_vlp_blocked,0.7791067822290139,7.720868059364907,False,True,False,static_raw,54,3.328241204255806,6.127782702414854,0.5170370664922406
82,s3_vlp_blocked,0.7791067822290139,7.720868059364907,False,True,False,graph_diffusion_1,54,3.3292793809529084,6.131037805463404,0.3896382877357107
82,s3_vlp_blocked,0.7791067822290139,7.720868059364907,False,True,False,graph_diffusion_3,54,3.3353536257549643,6.13485249216543,0.24043524875991457
82,s3_vlp_blocked,0.7791067822290139,7.720868059364907,False,True,False,laplacian,54,3.3394452338307965,6.125663554141417,0.38004576588552896
83,s3_vlp_blocked,0.7725832732667287,7.601013716381842,False,True,False,static_raw,50,1.1861694622297732,6.724390263196086,0.5012586815072453
83,s3_vlp_blocked,0.7725832732667287,7.601013716381842,False,True,False,graph_diffusion_1,50,1.2354947149038988,6.73629983550107,0.38021653219487206
83,s3_vlp_blocked,0.7725832732667287,7.601013716381842,False,True,False,graph_diffusion_3,50,1.3264430005463976,6.748609344420678,0.2421860258062289
83,s3_vlp_blocked,0.7725832732667287,7.601013716381842,False,True,False,laplacian,50,1.247345678841633,6.713880126607912,0.39423024220383823
84,s3_vlp_blocked,0.7627039962883997,7.197470289024447,False,True,False,static_raw,54,2.8227252755169916,5.842491044690764,0.500841661378417
84,s3_vlp_blocked,0.7627039962883997,7.197470289024447,False,True,False,graph_diffusion_1,54,2.8427011779424727,5.841796524401223,0.3766385855552775
84,s3_vlp_blocked,0.7627039962883997,7.197470289024447,False,True,False,graph_diffusion_3,54,2.880652250541064,5.840751416477994,0.23099670449258056
84,s3_vlp_blocked,0.7627039962883997,7.197470289024447,False,True,False,laplacian,54,2.848101741401101,5.84191119718033,0.36599858788560513
85,s3_vlp_blocked,0.7476353326675488,6.81635623556896,False,True,False,static_raw,54,3.7102062061790466,5.516648417743724,0.5347516405031325
85,s3_vlp_blocked,0.7476353326675488,6.81635623556896,False,True,False,graph_diffusion_1,54,3.7068694269827107,5.517405428955444,0.40781279580766777
85,s3_vlp_blocked,0.7476353326675488,6.81635623556896,False,True,False,graph_diffusion_3,54,3.7019590967895755,5.518786697411348,0.2580440428792698
85,s3_vlp_blocked,0.7476353326675488,6.81635623556896,False,True,False,laplacian,54,3.7125970650767477,5.516602006401228,0.39738232389561073
86,s3_vlp_blocked,0.9137967078421534,6.526476621576835,False,True,False,static_raw,44,2.9773155418084167,5.784425111195616,0.5004645168401467
86,s3_vlp_blocked,0.9137967078421534,6.526476621576835,False,True,False,graph_diffusion_1,44,2.9827066990149604,5.788856005905947,0.3746913640119313
86,s3_vlp_blocked,0.9137967078421534,6.526476621576835,False,True,False,graph_diffusion_3,44,2.997798401950382,5.793692122857324,0.22804292642193943
86,s3_vlp_blocked,0.9137967078421534,6.526476621576835,False,True,False,laplacian,44,2.994613327546082,5.781522020232696,0.3654727094674911
87,s3_vlp_blocked,0.9814448940362952,6.408314414612691,False,True,False,static_raw,60,1.0033203510699835,5.980072212889182,0.5642509448197404
87,s3_vlp_blocked,0.9814448940362952,6.408314414612691,False,True,False,graph_diffusion_1,60,1.0545948480948752,5.9740968462305295,0.44055903978490124
87,s3_vlp_blocked,0.9814448940362952,6.408314414612691,False,True,False,graph_diffusion_3,60,1.1489284067199934,5.965057285578324,0.2952116730655874
87,s3_vlp_blocked,0.9814448940362952,6.408314414612691,False,True,False,laplacian,60,1.0700769532951862,5.979954841573548,0.4516748677553833
88,s3_vlp_blocked,0.9671035937632008,6.25639909336203,False,False,False,static_raw,60,1.2564544744792492,6.211347507748589,0.5614929746605314
88,s3_vlp_blocked,0.9671035937632008,6.25639909336203,False,False,False,graph_diffusion_1,60,1.3054681550209406,6.208041981504193,0.43652389449819434
88,s3_vlp_blocked,0.9671035937632008,6.25639909336203,False,False,False,graph_diffusion_3,60,1.3949677269526615,6.203078811992019,0.29012304432569214
88,s3_vlp_blocked,0.9671035937632008,6.25639909336203,False,False,False,laplacian,60,1.3170909721435278,6.210868035826221,0.44841256583411593
89,s3_vlp_blocked,0.8389880226292726,6.148385963144225,False,False,False,static_raw,60,0.6281376439140887,6.8994553181876785,0.6112199325848778
89,s3_vlp_blocked,0.8389880226292726,6.148385963144225,False,False,False,graph_diffusion_1,60,0.6873960850501398,6.89874922377521,0.48217398051804283
89,s3_vlp_blocked,0.8389880226292726,6.148385963144225,False,False,False,graph_diffusion_3,60,0.7976192116329972,6.895691335319327,0.3279086011811473
89,s3_vlp_blocked,0.8389880226292726,6.148385963144225,False,False,False,laplacian,60,0.7102564872677195,6.8944771753690715,0.49130760723290445
90,s3_vlp_blocked,0.7861139584550364,6.029557626249291,False,False,False,static_raw,60,1.1063453221586343,5.704038411111549,0.5144747607088074
90,s3_vlp_blocked,0.7861139584550364,6.029557626249291,False,False,False,graph_diffusion_1,60,1.1517845799733746,5.694640356234158,0.3953145833403033
90,s3_vlp_blocked,0.7861139584550364,6.029557626249291,False,False,False,graph_diffusion_3,60,1.2356217704517598,5.679927839418976,0.25848297923308794
90,s3_vlp_blocked,0.7861139584550364,6.029557626249291,False,False,False,laplacian,60,1.1656413940087536,5.704011965156816,0.4081572266042986
91,s3_vlp_blocked,0.5294466000344179,5.720236711904748,False,False,False,static_raw,50,1.3385446755524255,5.370475452024195,0.5600777204273972
91,s3_vlp_blocked,0.5294466000344179,5.720236711904748,False,False,False,graph_diffusion_1,50,1.3875393233372655,5.368425292155313,0.435215168599457
91,s3_vlp_blocked,0.5294466000344179,5.720236711904748,False,False,False,graph_diffusion_3,50,1.4766689230378343,5.365061142300081,0.2887302930953866
91,s3_vlp_blocked,0.5294466000344179,5.720236711904748,False,False,False,laplacian,50,1.3976413072150105,5.370432868294866,0.4468949439719545
92,s3_vlp_blocked,0.3293247936064994,5.560327763194732,False,False,False,static_raw,50,1.8119922843842087,4.899364284115064,0.5219951584949704
92,s3_vlp_blocked,0.3293247936064994,5.560327763194732,False,False,False,graph_diffusion_1,50,1.8597999045354694,4.8927525494568975,0.39994733195454113
92,s3_vlp_blocked,0.3293247936064994,5.560327763194732,False,False,False,graph_diffusion_3,50,1.9449803524283937,4.88159575586109,0.2583686367628128
92,s3_vlp_blocked,0.3293247936064994,5.560327763194732,False,False,False,laplacian,50,1.8626164449502685,4.899724013637652,0.4124764651568281
93,s3_vlp_blocked,0.6891556094303306,5.713873939695236,False,False,False,static_raw,51,1.2111979857133885,5.741056533300052,0.5538882131581594
93,s3_vlp_blocked,0.6891556094303306,5.713873939695236,False,False,False,graph_diffusion_1,51,1.2293997759407882,5.7361057864964655,0.4251587349328735
93,s3_vlp_blocked,0.6891556094303306,5.713873939695236,False,False,False,graph_diffusion_3,51,1.2719382619976292,5.729041258020935,0.2757463704208636
93,s3_vlp_blocked,0.6891556094303306,5.713873939695236,False,False,False,laplacian,51,1.2483241814108104,5.740568790494169,0.41666159506104067
94,s3_vlp_blocked,1.0477753389991804,5.908021820551629,False,False,False,static_raw,60,1.9699400467192025,6.557139306519958,0.5007775946492731
94,s3_vlp_blocked,1.0477753389991804,5.908021820551629,False,False,False,graph_diffusion_1,60,2.0163261104393397,6.559093435029867,0.3801558581227133
94,s3_vlp_blocked,1.0477753389991804,5.908021820551629,False,False,False,graph_diffusion_3,60,2.0973088923920375,6.563540865960619,0.24144555376845517
94,s3_vlp_blocked,1.0477753389991804,5.908021820551629,False,False,False,laplacian,60,2.0163000394941046,6.556528316687522,0.3933634352891137
95,s3_vlp_blocked,1.1737333040654978,5.864498848416995,False,False,False,static_raw,51,1.495036761499842,5.218205452094618,0.5641736889685895
95,s3_vlp_blocked,1.1737333040654978,5.864498848416995,False,False,False,graph_diffusion_1,51,1.4983960404996106,5.220470166068072,0.43137685919590846
95,s3_vlp_blocked,1.1737333040654978,5.864498848416995,False,False,False,graph_diffusion_3,51,1.5171486948211892,5.223474445574688,0.27775389168647097
95,s3_vlp_blocked,1.1737333040654978,5.864498848416995,False,False,False,laplacian,51,1.5188651465438852,5.218225697093273,0.4240846181183849
96,s3_vlp_blocked,1.47036086082882,5.76071034330818,False,False,False,static_raw,51,2.04635136636972,5.104791089720582,0.5441656496611247
96,s3_vlp_blocked,1.47036086082882,5.76071034330818,False,False,False,graph_diffusion_1,51,2.030140069298957,5.108697971813467,0.4112119548657187
96,s3_vlp_blocked,1.47036086082882,5.76071034330818,False,False,False,graph_diffusion_3,51,2.0164631478859043,5.113775343158087,0.2589789076090683
96,s3_vlp_blocked,1.47036086082882,5.76071034330818,False,False,False,laplacian,51,2.0542441283246133,5.104807125890448,0.40525020039476667
97,s3_vlp_blocked,1.73897566506975,5.580146044809712,False,False,False,static_raw,51,2.432379689084454,4.624332609605684,0.5084041733802798
97,s3_vlp_blocked,1.73897566506975,5.580146044809712,False,False,False,graph_diffusion_1,51,2.4125472330688367,4.632637982494041,0.37965903977953064
97,s3_vlp_blocked,1.73897566506975,5.580146044809712,False,False,False,graph_diffusion_3,51,2.3929088825986247,4.643312424321867,0.23323171424874764
97,s3_vlp_blocked,1.73897566506975,5.580146044809712,False,False,False,laplacian,51,2.437812994099374,4.62496140696779,0.37398498873387437
98,s3_vlp_blocked,1.9510251970162544,5.5131699721219976,False,False,False,static_raw,51,1.2238854724582655,5.50426021471703,0.5696555024962893
98,s3_vlp_blocked,1.9510251970162544,5.5131699721219976,False,False,False,graph_diffusion_1,51,1.2386622490614028,5.503679659829695,0.43832801567047336
98,s3_vlp_blocked,1.9510251970162544,5.5131699721219976,False,False,False,graph_diffusion_3,51,1.2759749789035904,5.503099360620161,0.2853599402649145
98,s3_vlp_blocked,1.9510251970162544,5.5131699721219976,False,False,False,laplacian,51,1.2579853099271188,5.504162091152063,0.4299103342921028
99,s3_vlp_blocked,2.1646829484831067,5.499706273056468,False,False,False,static_raw,51,2.532072090109063,5.707800799721259,0.40227716534999913
99,s3_vlp_blocked,2.1646829484831067,5.499706273056468,False,False,False,graph_diffusion_1,51,2.5146639311003423,5.706458384128884,0.3101124102521231
99,s3_vlp_blocked,2.1646829484831067,5.499706273056468,False,False,False,graph_diffusion_3,51,2.4948623230604516,5.705088813452318,0.2020150701259759
99,s3_vlp_blocked,2.1646829484831067,5.499706273056468,False,False,False,laplacian,51,2.5356226112981974,5.707745303224562,0.3042299420149774
0,s4_mixed_dynamic,2.2799291600344294,5.687548118721819,False,False,True,static_raw,52,2.052948176449612,5.42411563559745,0.5423826591392186
0,s4_mixed_dynamic,2.2799291600344294,5.687548118721819,False,False,True,graph_diffusion_1,52,2.06444911382565,5.4234357358427365,0.41597917303687826
0,s4_mixed_dynamic,2.2799291600344294,5.687548118721819,False,False,True,graph_diffusion_3,52,2.084812090634756,5.422570139760899,0.2659343693406587
0,s4_mixed_dynamic,2.2799291600344294,5.687548118721819,False,False,True,laplacian,52,2.0709337298561032,5.424063582420284,0.40475886594262267
1,s4_mixed_dynamic,2.311993742915821,5.314965509108,False,False,True,static_raw,52,2.2984567257592197,5.169758322228777,0.5201135086302796
1,s4_mixed_dynamic,2.311993742915821,5.314965509108,False,False,True,graph_diffusion_1,52,2.302038941533395,5.169528327080773,0.40058891618378084
1,s4_mixed_dynamic,2.311993742915821,5.314965509108,False,False,True,graph_diffusion_3,52,2.3085474967364568,5.169488527704332,0.2581946058906175
1,s4_mixed_dynamic,2.311993742915821,5.314965509108,False,False,True,laplacian,52,2.3090581328346724,5.169782171673913,0.39023830375333296
2,s4_mixed_dynamic,2.4844149891244345,4.892233443738157,False,False,True,static_raw,42,2.4688950461787904,4.930344759350844,0.5471514880794007
2,s4_mixed_dynamic,2.4844149891244345,4.892233443738157,False,False,True,graph_diffusion_1,42,2.469079821513232,4.931624446316488,0.4194972671002956
2,s4_mixed_dynamic,2.4844149891244345,4.892233443738157,False,False,True,graph_diffusion_3,42,2.46841584595621,4.932998123011764,0.26797281259924677
2,s4_mixed_dynamic,2.4844149891244345,4.892233443738157,False,False,True,laplacian,42,2.475305635865901,4.930308667411912,0.40881846534237026
3,s4_mixed_dynamic,2.842745217514855,4.547438345307587,False,False,True,static_raw,42,2.1165719594622034,4.522720632300112,0.5748580324993819
3,s4_mixed_dynamic,2.842745217514855,4.547438345307587,False,False,True,graph_diffusion_1,42,2.122490773292362,4.522716259471922,0.44223615142759254
3,s4_mixed_dynamic,2.842745217514855,4.547438345307587,False,False,True,graph_diffusion_3,42,2.133580416065857,4.522415225472527,0.2837814990797405
3,s4_mixed_dynamic,2.842745217514855,4.547438345307587,False,False,True,laplacian,42,2.129979374162549,4.522748367774272,0.4304726835012354
4,s4_mixed_dynamic,2.9864127708382706,4.543611784897228,False,False,True,static_raw,42,1.9713345660757235,4.851181077504101,0.5016367392516068
4,s4_mixed_dynamic,2.9864127708382706,4.543611784897228,False,False,True,graph_diffusion_1,42,1.984883293868433,4.850506722161992,0.386385492374871
4,s4_mixed_dynamic,2.9864127708382706,4.543611784897228,False,False,True,graph_diffusion_3,42,2.009584528292265,4.848844352750786,0.24888585136917019
4,s4_mixed_dynamic,2.9864127708382706,4.543611784897228,False,False,True,laplacian,42,1.9919970331663839,4.851158783508316,0.37571875402506405
5,s4_mixed_dynamic,3.340887948111646,4.334249547684212,False,False,True,static_raw,43,4.250522537017718,4.312025432927334,0.5327339280493759
5,s4_mixed_dynamic,3.340887948111646,4.334249547684212,False,False,True,graph_diffusion_1,43,4.2506983300087855,4.311895462273933,0.4059543072859927
5,s4_mixed_dynamic,3.340887948111646,4.334249547684212,False,False,True,graph_diffusion_3,43,4.250979646450124,4.3114092275791,0.2566793884679471
5,s4_mixed_dynamic,3.340887948111646,4.334249547684212,False,False,True,laplacian,43,4.25054904969375,4.312252245212065,0.39528439422837114
6,s4_mixed_dynamic,3.68623544692832,4.015886165396863,False,False,True,static_raw,43,2.8700377522772285,4.707281854728275,0.547295536193222
6,s4_mixed_dynamic,3.68623544692832,4.015886165396863,False,False,True,graph_diffusion_1,43,2.8783388412570905,4.706512231081561,0.41744846347429576
6,s4_mixed_dynamic,3.68623544692832,4.015886165396863,False,False,True,graph_diffusion_3,43,2.894747217489599,4.7051438373213434,0.26376670565962484
6,s4_mixed_dynamic,3.68623544692832,4.015886165396863,False,False,True,laplacian,43,2.882695612924002,4.707369870191601,0.40600718565135613
7,s4_mixed_dynamic,4.1188059230374,3.834922193216244,False,False,True,static_raw,34,4.674903482646956,4.36321410312004,0.5099094264370289
7,s4_mixed_dynamic,4.1188059230374,3.834922193216244,False,False,True,graph_diffusion_1,34,4.674767528234653,4.363822730065487,0.38680884831385115
7,s4_mixed_dynamic,4.1188059230374,3.834922193216244,False,False,True,graph_diffusion_3,34,4.674533508876758,4.364927690410781,0.2426383795151857
7,s4_mixed_dynamic,4.1188059230374,3.834922193216244,False,False,True,laplacian,34,4.67498652830574,4.3632238527120455,0.3768720055277568
8,s4_mixed_dynamic,4.374208764323148,3.616554373320941,False,False,True,static_raw,34,4.902090175649339,3.7133415290191305,0.5620393455338448
8,s4_mixed_dynamic,4.374208764323148,3.616554373320941,False,False,True,graph_diffusion_1,34,4.902338551308488,3.713380269204726,0.4315740493440808
8,s4_mixed_dynamic,4.374208764323148,3.616554373320941,False,False,True,graph_diffusion_3,34,4.90276102579531,3.7131278506801078,0.2764465779285004
8,s4_mixed_dynamic,4.374208764323148,3.616554373320941,False,False,True,laplacian,34,4.901755694508912,3.7139434298738916,0.41985196295828603
9,s4_mixed_dynamic,4.8310090365174965,3.516701129989274,False,False,True,static_raw,34,4.079866025124838,3.092696341237196,0.5339546184449827
9,s4_mixed_dynamic,4.8310090365174965,3.516701129989274,False,False,True,graph_diffusion_1,34,4.0791189804228685,3.0921629855190074,0.4091486269761996
9,s4_mixed_dynamic,4.8310090365174965,3.516701129989274,False,False,True,graph_diffusion_3,34,4.077403288936998,3.092079657529468,0.26168581250932327
9,s4_mixed_dynamic,4.8310090365174965,3.516701129989274,False,False,True,laplacian,34,4.08036353158586,3.096541200823384,0.39875369196857796
10,s4_mixed_dynamic,5.174686225206629,3.48599608085182,True,False,True,static_raw,35,5.597850251100153,2.401915814578325,0.5044042603127665
10,s4_mixed_dynamic,5.174686225206629,3.48599608085182,True,False,True,graph_diffusion_1,35,5.5978909691896375,2.417236279448902,0.3817752886779384
10,s4_mixed_dynamic,5.174686225206629,3.48599608085182,True,False,True,graph_diffusion_3,35,5.598121943585445,2.4471711996600467,0.23838296682151527
10,s4_mixed_dynamic,5.174686225206629,3.48599608085182,True,False,True,laplacian,35,5.597799139789907,2.423415318200862,0.37159679203810086
11,s4_mixed_dynamic,5.555495990836912,3.59907830663822,True,False,True,static_raw,35,5.647973154685859,2.894360585649702,0.5315608692500859
11,s4_mixed_dynamic,5.555495990836912,3.59907830663822,True,False,True,graph_diffusion_1,35,5.648220898254415,2.8894794209549515,0.40721986969683505
11,s4_mixed_dynamic,5.555495990836912,3.59907830663822,True,False,True,graph_diffusion_3,35,5.648970058398184,2.883375932568749,0.2606205408517569
11,s4_mixed_dynamic,5.555495990836912,3.59907830663822,True,False,True,laplacian,35,5.647944857731641,2.89776114372285,0.3974303694719104
12,s4_mixed_dynamic,5.685559404770427,3.675092014689703,True,False,True,static_raw,35,4.719423352708988,2.443151091672224,0.5004028877347398
12,s4_mixed_dynamic,5.685559404770427,3.675092014689703,True,False,True,graph_diffusion_1,35,4.7194654184256,2.456147532238978,0.37575678236958876
12,s4_mixed_dynamic,5.685559404770427,3.675092014689703,True,False,True,graph_diffusion_3,35,4.719350978567406,2.4821323578263392,0.23027808237064362
12,s4_mixed_dynamic,5.685559404770427,3.675092014689703,True,False,True,laplacian,35,4.719548419978498,2.4627793149538504,0.3658254449545144
13,s4_mixed_dynamic,5.990806032590996,3.622242725158004,True,False,True,static_raw,35,7.299197696199822,5.4634255269514505,0.5000000099203874
13,s4_mixed_dynamic,5.990806032590996,3.622242725158004,True,False,True,graph_diffusion_1,35,7.275110799442235,5.460764608091392,0.37554174640527827
13,s4_mixed_dynamic,5.990806032590996,3.622242725158004,True,False,True,graph_diffusion_3,35,7.228241534115195,5.451695709534431,0.22953466046145554
13,s4_mixed_dynamic,5.990806032590996,3.622242725158004,True,False,True,laplacian,35,7.26874753468283,5.458299017704343,0.36478810142703755
14,s4_mixed_dynamic,6.191913166972428,3.379354108194402,True,False,True,static_raw,36,6.018850952841394,2.433028258062217,0.509557429723964
14,s4_mixed_dynamic,6.191913166972428,3.379354108194402,True,False,True,graph_diffusion_1,36,6.019626179246306,2.4495962311812476,0.38498324722786037
14,s4_mixed_dynamic,6.191913166972428,3.379354108194402,True,False,True,graph_diffusion_3,36,6.021247285065752,2.481143879525177,0.23898261238217958
14,s4_mixed_dynamic,6.191913166972428,3.379354108194402,True,False,True,laplacian,36,6.018720993498025,2.4546497931110776,0.3743789842715608
15,s4_mixed_dynamic,6.672474944256793,3.2764536300776967,True,False,True,static_raw,36,7.446861658638311,2.8689233856292216,0.5000634179772574
15,s4_mixed_dynamic,6.672474944256793,3.2764536300776967,True,False,True,graph_diffusion_1,36,7.439747086778273,2.8697115666119517,0.37473072385995737
15,s4_mixed_dynamic,6.672474944256793,3.2764536300776967,True,False,True,graph_diffusion_3,36,7.427631893811975,2.867966872163155,0.2290131350751345
15,s4_mixed_dynamic,6.672474944256793,3.2764536300776967,True,False,True,laplacian,36,7.4326438610675165,2.873904315396743,0.36579000863809746
16,s4_mixed_dynamic,6.801426487780192,3.2605086161445698,True,False,True,static_raw,26,7.943903144135164,4.144607001962769,0.48712378738076434
16,s4_mixed_dynamic,6.801426487780192,3.2605086161445698,True,False,True,graph_diffusion_1,26,7.898805938185548,4.126879472673786,0.36912554561672345
16,s4_mixed_dynamic,6.801426487780192,3.2605086161445698,True,False,True,graph_diffusion_3,26,7.817966482478801,4.093043922841995,0.22848340722583296
16,s4_mixed_dynamic,6.801426487780192,3.2605086161445698,True,False,True,laplacian,26,7.9000031119892045,4.144633878179955,0.3555309370969412
17,s4_mixed_dynamic,7.202662568049404,3.119170050557377,True,False,True,static_raw,37,7.373148066098023,3.8210460628734033,0.5578041483464045
17,s4_mixed_dynamic,7.202662568049404,3.119170050557377,True,False,True,graph_diffusion_1,37,7.374324223110219,3.8218426768983518,0.42916711002318203
17,s4_mixed_dynamic,7.202662568049404,3.119170050557377,True,False,True,graph_diffusion_3,37,7.378678000840015,3.8221849096377896,0.27577546386990337
17,s4_mixed_dynamic,7.202662568049404,3.119170050557377,True,False,True,laplacian,37,7.369798503854168,3.8212080694939994,0.4179945608653563
18,s4_mixed_dynamic,7.355464000343399,3.083507848130031,True,False,True,static_raw,37,8.43531178524207,5.790149502263581,0.5000001056657537
18,s4_mixed_dynamic,7.355464000343399,3.083507848130031,True,False,True,graph_diffusion_1,37,8.39605402541581,5.758119823100692,0.37831935705505026
18,s4_mixed_dynamic,7.355464000343399,3.083507848130031,True,False,True,graph_diffusion_3,37,8.328511311930985,5.699326096222431,0.23340062217321922
18,s4_mixed_dynamic,7.355464000343399,3.083507848130031,True,False,True,laplacian,37,8.39447843727299,5.777599736199047,0.3647970321066412
19,s4_mixed_dynamic,7.503183997832102,2.737386539567276,True,False,True,static_raw,27,4.88602230034035,2.1869136417958974,0.4999999961716295
19,s4_mixed_dynamic,7.503183997832102,2.737386539567276,True,False,True,graph_diffusion_1,27,4.9008445135564855,2.1999574808674756,0.37611525173940463
19,s4_mixed_dynamic,7.503183997832102,2.737386539567276,True,False,True,graph_diffusion_3,27,4.933965716663081,2.219787214023958,0.22922377540062816
19,s4_mixed_dynamic,7.503183997832102,2.737386539567276,True,False,True,laplacian,27,4.896392179159223,2.2038781484274934,0.36478919870700327
20,s4_mixed_dynamic,7.571322716061035,2.634714819474328,True,False,True,static_raw,27,6.969461202234171,2.2324513089324407,0.5474203661375964
20,s4_mixed_dynamic,7.571322716061035,2.634714819474328,True,False,True,graph_diffusion_1,27,6.967659004875285,2.230893534747063,0.41827524768334745
20,s4_mixed_dynamic,7.571322716061035,2.634714819474328,True,False,True,graph_diffusion_3,27,6.970750855304606,2.2295739819821603,0.2657552489438537
20,s4_mixed_dynamic,7.571322716061035,2.634714819474328,True,False,True,laplacian,27,6.969016705132724,2.2395300731506547,0.4085426239603457
21,s4_mixed_dynamic,7.704726986928372,2.49312382194566,False,False,True,static_raw,27,7.6698601571622795,2.4481710248765522,0.6325447033584546
21,s4_mixed_dynamic,7.704726986928372,2.49312382194566,False,False,True,graph_diffusion_1,27,7.667380432941822,2.450296183082097,0.4830902211889236
21,s4_mixed_dynamic,7.704726986928372,2.49312382194566,False,False,True,graph_diffusion_3,27,7.665383583494649,2.4502491892427627,0.3049494223657286
21,s4_mixed_dynamic,7.704726986928372,2.49312382194566,False,False,True,laplacian,27,7.662493912651629,2.4537643779560496,0.47075795407744986
22,s4_mixed_dynamic,7.701196953076577,2.16815646104391,False,False,True,static_raw,17,8.349320722929377,1.8850356642935777,0.3168094918085309
22,s4_mixed_dynamic,7.701196953076577,2.16815646104391,False,False,True,graph_diffusion_1,17,8.334457305783094,1.8702253328016432,0.2528168237910983
22,s4_mixed_dynamic,7.701196953076577,2.16815646104391,False,False,True,graph_diffusion_3,17,8.309103023093773,1.8516919034577204,0.1739995093664934
22,s4_mixed_dynamic,7.701196953076577,2.16815646104391,False,False,True,laplacian,17,8.324750536648947,1.8935566562095496,0.24873921444883798
23,s4_mixed_dynamic,7.655329139600928,1.9328868180562264,False,False,True,static_raw,17,7.707925478303075,1.8746417042207382,0.5881908713546807
23,s4_mixed_dynamic,7.655329139600928,1.9328868180562264,False,False,True,graph_diffusion_1,17,7.705239723535902,1.8628869978622729,0.446764921599845
23,s4_mixed_dynamic,7.655329139600928,1.9328868180562264,False,False,True,graph_diffusion_3,17,7.704168021855675,1.8536571731234064,0.2826325754137189
23,s4_mixed_dynamic,7.655329139600928,1.9328868180562264,False,False,True,laplacian,17,7.7015316042472675,1.8833873595043245,0.44051971519587896
24,s4_mixed_dynamic,7.602021631114391,1.571641233574267,False,False,True,static_raw,17,7.626170171943825,1.4337999364514946,0.6926914080462917
24,s4_mixed_dynamic,7.602021631114391,1.571641233574267,False,False,True,graph_diffusion_1,17,7.62485681188671,1.4363227660589173,0.5259700248130004
24,s4_mixed_dynamic,7.602021631114391,1.571641233574267,False,False,True,graph_diffusion_3,17,7.629299574341991,1.4522026956325989,0.33106886465370144
24,s4_mixed_dynamic,7.602021631114391,1.571641233574267,False,False,True,laplacian,17,7.622372787233256,1.4561660961145169,0.517689067612142
25,s4_mixed_dynamic,7.496118456242826,1.2679285911263276,False,True,True,static_raw,18,8.530215287255446,1.811903725447905,0.5001089448599008
25,s4_mixed_dynamic,7.496118456242826,1.2679285911263276,False,True,True,graph_diffusion_1,18,8.526864268011646,1.7984771703054712,0.3806085849208632
25,s4_mixed_dynamic,7.496118456242826,1.2679285911263276,False,True,True,graph_diffusion_3,18,8.514963053471346,1.7810657664808176,0.24619602042511046
25,s4_mixed_dynamic,7.496118456242826,1.2679285911263276,False,True,True,laplacian,18,8.507413552517454,1.8226060102604265,0.3787774844906802
26,s4_mixed_dynamic,7.213781174903376,0.8568255662582489,False,True,True,static_raw,7,7.494261453252174,0.9071249384517703,0.6661109817853277
26,s4_mixed_dynamic,7.213781174903376,0.8568255662582489,False,True,True,graph_diffusion_1,7,7.4939359420247085,0.9582733766209737,0.5201292320257044
26,s4_mixed_dynamic,7.213781174903376,0.8568255662582489,False,True,True,graph_diffusion_3,7,7.504678103084068,1.0499948123660297,0.34462062587770015
26,s4_mixed_dynamic,7.213781174903376,0.8568255662582489,False,True,True,laplacian,7,7.49119495921741,0.9745091915097395,0.5324941449058094
27,s4_mixed_dynamic,6.894230635172876,0.5695446452732373,False,True,True,static_raw,7,7.460620762092677,0.6870478685835683,0.7850062409897612
27,s4_mixed_dynamic,6.894230635172876,0.5695446452732373,False,True,True,graph_diffusion_1,7,7.459848226005735,0.7448042502563513,0.6111081439730696
27,s4_mixed_dynamic,6.894230635172876,0.5695446452732373,False,True,True,graph_diffusion_3,7,7.471935075610409,0.8500210112746837,0.4011623664129879
27,s4_mixed_dynamic,6.894230635172876,0.5695446452732373,False,True,True,laplacian,7,7.458078157064342,0.7668351123116797,0.6238104285732955
28,s4_mixed_dynamic,6.483266315091463,0.4768582893029604,False,True,True,static_raw,6,6.637517282635404,1.1228473519570046,0.6420583427437306
28,s4_mixed_dynamic,6.483266315091463,0.4768582893029604,False,True,True,graph_diffusion_1,6,6.637108801796017,1.1736917983207147,0.49890661057346475
28,s4_mixed_dynamic,6.483266315091463,0.4768582893029604,False,True,True,graph_diffusion_3,6,6.636578487493506,1.266526052519228,0.32973904975644025
28,s4_mixed_dynamic,6.483266315091463,0.4768582893029604,False,True,True,laplacian,6,6.633970277338628,1.186965320296524,0.5113337982441222
29,s4_mixed_dynamic,6.08112543865504,0.3893330184780748,False,True,True,static_raw,9,7.704320987096443,0.9013282637438791,0.4999999999512812
29,s4_mixed_dynamic,6.08112543865504,0.3893330184780748,False,True,True,graph_diffusion_1,9,7.582352740865198,0.9750685827894416,0.391189503247471
29,s4_mixed_dynamic,6.08112543865504,0.3893330184780748,False,True,True,graph_diffusion_3,9,7.408463310399469,1.095601293243115,0.2583605519805008
29,s4_mixed_dynamic,6.08112543865504,0.3893330184780748,False,True,True,laplacian,9,7.658484222322372,0.9669554659657519,0.4222294595420388
30,s4_mixed_dynamic,5.9589922669011575,0.2570083151721161,False,True,True,static_raw,5,5.81013714748041,0.7388481334447159,0.6154631304291035
30,s4_mixed_dynamic,5.9589922669011575,0.2570083151721161,False,True,True,graph_diffusion_1,5,5.812659020708314,0.7930192374998748,0.4883251925854762
30,s4_mixed_dynamic,5.9589922669011575,0.2570083151721161,False,True,True,graph_diffusion_3,5,5.817156062124323,0.8937842802582653,0.3354885502504729
30,s4_mixed_dynamic,5.9589922669011575,0.2570083151721161,False,True,True,laplacian,5,5.810078970256253,0.8136685567695003,0.49748165555597346
31,s4_mixed_dynamic,5.831232280022617,0.1202910645042036,False,True,True,static_raw,5,5.791029839628067,0.9059054493869959,0.5920720609584849
31,s4_mixed_dynamic,5.831232280022617,0.1202910645042036,False,True,True,graph_diffusion_1,5,5.794150004213577,0.9551620589417347,0.46551294687348177
31,s4_mixed_dynamic,5.831232280022617,0.1202910645042036,False,True,True,graph_diffusion_3,5,5.799591459639915,1.0467172608495687,0.3157975713744009
31,s4_mixed_dynamic,5.831232280022617,0.1202910645042036,False,True,True,laplacian,5,5.790940328045548,0.9723355749108801,0.47651900152547805
32,s4_mixed_dynamic,6.000260145054196,0.4497115388847675,False,True,True,static_raw,5,5.964626060256949,1.610002472938328,0.5207661661705083
32,s4_mixed_dynamic,6.000260145054196,0.4497115388847675,False,True,True,graph_diffusion_1,5,5.970213716222355,1.6555374040805109,0.3993497947587266
32,s4_mixed_dynamic,6.000260145054196,0.4497115388847675,False,True,True,graph_diffusion_3,5,5.979646216931469,1.7368382600345638,0.2587814151937009
32,s4_mixed_dynamic,6.000260145054196,0.4497115388847675,False,True,True,laplacian,5,5.963687957782691,1.6601686043848107,0.4120792348282724
33,s4_mixed_dynamic,6.0249012997820826,0.6758579464524104,False,True,True,static_raw,6,6.060167378450729,0.8530847469952957,0.54543517057819
33,s4_mixed_dynamic,6.0249012997820826,0.6758579464524104,False,True,True,graph_diffusion_1,6,6.056633328379753,0.9054644756141862,0.4318658409595618
33,s4_mixed_dynamic,6.0249012997820826,0.6758579464524104,False,True,True,graph_diffusion_3,6,6.05161806362569,1.0023760647569107,0.2969080495774195
33,s4_mixed_dynamic,6.0249012997820826,0.6758579464524104,False,True,True,laplacian,6,6.06004951631733,0.923592521012642,0.44101370826093744
34,s4_mixed_dynamic,6.061421427145482,0.8183445365055386,False,True,True,static_raw,44,4.965341003540261,3.057041693459373,0.5001188864635105
34,s4_mixed_dynamic,6.061421427145482,0.8183445365055386,False,True,True,graph_diffusion_1,44,4.966050256069634,3.061122214554171,0.3748036779131656
34,s4_mixed_dynamic,6.061421427145482,0.8183445365055386,False,True,True,graph_diffusion_3,44,4.967188166765052,3.0727034985390067,0.22874809719852537
34,s4_mixed_dynamic,6.061421427145482,0.8183445365055386,False,True,True,laplacian,44,4.965331941127591,3.070715323546436,0.3654488839053494
35,s4_mixed_dynamic,6.087391277308319,1.2497472486120351,False,True,True,static_raw,44,5.490859786713257,3.240934397033049,0.5000279931519932
35,s4_mixed_dynamic,6.087391277308319,1.2497472486120351,False,True,True,graph_diffusion_1,44,5.49201393263728,3.245348578711886,0.3746577844584579
35,s4_mixed_dynamic,6.087391277308319,1.2497472486120351,False,True,True,graph_diffusion_3,44,5.494471624445004,3.2554478724604197,0.22808137722143834
35,s4_mixed_dynamic,6.087391277308319,1.2497472486120351,False,True,True,laplacian,44,5.490098672270884,3.251916335486444,0.3649696657540686
36,s4_mixed_dynamic,6.180286136373961,1.6086370686667928,False,True,True,static_raw,6,6.390468626860201,0.8773785636135457,0.6587635648989879
36,s4_mixed_dynamic,6.180286136373961,1.6086370686667928,False,True,True,graph_diffusion_1,6,6.389667986526987,0.9304745209191407,0.5161712908399347
36,s4_mixed_dynamic,6.180286136373961,1.6086370686667928,False,True,True,graph_diffusion_3,6,6.389116642740263,1.0284807096283328,0.34638920270094997
36,s4_mixed_dynamic,6.180286136373961,1.6086370686667928,False,True,True,laplacian,6,6.38965853751732,0.9480969499989365,0.5275435728306885
37,s4_mixed_dynamic,6.291541896900854,2.051340535656898,False,True,True,static_raw,44,4.873485831777494,2.9768606929760484,0.5001049491247037
37,s4_mixed_dynamic,6.291541896900854,2.051340535656898,False,True,True,graph_diffusion_1,44,4.873696505972771,2.9862744933738545,0.3751853320190359
37,s4_mixed_dynamic,6.291541896900854,2.051340535656898,False,True,True,graph_diffusion_3,44,4.8739787463208515,3.0067886106545316,0.22935885081747945
37,s4_mixed_dynamic,6.291541896900854,2.051340535656898,False,True,True,laplacian,44,4.8734818534317865,2.9942449255545807,0.36542001008291836
38,s4_mixed_dynamic,6.306683312213806,2.196428146331729,False,False,True,static_raw,16,7.14429338595876,2.1509543712223556,0.5329803218637731
38,s4_mixed_dynamic,6.306683312213806,2.196428146331729,False,False,True,graph_diffusion_1,16,7.1363551145489215,2.1362609783785085,0.3998147731220373
38,s4_mixed_dynamic,6.306683312213806,2.196428146331729,False,False,True,graph_diffusion_3,16,7.123981108171277,2.1234095197288125,0.2483737705565983
38,s4_mixed_dynamic,6.306683312213806,2.196428146331729,False,False,True,laplacian,16,7.137196654913046,2.157745857738801,0.3943797757085355
39,s4_mixed_dynamic,6.336152382937008,2.471138999750724,False,False,True,static_raw,26,6.7737889958189585,2.8709229149938382,0.5786215542836558
39,s4_mixed_dynamic,6.336152382937008,2.471138999750724,False,False,True,graph_diffusion_1,26,6.774672318072112,2.8715278851801918,0.44254816696609345
39,s4_mixed_dynamic,6.336152382937008,2.471138999750724,False,False,True,graph_diffusion_3,26,6.775303391425338,2.8686829573562864,0.28098968861412676
39,s4_mixed_dynamic,6.336152382937008,2.471138999750724,False,False,True,laplacian,26,6.7713075489131365,2.8728411449042253,0.43112727446096505
40,s4_mixed_dynamic,6.237110360969902,2.800987646488566,False,False,True,static_raw,36,6.354393929236307,2.273207223786524,0.5017005715516903
40,s4_mixed_dynamic,6.237110360969902,2.800987646488566,False,False,True,graph_diffusion_1,36,6.355051419023888,2.2965658068954258,0.3793416830791271
40,s4_mixed_dynamic,6.237110360969902,2.800987646488566,False,False,True,graph_diffusion_3,36,6.3567402250297285,2.339899546876043,0.23578801059728483
40,s4_mixed_dynamic,6.237110360969902,2.800987646488566,False,False,True,laplacian,36,6.354214909121275,2.3010923398115577,0.36838688957754206
41,s4_mixed_dynamic,6.027973420710303,3.09840759283468,False,False,True,static_raw,36,6.589442368531339,3.726051020224362,0.5946599463175515
41,s4_mixed_dynamic,6.027973420710303,3.09840759283468,False,False,True,graph_diffusion_1,36,6.5908011065108285,3.726293173190981,0.4574359914270316
41,s4_mixed_dynamic,6.027973420710303,3.09840759283468,False,False,True,graph_diffusion_3,36,6.59322760921359,3.726295030139408,0.2936945431818694
41,s4_mixed_dynamic,6.027973420710303,3.09840759283468,False,False,True,laplacian,36,6.5883731406911235,3.7263117708175493,0.44501653341474917
42,s4_mixed_dynamic,5.997073023448079,3.2280332057453927,False,False,True,static_raw,36,6.2841333178400705,3.2282764092660297,0.5700264609756617
42,s4_mixed_dynamic,5.997073023448079,3.2280332057453927,False,False,True,graph_diffusion_1,36,6.283839659018614,3.2292728316900177,0.4363164984952106
42,s4_mixed_dynamic,5.997073023448079,3.2280332057453927,False,False,True,graph_diffusion_3,36,6.283333727228432,3.231483147628517,0.27791535180258126
42,s4_mixed_dynamic,5.997073023448079,3.2280332057453927,False,False,True,laplacian,36,6.283079725226997,3.2322581902181775,0.42478389308472675
43,s4_mixed_dynamic,5.977301602080376,3.352058526074975,False,False,True,static_raw,36,6.873939880927639,3.1412429078075195,0.5309362851890247
43,s4_mixed_dynamic,5.977301602080376,3.352058526074975,False,False,True,graph_diffusion_1,36,6.866067738499094,3.1475329693746494,0.4049972046848921
43,s4_mixed_dynamic,5.977301602080376,3.352058526074975,False,False,True,graph_diffusion_3,36,6.851665254489549,3.159195206200614,0.25560845551666816
43,s4_mixed_dynamic,5.977301602080376,3.352058526074975,False,False,True,laplacian,36,6.864132927568739,3.1505251622768315,0.393357787986111
44,s4_mixed_dynamic,5.902053565295218,3.5870012302182115,False,False,True,static_raw,35,6.6677667978572135,3.421930737503431,0.5012018803448187
44,s4_mixed_dynamic,5.902053565295218,3.5870012302182115,False,False,True,graph_diffusion_1,35,6.670129872506689,3.421904644793782,0.37681531570120214
44,s4_mixed_dynamic,5.902053565295218,3.5870012302182115,False,False,True,graph_diffusion_3,35,6.67192283420699,3.420729966991351,0.23242140141602002
44,s4_mixed_dynamic,5.902053565295218,3.5870012302182115,False,False,True,laplacian,35,6.661579477550582,3.422556783556543,0.3680756744736671
45,s4_mixed_dynamic,5.84764723140247,3.748268178695647,True,False,True,static_raw,35,4.265961366464762,3.3845002007187146,0.5008424830869419
45,s4_mixed_dynamic,5.84764723140247,3.748268178695647,True,False,True,graph_diffusion_1,35,4.2630359383307495,3.3838925517875387,0.3763287687623775
45,s4_mixed_dynamic,5.84764723140247,3.748268178695647,True,False,True,graph_diffusion_3,35,4.257417331630463,3.3823525787328794,0.23130423608086717
45,s4_mixed_dynamic,5.84764723140247,3.748268178695647,True,False,True,laplacian,35,4.267228378968036,3.385460692501751,0.36711207238038246
46,s4_mixed_dynamic,5.7905916990273125,3.9540421895316378,True,False,True,static_raw,35,7.419076001862063,3.13945534291803,0.4999999999587741
46,s4_mixed_dynamic,5.7905916990273125,3.9540421895316378,True,False,True,graph_diffusion_1,35,7.377775529606133,3.1423330630529698,0.37767826309105107
46,s4_mixed_dynamic,5.7905916990273125,3.9540421895316378,True,False,True,graph_diffusion_3,35,7.3103220637147635,3.1396976236227845,0.23218756791090456
46,s4_mixed_dynamic,5.7905916990273125,3.9540421895316378,True,False,True,laplacian,35,7.379994062502952,3.1397311141715663,0.36480485489207304
47,s4_mixed_dynamic,5.615192813296309,4.351568926489183,True,False,True,static_raw,45,7.176458689571425,5.33677305396818,0.5001070536238302
47,s4_mixed_dynamic,5.615192813296309,4.351568926489183,True,False,True,graph_diffusion_1,45,7.159393241291614,5.336863070586488,0.3754499939015412
47,s4_mixed_dynamic,5.615192813296309,4.351568926489183,True,False,True,graph_diffusion_3,45,7.125857812093975,5.3370461735032215,0.2293917525809938
47,s4_mixed_dynamic,5.615192813296309,4.351568926489183,True,False,True,laplacian,45,7.152417824130264,5.336283353954462,0.36506996374308953
48,s4_mixed_dynamic,5.49223566932926,4.551447461998359,True,False,True,static_raw,45,3.4439681197309833,5.426788767239673,0.5002124703188112
48,s4_mixed_dynamic,5.49223566932926,4.551447461998359,True,False,True,graph_diffusion_1,45,3.456217978960475,5.427318015355307,0.37522027510170436
48,s4_mixed_dynamic,5.49223566932926,4.551447461998359,True,False,True,graph_diffusion_3,45,3.4814742401827066,5.427858831404986,0.22889870909881438
48,s4_mixed_dynamic,5.49223566932926,4.551447461998359,True,False,True,laplacian,45,3.46415565743523,5.425970224197177,0.365146177939939
49,s4_mixed_dynamic,5.414751159852098,4.694331234614093,True,False,True,static_raw,45,6.138277080447164,3.3198775410050887,0.5002222581363355
49,s4_mixed_dynamic,5.414751159852098,4.694331234614093,True,False,True,graph_diffusion_1,45,6.140928042626103,3.31023049375299,0.37412852839842814
49,s4_mixed_dynamic,5.414751159852098,4.694331234614093,True,False,True,graph_diffusion_3,45,6.147458728398957,3.296403926193072,0.22745547381864806
49,s4_mixed_dynamic,5.414751159852098,4.694331234614093,True,False,True,laplacian,45,6.138087547470064,3.3226343299083623,0.3656586333787023
50,s4_mixed_dynamic,5.284112641295624,4.985426545029498,True,False,True,static_raw,45,3.561989028165872,5.1318623226745155,0.5000006966786164
50,s4_mixed_dynamic,5.284112641295624,4.985426545029498,True,False,True,graph_diffusion_1,45,3.5615758166786695,5.134348640726348,0.3740683506331643
50,s4_mixed_dynamic,5.284112641295624,4.985426545029498,True,False,True,graph_diffusion_3,45,3.56622572087025,5.138634633068504,0.22714179495001652
50,s4_mixed_dynamic,5.284112641295624,4.985426545029498,True,False,True,laplacian,45,3.574370909391992,5.131748966810195,0.3648328692072604
51,s4_mixed_dynamic,5.241467849997588,5.146386896673119,True,False,True,static_raw,55,5.257725512939922,6.52010553865247,0.5006862035178772
51,s4_mixed_dynamic,5.241467849997588,5.146386896673119,True,False,True,graph_diffusion_1,55,5.257475021564108,6.5219376648560425,0.3776562202658684
51,s4_mixed_dynamic,5.241467849997588,5.146386896673119,True,False,True,graph_diffusion_3,55,5.256858047366773,6.526042713612259,0.23403129852096488
51,s4_mixed_dynamic,5.241467849997588,5.146386896673119,True,False,True,laplacian,55,5.257722689550678,6.517221858035326,0.36832150460759056
52,s4_mixed_dynamic,5.312406077942571,5.4188305034477,True,False,True,static_raw,55,6.110953606911254,7.454417945352546,0.5000000106875473
52,s4_mixed_dynamic,5.312406077942571,5.4188305034477,True,False,True,graph_diffusion_1,55,6.0823845363825875,7.376709333368636,0.3828274989768238
52,s4_mixed_dynamic,5.312406077942571,5.4188305034477,True,False,True,graph_diffusion_3,55,6.038708379107465,7.253771246533827,0.24032341592405954
52,s4_mixed_dynamic,5.312406077942571,5.4188305034477,True,False,True,laplacian,55,6.097472438961021,7.412292709084542,0.3647865513418997
53,s4_mixed_dynamic,5.348436338770621,5.638406338643498,True,False,True,static_raw,55,5.4036240545019,6.132261247120555,0.5336731699676752
53,s4_mixed_dynamic,5.348436338770621,5.638406338643498,True,False,True,graph_diffusion_1,55,5.403726912415021,6.136828774604955,0.4036855125482167
53,s4_mixed_dynamic,5.348436338770621,5.638406338643498,True,False,True,graph_diffusion_3,55,5.4035005785271215,6.142789579160953,0.2510477273667691
53,s4_mixed_dynamic,5.348436338770621,5.638406338643498,True,False,True,laplacian,55,5.402897474328825,6.129697129959593,0.39382126215302676
54,s4_mixed_dynamic,5.403285630073735,5.921849491887416,False,False,True,static_raw,55,6.12251475146513,5.902285434299431,0.5446335692672648
54,s4_mixed_dynamic,5.403285630073735,5.921849491887416,False,False,True,graph_diffusion_1,55,6.1261066703837725,5.904229541491973,0.41498019787453055
54,s4_mixed_dynamic,5.403285630073735,5.921849491887416,False,False,True,graph_diffusion_3,55,6.132345779592834,5.908106839447912,0.26213270946871425
54,s4_mixed_dynamic,5.403285630073735,5.921849491887416,False,False,True,laplacian,55,6.121276318342727,5.901906892795585,0.40439602941877906
55,s4_mixed_dynamic,5.389714633426687,6.253274443829397,False,False,True,static_raw,65,4.66073865493405,6.207332457616978,0.5142231747150551
55,s4_mixed_dynamic,5.389714633426687,6.253274443829397,False,False,True,graph_diffusion_1,65,4.658336855957429,6.20798579614076,0.38993322273540226
55,s4_mixed_dynamic,5.389714633426687,6.253274443829397,False,False,True,graph_diffusion_3,65,4.653937084606378,6.209442313004928,0.2444702365248815
55,s4_mixed_dynamic,5.389714633426687,6.253274443829397,False,False,True,laplacian,65,4.6614488739861555,6.207160386616211,0.3801068534183432
56,s4_mixed_dynamic,5.195285542548939,6.456984202180508,False,False,True,static_raw,65,5.380268108588497,7.332885620641018,0.5174831677605731
56,s4_mixed_dynamic,5.195285542548939,6.456984202180508,False,False,True,graph_diffusion_1,65,5.380530885203818,7.327074534160543,0.39108367449182874
56,s4_mixed_dynamic,5.195285542548939,6.456984202180508,False,False,True,graph_diffusion_3,65,5.381137668880255,7.316180874556855,0.24313389668157065
56,s4_mixed_dynamic,5.195285542548939,6.456984202180508,False,False,True,laplacian,65,5.380228873083953,7.320858530825005,0.3811693032855643
57,s4_mixed_dynamic,4.86183044372369,6.506009930366596,False,False,True,static_raw,64,4.7245469433175415,6.644752652589494,0.6169106723678132
57,s4_mixed_dynamic,4.86183044372369,6.506009930366596,False,False,True,graph_diffusion_1,64,4.7245805456329775,6.645362462194326,0.4742016204737886
57,s4_mixed_dynamic,4.86183044372369,6.506009930366596,False,False,True,graph_diffusion_3,64,4.724715753433258,6.647647677008094,0.30342830541658744
57,s4_mixed_dynamic,4.86183044372369,6.506009930366596,False,False,True,laplacian,64,4.724551994850103,6.644314692182711,0.4608908807188514
58,s4_mixed_dynamic,4.430966043559735,6.658303038540852,False,False,True,static_raw,64,4.102469292158767,6.750372920914084,0.5680693957571924
58,s4_mixed_dynamic,4.430966043559735,6.658303038540852,False,False,True,graph_diffusion_1,64,4.099394633429462,6.752340977561148,0.4341293669136476
58,s4_mixed_dynamic,4.430966043559735,6.658303038540852,False,False,True,graph_diffusion_3,64,4.093426145831096,6.756068694691514,0.27496619144255835
58,s4_mixed_dynamic,4.430966043559735,6.658303038540852,False,False,True,laplacian,64,4.102979793447019,6.748405027718178,0.42268868257177533
59,s4_mixed_dynamic,4.178500405215754,6.923849404304298,False,False,True,static_raw,74,4.6470791402838625,7.082378393199003,0.5035000953119614
59,s4_mixed_dynamic,4.178500405215754,6.923849404304298,False,False,True,graph_diffusion_1,74,4.646879526515467,7.083048307331966,0.3851295277443369
59,s4_mixed_dynamic,4.178500405215754,6.923849404304298,False,False,True,graph_diffusion_3,74,4.646196098833868,7.088595591817239,0.24572663201130615
59,s4_mixed_dynamic,4.178500405215754,6.923849404304298,False,False,True,laplacian,74,4.647123008361708,7.081349510391703,0.37544328943940786
60,s4_mixed_dynamic,3.960394580468616,7.038758843554683,False,False,True,static_raw,63,5.180332085188989,6.636129362444053,0.501551254990698
60,s4_mixed_dynamic,3.960394580468616,7.038758843554683,False,False,True,graph_diffusion_1,63,5.185070456955901,6.637829783355273,0.37643390052929665
60,s4_mixed_dynamic,3.960394580468616,7.038758843554683,False,False,True,graph_diffusion_3,63,5.194870310148999,6.641580129473807,0.2300291029172754
60,s4_mixed_dynamic,3.960394580468616,7.038758843554683,False,False,True,laplacian,63,5.179628616203069,6.635330246743602,0.36685650689350774
61,s4_mixed_dynamic,3.817436158029557,7.138548197645917,False,False,True,static_raw,63,4.139660062654823,7.060301140857164,0.5186489495954884
61,s4_mixed_dynamic,3.817436158029557,7.138548197645917,False,False,True,graph_diffusion_1,63,4.140096509188969,7.06008141378036,0.3964940823820016
61,s4_mixed_dynamic,3.817436158029557,7.138548197645917,False,False,True,graph_diffusion_3,63,4.1410368677623355,7.059827364356863,0.2512496516170429
61,s4_mixed_dynamic,3.817436158029557,7.138548197645917,False,False,True,laplacian,63,4.139716233822206,7.0550734990067765,0.38593534196451534
62,s4_mixed_dynamic,3.501130686893392,7.317553093393935,False,False,True,static_raw,73,4.187237657927824,7.221815454182352,0.5590219475483625
62,s4_mixed_dynamic,3.501130686893392,7.317553093393935,False,False,True,graph_diffusion_1,73,4.1874266854711975,7.222451572552946,0.42448693340196786
62,s4_mixed_dynamic,3.501130686893392,7.317553093393935,False,False,True,graph_diffusion_3,73,4.186783805063029,7.228276030275114,0.2662905774626958
62,s4_mixed_dynamic,3.501130686893392,7.317553093393935,False,False,True,laplacian,73,4.187271475305769,7.220871230987962,0.41361407428711916
63,s4_mixed_dynamic,3.301420995394072,7.433470647673615,False,False,True,static_raw,73,4.7456601129778,7.711604723644715,0.5292403822357234
63,s4_mixed_dynamic,3.301420995394072,7.433470647673615,False,False,True,graph_diffusion_1,73,4.749098383589726,7.708509821020524,0.3985435031826818
63,s4_mixed_dynamic,3.301420995394072,7.433470647673615,False,False,True,graph_diffusion_3,73,4.754551329156059,7.704926261914793,0.24499346119269405
63,s4_mixed_dynamic,3.301420995394072,7.433470647673615,False,False,True,laplacian,73,4.745469155648862,7.702348988590548,0.38847374048529393
64,s4_mixed_dynamic,2.9801326529816508,7.690884577841307,False,False,True,static_raw,72,3.9952315330620425,7.740723582406151,0.5270289629038233
64,s4_mixed_dynamic,2.9801326529816508,7.690884577841307,False,False,True,graph_diffusion_1,72,4.001001818656967,7.737470865394002,0.39843859177444674
64,s4_mixed_dynamic,2.9801326529816508,7.690884577841307,False,False,True,graph_diffusion_3,72,4.002218264491346,7.731379472395486,0.24635049521967622
64,s4_mixed_dynamic,2.9801326529816508,7.690884577841307,False,False,True,laplacian,72,3.99514137962704,7.729233688627075,0.3886403802577955
65,s4_mixed_dynamic,2.825515965506124,7.887436491509548,False,True,True,static_raw,82,2.9606165958202433,8.422948490636973,0.5987254404118912
65,s4_mixed_dynamic,2.825515965506124,7.887436491509548,False,True,True,graph_diffusion_1,82,2.9545009101242865,8.426209700838562,0.454280978467438
65,s4_mixed_dynamic,2.825515965506124,7.887436491509548,False,True,True,graph_diffusion_3,82,2.940092783958011,8.41917409393505,0.2870701037989726
65,s4_mixed_dynamic,2.825515965506124,7.887436491509548,False,True,True,laplacian,82,2.961230367671356,8.404819235982083,0.44735929219422843
66,s4_mixed_dynamic,2.7289097443354,8.069919722795287,False,True,True,static_raw,82,3.7695777970459954,8.46924156778955,0.5238814472704517
66,s4_mixed_dynamic,2.7289097443354,8.069919722795287,False,True,True,graph_diffusion_1,82,3.756525358737734,8.469728984739293,0.39397850801256007
66,s4_mixed_dynamic,2.7289097443354,8.069919722795287,False,True,True,graph_diffusion_3,82,3.733299593418845,8.458245469674326,0.2449386520413971
66,s4_mixed_dynamic,2.7289097443354,8.069919722795287,False,True,True,laplacian,82,3.7698966461318375,8.44911294398073,0.3877132224363008
67,s4_mixed_dynamic,2.632696225741202,8.126714841624567,False,True,True,static_raw,54,4.0608455493618605,6.385382992395448,0.5068741017136853
67,s4_mixed_dynamic,2.632696225741202,8.126714841624567,False,True,True,graph_diffusion_1,54,4.0579898346024725,6.387916185703826,0.3841891163553225
67,s4_mixed_dynamic,2.632696225741202,8.126714841624567,False,True,True,graph_diffusion_3,54,4.051877312743259,6.392953864976789,0.24034850134855287
67,s4_mixed_dynamic,2.632696225741202,8.126714841624567,False,True,True,laplacian,54,4.061201582356475,6.382541373107132,0.3746817349823349
68,s4_mixed_dynamic,2.546782184357937,8.26682174955117,False,True,True,static_raw,94,4.31968545183901,8.969918769434772,0.5000007185002898
68,s4_mixed_dynamic,2.546782184357937,8.26682174955117,False,True,True,graph_diffusion_1,94,4.316840915259114,8.922542503586751,0.3844141733174035
68,s4_mixed_dynamic,2.546782184357937,8.26682174955117,False,True,True,graph_diffusion_3,94,4.310955918113907,8.835473423037737,0.2520679475710316
68,s4_mixed_dynamic,2.546782184357937,8.26682174955117,False,True,True,laplacian,94,4.319786622664057,8.907895739956803,0.39686094214444767
69,s4_mixed_dynamic,2.27418996039954,8.37225686434336,False,True,True,static_raw,94,3.1908930784715746,7.558126033345042,0.499999999951
69,s4_mixed_dynamic,2.27418996039954,8.37225686434336,False,True,True,graph_diffusion_1,94,3.1763910595689313,7.502210582434573,0.3780600577171388
69,s4_mixed_dynamic,2.27418996039954,8.37225686434336,False,True,True,graph_diffusion_3,94,3.156938250069365,7.406201665947972,0.23739804045196067
69,s4_mixed_dynamic,2.27418996039954,8.37225686434336,False,True,True,laplacian,94,3.2005087532709555,7.512252747542578,0.39154228523265555
70,s4_mixed_dynamic,1.983341499407463,8.675376081434486,False,True,True,static_raw,82,3.748182207000309,8.715645315799204,0.2936648911585155
70,s4_mixed_dynamic,1.983341499407463,8.675376081434486,False,True,True,graph_diffusion_1,82,3.7207802306274,8.704900039540481,0.2364297056463305
70,s4_mixed_dynamic,1.983341499407463,8.675376081434486,False,True,True,graph_diffusion_3,82,3.673251039982427,8.673192330975562,0.16445690549195538
70,s4_mixed_dynamic,1.983341499407463,8.675376081434486,False,True,True,laplacian,82,3.749018749542738,8.684218602542378,0.23273654972125346
71,s4_mixed_dynamic,1.744329000013852,8.930180832821591,False,True,True,static_raw,81,2.0756317804371682,8.590988029276572,0.5790345753821636
71,s4_mixed_dynamic,1.744329000013852,8.930180832821591,False,True,True,graph_diffusion_1,81,2.060088514645151,8.584865266069274,0.43639714440515964
71,s4_mixed_dynamic,1.744329000013852,8.930180832821591,False,True,True,graph_diffusion_3,81,2.044185460716914,8.563413929472137,0.2755602257508097
71,s4_mixed_dynamic,1.744329000013852,8.930180832821591,False,True,True,laplacian,81,2.0897646841551842,8.565292857000948,0.43504612022473854
72,s4_mixed_dynamic,1.602113947159951,9.055786330292069,False,True,True,static_raw,81,2.0638359009555662,7.905896893892403,0.544930509137644
72,s4_mixed_dynamic,1.602113947159951,9.055786330292069,False,True,True,graph_diffusion_1,81,2.0403494245654428,7.928004861452484,0.40578822594184666
72,s4_mixed_dynamic,1.602113947159951,9.055786330292069,False,True,True,graph_diffusion_3,81,2.0119794205915795,7.955050109347969,0.25033761921640224
72,s4_mixed_dynamic,1.602113947159951,9.055786330292069,False,True,True,laplacian,81,2.07168891381681,7.897793007670387,0.4051574848500095
73,s4_mixed_dynamic,1.462387084551268,9.271459793115136,False,True,True,static_raw,91,1.041387335835039,8.05404537929902,0.5002011286476414
73,s4_mixed_dynamic,1.462387084551268,9.271459793115136,False,True,True,graph_diffusion_1,91,1.059044619403254,8.048816117907949,0.37609726506338187
73,s4_mixed_dynamic,1.462387084551268,9.271459793115136,False,True,True,graph_diffusion_3,91,1.1147632081607082,8.005530128600098,0.24321513359868402
73,s4_mixed_dynamic,1.462387084551268,9.271459793115136,False,True,True,laplacian,91,1.087749901735441,8.006011540758948,0.39378863643063794
74,s4_mixed_dynamic,1.3677759205754576,9.345398044743108,False,True,True,static_raw,80,1.6420741560245804,8.235549045879822,0.5070944498600721
74,s4_mixed_dynamic,1.3677759205754576,9.345398044743108,False,True,True,graph_diffusion_1,80,1.6605535849528437,8.255253494177028,0.37992710311312944
74,s4_mixed_dynamic,1.3677759205754576,9.345398044743108,False,True,True,graph_diffusion_3,80,1.721188169631886,8.251273053211937,0.2459524606415483
74,s4_mixed_dynamic,1.3677759205754576,9.345398044743108,False,True,True,laplacian,80,1.6904501027165433,8.221516839865007,0.40197779368491027
75,s4_mixed_dynamic,1.193435864873341,9.539142135458723,False,False,True,static_raw,91,3.086604806841987,8.628166412141095,0.282385044600113
75,s4_mixed_dynamic,1.193435864873341,9.539142135458723,False,False,True,graph_diffusion_1,91,3.0790132819411995,8.618402289211561,0.21464876074229886
75,s4_mixed_dynamic,1.193435864873341,9.539142135458723,False,False,True,graph_diffusion_3,91,3.115384022032662,8.572153320634497,0.150467781275848
75,s4_mixed_dynamic,1.193435864873341,9.539142135458723,False,False,True,laplacian,91,3.1109341743405228,8.588067853789639,0.2283770263147178
76,s4_mixed_dynamic,1.150518127759666,9.753199891650477,False,False,True,static_raw,90,1.0800967160541761,8.715952721328977,0.5791137350303641
76,s4_mixed_dynamic,1.150518127759666,9.753199891650477,False,False,True,graph_diffusion_1,90,1.166917691849391,8.63166949282948,0.4718285366911191
76,s4_mixed_dynamic,1.150518127759666,9.753199891650477,False,False,True,graph_diffusion_3,90,1.3094788047431,8.499971598000728,0.33723912989988303
76,s4_mixed_dynamic,1.150518127759666,9.753199891650477,False,False,True,laplacian,90,1.1552708627145585,8.659082645648704,0.49738362627957516
77,s4_mixed_dynamic,1.0200771388428047,9.32054069697821,False,False,True,static_raw,91,3.574073530370316,9.255021674856234,0.5038428028978607
77,s4_mixed_dynamic,1.0200771388428047,9.32054069697821,False,False,True,graph_diffusion_1,91,3.48855438940501,9.200113380365497,0.39138176131562613
77,s4_mixed_dynamic,1.0200771388428047,9.32054069697821,False,False,True,graph_diffusion_3,91,3.413974428981378,9.091431435219715,0.2668200151305694
77,s4_mixed_dynamic,1.0200771388428047,9.32054069697821,False,False,True,laplacian,91,3.5732801556528613,9.180219536559665,0.40348881228077405
78,s4_mixed_dynamic,1.0163167110460578,8.891589654872902,False,False,True,static_raw,91,1.6281233337664545,9.08907307282459,0.536371908483327
78,s4_mixed_dynamic,1.0163167110460578,8.891589654872902,False,False,True,graph_diffusion_1,91,1.6265175029038361,9.04528561579256,0.416560881864912
78,s4_mixed_dynamic,1.0163167110460578,8.891589654872902,False,False,True,graph_diffusion_3,91,1.6577826658412704,8.951541963177181,0.28715319192153116
78,s4_mixed_dynamic,1.0163167110460578,8.891589654872902,False,False,True,laplacian,91,1.6591594145286612,9.022316451103721,0.4333143629602688
79,s4_mixed_dynamic,0.924713747694749,8.59768007556741,False,False,True,static_raw,80,1.2275029044322234,8.189234168706793,0.5637743653985791
79,s4_mixed_dynamic,0.924713747694749,8.59768007556741,False,False,True,graph_diffusion_1,80,1.2629300929184812,8.207336586083633,0.4303913760231223
79,s4_mixed_dynamic,0.924713747694749,8.59768007556741,False,False,True,graph_diffusion_3,80,1.3470034162628808,8.199701794936617,0.28762114403334094
79,s4_mixed_dynamic,0.924713747694749,8.59768007556741,False,False,True,laplacian,80,1.2901969865570408,8.175464178521846,0.4522545980447199
80,s4_mixed_dynamic,0.8587932848384436,8.309492250468066,True,False,True,static_raw,80,0.7629881733245341,6.887694968177459,0.501269482038808
80,s4_mixed_dynamic,0.8587932848384436,8.309492250468066,True,False,True,graph_diffusion_1,80,0.8107060772063318,6.929188303877262,0.3740800067642612
80,s4_mixed_dynamic,0.8587932848384436,8.309492250468066,True,False,True,graph_diffusion_3,80,0.9094597960934984,6.945434379323878,0.23837397854187797
80,s4_mixed_dynamic,0.8587932848384436,8.309492250468066,True,False,True,laplacian,80,0.83740485805941,6.883811349747208,0.3937043915948695
81,s4_mixed_dynamic,0.81627749478909,8.156860831751935,True,False,True,static_raw,80,0.8000827784489122,6.3176593159332946,0.49963217889587125
81,s4_mixed_dynamic,0.81627749478909,8.156860831751935,True,False,True,graph_diffusion_1,80,0.8435162095659773,6.363092815768684,0.37119140601048606
81,s4_mixed_dynamic,0.81627749478909,8.156860831751935,True,False,True,graph_diffusion_3,80,0.9358115653781386,6.377412251316865,0.2339294991996139
81,s4_mixed_dynamic,0.81627749478909,8.156860831751935,True,False,True,laplacian,80,0.8701775713566177,6.313803453364863,0.39148286089592
82,s4_mixed_dynamic,0.7791067822290139,7.720868059364907,True,False,True,static_raw,70,0.6039105130016938,6.595694003685772,0.528530734255686
82,s4_mixed_dynamic,0.7791067822290139,7.720868059364907,True,False,True,graph_diffusion_1,70,0.6644429431253143,6.5919490796729034,0.4137557370487942
82,s4_mixed_dynamic,0.7791067822290139,7.720868059364907,True,False,True,graph_diffusion_3,70,0.7759069074945036,6.598081486162305,0.27805031653266876
82,s4_mixed_dynamic,0.7791067822290139,7.720868059364907,True,False,True,laplacian,70,0.6888079582792608,6.59513538817634,0.42234250444313765
83,s4_mixed_dynamic,0.7725832732667287,7.601013716381842,True,False,True,static_raw,70,0.5266494506596023,6.14024462682493,0.5026665884999972
83,s4_mixed_dynamic,0.7725832732667287,7.601013716381842,True,False,True,graph_diffusion_1,70,0.5893212038920276,6.138609951325094,0.38663336038293605
83,s4_mixed_dynamic,0.7725832732667287,7.601013716381842,True,False,True,graph_diffusion_3,70,0.7052309310014849,6.149902192881582,0.25120750602152736
83,s4_mixed_dynamic,0.7725832732667287,7.601013716381842,True,False,True,laplacian,70,0.6161060201296713,6.139913368453465,0.3958491050847621
84,s4_mixed_dynamic,0.7627039962883997,7.197470289024447,True,False,True,static_raw,70,1.138166702684535,8.015486828074321,0.5838191200999407
84,s4_mixed_dynamic,0.7627039962883997,7.197470289024447,True,False,True,graph_diffusion_1,70,1.1873582233052566,7.986256544490225,0.46381001724909365
84,s4_mixed_dynamic,0.7627039962883997,7.197470289024447,True,False,True,graph_diffusion_3,70,1.2802864226443367,7.946039347310742,0.3174398642053303
84,s4_mixed_dynamic,0.7627039962883997,7.197470289024447,True,False,True,laplacian,70,1.2160683376609265,7.994434441436585,0.4678864866688512
85,s4_mixed_dynamic,0.7476353326675488,6.81635623556896,True,False,True,static_raw,70,2.036142868827723,4.232338873842886,0.49841093196610387
85,s4_mixed_dynamic,0.7476353326675488,6.81635623556896,True,False,True,graph_diffusion_1,70,2.0765259972427472,4.237184991712709,0.379536208912195
85,s4_mixed_dynamic,0.7476353326675488,6.81635623556896,True,False,True,graph_diffusion_3,70,2.141693670734846,4.27271576426681,0.24015082393786397
85,s4_mixed_dynamic,0.7476353326675488,6.81635623556896,True,False,True,laplacian,70,2.0826021855914854,4.2637358377137895,0.39030996597631795
86,s4_mixed_dynamic,0.9137967078421534,6.526476621576835,True,False,True,static_raw,60,2.139788267081897,7.978443677465997,0.5000002994641033
86,s4_mixed_dynamic,0.9137967078421534,6.526476621576835,True,False,True,graph_diffusion_1,60,2.1820064205047243,7.947302089377259,0.382214831674861
86,s4_mixed_dynamic,0.9137967078421534,6.526476621576835,True,False,True,graph_diffusion_3,60,2.25579024180267,7.885607345905866,0.2450228635294853
86,s4_mixed_dynamic,0.9137967078421534,6.526476621576835,True,False,True,laplacian,60,2.1917383730963866,7.934394008166884,0.39163970598561765
87,s4_mixed_dynamic,0.9814448940362952,6.408314414612691,True,False,True,static_raw,60,0.5018352431668605,5.699181021129109,0.5256614765679488
87,s4_mixed_dynamic,0.9814448940362952,6.408314414612691,True,False,True,graph_diffusion_1,60,0.565595463012351,5.699027769820447,0.4166291768397796
87,s4_mixed_dynamic,0.9814448940362952,6.408314414612691,True,False,True,graph_diffusion_3,60,0.6840708659696477,5.699415017754423,0.2878017048978408
87,s4_mixed_dynamic,0.9814448940362952,6.408314414612691,True,False,True,laplacian,60,0.5932920534641717,5.6990993239830745,0.4230879773857915
88,s4_mixed_dynamic,0.9671035937632008,6.25639909336203,True,False,True,static_raw,60,2.4728527002772567,6.830851109391817,0.5000000032187965
88,s4_mixed_dynamic,0.9671035937632008,6.25639909336203,True,False,True,graph_diffusion_1,60,2.5253043107272655,6.834591653263527,0.37891035854712496
88,s4_mixed_dynamic,0.9671035937632008,6.25639909336203,True,False,True,graph_diffusion_3,60,2.6184401833985382,6.8441140251794526,0.23849202562355468
88,s4_mixed_dynamic,0.9671035937632008,6.25639909336203,True,False,True,laplacian,60,2.518664012608464,6.830558120501265,0.3915621413223525
89,s4_mixed_dynamic,0.8389880226292726,6.148385963144225,True,False,True,static_raw,60,0.7568748002580753,7.076151560786565,0.5656491131693575
89,s4_mixed_dynamic,0.8389880226292726,6.148385963144225,True,False,True,graph_diffusion_1,60,0.8092410347370743,7.084375722586384,0.4409067289536337
89,s4_mixed_dynamic,0.8389880226292726,6.148385963144225,True,False,True,graph_diffusion_3,60,0.9075043954072336,7.093064950764282,0.29526192278546104
89,s4_mixed_dynamic,0.8389880226292726,6.148385963144225,True,False,True,laplacian,60,0.8291240434237177,7.069494561025399,0.4530565556104806
90,s4_mixed_dynamic,0.7861139584550364,6.029557626249291,True,False,True,static_raw,60,4.773750083355511,7.906805753411331,0.4999999999514597
90,s4_mixed_dynamic,0.7861139584550364,6.029557626249291,True,False,True,graph_diffusion_1,60,4.760010267327177,7.8668911529185905,0.38464809681886647
90,s4_mixed_dynamic,0.7861139584550364,6.029557626249291,True,False,True,graph_diffusion_3,60,4.745137241821358,7.79824355204534,0.2481678569220402
90,s4_mixed_dynamic,0.7861139584550364,6.029557626249291,True,False,True,laplacian,60,4.791262542366171,7.868227394413121,0.3915388670492714
91,s4_mixed_dynamic,0.5294466000344179,5.720236711904748,True,False,True,static_raw,50,0.528263666433802,7.0995920366930925,0.5023053564471636
91,s4_mixed_dynamic,0.5294466000344179,5.720236711904748,True,False,True,graph_diffusion_1,50,0.596379288850906,7.059952313888728,0.3897239642963756
91,s4_mixed_dynamic,0.5294466000344179,5.720236711904748,True,False,True,graph_diffusion_3,50,0.7211612915506693,6.999051760962729,0.2561880739645679
91,s4_mixed_dynamic,0.5294466000344179,5.720236711904748,True,False,True,laplacian,50,0.6178973542815066,7.0763280372127575,0.39526692031290256
92,s4_mixed_dynamic,0.3293247936064994,5.560327763194732,False,False,True,static_raw,50,0.8286974955382606,5.890085909612503,0.5728312090714609
92,s4_mixed_dynamic,0.3293247936064994,5.560327763194732,False,False,True,graph_diffusion_1,50,0.8809460213994643,5.89346923983963,0.44957763954101854
92,s4_mixed_dynamic,0.3293247936064994,5.560327763194732,False,False,True,graph_diffusion_3,50,0.9780317186110918,5.898938715925334,0.30424290160863937
92,s4_mixed_dynamic,0.3293247936064994,5.560327763194732,False,False,True,laplacian,50,0.8997707826983709,5.889350973415066,0.46020093088903125
93,s4_mixed_dynamic,0.6891556094303306,5.713873939695236,False,False,True,static_raw,51,1.196569875253495,5.485844336880575,0.5606489098151335
93,s4_mixed_dynamic,0.6891556094303306,5.713873939695236,False,False,True,graph_diffusion_1,51,1.2135756677991991,5.485309126102971,0.4321711490273402
93,s4_mixed_dynamic,0.6891556094303306,5.713873939695236,False,False,True,graph_diffusion_3,51,1.2543556737479833,5.48476771891128,0.2823567779134488
93,s4_mixed_dynamic,0.6891556094303306,5.713873939695236,False,False,True,laplacian,51,1.232631560382016,5.485751879473769,0.4236088238455516
94,s4_mixed_dynamic,1.0477753389991804,5.908021820551629,False,False,True,static_raw,60,0.7753654750582938,6.995589870681997,0.5638993852248113
94,s4_mixed_dynamic,1.0477753389991804,5.908021820551629,False,False,True,graph_diffusion_1,60,0.8290008151621832,6.998149271171948,0.4414577937546098
94,s4_mixed_dynamic,1.0477753389991804,5.908021820551629,False,False,True,graph_diffusion_3,60,0.9291124320182141,6.999086004838256,0.29772306076374255
94,s4_mixed_dynamic,1.0477753389991804,5.908021820551629,False,False,True,laplacian,60,0.8484031678267524,6.989702908394819,0.4524985514465034
95,s4_mixed_dynamic,1.1737333040654978,5.864498848416995,False,False,True,static_raw,51,1.4198718602684532,5.57235409023511,0.5836327878913276
95,s4_mixed_dynamic,1.1737333040654978,5.864498848416995,False,False,True,graph_diffusion_1,51,1.4256560015663888,5.5706857523849544,0.44656846766995095
95,s4_mixed_dynamic,1.1737333040654978,5.864498848416995,False,False,True,graph_diffusion_3,51,1.4484362639066048,5.5684246981192045,0.28743410382135115
95,s4_mixed_dynamic,1.1737333040654978,5.864498848416995,False,False,True,laplacian,51,1.445969478077705,5.57220842279768,0.4387266638378167
96,s4_mixed_dynamic,1.47036086082882,5.76071034330818,False,False,True,static_raw,51,2.420759339331744,4.702935222663608,0.5150730998169765
96,s4_mixed_dynamic,1.47036086082882,5.76071034330818,False,False,True,graph_diffusion_1,51,2.401344133421353,4.7106720955974115,0.3852468997128511
96,s4_mixed_dynamic,1.47036086082882,5.76071034330818,False,False,True,graph_diffusion_3,51,2.382581214885493,4.720712033835345,0.2374291453251076
96,s4_mixed_dynamic,1.47036086082882,5.76071034330818,False,False,True,laplacian,51,2.4268727679057758,4.703500650499123,0.3794545771843415
97,s4_mixed_dynamic,1.73897566506975,5.580146044809712,False,False,True,static_raw,51,2.530814935540068,5.254891601336604,0.4151435650159679
97,s4_mixed_dynamic,1.73897566506975,5.580146044809712,False,False,True,graph_diffusion_1,51,2.5132979994358444,5.25710781092036,0.32076469346439773
97,s4_mixed_dynamic,1.73897566506975,5.580146044809712,False,False,True,graph_diffusion_3,51,2.49392076214562,5.260259665650897,0.20928675177468659
97,s4_mixed_dynamic,1.73897566506975,5.580146044809712,False,False,True,laplacian,51,2.535087475338584,5.254889735078174,0.314431345182924
98,s4_mixed_dynamic,1.9510251970162544,5.5131699721219976,False,False,True,static_raw,51,1.6635298954186575,6.417802499440002,0.5091135574200271
98,s4_mixed_dynamic,1.9510251970162544,5.5131699721219976,False,False,True,graph_diffusion_1,51,1.6530410919285627,6.414642518886405,0.3806232967852597
98,s4_mixed_dynamic,1.9510251970162544,5.5131699721219976,False,False,True,graph_diffusion_3,51,1.6510131511162818,6.409126404349882,0.23563372562876628
98,s4_mixed_dynamic,1.9510251970162544,5.5131699721219976,False,False,True,laplacian,51,1.6771851121815176,6.413756126035316,0.3765866693116681
99,s4_mixed_dynamic,2.1646829484831067,5.499706273056468,False,False,True,static_raw,52,2.0457367294158284,5.320114452420124,0.5344738198984998
99,s4_mixed_dynamic,2.1646829484831067,5.499706273056468,False,False,True,graph_diffusion_1,52,2.0557070957911345,5.319607255311829,0.4103979238223571
99,s4_mixed_dynamic,2.1646829484831067,5.499706273056468,False,False,True,graph_diffusion_3,52,2.073803481121332,5.319124775335692,0.26310342594610003
99,s4_mixed_dynamic,2.1646829484831067,5.499706273056468,False,False,True,laplacian,52,2.062780654835291,5.320096656014836,0.3995304183012882
