t,scenario,true_x,true_y,wifi_degraded,vlp_blocked,mixed_dynamic,gsp_method,pred_cell_id,pred_x,pred_y,max_prob
0,s1_clean,3.50146586178358,2.794545781008381,False,False,False,static_raw,23,2.9375514900468844,2.3249424879990737,0.5240049126319464
0,s1_clean,3.50146586178358,2.794545781008381,False,False,False,graph_diffusion_1,23,2.9405704629255816,2.330987531580991,0.4033157906782313
0,s1_clean,3.50146586178358,2.794545781008381,False,False,False,graph_diffusion_3,23,2.9458455084953634,2.3385704035044736,0.2585148606483653
0,s1_clean,3.50146586178358,2.794545781008381,False,False,False,laplacian,23,2.9442684397691097,2.3349945093564695,0.3922656634671168
1,s1_clean,3.8334314692961406,3.0879105600798664,False,False,False,static_raw,33,4.239569678819964,2.99230550238662,0.5153860649333832
1,s1_clean,3.8334314692961406,3.0879105600798664,False,False,False,graph_diffusion_1,33,4.240611939756686,2.9914306679887694,0.39025895238775443
1,s1_clean,3.8334314692961406,3.0879105600798664,False,False,False,graph_diffusion_3,33,4.24229927586938,2.991348645619259,0.24417217116758888
1,s1_clean,3.8334314692961406,3.0879105600798664,False,False,False,laplacian,33,4.239597988585724,2.9970923426990748,0.3807546256181002
2,s1_clean,4.0456173120900445,3.1263296245930507,False,False,False,static_raw,33,3.9469519993385087,2.5886603865720326,0.4018576102586017
2,s1_clean,4.0456173120900445,3.1263296245930507,False,False,False,graph_diffusion_1,33,3.947062216630631,2.5946354479639915,0.3071995710833197
2,s1_clean,4.0456173120900445,3.1263296245930507,False,False,False,graph_diffusion_3,33,3.947136495719786,2.606615164179499,0.1977982810089621
2,s1_clean,4.0456173120900445,3.1263296245930507,False,False,False,laplacian,33,3.947213852347106,2.6006193188805935,0.3002958845050027
3,s1_clean,4.42592581634721,3.113695449768073,False,False,False,static_raw,24,3.8753260331332764,3.3822879620945843,0.521990692669944
3,s1_clean,4.42592581634721,3.113695449768073,False,False,False,graph_diffusion_1,24,3.875879263674355,3.383008211648387,0.3958547705196752
3,s1_clean,4.42592581634721,3.113695449768073,False,False,False,graph_diffusion_3,24,3.8788751294014125,3.379255737103502,0.24723908535698366
3,s1_clean,4.42592581634721,3.113695449768073,False,False,False,laplacian,24,3.8793288196250693,3.3829658828577176,0.38556169758758063
4,s1_clean,4.708255729915193,3.19039433570727,False,False,False,static_raw,34,4.574788599141946,3.433263323304603,0.5970230904869649
4,s1_clean,4.708255729915193,3.19039433570727,False,False,False,graph_diffusion_1,34,4.574733473035194,3.432915690255417,0.45990553777503507
4,s1_clean,4.708255729915193,3.19039433570727,False,False,False,graph_diffusion_3,34,4.5746323492246574,3.4321908060461386,0.29577712343671175
4,s1_clean,4.708255729915193,3.19039433570727,False,False,False,laplacian,34,4.5749474816700495,3.4348545090449853,0.4471302650724362
5,s1_clean,4.978762662726669,3.137730843885924,False,False,False,static_raw,34,4.654093102685114,3.6836943639678243,0.5885655959679514
5,s1_clean,4.978762662726669,3.137730843885924,False,False,False,graph_diffusion_1,34,4.654052190639159,3.683338999272088,0.453477923562671
5,s1_clean,4.978762662726669,3.137730843885924,False,False,False,graph_diffusion_3,34,4.653957063771167,3.6823261852891753,0.2920604667528561
5,s1_clean,4.978762662726669,3.137730843885924,False,False,False,laplacian,34,4.654130296576316,3.6840508994023886,0.4408944491292635
6,s1_clean,5.202025987228208,3.1529819162085304,False,False,False,static_raw,35,5.133215968001507,3.5682791135008967,0.5717660657013046
6,s1_clean,5.202025987228208,3.1529819162085304,False,False,False,graph_diffusion_1,35,5.13301407909662,3.567704399957766,0.4401864665796963
6,s1_clean,5.202025987228208,3.1529819162085304,False,False,False,graph_diffusion_3,35,5.132532633899425,3.5663312617766625,0.2832797870555955
6,s1_clean,5.202025987228208,3.1529819162085304,False,False,False,laplacian,35,5.133256025556741,3.568916686084036,0.4281364622112424
7,s1_clean,5.347337808465035,3.292281793156062,False,False,False,static_raw,35,5.030375652648043,3.3609711386251986,0.554513100417879
7,s1_clean,5.347337808465035,3.292281793156062,False,False,False,graph_diffusion_1,35,5.029991531315769,3.360391970338608,0.4257261010677272
7,s1_clean,5.347337808465035,3.292281793156062,False,False,False,graph_diffusion_3,35,5.029154694835337,3.3593754609236446,0.2728487905157361
7,s1_clean,5.347337808465035,3.292281793156062,False,False,False,laplacian,35,5.030500975638404,3.3628193619393016,0.41439412860516617
8,s1_clean,5.716827179474,3.58088982297864,False,False,False,static_raw,35,5.311139498433603,3.948969310865923,0.5528321428172696
8,s1_clean,5.716827179474,3.58088982297864,False,False,False,graph_diffusion_1,35,5.311204917865493,3.9490795176584013,0.42428711151297105
8,s1_clean,5.716827179474,3.58088982297864,False,False,False,graph_diffusion_3,35,5.311319373522652,3.9490375971337497,0.27184897991664003
8,s1_clean,5.716827179474,3.58088982297864,False,False,False,laplacian,35,5.311088164214689,3.9490761952688294,0.4128624674896796
9,s1_clean,5.862414412197704,3.68421178879823,False,False,False,static_raw,35,5.986682668538042,3.9110843616785034,0.5455571974122512
9,s1_clean,5.862414412197704,3.68421178879823,False,False,False,graph_diffusion_1,35,5.988140730988208,3.9114459175821166,0.41771903266207816
9,s1_clean,5.862414412197704,3.68421178879823,False,False,False,graph_diffusion_3,35,5.990992437353805,3.9118408662157362,0.2665095443489953
9,s1_clean,5.862414412197704,3.68421178879823,False,False,False,laplacian,35,5.986062140757609,3.9111807303467163,0.40671054798783524
10,s1_clean,6.2621648807209205,3.865009897723677,False,False,False,static_raw,46,7.012922029864391,4.833161155038513,0.5325592527285552
10,s1_clean,6.2621648807209205,3.865009897723677,False,False,False,graph_diffusion_1,46,6.998826348100361,4.830586563934933,0.40468587947066215
10,s1_clean,6.2621648807209205,3.865009897723677,False,False,False,graph_diffusion_3,46,6.973118230943521,4.826474321661508,0.25372359361145913
10,s1_clean,6.2621648807209205,3.865009897723677,False,False,False,laplacian,46,6.996996036458187,4.8332574116416245,0.39312385124158505
11,s1_clean,6.386402797469953,4.000359969380765,False,False,False,static_raw,46,6.988670230876359,3.6794293702821292,0.5018917449483689
11,s1_clean,6.386402797469953,4.000359969380765,False,False,False,graph_diffusion_1,46,6.987321045158651,3.679742943256972,0.37815078944786396
11,s1_clean,6.386402797469953,4.000359969380765,False,False,False,graph_diffusion_3,46,6.984026349686117,3.680270352892016,0.23465197294037898
11,s1_clean,6.386402797469953,4.000359969380765,False,False,False,laplacian,46,6.982952340601266,3.68318444894084,0.36925888012251873
12,s1_clean,6.486403725025359,4.131792507959473,False,False,False,static_raw,46,6.490927108750049,3.7822389017599245,0.5220511117637596
12,s1_clean,6.486403725025359,4.131792507959473,False,False,False,graph_diffusion_1,46,6.491418993955254,3.780762900591928,0.3993570506912481
12,s1_clean,6.486403725025359,4.131792507959473,False,False,False,graph_diffusion_3,46,6.49263427769918,3.778138910225856,0.2545927308517808
12,s1_clean,6.486403725025359,4.131792507959473,False,False,False,laplacian,46,6.490302027151666,3.7840402470091443,0.3891858359982631
13,s1_clean,6.594101310260236,4.146666699824417,False,False,False,static_raw,47,7.507548804120221,4.310855830513424,0.5830565135712784
13,s1_clean,6.594101310260236,4.146666699824417,False,False,False,graph_diffusion_1,47,7.506737298866771,4.310863765240886,0.4483093947985162
13,s1_clean,6.594101310260236,4.146666699824417,False,False,False,graph_diffusion_3,47,7.50671002306213,4.310745108974934,0.28729276922441527
13,s1_clean,6.594101310260236,4.146666699824417,False,False,False,laplacian,47,7.501468683554424,4.311082719956759,0.4364347079386045
14,s1_clean,6.938536691705024,4.190811224101229,False,False,False,static_raw,47,7.17421767131079,5.009685095231744,0.5253005016094435
14,s1_clean,6.938536691705024,4.190811224101229,False,False,False,graph_diffusion_1,47,7.176062405001338,5.010800101289589,0.4017507607510203
14,s1_clean,6.938536691705024,4.190811224101229,False,False,False,graph_diffusion_3,47,7.182669979952575,5.012090583074486,0.2558580006730695
14,s1_clean,6.938536691705024,4.190811224101229,False,False,False,laplacian,47,7.172482190522714,5.009653991595964,0.39161444108704224
15,s1_clean,7.095444556622987,4.3190830854397095,False,False,False,static_raw,47,7.564872309223761,4.727134722428149,0.5195753187983705
15,s1_clean,7.095444556622987,4.3190830854397095,False,False,False,graph_diffusion_1,47,7.5471963239838935,4.7237327967241205,0.3941651510432339
15,s1_clean,7.095444556622987,4.3190830854397095,False,False,False,graph_diffusion_3,47,7.518668775273787,4.718133668912094,0.24612819255631224
15,s1_clean,7.095444556622987,4.3190830854397095,False,False,False,laplacian,47,7.545006583797983,4.7281412690915126,0.38260242199690636
16,s1_clean,7.322508343984496,4.588300078241882,False,False,False,static_raw,47,7.6018832823985605,4.721719032092146,0.5801206674286787
16,s1_clean,7.322508343984496,4.588300078241882,False,False,False,graph_diffusion_1,47,7.600950194551666,4.722410751385152,0.4457263244531149
16,s1_clean,7.322508343984496,4.588300078241882,False,False,False,graph_diffusion_3,47,7.600000092991289,4.72301121002141,0.28540116300405466
16,s1_clean,7.322508343984496,4.588300078241882,False,False,False,laplacian,47,7.594568789208163,4.721723791606954,0.4340780271967402
17,s1_clean,7.446193242310456,4.675563891349093,False,False,False,static_raw,47,7.70214144889964,4.92262208675079,0.5516923071461467
17,s1_clean,7.446193242310456,4.675563891349093,False,False,False,graph_diffusion_1,47,7.699104812535786,4.923466087902555,0.4224804942854157
17,s1_clean,7.446193242310456,4.675563891349093,False,False,False,graph_diffusion_3,47,7.693937178250788,4.924086597581768,0.2692593305581115
17,s1_clean,7.446193242310456,4.675563891349093,False,False,False,laplacian,47,7.692251997072909,4.922584178127456,0.4116712856633632
18,s1_clean,7.634031718409139,4.77391982605946,False,False,False,static_raw,47,6.607777430458896,3.1364987204440067,0.5033093670561499
18,s1_clean,7.634031718409139,4.77391982605946,False,False,False,graph_diffusion_1,47,6.60803654951116,3.147084439726751,0.3784893268361693
18,s1_clean,7.634031718409139,4.77391982605946,False,False,False,graph_diffusion_3,47,6.613443003684629,3.170156769611711,0.23190039061235762
18,s1_clean,7.634031718409139,4.77391982605946,False,False,False,laplacian,47,6.607098375933258,3.151970078885691,0.3682680437843228
19,s1_clean,7.862727723450558,4.97492979510894,False,False,False,static_raw,57,7.304841286632411,5.235717992589099,0.5569636893364045
19,s1_clean,7.862727723450558,4.97492979510894,False,False,False,graph_diffusion_1,57,7.306196568381557,5.236012422243413,0.4278764795798342
19,s1_clean,7.862727723450558,4.97492979510894,False,False,False,graph_diffusion_3,57,7.310517956879029,5.236792991131747,0.27404350854941123
19,s1_clean,7.862727723450558,4.97492979510894,False,False,False,laplacian,57,7.301084093441536,5.235717758203168,0.4167176005999365
20,s1_clean,7.939266457295782,5.129541394281456,False,False,False,static_raw,58,8.444462382927199,5.8977792599568755,0.5350527578598486
20,s1_clean,7.939266457295782,5.129541394281456,False,False,False,graph_diffusion_1,58,8.445220191522095,5.89480091875494,0.40910834696763904
20,s1_clean,7.939266457295782,5.129541394281456,False,False,False,graph_diffusion_3,58,8.433018875781185,5.890678829694799,0.26311057407191063
20,s1_clean,7.939266457295782,5.129541394281456,False,False,False,laplacian,58,8.423814724864545,5.897069542077308,0.40243790958920295
21,s1_clean,8.011102297567714,5.276303396065385,False,False,False,static_raw,57,7.748634365704443,5.2037478864767746,0.3860465420700821
21,s1_clean,8.011102297567714,5.276303396065385,False,False,False,graph_diffusion_1,57,7.753690398715518,5.2046977423721446,0.3096122661725432
21,s1_clean,8.011102297567714,5.276303396065385,False,False,False,graph_diffusion_3,57,7.757439022016792,5.206153679240463,0.2134922448076255
21,s1_clean,8.011102297567714,5.276303396065385,False,False,False,laplacian,57,7.74029416740014,5.203752497013676,0.3014436245347298
22,s1_clean,8.343062278059984,5.445902988798278,False,False,False,static_raw,58,8.507513061265627,6.028802738795632,0.5467021312821174
22,s1_clean,8.343062278059984,5.445902988798278,False,False,False,graph_diffusion_1,58,8.508401575489492,6.02530625801828,0.41506736674140254
22,s1_clean,8.343062278059984,5.445902988798278,False,False,False,graph_diffusion_3,58,8.49566408335836,6.0203959613442,0.26391290203033224
22,s1_clean,8.343062278059984,5.445902988798278,False,False,False,laplacian,58,8.486474933692438,6.027670547051562,0.40898607312531887
23,s1_clean,8.52052164720882,5.6027346910434765,False,False,False,static_raw,58,8.396538189398733,5.455025834077423,0.5972842130138508
23,s1_clean,8.52052164720882,5.6027346910434765,False,False,False,graph_diffusion_1,58,8.403524338042857,5.455781079849659,0.4558451190364057
23,s1_clean,8.52052164720882,5.6027346910434765,False,False,False,graph_diffusion_3,58,8.400886799931838,5.457038767342256,0.2918912821057723
23,s1_clean,8.52052164720882,5.6027346910434765,False,False,False,laplacian,58,8.38094873016844,5.454985890370768,0.4489451281548471
24,s1_clean,8.840063415262575,5.876328672083288,False,False,False,static_raw,58,8.488036288937039,5.813132207990045,0.5724969404967893
24,s1_clean,8.840063415262575,5.876328672083288,False,False,False,graph_diffusion_1,58,8.489257337454886,5.810769933120603,0.4364102606604763
24,s1_clean,8.840063415262575,5.876328672083288,False,False,False,graph_diffusion_3,58,8.477351259652089,5.807787597907539,0.27911201516603346
24,s1_clean,8.840063415262575,5.876328672083288,False,False,False,laplacian,58,8.46752337635176,5.812714141458272,0.4295940339481462
25,s1_clean,9.133542118122302,6.275738550131283,False,False,False,static_raw,69,9.348745190422058,7.264544093803236,0.558436530190587
25,s1_clean,9.133542118122302,6.275738550131283,False,False,False,graph_diffusion_1,69,9.287802228795897,7.254457449252867,0.43897727277022236
25,s1_clean,9.133542118122302,6.275738550131283,False,False,False,graph_diffusion_3,69,9.174630346432023,7.235404841169725,0.2973077692532258
25,s1_clean,9.133542118122302,6.275738550131283,False,False,False,laplacian,69,9.265356225531535,7.252529065292937,0.4470720938283137
26,s1_clean,9.35618800793218,6.65718067016028,False,False,False,static_raw,69,9.343088650671547,7.2222398085103805,0.5597065478069073
26,s1_clean,9.35618800793218,6.65718067016028,False,False,False,graph_diffusion_1,69,9.283054497643814,7.215343198613846,0.4396363887016731
26,s1_clean,9.35618800793218,6.65718067016028,False,False,False,graph_diffusion_3,69,9.171549389745863,7.200936485141826,0.2975712207169405
26,s1_clean,9.35618800793218,6.65718067016028,False,False,False,laplacian,69,9.261205967259722,7.211439218769111,0.44837249838091475
27,s1_clean,9.561103088027537,7.107641397521033,False,False,False,static_raw,79,8.681799659847284,5.9010288833796185,0.5002228400916658
27,s1_clean,9.561103088027537,7.107641397521033,False,False,False,graph_diffusion_1,79,8.63724456203659,5.88222527483131,0.3788914948512974
27,s1_clean,9.561103088027537,7.107641397521033,False,False,False,graph_diffusion_3,79,8.559561854590406,5.865807188488359,0.23810999739372404
27,s1_clean,9.561103088027537,7.107641397521033,False,False,False,laplacian,79,8.62700571346467,5.9008311671845535,0.3921079606544368
28,s1_clean,9.62294450389752,7.287936096739562,False,False,False,static_raw,79,9.468886594896608,6.767806870407266,0.5498659889852573
28,s1_clean,9.62294450389752,7.287936096739562,False,False,False,graph_diffusion_1,79,9.406142983382972,6.766150835747652,0.4344655974380188
28,s1_clean,9.62294450389752,7.287936096739562,False,False,False,graph_diffusion_3,79,9.290147530248767,6.774979843797789,0.29612240556992575
28,s1_clean,9.62294450389752,7.287936096739562,False,False,False,laplacian,79,9.379616386582237,6.766614822016651,0.4416370719644824
29,s1_clean,9.567042849149868,7.590650497286169,False,False,False,static_raw,79,9.002615242518454,7.342225698060854,0.5969493897554917
29,s1_clean,9.567042849149868,7.590650497286169,False,False,False,graph_diffusion_1,79,8.947631109422565,7.337666430799029,0.46844758982726525
29,s1_clean,9.567042849149868,7.590650497286169,False,False,False,graph_diffusion_3,79,8.848642164725764,7.336697038538845,0.3148624175502426
29,s1_clean,9.567042849149868,7.590650497286169,False,False,False,laplacian,79,8.930870319553414,7.337374681077234,0.479067857841104
30,s1_clean,9.368809486427658,7.926124173973704,False,False,False,static_raw,89,8.57044536391703,8.126246957738532,0.48033879289177994
30,s1_clean,9.368809486427658,7.926124173973704,False,False,False,graph_diffusion_1,89,8.53364708572751,8.140368321378803,0.3778889263360388
30,s1_clean,9.368809486427658,7.926124173973704,False,False,False,graph_diffusion_3,89,8.449360658457994,8.132227687445539,0.26361031743576274
30,s1_clean,9.368809486427658,7.926124173973704,False,False,False,laplacian,89,8.508081603175972,8.112286166908742,0.392261982978476
31,s1_clean,9.317903367352146,8.04732779879347,False,False,False,static_raw,89,7.956694702149777,8.68540801749145,0.31650710046743463
31,s1_clean,9.317903367352146,8.04732779879347,False,False,False,graph_diffusion_1,89,7.93164489220789,8.66568707558854,0.2692259807700455
31,s1_clean,9.317903367352146,8.04732779879347,False,False,False,graph_diffusion_3,89,7.87091034900241,8.61326768719899,0.21168531427100884
31,s1_clean,9.317903367352146,8.04732779879347,False,False,False,laplacian,89,7.902355558635356,8.645159945951297,0.2719112727814517
32,s1_clean,9.186332412855084,8.43241929333643,False,False,False,static_raw,89,8.988861079372835,7.6143874367528985,0.521654325900771
32,s1_clean,9.186332412855084,8.43241929333643,False,False,False,graph_diffusion_1,89,8.953924116919078,7.643689857944713,0.3928323965659785
32,s1_clean,9.186332412855084,8.43241929333643,False,False,False,graph_diffusion_3,89,8.873184167108967,7.64955482195353,0.25612828620878003
32,s1_clean,9.186332412855084,8.43241929333643,False,False,False,laplacian,89,8.926743991442974,7.60896967322498,0.41438688297839726
33,s1_clean,9.112727671229193,8.796655767469591,False,False,False,static_raw,89,8.189086121656118,8.639188977920966,0.5096232351673995
33,s1_clean,9.112727671229193,8.796655767469591,False,False,False,graph_diffusion_1,89,8.171512702495441,8.64356384257254,0.38379060906049617
33,s1_clean,9.112727671229193,8.796655767469591,False,False,False,graph_diffusion_3,89,8.109629603094325,8.617270172982103,0.25234431729567347
33,s1_clean,9.112727671229193,8.796655767469591,False,False,False,laplacian,89,8.139823715467122,8.611290734739988,0.40562380494743655
34,s1_clean,9.270799859312152,9.22745450829668,False,False,False,static_raw,89,9.294648266855248,7.946245728934328,0.5593346007476261
34,s1_clean,9.270799859312152,9.22745450829668,False,False,False,graph_diffusion_1,89,9.242617618480436,7.969617228714793,0.4319882691015557
34,s1_clean,9.270799859312152,9.22745450829668,False,False,False,graph_diffusion_3,89,9.136727076967972,7.969572269168272,0.2934752922445847
34,s1_clean,9.270799859312152,9.22745450829668,False,False,False,laplacian,89,9.215232037012498,7.935048217410081,0.4502382744340686
35,s1_clean,9.423420837008932,9.422997081607893,False,False,False,static_raw,99,8.441099922105288,9.357340042135087,0.7008706351032828
35,s1_clean,9.423420837008932,9.422997081607893,False,False,False,graph_diffusion_1,99,8.349029706732845,9.274916123992938,0.5775816706506937
35,s1_clean,9.423420837008932,9.422997081607893,False,False,False,graph_diffusion_3,99,8.204143963430862,9.13281751848566,0.4170622113387575
35,s1_clean,9.423420837008932,9.422997081607893,False,False,False,laplacian,99,8.376142340935957,9.276208998656749,0.6018248764214367
36,s1_clean,9.481110661263054,9.62212971253768,False,False,False,static_raw,99,8.125590692838706,9.131007871138639,0.6277648650685834
36,s1_clean,9.481110661263054,9.62212971253768,False,False,False,graph_diffusion_1,99,8.0252802936226,9.04986461895537,0.5138455775689641
36,s1_clean,9.481110661263054,9.62212971253768,False,False,False,graph_diffusion_3,99,7.872589818777785,8.915087383761167,0.36830009375740375
36,s1_clean,9.481110661263054,9.62212971253768,False,False,False,laplacian,99,8.064964415172984,9.061497033866111,0.539009260594952
37,s1_clean,9.541752579513968,9.92203908827878,False,False,False,static_raw,99,9.266190837875907,8.784722807619573,0.5684212881848028
37,s1_clean,9.541752579513968,9.92203908827878,False,False,False,graph_diffusion_1,99,9.190959630555266,8.70327437195977,0.46397302488105163
37,s1_clean,9.541752579513968,9.92203908827878,False,False,False,graph_diffusion_3,99,9.062901122672397,8.575415730445377,0.3342979365084599
37,s1_clean,9.541752579513968,9.92203908827878,False,False,False,laplacian,99,9.191801445924806,8.727419159599728,0.490330436276838
38,s1_clean,9.402562603553038,9.543991147418636,False,False,False,static_raw,99,9.168281419482344,8.654089662560287,0.5359987088071794
38,s1_clean,9.402562603553038,9.543991147418636,False,False,False,graph_diffusion_1,99,9.094969089272638,8.569860545783708,0.43251666594692156
38,s1_clean,9.402562603553038,9.543991147418636,False,False,False,graph_diffusion_3,99,8.972743528716915,8.440977493863215,0.3065193135151167
38,s1_clean,9.402562603553038,9.543991147418636,False,False,False,laplacian,99,9.099983134458498,8.600131074606864,0.4607372384738556
39,s1_clean,9.44479730227728,9.391504817262849,False,False,False,static_raw,99,8.656672380210527,9.301670740704544,0.5941474129916265
39,s1_clean,9.44479730227728,9.391504817262849,False,False,False,graph_diffusion_1,99,8.568203653242596,9.224105379800335,0.49193239952083273
39,s1_clean,9.44479730227728,9.391504817262849,False,False,False,graph_diffusion_3,99,8.430603507853698,9.09058718508014,0.3618690597010058
39,s1_clean,9.44479730227728,9.391504817262849,False,False,False,laplacian,99,8.597335413642549,9.224012751847553,0.5157866280411686
40,s1_clean,9.525454359161255,8.940867722935458,False,False,False,static_raw,89,9.166062844256395,7.70632730795084,0.5521877272467014
40,s1_clean,9.525454359161255,8.940867722935458,False,False,False,graph_diffusion_1,89,9.115921808380728,7.736982335245424,0.4237345268961209
40,s1_clean,9.525454359161255,8.940867722935458,False,False,False,graph_diffusion_3,89,9.011618028781491,7.746274479099376,0.28415019141835796
40,s1_clean,9.525454359161255,8.940867722935458,False,False,False,laplacian,89,9.08587598318857,7.698985860556513,0.44180766207194133
41,s1_clean,9.823585243977655,8.584999463128653,False,False,False,static_raw,99,8.656778305588201,8.709872620306806,0.5464160416368283
41,s1_clean,9.823585243977655,8.584999463128653,False,False,False,graph_diffusion_1,99,8.563558616713856,8.624524336179833,0.44099976844438876
41,s1_clean,9.823585243977655,8.584999463128653,False,False,False,graph_diffusion_3,99,8.418121548560292,8.492009261443089,0.31140560241724824
41,s1_clean,9.823585243977655,8.584999463128653,False,False,False,laplacian,99,8.593699541542147,8.653517609334637,0.46917748882519494
42,s1_clean,9.694700842723162,8.966546447675274,False,False,False,static_raw,99,9.364684221369362,8.901286502279731,0.6118791893513404
42,s1_clean,9.694700842723162,8.966546447675274,False,False,False,graph_diffusion_1,99,9.28723295841614,8.821460645066882,0.503666730870795
42,s1_clean,9.694700842723162,8.966546447675274,False,False,False,graph_diffusion_3,99,9.15293491819322,8.693361176709441,0.36656618797401475
42,s1_clean,9.694700842723162,8.966546447675274,False,False,False,laplacian,99,9.283775697589236,8.840443264607924,0.5284590974394126
43,s1_clean,9.569223421271444,9.326938465999294,False,False,False,static_raw,99,8.323273471369856,9.339848664786064,0.727270878101533
43,s1_clean,9.569223421271444,9.326938465999294,False,False,False,graph_diffusion_1,99,8.236758854598278,9.255612761210749,0.5978205640037234
43,s1_clean,9.569223421271444,9.326938465999294,False,False,False,graph_diffusion_3,99,8.0981483032492,9.111422008005459,0.4285128166019196
43,s1_clean,9.569223421271444,9.326938465999294,False,False,False,laplacian,99,8.257794973435383,9.259690981557112,0.6218068918420132
44,s1_clean,9.534535416987817,9.784343768551336,False,False,False,static_raw,99,9.444571441896596,8.97903489739633,0.6766754164149549
44,s1_clean,9.534535416987817,9.784343768551336,False,False,False,graph_diffusion_1,99,9.36386050071036,8.897208883831674,0.558057662971181
44,s1_clean,9.534535416987817,9.784343768551336,False,False,False,graph_diffusion_3,99,9.2218517539716,8.76445117919912,0.40516799073726273
44,s1_clean,9.534535416987817,9.784343768551336,False,False,False,laplacian,99,9.35636196539259,8.9145808118787,0.5823293131566417
45,s1_clean,9.54487381028695,9.92332836828298,False,False,False,static_raw,99,9.476985394677996,8.863403577387782,0.6625932975676875
45,s1_clean,9.54487381028695,9.92332836828298,False,False,False,graph_diffusion_1,99,9.396364177409561,8.779671392797956,0.5442567951420014
45,s1_clean,9.54487381028695,9.92332836828298,False,False,False,graph_diffusion_3,99,9.253785226475165,8.646253676950622,0.39267890618765156
45,s1_clean,9.54487381028695,9.92332836828298,False,False,False,laplacian,99,9.386624951599659,8.80128670835397,0.568911784035767
46,s1_clean,9.558162041417896,9.663482828106742,False,False,False,static_raw,99,8.928825149842087,9.175061549741011,0.6279456390290433
46,s1_clean,9.558162041417896,9.663482828106742,False,False,False,graph_diffusion_1,99,8.843745296057179,9.095987181917128,0.5183156606048869
46,s1_clean,9.558162041417896,9.663482828106742,False,False,False,graph_diffusion_3,99,8.705809737710226,8.96336150461712,0.37858465065775143
46,s1_clean,9.558162041417896,9.663482828106742,False,False,False,laplacian,99,8.86056549610726,9.103917241079653,0.5433386266234218
47,s1_clean,9.5646528065164,9.424365913186056,False,False,False,static_raw,99,6.179335225733982,8.959235154899948,0.5221278162686191
47,s1_clean,9.5646528065164,9.424365913186056,False,False,False,graph_diffusion_1,99,6.0054034182216105,8.878358712099729,0.4142900067130701
47,s1_clean,9.5646528065164,9.424365913186056,False,False,False,graph_diffusion_3,99,5.773113803623554,8.747721789707127,0.28174235866148056
47,s1_clean,9.5646528065164,9.424365913186056,False,False,False,laplacian,99,6.147318491779661,8.896177744552626,0.44374353003955996
48,s1_clean,9.50103939557558,9.114055937821927,False,False,False,static_raw,99,7.99121130413292,9.433709115911025,0.6019731399244066
48,s1_clean,9.50103939557558,9.114055937821927,False,False,False,graph_diffusion_1,99,7.8837083751102135,9.354543335897581,0.4973600055115676
48,s1_clean,9.50103939557558,9.114055937821927,False,False,False,graph_diffusion_3,99,7.727472421043248,9.214835104407333,0.3626421707227544
48,s1_clean,9.50103939557558,9.114055937821927,False,False,False,laplacian,99,7.9378334421390235,9.347362744703124,0.5203209876018772
49,s1_clean,9.414656161118282,8.731094504017625,False,False,False,static_raw,89,9.261484553923642,7.774993736585611,0.5563656765525038
49,s1_clean,9.414656161118282,8.731094504017625,False,False,False,graph_diffusion_1,89,9.211857071240068,7.803567005422636,0.42560934824038055
49,s1_clean,9.414656161118282,8.731094504017625,False,False,False,graph_diffusion_3,89,9.109872237032272,7.809787650684825,0.2844212780184712
49,s1_clean,9.414656161118282,8.731094504017625,False,False,False,laplacian,89,9.185211904869435,7.767784368987719,0.44545280534414544
50,s1_clean,9.21633605588256,8.49062670552971,False,False,False,static_raw,89,9.298198804936767,8.432597840878518,0.6373336594500197
50,s1_clean,9.21633605588256,8.49062670552971,False,False,False,graph_diffusion_1,89,9.24269259730514,8.436402133686107,0.5000722715997972
50,s1_clean,9.21633605588256,8.49062670552971,False,False,False,graph_diffusion_3,89,9.130705944869602,8.411942361696434,0.3455887900064478
50,s1_clean,9.21633605588256,8.49062670552971,False,False,False,laplacian,89,9.214202918452925,8.41186387801525,0.5163480391250184
51,s1_clean,9.11760935449355,8.438577566893754,False,False,False,static_raw,89,8.217808687908938,8.327715429340156,0.5164916270349693
51,s1_clean,9.11760935449355,8.438577566893754,False,False,False,graph_diffusion_1,89,8.19699640348743,8.34420033174682,0.38883195500376533
51,s1_clean,9.11760935449355,8.438577566893754,False,False,False,graph_diffusion_3,89,8.13059480064108,8.334739011531155,0.25443297336616044
51,s1_clean,9.11760935449355,8.438577566893754,False,False,False,laplacian,89,8.167717562091687,8.310558193699267,0.41109310964342627
52,s1_clean,8.922779282926651,8.205081914366874,False,False,False,static_raw,88,8.848587670637494,8.121744369961958,0.5226182202611239
52,s1_clean,8.922779282926651,8.205081914366874,False,False,False,graph_diffusion_1,88,8.824630371769922,8.13524853148593,0.3952156634578349
52,s1_clean,8.922779282926651,8.205081914366874,False,False,False,graph_diffusion_3,88,8.776834594999835,8.148779186624497,0.252272482418892
52,s1_clean,8.922779282926651,8.205081914366874,False,False,False,laplacian,88,8.809888855856876,8.109482511207862,0.3922313653911431
53,s1_clean,8.733693244154269,8.016610598714413,False,False,False,static_raw,88,8.14337274094778,8.541007858169557,0.5890605681790851
53,s1_clean,8.733693244154269,8.016610598714413,False,False,False,graph_diffusion_1,88,8.157763530544184,8.538677945150676,0.44387528190122527
53,s1_clean,8.733693244154269,8.016610598714413,False,False,False,graph_diffusion_3,88,8.169582629535718,8.52313373741053,0.2802574847072357
53,s1_clean,8.733693244154269,8.016610598714413,False,False,False,laplacian,88,8.129799314253725,8.517406169024445,0.4430893034742032
54,s1_clean,8.604067606013617,7.71418254806786,False,False,False,static_raw,78,5.588372779442627,8.311923099234356,0.5018231337063942
54,s1_clean,8.604067606013617,7.71418254806786,False,False,False,graph_diffusion_1,78,5.669915090487292,8.268059300340699,0.37661633002241746
54,s1_clean,8.604067606013617,7.71418254806786,False,False,False,graph_diffusion_3,78,5.793642717696793,8.197487453686005,0.23199243775011985
54,s1_clean,8.604067606013617,7.71418254806786,False,False,False,laplacian,78,5.600600431180794,8.279086875594803,0.367275344406336
55,s1_clean,8.380292121918876,7.508518197183664,False,False,False,static_raw,78,8.338544879268904,6.883111548010347,0.5388131309743265
55,s1_clean,8.380292121918876,7.508518197183664,False,False,False,graph_diffusion_1,78,8.345608132163058,6.889360512301316,0.4071178108321367
55,s1_clean,8.380292121918876,7.508518197183664,False,False,False,graph_diffusion_3,78,8.343720183940162,6.902780133213672,0.2560879738105664
55,s1_clean,8.380292121918876,7.508518197183664,False,False,False,laplacian,78,8.322681504611518,6.882217340382224,0.40151097204307146
56,s1_clean,8.261298236940235,7.032237617033076,False,False,False,static_raw,78,8.160493725403487,6.637358184182925,0.5179210382004824
56,s1_clean,8.261298236940235,7.032237617033076,False,False,False,graph_diffusion_1,78,8.1719590017627,6.6454046537648095,0.3886392491145665
56,s1_clean,8.261298236940235,7.032237617033076,False,False,False,graph_diffusion_3,78,8.17804127872954,6.6616591083892915,0.24111866987004155
56,s1_clean,8.261298236940235,7.032237617033076,False,False,False,laplacian,78,8.14834644990512,6.636881903105297,0.38329467010889606
57,s1_clean,8.367834526148913,6.700942345233571,False,False,False,static_raw,68,8.53096360018889,7.1862072216091075,0.5361756203225642
57,s1_clean,8.367834526148913,6.700942345233571,False,False,False,graph_diffusion_1,68,8.532046995040416,7.178557356975215,0.4047492750166904
57,s1_clean,8.367834526148913,6.700942345233571,False,False,False,graph_diffusion_3,68,8.51806934568788,7.1624886575062465,0.2549094471960937
57,s1_clean,8.367834526148913,6.700942345233571,False,False,False,laplacian,68,8.50978172293212,7.17711326887814,0.3995945634766727
58,s1_clean,8.353958878788386,6.494196804329148,False,False,False,static_raw,68,8.174830610074068,6.498601532128496,0.5706878090150824
58,s1_clean,8.353958878788386,6.494196804329148,False,False,False,graph_diffusion_1,68,8.184039585123895,6.500189159612964,0.43297732216332924
58,s1_clean,8.353958878788386,6.494196804329148,False,False,False,graph_diffusion_3,68,8.18500320690959,6.5021381985501785,0.27428849393549676
58,s1_clean,8.353958878788386,6.494196804329148,False,False,False,laplacian,68,8.16016233608733,6.497298298650081,0.4266180817945658
59,s1_clean,8.336546429042226,6.293616283957347,False,False,False,static_raw,68,7.970290388284212,6.4737344683151505,0.5518911350065212
59,s1_clean,8.336546429042226,6.293616283957347,False,False,False,graph_diffusion_1,68,7.987662740221508,6.475918897738352,0.4187261343118356
59,s1_clean,8.336546429042226,6.293616283957347,False,False,False,graph_diffusion_3,68,8.002967648136849,6.479706774448716,0.26533738387942984
59,s1_clean,8.336546429042226,6.293616283957347,False,False,False,laplacian,68,7.962850171487596,6.4730927579849835,0.41271820330776615
60,s1_clean,8.40346815147133,6.116995442632617,False,False,False,static_raw,69,8.854530861430542,5.8885551210323825,0.5219545458598918
60,s1_clean,8.40346815147133,6.116995442632617,False,False,False,graph_diffusion_1,69,8.810451530133843,5.881220321650767,0.4023134611175911
60,s1_clean,8.40346815147133,6.116995442632617,False,False,False,graph_diffusion_3,69,8.729123288094444,5.869947219824277,0.2647159849245996
60,s1_clean,8.40346815147133,6.116995442632617,False,False,False,laplacian,69,8.797104947468455,5.888503089010564,0.4151953586031851
61,s1_clean,8.546844700935843,5.924881887661858,False,False,False,static_raw,69,8.665761158251089,5.750740491977892,0.5151673610214128
61,s1_clean,8.546844700935843,5.924881887661858,False,False,False,graph_diffusion_1,69,8.621444552670528,5.741982470657908,0.39504670841929673
61,s1_clean,8.546844700935843,5.924881887661858,False,False,False,graph_diffusion_3,69,8.540770531209262,5.728140653340058,0.25684023608709594
61,s1_clean,8.546844700935843,5.924881887661858,False,False,False,laplacian,69,8.611191658955,5.750712466974259,0.40799988369792844
62,s1_clean,8.729904160776496,5.547744951919951,False,False,False,static_raw,58,8.6777648691441,4.968904486969032,0.517209125187846
62,s1_clean,8.729904160776496,5.547744951919951,False,False,False,graph_diffusion_1,58,8.66350129591535,4.9755597118106065,0.39497789384761656
62,s1_clean,8.729904160776496,5.547744951919951,False,False,False,graph_diffusion_3,58,8.627430274749328,4.985095665629028,0.25530947567576084
62,s1_clean,8.729904160776496,5.547744951919951,False,False,False,laplacian,58,8.644563406157843,4.96953549137855,0.3878996535383878
63,s1_clean,8.77202584280195,5.143629060389316,False,False,False,static_raw,59,8.80045302899234,5.157780106412764,0.5448891436339517
63,s1_clean,8.77202584280195,5.143629060389316,False,False,False,graph_diffusion_1,59,8.755432785108358,5.153726918563211,0.422973070244275
63,s1_clean,8.77202584280195,5.143629060389316,False,False,False,graph_diffusion_3,59,8.67272066482446,5.146966252151913,0.28118834239370744
63,s1_clean,8.77202584280195,5.143629060389316,False,False,False,laplacian,59,8.743129923630375,5.157790152756065,0.43519856348896807
64,s1_clean,8.718437609453172,4.97610578105409,False,False,False,static_raw,49,9.102832628716857,5.540137408407035,0.5039409339397638
64,s1_clean,8.718437609453172,4.97610578105409,False,False,False,graph_diffusion_1,49,9.05315315315286,5.5520793013328005,0.3856361543249836
64,s1_clean,8.718437609453172,4.97610578105409,False,False,False,graph_diffusion_3,49,8.960628005594513,5.570834407955523,0.2502311482672829
64,s1_clean,8.718437609453172,4.97610578105409,False,False,False,laplacian,49,9.035586161921518,5.538871798851142,0.39837804285609785
65,s1_clean,8.667563530000693,4.866630764710654,False,False,False,static_raw,49,8.910717422518792,4.3568362873947,0.5942222460071879
65,s1_clean,8.667563530000693,4.866630764710654,False,False,False,graph_diffusion_1,49,8.862597581491412,4.35488550434355,0.46381657712401825
65,s1_clean,8.667563530000693,4.866630764710654,False,False,False,graph_diffusion_3,49,8.77400983773487,4.351336167861548,0.31000585826253996
65,s1_clean,8.667563530000693,4.866630764710654,False,False,False,laplacian,49,8.848817142096413,4.357062359339744,0.47558151435448776
66,s1_clean,8.542366419283344,4.760216825616967,False,False,False,static_raw,48,8.369628964168953,4.7104879904763655,0.5823624750433757
66,s1_clean,8.542366419283344,4.760216825616967,False,False,False,graph_diffusion_1,48,8.374831042467372,4.708493413984782,0.444469047198114
66,s1_clean,8.542366419283344,4.760216825616967,False,False,False,graph_diffusion_3,48,8.36970939839425,4.705623371120097,0.28466411104009265
66,s1_clean,8.542366419283344,4.760216825616967,False,False,False,laplacian,48,8.352792003182843,4.710490965591117,0.4374200905379479
67,s1_clean,8.382687489621802,4.499553999003734,False,False,False,static_raw,48,7.941629394592333,4.551192468031954,0.5452642894477984
67,s1_clean,8.382687489621802,4.499553999003734,False,False,False,graph_diffusion_1,48,7.95495149835126,4.55083210125443,0.413295853847939
67,s1_clean,8.382687489621802,4.499553999003734,False,False,False,graph_diffusion_3,48,7.963600037698251,4.550128333876607,0.26139303557574484
67,s1_clean,8.382687489621802,4.499553999003734,False,False,False,laplacian,48,7.930989442394379,4.551298410157464,0.406817493992472
68,s1_clean,8.31381336958047,4.356990528873265,False,False,False,static_raw,48,8.575858091194403,4.343011969213279,0.593306401468272
68,s1_clean,8.31381336958047,4.356990528873265,False,False,False,graph_diffusion_1,48,8.570957381740104,4.344273472911659,0.4548915242178512
68,s1_clean,8.31381336958047,4.356990528873265,False,False,False,graph_diffusion_3,48,8.549559035707917,4.345674462596239,0.293718971498194
68,s1_clean,8.31381336958047,4.356990528873265,False,False,False,laplacian,48,8.55073152950658,4.34313431488959,0.4469113318383316
69,s1_clean,8.173199902177743,4.055129301838792,False,False,False,static_raw,39,8.342949741620274,2.9832777974244604,0.5362186221285434
69,s1_clean,8.173199902177743,4.055129301838792,False,False,False,graph_diffusion_1,39,8.295966936435802,2.9830303846422646,0.4116978355205318
69,s1_clean,8.173199902177743,4.055129301838792,False,False,False,graph_diffusion_3,39,8.21258318543938,2.9840915575733025,0.26654550830639934
69,s1_clean,8.173199902177743,4.055129301838792,False,False,False,laplacian,39,8.29172888994976,2.9918839015584973,0.4241146419872598
70,s1_clean,7.958876024659174,3.799783052657366,False,False,False,static_raw,38,8.294461044537385,3.192013291181357,0.5296729434844786
70,s1_clean,7.958876024659174,3.799783052657366,False,False,False,graph_diffusion_1,38,8.298556833694914,3.1944141447510064,0.40911990134188825
70,s1_clean,7.958876024659174,3.799783052657366,False,False,False,graph_diffusion_3,38,8.29404207825885,3.1956500098559197,0.26712137127393404
70,s1_clean,7.958876024659174,3.799783052657366,False,False,False,laplacian,38,8.279027546629822,3.1937977075731583,0.4019059523198761
71,s1_clean,7.833669525191001,3.638141757452688,False,False,False,static_raw,37,7.776729553148854,3.3482750205343534,0.5894716679837656
71,s1_clean,7.833669525191001,3.638141757452688,False,False,False,graph_diffusion_1,37,7.775443227034295,3.348028318563314,0.45631914768224957
71,s1_clean,7.833669525191001,3.638141757452688,False,False,False,graph_diffusion_3,37,7.773085731738363,3.346304134579217,0.2949916974689943
71,s1_clean,7.833669525191001,3.638141757452688,False,False,False,laplacian,37,7.768082627278446,3.3489971726130796,0.44398254657349195
72,s1_clean,7.664684483724226,3.3337804086327285,False,False,False,static_raw,37,7.577278629085903,3.4203915656543913,0.6096036316686813
72,s1_clean,7.664684483724226,3.3337804086327285,False,False,False,graph_diffusion_1,37,7.576095248877724,3.420484824227271,0.46812575855680066
72,s1_clean,7.664684483724226,3.3337804086327285,False,False,False,graph_diffusion_3,37,7.575256023742123,3.420141381118645,0.2989379355987568
72,s1_clean,7.664684483724226,3.3337804086327285,False,False,False,laplacian,37,7.570817695501546,3.421581306351284,0.4557825194764242
73,s1_clean,7.325126662205962,3.0900072935102134,False,False,False,static_raw,37,7.496234333074328,3.4340822815049226,0.5767258250581532
73,s1_clean,7.325126662205962,3.0900072935102134,False,False,False,graph_diffusion_1,37,7.492157188983553,3.434855862521918,0.4409567300730729
73,s1_clean,7.325126662205962,3.0900072935102134,False,False,False,graph_diffusion_3,37,7.486819338945819,3.4361605464630354,0.27996707984993174
73,s1_clean,7.325126662205962,3.0900072935102134,False,False,False,laplacian,37,7.488213284801008,3.436561040983741,0.4293913227392271
74,s1_clean,7.295614884999138,2.9887682845800643,False,False,False,static_raw,37,7.2998433749261515,3.4894389293081733,0.5963500574125548
74,s1_clean,7.295614884999138,2.9887682845800643,False,False,False,graph_diffusion_1,37,7.300713078364302,3.48937960593071,0.45825368476745687
74,s1_clean,7.295614884999138,2.9887682845800643,False,False,False,graph_diffusion_3,37,7.305119819144712,3.4887767970635277,0.2932747583191124
74,s1_clean,7.295614884999138,2.9887682845800643,False,False,False,laplacian,37,7.297336444403334,3.490223771321029,0.4461501540436956
75,s1_clean,7.296351451677773,2.798195708361908,False,False,False,static_raw,27,7.177403058019245,3.5027969702956745,0.5003144567454432
75,s1_clean,7.296351451677773,2.798195708361908,False,False,False,graph_diffusion_1,27,7.178753411409839,3.5041340225156414,0.37648828072302815
75,s1_clean,7.296351451677773,2.798195708361908,False,False,False,graph_diffusion_3,27,7.184954351699988,3.4996973030644165,0.23179714796508497
75,s1_clean,7.296351451677773,2.798195708361908,False,False,False,laplacian,27,7.175425586172124,3.5031641622016156,0.3673075000303792
76,s1_clean,7.251642624966383,2.337893241987238,False,False,False,static_raw,27,7.603340983459013,2.023625723538322,0.5558360880359217
76,s1_clean,7.251642624966383,2.337893241987238,False,False,False,graph_diffusion_1,27,7.603082312246927,2.0327887652932333,0.4311085332977782
76,s1_clean,7.251642624966383,2.337893241987238,False,False,False,graph_diffusion_3,27,7.607925339636261,2.047608606021546,0.27899392825681024
76,s1_clean,7.251642624966383,2.337893241987238,False,False,False,laplacian,27,7.599294147753086,2.0393856518285296,0.41916285416167787
77,s1_clean,7.191112638050282,2.11104971712342,False,False,False,static_raw,27,7.139430101413756,2.1295319563740396,0.5770354289010143
77,s1_clean,7.191112638050282,2.11104971712342,False,False,False,graph_diffusion_1,27,7.138876488373964,2.1333353888506412,0.4397088088045981
77,s1_clean,7.191112638050282,2.11104971712342,False,False,False,graph_diffusion_3,27,7.143827150859185,2.1412552434664063,0.27780149776482466
77,s1_clean,7.191112638050282,2.11104971712342,False,False,False,laplacian,27,7.138631309773771,2.141096405931639,0.42917913231542815
78,s1_clean,7.088997127565227,1.8280730412017787,False,False,False,static_raw,17,7.899395001418849,1.5168085680064234,0.5620646492608427
78,s1_clean,7.088997127565227,1.8280730412017787,False,False,False,graph_diffusion_1,17,7.881930962767264,1.5203569970085389,0.4323282976332118
78,s1_clean,7.088997127565227,1.8280730412017787,False,False,False,graph_diffusion_3,17,7.860455910343248,1.5347428989345335,0.2776190154922458
78,s1_clean,7.088997127565227,1.8280730412017787,False,False,False,laplacian,17,7.882834817359382,1.5405291238806331,0.4227634711931762
79,s1_clean,7.114586335383993,1.531713950324241,False,False,False,static_raw,17,7.344122562617773,1.397128075313668,0.6134588263690199
79,s1_clean,7.114586335383993,1.531713950324241,False,False,False,graph_diffusion_1,17,7.346283271329226,1.4012184838018047,0.4707857319365117
79,s1_clean,7.114586335383993,1.531713950324241,False,False,False,graph_diffusion_3,17,7.356369114633309,1.420730513089556,0.30294655069361437
79,s1_clean,7.114586335383993,1.531713950324241,False,False,False,laplacian,17,7.3428887062786945,1.4213950488184308,0.46266100670703436
80,s1_clean,7.170157133048356,1.3067743629177078,False,False,False,static_raw,17,7.133790995049372,1.4155721869955864,0.5392391179281952
80,s1_clean,7.170157133048356,1.3067743629177078,False,False,False,graph_diffusion_1,17,7.137941774382869,1.418955929880005,0.4145605541984255
80,s1_clean,7.170157133048356,1.3067743629177078,False,False,False,graph_diffusion_3,17,7.149813228775796,1.4378389442551953,0.2694916494525266
80,s1_clean,7.170157133048356,1.3067743629177078,False,False,False,laplacian,17,7.133025591162491,1.439374981662161,0.40778603004739794
81,s1_clean,7.201631077444322,1.1339839347561254,False,False,False,static_raw,7,7.692593033726947,0.9097644166002066,0.6963421926142362
81,s1_clean,7.201631077444322,1.1339839347561254,False,False,False,graph_diffusion_1,7,7.692942569638427,0.9603022734722142,0.5417141419604915
81,s1_clean,7.201631077444322,1.1339839347561254,False,False,False,graph_diffusion_3,7,7.702596825936361,1.0505786426326196,0.3555093113784139
81,s1_clean,7.201631077444322,1.1339839347561254,False,False,False,laplacian,7,7.686544925999078,0.9762570536786568,0.555053741959362
82,s1_clean,7.155776983713249,0.8528139925624313,False,False,False,static_raw,7,7.543004490462473,1.2730836342214893,0.5458787038634456
82,s1_clean,7.155776983713249,0.8528139925624313,False,False,False,graph_diffusion_1,7,7.543295932306272,1.31814014409284,0.42219581523754507
82,s1_clean,7.155776983713249,0.8528139925624313,False,False,False,graph_diffusion_3,7,7.552256843840254,1.3957258412949582,0.2772646142250643
82,s1_clean,7.155776983713249,0.8528139925624313,False,False,False,laplacian,7,7.539070565242629,1.3268519494895377,0.4351574202759119
83,s1_clean,6.976127786010122,0.4956267479912126,False,False,False,static_raw,7,7.486464301386153,0.9144590969865374,0.6581253126923882
83,s1_clean,6.976127786010122,0.4956267479912126,False,False,False,graph_diffusion_1,7,7.48574301153591,0.9659110145689613,0.513973373811618
83,s1_clean,6.976127786010122,0.4956267479912126,False,False,False,graph_diffusion_3,7,7.495688064405231,1.0580374836406035,0.34079128577591156
83,s1_clean,6.976127786010122,0.4956267479912126,False,False,False,laplacian,7,7.4830110207994,0.9820880353147784,0.5261191476677259
84,s1_clean,6.74255867268218,0.0843728881784015,False,False,False,static_raw,6,7.515467507298601,1.4627809866370094,0.5186274246935944
84,s1_clean,6.74255867268218,0.0843728881784015,False,False,False,graph_diffusion_1,6,7.507029717775427,1.5057418823088822,0.3998937557461515
84,s1_clean,6.74255867268218,0.0843728881784015,False,False,False,graph_diffusion_3,6,7.4924791057800775,1.5814131555844197,0.26029216572563485
84,s1_clean,6.74255867268218,0.0843728881784015,False,False,False,laplacian,6,7.494080288305691,1.5158612571994956,0.41050963665522544
85,s1_clean,7.064294392948221,0.3942671783051067,False,False,False,static_raw,7,7.61684663962995,1.3129910022802749,0.5441531949914072
85,s1_clean,7.064294392948221,0.3942671783051067,False,False,False,graph_diffusion_1,7,7.617704936350297,1.3578647991452122,0.4203024151847804
85,s1_clean,7.064294392948221,0.3942671783051067,False,False,False,graph_diffusion_3,7,7.626745440357251,1.4343608545591156,0.27498982014984014
85,s1_clean,7.064294392948221,0.3942671783051067,False,False,False,laplacian,7,7.611884997404852,1.3655437437840003,0.43331933649532794
86,s1_clean,7.176188436555574,0.5060043216815018,False,False,False,static_raw,7,7.482921814256889,1.2767209305179448,0.5374955293715448
86,s1_clean,7.176188436555574,0.5060043216815018,False,False,False,graph_diffusion_1,7,7.481670222190771,1.322945178691302,0.4156142078828973
86,s1_clean,7.176188436555574,0.5060043216815018,False,False,False,graph_diffusion_3,7,7.4881808596031,1.402739452718217,0.2733270352663674
86,s1_clean,7.176188436555574,0.5060043216815018,False,False,False,laplacian,7,7.4785848192707,1.331963293775311,0.4283481041598264
87,s1_clean,7.307226017604519,0.5668144077417742,False,False,False,static_raw,7,7.826820276296142,1.1767306652851652,0.5804475489233222
87,s1_clean,7.307226017604519,0.5668144077417742,False,False,False,graph_diffusion_1,7,7.828003116677643,1.2219045215804092,0.45128954318651343
87,s1_clean,7.307226017604519,0.5668144077417742,False,False,False,graph_diffusion_3,7,7.835652805106079,1.2992652377950238,0.2961992435160393
87,s1_clean,7.307226017604519,0.5668144077417742,False,False,False,laplacian,7,7.817752038147721,1.2315796787016022,0.46366908886605906
88,s1_clean,7.687860172244926,0.7189120364284933,False,False,False,static_raw,7,7.879694835692069,1.23524717741435,0.5741068955584196
88,s1_clean,7.687860172244926,0.7189120364284933,False,False,False,graph_diffusion_1,7,7.878330024878388,1.2800200185241566,0.4442933713600169
88,s1_clean,7.687860172244926,0.7189120364284933,False,False,False,graph_diffusion_3,7,7.8815721536501995,1.355742699347579,0.2893093060604215
88,s1_clean,7.687860172244926,0.7189120364284933,False,False,False,laplacian,7,7.867970843962307,1.2890936592371323,0.4568020009226769
89,s1_clean,7.983386792676343,0.8375621710500243,False,False,False,static_raw,7,8.184547063075012,0.8059324739414775,0.5342930589480134
89,s1_clean,7.983386792676343,0.8375621710500243,False,False,False,graph_diffusion_1,7,8.171807281800971,0.8590787587175895,0.4166499735135007
89,s1_clean,7.983386792676343,0.8375621710500243,False,False,False,graph_diffusion_3,7,8.148221890152303,0.9568809541619048,0.2792121822850947
89,s1_clean,7.983386792676343,0.8375621710500243,False,False,False,laplacian,7,8.160569903721827,0.8762734614362447,0.4274054115473293
90,s1_clean,8.256293406597695,0.875446755726633,False,False,False,static_raw,18,8.705168750424217,1.2132328610127727,0.6195374873452536
90,s1_clean,8.256293406597695,0.875446755726633,False,False,False,graph_diffusion_1,18,8.6980068315711,1.228713222083331,0.4709502346221234
90,s1_clean,8.256293406597695,0.875446755726633,False,False,False,graph_diffusion_3,18,8.672720672740391,1.2663638644116706,0.3020404401002802
90,s1_clean,8.256293406597695,0.875446755726633,False,False,False,laplacian,18,8.68014553074217,1.2450320141402165,0.4687128722430857
91,s1_clean,8.425989160054677,0.93045254740169,False,False,False,static_raw,18,8.705079466519443,1.223358851766359,0.6275149278648628
91,s1_clean,8.425989160054677,0.93045254740169,False,False,False,graph_diffusion_1,18,8.698407764840965,1.2374305430444301,0.4763490823970954
91,s1_clean,8.425989160054677,0.93045254740169,False,False,False,graph_diffusion_3,18,8.673705812250727,1.2730986651765148,0.30470194006965867
91,s1_clean,8.425989160054677,0.93045254740169,False,False,False,laplacian,18,8.680170066388833,1.2542675332055209,0.4743736072564518
92,s1_clean,8.863055882305986,1.1231286812777777,False,False,False,static_raw,8,8.797354317205283,0.763248025601371,0.5980514604291004
92,s1_clean,8.863055882305986,1.1231286812777777,False,False,False,graph_diffusion_1,8,8.792222136815381,0.8084169676237817,0.46483214390209493
92,s1_clean,8.863055882305986,1.1231286812777777,False,False,False,graph_diffusion_3,8,8.752175091635152,0.9048502058796486,0.321783420533378
92,s1_clean,8.863055882305986,1.1231286812777777,False,False,False,laplacian,8,8.764712517135493,0.8327641724584385,0.48525830879659854
93,s1_clean,9.23021965860404,1.1465464090231468,False,False,False,static_raw,19,9.334313150958604,1.2428609836572115,0.6657582866370368
93,s1_clean,9.23021965860404,1.1465464090231468,False,False,False,graph_diffusion_1,19,9.279970366061722,1.2465356055575796,0.5172649729144606
93,s1_clean,9.23021965860404,1.1465464090231468,False,False,False,graph_diffusion_3,19,9.17057463259568,1.2838456586702973,0.3545325626829717
93,s1_clean,9.23021965860404,1.1465464090231468,False,False,False,laplacian,19,9.256609648971189,1.2721279069988203,0.5380218366370402
94,s1_clean,9.37371170551081,1.169754508811914,False,False,False,static_raw,19,9.22708981808799,1.2600189038655998,0.6213574916551714
94,s1_clean,9.37371170551081,1.169754508811914,False,False,False,graph_diffusion_1,19,9.183375715684853,1.2575374197103195,0.4802806332961978
94,s1_clean,9.37371170551081,1.169754508811914,False,False,False,graph_diffusion_3,19,9.088970222608081,1.287556202990681,0.3288633141588835
94,s1_clean,9.37371170551081,1.169754508811914,False,False,False,laplacian,19,9.158384438492607,1.2878460178573947,0.5030657710545644
95,s1_clean,9.770217154834045,1.159649324523821,False,False,False,static_raw,9,9.335596437084156,0.7660289344208085,0.6542057708908415
95,s1_clean,9.770217154834045,1.159649324523821,False,False,False,graph_diffusion_1,9,9.258647432438584,0.8389553511294155,0.5482730248495417
95,s1_clean,9.770217154834045,1.159649324523821,False,False,False,graph_diffusion_3,9,9.12531997603016,0.9637949370308975,0.41024900199594994
95,s1_clean,9.770217154834045,1.159649324523821,False,False,False,laplacian,9,9.257785166732555,0.8353121429816055,0.5704486827790887
96,s1_clean,9.5806362152392,1.1294724581913531,False,False,False,static_raw,19,9.382562896767944,1.2516529709037898,0.6952487587255415
96,s1_clean,9.5806362152392,1.1294724581913531,False,False,False,graph_diffusion_1,19,9.32403619397065,1.2558806721983369,0.5403970784261647
96,s1_clean,9.5806362152392,1.1294724581913531,False,False,False,graph_diffusion_3,19,9.208543435938646,1.2936679906491508,0.36936776582931796
96,s1_clean,9.5806362152392,1.1294724581913531,False,False,False,laplacian,19,9.300810256426653,1.2801821806850644,0.5609100762229257
97,s1_clean,9.431952925308204,0.9654622254894044,False,False,False,static_raw,19,9.218665083201797,1.3004975352736348,0.6335632925608597
97,s1_clean,9.431952925308204,0.9654622254894044,False,False,False,graph_diffusion_1,19,9.175887444373354,1.2927726879212782,0.4886277551952578
97,s1_clean,9.431952925308204,0.9654622254894044,False,False,False,graph_diffusion_3,19,9.082943970861882,1.3157067129274227,0.3327597367862458
97,s1_clean,9.431952925308204,0.9654622254894044,False,False,False,laplacian,19,9.1506666997015,1.324927738909035,0.5127021825500316
98,s1_clean,9.360595724435434,0.6120686019402459,False,False,False,static_raw,9,9.35502727220856,0.7460341113540234,0.6772449769649417
98,s1_clean,9.360595724435434,0.6120686019402459,False,False,False,graph_diffusion_1,9,9.276880552115825,0.8204597190801295,0.5671341700935294
98,s1_clean,9.360595724435434,0.6120686019402459,False,False,False,graph_diffusion_3,9,9.141171057415539,0.9480718290334471,0.4228134207056461
98,s1_clean,9.360595724435434,0.6120686019402459,False,False,False,laplacian,9,9.27558543663232,0.8169948539376221,0.5893048161840914
99,s1_clean,9.26764607580253,0.4010204672213302,False,False,False,static_raw,9,9.298035563769949,0.7614585723594015,0.6389999613603705
99,s1_clean,9.26764607580253,0.4010204672213302,False,False,False,graph_diffusion_1,9,9.222696686693267,0.834325552514325,0.5348909406286312
99,s1_clean,9.26764607580253,0.4010204672213302,False,False,False,graph_diffusion_3,9,9.092933520117278,0.9589624318446534,0.4004777909999903
99,s1_clean,9.26764607580253,0.4010204672213302,False,False,False,laplacian,9,9.223376465528352,0.8311249476320105,0.557609827584982
0,s2_wifi_degraded,3.50146586178358,2.794545781008381,False,False,False,static_raw,23,3.644818011433363,2.895052594876405,0.5359233934762211
0,s2_wifi_degraded,3.50146586178358,2.794545781008381,False,False,False,graph_diffusion_1,23,3.6447686233236394,2.895541974844522,0.41140533002731006
0,s2_wifi_degraded,3.50146586178358,2.794545781008381,False,False,False,graph_diffusion_3,23,3.644480227963976,2.892649278620165,0.2633928020062916
0,s2_wifi_degraded,3.50146586178358,2.794545781008381,False,False,False,laplacian,23,3.6459176859214097,2.897436106328658,0.4006297333336967
1,s2_wifi_degraded,3.8334314692961406,3.0879105600798664,False,False,False,static_raw,33,3.4629284030831453,2.9291569323181843,0.5451685184157022
1,s2_wifi_degraded,3.8334314692961406,3.0879105600798664,False,False,False,graph_diffusion_1,33,3.462679205675399,2.928739159619588,0.41958748786737654
1,s2_wifi_degraded,3.8334314692961406,3.0879105600798664,False,False,False,graph_diffusion_3,33,3.4615634048373316,2.9296788368679936,0.2697524528732371
1,s2_wifi_degraded,3.8334314692961406,3.0879105600798664,False,False,False,laplacian,33,3.4635029657095235,2.93470121587053,0.40860734335526505
2,s2_wifi_degraded,4.0456173120900445,3.1263296245930507,False,False,False,static_raw,33,3.385823574388491,4.264865338189942,0.5141778678637635
2,s2_wifi_degraded,4.0456173120900445,3.1263296245930507,False,False,False,graph_diffusion_1,33,3.3854295013455364,4.266110805741256,0.39105642689323744
2,s2_wifi_degraded,4.0456173120900445,3.1263296245930507,False,False,False,graph_diffusion_3,33,3.385744376307589,4.268016976190319,0.24652057207660807
2,s2_wifi_degraded,4.0456173120900445,3.1263296245930507,False,False,False,laplacian,33,3.3893770739752744,4.264882131541933,0.3811224263284245
3,s2_wifi_degraded,4.42592581634721,3.113695449768073,False,False,False,static_raw,34,3.9470158669645885,3.059104083641413,0.5178548113561072
3,s2_wifi_degraded,4.42592581634721,3.113695449768073,False,False,False,graph_diffusion_1,34,3.9460265550502758,3.0595007480812835,0.39453480683900394
3,s2_wifi_degraded,4.42592581634721,3.113695449768073,False,False,False,graph_diffusion_3,34,3.9440251314398957,3.061142178447553,0.2500626854897453
3,s2_wifi_degraded,4.42592581634721,3.113695449768073,False,False,False,laplacian,34,3.948082898371357,3.063829261818538,0.3848985095729813
4,s2_wifi_degraded,4.708255729915193,3.19039433570727,False,False,False,static_raw,34,4.579656111400057,2.9193936534248204,0.545062318372642
4,s2_wifi_degraded,4.708255729915193,3.19039433570727,False,False,False,graph_diffusion_1,34,4.579919948609513,2.9164768383412136,0.4185003810844618
4,s2_wifi_degraded,4.708255729915193,3.19039433570727,False,False,False,graph_diffusion_3,34,4.580257273347551,2.913476214216023,0.2683849848598622
4,s2_wifi_degraded,4.708255729915193,3.19039433570727,False,False,False,laplacian,34,4.5796680801816,2.923736448550419,0.4079146201455855
5,s2_wifi_degraded,4.978762662726669,3.137730843885924,False,False,False,static_raw,34,5.152323443834564,2.5705091900951897,0.5023894396334213
5,s2_wifi_degraded,4.978762662726669,3.137730843885924,False,False,False,graph_diffusion_1,34,5.152949982088632,2.5775139757544667,0.37778125905609367
5,s2_wifi_degraded,4.978762662726669,3.137730843885924,False,False,False,graph_diffusion_3,34,5.154111214618336,2.59317165073183,0.23291696430880948
5,s2_wifi_degraded,4.978762662726669,3.137730843885924,False,False,False,laplacian,34,5.152260851766325,2.585039026744096,0.3684723254354891
6,s2_wifi_degraded,5.202025987228208,3.1529819162085304,False,False,False,static_raw,35,5.680220196603827,3.13417791825851,0.5660685279636224
6,s2_wifi_degraded,5.202025987228208,3.1529819162085304,False,False,False,graph_diffusion_1,35,5.680204496368164,3.135947632392942,0.43526492670589706
6,s2_wifi_degraded,5.202025987228208,3.1529819162085304,False,False,False,graph_diffusion_3,35,5.680181566876228,3.1397775986082177,0.2790729065840025
6,s2_wifi_degraded,5.202025987228208,3.1529819162085304,False,False,False,laplacian,35,5.679463125403903,3.139441679368956,0.42333848378448136
7,s2_wifi_degraded,5.347337808465035,3.292281793156062,False,False,False,static_raw,35,6.21863304600196,3.899702695832698,0.5539749683709848
7,s2_wifi_degraded,5.347337808465035,3.292281793156062,False,False,False,graph_diffusion_1,35,6.215033588623422,3.8995873743298244,0.42263637348748534
7,s2_wifi_degraded,5.347337808465035,3.292281793156062,False,False,False,graph_diffusion_3,35,6.207542440188907,3.8990985152473034,0.2670548441110552
7,s2_wifi_degraded,5.347337808465035,3.292281793156062,False,False,False,laplacian,35,6.211985027023913,3.9003075605550874,0.41113422994970517
8,s2_wifi_degraded,5.716827179474,3.58088982297864,False,False,False,static_raw,35,4.85995723502272,3.7019512650888884,0.5405746613713379
8,s2_wifi_degraded,5.716827179474,3.58088982297864,False,False,False,graph_diffusion_1,35,4.859320406060051,3.7019928462623257,0.41400066683858816
8,s2_wifi_degraded,5.716827179474,3.58088982297864,False,False,False,graph_diffusion_3,35,4.858230276792912,3.701736074560614,0.26411169689553793
8,s2_wifi_degraded,5.716827179474,3.58088982297864,False,False,False,laplacian,35,4.8606646035432135,3.7025291157060236,0.4029714187448317
9,s2_wifi_degraded,5.862414412197704,3.68421178879823,False,False,False,static_raw,35,6.689101837488629,3.510737210720041,0.5042659527893555
9,s2_wifi_degraded,5.862414412197704,3.68421178879823,False,False,False,graph_diffusion_1,35,6.682478381617848,3.5110911766428154,0.38083379503222714
9,s2_wifi_degraded,5.862414412197704,3.68421178879823,False,False,False,graph_diffusion_3,35,6.668946246601799,3.5113953243312506,0.23663238836272835
9,s2_wifi_degraded,5.862414412197704,3.68421178879823,False,False,False,laplacian,35,6.677647408375472,3.512577166785801,0.37107249672480314
10,s2_wifi_degraded,6.2621648807209205,3.865009897723677,True,False,False,static_raw,46,7.839208458639481,3.8214190690975127,0.5000000761071413
10,s2_wifi_degraded,6.2621648807209205,3.865009897723677,True,False,False,graph_diffusion_1,46,7.79972589600951,3.8296444835615175,0.3783639313347762
10,s2_wifi_degraded,6.2621648807209205,3.865009897723677,True,False,False,graph_diffusion_3,46,7.7317106429237015,3.8410858691490954,0.2337781747532984
10,s2_wifi_degraded,6.2621648807209205,3.865009897723677,True,False,False,laplacian,46,7.8004939382718,3.8252045415211944,0.364864274701658
11,s2_wifi_degraded,6.386402797469953,4.000359969380765,True,False,False,static_raw,46,6.324900242257324,5.264966633962677,0.5112266514881119
11,s2_wifi_degraded,6.386402797469953,4.000359969380765,True,False,False,graph_diffusion_1,46,6.325761859863579,5.265554834049378,0.38902229567836016
11,s2_wifi_degraded,6.386402797469953,4.000359969380765,True,False,False,graph_diffusion_3,46,6.327947906978635,5.267230436942796,0.2458718727689842
11,s2_wifi_degraded,6.386402797469953,4.000359969380765,True,False,False,laplacian,46,6.324630313221233,5.264888671666242,0.37914709899435955
12,s2_wifi_degraded,6.486403725025359,4.131792507959473,True,False,False,static_raw,46,7.913492844512059,4.9680166950155105,0.5005639638824718
12,s2_wifi_degraded,6.486403725025359,4.131792507959473,True,False,False,graph_diffusion_1,46,7.874950930224568,4.963935422265801,0.3785617034082315
12,s2_wifi_degraded,6.486403725025359,4.131792507959473,True,False,False,graph_diffusion_3,46,7.806709700938924,4.9576043128998775,0.23420207975026164
12,s2_wifi_degraded,6.486403725025359,4.131792507959473,True,False,False,laplacian,46,7.874071450166016,4.96791239909493,0.3657105320499196
13,s2_wifi_degraded,6.594101310260236,4.146666699824417,True,False,False,static_raw,46,4.908724508870887,3.0700346644086802,0.4999987984709216
13,s2_wifi_degraded,6.594101310260236,4.146666699824417,True,False,False,graph_diffusion_1,46,4.906626261899707,3.076233135905799,0.3745527561254953
13,s2_wifi_degraded,6.594101310260236,4.146666699824417,True,False,False,graph_diffusion_3,46,4.901895759327073,3.0902028499999963,0.22774578441384838
13,s2_wifi_degraded,6.594101310260236,4.146666699824417,True,False,False,laplacian,46,4.9092120116225075,3.084299019532256,0.3647903837744051
14,s2_wifi_degraded,6.938536691705024,4.190811224101229,True,False,False,static_raw,47,6.893348269820701,2.522922028019053,0.5000000087592751
14,s2_wifi_degraded,6.938536691705024,4.190811224101229,True,False,False,graph_diffusion_1,47,6.8992181221386115,2.5725735204561833,0.37861147701430764
14,s2_wifi_degraded,6.938536691705024,4.190811224101229,True,False,False,graph_diffusion_3,47,6.913763927392917,2.6620589692377403,0.23385642068531753
14,s2_wifi_degraded,6.938536691705024,4.190811224101229,True,False,False,laplacian,47,6.892975474547176,2.566899795785951,0.3647947616046772
15,s2_wifi_degraded,7.095444556622987,4.3190830854397095,True,False,False,static_raw,47,8.070776508512287,4.769123727648772,0.52855198271191
15,s2_wifi_degraded,7.095444556622987,4.3190830854397095,True,False,False,graph_diffusion_1,47,8.062136042258059,4.770427829699882,0.40445824594603436
15,s2_wifi_degraded,7.095444556622987,4.3190830854397095,True,False,False,graph_diffusion_3,47,8.044766956228889,4.772039182550472,0.25798194214047077
15,s2_wifi_degraded,7.095444556622987,4.3190830854397095,True,False,False,laplacian,47,8.052967933734978,4.769109952475544,0.3943399967997059
16,s2_wifi_degraded,7.322508343984496,4.588300078241882,True,False,False,static_raw,47,6.185665642378098,4.2614971950661396,0.5045226168768676
16,s2_wifi_degraded,7.322508343984496,4.588300078241882,True,False,False,graph_diffusion_1,47,6.185314585701906,4.261221500942142,0.38020098916623835
16,s2_wifi_degraded,7.322508343984496,4.588300078241882,True,False,False,graph_diffusion_3,47,6.190012050114363,4.260845282698685,0.23427418671565295
16,s2_wifi_degraded,7.322508343984496,4.588300078241882,True,False,False,laplacian,47,6.185380663021032,4.261746780690324,0.37022815372337337
17,s2_wifi_degraded,7.446193242310456,4.675563891349093,True,False,False,static_raw,47,7.200060573532722,4.047371551374228,0.537510954088831
17,s2_wifi_degraded,7.446193242310456,4.675563891349093,True,False,False,graph_diffusion_1,47,7.200973617430551,4.04660775873512,0.41384634255127656
17,s2_wifi_degraded,7.446193242310456,4.675563891349093,True,False,False,graph_diffusion_3,47,7.207244487271629,4.0446624640487645,0.2663293037837848
17,s2_wifi_degraded,7.446193242310456,4.675563891349093,True,False,False,laplacian,47,7.199382134514257,4.047542663388372,0.40288376021079964
18,s2_wifi_degraded,7.634031718409139,4.77391982605946,True,False,False,static_raw,47,6.924652729730519,5.692249719610784,0.5000952513940379
18,s2_wifi_degraded,7.634031718409139,4.77391982605946,True,False,False,graph_diffusion_1,47,6.92607734978377,5.695125265634597,0.37496889814501805
18,s2_wifi_degraded,7.634031718409139,4.77391982605946,True,False,False,graph_diffusion_3,47,6.9330941773741355,5.699267657070053,0.2286164824246891
18,s2_wifi_degraded,7.634031718409139,4.77391982605946,True,False,False,laplacian,47,6.923915952927867,5.690992989430753,0.36557783834315066
19,s2_wifi_degraded,7.862727723450558,4.97492979510894,True,False,False,static_raw,49,9.44395928734491,4.645701116351773,0.7519295372458603
19,s2_wifi_degraded,7.862727723450558,4.97492979510894,True,False,False,graph_diffusion_1,49,9.382333997373843,4.64553653320275,0.5921377341769712
19,s2_wifi_degraded,7.862727723450558,4.97492979510894,True,False,False,graph_diffusion_3,49,9.267862223337264,4.645291413143138,0.3991482863501489
19,s2_wifi_degraded,7.862727723450558,4.97492979510894,True,False,False,laplacian,49,9.356543690804772,4.6457141825930055,0.601454884459544
20,s2_wifi_degraded,7.939266457295782,5.129541394281456,True,False,False,static_raw,58,8.988278993525947,6.3311447380092325,0.5026015597896429
20,s2_wifi_degraded,7.939266457295782,5.129541394281456,True,False,False,graph_diffusion_1,58,8.95649014720882,6.307596362891347,0.38261441204180885
20,s2_wifi_degraded,7.939266457295782,5.129541394281456,True,False,False,graph_diffusion_3,58,8.892535022477276,6.271793166523824,0.244560465019629
20,s2_wifi_degraded,7.939266457295782,5.129541394281456,True,False,False,laplacian,58,8.939561432991432,6.325017022800775,0.3734687557272306
21,s2_wifi_degraded,8.011102297567714,5.276303396065385,True,False,False,static_raw,58,5.990515678348653,3.4126263744564205,0.4878609166886043
21,s2_wifi_degraded,8.011102297567714,5.276303396065385,True,False,False,graph_diffusion_1,58,6.031218775325418,3.455149110083353,0.36373468288170996
21,s2_wifi_degraded,8.011102297567714,5.276303396065385,True,False,False,graph_diffusion_3,58,6.08169558609126,3.5229777054508347,0.22149194780396636
21,s2_wifi_degraded,8.011102297567714,5.276303396065385,True,False,False,laplacian,58,5.987916441996893,3.4362027108999467,0.356724628441936
22,s2_wifi_degraded,8.343062278059984,5.445902988798278,False,False,False,static_raw,58,8.139613935162455,5.304051182759187,0.5716455197568804
22,s2_wifi_degraded,8.343062278059984,5.445902988798278,False,False,False,graph_diffusion_1,58,8.152638203996563,5.30608355720883,0.43444764588303797
22,s2_wifi_degraded,8.343062278059984,5.445902988798278,False,False,False,graph_diffusion_3,58,8.160628300299333,5.308797867813676,0.27625227529526114
22,s2_wifi_degraded,8.343062278059984,5.445902988798278,False,False,False,laplacian,58,8.129123587144752,5.304040169639115,0.42799657327501905
23,s2_wifi_degraded,8.52052164720882,5.6027346910434765,False,False,False,static_raw,58,8.228828797235526,5.323144500001327,0.5788172782679798
23,s2_wifi_degraded,8.52052164720882,5.6027346910434765,False,False,False,graph_diffusion_1,58,8.237667389711861,5.324824428579026,0.4402949937403962
23,s2_wifi_degraded,8.52052164720882,5.6027346910434765,False,False,False,graph_diffusion_3,58,8.238687921970987,5.3270488496473085,0.28033795426477254
23,s2_wifi_degraded,8.52052164720882,5.6027346910434765,False,False,False,laplacian,58,8.214867688478071,5.323127545514465,0.43350464086382706
24,s2_wifi_degraded,8.840063415262575,5.876328672083288,False,False,False,static_raw,69,8.720379816970175,5.809650913484861,0.5150069781392044
24,s2_wifi_degraded,8.840063415262575,5.876328672083288,False,False,False,graph_diffusion_1,69,8.676967692066983,5.801420650295339,0.39509601814370415
24,s2_wifi_degraded,8.840063415262575,5.876328672083288,False,False,False,graph_diffusion_3,69,8.597587304642838,5.788516681492531,0.25738036245740153
24,s2_wifi_degraded,8.840063415262575,5.876328672083288,False,False,False,laplacian,69,8.665795480949297,5.809612760296129,0.40819308234852353
25,s2_wifi_degraded,9.133542118122302,6.275738550131283,False,False,False,static_raw,69,8.60938649851745,5.962678371140849,0.5387060042721843
25,s2_wifi_degraded,9.133542118122302,6.275738550131283,False,False,False,graph_diffusion_1,69,8.56227623983408,5.956598173707435,0.416074973839213
25,s2_wifi_degraded,9.133542118122302,6.275738550131283,False,False,False,graph_diffusion_3,69,8.476800489553446,5.947225832833239,0.2735198516599354
25,s2_wifi_degraded,9.133542118122302,6.275738550131283,False,False,False,laplacian,69,8.552772139560707,5.962554045781983,0.4284136750312795
26,s2_wifi_degraded,9.35618800793218,6.65718067016028,False,False,False,static_raw,69,9.038909439962655,5.807404090821896,0.5251675312502164
26,s2_wifi_degraded,9.35618800793218,6.65718067016028,False,False,False,graph_diffusion_1,69,8.991352775492148,5.799637494023443,0.40647460022515675
26,s2_wifi_degraded,9.35618800793218,6.65718067016028,False,False,False,graph_diffusion_3,69,8.903064933167217,5.787790245820716,0.2695748729396182
26,s2_wifi_degraded,9.35618800793218,6.65718067016028,False,False,False,laplacian,69,8.975017635070202,5.807361731047437,0.41869116138309354
27,s2_wifi_degraded,9.561103088027537,7.107641397521033,False,False,False,static_raw,79,8.945936483788582,7.723985010503708,0.5369790651392077
27,s2_wifi_degraded,9.561103088027537,7.107641397521033,False,False,False,graph_diffusion_1,79,8.90278671797259,7.725480366229855,0.41621845343809666
27,s2_wifi_degraded,9.561103088027537,7.107641397521033,False,False,False,graph_diffusion_3,79,8.823623467236848,7.729273763183148,0.2761949145245086
27,s2_wifi_degraded,9.561103088027537,7.107641397521033,False,False,False,laplacian,79,8.887713253793095,7.714209607194973,0.4299020322176493
28,s2_wifi_degraded,9.62294450389752,7.287936096739562,False,False,False,static_raw,79,8.278855121176761,6.841930573483968,0.5249553633058932
28,s2_wifi_degraded,9.62294450389752,7.287936096739562,False,False,False,graph_diffusion_1,79,8.230298822625787,6.835415015078773,0.4031231520038405
28,s2_wifi_degraded,9.62294450389752,7.287936096739562,False,False,False,graph_diffusion_3,79,8.1484084381616,6.834991220337392,0.2611001868578283
28,s2_wifi_degraded,9.62294450389752,7.287936096739562,False,False,False,laplacian,79,8.2257337452519,6.8407049601504655,0.4159973177733651
29,s2_wifi_degraded,9.567042849149868,7.590650497286169,False,False,False,static_raw,79,9.372325889354336,6.928899115463099,0.5723852379487289
29,s2_wifi_degraded,9.567042849149868,7.590650497286169,False,False,False,graph_diffusion_1,79,9.31383091812382,6.926154067955734,0.451140972597018
29,s2_wifi_degraded,9.567042849149868,7.590650497286169,False,False,False,graph_diffusion_3,79,9.205960546257542,6.932055612516482,0.30584441034743237
29,s2_wifi_degraded,9.567042849149868,7.590650497286169,False,False,False,laplacian,79,9.290372003696563,6.927543366415938,0.46002919388089303
30,s2_wifi_degraded,9.368809486427658,7.926124173973704,False,False,False,static_raw,79,8.419039861533916,8.061719881687946,0.5474521865510078
30,s2_wifi_degraded,9.368809486427658,7.926124173973704,False,False,False,graph_diffusion_1,79,8.369510879219947,8.0431138387022,0.42909167658659203
30,s2_wifi_degraded,9.368809486427658,7.926124173973704,False,False,False,graph_diffusion_3,79,8.28291077868993,8.014162214431689,0.288442296168983
30,s2_wifi_degraded,9.368809486427658,7.926124173973704,False,False,False,laplacian,79,8.35462491438261,8.040549791697062,0.43764726257710673
31,s2_wifi_degraded,9.317903367352146,8.04732779879347,False,False,False,static_raw,89,7.969373021993664,8.506524459224071,0.577546317367073
31,s2_wifi_degraded,9.317903367352146,8.04732779879347,False,False,False,graph_diffusion_1,89,7.95390246077692,8.509658031574636,0.4441972965582156
31,s2_wifi_degraded,9.317903367352146,8.04732779879347,False,False,False,graph_diffusion_3,89,7.8923716618937725,8.482809998935169,0.2987733222413281
31,s2_wifi_degraded,9.317903367352146,8.04732779879347,False,False,False,laplacian,89,7.912625592605464,8.483775811938969,0.4632574862457347
32,s2_wifi_degraded,9.186332412855084,8.43241929333643,False,False,False,static_raw,89,8.739670311856532,8.56572973871863,0.5508626505897789
32,s2_wifi_degraded,9.186332412855084,8.43241929333643,False,False,False,graph_diffusion_1,89,8.708516495746464,8.572139496939858,0.4212472449004972
32,s2_wifi_degraded,9.186332412855084,8.43241929333643,False,False,False,graph_diffusion_3,89,8.630747950900414,8.548180417576452,0.2842452560847017
32,s2_wifi_degraded,9.186332412855084,8.43241929333643,False,False,False,laplacian,89,8.6809220622777,8.541229447010354,0.4431419597502323
33,s2_wifi_degraded,9.112727671229193,8.796655767469591,False,False,False,static_raw,98,8.928275137195051,9.032229744274069,0.5185379720935571
33,s2_wifi_degraded,9.112727671229193,8.796655767469591,False,False,False,graph_diffusion_1,98,8.906031040135273,8.98993984698033,0.4067981927778599
33,s2_wifi_degraded,9.112727671229193,8.796655767469591,False,False,False,graph_diffusion_3,98,8.844344624323552,8.898716415828758,0.28514186273155795
33,s2_wifi_degraded,9.112727671229193,8.796655767469591,False,False,False,laplacian,98,8.883206836198726,8.966243582796803,0.4208308473989109
34,s2_wifi_degraded,9.270799859312152,9.22745450829668,False,False,False,static_raw,98,6.218516663554348,9.234496176831092,0.4912888209381661
34,s2_wifi_degraded,9.270799859312152,9.22745450829668,False,False,False,graph_diffusion_1,98,6.256678172029986,9.18820224688664,0.3713659951520109
34,s2_wifi_degraded,9.270799859312152,9.22745450829668,False,False,False,graph_diffusion_3,98,6.259179654133755,9.090972230663533,0.24273634452769416
34,s2_wifi_degraded,9.270799859312152,9.22745450829668,False,False,False,laplacian,98,6.213268847172664,9.161152657312082,0.3903896081617988
35,s2_wifi_degraded,9.423420837008932,9.422997081607893,True,False,False,static_raw,99,9.499353060442475,9.093693511828809,0.7753968487727797
35,s2_wifi_degraded,9.423420837008932,9.422997081607893,True,False,False,graph_diffusion_1,99,9.415249517455107,9.005423365670268,0.6361418373353374
35,s2_wifi_degraded,9.423420837008932,9.422997081607893,True,False,False,graph_diffusion_3,99,9.266908014517934,8.860792810631294,0.45497390718388336
35,s2_wifi_degraded,9.423420837008932,9.422997081607893,True,False,False,laplacian,99,9.407798472048272,9.021772233726802,0.6621257747662779
36,s2_wifi_degraded,9.481110661263054,9.62212971253768,True,False,False,static_raw,99,5.810992943165987,9.038866544329567,0.5000000006407292
36,s2_wifi_degraded,9.481110661263054,9.62212971253768,True,False,False,graph_diffusion_1,99,5.585170983572975,8.963915488647693,0.38940940209434977
36,s2_wifi_degraded,9.481110661263054,9.62212971253768,True,False,False,graph_diffusion_3,99,5.26846859540948,8.843189161418334,0.25494334143299185
36,s2_wifi_degraded,9.481110661263054,9.62212971253768,True,False,False,laplacian,99,5.769006921725694,8.97573031960782,0.4221740280910336
37,s2_wifi_degraded,9.541752579513968,9.92203908827878,True,False,False,static_raw,99,9.135965559713807,9.34560583153266,0.6341285305936644
37,s2_wifi_degraded,9.541752579513968,9.92203908827878,True,False,False,graph_diffusion_1,99,9.063324308550456,9.267521793906054,0.5298100736947937
37,s2_wifi_degraded,9.541752579513968,9.92203908827878,True,False,False,graph_diffusion_3,99,8.940946379564952,9.132032083200167,0.3945542291465975
37,s2_wifi_degraded,9.541752579513968,9.92203908827878,True,False,False,laplacian,99,9.070460644102017,9.265475307745533,0.5519383575411061
38,s2_wifi_degraded,9.402562603553038,9.543991147418636,True,False,False,static_raw,99,9.386201400961564,6.540888534887644,0.5000000011888137
38,s2_wifi_degraded,9.402562603553038,9.543991147418636,True,False,False,graph_diffusion_1,99,9.309987063585384,6.388547572739995,0.3941197564553713
38,s2_wifi_degraded,9.402562603553038,9.543991147418636,True,False,False,graph_diffusion_3,99,9.177695903242306,6.174514053348936,0.26346512779915
38,s2_wifi_degraded,9.402562603553038,9.543991147418636,True,False,False,laplacian,99,9.302640821503461,6.495304130815562,0.4221743704700122
39,s2_wifi_degraded,9.44479730227728,9.391504817262849,True,False,False,static_raw,99,8.609973213959655,8.318926642960928,0.50026153020316
39,s2_wifi_degraded,9.44479730227728,9.391504817262849,True,False,False,graph_diffusion_1,99,8.528179615993931,8.222206189849139,0.3906642254898701
39,s2_wifi_degraded,9.44479730227728,9.391504817262849,True,False,False,graph_diffusion_3,99,8.406716303453427,8.081578928539768,0.2583481439466585
39,s2_wifi_degraded,9.44479730227728,9.391504817262849,True,False,False,laplacian,99,8.560898674228199,8.271342276328461,0.42314338257633616
40,s2_wifi_degraded,9.525454359161255,8.940867722935458,True,False,False,static_raw,89,8.763971349722363,8.620783320096129,0.6183394866352353
40,s2_wifi_degraded,9.525454359161255,8.940867722935458,True,False,False,graph_diffusion_1,89,8.734414916206205,8.609568013258999,0.49025395087411994
40,s2_wifi_degraded,9.525454359161255,8.940867722935458,True,False,False,graph_diffusion_3,89,8.654189753595185,8.566479418936446,0.34260379379894085
40,s2_wifi_degraded,9.525454359161255,8.940867722935458,True,False,False,laplacian,89,8.68811016705604,8.592580164815216,0.5019395956711921
41,s2_wifi_degraded,9.823585243977655,8.584999463128653,True,False,False,static_raw,99,9.442926936599989,9.381512258632974,0.8923509119903322
41,s2_wifi_degraded,9.823585243977655,8.584999463128653,True,False,False,graph_diffusion_1,99,9.356294993652174,9.293762001513823,0.7335131663501874
41,s2_wifi_degraded,9.823585243977655,8.584999463128653,True,False,False,graph_diffusion_3,99,9.204251910320204,9.143311483874111,0.5231031258512505
41,s2_wifi_degraded,9.823585243977655,8.584999463128653,True,False,False,laplacian,99,9.352761344988963,9.298310701003746,0.759052553587485
42,s2_wifi_degraded,9.694700842723162,8.966546447675274,True,False,False,static_raw,99,9.400582347871238,8.084659041037357,0.5151092880460175
42,s2_wifi_degraded,9.694700842723162,8.966546447675274,True,False,False,graph_diffusion_1,99,9.324626332814438,7.987706361240242,0.41123600046606984
42,s2_wifi_degraded,9.694700842723162,8.966546447675274,True,False,False,graph_diffusion_3,99,9.192291562647917,7.846815352203289,0.2840210993178408
42,s2_wifi_degraded,9.694700842723162,8.966546447675274,True,False,False,laplacian,99,9.316652486529293,8.03688221706303,0.4383667036529942
43,s2_wifi_degraded,9.569223421271444,9.326938465999294,True,False,False,static_raw,99,9.019408357052075,9.14994584446366,0.5611602253438596
43,s2_wifi_degraded,9.569223421271444,9.326938465999294,True,False,False,graph_diffusion_1,99,8.948182448278176,9.073563040110965,0.46201491833772684
43,s2_wifi_degraded,9.569223421271444,9.326938465999294,True,False,False,graph_diffusion_3,99,8.831565077454059,8.946050872749504,0.3391002365333679
43,s2_wifi_degraded,9.569223421271444,9.326938465999294,True,False,False,laplacian,99,8.959315869131391,9.08051580280031,0.48739165524769723
44,s2_wifi_degraded,9.534535416987817,9.784343768551336,True,False,False,static_raw,99,7.598762444986978,5.492394737227808,0.5000000003267406
44,s2_wifi_degraded,9.534535416987817,9.784343768551336,True,False,False,graph_diffusion_1,99,7.475162881397948,5.294977301065584,0.391844415191566
44,s2_wifi_degraded,9.534535416987817,9.784343768551336,True,False,False,graph_diffusion_3,99,7.298756509390131,5.030356392000678,0.2593677049241644
44,s2_wifi_degraded,9.534535416987817,9.784343768551336,True,False,False,laplacian,99,7.55262297722685,5.466929441305354,0.4221740060890025
45,s2_wifi_degraded,9.54487381028695,9.92332836828298,False,False,False,static_raw,99,8.08054410498663,9.114270654842846,0.6305804223065314
45,s2_wifi_degraded,9.54487381028695,9.92332836828298,False,False,False,graph_diffusion_1,99,7.981433224939817,9.032731216065546,0.5160104260100213
45,s2_wifi_degraded,9.54487381028695,9.92332836828298,False,False,False,graph_diffusion_3,99,7.830377348841237,8.897709456043556,0.3693828429051356
45,s2_wifi_degraded,9.54487381028695,9.92332836828298,False,False,False,laplacian,99,8.020056911266275,9.045355129958313,0.5409251261085041
46,s2_wifi_degraded,9.558162041417896,9.663482828106742,False,False,False,static_raw,99,8.962707722584968,9.319163533123671,0.5883261887946926
46,s2_wifi_degraded,9.558162041417896,9.663482828106742,False,False,False,graph_diffusion_1,99,8.889349248948246,9.242183276161478,0.48984037367520394
46,s2_wifi_degraded,9.558162041417896,9.663482828106742,False,False,False,graph_diffusion_3,99,8.76936583746537,9.109163159233574,0.3642703535590033
46,s2_wifi_degraded,9.558162041417896,9.663482828106742,False,False,False,laplacian,99,8.902825355093874,9.240601738692757,0.5125139841494751
47,s2_wifi_degraded,9.5646528065164,9.424365913186056,False,False,False,static_raw,99,9.257705790024634,8.895952952917854,0.6115135681660204
47,s2_wifi_degraded,9.5646528065164,9.424365913186056,False,False,False,graph_diffusion_1,99,9.17810791558598,8.814757738085962,0.502338377098264
47,s2_wifi_degraded,9.5646528065164,9.424365913186056,False,False,False,graph_diffusion_3,99,9.042166790723165,8.684662183602025,0.3641231628854294
47,s2_wifi_degraded,9.5646528065164,9.424365913186056,False,False,False,laplacian,99,9.178754678126985,8.834973993872541,0.527527009843197
48,s2_wifi_degraded,9.50103939557558,9.114055937821927,False,False,False,static_raw,99,7.929609089858876,8.881544232977882,0.5525290892323247
48,s2_wifi_degraded,9.50103939557558,9.114055937821927,False,False,False,graph_diffusion_1,99,7.811871066385073,8.79924468348219,0.44588023568137714
48,s2_wifi_degraded,9.50103939557558,9.114055937821927,False,False,False,graph_diffusion_3,99,7.63948972014112,8.667964623503238,0.3140075581105752
48,s2_wifi_degraded,9.50103939557558,9.114055937821927,False,False,False,laplacian,99,7.8751180780019965,8.820690747354561,0.47395473208488237
49,s2_wifi_degraded,9.414656161118282,8.731094504017625,False,False,False,static_raw,89,7.035271069609452,7.856943701174945,0.5299662091777485
49,s2_wifi_degraded,9.414656161118282,8.731094504017625,False,False,False,graph_diffusion_1,89,7.034581165382913,7.880938372811833,0.39915969090600134
49,s2_wifi_degraded,9.414656161118282,8.731094504017625,False,False,False,graph_diffusion_3,89,6.986998921471714,7.880103598425338,0.25860658777979495
49,s2_wifi_degraded,9.414656161118282,8.731094504017625,False,False,False,laplacian,89,6.992422413717625,7.847801499086214,0.41960214721023165
50,s2_wifi_degraded,9.21633605588256,8.49062670552971,False,False,False,static_raw,89,8.281808748074601,8.70818087755055,0.5486502447365978
50,s2_wifi_degraded,9.21633605588256,8.49062670552971,False,False,False,graph_diffusion_1,89,8.259310041382228,8.701740367890526,0.4243274461333282
50,s2_wifi_degraded,9.21633605588256,8.49062670552971,False,False,False,graph_diffusion_3,89,8.190778605195106,8.661113680891837,0.2902969269467743
50,s2_wifi_degraded,9.21633605588256,8.49062670552971,False,False,False,laplacian,89,8.223509542391119,8.676542030132303,0.4425433574419516
51,s2_wifi_degraded,9.11760935449355,8.438577566893754,False,False,False,static_raw,89,8.655749623458673,7.15358097760965,0.5011435904132157
51,s2_wifi_degraded,9.11760935449355,8.438577566893754,False,False,False,graph_diffusion_1,89,8.632206995309515,7.185632903024827,0.37187107487184823
51,s2_wifi_degraded,9.11760935449355,8.438577566893754,False,False,False,graph_diffusion_3,89,8.567238066512852,7.189816433325905,0.23464225568361358
51,s2_wifi_degraded,9.11760935449355,8.438577566893754,False,False,False,laplacian,89,8.60367467586297,7.149626693448585,0.39352801626332834
52,s2_wifi_degraded,8.922779282926651,8.205081914366874,False,False,False,static_raw,88,7.422377040308336,8.557773640956965,0.5536134397851693
52,s2_wifi_degraded,8.922779282926651,8.205081914366874,False,False,False,graph_diffusion_1,88,7.45396230204706,8.554922652232332,0.41444782869694763
52,s2_wifi_degraded,8.922779282926651,8.205081914366874,False,False,False,graph_diffusion_3,88,7.495909960111447,8.53921415364794,0.258574421629203
52,s2_wifi_degraded,8.922779282926651,8.205081914366874,False,False,False,laplacian,88,7.416211518761352,8.53310676090849,0.41367311438110804
53,s2_wifi_degraded,8.733693244154269,8.016610598714413,False,False,False,static_raw,88,7.631129354748773,7.65534114799852,0.37942217416963336
53,s2_wifi_degraded,8.733693244154269,8.016610598714413,False,False,False,graph_diffusion_1,88,7.65819342792013,7.675034419301478,0.292592037140707
53,s2_wifi_degraded,8.733693244154269,8.016610598714413,False,False,False,graph_diffusion_3,88,7.692780731687373,7.702109681201196,0.19128741178295658
53,s2_wifi_degraded,8.733693244154269,8.016610598714413,False,False,False,laplacian,88,7.625587668430887,7.64957121074546,0.2899900906310676
54,s2_wifi_degraded,8.604067606013617,7.71418254806786,False,False,False,static_raw,78,6.4956398358852825,7.163513726063705,0.511747954765162
54,s2_wifi_degraded,8.604067606013617,7.71418254806786,False,False,False,graph_diffusion_1,78,6.520515475054732,7.1687137567605586,0.3813374959153321
54,s2_wifi_degraded,8.604067606013617,7.71418254806786,False,False,False,graph_diffusion_3,78,6.549990498981091,7.179590487894532,0.2323376386092512
54,s2_wifi_degraded,8.604067606013617,7.71418254806786,False,False,False,laplacian,78,6.492474540545659,7.160818649837809,0.3759016648952364
55,s2_wifi_degraded,8.380292121918876,7.508518197183664,False,False,False,static_raw,78,8.264088794141152,8.16155798022316,0.5239027080883237
55,s2_wifi_degraded,8.380292121918876,7.508518197183664,False,False,False,graph_diffusion_1,78,8.280386172321704,8.142014723590204,0.3948849685316665
55,s2_wifi_degraded,8.380292121918876,7.508518197183664,False,False,False,graph_diffusion_3,78,8.290557964503764,8.106728529190796,0.2481397230428675
55,s2_wifi_degraded,8.380292121918876,7.508518197183664,False,False,False,laplacian,78,8.254118870626314,8.137121388023202,0.39030010094972784
56,s2_wifi_degraded,8.261298236940235,7.032237617033076,False,False,False,static_raw,78,8.110796005635349,6.347417949653091,0.5037911867557293
56,s2_wifi_degraded,8.261298236940235,7.032237617033076,False,False,False,graph_diffusion_1,78,8.125063271225498,6.357310170012091,0.3750117701147282
56,s2_wifi_degraded,8.261298236940235,7.032237617033076,False,False,False,graph_diffusion_3,78,8.136105898679372,6.37618310076595,0.22873834692437892
56,s2_wifi_degraded,8.261298236940235,7.032237617033076,False,False,False,laplacian,78,8.10135905496917,6.347082507419415,0.36996627434858526
57,s2_wifi_degraded,8.367834526148913,6.700942345233571,False,False,False,static_raw,68,8.219575217278454,5.9261976369238,0.53710130525205
57,s2_wifi_degraded,8.367834526148913,6.700942345233571,False,False,False,graph_diffusion_1,68,8.231574440621886,5.931217367395781,0.40582874949153547
57,s2_wifi_degraded,8.367834526148913,6.700942345233571,False,False,False,graph_diffusion_3,68,8.237634709199886,5.938129526512044,0.25591808405933447
57,s2_wifi_degraded,8.367834526148913,6.700942345233571,False,False,False,laplacian,68,8.208224634161834,5.9261440596965285,0.4003443572405409
58,s2_wifi_degraded,8.353958878788386,6.494196804329148,False,False,False,static_raw,68,8.007111148545537,5.880465431484736,0.5320871630590955
58,s2_wifi_degraded,8.353958878788386,6.494196804329148,False,False,False,graph_diffusion_1,68,8.02106162223152,5.88643960451995,0.400857984022072
58,s2_wifi_degraded,8.353958878788386,6.494196804329148,False,False,False,graph_diffusion_3,68,8.030699931306668,5.894639303173242,0.25104177003689515
58,s2_wifi_degraded,8.353958878788386,6.494196804329148,False,False,False,laplacian,68,7.996955304463137,5.880409094332018,0.3951070408209976
59,s2_wifi_degraded,8.336546429042226,6.293616283957347,False,False,False,static_raw,68,8.028357595936235,5.70912311364114,0.5170186627620507
59,s2_wifi_degraded,8.336546429042226,6.293616283957347,False,False,False,graph_diffusion_1,68,8.042324294546262,5.7164803308202785,0.38812764932460253
59,s2_wifi_degraded,8.336546429042226,6.293616283957347,False,False,False,graph_diffusion_3,68,8.052069674258274,5.726370081178562,0.24150296553460043
59,s2_wifi_degraded,8.336546429042226,6.293616283957347,False,False,False,laplacian,68,8.01847939603382,5.709101993378348,0.382686284716117
60,s2_wifi_degraded,8.40346815147133,6.116995442632617,True,False,False,static_raw,69,5.041384941712074,5.677453379821253,0.5000000434187313
60,s2_wifi_degraded,8.40346815147133,6.116995442632617,True,False,False,graph_diffusion_1,69,5.033829619983789,5.675962325226164,0.3824557288267738
60,s2_wifi_degraded,8.40346815147133,6.116995442632617,True,False,False,graph_diffusion_3,69,5.022259069501095,5.6741825679658096,0.24474887680842175
60,s2_wifi_degraded,8.40346815147133,6.116995442632617,True,False,False,laplacian,69,5.0384492526125495,5.677478936541643,0.3915388985874806
61,s2_wifi_degraded,8.546844700935843,5.924881887661858,True,False,False,static_raw,69,9.421411426250216,4.969148723868336,0.5000365812720338
61,s2_wifi_degraded,8.546844700935843,5.924881887661858,True,False,False,graph_diffusion_1,69,9.360913385784794,4.96456183541384,0.38202684717019
61,s2_wifi_degraded,8.546844700935843,5.924881887661858,True,False,False,graph_diffusion_3,69,9.248625123895684,4.954730032977704,0.24477135233668307
61,s2_wifi_degraded,8.546844700935843,5.924881887661858,True,False,False,laplacian,69,9.33589888760826,4.969235396143023,0.39201312969996976
62,s2_wifi_degraded,8.729904160776496,5.547744951919951,True,False,False,static_raw,58,6.894410884961174,3.1399609251841913,0.49999999995679784
62,s2_wifi_degraded,8.729904160776496,5.547744951919951,True,False,False,graph_diffusion_1,58,6.929472617464534,3.2004089933493125,0.3729870277489377
62,s2_wifi_degraded,8.729904160776496,5.547744951919951,True,False,False,graph_diffusion_3,58,6.973510472483808,3.29804928812141,0.22729953267122927
62,s2_wifi_degraded,8.729904160776496,5.547744951919951,True,False,False,laplacian,58,6.890562501637699,3.174553815342423,0.3649349306676973
63,s2_wifi_degraded,8.77202584280195,5.143629060389316,True,False,False,static_raw,59,9.296963191396458,6.471958643589041,0.5244403068762005
63,s2_wifi_degraded,8.77202584280195,5.143629060389316,True,False,False,graph_diffusion_1,59,9.241819196981888,6.480559664952332,0.4063086966020311
63,s2_wifi_degraded,8.77202584280195,5.143629060389316,True,False,False,graph_diffusion_3,59,9.138704504099831,6.490661158620428,0.26943096913106945
63,s2_wifi_degraded,8.77202584280195,5.143629060389316,True,False,False,laplacian,59,9.220807779556637,6.466669084265066,0.41765126754451076
64,s2_wifi_degraded,8.718437609453172,4.97610578105409,True,False,False,static_raw,49,8.75804272951704,6.02740258681275,0.500689992359291
64,s2_wifi_degraded,8.718437609453172,4.97610578105409,True,False,False,graph_diffusion_1,49,8.704498205359883,6.02395229571702,0.3841326725208786
64,s2_wifi_degraded,8.718437609453172,4.97610578105409,True,False,False,graph_diffusion_3,49,8.605035875792096,6.01659427608602,0.2490172131240787
64,s2_wifi_degraded,8.718437609453172,4.97610578105409,True,False,False,laplacian,49,8.684942966136065,6.019701432020492,0.394007784997447
65,s2_wifi_degraded,8.667563530000693,4.866630764710654,True,False,False,static_raw,49,9.047843428079007,6.3321099694239,0.5000276152293827
65,s2_wifi_degraded,8.667563530000693,4.866630764710654,True,False,False,graph_diffusion_1,49,9.003090032337884,6.355728255011533,0.3773066873215037
65,s2_wifi_degraded,8.667563530000693,4.866630764710654,True,False,False,graph_diffusion_3,49,8.917993588442807,6.384848804515971,0.23685754338542422
65,s2_wifi_degraded,8.667563530000693,4.866630764710654,True,False,False,laplacian,49,8.986499504130771,6.320241772270412,0.3917973989208007
66,s2_wifi_degraded,8.542366419283344,4.760216825616967,True,False,False,static_raw,48,8.834312145557533,3.4728148875252836,0.5000056751709047
66,s2_wifi_degraded,8.542366419283344,4.760216825616967,True,False,False,graph_diffusion_1,48,8.815357578410058,3.488755065828494,0.37312874614429414
66,s2_wifi_degraded,8.542366419283344,4.760216825616967,True,False,False,graph_diffusion_3,48,8.77329548189326,3.5031439634823967,0.22825701651540084
66,s2_wifi_degraded,8.542366419283344,4.760216825616967,True,False,False,laplacian,48,8.796618221269455,3.4742325301561374,0.3659179581831668
67,s2_wifi_degraded,8.382687489621802,4.499553999003734,True,False,False,static_raw,48,7.293286629097001,4.773366521510459,0.5018089587275437
67,s2_wifi_degraded,8.382687489621802,4.499553999003734,True,False,False,graph_diffusion_1,48,7.31622220719644,4.770574947902274,0.3739730856032514
67,s2_wifi_degraded,8.382687489621802,4.499553999003734,True,False,False,graph_diffusion_3,48,7.341178230293774,4.766771706419583,0.22892813901895392
67,s2_wifi_degraded,8.382687489621802,4.499553999003734,True,False,False,laplacian,48,7.289346413619449,4.773370439713272,0.3682556045923518
68,s2_wifi_degraded,8.31381336958047,4.356990528873265,False,False,False,static_raw,48,8.462961458536054,4.059312829836971,0.5509379602275131
68,s2_wifi_degraded,8.31381336958047,4.356990528873265,False,False,False,graph_diffusion_1,48,8.46458189858705,4.063408387382075,0.4206030105575528
68,s2_wifi_degraded,8.31381336958047,4.356990528873265,False,False,False,graph_diffusion_3,48,8.453583692508184,4.068213112420965,0.2705583105060996
68,s2_wifi_degraded,8.31381336958047,4.356990528873265,False,False,False,laplacian,48,8.443405918889113,4.059646004758595,0.4142203304891888
69,s2_wifi_degraded,8.173199902177743,4.055129301838792,False,False,False,static_raw,39,8.395037044238403,3.363267980853596,0.5179310349801909
69,s2_wifi_degraded,8.173199902177743,4.055129301838792,False,False,False,graph_diffusion_1,39,8.35002690271151,3.3618909308404326,0.3972750680986216
69,s2_wifi_degraded,8.173199902177743,4.055129301838792,False,False,False,graph_diffusion_3,39,8.269756775643101,3.3590301231305606,0.25781818503542875
69,s2_wifi_degraded,8.173199902177743,4.055129301838792,False,False,False,laplacian,39,8.345467802993719,3.364986591276807,0.41009233912471904
70,s2_wifi_degraded,7.958876024659174,3.799783052657366,False,False,False,static_raw,37,7.609904922933647,3.713984003984282,0.5590161542160605
70,s2_wifi_degraded,7.958876024659174,3.799783052657366,False,False,False,graph_diffusion_1,37,7.60570424256154,3.7141434633139268,0.4285722902356704
70,s2_wifi_degraded,7.958876024659174,3.799783052657366,False,False,False,graph_diffusion_3,37,7.599243846543289,3.7135694979576788,0.2736402541074454
70,s2_wifi_degraded,7.958876024659174,3.799783052657366,False,False,False,laplacian,37,7.600457177630114,3.714692730819975,0.4173712231067605
71,s2_wifi_degraded,7.833669525191001,3.638141757452688,False,False,False,static_raw,37,7.045699152731792,3.173292394576313,0.5645876825014463
71,s2_wifi_degraded,7.833669525191001,3.638141757452688,False,False,False,graph_diffusion_1,37,7.045514171855889,3.1716816829624666,0.4314981136667968
71,s2_wifi_degraded,7.833669525191001,3.638141757452688,False,False,False,graph_diffusion_3,37,7.049533558994966,3.1696910044261877,0.2739647851266033
71,s2_wifi_degraded,7.833669525191001,3.638141757452688,False,False,False,laplacian,37,7.044902267464175,3.175422742108902,0.4205769380891166
72,s2_wifi_degraded,7.664684483724226,3.3337804086327285,False,False,False,static_raw,38,8.115639645225654,3.3169391737433074,0.579023764136358
72,s2_wifi_degraded,7.664684483724226,3.3337804086327285,False,False,False,graph_diffusion_1,38,8.124920861868306,3.3195748501163047,0.44044707483839035
72,s2_wifi_degraded,7.664684483724226,3.3337804086327285,False,False,False,graph_diffusion_3,38,8.127320908480954,3.323173916146797,0.27960722925837866
72,s2_wifi_degraded,7.664684483724226,3.3337804086327285,False,False,False,laplacian,38,8.103083846435187,3.3196597508871104,0.4332418981489018
73,s2_wifi_degraded,7.325126662205962,3.0900072935102134,False,False,False,static_raw,37,7.667684990619578,3.5089852925774765,0.6173586818558616
73,s2_wifi_degraded,7.325126662205962,3.0900072935102134,False,False,False,graph_diffusion_1,37,7.667103924062459,3.509170701071155,0.47485563419488164
73,s2_wifi_degraded,7.325126662205962,3.0900072935102134,False,False,False,graph_diffusion_3,37,7.666542793977034,3.5085750167947336,0.30394355853520966
73,s2_wifi_degraded,7.325126662205962,3.0900072935102134,False,False,False,laplacian,37,7.660597122604191,3.509498123786031,0.4622988033407989
74,s2_wifi_degraded,7.295614884999138,2.9887682845800643,False,False,False,static_raw,37,7.504294866431772,3.8268814489843272,0.5704969852680087
74,s2_wifi_degraded,7.295614884999138,2.9887682845800643,False,False,False,graph_diffusion_1,37,7.50558535361382,3.827833937058117,0.4387290160086177
74,s2_wifi_degraded,7.295614884999138,2.9887682845800643,False,False,False,graph_diffusion_3,37,7.509273224131979,3.828345114542112,0.28161357947469673
74,s2_wifi_degraded,7.295614884999138,2.9887682845800643,False,False,False,laplacian,37,7.499898655722482,3.827002496480126,0.4274253657612714
75,s2_wifi_degraded,7.296351451677773,2.798195708361908,False,False,False,static_raw,27,7.805902606708037,2.5160540985306796,0.6027553947341915
75,s2_wifi_degraded,7.296351451677773,2.798195708361908,False,False,False,graph_diffusion_1,27,7.798651668379963,2.518500594139077,0.45975398547574803
75,s2_wifi_degraded,7.296351451677773,2.798195708361908,False,False,False,graph_diffusion_3,27,7.787664123415589,2.5181513964715876,0.2898820726012243
75,s2_wifi_degraded,7.296351451677773,2.798195708361908,False,False,False,laplacian,27,7.793583114937744,2.5215100830063983,0.4477236295412433
76,s2_wifi_degraded,7.251642624966383,2.337893241987238,False,False,False,static_raw,27,7.940343562466588,2.8887033944321643,0.553299768544868
76,s2_wifi_degraded,7.251642624966383,2.337893241987238,False,False,False,graph_diffusion_1,27,7.929248971927382,2.8888198672362617,0.4205822061451934
76,s2_wifi_degraded,7.251642624966383,2.337893241987238,False,False,False,graph_diffusion_3,27,7.909315706241884,2.88361402943244,0.26440446414765256
76,s2_wifi_degraded,7.251642624966383,2.337893241987238,False,False,False,laplacian,27,7.9233047765466145,2.890468665700235,0.40980988027313786
77,s2_wifi_degraded,7.191112638050282,2.11104971712342,False,False,False,static_raw,27,6.87864953880866,2.3185158493227203,0.5213605002151607
77,s2_wifi_degraded,7.191112638050282,2.11104971712342,False,False,False,graph_diffusion_1,27,6.877229290882999,2.3185650266830806,0.39898645017677087
77,s2_wifi_degraded,7.191112638050282,2.11104971712342,False,False,False,graph_diffusion_3,27,6.880802288099902,2.318711101923881,0.25397331788720684
77,s2_wifi_degraded,7.191112638050282,2.11104971712342,False,False,False,laplacian,27,6.878174217709022,2.3254783904767367,0.3892653723644994
78,s2_wifi_degraded,7.088997127565227,1.8280730412017787,False,False,False,static_raw,17,6.989971533986039,1.3500214919707054,0.5161146096324698
78,s2_wifi_degraded,7.088997127565227,1.8280730412017787,False,False,False,graph_diffusion_1,17,6.995764227281781,1.356046749214845,0.39522357710566525
78,s2_wifi_degraded,7.088997127565227,1.8280730412017787,False,False,False,graph_diffusion_3,17,7.009679795039163,1.3795979915808936,0.25612993049261873
78,s2_wifi_degraded,7.088997127565227,1.8280730412017787,False,False,False,laplacian,17,6.989500868453819,1.376396228446679,0.3890110366775972
79,s2_wifi_degraded,7.114586335383993,1.531713950324241,False,False,False,static_raw,17,7.772308406243089,1.7757874169162693,0.5822974226124238
79,s2_wifi_degraded,7.114586335383993,1.531713950324241,False,False,False,graph_diffusion_1,17,7.76384847152336,1.7683679137784494,0.44280368606544335
79,s2_wifi_degraded,7.114586335383993,1.531713950324241,False,False,False,graph_diffusion_3,17,7.754367797000305,1.7658673042789612,0.2803388901032717
79,s2_wifi_degraded,7.114586335383993,1.531713950324241,False,False,False,laplacian,17,7.761832765114254,1.7890315592310027,0.4356323588816994
80,s2_wifi_degraded,7.170157133048356,1.3067743629177078,False,False,False,static_raw,17,7.128553489665343,1.2220320450255093,0.5093973272284996
80,s2_wifi_degraded,7.170157133048356,1.3067743629177078,False,False,False,graph_diffusion_1,17,7.133808021500523,1.2409205328775805,0.38776275395752124
80,s2_wifi_degraded,7.170157133048356,1.3067743629177078,False,False,False,graph_diffusion_3,17,7.14681538999712,1.2842301977671111,0.2506388844697636
80,s2_wifi_degraded,7.170157133048356,1.3067743629177078,False,False,False,laplacian,17,7.12594487162219,1.2598653484544118,0.38098337430059626
81,s2_wifi_degraded,7.201631077444322,1.1339839347561254,False,False,False,static_raw,7,7.398735637339659,1.1377037309493807,0.5039581289605786
81,s2_wifi_degraded,7.201631077444322,1.1339839347561254,False,False,False,graph_diffusion_1,7,7.395850425782679,1.176604658532551,0.3939994507113419
81,s2_wifi_degraded,7.201631077444322,1.1339839347561254,False,False,False,graph_diffusion_3,7,7.4006286957518475,1.2470070212043596,0.26603558711224745
81,s2_wifi_degraded,7.201631077444322,1.1339839347561254,False,False,False,laplacian,7,7.395636217922989,1.1900457764985908,0.40628604679843666
82,s2_wifi_degraded,7.155776983713249,0.8528139925624313,False,False,False,static_raw,7,7.541665883387866,0.9789768478365501,0.6404655540587162
82,s2_wifi_degraded,7.155776983713249,0.8528139925624313,False,False,False,graph_diffusion_1,7,7.542593199761281,1.0267733296558312,0.5011215699104984
82,s2_wifi_degraded,7.155776983713249,0.8528139925624313,False,False,False,graph_diffusion_3,7,7.554743692530243,1.112244234730613,0.3330821781534302
82,s2_wifi_degraded,7.155776983713249,0.8528139925624313,False,False,False,laplacian,7,7.539042743375278,1.041311814210381,0.5134324728500049
83,s2_wifi_degraded,6.976127786010122,0.4956267479912126,False,False,False,static_raw,7,7.647226066613104,1.0025957794380542,0.659811838461396
83,s2_wifi_degraded,6.976127786010122,0.4956267479912126,False,False,False,graph_diffusion_1,7,7.647080472168259,1.0516514503727152,0.5132625760061857
83,s2_wifi_degraded,6.976127786010122,0.4956267479912126,False,False,False,graph_diffusion_3,7,7.656544926818424,1.1382596432481422,0.3372066542887074
83,s2_wifi_degraded,6.976127786010122,0.4956267479912126,False,False,False,laplacian,7,7.641681820231058,1.065664198237943,0.5261966572650087
84,s2_wifi_degraded,6.74255867268218,0.0843728881784015,False,False,False,static_raw,6,6.404470941940865,0.809818360874671,0.6892674109863305
84,s2_wifi_degraded,6.74255867268218,0.0843728881784015,False,False,False,graph_diffusion_1,6,6.403949843496901,0.8628059607072496,0.539855777420938
84,s2_wifi_degraded,6.74255867268218,0.0843728881784015,False,False,False,graph_diffusion_3,6,6.404149499757196,0.9610668482872378,0.3617097620772667
84,s2_wifi_degraded,6.74255867268218,0.0843728881784015,False,False,False,laplacian,6,6.404202639782844,0.8818007433781355,0.5516754581447465
85,s2_wifi_degraded,7.064294392948221,0.3942671783051067,True,False,False,static_raw,6,6.702862269780888,2.6203278832308308,0.5000094745099262
85,s2_wifi_degraded,7.064294392948221,0.3942671783051067,True,False,False,graph_diffusion_1,6,6.706828244024748,2.67560302856645,0.37870548571421275
85,s2_wifi_degraded,7.064294392948221,0.3942671783051067,True,False,False,graph_diffusion_3,6,6.714643261047767,2.771919478098315,0.23834562447740745
85,s2_wifi_degraded,7.064294392948221,0.3942671783051067,True,False,False,laplacian,6,6.702243995198454,2.666141872080471,0.39159908167560614
86,s2_wifi_degraded,7.176188436555574,0.5060043216815018,True,False,False,static_raw,7,8.456627097195458,1.9244356467730315,0.5001455357466145
86,s2_wifi_degraded,7.176188436555574,0.5060043216815018,True,False,False,graph_diffusion_1,7,8.428286097768652,1.9587191906779728,0.3824468420133959
86,s2_wifi_degraded,7.176188436555574,0.5060043216815018,True,False,False,graph_diffusion_3,7,8.380322011554272,2.013891405749335,0.243395209482202
86,s2_wifi_degraded,7.176188436555574,0.5060043216815018,True,False,False,laplacian,7,8.41399555389557,1.9703482900494853,0.39170359551260336
87,s2_wifi_degraded,7.307226017604519,0.5668144077417742,True,False,False,static_raw,7,7.502667227123086,0.6294819293804532,0.8691185789591155
87,s2_wifi_degraded,7.307226017604519,0.5668144077417742,True,False,False,graph_diffusion_1,7,7.502411386372591,0.6886512377216744,0.6716966508610298
87,s2_wifi_degraded,7.307226017604519,0.5668144077417742,True,False,False,graph_diffusion_3,7,7.516387510839541,0.796901460076119,0.43473883921798345
87,s2_wifi_degraded,7.307226017604519,0.5668144077417742,True,False,False,laplacian,7,7.500918219653951,0.712170045773957,0.6865602567552886
88,s2_wifi_degraded,7.687860172244926,0.7189120364284933,True,False,False,static_raw,7,7.816460543552772,0.5661066809533915,0.670779371301183
88,s2_wifi_degraded,7.687860172244926,0.7189120364284933,True,False,False,graph_diffusion_1,7,7.835151314413082,0.6264076833675958,0.5299109169091107
88,s2_wifi_degraded,7.687860172244926,0.7189120364284933,True,False,False,graph_diffusion_3,7,7.855046651929532,0.7400043895911237,0.3600732891223037
88,s2_wifi_degraded,7.687860172244926,0.7189120364284933,True,False,False,laplacian,7,7.81276267797932,0.6521712564422367,0.5425383291261566
89,s2_wifi_degraded,7.983386792676343,0.8375621710500243,True,False,False,static_raw,8,8.977907630644252,0.5148330500725389,0.517329255493302
89,s2_wifi_degraded,7.983386792676343,0.8375621710500243,True,False,False,graph_diffusion_1,8,8.933218220724603,0.5883674226235944,0.4393606345151392
89,s2_wifi_degraded,7.983386792676343,0.8375621710500243,True,False,False,graph_diffusion_3,9,8.846721623376673,0.7237045677153278,0.3595025110811032
89,s2_wifi_degraded,7.983386792676343,0.8375621710500243,True,False,False,laplacian,8,8.929941715899663,0.6052796453644013,0.4364211213668575
90,s2_wifi_degraded,8.256293406597695,0.875446755726633,True,False,False,static_raw,8,8.97658627312906,0.7806429880665472,0.5107847787848491
90,s2_wifi_degraded,8.256293406597695,0.875446755726633,True,False,False,graph_diffusion_1,8,8.952487767526208,0.8248321368099332,0.40177507673038343
90,s2_wifi_degraded,8.256293406597695,0.875446755726633,True,False,False,graph_diffusion_3,8,8.885772266625265,0.9203816129645457,0.2877584589565486
90,s2_wifi_degraded,8.256293406597695,0.875446755726633,True,False,False,laplacian,8,8.92890328249421,0.8486993576961653,0.4172611541626831
91,s2_wifi_degraded,8.425989160054677,0.93045254740169,True,False,False,static_raw,8,8.838203537282693,0.7979147819775428,0.5674099830750341
91,s2_wifi_degraded,8.425989160054677,0.93045254740169,True,False,False,graph_diffusion_1,8,8.82999141610623,0.8393505934119496,0.4407798614664187
91,s2_wifi_degraded,8.425989160054677,0.93045254740169,True,False,False,graph_diffusion_3,8,8.785052301262889,0.930912137590658,0.30689860062441054
91,s2_wifi_degraded,8.425989160054677,0.93045254740169,True,False,False,laplacian,8,8.80213366147247,0.8645216871134644,0.4608288849248266
92,s2_wifi_degraded,8.863055882305986,1.1231286812777777,True,False,False,static_raw,8,8.917799612628047,0.6765625850811732,0.5531947332899305
92,s2_wifi_degraded,8.863055882305986,1.1231286812777777,True,False,False,graph_diffusion_1,8,8.892902446338066,0.7327500333407188,0.44280581686792114
92,s2_wifi_degraded,8.863055882305986,1.1231286812777777,True,False,False,graph_diffusion_3,8,8.828403539488008,0.8438310370233173,0.3190686781743284
92,s2_wifi_degraded,8.863055882305986,1.1231286812777777,True,False,False,laplacian,8,8.875050017217065,0.7533533929265412,0.45435026924660893
93,s2_wifi_degraded,9.23021965860404,1.1465464090231468,True,False,False,static_raw,19,9.123176981968365,1.0253468767115297,0.45935056991037554
93,s2_wifi_degraded,9.23021965860404,1.1465464090231468,True,False,False,graph_diffusion_1,19,9.08803474316175,1.0474155059743944,0.36180406053904224
93,s2_wifi_degraded,9.23021965860404,1.1465464090231468,True,False,False,graph_diffusion_3,19,9.005478139103019,1.1114513328554718,0.26213554758095553
93,s2_wifi_degraded,9.23021965860404,1.1465464090231468,True,False,False,laplacian,19,9.063192073133818,1.0728676310803347,0.3774905083006458
94,s2_wifi_degraded,9.37371170551081,1.169754508811914,False,False,False,static_raw,19,9.29270858678696,1.2133512335452914,0.6292386690731708
94,s2_wifi_degraded,9.37371170551081,1.169754508811914,False,False,False,graph_diffusion_1,19,9.242006373392156,1.219317957200789,0.4898385664242373
94,s2_wifi_degraded,9.37371170551081,1.169754508811914,False,False,False,graph_diffusion_3,19,9.13784622488037,1.259918440816564,0.338146386878493
94,s2_wifi_degraded,9.37371170551081,1.169754508811914,False,False,False,laplacian,19,9.218496548564984,1.2450946220160097,0.5098096646408176
95,s2_wifi_degraded,9.770217154834045,1.159649324523821,False,False,False,static_raw,9,9.279821945829113,0.7135675685906026,0.6559537155066983
95,s2_wifi_degraded,9.770217154834045,1.159649324523821,False,False,False,graph_diffusion_1,9,9.204797853910552,0.7888528827613995,0.548799104691944
95,s2_wifi_degraded,9.770217154834045,1.159649324523821,False,False,False,graph_diffusion_3,9,9.075884784482195,0.9183190899328924,0.40976025669256255
95,s2_wifi_degraded,9.770217154834045,1.159649324523821,False,False,False,laplacian,9,9.206691028795747,0.7872532792096115,0.5715231785894732
96,s2_wifi_degraded,9.5806362152392,1.1294724581913531,False,False,False,static_raw,8,8.967730855496514,0.8154859447555188,0.47686953358318296
96,s2_wifi_degraded,9.5806362152392,1.1294724581913531,False,False,False,graph_diffusion_1,8,8.943151586273686,0.8582015790225683,0.37943674532823995
96,s2_wifi_degraded,9.5806362152392,1.1294724581913531,False,False,False,graph_diffusion_3,8,8.87709161078169,0.9504851150604257,0.2762515708640165
96,s2_wifi_degraded,9.5806362152392,1.1294724581913531,False,False,False,laplacian,8,8.92079100143288,0.8806183221332661,0.39301484667947434
97,s2_wifi_degraded,9.431952925308204,0.9654622254894044,False,False,False,static_raw,8,8.850672232392343,0.779026376845615,0.5637187440348361
97,s2_wifi_degraded,9.431952925308204,0.9654622254894044,False,False,False,graph_diffusion_1,8,8.839558299284327,0.8231024532551693,0.44028205682395155
97,s2_wifi_degraded,9.431952925308204,0.9654622254894044,False,False,False,graph_diffusion_3,8,8.791378621724368,0.9179819841606544,0.308464875125458
97,s2_wifi_degraded,9.431952925308204,0.9654622254894044,False,False,False,laplacian,8,8.813555981251675,0.8472184010708296,0.4588268743289523
98,s2_wifi_degraded,9.360595724435434,0.6120686019402459,False,False,False,static_raw,9,9.23393557599831,0.7382555368930871,0.6186339988233833
98,s2_wifi_degraded,9.360595724435434,0.6120686019402459,False,False,False,graph_diffusion_1,9,9.161710846495051,0.8117065591984787,0.5175191927575555
98,s2_wifi_degraded,9.360595724435434,0.6120686019402459,False,False,False,graph_diffusion_3,9,9.038333940129622,0.9375706142228216,0.38828392426547537
98,s2_wifi_degraded,9.360595724435434,0.6120686019402459,False,False,False,laplacian,9,9.164655777458343,0.8098690625676498,0.5405999381613608
99,s2_wifi_degraded,9.26764607580253,0.4010204672213302,False,False,False,static_raw,9,9.254680368206085,0.7711354729162565,0.6189763603952201
99,s2_wifi_degraded,9.26764607580253,0.4010204672213302,False,False,False,graph_diffusion_1,9,9.181062381583434,0.8438964107416961,0.5170359484285665
99,s2_wifi_degraded,9.26764607580253,0.4010204672213302,False,False,False,graph_diffusion_3,9,9.055166286256256,0.9679113098899477,0.38695711679817285
99,s2_wifi_degraded,9.26764607580253,0.4010204672213302,False,False,False,laplacian,9,9.183319605379467,0.8405634957977964,0.5403908899979829
0,s3_vlp_blocked,3.50146586178358,2.794545781008381,False,False,False,static_raw,23,3.291894270701515,2.321436367556371,0.5771885538128642
0,s3_vlp_blocked,3.50146586178358,2.794545781008381,False,False,False,graph_diffusion_1,23,3.293097164321394,2.328837603760757,0.44256646737459754
0,s3_vlp_blocked,3.50146586178358,2.794545781008381,False,False,False,graph_diffusion_3,23,3.2955398775239555,2.340347105585958,0.28199390599737834
0,s3_vlp_blocked,3.50146586178358,2.794545781008381,False,False,False,laplacian,23,3.2952330200030597,2.3331892337602933,0.43049296080878996
1,s3_vlp_blocked,3.8334314692961406,3.0879105600798664,False,False,False,static_raw,33,3.5497649972081655,2.946942871271312,0.5533178504731179
1,s3_vlp_blocked,3.8334314692961406,3.0879105600798664,False,False,False,graph_diffusion_1,33,3.549884843486949,2.949767901792757,0.4242504985688562
1,s3_vlp_blocked,3.8334314692961406,3.0879105600798664,False,False,False,graph_diffusion_3,33,3.5498590446150144,2.956137250002222,0.2707031660387462
1,s3_vlp_blocked,3.8334314692961406,3.0879105600798664,False,False,False,laplacian,33,3.550873848469525,2.9544337913151755,0.41290443595375126
2,s3_vlp_blocked,4.0456173120900445,3.1263296245930507,False,False,False,static_raw,33,3.582752976347064,3.6374755943635106,0.581594610392118
2,s3_vlp_blocked,4.0456173120900445,3.1263296245930507,False,False,False,graph_diffusion_1,33,3.582149001210336,3.6375286909675233,0.4470968867516328
2,s3_vlp_blocked,4.0456173120900445,3.1263296245930507,False,False,False,graph_diffusion_3,33,3.581173261927788,3.6372638022107937,0.2869312246456437
2,s3_vlp_blocked,4.0456173120900445,3.1263296245930507,False,False,False,laplacian,33,3.583871024731776,3.6381315556123845,0.4350268227178717
3,s3_vlp_blocked,4.42592581634721,3.113695449768073,False,False,False,static_raw,24,3.6850088595599373,3.0116591724809925,0.5218225502229946
3,s3_vlp_blocked,4.42592581634721,3.113695449768073,False,False,False,graph_diffusion_1,24,3.6843608846877003,3.0125348857833116,0.3964704458934963
3,s3_vlp_blocked,4.42592581634721,3.113695449768073,False,False,False,graph_diffusion_3,24,3.6854931110553064,3.00975750358906,0.24879578292550306
3,s3_vlp_blocked,4.42592581634721,3.113695449768073,False,False,False,laplacian,24,3.6887253972407192,3.0131980731149386,0.3864415411698352
4,s3_vlp_blocked,4.708255729915193,3.19039433570727,False,False,False,static_raw,34,3.5120819101403185,3.909976900152498,0.5274666875434982
4,s3_vlp_blocked,4.708255729915193,3.19039433570727,False,False,False,graph_diffusion_1,34,3.5152700221262463,3.9101665493009685,0.40083743350702566
4,s3_vlp_blocked,4.708255729915193,3.19039433570727,False,False,False,graph_diffusion_3,34,3.5226737027257022,3.910062264993421,0.2515503813961135
4,s3_vlp_blocked,4.708255729915193,3.19039433570727,False,False,False,laplacian,34,3.5201670657950204,3.9103396580652836,0.3902438980662803
5,s3_vlp_blocked,4.978762662726669,3.137730843885924,False,False,False,static_raw,34,5.434388945574281,3.3130218585605493,0.5078567191076182
5,s3_vlp_blocked,4.978762662726669,3.137730843885924,False,False,False,graph_diffusion_1,34,5.435607184266117,3.3128659369981412,0.38441909260800455
5,s3_vlp_blocked,4.978762662726669,3.137730843885924,False,False,False,graph_diffusion_3,34,5.437982560920417,3.312706304155694,0.24031000344122824
5,s3_vlp_blocked,4.978762662726669,3.137730843885924,False,False,False,laplacian,34,5.433450078197803,3.3153499327732083,0.3749247094049021
6,s3_vlp_blocked,5.202025987228208,3.1529819162085304,False,False,False,static_raw,35,5.410275076148863,3.4654213254974917,0.5811141113913929
6,s3_vlp_blocked,5.202025987228208,3.1529819162085304,False,False,False,graph_diffusion_1,35,5.4098422320968655,3.466246536727721,0.4463542649925613
6,s3_vlp_blocked,5.202025987228208,3.1529819162085304,False,False,False,graph_diffusion_3,35,5.408943947790136,3.4676763367596086,0.28562138623157524
6,s3_vlp_blocked,5.202025987228208,3.1529819162085304,False,False,False,laplacian,35,5.409535480179407,3.468045402152211,0.4340067939540193
7,s3_vlp_blocked,5.347337808465035,3.292281793156062,False,False,False,static_raw,35,5.992196203245508,4.170914645270157,0.5263835029256198
7,s3_vlp_blocked,5.347337808465035,3.292281793156062,False,False,False,graph_diffusion_1,35,5.994004757784366,4.171816380129852,0.40068174137694407
7,s3_vlp_blocked,5.347337808465035,3.292281793156062,False,False,False,graph_diffusion_3,35,5.996955623705498,4.173266930555636,0.2529347652279351
7,s3_vlp_blocked,5.347337808465035,3.292281793156062,False,False,False,laplacian,35,5.990969578444632,4.170953489198528,0.3903890829905767
8,s3_vlp_blocked,5.716827179474,3.58088982297864,False,False,False,static_raw,35,6.352172344028231,3.8486412710183746,0.534435933073577
8,s3_vlp_blocked,5.716827179474,3.58088982297864,False,False,False,graph_diffusion_1,35,6.351557882509074,3.8491339935687865,0.4071250126764289
8,s3_vlp_blocked,5.716827179474,3.58088982297864,False,False,False,graph_diffusion_3,35,6.349059736768817,3.8495323461885373,0.2567977703626361
8,s3_vlp_blocked,5.716827179474,3.58088982297864,False,False,False,laplacian,35,6.346825762004685,3.8490126507419324,0.3964400747664985
9,s3_vlp_blocked,5.862414412197704,3.68421178879823,False,False,False,static_raw,35,5.042232598355012,3.0897343657016685,0.5390836104531406
9,s3_vlp_blocked,5.862414412197704,3.68421178879823,False,False,False,graph_diffusion_1,35,5.0417486202341,3.088823224697044,0.4122335635489951
9,s3_vlp_blocked,5.862414412197704,3.68421178879823,False,False,False,graph_diffusion_3,35,5.040725021231263,3.088140319004616,0.26268704686318944
9,s3_vlp_blocked,5.862414412197704,3.68421178879823,False,False,False,laplacian,35,5.042274545010321,3.0935141855684027,0.4017649295542095
10,s3_vlp_blocked,6.2621648807209205,3.865009897723677,False,False,False,static_raw,46,6.508700312260825,3.827211892319927,0.5241601621862579
10,s3_vlp_blocked,6.2621648807209205,3.865009897723677,False,False,False,graph_diffusion_1,46,6.508765589326708,3.8270257303766457,0.4009093828216405
10,s3_vlp_blocked,6.2621648807209205,3.865009897723677,False,False,False,graph_diffusion_3,46,6.508759250343691,3.826811010357619,0.2553020771790288
10,s3_vlp_blocked,6.2621648807209205,3.865009897723677,False,False,False,laplacian,46,6.507072021536657,3.829792592349787,0.3905461418935927
11,s3_vlp_blocked,6.386402797469953,4.000359969380765,False,False,False,static_raw,46,6.977872603408659,4.812624964059975,0.5621795109470873
11,s3_vlp_blocked,6.386402797469953,4.000359969380765,False,False,False,graph_diffusion_1,46,6.978130710709494,4.813536187802494,0.4297092600836724
11,s3_vlp_blocked,6.386402797469953,4.000359969380765,False,False,False,graph_diffusion_3,46,6.976639559736854,4.8149614772988,0.27293151974719854
11,s3_vlp_blocked,6.386402797469953,4.000359969380765,False,False,False,laplacian,46,6.9720281821992485,4.812614202578993,0.41856286884286836
12,s3_vlp_blocked,6.486403725025359,4.131792507959473,False,False,False,static_raw,46,6.686066637200342,4.393857144590536,0.5920206954880534
12,s3_vlp_blocked,6.486403725025359,4.131792507959473,False,False,False,graph_diffusion_1,46,6.687957997901875,4.394034705675732,0.45677927397950596
12,s3_vlp_blocked,6.486403725025359,4.131792507959473,False,False,False,graph_diffusion_3,46,6.69116670644043,4.39403436582577,0.29464385004650173
12,s3_vlp_blocked,6.486403725025359,4.131792507959473,False,False,False,laplacian,46,6.684721745104388,4.393932164424551,0.4442087663488686
13,s3_vlp_blocked,6.594101310260236,4.146666699824417,False,False,False,static_raw,46,5.957950331725878,4.509012909524446,0.5457690846602121
13,s3_vlp_blocked,6.594101310260236,4.146666699824417,False,False,False,graph_diffusion_1,46,5.9578266204507395,4.509291592443892,0.4169759085016381
13,s3_vlp_blocked,6.594101310260236,4.146666699824417,False,False,False,graph_diffusion_3,46,5.957505169376313,4.5096061377285075,0.2647364413745369
13,s3_vlp_blocked,6.594101310260236,4.146666699824417,False,False,False,laplacian,46,5.957179501083404,4.509123958770207,0.4058791301616478
14,s3_vlp_blocked,6.938536691705024,4.190811224101229,False,False,False,static_raw,47,7.07707217917144,4.38421114997419,0.5659045566309923
14,s3_vlp_blocked,6.938536691705024,4.190811224101229,False,False,False,graph_diffusion_1,47,7.077959579638148,4.384412689775997,0.43396236335413624
14,s3_vlp_blocked,6.938536691705024,4.190811224101229,False,False,False,graph_diffusion_3,47,7.083037063111763,4.384655020427516,0.2768701416041257
14,s3_vlp_blocked,6.938536691705024,4.190811224101229,False,False,False,laplacian,47,7.075189272229453,4.384346343185432,0.4224157873657615
15,s3_vlp_blocked,7.095444556622987,4.3190830854397095,False,True,False,static_raw,48,8.363130828297766,4.353568441629264,0.6013397104074547
15,s3_vlp_blocked,7.095444556622987,4.3190830854397095,False,True,False,graph_diffusion_1,48,8.368381416975735,4.354859228565176,0.4585958474492301
15,s3_vlp_blocked,7.095444556622987,4.3190830854397095,False,True,False,graph_diffusion_3,48,8.363391060983847,4.356225209823527,0.2931544605379399
15,s3_vlp_blocked,7.095444556622987,4.3190830854397095,False,True,False,laplacian,48,8.346496385076286,4.3536658583070516,0.45133277502828384
16,s3_vlp_blocked,7.322508343984496,4.588300078241882,False,True,False,static_raw,55,6.718039240335608,5.722884170000825,0.513432112117792
16,s3_vlp_blocked,7.322508343984496,4.588300078241882,False,True,False,graph_diffusion_1,55,6.714050084524421,5.723685193043917,0.38805924196116026
16,s3_vlp_blocked,7.322508343984496,4.588300078241882,False,True,False,graph_diffusion_3,55,6.7039859825629495,5.724961055203705,0.24104402111943873
16,s3_vlp_blocked,7.322508343984496,4.588300078241882,False,True,False,laplacian,55,6.706217009460839,5.722516910658069,0.3781304084965198
17,s3_vlp_blocked,7.446193242310456,4.675563891349093,False,True,False,static_raw,55,6.234045445255854,4.3513074514572905,0.5000814694779381
17,s3_vlp_blocked,7.446193242310456,4.675563891349093,False,True,False,graph_diffusion_1,55,6.235509240652924,4.349849583988845,0.37481010959531136
17,s3_vlp_blocked,7.446193242310456,4.675563891349093,False,True,False,graph_diffusion_3,55,6.237812257387984,4.34688660118101,0.2286441286766628
17,s3_vlp_blocked,7.446193242310456,4.675563891349093,False,True,False,laplacian,55,6.2318301481383775,4.353083275183616,0.36541511196436366
18,s3_vlp_blocked,7.634031718409139,4.77391982605946,False,True,False,static_raw,48,7.802210554663323,5.175678605616308,0.5036611550629667
18,s3_vlp_blocked,7.634031718409139,4.77391982605946,False,True,False,graph_diffusion_1,48,7.813665467953638,5.169205822691204,0.3767256357555221
18,s3_vlp_blocked,7.634031718409139,4.77391982605946,False,True,False,graph_diffusion_3,48,7.818701116877623,5.160108966369024,0.23282321565191325
18,s3_vlp_blocked,7.634031718409139,4.77391982605946,False,True,False,laplacian,48,7.788631828045104,5.17511877567709,0.371216089953389
19,s3_vlp_blocked,7.862727723450558,4.97492979510894,False,True,False,static_raw,49,8.355078100068829,4.69411278308474,0.5108438603184269
19,s3_vlp_blocked,7.862727723450558,4.97492979510894,False,True,False,graph_diffusion_1,49,8.308510973529163,4.696512751048093,0.3913977599957607
19,s3_vlp_blocked,7.862727723450558,4.97492979510894,False,True,False,graph_diffusion_3,49,8.224939440086798,4.700311694965972,0.2539261855871465
19,s3_vlp_blocked,7.862727723450558,4.97492979510894,False,True,False,laplacian,49,8.302902922633757,4.694143676242817,0.4041056381894448
20,s3_vlp_blocked,7.939266457295782,5.129541394281456,False,True,False,static_raw,95,7.3066910014917585,7.615160155823642,0.49999999995100003
20,s3_vlp_blocked,7.939266457295782,5.129541394281456,False,True,False,graph_diffusion_1,95,7.29425102463752,7.571166267451532,0.3806260584511737
20,s3_vlp_blocked,7.939266457295782,5.129541394281456,False,True,False,graph_diffusion_3,95,7.267349370515159,7.493634582438889,0.24171542021536135
20,s3_vlp_blocked,7.939266457295782,5.129541394281456,False,True,False,laplacian,95,7.274245586817415,7.569151290482945,0.39153944502630733
21,s3_vlp_blocked,8.011102297567714,5.276303396065385,False,True,False,static_raw,49,8.819099154794937,4.877287284730609,0.5275206518297404
21,s3_vlp_blocked,8.011102297567714,5.276303396065385,False,True,False,graph_diffusion_1,49,8.773419511541078,4.8815468246171765,0.4082308224630018
21,s3_vlp_blocked,8.011102297567714,5.276303396065385,False,True,False,graph_diffusion_3,49,8.689448290624057,4.888435479622187,0.27053125307777875
21,s3_vlp_blocked,8.011102297567714,5.276303396065385,False,True,False,laplacian,49,8.760754131443523,4.877261035234839,0.4205915309466664
22,s3_vlp_blocked,8.343062278059984,5.445902988798278,False,True,False,static_raw,99,9.202702201318104,7.663145650879562,0.5015721154772423
22,s3_vlp_blocked,8.343062278059984,5.445902988798278,False,True,False,graph_diffusion_1,99,9.126171424545158,7.543847571264633,0.39471265471866146
22,s3_vlp_blocked,8.343062278059984,5.445902988798278,False,True,False,graph_diffusion_3,99,8.998020150752374,7.3733929697703715,0.2642203699819998
22,s3_vlp_blocked,8.343062278059984,5.445902988798278,False,True,False,laplacian,99,9.129119570894522,7.617076881129774,0.4242533587049367
23,s3_vlp_blocked,8.52052164720882,5.6027346910434765,False,True,False,static_raw,58,8.073213600865978,5.123174890186711,0.556828794758377
23,s3_vlp_blocked,8.52052164720882,5.6027346910434765,False,True,False,graph_diffusion_1,58,8.083133703833566,5.1266576643243615,0.4218044642616744
23,s3_vlp_blocked,8.52052164720882,5.6027346910434765,False,True,False,graph_diffusion_3,58,8.086139333316199,5.131161179043292,0.26658832927878207
23,s3_vlp_blocked,8.52052164720882,5.6027346910434765,False,True,False,laplacian,58,8.059980395275254,5.123248171754254,0.4152469635113595
24,s3_vlp_blocked,8.840063415262575,5.876328672083288,False,True,False,static_raw,99,8.16487592638537,7.309994288752673,0.5000091935878921
24,s3_vlp_blocked,8.840063415262575,5.876328672083288,False,True,False,graph_diffusion_1,99,8.063952568380632,7.169672781593258,0.39090849601385763
24,s3_vlp_blocked,8.840063415262575,5.876328672083288,False,True,False,graph_diffusion_3,99,7.91746244041151,6.969341835738918,0.2575901906009093
24,s3_vlp_blocked,8.840063415262575,5.876328672083288,False,True,False,laplacian,99,8.117214074568444,7.264182782426353,0.4222060603098639
25,s3_vlp_blocked,9.133542118122302,6.275738550131283,False,True,False,static_raw,99,9.144368193729587,7.529261749943094,0.5005270396422284
25,s3_vlp_blocked,9.133542118122302,6.275738550131283,False,True,False,graph_diffusion_1,99,9.067971094122889,7.402695209922623,0.3929097072554724
25,s3_vlp_blocked,9.133542118122302,6.275738550131283,False,True,False,graph_diffusion_3,99,8.94156219192938,7.22235029588429,0.261452063525145
25,s3_vlp_blocked,9.133542118122302,6.275738550131283,False,True,False,laplacian,99,9.073963254433846,7.48335061635823,0.422986551792234
26,s3_vlp_blocked,9.35618800793218,6.65718067016028,False,True,False,static_raw,99,9.42105433616561,8.390635083948053,0.5413695086735962
26,s3_vlp_blocked,9.35618800793218,6.65718067016028,False,True,False,graph_diffusion_1,99,9.344369806461795,8.303100838148369,0.43776946352579227
26,s3_vlp_blocked,9.35618800793218,6.65718067016028,False,True,False,graph_diffusion_3,99,9.210084479284387,8.172055242343145,0.30971930688031557
26,s3_vlp_blocked,9.35618800793218,6.65718067016028,False,True,False,laplacian,99,9.335724417581002,8.339781536015291,0.4635660442304131
27,s3_vlp_blocked,9.561103088027537,7.107641397521033,False,True,False,static_raw,79,8.773205648305227,7.335751091395613,0.6030356326184356
27,s3_vlp_blocked,9.561103088027537,7.107641397521033,False,True,False,graph_diffusion_1,79,8.718488205144629,7.329803961015764,0.4747821523469494
27,s3_vlp_blocked,9.561103088027537,7.107641397521033,False,True,False,graph_diffusion_3,79,8.621052796075835,7.327280737407939,0.32004064093569773
27,s3_vlp_blocked,9.561103088027537,7.107641397521033,False,True,False,laplacian,79,8.70100470344547,7.330538816352973,0.4837679019895253
28,s3_vlp_blocked,9.62294450389752,7.287936096739562,False,False,False,static_raw,79,9.289543806226678,7.4134625354624655,0.6060753683223306
28,s3_vlp_blocked,9.62294450389752,7.287936096739562,False,False,False,graph_diffusion_1,79,9.234446332912876,7.412148841428303,0.47738032873883957
28,s3_vlp_blocked,9.62294450389752,7.287936096739562,False,False,False,graph_diffusion_3,79,9.132744442181444,7.415656094754112,0.32324401845987016
28,s3_vlp_blocked,9.62294450389752,7.287936096739562,False,False,False,laplacian,79,9.213537290335573,7.408560790134797,0.48796321713187574
29,s3_vlp_blocked,9.567042849149868,7.590650497286169,False,False,False,static_raw,79,9.330418893183584,7.79968530392032,0.600305121307007
29,s3_vlp_blocked,9.567042849149868,7.590650497286169,False,False,False,graph_diffusion_1,79,9.272434793288971,7.79239523429429,0.47359067457221976
29,s3_vlp_blocked,9.567042849149868,7.590650497286169,False,False,False,graph_diffusion_3,79,9.165482071352905,7.782496423406577,0.32174232387979856
29,s3_vlp_blocked,9.567042849149868,7.590650497286169,False,False,False,laplacian,79,9.251817625379434,7.7872820710850865,0.48318787455818096
30,s3_vlp_blocked,9.368809486427658,7.926124173973704,False,False,False,static_raw,79,9.36810626296377,8.001314345868483,0.52124775045869
30,s3_vlp_blocked,9.368809486427658,7.926124173973704,False,False,False,graph_diffusion_1,79,9.307841327564745,7.991739987822177,0.41891108996014015
30,s3_vlp_blocked,9.368809486427658,7.926124173973704,False,False,False,graph_diffusion_3,79,9.195907815883958,7.972247422230618,0.29410254015216786
30,s3_vlp_blocked,9.368809486427658,7.926124173973704,False,False,False,laplacian,79,9.286539831907978,7.984404027597717,0.42521871810277656
31,s3_vlp_blocked,9.317903367352146,8.04732779879347,False,False,False,static_raw,89,9.138967234705941,7.720974327940295,0.5383659631498467
31,s3_vlp_blocked,9.317903367352146,8.04732779879347,False,False,False,graph_diffusion_1,89,9.09421561599816,7.7489683164698375,0.41100350145821196
31,s3_vlp_blocked,9.317903367352146,8.04732779879347,False,False,False,graph_diffusion_3,89,8.999144838410313,7.754349980833462,0.2737512559682089
31,s3_vlp_blocked,9.317903367352146,8.04732779879347,False,False,False,laplacian,89,9.067611240617616,7.714243086917311,0.43078696299607644
32,s3_vlp_blocked,9.186332412855084,8.43241929333643,False,False,False,static_raw,89,6.468955994929692,8.057700186118494,0.5013696238623678
32,s3_vlp_blocked,9.186332412855084,8.43241929333643,False,False,False,graph_diffusion_1,89,6.453394737767877,8.081195909906294,0.37158095386666995
32,s3_vlp_blocked,9.186332412855084,8.43241929333643,False,False,False,graph_diffusion_3,89,6.375016183749215,8.081352369974685,0.23373746008395171
32,s3_vlp_blocked,9.186332412855084,8.43241929333643,False,False,False,laplacian,89,6.425671710418168,8.046552772952223,0.3936647200078098
33,s3_vlp_blocked,9.112727671229193,8.796655767469591,False,False,False,static_raw,89,9.429323068625585,8.73499944492903,0.6271547986557349
33,s3_vlp_blocked,9.112727671229193,8.796655767469591,False,False,False,graph_diffusion_1,89,9.364916323171029,8.718462884296857,0.5015544363119385
33,s3_vlp_blocked,9.112727671229193,8.796655767469591,False,False,False,graph_diffusion_3,89,9.241604841526655,8.667559939309974,0.3560172732070845
33,s3_vlp_blocked,9.112727671229193,8.796655767469591,False,False,False,laplacian,89,9.342671225733318,8.702412765831255,0.512705853468899
34,s3_vlp_blocked,9.270799859312152,9.22745450829668,False,False,False,static_raw,89,9.053726750141008,8.382619068992808,0.6086202016263391
34,s3_vlp_blocked,9.270799859312152,9.22745450829668,False,False,False,graph_diffusion_1,89,9.008281271535097,8.39188663151349,0.4714406946233679
34,s3_vlp_blocked,9.270799859312152,9.22745450829668,False,False,False,graph_diffusion_3,89,8.910491923177407,8.373340583280541,0.32116650761725773
34,s3_vlp_blocked,9.270799859312152,9.22745450829668,False,False,False,laplacian,89,8.98014903501563,8.36394677693028,0.491109963553363
35,s3_vlp_blocked,9.423420837008932,9.422997081607893,False,False,False,static_raw,99,7.753763197589886,8.90002369758071,0.5472840137953167
35,s3_vlp_blocked,9.423420837008932,9.422997081607893,False,False,False,graph_diffusion_1,99,7.629232984646387,8.818135754702627,0.4407329367162363
35,s3_vlp_blocked,9.423420837008932,9.422997081607893,False,False,False,graph_diffusion_3,99,7.449434848563168,8.687166508418121,0.3092989594206775
35,s3_vlp_blocked,9.423420837008932,9.422997081607893,False,False,False,laplacian,99,7.701841725357591,8.83861584385383,0.46914773592741327
36,s3_vlp_blocked,9.481110661263054,9.62212971253768,False,False,False,static_raw,99,9.474790901638146,8.53008913210357,0.5783938502047208
36,s3_vlp_blocked,9.481110661263054,9.62212971253768,False,False,False,graph_diffusion_1,99,9.396411782157307,8.44483100478422,0.47104823976474064
36,s3_vlp_blocked,9.481110661263054,9.62212971253768,False,False,False,graph_diffusion_3,99,9.257786974515554,8.314706670844762,0.336510335881333
36,s3_vlp_blocked,9.481110661263054,9.62212971253768,False,False,False,laplacian,99,9.385231152386858,8.475999547911659,0.4959413819302754
37,s3_vlp_blocked,9.541752579513968,9.92203908827878,False,False,False,static_raw,99,9.41712370142547,9.134056752784534,0.736443250766162
37,s3_vlp_blocked,9.541752579513968,9.92203908827878,False,False,False,graph_diffusion_1,99,9.334879251857231,9.05115009231674,0.6080222824260438
37,s3_vlp_blocked,9.541752579513968,9.92203908827878,False,False,False,graph_diffusion_3,99,9.190491062831487,8.913725031785004,0.4406370834562665
37,s3_vlp_blocked,9.541752579513968,9.92203908827878,False,False,False,laplacian,99,9.328964932813568,9.063758294100225,0.6324587438642375
38,s3_vlp_blocked,9.402562603553038,9.543991147418636,False,False,False,static_raw,99,9.220813369271621,8.925671903513877,0.585575009748581
38,s3_vlp_blocked,9.402562603553038,9.543991147418636,False,False,False,graph_diffusion_1,99,9.145106201517773,8.845871288050521,0.4802460624692456
38,s3_vlp_blocked,9.402562603553038,9.543991147418636,False,False,False,graph_diffusion_3,99,9.017180624898891,8.717728474447924,0.34859265748312723
38,s3_vlp_blocked,9.402562603553038,9.543991147418636,False,False,False,laplacian,99,9.14861239687383,8.86436000699791,0.5062778302602498
39,s3_vlp_blocked,9.44479730227728,9.391504817262849,False,False,False,static_raw,99,8.991966589238626,8.49929947134536,0.5299810356468273
39,s3_vlp_blocked,9.44479730227728,9.391504817262849,False,False,False,graph_diffusion_1,99,8.912062675441888,8.408824335139121,0.42500543224350057
39,s3_vlp_blocked,9.44479730227728,9.391504817262849,False,False,False,graph_diffusion_3,99,8.782528233891838,8.272507907611171,0.29702891702846473
39,s3_vlp_blocked,9.44479730227728,9.391504817262849,False,False,False,laplacian,99,8.925835069190857,8.44728208997245,0.45385782878368114
40,s3_vlp_blocked,9.525454359161255,8.940867722935458,False,False,False,static_raw,89,8.2703858499428,8.607978194168222,0.552960436198891
40,s3_vlp_blocked,9.525454359161255,8.940867722935458,False,False,False,graph_diffusion_1,89,8.244081814098932,8.610776247206699,0.422854176908709
40,s3_vlp_blocked,9.525454359161255,8.940867722935458,False,False,False,graph_diffusion_3,89,8.170662211470725,8.58197279524236,0.2843677783530039
40,s3_vlp_blocked,9.525454359161255,8.940867722935458,False,False,False,laplacian,89,8.213792943947714,8.58155016934847,0.44396732289627683
41,s3_vlp_blocked,9.823585243977655,8.584999463128653,False,False,False,static_raw,99,9.427374068425951,8.246634156235848,0.5301649626560138
41,s3_vlp_blocked,9.823585243977655,8.584999463128653,False,False,False,graph_diffusion_1,99,9.350700973458832,8.155072946683386,0.42637178666788855
41,s3_vlp_blocked,9.823585243977655,8.584999463128653,False,False,False,graph_diffusion_3,99,9.216331696999308,8.019967828078926,0.2985392751244327
41,s3_vlp_blocked,9.823585243977655,8.584999463128653,False,False,False,laplacian,99,9.34138741287461,8.19726743302966,0.45260230768636484
42,s3_vlp_blocked,9.694700842723162,8.966546447675274,False,False,False,static_raw,99,9.387686339276973,9.16138098753732,0.7069983827482617
42,s3_vlp_blocked,9.694700842723162,8.966546447675274,False,False,False,graph_diffusion_1,99,9.306885979396778,9.080444179900704,0.5851487539539459
42,s3_vlp_blocked,9.694700842723162,8.966546447675274,False,False,False,graph_diffusion_3,99,9.166452994722269,8.945314125384535,0.42687304871351495
42,s3_vlp_blocked,9.694700842723162,8.966546447675274,False,False,False,laplacian,99,9.304344210414039,9.09066531906355,0.6095094946010222
43,s3_vlp_blocked,9.569223421271444,9.326938465999294,False,False,False,static_raw,99,7.113003241361189,9.316486590575115,0.5849742125667738
43,s3_vlp_blocked,9.569223421271444,9.326938465999294,False,False,False,graph_diffusion_1,99,6.988136910300602,9.236403037361193,0.4754925099056995
43,s3_vlp_blocked,9.569223421271444,9.326938465999294,False,False,False,graph_diffusion_3,99,6.814828702314239,9.098759330527344,0.33672130723367577
43,s3_vlp_blocked,9.569223421271444,9.326938465999294,False,False,False,laplacian,99,7.069091404994446,9.237890780243475,0.5009945915012645
44,s3_vlp_blocked,9.534535416987817,9.784343768551336,False,False,False,static_raw,99,9.257604160500685,9.131326982379003,0.6842057597856361
44,s3_vlp_blocked,9.534535416987817,9.784343768551336,False,False,False,graph_diffusion_1,99,9.176050961850995,9.05046904931692,0.5654506029642573
44,s3_vlp_blocked,9.534535416987817,9.784343768551336,False,False,False,graph_diffusion_3,99,9.036381527019786,8.916110939931919,0.41195725604016054
44,s3_vlp_blocked,9.534535416987817,9.784343768551336,False,False,False,laplacian,99,9.17722817244009,9.061881523504805,0.589985678761211
45,s3_vlp_blocked,9.54487381028695,9.92332836828298,False,True,False,static_raw,99,8.682871894469358,8.694957906938146,0.5372203613279932
45,s3_vlp_blocked,9.54487381028695,9.92332836828298,False,True,False,graph_diffusion_1,99,8.5924969028244,8.60950403218169,0.4322868236386696
45,s3_vlp_blocked,9.54487381028695,9.92332836828298,False,True,False,graph_diffusion_3,99,8.451829045156936,8.477425421556456,0.30417837604082315
45,s3_vlp_blocked,9.54487381028695,9.92332836828298,False,True,False,laplacian,99,8.622016545300248,8.63905133282767,0.4611222836611174
46,s3_vlp_blocked,9.558162041417896,9.663482828106742,False,True,False,static_raw,99,7.926446512760166,9.35046610568199,0.6769896409167916
46,s3_vlp_blocked,9.558162041417896,9.663482828106742,False,True,False,graph_diffusion_1,99,7.831163040971001,9.267570559932647,0.5555222603580807
46,s3_vlp_blocked,9.558162041417896,9.663482828106742,False,True,False,graph_diffusion_3,99,7.686441300807958,9.12500103782499,0.39789355806908544
46,s3_vlp_blocked,9.558162041417896,9.663482828106742,False,True,False,laplacian,99,7.869290701789992,9.269748455241437,0.5796567101933561
47,s3_vlp_blocked,9.5646528065164,9.424365913186056,False,True,False,static_raw,99,9.212777168562335,8.9531519558634,0.6098462054203517
47,s3_vlp_blocked,9.5646528065164,9.424365913186056,False,True,False,graph_diffusion_1,99,9.133489030428933,8.872736302275127,0.5012907604537604
47,s3_vlp_blocked,9.5646528065164,9.424365913186056,False,True,False,graph_diffusion_3,99,8.999336737101007,8.742825767900104,0.3640850482243925
47,s3_vlp_blocked,9.5646528065164,9.424365913186056,False,True,False,laplacian,99,9.137037623621248,8.890593372482241,0.526742003967855
48,s3_vlp_blocked,9.50103939557558,9.114055937821927,False,True,False,static_raw,55,7.074404342783874,7.1487467106043825,0.5000653227486999
48,s3_vlp_blocked,9.50103939557558,9.114055937821927,False,True,False,graph_diffusion_1,55,7.055145102359036,7.1263952412752705,0.3757816073172579
48,s3_vlp_blocked,9.50103939557558,9.114055937821927,False,True,False,graph_diffusion_3,55,7.0149744475560984,7.081077119728372,0.23014867278307063
48,s3_vlp_blocked,9.50103939557558,9.114055937821927,False,True,False,laplacian,55,7.052724288524745,7.124764938895606,0.3648635441997238
49,s3_vlp_blocked,9.414656161118282,8.731094504017625,False,True,False,static_raw,89,9.433624349920764,8.80714048324029,0.6112288010931348
49,s3_vlp_blocked,9.414656161118282,8.731094504017625,False,True,False,graph_diffusion_1,89,9.367831674339882,8.78418788870071,0.4929855806422602
49,s3_vlp_blocked,9.414656161118282,8.731094504017625,False,True,False,graph_diffusion_3,89,9.242746386010726,8.725016033407101,0.3540220563485128
49,s3_vlp_blocked,9.414656161118282,8.731094504017625,False,True,False,laplacian,89,9.346666361344932,8.770817544358277,0.501724309086642
50,s3_vlp_blocked,9.21633605588256,8.49062670552971,False,True,False,static_raw,98,8.49663657123311,8.40522024404394,0.5190365893492785
50,s3_vlp_blocked,9.21633605588256,8.49062670552971,False,True,False,graph_diffusion_1,98,8.510791637747735,8.38326840958286,0.38916887538525724
50,s3_vlp_blocked,9.21633605588256,8.49062670552971,False,True,False,graph_diffusion_3,98,8.499633341353004,8.318437667515523,0.2517477327880918
50,s3_vlp_blocked,9.21633605588256,8.49062670552971,False,True,False,laplacian,98,8.477633417374802,8.355424771466426,0.4113383280203368
51,s3_vlp_blocked,9.11760935449355,8.438577566893754,False,True,False,static_raw,95,6.6543230235022435,8.43779484932182,0.499999999951
51,s3_vlp_blocked,9.11760935449355,8.438577566893754,False,True,False,graph_diffusion_1,95,6.673541803081,8.392358861285276,0.37721614094100697
51,s3_vlp_blocked,9.11760935449355,8.438577566893754,False,True,False,graph_diffusion_3,95,6.700080291132535,8.310982554879288,0.23621359319465557
51,s3_vlp_blocked,9.11760935449355,8.438577566893754,False,True,False,laplacian,95,6.647184748057076,8.38729029403449,0.39164247967015153
52,s3_vlp_blocked,8.922779282926651,8.205081914366874,False,True,False,static_raw,55,6.867282276098981,6.750416526520589,0.500910085949437
52,s3_vlp_blocked,8.922779282926651,8.205081914366874,False,True,False,graph_diffusion_1,55,6.874709174094922,6.755088157111477,0.37393394281449704
52,s3_vlp_blocked,8.922779282926651,8.205081914366874,False,True,False,graph_diffusion_3,55,6.878757940286515,6.756115687928271,0.22672076024836468
52,s3_vlp_blocked,8.922779282926651,8.205081914366874,False,True,False,laplacian,55,6.857408274643164,6.740347625254011,0.3658892861433322
53,s3_vlp_blocked,8.733693244154269,8.016610598714413,False,True,False,static_raw,88,8.174101591484629,8.240339586527313,0.566129839999582
53,s3_vlp_blocked,8.733693244154269,8.016610598714413,False,True,False,graph_diffusion_1,88,8.18187225103757,8.24969746662042,0.4256165905822667
53,s3_vlp_blocked,8.733693244154269,8.016610598714413,False,True,False,graph_diffusion_3,88,8.184540765219856,8.254580315335943,0.26750717197972335
53,s3_vlp_blocked,8.733693244154269,8.016610598714413,False,True,False,laplacian,88,8.155858666910477,8.225416858336,0.424401719293568
54,s3_vlp_blocked,8.604067606013617,7.71418254806786,False,True,False,static_raw,59,7.893924659881615,5.834622673096343,0.5060649979652159
54,s3_vlp_blocked,8.604067606013617,7.71418254806786,False,True,False,graph_diffusion_1,59,7.84135827216611,5.840091538339496,0.3861139680089009
54,s3_vlp_blocked,8.604067606013617,7.71418254806786,False,True,False,graph_diffusion_3,59,7.748576269735242,5.848341572944054,0.2483025186851619
54,s3_vlp_blocked,8.604067606013617,7.71418254806786,False,True,False,laplacian,59,7.843253635767945,5.833549503754696,0.3992121927317259
55,s3_vlp_blocked,8.380292121918876,7.508518197183664,False,True,False,static_raw,55,6.883318181284612,5.969165120548576,0.5035310166554305
55,s3_vlp_blocked,8.380292121918876,7.508518197183664,False,True,False,graph_diffusion_1,55,6.8829956848988765,5.972046432118894,0.37802919842651705
55,s3_vlp_blocked,8.380292121918876,7.508518197183664,False,True,False,graph_diffusion_3,55,6.8778694076522084,5.9767043540858085,0.23169563660016135
55,s3_vlp_blocked,8.380292121918876,7.508518197183664,False,True,False,laplacian,55,6.8714112864035535,5.968436437095943,0.36895639890876863
56,s3_vlp_blocked,8.261298236940235,7.032237617033076,False,False,False,static_raw,78,7.544538605366144,7.0057756295428435,0.5370490656837281
56,s3_vlp_blocked,8.261298236940235,7.032237617033076,False,False,False,graph_diffusion_1,78,7.564762170213886,7.012331260293292,0.4032541393338171
56,s3_vlp_blocked,8.261298236940235,7.032237617033076,False,False,False,graph_diffusion_3,78,7.585837573908138,7.025642231734998,0.24996199040977696
56,s3_vlp_blocked,8.261298236940235,7.032237617033076,False,False,False,laplacian,78,7.537715865887477,7.00412923469694,0.39759823733780997
57,s3_vlp_blocked,8.367834526148913,6.700942345233571,False,False,False,static_raw,68,8.154561139856504,6.605324471750556,0.5655718240149585
57,s3_vlp_blocked,8.367834526148913,6.700942345233571,False,False,False,graph_diffusion_1,68,8.162412744848986,6.605741670033713,0.42876264762071514
57,s3_vlp_blocked,8.367834526148913,6.700942345233571,False,False,False,graph_diffusion_3,68,8.161005860408759,6.6054211600587065,0.2712861471292213
57,s3_vlp_blocked,8.367834526148913,6.700942345233571,False,False,False,laplacian,68,8.138678782744934,6.603211519720511,0.4224823939005635
58,s3_vlp_blocked,8.353958878788386,6.494196804329148,False,False,False,static_raw,68,8.680235861316323,5.9685367510174565,0.5332732456869583
58,s3_vlp_blocked,8.353958878788386,6.494196804329148,False,False,False,graph_diffusion_1,68,8.671776097919812,5.9744752368211484,0.4057523077838892
58,s3_vlp_blocked,8.353958878788386,6.494196804329148,False,False,False,graph_diffusion_3,68,8.644407870823969,5.983364970190205,0.2596972093787971
58,s3_vlp_blocked,8.353958878788386,6.494196804329148,False,False,False,laplacian,68,8.651693423379667,5.968445291659045,0.399112514461821
59,s3_vlp_blocked,8.336546429042226,6.293616283957347,False,False,False,static_raw,68,7.996403573347776,7.088354510225139,0.5202688396525269
59,s3_vlp_blocked,8.336546429042226,6.293616283957347,False,False,False,graph_diffusion_1,68,8.01262928990132,7.0853562252033235,0.39106055861123423
59,s3_vlp_blocked,8.336546429042226,6.293616283957347,False,False,False,graph_diffusion_3,68,8.024071111721419,7.078064395421344,0.24437130785801833
59,s3_vlp_blocked,8.336546429042226,6.293616283957347,False,False,False,laplacian,68,7.987038230389596,7.080908466298802,0.38674209426881506
60,s3_vlp_blocked,8.40346815147133,6.116995442632617,False,False,False,static_raw,69,8.511245472727953,6.315335389377141,0.5307915621091972
60,s3_vlp_blocked,8.40346815147133,6.116995442632617,False,False,False,graph_diffusion_1,69,8.465607634711287,6.314497354263845,0.4098784337787545
60,s3_vlp_blocked,8.40346815147133,6.116995442632617,False,False,False,graph_diffusion_3,69,8.38289605263748,6.313429225026874,0.2695529505941699
60,s3_vlp_blocked,8.40346815147133,6.116995442632617,False,False,False,laplacian,69,8.457217410136904,6.3146988476305985,0.4223962660356011
61,s3_vlp_blocked,8.546844700935843,5.924881887661858,False,False,False,static_raw,69,8.30105375271092,5.936303681634488,0.5072967152548873
61,s3_vlp_blocked,8.546844700935843,5.924881887661858,False,False,False,graph_diffusion_1,69,8.257183958929962,5.9302894333276095,0.38720558270981265
61,s3_vlp_blocked,8.546844700935843,5.924881887661858,False,False,False,graph_diffusion_3,69,8.179240392015611,5.920964317225372,0.24893829217119878
61,s3_vlp_blocked,8.546844700935843,5.924881887661858,False,False,False,laplacian,69,8.25247675372617,5.936247357504978,0.40020028359442333
62,s3_vlp_blocked,8.729904160776496,5.547744951919951,False,False,False,static_raw,58,8.7991842765049,6.145874461570176,0.5350180847146326
62,s3_vlp_blocked,8.729904160776496,5.547744951919951,False,False,False,graph_diffusion_1,58,8.783810518170773,6.137954623097914,0.40641941208450066
62,s3_vlp_blocked,8.729904160776496,5.547744951919951,False,False,False,graph_diffusion_3,58,8.745073866936956,6.125581815147064,0.2589445093696663
62,s3_vlp_blocked,8.729904160776496,5.547744951919951,False,False,False,laplacian,58,8.764170680288535,6.143834871550473,0.39923821823565414
63,s3_vlp_blocked,8.77202584280195,5.143629060389316,False,False,False,static_raw,59,8.206868812063199,4.859948070429498,0.5170418002352092
63,s3_vlp_blocked,8.77202584280195,5.143629060389316,False,False,False,graph_diffusion_1,59,8.159905349003859,4.852905313724623,0.3956184441649322
63,s3_vlp_blocked,8.77202584280195,5.143629060389316,False,False,False,graph_diffusion_3,59,8.0762628864775,4.840990816003878,0.25505169478033024
63,s3_vlp_blocked,8.77202584280195,5.143629060389316,False,False,False,laplacian,59,8.15690437136523,4.860294079735202,0.4082621205323882
64,s3_vlp_blocked,8.718437609453172,4.97610578105409,False,False,False,static_raw,49,9.12777425173796,5.289547817614378,0.5133108525672181
64,s3_vlp_blocked,8.718437609453172,4.97610578105409,False,False,False,graph_diffusion_1,49,9.075665547246398,5.296048752956118,0.39760928455425737
64,s3_vlp_blocked,8.718437609453172,4.97610578105409,False,False,False,graph_diffusion_3,49,8.979100385445552,5.306707498983637,0.26413627526900635
64,s3_vlp_blocked,8.718437609453172,4.97610578105409,False,False,False,laplacian,49,9.05768714010935,5.289056188213212,0.4089591134741745
65,s3_vlp_blocked,8.667563530000693,4.866630764710654,False,False,False,static_raw,49,8.89976654924828,5.983027043579992,0.5001586145657934
65,s3_vlp_blocked,8.667563530000693,4.866630764710654,False,False,False,graph_diffusion_1,49,8.857591477065629,6.007982187091724,0.3775503524126884
65,s3_vlp_blocked,8.667563530000693,4.866630764710654,False,False,False,graph_diffusion_3,49,8.778441264228464,6.045339168842943,0.2372295950053575
65,s3_vlp_blocked,8.667563530000693,4.866630764710654,False,False,False,laplacian,49,8.843272140284482,5.9784063103035665,0.3922184940842438
66,s3_vlp_blocked,8.542366419283344,4.760216825616967,False,False,False,static_raw,48,8.17675165613922,4.0417992013139985,0.5577921462070142
66,s3_vlp_blocked,8.542366419283344,4.760216825616967,False,False,False,graph_diffusion_1,48,8.185752747560345,4.0461211879797485,0.42293461852596415
66,s3_vlp_blocked,8.542366419283344,4.760216825616967,False,False,False,graph_diffusion_3,48,8.1872868991385,4.051482255612629,0.2681221379686683
66,s3_vlp_blocked,8.542366419283344,4.760216825616967,False,False,False,laplacian,48,8.16359600797205,4.042769413235174,0.4166632049736575
67,s3_vlp_blocked,8.382687489621802,4.499553999003734,False,False,False,static_raw,48,7.490128587384231,5.497347070951854,0.5000952443366896
67,s3_vlp_blocked,8.382687489621802,4.499553999003734,False,False,False,graph_diffusion_1,48,7.512149609713815,5.490525124540155,0.37090083018234954
67,s3_vlp_blocked,8.382687489621802,4.499553999003734,False,False,False,graph_diffusion_3,48,7.535009533738242,5.4826755031393715,0.22440715932527186
67,s3_vlp_blocked,8.382687489621802,4.499553999003734,False,False,False,laplacian,48,7.4850737800256955,5.496544426884518,0.365590749756153
68,s3_vlp_blocked,8.31381336958047,4.356990528873265,False,False,False,static_raw,48,8.782966968453724,4.612547150251155,0.577225637928519
68,s3_vlp_blocked,8.31381336958047,4.356990528873265,False,False,False,graph_diffusion_1,48,8.766908352324974,4.610175356430269,0.44548749231463786
68,s3_vlp_blocked,8.31381336958047,4.356990528873265,False,False,False,graph_diffusion_3,48,8.727656044363094,4.60659505285481,0.29099178420195054
68,s3_vlp_blocked,8.31381336958047,4.356990528873265,False,False,False,laplacian,48,8.747868306567568,4.612560021268542,0.4364541405916687
69,s3_vlp_blocked,8.173199902177743,4.055129301838792,False,False,False,static_raw,39,8.75874583733756,4.53645549536395,0.5004104273879215
69,s3_vlp_blocked,8.173199902177743,4.055129301838792,False,False,False,graph_diffusion_1,39,8.715595375116866,4.549951225226775,0.3796605745803995
69,s3_vlp_blocked,8.173199902177743,4.055129301838792,False,False,False,graph_diffusion_3,39,8.63639957470643,4.571417777866905,0.24141737843464836
69,s3_vlp_blocked,8.173199902177743,4.055129301838792,False,False,False,laplacian,39,8.70370389519585,4.536415403097583,0.393315189585435
70,s3_vlp_blocked,7.958876024659174,3.799783052657366,False,False,False,static_raw,38,7.904573445004662,2.9230177417731222,0.5531636177690813
70,s3_vlp_blocked,7.958876024659174,3.799783052657366,False,False,False,graph_diffusion_1,38,7.9190264059501425,2.931667311323081,0.41570263823039605
70,s3_vlp_blocked,7.958876024659174,3.799783052657366,False,False,False,graph_diffusion_3,38,7.930923999973304,2.9449837867373163,0.2587573002638187
70,s3_vlp_blocked,7.958876024659174,3.799783052657366,False,False,False,laplacian,38,7.896873720163151,2.930153520570439,0.40974475270598415
71,s3_vlp_blocked,7.833669525191001,3.638141757452688,False,False,False,static_raw,38,7.797304366464089,3.4019971460009395,0.43229512722044
71,s3_vlp_blocked,7.833669525191001,3.638141757452688,False,False,False,graph_diffusion_1,38,7.809713171625793,3.4028935286593494,0.3380745620003863
71,s3_vlp_blocked,7.833669525191001,3.638141757452688,False,False,False,graph_diffusion_3,38,7.82040078610681,3.4038424039597053,0.2248201906509218
71,s3_vlp_blocked,7.833669525191001,3.638141757452688,False,False,False,laplacian,38,7.790145989458071,3.4035358338433737,0.33113705022994383
72,s3_vlp_blocked,7.664684483724226,3.3337804086327285,False,False,False,static_raw,37,8.139471280937903,4.101871703692516,0.5196261274370322
72,s3_vlp_blocked,7.664684483724226,3.3337804086327285,False,False,False,graph_diffusion_1,37,8.121507991482574,4.100089335386199,0.3944843321570231
72,s3_vlp_blocked,7.664684483724226,3.3337804086327285,False,False,False,graph_diffusion_3,37,8.089525746636223,4.095763400034378,0.24752666353168867
72,s3_vlp_blocked,7.664684483724226,3.3337804086327285,False,False,False,laplacian,37,8.115090789097067,4.101919206254052,0.38371392581822245
73,s3_vlp_blocked,7.325126662205962,3.0900072935102134,False,False,False,static_raw,37,7.507898286919686,3.0339324987899947,0.5579318797021148
73,s3_vlp_blocked,7.325126662205962,3.0900072935102134,False,False,False,graph_diffusion_1,37,7.5068171236724694,3.034734296161486,0.4301237870544605
73,s3_vlp_blocked,7.325126662205962,3.0900072935102134,False,False,False,graph_diffusion_3,37,7.507640704615047,3.036681690622562,0.2762633537574359
73,s3_vlp_blocked,7.325126662205962,3.0900072935102134,False,False,False,laplacian,37,7.502938195330181,3.0384598059487664,0.41862359099677465
74,s3_vlp_blocked,7.295614884999138,2.9887682845800643,False,False,False,static_raw,37,8.003847840143875,3.30387523861729,0.5334102081162229
74,s3_vlp_blocked,7.295614884999138,2.9887682845800643,False,False,False,graph_diffusion_1,37,7.989684312454764,3.3044559519778076,0.41166209523137726
74,s3_vlp_blocked,7.295614884999138,2.9887682845800643,False,False,False,graph_diffusion_3,37,7.965535883436675,3.304288610348235,0.2654342179089768
74,s3_vlp_blocked,7.295614884999138,2.9887682845800643,False,False,False,laplacian,37,7.984118726965019,3.3059489734468634,0.39985402596551434
75,s3_vlp_blocked,7.296351451677773,2.798195708361908,False,True,False,static_raw,17,7.456730490213036,1.8124179690982407,0.520037519408675
75,s3_vlp_blocked,7.296351451677773,2.798195708361908,False,True,False,graph_diffusion_1,17,7.454179383057196,1.8063507539759545,0.39746001837530487
75,s3_vlp_blocked,7.296351451677773,2.798195708361908,False,True,False,graph_diffusion_3,17,7.453549417924706,1.8076703647515484,0.25513402195825285
75,s3_vlp_blocked,7.296351451677773,2.798195708361908,False,True,False,laplacian,17,7.450411565489551,1.8274966323442503,0.39092783747907356
76,s3_vlp_blocked,7.251642624966383,2.337893241987238,False,True,False,static_raw,27,7.499461441041006,2.307627747550587,0.6149998821577163
76,s3_vlp_blocked,7.251642624966383,2.337893241987238,False,True,False,graph_diffusion_1,27,7.497638066000908,2.313043953853653,0.4686478897754009
76,s3_vlp_blocked,7.251642624966383,2.337893241987238,False,True,False,graph_diffusion_3,27,7.49825448500478,2.320268312094034,0.29509563982649606
76,s3_vlp_blocked,7.251642624966383,2.337893241987238,False,True,False,laplacian,27,7.4942138375530165,2.317378252093948,0.45665861311355116
77,s3_vlp_blocked,7.191112638050282,2.11104971712342,False,True,False,static_raw,17,7.836262215293036,2.5568192133756127,0.5011956187571103
77,s3_vlp_blocked,7.191112638050282,2.11104971712342,False,True,False,graph_diffusion_1,17,7.828509366283146,2.5373829694186543,0.3739607758793839
77,s3_vlp_blocked,7.191112638050282,2.11104971712342,False,True,False,graph_diffusion_3,17,7.816352950241681,2.5152223342360287,0.2291385310357765
77,s3_vlp_blocked,7.191112638050282,2.11104971712342,False,True,False,laplacian,17,7.824671841113289,2.561022027394186,0.36872604651193475
78,s3_vlp_blocked,7.088997127565227,1.8280730412017787,False,True,False,static_raw,5,6.678602115898916,1.32937475436767,0.5000141366568313
78,s3_vlp_blocked,7.088997127565227,1.8280730412017787,False,True,False,graph_diffusion_1,5,6.697506971691533,1.3729735310557785,0.37749051992583904
78,s3_vlp_blocked,7.088997127565227,1.8280730412017787,False,True,False,graph_diffusion_3,5,6.729039619220158,1.4503117489660162,0.2371420699069471
78,s3_vlp_blocked,7.088997127565227,1.8280730412017787,False,True,False,laplacian,5,6.674604339592878,1.379518578688155,0.3921535372160694
79,s3_vlp_blocked,7.114586335383993,1.531713950324241,False,True,False,static_raw,17,7.4516999502952865,1.7463446513860579,0.5816783325252992
79,s3_vlp_blocked,7.114586335383993,1.531713950324241,False,True,False,graph_diffusion_1,17,7.452513805400176,1.7371711922665578,0.4460600777660864
79,s3_vlp_blocked,7.114586335383993,1.531713950324241,False,True,False,graph_diffusion_3,17,7.458696677404635,1.7339192598872897,0.2865955932823348
79,s3_vlp_blocked,7.114586335383993,1.531713950324241,False,True,False,laplacian,17,7.449208353295324,1.7583192365006117,0.4390547555893253
80,s3_vlp_blocked,7.170157133048356,1.3067743629177078,False,True,False,static_raw,17,7.506599059020719,1.297843315087222,0.6099281765141449
80,s3_vlp_blocked,7.170157133048356,1.3067743629177078,False,True,False,graph_diffusion_1,17,7.505989842969888,1.3101832970115286,0.47150581506154193
80,s3_vlp_blocked,7.170157133048356,1.3067743629177078,False,True,False,graph_diffusion_3,17,7.512910830689882,1.3416459186641627,0.30589275726781134
80,s3_vlp_blocked,7.170157133048356,1.3067743629177078,False,True,False,laplacian,17,7.50354884032208,1.3290580514072194,0.4618134714457178
81,s3_vlp_blocked,7.201631077444322,1.1339839347561254,False,True,False,static_raw,7,7.600777921446392,0.7985259130720073,0.7772981047050995
81,s3_vlp_blocked,7.201631077444322,1.1339839347561254,False,True,False,graph_diffusion_1,7,7.600360881666758,0.8526477904973218,0.6024052311245642
81,s3_vlp_blocked,7.201631077444322,1.1339839347561254,False,True,False,graph_diffusion_3,7,7.611783089721741,0.9501717560219095,0.3921513538923114
81,s3_vlp_blocked,7.201631077444322,1.1339839347561254,False,True,False,laplacian,7,7.596710375166507,0.8715211933313568,0.6166329050258627
82,s3_vlp_blocked,7.155776983713249,0.8528139925624313,False,True,False,static_raw,5,6.6512436995878925,1.0968907819125122,0.5000208420022411
82,s3_vlp_blocked,7.155776983713249,0.8528139925624313,False,True,False,graph_diffusion_1,5,6.667011817200711,1.1426170619198932,0.37824355113569613
82,s3_vlp_blocked,7.155776983713249,0.8528139925624313,False,True,False,graph_diffusion_3,5,6.695534185322864,1.2254778885050663,0.23951747260533063
82,s3_vlp_blocked,7.155776983713249,0.8528139925624313,False,True,False,laplacian,5,6.6472369057203675,1.1542573260038484,0.3927057078161552
83,s3_vlp_blocked,6.976127786010122,0.4956267479912126,False,False,False,static_raw,7,7.809081891734687,1.0263291039996123,0.6904213157871245
83,s3_vlp_blocked,6.976127786010122,0.4956267479912126,False,False,False,graph_diffusion_1,7,7.801621864231238,1.075875604795989,0.5330754412189124
83,s3_vlp_blocked,6.976127786010122,0.4956267479912126,False,False,False,graph_diffusion_3,7,7.798328756624735,1.1627426130167755,0.34497970799626326
83,s3_vlp_blocked,6.976127786010122,0.4956267479912126,False,False,False,laplacian,7,7.795187082922756,1.0923621441218914,0.545884820589651
84,s3_vlp_blocked,6.74255867268218,0.0843728881784015,False,False,False,static_raw,6,6.546948882424946,0.8913374228969156,0.6978980131200622
84,s3_vlp_blocked,6.74255867268218,0.0843728881784015,False,False,False,graph_diffusion_1,6,6.547487238453055,0.9435676423982728,0.5440886810647041
84,s3_vlp_blocked,6.74255867268218,0.0843728881784015,False,False,False,graph_diffusion_3,6,6.549588111254922,1.0400184714924325,0.3612358016682636
84,s3_vlp_blocked,6.74255867268218,0.0843728881784015,False,False,False,laplacian,6,6.545993413713008,0.9607598117008487,0.5567529064843144
85,s3_vlp_blocked,7.064294392948221,0.3942671783051067,False,False,False,static_raw,6,6.774465139444269,0.9248861719452538,0.612686714856143
85,s3_vlp_blocked,7.064294392948221,0.3942671783051067,False,False,False,graph_diffusion_1,6,6.777916095140557,0.9739936205644185,0.4802228111308151
85,s3_vlp_blocked,7.064294392948221,0.3942671783051067,False,False,False,graph_diffusion_3,6,6.786987848010016,1.0648387470394889,0.3228927432139836
85,s3_vlp_blocked,7.064294392948221,0.3942671783051067,False,False,False,laplacian,6,6.773598461220031,0.9902741057082637,0.491858768175295
86,s3_vlp_blocked,7.176188436555574,0.5060043216815018,False,False,False,static_raw,7,7.77764037777998,1.1063291050939084,0.6429224408535986
86,s3_vlp_blocked,7.176188436555574,0.5060043216815018,False,False,False,graph_diffusion_1,7,7.7718092281544875,1.1546979497565903,0.49734963441278085
86,s3_vlp_blocked,7.176188436555574,0.5060043216815018,False,False,False,graph_diffusion_3,7,7.770473740041183,1.2387927446167892,0.3236036784512891
86,s3_vlp_blocked,7.176188436555574,0.5060043216815018,False,False,False,laplacian,7,7.7652428195827445,1.1687289649722203,0.5098551098498098
87,s3_vlp_blocked,7.307226017604519,0.5668144077417742,False,False,False,static_raw,7,7.016265695407915,0.7008714468995301,0.5256081081001941
87,s3_vlp_blocked,7.307226017604519,0.5668144077417742,False,False,False,graph_diffusion_1,7,7.0137127638433965,0.7575851829405237,0.42468765490151145
87,s3_vlp_blocked,7.307226017604519,0.5668144077417742,False,False,False,graph_diffusion_3,7,7.020667043842788,0.8615731327166113,0.2996679247110495
87,s3_vlp_blocked,7.307226017604519,0.5668144077417742,False,False,False,laplacian,7,7.015535774559595,0.7791544554442175,0.430333010598085
88,s3_vlp_blocked,7.687860172244926,0.7189120364284933,False,False,False,static_raw,7,7.757745853416198,1.0795356041049866,0.6427509088905048
88,s3_vlp_blocked,7.687860172244926,0.7189120364284933,False,False,False,graph_diffusion_1,7,7.755744182148706,1.1274043116128725,0.4982164062763602
88,s3_vlp_blocked,7.687860172244926,0.7189120364284933,False,False,False,graph_diffusion_3,7,7.760774256234361,1.21070203540807,0.3251346698174086
88,s3_vlp_blocked,7.687860172244926,0.7189120364284933,False,False,False,laplacian,7,7.748613237217367,1.140234059863011,0.5111684500624984
89,s3_vlp_blocked,7.983386792676343,0.8375621710500243,False,False,False,static_raw,7,7.99797720187666,0.9611390682343148,0.6046551726239315
89,s3_vlp_blocked,7.983386792676343,0.8375621710500243,False,False,False,graph_diffusion_1,7,7.9904478902893965,1.0108657423214185,0.4688829577175744
89,s3_vlp_blocked,7.983386792676343,0.8375621710500243,False,False,False,graph_diffusion_3,7,7.980806586826023,1.099836563737257,0.3078968304474334
89,s3_vlp_blocked,7.983386792676343,0.8375621710500243,False,False,False,laplacian,7,7.980458963385537,1.0262141427358153,0.4810491790104619
90,s3_vlp_blocked,8.256293406597695,0.875446755726633,False,False,False,static_raw,8,8.733792951612553,0.7478793558741742,0.6370619748159456
90,s3_vlp_blocked,8.256293406597695,0.875446755726633,False,False,False,graph_diffusion_1,8,8.736034671777993,0.7941627736201061,0.49237424228485566
90,s3_vlp_blocked,8.256293406597695,0.875446755726633,False,False,False,graph_diffusion_3,8,8.705865855369563,0.8921819645935045,0.3364009215490496
90,s3_vlp_blocked,8.256293406597695,0.875446755726633,False,False,False,laplacian,8,8.706379848730933,0.8187783459134134,0.515185664394573
91,s3_vlp_blocked,8.425989160054677,0.93045254740169,False,False,False,static_raw,8,8.73687884210508,0.6674931770083827,0.6798295550731966
91,s3_vlp_blocked,8.425989160054677,0.93045254740169,False,False,False,graph_diffusion_1,8,8.73640668235758,0.7212021625083808,0.5260056286369243
91,s3_vlp_blocked,8.425989160054677,0.93045254740169,False,False,False,graph_diffusion_3,8,8.702942838523242,0.8298877628060022,0.35823879424464605
91,s3_vlp_blocked,8.425989160054677,0.93045254740169,False,False,False,laplacian,8,8.709297841737571,0.7450492382512158,0.5482939882703918
92,s3_vlp_blocked,8.863055882305986,1.1231286812777777,False,False,False,static_raw,19,9.149231700748444,1.2580464953810628,0.5796992437579738
92,s3_vlp_blocked,8.863055882305986,1.1231286812777777,False,False,False,graph_diffusion_1,19,9.113766791751438,1.2532204960474143,0.44768349253714074
92,s3_vlp_blocked,8.863055882305986,1.1231286812777777,False,False,False,graph_diffusion_3,19,9.03076961616862,1.280671155164475,0.30797764092503316
92,s3_vlp_blocked,8.863055882305986,1.1231286812777777,False,False,False,laplacian,19,9.08706027425352,1.286039047429074,0.47068689898596155
93,s3_vlp_blocked,9.23021965860404,1.1465464090231468,False,False,False,static_raw,19,9.32268841087853,1.2519215792857799,0.6662088313585841
93,s3_vlp_blocked,9.23021965860404,1.1465464090231468,False,False,False,graph_diffusion_1,19,9.269589001651557,1.2538293112898362,0.5165750490794446
93,s3_vlp_blocked,9.23021965860404,1.1465464090231468,False,False,False,graph_diffusion_3,19,9.161911386677756,1.2890064796695462,0.3531997645949376
93,s3_vlp_blocked,9.23021965860404,1.1465464090231468,False,False,False,laplacian,19,9.245960459614839,1.2804281354239688,0.5381013844063982
94,s3_vlp_blocked,9.37371170551081,1.169754508811914,False,False,False,static_raw,19,9.091251745678129,1.0952420360416297,0.47851971471269655
94,s3_vlp_blocked,9.37371170551081,1.169754508811914,False,False,False,graph_diffusion_1,19,9.060664164202146,1.1083411664363776,0.37370510652261363
94,s3_vlp_blocked,9.37371170551081,1.169754508811914,False,False,False,graph_diffusion_3,19,8.98418135964748,1.160451123151693,0.26653280219630426
94,s3_vlp_blocked,9.37371170551081,1.169754508811914,False,False,False,laplacian,19,9.03394600635173,1.1368971743168237,0.39187185277345266
95,s3_vlp_blocked,9.770217154834045,1.159649324523821,False,False,False,static_raw,9,9.330470681135113,0.9114365098524383,0.6102357067146533
95,s3_vlp_blocked,9.770217154834045,1.159649324523821,False,False,False,graph_diffusion_1,9,9.254141217417457,0.9835902896361097,0.5080752431993113
95,s3_vlp_blocked,9.770217154834045,1.159649324523821,False,False,False,graph_diffusion_3,9,9.122200181220023,1.1037198712679075,0.3777532808097935
95,s3_vlp_blocked,9.770217154834045,1.159649324523821,False,False,False,laplacian,9,9.252527216754572,0.9745349636676325,0.5312850058579374
96,s3_vlp_blocked,9.5806362152392,1.1294724581913531,False,False,False,static_raw,19,9.192006839140838,1.2845144571701286,0.6113260369813976
96,s3_vlp_blocked,9.5806362152392,1.1294724581913531,False,False,False,graph_diffusion_1,19,9.151859070317908,1.2780575026554002,0.4720794428652145
96,s3_vlp_blocked,9.5806362152392,1.1294724581913531,False,False,False,graph_diffusion_3,19,9.062595457967952,1.302788277952716,0.32297448208384444
96,s3_vlp_blocked,9.5806362152392,1.1294724581913531,False,False,False,laplacian,19,9.126245681950525,1.3102858476191976,0.495543997248173
97,s3_vlp_blocked,9.431952925308204,0.9654622254894044,False,False,False,static_raw,19,9.232846979772424,1.1995943682359558,0.5956195573808207
97,s3_vlp_blocked,9.431952925308204,0.9654622254894044,False,False,False,graph_diffusion_1,19,9.188133317087393,1.2048503527954848,0.46278632046663737
97,s3_vlp_blocked,9.431952925308204,0.9654622254894044,False,False,False,graph_diffusion_3,19,9.092285665013799,1.2451726289890754,0.3204154499962274
97,s3_vlp_blocked,9.431952925308204,0.9654622254894044,False,False,False,laplacian,19,9.163658530798001,1.2324922428603353,0.4832634073496921
98,s3_vlp_blocked,9.360595724435434,0.6120686019402459,False,False,False,static_raw,9,9.267051521896681,0.6956825265025011,0.6578306432346699
98,s3_vlp_blocked,9.360595724435434,0.6120686019402459,False,False,False,graph_diffusion_1,9,9.192547717325787,0.7716488268802982,0.550603309836001
98,s3_vlp_blocked,9.360595724435434,0.6120686019402459,False,False,False,graph_diffusion_3,9,9.064666793034021,0.9026329553066751,0.4112097372398303
98,s3_vlp_blocked,9.360595724435434,0.6120686019402459,False,False,False,laplacian,9,9.19499262807348,0.7708687863810515,0.5731666855319089
99,s3_vlp_blocked,9.26764607580253,0.4010204672213302,False,False,False,static_raw,9,9.390584979989468,0.6976576469094078,0.7329176650834694
99,s3_vlp_blocked,9.26764607580253,0.4010204672213302,False,False,False,graph_diffusion_1,9,9.309871453973384,0.7756963958687276,0.6115116724058324
99,s3_vlp_blocked,9.26764607580253,0.4010204672213302,False,False,False,graph_diffusion_3,9,9.169330798120312,0.9098530002567982,0.4512288249968548
99,s3_vlp_blocked,9.26764607580253,0.4010204672213302,False,False,False,laplacian,9,9.308159133898615,0.772678152629615,0.6342292299669037
0,s4_mixed_dynamic,3.50146586178358,2.794545781008381,False,False,True,static_raw,23,3.704517191600165,2.659390766547656,0.5585574041681334
0,s4_mixed_dynamic,3.50146586178358,2.794545781008381,False,False,True,graph_diffusion_1,23,3.7046413362291646,2.6600684678283413,0.429621714890085
0,s4_mixed_dynamic,3.50146586178358,2.794545781008381,False,False,True,graph_diffusion_3,23,3.704286978198452,2.6585445366441895,0.2758747174807494
0,s4_mixed_dynamic,3.50146586178358,2.794545781008381,False,False,True,laplacian,23,3.705077592214387,2.663524542388506,0.41830703941659897
1,s4_mixed_dynamic,3.8334314692961406,3.0879105600798664,False,False,True,static_raw,33,4.198189757411267,2.3229162252794024,0.5014828359368818
1,s4_mixed_dynamic,3.8334314692961406,3.0879105600798664,False,False,True,graph_diffusion_1,33,4.196870775979965,2.3424927781133995,0.37738209361378167
1,s4_mixed_dynamic,3.8334314692961406,3.0879105600798664,False,False,True,graph_diffusion_3,33,4.194305263226971,2.3797246240065504,0.23207219145038963
1,s4_mixed_dynamic,3.8334314692961406,3.0879105600798664,False,False,True,laplacian,33,4.1982194104520945,2.3479550754107343,0.36675871864319504
2,s4_mixed_dynamic,4.0456173120900445,3.1263296245930507,False,False,True,static_raw,33,4.0779690930510375,2.8239935816114374,0.5230959647286325
2,s4_mixed_dynamic,4.0456173120900445,3.1263296245930507,False,False,True,graph_diffusion_1,33,4.078440696845675,2.827994807740584,0.3964532172896126
2,s4_mixed_dynamic,4.0456173120900445,3.1263296245930507,False,False,True,graph_diffusion_3,33,4.079021835292078,2.8369350933583215,0.2483219055721338
2,s4_mixed_dynamic,4.0456173120900445,3.1263296245930507,False,False,True,laplacian,33,4.078069364544751,2.833533918757321,0.3864801391976144
3,s4_mixed_dynamic,4.42592581634721,3.113695449768073,False,False,True,static_raw,24,4.439754277597372,2.8586652502004974,0.5826368857395462
3,s4_mixed_dynamic,4.42592581634721,3.113695449768073,False,False,True,graph_diffusion_1,24,4.439661904744397,2.857848608541446,0.4480521730818629
3,s4_mixed_dynamic,4.42592581634721,3.113695449768073,False,False,True,graph_diffusion_3,24,4.439413206787374,2.8526452012834684,0.28714461861511514
3,s4_mixed_dynamic,4.42592581634721,3.113695449768073,False,False,True,laplacian,24,4.439832505701559,2.860271880587528,0.43591704140921234
4,s4_mixed_dynamic,4.708255729915193,3.19039433570727,False,False,True,static_raw,34,5.074561703675736,3.2786749483317728,0.5368438289326875
4,s4_mixed_dynamic,4.708255729915193,3.19039433570727,False,False,True,graph_diffusion_1,34,5.075089181788621,3.278352033010837,0.4106947473859641
4,s4_mixed_dynamic,4.708255729915193,3.19039433570727,False,False,True,graph_diffusion_3,34,5.076213375288941,3.2780280136424644,0.26179172652903804
4,s4_mixed_dynamic,4.708255729915193,3.19039433570727,False,False,True,laplacian,34,5.074327803119329,3.281292197434005,0.40006406681817996
5,s4_mixed_dynamic,4.978762662726669,3.137730843885924,False,False,True,static_raw,34,4.767545660488104,2.358844168794107,0.5054126198188694
5,s4_mixed_dynamic,4.978762662726669,3.137730843885924,False,False,True,graph_diffusion_1,34,4.767011550366216,2.37840458556443,0.38235310727866034
5,s4_mixed_dynamic,4.978762662726669,3.137730843885924,False,False,True,graph_diffusion_3,34,4.766078953301231,2.415146483890297,0.2380596236675949
5,s4_mixed_dynamic,4.978762662726669,3.137730843885924,False,False,True,laplacian,34,4.767545148613137,2.3832071617352595,0.37161149000633076
6,s4_mixed_dynamic,5.202025987228208,3.1529819162085304,False,False,True,static_raw,35,5.715627483762873,3.772968620174392,0.5834631988127558
6,s4_mixed_dynamic,5.202025987228208,3.1529819162085304,False,False,True,graph_diffusion_1,35,5.716308287799067,3.7729632683650536,0.44871362988495384
6,s4_mixed_dynamic,5.202025987228208,3.1529819162085304,False,False,True,graph_diffusion_3,35,5.717667273335273,3.7726179725379074,0.28805883070748994
6,s4_mixed_dynamic,5.202025987228208,3.1529819162085304,False,False,True,laplacian,35,5.715270205728546,3.773219400953743,0.4363969252792751
7,s4_mixed_dynamic,5.347337808465035,3.292281793156062,False,False,True,static_raw,35,5.9554486664508355,3.130148446016664,0.5347470387689359
7,s4_mixed_dynamic,5.347337808465035,3.292281793156062,False,False,True,graph_diffusion_1,35,5.955326084815932,3.1323271925385923,0.4094862499641607
7,s4_mixed_dynamic,5.347337808465035,3.292281793156062,False,False,True,graph_diffusion_3,35,5.955004472240568,3.136871762291433,0.26112719370139287
7,s4_mixed_dynamic,5.347337808465035,3.292281793156062,False,False,True,laplacian,35,5.953625869234566,3.1356924961109014,0.3986942591246999
8,s4_mixed_dynamic,5.716827179474,3.58088982297864,False,False,True,static_raw,35,5.57499601232534,3.319958687546025,0.5971870866407687
8,s4_mixed_dynamic,5.716827179474,3.58088982297864,False,False,True,graph_diffusion_1,35,5.575115278708805,3.3189154065380766,0.46073387887552725
8,s4_mixed_dynamic,5.716827179474,3.58088982297864,False,False,True,graph_diffusion_3,35,5.575504856928674,3.3171130735492347,0.2970005853650273
8,s4_mixed_dynamic,5.716827179474,3.58088982297864,False,False,True,laplacian,35,5.5748855762707885,3.3216737335169864,0.4479242513394639
9,s4_mixed_dynamic,5.862414412197704,3.68421178879823,False,False,True,static_raw,35,5.5435787038150135,2.7168621601565706,0.5310167912462461
9,s4_mixed_dynamic,5.862414412197704,3.68421178879823,False,False,True,graph_diffusion_1,35,5.543584198176932,2.7247942689977425,0.4060046336619629
9,s4_mixed_dynamic,5.862414412197704,3.68421178879823,False,False,True,graph_diffusion_3,35,5.543696391164047,2.7407075356147454,0.2580226348553961
9,s4_mixed_dynamic,5.862414412197704,3.68421178879823,False,False,True,laplacian,35,5.543318329595421,2.7299321982760287,0.3950396324208899
10,s4_mixed_dynamic,6.2621648807209205,3.865009897723677,True,False,True,static_raw,46,4.987102864900174,3.8029826023070283,0.5000783707489755
10,s4_mixed_dynamic,6.2621648807209205,3.865009897723677,True,False,True,graph_diffusion_1,46,4.985491349499468,3.800905578249095,0.3748557199118206
10,s4_mixed_dynamic,6.2621648807209205,3.865009897723677,True,False,True,graph_diffusion_3,46,4.980853862710834,3.796318327939115,0.22824454379696846
10,s4_mixed_dynamic,6.2621648807209205,3.865009897723677,True,False,True,laplacian,46,4.987250910955837,3.8036222398209087,0.3650781322353403
11,s4_mixed_dynamic,6.386402797469953,4.000359969380765,True,False,True,static_raw,46,4.995375427749645,4.253227569862871,0.5048638397529417
11,s4_mixed_dynamic,6.386402797469953,4.000359969380765,True,False,True,graph_diffusion_1,46,4.9998254474009185,4.253100061205517,0.3798906654229759
11,s4_mixed_dynamic,6.386402797469953,4.000359969380765,True,False,True,graph_diffusion_3,46,5.008374200835031,4.252829378184485,0.23368681558826393
11,s4_mixed_dynamic,6.386402797469953,4.000359969380765,True,False,True,laplacian,46,5.001281373754918,4.254717130723606,0.3698294018461325
12,s4_mixed_dynamic,6.486403725025359,4.131792507959473,True,False,True,static_raw,46,7.8425337346655235,5.157816329314762,0.5005601030514913
12,s4_mixed_dynamic,6.486403725025359,4.131792507959473,True,False,True,graph_diffusion_1,46,7.811712534309888,5.154584120001892,0.3776277382304988
12,s4_mixed_dynamic,6.486403725025359,4.131792507959473,True,False,True,graph_diffusion_3,46,7.755982053382579,5.149610232366232,0.23280550784367374
12,s4_mixed_dynamic,6.486403725025359,4.131792507959473,True,False,True,laplacian,46,7.808388510519125,5.157547405082894,0.36578293045434973
13,s4_mixed_dynamic,6.594101310260236,4.146666699824417,True,False,True,static_raw,47,4.02462860462775,6.588755299964732,0.49999999995100014
13,s4_mixed_dynamic,6.594101310260236,4.146666699824417,True,False,True,graph_diffusion_1,47,4.1209852918879255,6.526074048252873,0.38154332638619226
13,s4_mixed_dynamic,6.594101310260236,4.146666699824417,True,False,True,graph_diffusion_3,47,4.282177427264166,6.425903241614674,0.23798763605072634
13,s4_mixed_dynamic,6.594101310260236,4.146666699824417,True,False,True,laplacian,47,4.068067490006291,6.5660230061262155,0.364787267126665
14,s4_mixed_dynamic,6.938536691705024,4.190811224101229,True,False,True,static_raw,47,6.3088246093440645,4.629499558674568,0.5043336907341776
14,s4_mixed_dynamic,6.938536691705024,4.190811224101229,True,False,True,graph_diffusion_1,47,6.308801277027158,4.629533929953161,0.38084234822804686
14,s4_mixed_dynamic,6.938536691705024,4.190811224101229,True,False,True,graph_diffusion_3,47,6.314049243865589,4.629339650847239,0.2361144715113066
14,s4_mixed_dynamic,6.938536691705024,4.190811224101229,True,False,True,laplacian,47,6.308485178789877,4.629516551786539,0.3709700403043661
15,s4_mixed_dynamic,7.095444556622987,4.3190830854397095,True,False,True,static_raw,47,8.105644245024823,3.614257542433053,0.5017590366642307
15,s4_mixed_dynamic,7.095444556622987,4.3190830854397095,True,False,True,graph_diffusion_1,47,8.101981283605694,3.6109571797786897,0.3757680721406642
15,s4_mixed_dynamic,7.095444556622987,4.3190830854397095,True,False,True,graph_diffusion_3,47,8.09263550873574,3.6022898417789513,0.2295897044677767
15,s4_mixed_dynamic,7.095444556622987,4.3190830854397095,True,False,True,laplacian,47,8.089826076922572,3.6145647535930516,0.3677260877434608
16,s4_mixed_dynamic,7.322508343984496,4.588300078241882,True,False,True,static_raw,47,6.4116547539961495,5.582864088287853,0.500077644206784
16,s4_mixed_dynamic,7.322508343984496,4.588300078241882,True,False,True,graph_diffusion_1,47,6.411642311594315,5.582969034454509,0.37514699355122766
16,s4_mixed_dynamic,7.322508343984496,4.588300078241882,True,False,True,graph_diffusion_3,47,6.416237615059971,5.583292527480449,0.22843541222756036
16,s4_mixed_dynamic,7.322508343984496,4.588300078241882,True,False,True,laplacian,47,6.411327565768865,5.582743126148942,0.36510127694558014
17,s4_mixed_dynamic,7.446193242310456,4.675563891349093,True,False,True,static_raw,47,5.176356175764593,3.9136717630912727,0.500000034327023
17,s4_mixed_dynamic,7.446193242310456,4.675563891349093,True,False,True,graph_diffusion_1,47,5.171388083867364,3.9123986011280505,0.3745019906576213
17,s4_mixed_dynamic,7.446193242310456,4.675563891349093,True,False,True,graph_diffusion_3,47,5.167830055967503,3.9098673982100336,0.22710137346852838
17,s4_mixed_dynamic,7.446193242310456,4.675563891349093,True,False,True,laplacian,47,5.1769668845397385,3.9140629114578385,0.3647924517466109
18,s4_mixed_dynamic,7.634031718409139,4.77391982605946,True,False,True,static_raw,47,6.042723995525111,5.105370449899797,0.5002957220710125
18,s4_mixed_dynamic,7.634031718409139,4.77391982605946,True,False,True,graph_diffusion_1,47,6.041844089746031,5.105908523645357,0.3756356413584999
18,s4_mixed_dynamic,7.634031718409139,4.77391982605946,True,False,True,graph_diffusion_3,47,6.045678472796498,5.1061607978547965,0.22970822018392967
18,s4_mixed_dynamic,7.634031718409139,4.77391982605946,True,False,True,laplacian,47,6.042536092948767,5.105316708444509,0.3658635817253199
19,s4_mixed_dynamic,7.862727723450558,4.97492979510894,True,False,True,static_raw,49,9.378652656059861,4.761755762328912,0.6740522008528412
19,s4_mixed_dynamic,7.862727723450558,4.97492979510894,True,False,True,graph_diffusion_1,49,9.320040063060292,4.7626767818701845,0.5323850158960014
19,s4_mixed_dynamic,7.862727723450558,4.97492979510894,True,False,True,graph_diffusion_3,49,9.21110256108987,4.764289458762971,0.3618812138421448
19,s4_mixed_dynamic,7.862727723450558,4.97492979510894,True,False,True,laplacian,49,9.296327660111528,4.7617355890769195,0.5415431664888835
20,s4_mixed_dynamic,7.939266457295782,5.129541394281456,True,False,True,static_raw,57,8.364339007787274,4.248339583425777,0.48023356621285035
20,s4_mixed_dynamic,7.939266457295782,5.129541394281456,True,False,True,graph_diffusion_1,57,8.337725719321975,4.254727752981581,0.3629010783914532
20,s4_mixed_dynamic,7.939266457295782,5.129541394281456,True,False,True,graph_diffusion_3,57,8.291978664245038,4.260386111370905,0.22351094317196343
20,s4_mixed_dynamic,7.939266457295782,5.129541394281456,True,False,True,laplacian,57,8.330566585268029,4.248535040092385,0.35162901579819067
21,s4_mixed_dynamic,8.011102297567714,5.276303396065385,True,False,True,static_raw,58,5.707535026426928,4.913458155611629,0.3611748335373829
21,s4_mixed_dynamic,8.011102297567714,5.276303396065385,True,False,True,graph_diffusion_1,58,5.7323472333328755,4.91754823400483,0.27726511759801004
21,s4_mixed_dynamic,8.011102297567714,5.276303396065385,True,False,True,graph_diffusion_3,58,5.76110818730871,4.922950258740778,0.17734621826980007
21,s4_mixed_dynamic,8.011102297567714,5.276303396065385,True,False,True,laplacian,58,5.705464238828549,4.913504421446976,0.27104460369610506
22,s4_mixed_dynamic,8.343062278059984,5.445902988798278,False,False,True,static_raw,58,8.076721664837132,5.867366882935577,0.5341892719858711
22,s4_mixed_dynamic,8.343062278059984,5.445902988798278,False,False,True,graph_diffusion_1,58,8.091141700283751,5.866198105880909,0.40426656698002733
22,s4_mixed_dynamic,8.343062278059984,5.445902988798278,False,False,True,graph_diffusion_3,58,8.101143465352262,5.865292707678217,0.2555570361856547
22,s4_mixed_dynamic,8.343062278059984,5.445902988798278,False,False,True,laplacian,58,8.06666165436379,5.8668804970128,0.3987449947116675
23,s4_mixed_dynamic,8.52052164720882,5.6027346910434765,False,False,True,static_raw,58,8.495136091466467,4.936686975202108,0.5261107293486248
23,s4_mixed_dynamic,8.52052164720882,5.6027346910434765,False,False,True,graph_diffusion_1,58,8.490375187004837,4.94245582121222,0.4005592749645331
23,s4_mixed_dynamic,8.52052164720882,5.6027346910434765,False,False,True,graph_diffusion_3,58,8.46950728847051,4.950298965335954,0.25676346893159513
23,s4_mixed_dynamic,8.52052164720882,5.6027346910434765,False,False,True,laplacian,58,8.470311447783676,4.937061686189971,0.39398442500245934
24,s4_mixed_dynamic,8.840063415262575,5.876328672083288,False,False,True,static_raw,69,7.5432297356338776,5.731095173313947,0.5071621009219551
24,s4_mixed_dynamic,8.840063415262575,5.876328672083288,False,False,True,graph_diffusion_1,69,7.490031387089551,5.723127673018574,0.38598993581425983
24,s4_mixed_dynamic,8.840063415262575,5.876328672083288,False,False,True,graph_diffusion_3,69,7.397424700499987,5.710579916544541,0.24575904426314102
24,s4_mixed_dynamic,8.840063415262575,5.876328672083288,False,False,True,laplacian,69,7.496140166030572,5.731046288202862,0.3986777419487447
25,s4_mixed_dynamic,9.133542118122302,6.275738550131283,False,True,True,static_raw,45,7.16882280979746,5.447433654602917,0.5035807920839374
25,s4_mixed_dynamic,9.133542118122302,6.275738550131283,False,True,True,graph_diffusion_1,45,7.144660474069038,5.444010208626359,0.3793440237262998
25,s4_mixed_dynamic,9.133542118122302,6.275738550131283,False,True,True,graph_diffusion_3,45,7.1001393495710845,5.4381196053702,0.23318301814319367
25,s4_mixed_dynamic,9.133542118122302,6.275738550131283,False,True,True,laplacian,45,7.141256416019944,5.446284818381677,0.3681409249435435
26,s4_mixed_dynamic,9.35618800793218,6.65718067016028,False,True,True,static_raw,99,9.061457770316018,7.356733647475203,0.5000429641724888
26,s4_mixed_dynamic,9.35618800793218,6.65718067016028,False,True,True,graph_diffusion_1,99,8.987611068844595,7.218637876807573,0.39109153287136816
26,s4_mixed_dynamic,9.35618800793218,6.65718067016028,False,True,True,graph_diffusion_3,99,8.867855630169633,7.022740186806956,0.25822178676260765
26,s4_mixed_dynamic,9.35618800793218,6.65718067016028,False,True,True,laplacian,99,8.99748707432795,7.310905484109814,0.42229948617248037
27,s4_mixed_dynamic,9.561103088027537,7.107641397521033,False,True,True,static_raw,79,9.348513006279992,7.622889482111857,0.6303138161940497
27,s4_mixed_dynamic,9.561103088027537,7.107641397521033,False,True,True,graph_diffusion_1,79,9.287213875893379,7.6121951893096504,0.5006018389498047
27,s4_mixed_dynamic,9.561103088027537,7.107641397521033,False,True,True,graph_diffusion_3,79,9.17405963812671,7.600884573426362,0.34220633987334015
27,s4_mixed_dynamic,9.561103088027537,7.107641397521033,False,True,True,laplacian,79,9.26257177428341,7.61291140415013,0.5074291861985962
28,s4_mixed_dynamic,9.62294450389752,7.287936096739562,False,True,True,static_raw,98,8.87899535359167,8.238885284928255,0.5035344194870991
28,s4_mixed_dynamic,9.62294450389752,7.287936096739562,False,True,True,graph_diffusion_1,98,8.867629210252112,8.226239530462884,0.3782976384001913
28,s4_mixed_dynamic,9.62294450389752,7.287936096739562,False,True,True,graph_diffusion_3,98,8.820727112220077,8.17342121632031,0.2452448713733581
28,s4_mixed_dynamic,9.62294450389752,7.287936096739562,False,True,True,laplacian,98,8.838453226558514,8.18993964039036,0.39731451805208945
29,s4_mixed_dynamic,9.567042849149868,7.590650497286169,False,True,True,static_raw,98,8.803336658212359,8.22958623399645,0.503121438536042
29,s4_mixed_dynamic,9.567042849149868,7.590650497286169,False,True,True,graph_diffusion_1,98,8.794862519958528,8.2152409467175,0.37774750276310054
29,s4_mixed_dynamic,9.567042849149868,7.590650497286169,False,True,True,graph_diffusion_3,98,8.751830028776158,8.159716288776771,0.2445789173574449
29,s4_mixed_dynamic,9.567042849149868,7.590650497286169,False,True,True,laplacian,98,8.76532669133717,8.180577642046288,0.3969567465231534
30,s4_mixed_dynamic,9.368809486427658,7.926124173973704,False,True,True,static_raw,79,7.264495882334636,7.543580916528107,0.5153954316306435
30,s4_mixed_dynamic,9.368809486427658,7.926124173973704,False,True,True,graph_diffusion_1,79,7.20969188130565,7.540624150594766,0.3984599477853585
30,s4_mixed_dynamic,9.368809486427658,7.926124173973704,False,True,True,graph_diffusion_3,79,7.124193093176375,7.537736056896185,0.2610079768667552
30,s4_mixed_dynamic,9.368809486427658,7.926124173973704,False,True,True,laplacian,79,7.218514021284453,7.53552153589505,0.4101512579031589
31,s4_mixed_dynamic,9.317903367352146,8.04732779879347,False,True,True,static_raw,89,8.710039281976975,8.316083907360893,0.5571288145193276
31,s4_mixed_dynamic,9.317903367352146,8.04732779879347,False,True,True,graph_diffusion_1,89,8.677189312246863,8.33116600321123,0.4250863374718581
31,s4_mixed_dynamic,9.317903367352146,8.04732779879347,False,True,True,graph_diffusion_3,89,8.596680698081036,8.319406023705945,0.28449257918740467
31,s4_mixed_dynamic,9.317903367352146,8.04732779879347,False,True,True,laplacian,89,8.650031515819945,8.299395231328072,0.44721571174329977
32,s4_mixed_dynamic,9.186332412855084,8.43241929333643,False,True,True,static_raw,89,9.3691813427656,8.507857214132512,0.6336427606332349
32,s4_mixed_dynamic,9.186332412855084,8.43241929333643,False,True,True,graph_diffusion_1,89,9.312111139061166,8.511143882068907,0.4954044532193402
32,s4_mixed_dynamic,9.186332412855084,8.43241929333643,False,True,True,graph_diffusion_3,89,9.199188618285255,8.485082385687173,0.3418685446859232
32,s4_mixed_dynamic,9.186332412855084,8.43241929333643,False,True,True,laplacian,89,9.287909185828362,8.485435996349883,0.513479338745951
33,s4_mixed_dynamic,9.112727671229193,8.796655767469591,False,True,True,static_raw,59,7.933365300676728,7.18690753903487,0.5000171746986519
33,s4_mixed_dynamic,9.112727671229193,8.796655767469591,False,True,True,graph_diffusion_1,59,7.879679515635631,7.187090135459491,0.3786026279964926
33,s4_mixed_dynamic,9.112727671229193,8.796655767469591,False,True,True,graph_diffusion_3,59,7.787789337687516,7.174718080837727,0.2392015335204923
33,s4_mixed_dynamic,9.112727671229193,8.796655767469591,False,True,True,laplacian,59,7.881132139146592,7.160845701202057,0.39172670411938326
34,s4_mixed_dynamic,9.270799859312152,9.22745450829668,False,True,True,static_raw,55,7.373567428509885,7.31582003548041,0.5000002187327427
34,s4_mixed_dynamic,9.270799859312152,9.22745450829668,False,True,True,graph_diffusion_1,55,7.304962542280361,7.249476218109754,0.3820090598224617
34,s4_mixed_dynamic,9.270799859312152,9.22745450829668,False,True,True,graph_diffusion_3,55,7.196574825079374,7.145460024409248,0.23906105169179898
34,s4_mixed_dynamic,9.270799859312152,9.22745450829668,False,True,True,laplacian,55,7.33696226033144,7.283025100054136,0.364787185288689
35,s4_mixed_dynamic,9.423420837008932,9.422997081607893,False,False,True,static_raw,99,9.185999192291147,8.99279475200856,0.6246882318651625
35,s4_mixed_dynamic,9.423420837008932,9.422997081607893,False,False,True,graph_diffusion_1,99,9.105168921759663,8.912356128790725,0.5141834928531624
35,s4_mixed_dynamic,9.423420837008932,9.422997081607893,False,False,True,graph_diffusion_3,99,8.968634669751538,8.781545116066589,0.37372608715335953
35,s4_mixed_dynamic,9.423420837008932,9.422997081607893,False,False,True,laplacian,99,9.109410517886074,8.928794927657245,0.5393555997792977
36,s4_mixed_dynamic,9.481110661263054,9.62212971253768,False,False,True,static_raw,99,7.706066878953136,9.100846148510799,0.6284860977853545
36,s4_mixed_dynamic,9.481110661263054,9.62212971253768,False,False,True,graph_diffusion_1,99,7.606998200083341,9.018330463414951,0.5131149774101309
36,s4_mixed_dynamic,9.481110661263054,9.62212971253768,False,False,True,graph_diffusion_3,99,7.459174820323176,8.882146977978437,0.36508349638434345
36,s4_mixed_dynamic,9.481110661263054,9.62212971253768,False,False,True,laplacian,99,7.651543553706271,9.032083738944198,0.5374446255776092
37,s4_mixed_dynamic,9.541752579513968,9.92203908827878,False,False,True,static_raw,99,8.095531091046329,9.317695425957416,0.6592632457235934
37,s4_mixed_dynamic,9.541752579513968,9.92203908827878,False,False,True,graph_diffusion_1,99,7.996635522501062,9.236200283263255,0.5416097156034674
37,s4_mixed_dynamic,9.541752579513968,9.92203908827878,False,False,True,graph_diffusion_3,99,7.84663312255319,9.096511511668298,0.3897368113966354
37,s4_mixed_dynamic,9.541752579513968,9.92203908827878,False,False,True,laplacian,99,8.036459401362805,9.238995547263023,0.5661661638632698
38,s4_mixed_dynamic,9.402562603553038,9.543991147418636,False,False,True,static_raw,99,8.802422369918208,9.205177263277356,0.7001035256477355
38,s4_mixed_dynamic,9.402562603553038,9.543991147418636,False,False,True,graph_diffusion_1,99,8.716246599844354,9.122934004339736,0.5769501581576689
38,s4_mixed_dynamic,9.402562603553038,9.543991147418636,False,False,True,graph_diffusion_3,99,8.574112354618128,8.98491901668508,0.41702422784919935
38,s4_mixed_dynamic,9.402562603553038,9.543991147418636,False,False,True,laplacian,99,8.72844584403314,9.132213159325872,0.6013405590163003
39,s4_mixed_dynamic,9.44479730227728,9.391504817262849,False,False,True,static_raw,99,8.732778626156637,9.182415107306195,0.6189117677877455
39,s4_mixed_dynamic,9.44479730227728,9.391504817262849,False,False,True,graph_diffusion_1,99,8.642412746117406,9.103366615472508,0.5098556062139501
39,s4_mixed_dynamic,9.44479730227728,9.391504817262849,False,False,True,graph_diffusion_3,99,8.499562446542182,8.970602021514225,0.37121354791989153
39,s4_mixed_dynamic,9.44479730227728,9.391504817262849,False,False,True,laplacian,99,8.667489227013654,9.110887187675502,0.5351023007577554
40,s4_mixed_dynamic,9.525454359161255,8.940867722935458,False,False,True,static_raw,89,7.59600674018534,8.09803005498064,0.5430703683352788
40,s4_mixed_dynamic,9.525454359161255,8.940867722935458,False,False,True,graph_diffusion_1,89,7.583882877069624,8.116001524949619,0.41218236996767255
40,s4_mixed_dynamic,9.525454359161255,8.940867722935458,False,False,True,graph_diffusion_3,89,7.524468146547773,8.10798041298267,0.2713531225359549
40,s4_mixed_dynamic,9.525454359161255,8.940867722935458,False,False,True,laplacian,89,7.545881271095565,8.084936892471465,0.4325686916955271
41,s4_mixed_dynamic,9.823585243977655,8.584999463128653,False,False,True,static_raw,99,9.409977141045314,8.250336337549278,0.5331859594800529
41,s4_mixed_dynamic,9.823585243977655,8.584999463128653,False,False,True,graph_diffusion_1,99,9.332684381002162,8.158197941603769,0.42886194232931374
41,s4_mixed_dynamic,9.823585243977655,8.584999463128653,False,False,True,graph_diffusion_3,99,9.197523835678156,8.02203762949745,0.30022110227905147
41,s4_mixed_dynamic,9.823585243977655,8.584999463128653,False,False,True,laplacian,99,9.323978662058597,8.200708839420697,0.45508499583457784
42,s4_mixed_dynamic,9.694700842723162,8.966546447675274,False,False,True,static_raw,99,8.895870011827908,9.027201306802842,0.587054269217765
42,s4_mixed_dynamic,9.694700842723162,8.966546447675274,False,False,True,graph_diffusion_1,99,8.810956402150845,8.94779118362489,0.4812163754102663
42,s4_mixed_dynamic,9.694700842723162,8.966546447675274,False,False,True,graph_diffusion_3,99,8.674488487021152,8.81805691658659,0.34875239023736077
42,s4_mixed_dynamic,9.694700842723162,8.966546447675274,False,False,True,laplacian,99,8.829738230412001,8.962123124631141,0.5074707534095845
43,s4_mixed_dynamic,9.569223421271444,9.326938465999294,False,False,True,static_raw,99,7.783253440975289,9.235172925918874,0.5791272340731904
43,s4_mixed_dynamic,9.569223421271444,9.326938465999294,False,False,True,graph_diffusion_1,99,7.664487232182793,9.156650952373813,0.4724793548523539
43,s4_mixed_dynamic,9.569223421271444,9.326938465999294,False,False,True,graph_diffusion_3,99,7.493719582143065,9.023382286438835,0.3383594260904836
43,s4_mixed_dynamic,9.569223421271444,9.326938465999294,False,False,True,laplacian,99,7.731155104802085,9.161008785952546,0.49864088570827575
44,s4_mixed_dynamic,9.534535416987817,9.784343768551336,False,False,True,static_raw,99,9.086312243071946,9.110536219239325,0.5824897750449394
44,s4_mixed_dynamic,9.534535416987817,9.784343768551336,False,False,True,graph_diffusion_1,99,9.012207857100849,9.033017178799167,0.48003674031232096
44,s4_mixed_dynamic,9.534535416987817,9.784343768551336,False,False,True,graph_diffusion_3,99,8.889585865811988,8.904483525471232,0.35186002054557663
44,s4_mixed_dynamic,9.534535416987817,9.784343768551336,False,False,True,laplacian,99,9.021613468611314,9.042609962642322,0.5054731828864225
45,s4_mixed_dynamic,9.54487381028695,9.92332836828298,True,False,True,static_raw,99,8.56009094774483,9.404357932638039,0.8285252403460058
45,s4_mixed_dynamic,9.54487381028695,9.92332836828298,True,False,True,graph_diffusion_1,99,8.484707435484054,9.315768263722813,0.6795303980653963
45,s4_mixed_dynamic,9.54487381028695,9.92332836828298,True,False,True,graph_diffusion_3,99,8.355455796628206,9.163405090178088,0.48219179574728305
45,s4_mixed_dynamic,9.54487381028695,9.92332836828298,True,False,True,laplacian,99,8.48765976323472,9.319547419665003,0.7032368951955134
46,s4_mixed_dynamic,9.558162041417896,9.663482828106742,True,False,True,static_raw,99,9.328687752626589,9.381247213301087,0.7610669356005811
46,s4_mixed_dynamic,9.558162041417896,9.663482828106742,True,False,True,graph_diffusion_1,99,9.248034047268586,9.298903308305952,0.6319892547565507
46,s4_mixed_dynamic,9.558162041417896,9.663482828106742,True,False,True,graph_diffusion_3,99,9.109411928013888,9.156210332126014,0.46195255663844154
46,s4_mixed_dynamic,9.558162041417896,9.663482828106742,True,False,True,laplacian,99,9.250722580598985,9.298643461980905,0.6556930447199408
47,s4_mixed_dynamic,9.5646528065164,9.424365913186056,True,False,True,static_raw,99,9.485394145268447,7.452176890678299,0.5022543310358274
47,s4_mixed_dynamic,9.5646528065164,9.424365913186056,True,False,True,graph_diffusion_1,99,9.40864039145763,7.339463011763996,0.39793079445608126
47,s4_mixed_dynamic,9.5646528065164,9.424365913186056,True,False,True,graph_diffusion_3,99,9.272639571293691,7.1803885251151165,0.2691580657198545
47,s4_mixed_dynamic,9.5646528065164,9.424365913186056,True,False,True,laplacian,99,9.394999325457054,7.4060950687555955,0.4246657258726199
48,s4_mixed_dynamic,9.50103939557558,9.114055937821927,True,False,True,static_raw,89,6.132316308424929,6.52568202043518,0.4029953069466014
48,s4_mixed_dynamic,9.50103939557558,9.114055937821927,True,False,True,graph_diffusion_1,89,6.09788782521366,6.525318821599517,0.30977988114457927
48,s4_mixed_dynamic,9.50103939557558,9.114055937821927,True,False,True,graph_diffusion_3,89,6.004334091543534,6.488173245581115,0.205264614612654
48,s4_mixed_dynamic,9.50103939557558,9.114055937821927,True,False,True,laplacian,89,6.091598962063908,6.513869503458389,0.3220764595834774
49,s4_mixed_dynamic,9.414656161118282,8.731094504017625,True,False,True,static_raw,89,9.489999078035298,8.36441786598629,0.6299798931386599
49,s4_mixed_dynamic,9.414656161118282,8.731094504017625,True,False,True,graph_diffusion_1,89,9.424324191737991,8.36812730564896,0.49799230276397344
49,s4_mixed_dynamic,9.414656161118282,8.731094504017625,True,False,True,graph_diffusion_3,89,9.298889559712402,8.344644406597418,0.3474085507718344
49,s4_mixed_dynamic,9.414656161118282,8.731094504017625,True,False,True,laplacian,89,9.399189151141872,8.344003339684722,0.511809943983615
50,s4_mixed_dynamic,9.21633605588256,8.49062670552971,True,False,True,static_raw,89,6.029737511889238,8.977205606437069,0.5006559219210496
50,s4_mixed_dynamic,9.21633605588256,8.49062670552971,True,False,True,graph_diffusion_1,89,6.074507788308069,8.955892896576138,0.3763758714243591
50,s4_mixed_dynamic,9.21633605588256,8.49062670552971,True,False,True,graph_diffusion_3,89,6.094117808587747,8.892815745318353,0.24375868738296064
50,s4_mixed_dynamic,9.21633605588256,8.49062670552971,True,False,True,laplacian,89,5.995677723097487,8.929432723872575,0.394033858062494
51,s4_mixed_dynamic,9.11760935449355,8.438577566893754,True,False,True,static_raw,89,7.7067697377673605,6.234115641449698,0.49999990323191595
51,s4_mixed_dynamic,9.11760935449355,8.438577566893754,True,False,True,graph_diffusion_1,89,7.694257738215281,6.277167971350366,0.3710222144744929
51,s4_mixed_dynamic,9.11760935449355,8.438577566893754,True,False,True,graph_diffusion_3,89,7.635657566476222,6.284746240908017,0.23313420121299835
51,s4_mixed_dynamic,9.11760935449355,8.438577566893754,True,False,True,laplacian,89,7.660750175615155,6.230495626442485,0.3917315732487546
52,s4_mixed_dynamic,8.922779282926651,8.205081914366874,True,False,True,static_raw,88,8.992606468396579,5.664511335763333,0.49999999859246896
52,s4_mixed_dynamic,8.922779282926651,8.205081914366874,True,False,True,graph_diffusion_1,88,8.957214630969599,5.761639840966118,0.3710230410858687
52,s4_mixed_dynamic,8.922779282926651,8.205081914366874,True,False,True,graph_diffusion_3,88,8.893462287604311,5.895711991325713,0.22433165450277598
52,s4_mixed_dynamic,8.922779282926651,8.205081914366874,True,False,True,laplacian,88,8.943572459765218,5.660899797666257,0.36508449165648627
53,s4_mixed_dynamic,8.733693244154269,8.016610598714413,True,False,True,static_raw,88,8.99861545535551,8.618320899004594,0.5001253907316024
53,s4_mixed_dynamic,8.733693244154269,8.016610598714413,True,False,True,graph_diffusion_1,88,8.95013296769567,8.590789306344488,0.3830427856710574
53,s4_mixed_dynamic,8.733693244154269,8.016610598714413,True,False,True,graph_diffusion_3,88,8.870031143171367,8.547525885413975,0.25147634601157137
53,s4_mixed_dynamic,8.733693244154269,8.016610598714413,True,False,True,laplacian,88,8.949071823335235,8.588158923989404,0.3750245218196979
54,s4_mixed_dynamic,8.604067606013617,7.71418254806786,True,False,True,static_raw,78,6.935066743731335,7.661808057479369,0.4989416178902096
54,s4_mixed_dynamic,8.604067606013617,7.71418254806786,True,False,True,graph_diffusion_1,78,6.9595752251458585,7.661644995539723,0.3697900228759578
54,s4_mixed_dynamic,8.604067606013617,7.71418254806786,True,False,True,graph_diffusion_3,78,6.987449143196429,7.6645154312827275,0.22281371826782992
54,s4_mixed_dynamic,8.604067606013617,7.71418254806786,True,False,True,laplacian,78,6.931216324036522,7.657798614116711,0.3645198521472558
55,s4_mixed_dynamic,8.380292121918876,7.508518197183664,False,False,True,static_raw,78,8.093080056297342,6.848288906889052,0.5363425834761164
55,s4_mixed_dynamic,8.380292121918876,7.508518197183664,False,False,True,graph_diffusion_1,78,8.10631205564055,6.855144839546284,0.4039697187365775
55,s4_mixed_dynamic,8.380292121918876,7.508518197183664,False,False,True,graph_diffusion_3,78,8.115231845793673,6.86939064797073,0.25235710291696417
55,s4_mixed_dynamic,8.380292121918876,7.508518197183664,False,False,True,laplacian,78,8.0819359527447,6.847454518284329,0.3984326420735678
56,s4_mixed_dynamic,8.261298236940235,7.032237617033076,False,False,True,static_raw,78,7.663876984870828,7.604747298862969,0.5573070453716156
56,s4_mixed_dynamic,8.261298236940235,7.032237617033076,False,False,True,graph_diffusion_1,78,7.676186771424225,7.6014949394483855,0.42043173543236934
56,s4_mixed_dynamic,8.261298236940235,7.032237617033076,False,False,True,graph_diffusion_3,78,7.684158031307275,7.595407100543352,0.26337975659980106
56,s4_mixed_dynamic,8.261298236940235,7.032237617033076,False,False,True,laplacian,78,7.651961772235905,7.59574727588287,0.4149197863149518
57,s4_mixed_dynamic,8.367834526148913,6.700942345233571,False,False,True,static_raw,68,8.092471538408498,6.452527555939771,0.5672317919239332
57,s4_mixed_dynamic,8.367834526148913,6.700942345233571,False,False,True,graph_diffusion_1,68,8.104609230720524,6.454781842237385,0.4300985680697354
57,s4_mixed_dynamic,8.367834526148913,6.700942345233571,False,False,True,graph_diffusion_3,68,8.110491463451442,6.457945735247647,0.27210698153485463
57,s4_mixed_dynamic,8.367834526148913,6.700942345233571,False,False,True,laplacian,68,8.080125136762096,6.4515139705172695,0.4238322633599095
58,s4_mixed_dynamic,8.353958878788386,6.494196804329148,False,False,True,static_raw,68,8.732994881008802,6.68363448325091,0.563976960983421
58,s4_mixed_dynamic,8.353958878788386,6.494196804329148,False,False,True,graph_diffusion_1,68,8.720560549197014,6.68083624646093,0.43105524708291454
58,s4_mixed_dynamic,8.353958878788386,6.494196804329148,False,False,True,graph_diffusion_3,68,8.68653204810051,6.675673558510036,0.2774104196634043
58,s4_mixed_dynamic,8.353958878788386,6.494196804329148,False,False,True,laplacian,68,8.700679415230736,6.681186207389104,0.4235166201249232
59,s4_mixed_dynamic,8.336546429042226,6.293616283957347,False,False,True,static_raw,68,8.287711505828883,7.4552603123926655,0.514197431086123
59,s4_mixed_dynamic,8.336546429042226,6.293616283957347,False,False,True,graph_diffusion_1,68,8.283383672888311,7.424483182462861,0.3873505600261702
59,s4_mixed_dynamic,8.336546429042226,6.293616283957347,False,False,True,graph_diffusion_3,68,8.26284434597559,7.373426833224187,0.2421479541921299
59,s4_mixed_dynamic,8.336546429042226,6.293616283957347,False,False,True,laplacian,68,8.259937460507107,7.438122678642198,0.37942913302254416
60,s4_mixed_dynamic,8.40346815147133,6.116995442632617,False,False,True,static_raw,69,8.42643689140822,5.1979432413628714,0.5052505765600886
60,s4_mixed_dynamic,8.40346815147133,6.116995442632617,False,False,True,graph_diffusion_1,69,8.377202643639626,5.184259463079966,0.3858199809171807
60,s4_mixed_dynamic,8.40346815147133,6.116995442632617,False,False,True,graph_diffusion_3,69,8.288785066318376,5.162326557058194,0.24788929119171305
60,s4_mixed_dynamic,8.40346815147133,6.116995442632617,False,False,True,laplacian,69,8.37135732568586,5.199565270098681,0.3982631094014143
61,s4_mixed_dynamic,8.546844700935843,5.924881887661858,False,False,True,static_raw,69,7.56459857503438,5.793717017600402,0.5013708400844197
61,s4_mixed_dynamic,8.546844700935843,5.924881887661858,False,False,True,graph_diffusion_1,69,7.512701769521457,5.78641308137062,0.3805759382227665
61,s4_mixed_dynamic,8.546844700935843,5.924881887661858,False,False,True,graph_diffusion_3,69,7.422572509254903,5.775020011299874,0.24094856253952715
61,s4_mixed_dynamic,8.546844700935843,5.924881887661858,False,False,True,laplacian,69,7.518382554689369,5.7936813174419175,0.39329843157197536
62,s4_mixed_dynamic,8.729904160776496,5.547744951919951,False,False,True,static_raw,58,8.501940506680807,5.479588024451254,0.5977395311450256
62,s4_mixed_dynamic,8.729904160776496,5.547744951919951,False,False,True,graph_diffusion_1,58,8.503108472689663,5.4798107468958355,0.45685507571411743
62,s4_mixed_dynamic,8.729904160776496,5.547744951919951,False,False,True,graph_diffusion_3,58,8.491140693540828,5.480291753532043,0.2933271939675606
62,s4_mixed_dynamic,8.729904160776496,5.547744951919951,False,False,True,laplacian,58,8.481580486137299,5.479531011384156,0.4495034767403763
63,s4_mixed_dynamic,8.77202584280195,5.143629060389316,False,False,True,static_raw,59,8.980797142004757,4.867060706029919,0.5360662030846252
63,s4_mixed_dynamic,8.77202584280195,5.143629060389316,False,False,True,graph_diffusion_1,59,8.931072599921396,4.860219291188318,0.4181794697828169
63,s4_mixed_dynamic,8.77202584280195,5.143629060389316,False,False,True,graph_diffusion_3,59,8.8393983254396,4.848783761735632,0.28046394538065805
63,s4_mixed_dynamic,8.77202584280195,5.143629060389316,False,False,True,laplacian,59,8.916111606547508,4.867308548634558,0.4292555335140299
64,s4_mixed_dynamic,8.718437609453172,4.97610578105409,False,False,True,static_raw,49,9.195927573519914,5.1813243387878005,0.529689859280726
64,s4_mixed_dynamic,8.718437609453172,4.97610578105409,False,False,True,graph_diffusion_1,49,9.14278582480742,5.186301302874952,0.41382788036464135
64,s4_mixed_dynamic,8.718437609453172,4.97610578105409,False,False,True,graph_diffusion_3,49,9.044153770901678,5.194646647265398,0.278810433561907
64,s4_mixed_dynamic,8.718437609453172,4.97610578105409,False,False,True,laplacian,49,9.123491795049972,5.181060536618932,0.4242980900007689
65,s4_mixed_dynamic,8.667563530000693,4.866630764710654,False,True,True,static_raw,49,8.65299359140047,5.007896106490387,0.5092909798867771
65,s4_mixed_dynamic,8.667563530000693,4.866630764710654,False,True,True,graph_diffusion_1,49,8.60983446148837,5.014755439280224,0.38976432755977375
65,s4_mixed_dynamic,8.667563530000693,4.866630764710654,False,True,True,graph_diffusion_3,49,8.53107427358516,5.026035768605702,0.2530685348952035
65,s4_mixed_dynamic,8.667563530000693,4.866630764710654,False,True,True,laplacian,49,8.599600937489564,5.007838537370017,0.4030932370869081
66,s4_mixed_dynamic,8.542366419283344,4.760216825616967,False,True,True,static_raw,49,7.936250367779912,3.528610288272288,0.4953671219562964
66,s4_mixed_dynamic,8.542366419283344,4.760216825616967,False,True,True,graph_diffusion_1,49,7.887237992303779,3.5185643790592116,0.37629495214313585
66,s4_mixed_dynamic,8.542366419283344,4.760216825616967,False,True,True,graph_diffusion_3,49,7.801572277112668,3.503367642519631,0.23862159102633376
66,s4_mixed_dynamic,8.542366419283344,4.760216825616967,False,True,True,laplacian,49,7.89033501365384,3.5337734422898093,0.38913239970189956
67,s4_mixed_dynamic,8.382687489621802,4.499553999003734,False,True,True,static_raw,9,9.01192091623341,2.533001334371524,0.49999999995100014
67,s4_mixed_dynamic,8.382687489621802,4.499553999003734,False,True,True,graph_diffusion_1,9,8.931351485130298,2.660065737687122,0.39205180355081515
67,s4_mixed_dynamic,8.382687489621802,4.499553999003734,False,True,True,graph_diffusion_3,9,8.800592268636429,2.840422191361674,0.25976874333501504
67,s4_mixed_dynamic,8.382687489621802,4.499553999003734,False,True,True,laplacian,9,8.944353056096853,2.5790598354580085,0.42218828668819014
68,s4_mixed_dynamic,8.31381336958047,4.356990528873265,False,True,True,static_raw,9,9.196831428239747,2.12090429270187,0.5000000000469554
68,s4_mixed_dynamic,8.31381336958047,4.356990528873265,False,True,True,graph_diffusion_1,9,9.121587334726048,2.231028211085824,0.3922057732250997
68,s4_mixed_dynamic,8.31381336958047,4.356990528873265,False,True,True,graph_diffusion_3,9,8.99590461697934,2.3883956423835384,0.2603974023370117
68,s4_mixed_dynamic,8.31381336958047,4.356990528873265,False,True,True,laplacian,9,9.124938727405203,2.166856030469833,0.42230471900647926
69,s4_mixed_dynamic,8.173199902177743,4.055129301838792,False,True,True,static_raw,39,8.527142896639893,3.6388904777222324,0.5163604481160852
69,s4_mixed_dynamic,8.173199902177743,4.055129301838792,False,True,True,graph_diffusion_1,39,8.483538545863057,3.640799342941847,0.39652237609545676
69,s4_mixed_dynamic,8.173199902177743,4.055129301838792,False,True,True,graph_diffusion_3,39,8.40494185947846,3.6429771818701306,0.25872096571188447
69,s4_mixed_dynamic,8.173199902177743,4.055129301838792,False,True,True,laplacian,39,8.476085184310191,3.6393332504937623,0.4094854310451354
70,s4_mixed_dynamic,7.958876024659174,3.799783052657366,False,True,True,static_raw,38,8.74056243932542,4.339238069521417,0.5062197610506187
70,s4_mixed_dynamic,7.958876024659174,3.799783052657366,False,True,True,graph_diffusion_1,38,8.728175915065275,4.327798202812606,0.38182762685546795
70,s4_mixed_dynamic,7.958876024659174,3.799783052657366,False,True,True,graph_diffusion_3,38,8.694612756058579,4.311106032787265,0.24071702594765448
70,s4_mixed_dynamic,7.958876024659174,3.799783052657366,False,True,True,laplacian,38,8.7086210788974,4.339237436065809,0.37540559441938626
71,s4_mixed_dynamic,7.833669525191001,3.638141757452688,False,True,True,static_raw,55,6.356555405139702,4.719558984975178,0.5005473932990421
71,s4_mixed_dynamic,7.833669525191001,3.638141757452688,False,True,True,graph_diffusion_1,55,6.355519627242766,4.719044899599108,0.3760328687599948
71,s4_mixed_dynamic,7.833669525191001,3.638141757452688,False,True,True,graph_diffusion_3,55,6.352407398356806,4.717705909318959,0.23107088133354556
71,s4_mixed_dynamic,7.833669525191001,3.638141757452688,False,True,True,laplacian,55,6.351062253734391,4.72026966099941,0.36665864365866313
72,s4_mixed_dynamic,7.664684483724226,3.3337804086327285,False,True,True,static_raw,49,8.965957868484992,3.7788029367672498,0.5136001828059724
72,s4_mixed_dynamic,7.664684483724226,3.3337804086327285,False,True,True,graph_diffusion_1,49,8.917298373232398,3.771580159769349,0.40099447631248786
72,s4_mixed_dynamic,7.664684483724226,3.3337804086327285,False,True,True,graph_diffusion_3,49,8.827777727016663,3.7578960869179654,0.2696650169110105
72,s4_mixed_dynamic,7.664684483724226,3.3337804086327285,False,True,True,laplacian,49,8.90306109431763,3.7806430334388565,0.4119044032970847
73,s4_mixed_dynamic,7.325126662205962,3.0900072935102134,False,True,True,static_raw,45,6.169036017711321,3.207920209674768,0.5000313600381362
73,s4_mixed_dynamic,7.325126662205962,3.0900072935102134,False,True,True,graph_diffusion_1,45,6.1690297375496375,3.215475113569082,0.37492808193994864
73,s4_mixed_dynamic,7.325126662205962,3.0900072935102134,False,True,True,graph_diffusion_3,45,6.169507753321494,3.230507387807997,0.2287180647405702
73,s4_mixed_dynamic,7.325126662205962,3.0900072935102134,False,True,True,laplacian,45,6.167014563353802,3.22084935090058,0.36514899811906704
74,s4_mixed_dynamic,7.295614884999138,2.9887682845800643,False,True,True,static_raw,37,8.051119409386706,3.4093257981290437,0.5008742760484435
74,s4_mixed_dynamic,7.295614884999138,2.9887682845800643,False,True,True,graph_diffusion_1,37,8.039150881646234,3.409479201027521,0.38980098045850187
74,s4_mixed_dynamic,7.295614884999138,2.9887682845800643,False,True,True,graph_diffusion_3,37,8.016866014736712,3.408796620880075,0.25509720398961067
74,s4_mixed_dynamic,7.295614884999138,2.9887682845800643,False,True,True,laplacian,37,8.03140470059032,3.410613499714565,0.37871905383540583
75,s4_mixed_dynamic,7.296351451677773,2.798195708361908,False,True,True,static_raw,45,6.671641070079326,2.9878402605581504,0.5000000002463173
75,s4_mixed_dynamic,7.296351451677773,2.798195708361908,False,True,True,graph_diffusion_1,45,6.668708758476156,3.001388013853886,0.3751508121838941
75,s4_mixed_dynamic,7.296351451677773,2.798195708361908,False,True,True,graph_diffusion_3,45,6.668668741983953,3.022000610731747,0.2282665711726554
75,s4_mixed_dynamic,7.296351451677773,2.798195708361908,False,True,True,laplacian,45,6.665585850506023,3.006130219490106,0.3647962222445589
76,s4_mixed_dynamic,7.251642624966383,2.337893241987238,False,True,True,static_raw,5,6.713189692213352,1.0939889324101904,0.5000061489321348
76,s4_mixed_dynamic,7.251642624966383,2.337893241987238,False,True,True,graph_diffusion_1,5,6.7273633685241405,1.1405019174196314,0.3782890069713871
76,s4_mixed_dynamic,7.251642624966383,2.337893241987238,False,True,True,graph_diffusion_3,5,6.753155824493038,1.2242703803331638,0.23957848506175172
76,s4_mixed_dynamic,7.251642624966383,2.337893241987238,False,True,True,laplacian,5,6.707298123287274,1.1521448188497632,0.3925224197199993
77,s4_mixed_dynamic,7.191112638050282,2.11104971712342,False,True,True,static_raw,28,7.9673426343610405,2.5238428664315435,0.5224562488377485
77,s4_mixed_dynamic,7.191112638050282,2.11104971712342,False,True,True,graph_diffusion_1,28,7.982310904047416,2.5240049210923297,0.39949354716677205
77,s4_mixed_dynamic,7.191112638050282,2.11104971712342,False,True,True,graph_diffusion_3,28,7.996206467451764,2.520788085184828,0.2559556641756987
77,s4_mixed_dynamic,7.191112638050282,2.11104971712342,False,True,True,laplacian,28,7.960662689000528,2.5275968315480357,0.39342504712209597
78,s4_mixed_dynamic,7.088997127565227,1.8280730412017787,False,True,True,static_raw,17,7.456179008512606,1.2471491920646998,0.6297673616070947
78,s4_mixed_dynamic,7.088997127565227,1.8280730412017787,False,True,True,graph_diffusion_1,17,7.4570869092755006,1.2605644841836392,0.48666150994699353
78,s4_mixed_dynamic,7.088997127565227,1.8280730412017787,False,True,True,graph_diffusion_3,17,7.466927282487932,1.2944233860611978,0.31531736514535064
78,s4_mixed_dynamic,7.088997127565227,1.8280730412017787,False,True,True,laplacian,17,7.454725066518432,1.2796632230357932,0.4766965452871955
79,s4_mixed_dynamic,7.114586335383993,1.531713950324241,False,True,True,static_raw,17,7.779871558282029,1.761010078069277,0.6132371501933932
79,s4_mixed_dynamic,7.114586335383993,1.531713950324241,False,True,True,graph_diffusion_1,17,7.774051560940307,1.752339090666518,0.46365053886337876
79,s4_mixed_dynamic,7.114586335383993,1.531713950324241,False,True,True,graph_diffusion_3,17,7.768457202790847,1.7480354883789366,0.2910312275742089
79,s4_mixed_dynamic,7.114586335383993,1.531713950324241,False,True,True,laplacian,17,7.771122566346228,1.7726590442435861,0.45725617402256674
80,s4_mixed_dynamic,7.170157133048356,1.3067743629177078,True,False,True,static_raw,17,6.485256816047964,1.0765787488830918,0.500001923941452
80,s4_mixed_dynamic,7.170157133048356,1.3067743629177078,True,False,True,graph_diffusion_1,17,6.503836770369436,1.1022150808267648,0.37447493052806097
80,s4_mixed_dynamic,7.170157133048356,1.3067743629177078,True,False,True,graph_diffusion_3,17,6.5373182824640725,1.1570954957405628,0.23086769659075573
80,s4_mixed_dynamic,7.170157133048356,1.3067743629177078,True,False,True,laplacian,17,6.484866712828939,1.1206983817914602,0.366200228745751
81,s4_mixed_dynamic,7.201631077444322,1.1339839347561254,True,False,True,static_raw,7,7.772393275654505,1.3049273433173496,0.5447367384280902
81,s4_mixed_dynamic,7.201631077444322,1.1339839347561254,True,False,True,graph_diffusion_1,7,7.774711740104482,1.3493002009747386,0.42156055904568457
81,s4_mixed_dynamic,7.201631077444322,1.1339839347561254,True,False,True,graph_diffusion_3,7,7.784219477847539,1.424035876096373,0.27550450310533703
81,s4_mixed_dynamic,7.201631077444322,1.1339839347561254,True,False,True,laplacian,7,7.765111980139465,1.3562582962634437,0.43425309386120803
82,s4_mixed_dynamic,7.155776983713249,0.8528139925624313,True,False,True,static_raw,7,8.010913392716493,0.847402868724267,0.5038639919940074
82,s4_mixed_dynamic,7.155776983713249,0.8528139925624313,True,False,True,graph_diffusion_1,7,8.03474504017074,0.8924847604279529,0.38821741245029556
82,s4_mixed_dynamic,7.155776983713249,0.8528139925624313,True,False,True,graph_diffusion_3,7,8.064468778934856,0.9765437256567637,0.26078793664039907
82,s4_mixed_dynamic,7.155776983713249,0.8528139925624313,True,False,True,laplacian,7,8.004886557028005,0.9099121566386917,0.40660998096094303
83,s4_mixed_dynamic,6.976127786010122,0.4956267479912126,True,False,True,static_raw,7,7.492019907493791,0.7249939927841267,0.759596827767548
83,s4_mixed_dynamic,6.976127786010122,0.4956267479912126,True,False,True,graph_diffusion_1,7,7.492899000013255,0.777544387909026,0.5951206784937385
83,s4_mixed_dynamic,6.976127786010122,0.4956267479912126,True,False,True,graph_diffusion_3,7,7.507420827141412,0.8743518175730587,0.3948023031294451
83,s4_mixed_dynamic,6.976127786010122,0.4956267479912126,True,False,True,laplacian,7,7.491190967396552,0.7984218221229752,0.6077614503889099
84,s4_mixed_dynamic,6.74255867268218,0.0843728881784015,True,False,True,static_raw,6,7.998294280814555,0.9419639457877161,0.49999999995100025
84,s4_mixed_dynamic,6.74255867268218,0.0843728881784015,True,False,True,graph_diffusion_1,6,7.987802905078416,0.9719207297241138,0.377330356917441
84,s4_mixed_dynamic,6.74255867268218,0.0843728881784015,True,False,True,graph_diffusion_3,6,7.942809845385194,1.0428861532254485,0.23881728912400252
84,s4_mixed_dynamic,6.74255867268218,0.0843728881784015,True,False,True,laplacian,6,7.952606381029306,0.996577996398268,0.3916129496846762
85,s4_mixed_dynamic,7.064294392948221,0.3942671783051067,True,False,True,static_raw,6,7.9979376518107,0.5669611363095237,0.49999999995100025
85,s4_mixed_dynamic,7.064294392948221,0.3942671783051067,True,False,True,graph_diffusion_1,6,7.918061530001591,0.6391251784366822,0.39263589965819307
85,s4_mixed_dynamic,7.064294392948221,0.3942671783051067,True,False,True,graph_diffusion_3,6,7.799817390015484,0.767716779883157,0.260030997959904
85,s4_mixed_dynamic,7.064294392948221,0.3942671783051067,True,False,True,laplacian,6,7.9522796795575275,0.6529528238184804,0.3917323140852315
86,s4_mixed_dynamic,7.176188436555574,0.5060043216815018,True,False,True,static_raw,7,6.3766667331371245,0.5387574895897467,0.5007389282175098
86,s4_mixed_dynamic,7.176188436555574,0.5060043216815018,True,False,True,graph_diffusion_1,7,6.374873651763185,0.6008030125129303,0.38929700402204037
86,s4_mixed_dynamic,7.176188436555574,0.5060043216815018,True,False,True,graph_diffusion_3,7,6.384980290077628,0.715518818008909,0.25909334587663935
86,s4_mixed_dynamic,7.176188436555574,0.5060043216815018,True,False,True,laplacian,7,6.376340214526365,0.6271470962648027,0.39789345699988776
87,s4_mixed_dynamic,7.307226017604519,0.5668144077417742,True,False,True,static_raw,7,8.03100285123514,0.6992253386699594,0.7109652159960762
87,s4_mixed_dynamic,7.307226017604519,0.5668144077417742,True,False,True,graph_diffusion_1,7,7.999186303461382,0.7619391607082019,0.5514799299628215
87,s4_mixed_dynamic,7.307226017604519,0.5668144077417742,True,False,True,graph_diffusion_3,7,7.960710958866953,0.873404167508588,0.36029366998238016
87,s4_mixed_dynamic,7.307226017604519,0.5668144077417742,True,False,True,laplacian,7,8.007301784088154,0.7808607886818074,0.5594787831233964
88,s4_mixed_dynamic,7.687860172244926,0.7189120364284933,False,False,True,static_raw,7,8.099195068379967,1.30822933824668,0.5611424970643757
88,s4_mixed_dynamic,7.687860172244926,0.7189120364284933,False,False,True,graph_diffusion_1,7,8.088449931756081,1.3503656011040897,0.43135998859458424
88,s4_mixed_dynamic,7.687860172244926,0.7189120364284933,False,False,True,graph_diffusion_3,7,8.074849659693161,1.4205183303816005,0.27717921634739723
88,s4_mixed_dynamic,7.687860172244926,0.7189120364284933,False,False,True,laplacian,7,8.076742358310666,1.3607207254620992,0.44325819672989314
89,s4_mixed_dynamic,7.983386792676343,0.8375621710500243,False,False,True,static_raw,8,8.677393805944096,0.71175853857687,0.6686010271563031
89,s4_mixed_dynamic,7.983386792676343,0.8375621710500243,False,False,True,graph_diffusion_1,8,8.684714510166673,0.7610230143507941,0.5158410151051809
89,s4_mixed_dynamic,7.983386792676343,0.8375621710500243,False,False,True,graph_diffusion_3,8,8.661505839668049,0.863244103925948,0.35010652474020587
89,s4_mixed_dynamic,7.983386792676343,0.8375621710500243,False,False,True,laplacian,8,8.65374496357336,0.7856159332330186,0.5397475940811565
90,s4_mixed_dynamic,8.256293406597695,0.875446755726633,False,False,True,static_raw,8,8.647896346337497,0.7985037067350049,0.64036511052876
90,s4_mixed_dynamic,8.256293406597695,0.875446755726633,False,False,True,graph_diffusion_1,8,8.6612325284559,0.839991745212422,0.4928111174867484
90,s4_mixed_dynamic,8.256293406597695,0.875446755726633,False,False,True,graph_diffusion_3,8,8.645994462594832,0.9309229773462049,0.33390552054311223
90,s4_mixed_dynamic,8.256293406597695,0.875446755726633,False,False,True,laplacian,8,8.627110166040508,0.8654900290937683,0.517986663739276
91,s4_mixed_dynamic,8.425989160054677,0.93045254740169,False,False,True,static_raw,18,8.566434115152589,1.3844185015507249,0.8333996602449769
91,s4_mixed_dynamic,8.425989160054677,0.93045254740169,False,False,True,graph_diffusion_1,18,8.580335645587116,1.3762028356913583,0.6121019580311633
91,s4_mixed_dynamic,8.425989160054677,0.93045254740169,False,False,True,graph_diffusion_3,18,8.586217149961403,1.378507601049861,0.36837316785866053
91,s4_mixed_dynamic,8.425989160054677,0.93045254740169,False,False,True,laplacian,18,8.553171176609869,1.4018058928411836,0.6173736055527479
92,s4_mixed_dynamic,8.863055882305986,1.1231286812777777,False,False,True,static_raw,19,9.143142024173539,1.28421279414552,0.5817684185641508
92,s4_mixed_dynamic,8.863055882305986,1.1231286812777777,False,False,True,graph_diffusion_1,19,9.107980624645364,1.2765861073999425,0.4499166721598409
92,s4_mixed_dynamic,8.863055882305986,1.1231286812777777,False,False,True,graph_diffusion_3,19,9.025787166432663,1.299809734350932,0.309437124607898
92,s4_mixed_dynamic,8.863055882305986,1.1231286812777777,False,False,True,laplacian,19,9.081481644629658,1.3100094645433003,0.47298326991289497
93,s4_mixed_dynamic,9.23021965860404,1.1465464090231468,False,False,True,static_raw,19,9.297698125036467,1.2215138729070516,0.6362408447647893
93,s4_mixed_dynamic,9.23021965860404,1.1465464090231468,False,False,True,graph_diffusion_1,19,9.246607373440916,1.22659645105962,0.49487547668599713
93,s4_mixed_dynamic,9.23021965860404,1.1465464090231468,False,False,True,graph_diffusion_3,19,9.14187761664872,1.2660109318621724,0.34094604693855485
93,s4_mixed_dynamic,9.23021965860404,1.1465464090231468,False,False,True,laplacian,19,9.22306736398236,1.2525722503744587,0.5151703649834503
94,s4_mixed_dynamic,9.37371170551081,1.169754508811914,False,False,True,static_raw,19,9.14211567406429,1.2572210210202253,0.5758055927889805
94,s4_mixed_dynamic,9.37371170551081,1.169754508811914,False,False,True,graph_diffusion_1,19,9.107449233075855,1.2522409016764378,0.44462566394712316
94,s4_mixed_dynamic,9.37371170551081,1.169754508811914,False,False,True,graph_diffusion_3,19,9.02553148926597,1.2795568509875208,0.30602330016319157
94,s4_mixed_dynamic,9.37371170551081,1.169754508811914,False,False,True,laplacian,19,9.080541417885,1.2852828493045942,0.467638895098745
95,s4_mixed_dynamic,9.770217154834045,1.159649324523821,False,False,True,static_raw,9,9.374470516203974,0.7979933159957456,0.6497983160473788
95,s4_mixed_dynamic,9.770217154834045,1.159649324523821,False,False,True,graph_diffusion_1,9,9.29663232276406,0.8689962919221181,0.5467654133091063
95,s4_mixed_dynamic,9.770217154834045,1.159649324523821,False,False,True,graph_diffusion_3,9,9.160669449732247,0.9906463389854112,0.41118484248107
95,s4_mixed_dynamic,9.770217154834045,1.159649324523821,False,False,True,laplacian,9,9.293395559213064,0.8646211732482924,0.5676611026649451
96,s4_mixed_dynamic,9.5806362152392,1.1294724581913531,False,False,True,static_raw,19,9.254517253584849,1.1913753880937403,0.6022041188181321
96,s4_mixed_dynamic,9.5806362152392,1.1294724581913531,False,False,True,graph_diffusion_1,19,9.2075812103089,1.1983829766711407,0.4685787091888738
96,s4_mixed_dynamic,9.5806362152392,1.1294724581913531,False,False,True,graph_diffusion_3,19,9.108614107922403,1.2408845170547358,0.32473016073713895
96,s4_mixed_dynamic,9.5806362152392,1.1294724581913531,False,False,True,laplacian,19,9.183510180159537,1.2249630270850052,0.4885010030470093
97,s4_mixed_dynamic,9.431952925308204,0.9654622254894044,False,False,True,static_raw,19,9.210925557412866,1.2918419136446206,0.6254768393367752
97,s4_mixed_dynamic,9.431952925308204,0.9654622254894044,False,False,True,graph_diffusion_1,19,9.168901411100972,1.2849797435925985,0.4826599384399847
97,s4_mixed_dynamic,9.431952925308204,0.9654622254894044,False,False,True,graph_diffusion_3,19,9.076997592515132,1.3091092915372093,0.3293114678814201
97,s4_mixed_dynamic,9.431952925308204,0.9654622254894044,False,False,True,laplacian,19,9.143576768908018,1.3169983468767739,0.5064368342583017
98,s4_mixed_dynamic,9.360595724435434,0.6120686019402459,False,False,True,static_raw,9,9.284823526131,0.7738481098153501,0.625921313785725
98,s4_mixed_dynamic,9.360595724435434,0.6120686019402459,False,False,True,graph_diffusion_1,9,9.21026477257135,0.8458742753660857,0.5238191975350747
98,s4_mixed_dynamic,9.360595724435434,0.6120686019402459,False,False,True,graph_diffusion_3,9,9.082106198515481,0.9688567519412881,0.3927776012371784
98,s4_mixed_dynamic,9.360595724435434,0.6120686019402459,False,False,True,laplacian,9,9.211273003792082,0.8424752747734157,0.5467239436010369
99,s4_mixed_dynamic,9.26764607580253,0.4010204672213302,False,False,True,static_raw,9,9.325992395880261,0.7292435618615628,0.6741775751632566
99,s4_mixed_dynamic,9.26764607580253,0.4010204672213302,False,False,True,graph_diffusion_1,9,9.248744112208115,0.8045299179172435,0.5637913608854286
99,s4_mixed_dynamic,9.26764607580253,0.4010204672213302,False,False,True,graph_diffusion_3,9,9.115256250378765,0.9337012644834308,0.41975570821553293
99,s4_mixed_dynamic,9.26764607580253,0.4010204672213302,False,False,True,laplacian,9,9.24893975570451,0.8017485357817176,0.586428990074974
