t,scenario,true_x,true_y,wifi_degraded,vlp_blocked,mixed_dynamic,gsp_method,pred_cell_id,pred_x,pred_y,max_prob
0,s1_clean,8.548260044884431,3.875368266732585,False,False,False,static_raw,39,8.77280014679476,3.6800738568066502,0.5312258672507391
0,s1_clean,8.548260044884431,3.875368266732585,False,False,False,graph_diffusion_1,39,8.722321059396222,3.681641767766962,0.4139347232472944
0,s1_clean,8.548260044884431,3.875368266732585,False,False,False,graph_diffusion_3,39,8.630400598362643,3.6836657848202052,0.276737494089091
0,s1_clean,8.548260044884431,3.875368266732585,False,False,False,laplacian,39,8.711071794453565,3.6818670832069786,0.4248563977541903
1,s1_clean,8.648647791547123,3.682160416153107,False,False,False,static_raw,38,8.448521637348325,3.240850833970446,0.6225008260137906
1,s1_clean,8.648647791547123,3.682160416153107,False,False,False,graph_diffusion_1,38,8.45233087934923,3.2429662245899795,0.47336367030808074
1,s1_clean,8.648647791547123,3.682160416153107,False,False,False,graph_diffusion_3,38,8.445115779003528,3.243294027043164,0.30099347848507524
1,s1_clean,8.648647791547123,3.682160416153107,False,False,False,laplacian,38,8.431002117851897,3.2418358122382185,0.46634551194178925
2,s1_clean,8.904314502785434,3.314602216855924,False,False,False,static_raw,38,8.658146100840375,3.6999500035468085,0.5894183100196417
2,s1_clean,8.904314502785434,3.314602216855924,False,False,False,graph_diffusion_1,38,8.649080760127319,3.6969922388934626,0.4531118035880906
2,s1_clean,8.904314502785434,3.314602216855924,False,False,False,graph_diffusion_3,38,8.620997757547103,3.692124040245597,0.2937701582475318
2,s1_clean,8.904314502785434,3.314602216855924,False,False,False,laplacian,38,8.629403224083019,3.7001744629282216,0.4446462459939362
3,s1_clean,9.310389003930128,3.04167485894367,False,False,False,static_raw,29,8.98081311989542,2.4971438233496093,0.6103786847940074
3,s1_clean,9.310389003930128,3.04167485894367,False,False,False,graph_diffusion_1,29,8.93323913254123,2.497839906840688,0.476644018922147
3,s1_clean,9.310389003930128,3.04167485894367,False,False,False,graph_diffusion_3,29,8.848547361265023,2.4885796851740585,0.31676196476670765
3,s1_clean,9.310389003930128,3.04167485894367,False,False,False,laplacian,29,8.91916240999877,2.500656703811417,0.48883970633033375
4,s1_clean,9.706838327803332,2.8964874698404373,False,False,False,static_raw,39,9.18956769166892,3.3113615916295065,0.6797997739235664
4,s1_clean,9.706838327803332,2.8964874698404373,False,False,False,graph_diffusion_1,39,9.136506277973165,3.3095800358369405,0.5326038722782463
4,s1_clean,9.706838327803332,2.8964874698404373,False,False,False,graph_diffusion_3,39,9.038329648993756,3.3034916418118683,0.3566761229444951
4,s1_clean,9.706838327803332,2.8964874698404373,False,False,False,laplacian,39,9.117693228906464,3.3122652973266056,0.5442365362164564
5,s1_clean,9.41844096729231,2.900422758078939,False,False,False,static_raw,29,9.248120754566212,2.583679354178668,0.7070098306811066
5,s1_clean,9.41844096729231,2.900422758078939,False,False,False,graph_diffusion_1,29,9.192259034297646,2.5849733777025725,0.5540349971880973
5,s1_clean,9.41844096729231,2.900422758078939,False,False,False,graph_diffusion_3,29,9.090855333462333,2.5746560099900275,0.36864083884642274
5,s1_clean,9.41844096729231,2.900422758078939,False,False,False,laplacian,29,9.17187641170922,2.5866843722889756,0.5651503410729398
6,s1_clean,8.964378339140287,2.9597287260816096,False,False,False,static_raw,29,9.293426311742254,2.489893879794136,0.8060563362185436
6,s1_clean,8.964378339140287,2.9597287260816096,False,False,False,graph_diffusion_1,29,9.236857339164603,2.4903447063668525,0.6253943757118063
6,s1_clean,8.964378339140287,2.9597287260816096,False,False,False,graph_diffusion_3,29,9.133879934749702,2.4776347801858796,0.4079733445345734
6,s1_clean,8.964378339140287,2.9597287260816096,False,False,False,laplacian,29,9.215515192612223,2.492305623811819,0.6393302269929596
7,s1_clean,8.774353844140126,3.131454780222936,False,False,False,static_raw,38,8.824056974161188,3.4099700567507822,0.582441892334064
7,s1_clean,8.774353844140126,3.131454780222936,False,False,False,graph_diffusion_1,38,8.8055477403203,3.4110897962061277,0.4528682757843229
7,s1_clean,8.774353844140126,3.131454780222936,False,False,False,graph_diffusion_3,38,8.762770307879556,3.4103216589330207,0.29834661580941185
7,s1_clean,8.774353844140126,3.131454780222936,False,False,False,laplacian,38,8.78674082326304,3.4103442162763202,0.4429297674446728
8,s1_clean,8.418152736801511,3.188810020474088,False,False,False,static_raw,38,8.038661307504945,3.5613687671534664,0.5547728885858464
8,s1_clean,8.418152736801511,3.188810020474088,False,False,False,graph_diffusion_1,38,8.052214298143168,3.5610197409180766,0.42225823300563403
8,s1_clean,8.418152736801511,3.188810020474088,False,False,False,graph_diffusion_3,38,8.061399109663043,3.560016456014364,0.26890381892299636
8,s1_clean,8.418152736801511,3.188810020474088,False,False,False,laplacian,38,8.029195620992091,3.562052657760932,0.4156988623012542
9,s1_clean,8.165062128503568,3.3554638975618585,False,False,False,static_raw,38,8.261362799148444,3.064216640519978,0.5841092936813178
9,s1_clean,8.165062128503568,3.3554638975618585,False,False,False,graph_diffusion_1,38,8.266430632003127,3.071502812326984,0.4429500595186108
9,s1_clean,8.165062128503568,3.3554638975618585,False,False,False,graph_diffusion_3,38,8.26260425428492,3.081301825186203,0.2801272891023412
9,s1_clean,8.165062128503568,3.3554638975618585,False,False,False,laplacian,38,8.245461082293275,3.069719913125598,0.4358900572365116
10,s1_clean,8.047852018915972,3.3896047138916883,False,False,False,static_raw,38,7.955885237838312,2.9622282188767177,0.5627139380003116
10,s1_clean,8.047852018915972,3.3896047138916883,False,False,False,graph_diffusion_1,38,7.969326389325924,2.970497971132296,0.42342744689628903
10,s1_clean,8.047852018915972,3.3896047138916883,False,False,False,graph_diffusion_3,38,7.979377318613038,2.983044710124997,0.2641248524621076
10,s1_clean,8.047852018915972,3.3896047138916883,False,False,False,laplacian,38,7.94719225742547,2.968943581358371,0.4172659969284089
11,s1_clean,7.628992597812742,3.5120336380508936,False,False,False,static_raw,37,7.737930479902885,3.3741013726568845,0.5756754281476932
11,s1_clean,7.628992597812742,3.5120336380508936,False,False,False,graph_diffusion_1,37,7.73036566570321,3.3748649677704283,0.4414885860108267
11,s1_clean,7.628992597812742,3.5120336380508936,False,False,False,graph_diffusion_3,37,7.718052918621688,3.376065501833675,0.28150650083797074
11,s1_clean,7.628992597812742,3.5120336380508936,False,False,False,laplacian,37,7.725422262993592,3.3766517310352717,0.4295085297012816
12,s1_clean,7.264240580596287,3.551955010215912,False,False,False,static_raw,37,6.843106091882691,4.0741888039615555,0.5031936680150718
12,s1_clean,7.264240580596287,3.551955010215912,False,False,False,graph_diffusion_1,37,6.843887477633255,4.074808439690025,0.38089796141192633
12,s1_clean,7.264240580596287,3.551955010215912,False,False,False,graph_diffusion_3,37,6.8494841518722644,4.074721388506067,0.23796837913438235
12,s1_clean,7.264240580596287,3.551955010215912,False,False,False,laplacian,37,6.84189747409529,4.074250869995008,0.3714445903093315
13,s1_clean,6.807654944686304,3.3798711617406227,False,False,False,static_raw,36,6.291737304828886,2.623529028308078,0.5218882937990442
13,s1_clean,6.807654944686304,3.3798711617406227,False,False,False,graph_diffusion_1,36,6.29172488736781,2.6314117444336254,0.39743345403973945
13,s1_clean,6.807654944686304,3.3798711617406227,False,False,False,graph_diffusion_3,36,6.292185288392418,2.6479662428938235,0.2507073533310127
13,s1_clean,6.807654944686304,3.3798711617406227,False,False,False,laplacian,36,6.291412129114794,2.6377401346116036,0.38697475197064773
14,s1_clean,6.644376635151973,3.2678225998295574,False,False,False,static_raw,36,5.029501950788875,3.2233932826452687,0.5002586411309402
14,s1_clean,6.644376635151973,3.2678225998295574,False,False,False,graph_diffusion_1,36,5.029056060465741,3.2250736174927854,0.37531736474325333
14,s1_clean,6.644376635151973,3.2678225998295574,False,False,False,graph_diffusion_3,36,5.028511316577459,3.2284954517697035,0.2293630569826363
14,s1_clean,6.644376635151973,3.2678225998295574,False,False,False,laplacian,36,5.031638263242535,3.2279321153495157,0.36564897131747653
15,s1_clean,6.164360277507891,3.220123101722137,False,False,False,static_raw,36,6.403862523531517,3.1644668440511454,0.5881073140979657
15,s1_clean,6.164360277507891,3.220123101722137,False,False,False,graph_diffusion_1,36,6.403918137571055,3.16277115971477,0.45311708162027137
15,s1_clean,6.164360277507891,3.220123101722137,False,False,False,graph_diffusion_3,36,6.404559226371997,3.1602235445555946,0.29148789295986055
15,s1_clean,6.164360277507891,3.220123101722137,False,False,False,laplacian,36,6.4035778311956495,3.16675836189613,0.4408525970284977
16,s1_clean,5.921670782647944,3.170353913208966,False,False,False,static_raw,25,5.233994755791824,2.5089002202896045,0.575485536519833
16,s1_clean,5.921670782647944,3.170353913208966,False,False,False,graph_diffusion_1,25,5.233731694722507,2.510240670734779,0.44289498981526854
16,s1_clean,5.921670782647944,3.170353913208966,False,False,False,graph_diffusion_3,25,5.2336967491216715,2.5106368146563325,0.28446198455578897
16,s1_clean,5.921670782647944,3.170353913208966,False,False,False,laplacian,25,5.233998180912152,2.51489389431202,0.4310712413297511
17,s1_clean,5.679154300480839,2.9818995639648525,False,False,False,static_raw,25,5.304603882418472,2.162600963952804,0.5725933107352764
17,s1_clean,5.679154300480839,2.9818995639648525,False,False,False,graph_diffusion_1,25,5.304546108116435,2.1705167882670056,0.44019461843088603
17,s1_clean,5.679154300480839,2.9818995639648525,False,False,False,graph_diffusion_3,25,5.3048204817918005,2.1840533418910852,0.28220953328182724
17,s1_clean,5.679154300480839,2.9818995639648525,False,False,False,laplacian,25,5.3045854667964765,2.176490018005203,0.4282333382742449
18,s1_clean,5.40719635144305,2.708371836226452,False,False,False,static_raw,25,5.692144389021707,2.5705042767779007,0.5976685185934408
18,s1_clean,5.40719635144305,2.708371836226452,False,False,False,graph_diffusion_1,25,5.6923602824570345,2.5707350427414166,0.45997211811200217
18,s1_clean,5.40719635144305,2.708371836226452,False,False,False,graph_diffusion_3,25,5.692688574296158,2.568929287963321,0.2949646866161167
18,s1_clean,5.40719635144305,2.708371836226452,False,False,False,laplacian,25,5.691943937593302,2.575084286148107,0.44756795375965913
19,s1_clean,5.231798982702207,2.4839699101632213,False,False,False,static_raw,25,5.209280872331307,2.465388757729272,0.5928350507354857
19,s1_clean,5.231798982702207,2.4839699101632213,False,False,False,graph_diffusion_1,25,5.208668029896155,2.462350530627094,0.4568632389926504
19,s1_clean,5.231798982702207,2.4839699101632213,False,False,False,graph_diffusion_3,25,5.208064786893829,2.4556736282176503,0.2938692086814476
19,s1_clean,5.231798982702207,2.4839699101632213,False,False,False,laplacian,25,5.209280609291221,2.468627859472249,0.4449391159218142
20,s1_clean,5.28923634607891,2.192766390499288,False,False,False,static_raw,15,4.780945851402679,1.7793452589630534,0.5102532951100689
20,s1_clean,5.28923634607891,2.192766390499288,False,False,False,graph_diffusion_1,15,4.787175495795896,1.7687818590410287,0.38492671484393215
20,s1_clean,5.28923634607891,2.192766390499288,False,False,False,graph_diffusion_3,15,4.795076851129407,1.7648154415611648,0.2424157351310089
20,s1_clean,5.28923634607891,2.192766390499288,False,False,False,laplacian,15,4.781037884666084,1.791442735851167,0.3797658038268116
21,s1_clean,5.38054459804343,2.090291333531373,False,False,False,static_raw,15,5.5945539627483285,1.4498404265038871,0.525911180792139
21,s1_clean,5.38054459804343,2.090291333531373,False,False,False,graph_diffusion_1,15,5.5937592091458415,1.457594419089446,0.412665367784767
21,s1_clean,5.38054459804343,2.090291333531373,False,False,False,graph_diffusion_3,15,5.592781787667921,1.4821546862433792,0.27615035985489583
21,s1_clean,5.38054459804343,2.090291333531373,False,False,False,laplacian,15,5.594512845892652,1.4761436805594619,0.4036877877385386
22,s1_clean,5.395660287878729,1.904575277898607,False,False,False,static_raw,15,5.45846597286742,1.57721861123485,0.6184696150274889
22,s1_clean,5.395660287878729,1.904575277898607,False,False,False,graph_diffusion_1,15,5.458861419420696,1.5742252891078807,0.47310565438157315
22,s1_clean,5.395660287878729,1.904575277898607,False,False,False,graph_diffusion_3,15,5.459525780842001,1.5828276034352164,0.30352398902297323
22,s1_clean,5.395660287878729,1.904575277898607,False,False,False,laplacian,15,5.458440831368649,1.595681044881554,0.4651679774362772
23,s1_clean,5.346981386445022,1.7399481748937806,False,False,False,static_raw,15,5.571413931202761,1.8288261203140703,0.5985392170566093
23,s1_clean,5.346981386445022,1.7399481748937806,False,False,False,graph_diffusion_1,15,5.570679300574014,1.816904460582806,0.4557466881537705
23,s1_clean,5.346981386445022,1.7399481748937806,False,False,False,graph_diffusion_3,15,5.5698957391364665,1.810558903888335,0.2902269529005074
23,s1_clean,5.346981386445022,1.7399481748937806,False,False,False,laplacian,15,5.57136927921582,1.8398394366081006,0.4486424233969248
24,s1_clean,5.356397214861652,1.3990305548570758,False,False,False,static_raw,15,5.071497497973743,1.7625283863757204,0.5370468631659999
24,s1_clean,5.356397214861652,1.3990305548570758,False,False,False,graph_diffusion_1,15,5.075807200572133,1.756536819298496,0.4084793542323349
24,s1_clean,5.356397214861652,1.3990305548570758,False,False,False,graph_diffusion_3,15,5.08165425352415,1.7596188788111113,0.26106705427900645
24,s1_clean,5.356397214861652,1.3990305548570758,False,False,False,laplacian,15,5.071636514120894,1.7782199614637164,0.4022567462206677
25,s1_clean,5.55511192506875,1.1971395250192285,False,False,False,static_raw,15,5.465424517542393,1.9623725977250013,0.5756432135584583
25,s1_clean,5.55511192506875,1.1971395250192285,False,False,False,graph_diffusion_1,15,5.465648419926555,1.9481997134264863,0.4377569155957623
25,s1_clean,5.55511192506875,1.1971395250192285,False,False,False,graph_diffusion_3,15,5.466046217182383,1.9377569770808414,0.2782307592004799
25,s1_clean,5.55511192506875,1.1971395250192285,False,False,False,laplacian,15,5.4653884697973725,1.9714998751205244,0.4308924218722606
26,s1_clean,5.644488914276651,1.1264421585125568,False,False,False,static_raw,15,5.754415624136999,1.3789397595475008,0.5816782859430042
26,s1_clean,5.644488914276651,1.1264421585125568,False,False,False,graph_diffusion_1,15,5.75157143357898,1.3865371924159235,0.4468271554411719
26,s1_clean,5.644488914276651,1.1264421585125568,False,False,False,graph_diffusion_3,15,5.747808597608417,1.412181038726502,0.2897425691187157
26,s1_clean,5.644488914276651,1.1264421585125568,False,False,False,laplacian,15,5.75418299382824,1.4063283713776737,0.43878798518570394
27,s1_clean,5.99191614365339,0.7779056103368667,False,False,False,static_raw,6,6.3582218107593045,2.35445805383801,0.5001162677235389
27,s1_clean,5.99191614365339,0.7779056103368667,False,False,False,graph_diffusion_1,6,6.357585843844825,2.4063823899764465,0.37897394382531235
27,s1_clean,5.99191614365339,0.7779056103368667,False,False,False,graph_diffusion_3,6,6.357280265530549,2.4966367779638516,0.2389409398171415
27,s1_clean,5.99191614365339,0.7779056103368667,False,False,False,laplacian,6,6.357695468947564,2.4003829480583256,0.3918108638494873
28,s1_clean,6.3719359824611015,0.5133126785859624,False,False,False,static_raw,6,6.504035897491104,1.2382600978587002,0.5749970010206487
28,s1_clean,6.3719359824611015,0.5133126785859624,False,False,False,graph_diffusion_1,6,6.504089437563618,1.2849655810802367,0.4465689338765095
28,s1_clean,6.3719359824611015,0.5133126785859624,False,False,False,graph_diffusion_3,6,6.50493003316136,1.370097423569126,0.29603209223175253
28,s1_clean,6.3719359824611015,0.5133126785859624,False,False,False,laplacian,6,6.502991952675937,1.2957422135086827,0.4588829674537273
29,s1_clean,6.642725720701172,0.2610300095402053,False,False,False,static_raw,6,6.476199264883842,0.8696084616026971,0.6694018974125088
29,s1_clean,6.642725720701172,0.2610300095402053,False,False,False,graph_diffusion_1,6,6.476207400467674,0.9196629217026339,0.5244084377072071
29,s1_clean,6.642725720701172,0.2610300095402053,False,False,False,graph_diffusion_3,6,6.477663830189178,1.0127300727008328,0.3515722350225156
29,s1_clean,6.642725720701172,0.2610300095402053,False,False,False,laplacian,6,6.475991165163244,0.9374686843809438,0.5364202908169152
30,s1_clean,6.746242668239441,0.1917048919949815,False,False,False,static_raw,6,6.801388141346818,0.9866438223168837,0.7266276214371415
30,s1_clean,6.746242668239441,0.1917048919949815,False,False,False,graph_diffusion_1,6,6.799253913966571,1.040114166342011,0.5625680700119254
30,s1_clean,6.746242668239441,0.1917048919949815,False,False,False,graph_diffusion_3,6,6.796079352044595,1.138174178735674,0.36830945319769637
30,s1_clean,6.746242668239441,0.1917048919949815,False,False,False,laplacian,6,6.794899425501346,1.0573965893392523,0.5756912907426682
31,s1_clean,6.356442515941112,0.4369455288091974,False,False,False,static_raw,6,6.352914124241327,0.8455523641236118,0.6509606390997023
31,s1_clean,6.356442515941112,0.4369455288091974,False,False,False,graph_diffusion_1,6,6.351763291807638,0.8966654605028213,0.5109811102565303
31,s1_clean,6.356442515941112,0.4369455288091974,False,False,False,graph_diffusion_3,6,6.350911549281319,0.991607262623434,0.3443156479407937
31,s1_clean,6.356442515941112,0.4369455288091974,False,False,False,laplacian,6,6.352770251951169,0.9149760364284623,0.5224273030385413
32,s1_clean,6.090439232524188,0.6864641265250186,False,False,False,static_raw,6,6.517939775763325,0.937632859709626,0.6767966059404905
32,s1_clean,6.090439232524188,0.6864641265250186,False,False,False,graph_diffusion_1,6,6.5180907166684765,0.9894137855532349,0.5278064378733373
32,s1_clean,6.090439232524188,0.6864641265250186,False,False,False,graph_diffusion_3,6,6.519241053819146,1.0848449777882119,0.35091267905551626
32,s1_clean,6.090439232524188,0.6864641265250186,False,False,False,laplacian,6,6.5167803161162885,1.0057226885674053,0.5402357822482493
33,s1_clean,5.949226125977861,0.8518939098654703,False,False,False,static_raw,15,6.041241573066314,1.6169812852477257,0.5341262987511021
33,s1_clean,5.949226125977861,0.8518939098654703,False,False,False,graph_diffusion_1,15,6.035807142401682,1.6152208316906014,0.4066659203817768
33,s1_clean,5.949226125977861,0.8518939098654703,False,False,False,graph_diffusion_3,15,6.028805555838582,1.625520967181739,0.26067615447945836
33,s1_clean,5.949226125977861,0.8518939098654703,False,False,False,laplacian,15,6.0401459082012785,1.6360090990060654,0.4005434731081251
34,s1_clean,5.8095047430555145,1.1091466717902831,False,False,False,static_raw,15,6.12937828441746,2.3052718004961257,0.5244385510682259
34,s1_clean,5.8095047430555145,1.1091466717902831,False,False,False,graph_diffusion_1,15,6.123566009073676,2.288173008787331,0.39366917715781763
34,s1_clean,5.8095047430555145,1.1091466717902831,False,False,False,graph_diffusion_3,15,6.115570457876697,2.272696520929893,0.24459762407366614
34,s1_clean,5.8095047430555145,1.1091466717902831,False,False,False,laplacian,15,6.127220519395564,2.3118021744562895,0.38791952877744124
35,s1_clean,5.579978519259318,1.272432489793561,False,False,False,static_raw,15,5.402295454721444,1.9106332669053967,0.5762580130124433
35,s1_clean,5.579978519259318,1.272432489793561,False,False,False,graph_diffusion_1,15,5.403133697705834,1.898242221576712,0.43863512763439977
35,s1_clean,5.579978519259318,1.272432489793561,False,False,False,graph_diffusion_3,15,5.404317277820135,1.8907955539292052,0.27930284080117906
35,s1_clean,5.579978519259318,1.272432489793561,False,False,False,laplacian,15,5.402262450557139,1.921203537506051,0.4316964243290124
36,s1_clean,5.338528190625762,1.3036592905789073,False,False,False,static_raw,15,5.635716391609621,1.4651314217582974,0.5944930097467794
36,s1_clean,5.338528190625762,1.3036592905789073,False,False,False,graph_diffusion_1,15,5.633861487919288,1.4718053125454065,0.45807426676842516
36,s1_clean,5.338528190625762,1.3036592905789073,False,False,False,graph_diffusion_3,15,5.6312110281356675,1.4955994618699808,0.2972735846280246
36,s1_clean,5.338528190625762,1.3036592905789073,False,False,False,laplacian,15,5.634924724004341,1.4916504037526452,0.449111308233754
37,s1_clean,4.912072310282084,1.4157812756540196,False,False,False,static_raw,4,4.63201631160519,1.520468838519379,0.5173569870467996
37,s1_clean,4.912072310282084,1.4157812756540196,False,False,False,graph_diffusion_1,4,4.633673859627648,1.5630130913705897,0.3976324801452338
37,s1_clean,4.912072310282084,1.4157812756540196,False,False,False,graph_diffusion_3,4,4.636348248515092,1.6393286695455198,0.25941499823538716
37,s1_clean,4.912072310282084,1.4157812756540196,False,False,False,laplacian,4,4.632028026244626,1.569948319623257,0.4103207872403492
38,s1_clean,4.826303961432351,1.586236364932186,False,False,False,static_raw,4,4.513493277092281,1.0302661565951756,0.6490051651250811
38,s1_clean,4.826303961432351,1.586236364932186,False,False,False,graph_diffusion_1,4,4.513681269270721,1.081299196474347,0.5054835247621725
38,s1_clean,4.826303961432351,1.586236364932186,False,False,False,graph_diffusion_3,4,4.513969945769591,1.1749811395026974,0.335803166138938
38,s1_clean,4.826303961432351,1.586236364932186,False,False,False,laplacian,4,4.5138925220384545,1.09603181009151,0.5178159147270381
39,s1_clean,4.8018178978276085,1.8759997678234683,False,False,False,static_raw,14,5.343416647125534,1.691946145291987,0.5050351502215271
39,s1_clean,4.8018178978276085,1.8759997678234683,False,False,False,graph_diffusion_1,14,5.3363743067812495,1.6829749954969588,0.3792558005855823
39,s1_clean,4.8018178978276085,1.8759997678234683,False,False,False,graph_diffusion_3,14,5.327592289189449,1.6819987846178936,0.23676878552869798
39,s1_clean,4.8018178978276085,1.8759997678234683,False,False,False,laplacian,14,5.343300824467305,1.7054774902844025,0.37436679681929125
40,s1_clean,4.769561461430565,2.1910721381589235,False,False,False,static_raw,24,4.4294746313011295,2.074376077583625,0.5716745006822913
40,s1_clean,4.769561461430565,2.1910721381589235,False,False,False,graph_diffusion_1,24,4.429401381589592,2.0839004159636714,0.4402590515377042
40,s1_clean,4.769561461430565,2.1910721381589235,False,False,False,graph_diffusion_3,24,4.429226362434544,2.100797369898292,0.2829302734415705
40,s1_clean,4.769561461430565,2.1910721381589235,False,False,False,laplacian,24,4.429570667298741,2.090401315871024,0.4280972994655439
41,s1_clean,4.525918490013359,2.572296491893161,False,False,False,static_raw,24,4.404579136730549,2.9228788616173396,0.5732316976887654
41,s1_clean,4.525918490013359,2.572296491893161,False,False,False,graph_diffusion_1,24,4.404390571907737,2.922271217823442,0.44035223996815015
41,s1_clean,4.525918490013359,2.572296491893161,False,False,False,graph_diffusion_3,24,4.404023925143945,2.9172268999449202,0.28176756664374186
41,s1_clean,4.525918490013359,2.572296491893161,False,False,False,laplacian,24,4.404698103860253,2.924270052055563,0.42847479750831746
42,s1_clean,4.603145206950584,2.691606464543516,False,False,False,static_raw,24,4.292519700917407,3.022466528531573,0.5571994616594522
42,s1_clean,4.603145206950584,2.691606464543516,False,False,False,graph_diffusion_1,24,4.292473728996396,3.022954835492544,0.42656424373615753
42,s1_clean,4.603145206950584,2.691606464543516,False,False,False,graph_diffusion_3,24,4.292948801484838,3.019677000021086,0.2712143913365019
42,s1_clean,4.603145206950584,2.691606464543516,False,False,False,laplacian,24,4.293707484877441,3.0243746531814444,0.41514546462306107
43,s1_clean,4.636858519470941,2.83301729155527,False,False,False,static_raw,24,4.446785052629689,2.3568836889190306,0.6111495365954575
43,s1_clean,4.636858519470941,2.83301729155527,False,False,False,graph_diffusion_1,24,4.44682493951771,2.3567535234495134,0.4711472897243699
43,s1_clean,4.636858519470941,2.83301729155527,False,False,False,graph_diffusion_3,24,4.446762976384439,2.3559372517097024,0.30284371841819263
43,s1_clean,4.636858519470941,2.83301729155527,False,False,False,laplacian,24,4.44681831332382,2.363391123257443,0.4585334456016832
44,s1_clean,4.734121569139968,3.1877348970907184,False,False,False,static_raw,34,4.836757494430823,2.4918737961053163,0.50856306111816
44,s1_clean,4.734121569139968,3.1877348970907184,False,False,False,graph_diffusion_1,34,4.836675988680089,2.5040872139473556,0.38488685483411583
44,s1_clean,4.734121569139968,3.1877348970907184,False,False,False,graph_diffusion_3,34,4.8365044409909235,2.528395493391964,0.2402286791269524
44,s1_clean,4.734121569139968,3.1877348970907184,False,False,False,laplacian,34,4.8367486454012365,2.510282248663882,0.3747882915461869
45,s1_clean,4.820450082367587,3.2794971977323337,False,False,False,static_raw,34,4.756697872819549,3.7277657573147116,0.5721831549493698
45,s1_clean,4.820450082367587,3.2794971977323337,False,False,False,graph_diffusion_1,34,4.756785764201756,3.727761294449886,0.4398017761440599
45,s1_clean,4.820450082367587,3.2794971977323337,False,False,False,graph_diffusion_3,34,4.75697350487534,3.7274267269359727,0.2821600164120645
45,s1_clean,4.820450082367587,3.2794971977323337,False,False,False,laplacian,34,4.756687726238601,3.7282738714848556,0.4277741360113282
46,s1_clean,5.062857013263392,3.3252726841438496,False,False,False,static_raw,35,5.344746690894166,2.6463781407926246,0.5238467064748373
46,s1_clean,5.062857013263392,3.3252726841438496,False,False,False,graph_diffusion_1,35,5.344656593142731,2.6533876975583746,0.3993268846058534
46,s1_clean,5.062857013263392,3.3252726841438496,False,False,False,graph_diffusion_3,35,5.34457497700259,2.6683262599038136,0.2526420409742584
46,s1_clean,5.062857013263392,3.3252726841438496,False,False,False,laplacian,35,5.344727398254934,2.65979024279806,0.3888968353150095
47,s1_clean,5.223527674927983,3.3636079119505795,False,False,False,static_raw,35,5.456064355125677,2.7358122527368525,0.5369388232654297
47,s1_clean,5.223527674927983,3.3636079119505795,False,False,False,graph_diffusion_1,35,5.455975890192813,2.745180328369096,0.410532526225472
47,s1_clean,5.223527674927983,3.3636079119505795,False,False,False,graph_diffusion_3,35,5.4558366482672636,2.763252977167062,0.2606998297273613
47,s1_clean,5.223527674927983,3.3636079119505795,False,False,False,laplacian,35,5.45570894942926,2.749515704423189,0.39920315654230215
48,s1_clean,5.715643126853525,3.4347811219492,False,False,False,static_raw,35,5.355075032929419,4.11223271965432,0.5360054560968243
48,s1_clean,5.715643126853525,3.4347811219492,False,False,False,graph_diffusion_1,35,5.35505588338699,4.1128998503273095,0.40930770920065246
48,s1_clean,5.715643126853525,3.4347811219492,False,False,False,graph_diffusion_3,35,5.35490311441344,4.113840850062367,0.25977063710091264
48,s1_clean,5.715643126853525,3.4347811219492,False,False,False,laplacian,35,5.354662338674896,4.112296055062208,0.398509421464408
49,s1_clean,6.036475943181564,3.33849425496013,False,False,False,static_raw,36,6.401999106322026,2.995234783436826,0.5626109097103456
49,s1_clean,6.036475943181564,3.33849425496013,False,False,False,graph_diffusion_1,36,6.401919713079371,2.994455103636528,0.43249780022436374
49,s1_clean,6.036475943181564,3.33849425496013,False,False,False,graph_diffusion_3,36,6.402325757206651,2.994469924127431,0.2773366687166317
49,s1_clean,6.036475943181564,3.33849425496013,False,False,False,laplacian,36,6.401643908132977,2.999907207124231,0.4210762276874363
50,s1_clean,6.26597077792921,3.2310160910129526,False,False,False,static_raw,36,5.915794527548103,3.0847054343854245,0.5326490451388743
50,s1_clean,6.26597077792921,3.2310160910129526,False,False,False,graph_diffusion_1,36,5.915161249914729,3.0845508453773047,0.4056452574523042
50,s1_clean,6.26597077792921,3.2310160910129526,False,False,False,graph_diffusion_3,36,5.91421122024032,3.0852179192883513,0.2565007891334963
50,s1_clean,6.26597077792921,3.2310160910129526,False,False,False,laplacian,36,5.915714055205255,3.089047001284197,0.39542923246022565
51,s1_clean,6.557154939381723,3.0499936079927075,False,False,False,static_raw,26,7.011831358624207,2.6997340350091354,0.5653004202776815
51,s1_clean,6.557154939381723,3.0499936079927075,False,False,False,graph_diffusion_1,26,7.010977562553456,2.7011397456928194,0.4323415340534482
51,s1_clean,6.557154939381723,3.0499936079927075,False,False,False,graph_diffusion_3,26,7.007602596268958,2.699993566519036,0.2742223955869682
51,s1_clean,6.557154939381723,3.0499936079927075,False,False,False,laplacian,26,7.0062449630919135,2.7031985483922156,0.42116668389589607
52,s1_clean,6.7452470995562726,2.868494108966797,False,False,False,static_raw,26,6.210758623543625,2.9130891110280004,0.5264972998463936
52,s1_clean,6.7452470995562726,2.868494108966797,False,False,False,graph_diffusion_1,26,6.210823367731519,2.9130381763085005,0.4039081226723979
52,s1_clean,6.7452470995562726,2.868494108966797,False,False,False,graph_diffusion_3,26,6.211547959907753,2.909092507411813,0.2585409746321391
52,s1_clean,6.7452470995562726,2.868494108966797,False,False,False,laplacian,26,6.210297975728627,2.914976486011897,0.39343214146472893
53,s1_clean,6.89633119872926,2.646701910339533,False,False,False,static_raw,26,6.302593126036686,1.9635132330853646,0.5582673860481395
53,s1_clean,6.89633119872926,2.646701910339533,False,False,False,graph_diffusion_1,26,6.302846870792391,1.9764046331562157,0.42759549304015754
53,s1_clean,6.89633119872926,2.646701910339533,False,False,False,graph_diffusion_3,26,6.3041372404455185,1.9995817898151709,0.27262282154857564
53,s1_clean,6.89633119872926,2.646701910339533,False,False,False,laplacian,26,6.302365334281143,1.9831370964895665,0.416028038119243
54,s1_clean,7.093839490462012,2.230395250989873,False,False,False,static_raw,27,7.625570665978691,3.0479169110872713,0.5191957064357561
54,s1_clean,7.093839490462012,2.230395250989873,False,False,False,graph_diffusion_1,27,7.623469751201731,3.0488046729299323,0.3979849934048801
54,s1_clean,7.093839490462012,2.230395250989873,False,False,False,graph_diffusion_3,27,7.620454244739704,3.0447722276023117,0.2539155384939212
54,s1_clean,7.093839490462012,2.230395250989873,False,False,False,laplacian,27,7.617816431777626,3.0489857030897665,0.3879686532013174
55,s1_clean,7.327799421114381,2.083866639869165,False,False,False,static_raw,17,7.389613914370391,1.7562132440868983,0.5820084583536934
55,s1_clean,7.327799421114381,2.083866639869165,False,False,False,graph_diffusion_1,17,7.391163745947004,1.7447377656557586,0.44737954726875984
55,s1_clean,7.327799421114381,2.083866639869165,False,False,False,graph_diffusion_3,17,7.398883973063205,1.7381957611165382,0.2884639934150478
55,s1_clean,7.327799421114381,2.083866639869165,False,False,False,laplacian,17,7.388232859064489,1.7666181757689587,0.4403338036444853
56,s1_clean,7.4404788553418495,2.0885416935474934,False,False,False,static_raw,27,7.059609012676418,2.0622605035887536,0.5455453724986075
56,s1_clean,7.4404788553418495,2.0885416935474934,False,False,False,graph_diffusion_1,27,7.059550049305997,2.0716521527250036,0.41503302086660326
56,s1_clean,7.4404788553418495,2.0885416935474934,False,False,False,graph_diffusion_3,27,7.065038316719101,2.0890528079147037,0.26155483073723956
56,s1_clean,7.4404788553418495,2.0885416935474934,False,False,False,laplacian,27,7.058606111343748,2.0782105343283823,0.404680138762549
57,s1_clean,7.579211275373233,2.0714456103345764,False,False,False,static_raw,27,7.18766900184119,2.1024380879399054,0.586417395832432
57,s1_clean,7.579211275373233,2.0714456103345764,False,False,False,graph_diffusion_1,27,7.187280221707412,2.106587005025157,0.446824258469841
57,s1_clean,7.579211275373233,2.0714456103345764,False,False,False,graph_diffusion_3,27,7.192626332616896,2.1152028748941003,0.28209245223901813
57,s1_clean,7.579211275373233,2.0714456103345764,False,False,False,laplacian,27,7.186813779004474,2.114562671832376,0.4360922609849287
58,s1_clean,7.844337613028887,1.6670430401807117,False,False,False,static_raw,17,7.8663738409951565,1.5837636537832611,0.5897856492986107
58,s1_clean,7.844337613028887,1.6670430401807117,False,False,False,graph_diffusion_1,17,7.856301039533061,1.5825413283169878,0.4493473758445307
58,s1_clean,7.844337613028887,1.6670430401807117,False,False,False,graph_diffusion_3,17,7.845010146399283,1.5898042975457676,0.2850483921464896
58,s1_clean,7.844337613028887,1.6670430401807117,False,False,False,laplacian,17,7.85396510610192,1.6025440525760528,0.4418051435875059
59,s1_clean,7.979950544975631,1.4630004361001532,False,False,False,static_raw,17,7.641874434531429,1.4484716955718857,0.7093051639705524
59,s1_clean,7.979950544975631,1.4630004361001532,False,False,False,graph_diffusion_1,17,7.641139185911126,1.449019732111241,0.5362498315111257
59,s1_clean,7.979950544975631,1.4630004361001532,False,False,False,graph_diffusion_3,17,7.645748107042754,1.4622120559419203,0.33534018935358206
59,s1_clean,7.979950544975631,1.4630004361001532,False,False,False,laplacian,17,7.638106625448242,1.4693189880254045,0.5286010616020926
60,s1_clean,8.127206923732981,1.3162437323059886,False,False,False,static_raw,18,8.70076351104525,1.219479121828014,0.6196479763948752
60,s1_clean,8.127206923732981,1.3162437323059886,False,False,False,graph_diffusion_1,18,8.693749386974845,1.234393197718247,0.4709353005236075
60,s1_clean,8.127206923732981,1.3162437323059886,False,False,False,graph_diffusion_3,18,8.66878435683358,1.2711393081773057,0.30191821268905034
60,s1_clean,8.127206923732981,1.3162437323059886,False,False,False,laplacian,18,8.675795209460842,1.2508684874483333,0.46874348028210117
61,s1_clean,8.189098931075993,1.1020139318013231,False,False,False,static_raw,18,8.800196201470484,1.261705482125392,0.5950814893186488
61,s1_clean,8.189098931075993,1.1020139318013231,False,False,False,graph_diffusion_1,18,8.78096939884663,1.2750508613783054,0.45414110522290757
61,s1_clean,8.189098931075993,1.1020139318013231,False,False,False,graph_diffusion_3,18,8.738969290606368,1.308146494111,0.29351571095780643
61,s1_clean,8.189098931075993,1.1020139318013231,False,False,False,laplacian,18,8.767167684102633,1.2898140916861922,0.45068369089643123
62,s1_clean,8.244559866287215,0.9834290739202508,False,False,False,static_raw,18,8.60651806046071,1.372793764395838,0.7931782502139428
62,s1_clean,8.244559866287215,0.9834290739202508,False,False,False,graph_diffusion_1,18,8.615415636203846,1.366253198851071,0.5858824517870556
62,s1_clean,8.244559866287215,0.9834290739202508,False,False,False,graph_diffusion_3,18,8.613489467978582,1.3715811151445327,0.35634228540273194
62,s1_clean,8.244559866287215,0.9834290739202508,False,False,False,laplacian,18,8.58988884753942,1.3911589171028118,0.5897636200636206
63,s1_clean,8.469449233099015,0.5380851752887181,False,False,False,static_raw,8,8.640807503701783,0.8044483102128631,0.6402168484265529
63,s1_clean,8.469449233099015,0.5380851752887181,False,False,False,graph_diffusion_1,8,8.655656501395885,0.8451800074125112,0.4927863484425197
63,s1_clean,8.469449233099015,0.5380851752887181,False,False,False,graph_diffusion_3,8,8.642474547118546,0.9349508792808516,0.33383223939784373
63,s1_clean,8.469449233099015,0.5380851752887181,False,False,False,laplacian,8,8.620888539809329,0.8707544543420942,0.5181923912467044
64,s1_clean,8.61129496830597,0.2850740111733432,False,False,False,static_raw,9,9.117023131933907,0.6737807233506217,0.5802607779051874
64,s1_clean,8.61129496830597,0.2850740111733432,False,False,False,graph_diffusion_1,9,9.051495923250982,0.7483779480343746,0.4893730543175784
64,s1_clean,8.61129496830597,0.2850740111733432,False,False,False,graph_diffusion_3,9,8.939912281475648,0.8780089078484553,0.3722329506337742
64,s1_clean,8.61129496830597,0.2850740111733432,False,False,False,laplacian,9,9.056653077018984,0.7508683429138422,0.5100985256262367
65,s1_clean,8.649656672908945,0.1829723899998202,False,False,False,static_raw,9,9.164770702675602,0.826377839242063,0.6098845246194314
65,s1_clean,8.649656672908945,0.1829723899998202,False,False,False,graph_diffusion_1,9,9.08856872170303,0.9030930504591108,0.5022384794299081
65,s1_clean,8.649656672908945,0.1829723899998202,False,False,False,graph_diffusion_3,9,8.961301546406817,1.031366227740396,0.3670194317173909
65,s1_clean,8.649656672908945,0.1829723899998202,False,False,False,laplacian,9,9.09540591290508,0.8965599315582465,0.527720937289745
66,s1_clean,8.433510539178341,0.5984305923139432,False,False,False,static_raw,8,8.753412482205517,0.8660500396516553,0.5671511445441133
66,s1_clean,8.433510539178341,0.5984305923139432,False,False,False,graph_diffusion_1,8,8.75714362136437,0.9001176422421208,0.4382963087329891
66,s1_clean,8.433510539178341,0.5984305923139432,False,False,False,graph_diffusion_3,8,8.728170851147931,0.9811937324149613,0.30238861826858965
66,s1_clean,8.433510539178341,0.5984305923139432,False,False,False,laplacian,8,8.72443933380105,0.9270687966555194,0.46089381120872525
67,s1_clean,8.390725265666473,0.8870681197350446,False,False,False,static_raw,8,8.783363792667915,0.7621289189233611,0.6062857585962829
67,s1_clean,8.390725265666473,0.8870681197350446,False,False,False,graph_diffusion_1,8,8.78002957029755,0.8072289436894431,0.4704416614018592
67,s1_clean,8.390725265666473,0.8870681197350446,False,False,False,graph_diffusion_3,8,8.742325972425569,0.9036063273053234,0.32458523572710013
67,s1_clean,8.390725265666473,0.8870681197350446,False,False,False,laplacian,8,8.7518958313251,0.8317394543092328,0.4915045859864818
68,s1_clean,8.28586833451047,1.075450447649671,False,False,False,static_raw,18,8.662781234106406,1.213200515293497,0.6399761979299543
68,s1_clean,8.28586833451047,1.075450447649671,False,False,False,graph_diffusion_1,18,8.662323014850083,1.2267485612613915,0.4848439955691857
68,s1_clean,8.28586833451047,1.075450447649671,False,False,False,graph_diffusion_3,18,8.645759411343844,1.2625354245332743,0.3089625973990658
68,s1_clean,8.28586833451047,1.075450447649671,False,False,False,laplacian,18,8.64143267248164,1.2449565851540112,0.48371989577436236
69,s1_clean,8.00771188370768,1.2586421068158191,False,False,False,static_raw,18,8.098056305720824,1.4421477081826157,0.5000423618249626
69,s1_clean,8.00771188370768,1.2586421068158191,False,False,False,graph_diffusion_1,18,8.115778140483757,1.446288142096232,0.3807753687596365
69,s1_clean,8.00771188370768,1.2586421068158191,False,False,False,graph_diffusion_3,18,8.140168337123063,1.4601831456063517,0.24614881112650663
69,s1_clean,8.00771188370768,1.2586421068158191,False,False,False,laplacian,18,8.090519587125854,1.465304689967412,0.37906334545859943
70,s1_clean,7.876253087162693,1.4325757096206515,False,False,False,static_raw,17,7.56176262684518,1.3152530702484704,0.7140063323564502
70,s1_clean,7.876253087162693,1.4325757096206515,False,False,False,graph_diffusion_1,17,7.563003476149398,1.3210150609159,0.5442505700576756
70,s1_clean,7.876253087162693,1.4325757096206515,False,False,False,graph_diffusion_3,17,7.572183866611346,1.343469214905896,0.34413153070014657
70,s1_clean,7.876253087162693,1.4325757096206515,False,False,False,laplacian,17,7.5601288146033605,1.341503436698947,0.5352457019022707
71,s1_clean,7.764584357169141,1.783515740895847,False,False,False,static_raw,17,8.01946069904559,1.6778848668442614,0.5830248655280847
71,s1_clean,7.764584357169141,1.783515740895847,False,False,False,graph_diffusion_1,17,8.006824646096502,1.6695875691162687,0.43719724579726993
71,s1_clean,7.764584357169141,1.783515740895847,False,False,False,graph_diffusion_3,17,7.986787164768164,1.667528469437581,0.2719560776627968
71,s1_clean,7.764584357169141,1.783515740895847,False,False,False,laplacian,17,8.003260712972017,1.6908625224817317,0.4322660596546382
72,s1_clean,7.724461665749093,1.919199890822522,False,False,False,static_raw,17,7.8182800097799845,2.315611364492581,0.5005388497234643
72,s1_clean,7.724461665749093,1.919199890822522,False,False,False,graph_diffusion_1,17,7.808183131197337,2.2983295191939366,0.37779169841667387
72,s1_clean,7.724461665749093,1.919199890822522,False,False,False,graph_diffusion_3,17,7.792925760925229,2.2795211020871577,0.23627957816720693
72,s1_clean,7.724461665749093,1.919199890822522,False,False,False,laplacian,17,7.805522726463644,2.3213364861174832,0.3718160981609824
73,s1_clean,7.434410446855592,2.196460502510213,False,False,False,static_raw,27,7.5488563959625665,1.8236806925612645,0.5095619543728854
73,s1_clean,7.434410446855592,2.196460502510213,False,False,False,graph_diffusion_1,27,7.5492744786140475,1.839855777435275,0.396832941974922
73,s1_clean,7.434410446855592,2.196460502510213,False,False,False,graph_diffusion_3,27,7.557365145094463,1.8677507216510651,0.2589660040509554
73,s1_clean,7.434410446855592,2.196460502510213,False,False,False,laplacian,27,7.546812398518855,1.847343299601478,0.3853526714514939
74,s1_clean,7.329501734941545,2.341512908882469,False,False,False,static_raw,27,7.529561705029006,2.2789701220940906,0.6542884728372541
74,s1_clean,7.329501734941545,2.341512908882469,False,False,False,graph_diffusion_1,27,7.530722951727019,2.2788707890392166,0.5024105310022817
74,s1_clean,7.329501734941545,2.341512908882469,False,False,False,graph_diffusion_3,27,7.536789066167178,2.277499387337203,0.31928646840886554
74,s1_clean,7.329501734941545,2.341512908882469,False,False,False,laplacian,27,7.526997994956834,2.2853507422879225,0.4896278654476773
75,s1_clean,7.071931175766185,2.639246667376174,False,False,False,static_raw,27,7.914317476307253,2.504604044310754,0.5943139060919344
75,s1_clean,7.071931175766185,2.639246667376174,False,False,False,graph_diffusion_1,27,7.908974311065871,2.5048429853268117,0.4574934830833521
75,s1_clean,7.071931175766185,2.639246667376174,False,False,False,graph_diffusion_3,27,7.899848064034185,2.4997814753915804,0.2925137767468524
75,s1_clean,7.071931175766185,2.639246667376174,False,False,False,laplacian,27,7.901633962113414,2.5075858159456628,0.4454964616188058
76,s1_clean,6.978026390337671,2.8586906033898587,False,False,False,static_raw,26,7.294175654870152,2.6637544506830944,0.5240248250960804
76,s1_clean,6.978026390337671,2.8586906033898587,False,False,False,graph_diffusion_1,26,7.285169507829738,2.6658148659837244,0.40042818739509906
76,s1_clean,6.978026390337671,2.8586906033898587,False,False,False,graph_diffusion_3,26,7.267109178215051,2.6652768259542827,0.253137482016405
76,s1_clean,6.978026390337671,2.8586906033898587,False,False,False,laplacian,26,7.28071679332544,2.668450902525594,0.3893619583039419
77,s1_clean,7.056281076272732,3.07562739707137,False,False,False,static_raw,37,7.507669533447091,3.4144510883972266,0.6230334462734921
77,s1_clean,7.056281076272732,3.07562739707137,False,False,False,graph_diffusion_1,37,7.508491632016094,3.414338159495049,0.47901580226177354
77,s1_clean,7.056281076272732,3.07562739707137,False,False,False,graph_diffusion_3,37,7.511644415639737,3.4134904380334357,0.3063052755132916
77,s1_clean,7.056281076272732,3.07562739707137,False,False,False,laplacian,37,7.503438470990312,3.4152892338882532,0.4663315761129758
78,s1_clean,6.986478911581751,3.499417790512807,False,False,False,static_raw,37,6.743958343188754,3.372621940926866,0.5133506991344797
78,s1_clean,6.986478911581751,3.499417790512807,False,False,False,graph_diffusion_1,37,6.743329184248639,3.3731465772371223,0.39048311208457936
78,s1_clean,6.986478911581751,3.499417790512807,False,False,False,graph_diffusion_3,37,6.746513131781027,3.3743838706739524,0.24558782666579157
78,s1_clean,6.986478911581751,3.499417790512807,False,False,False,laplacian,37,6.742497971573879,3.3753166594897563,0.38041200113723334
79,s1_clean,7.059635179641974,3.643912026483358,False,False,False,static_raw,36,6.89397329424702,3.9127616601173307,0.5577790841638224
79,s1_clean,7.059635179641974,3.643912026483358,False,False,False,graph_diffusion_1,36,6.896656843877115,3.9137313845082864,0.4269993581340552
79,s1_clean,7.059635179641974,3.643912026483358,False,False,False,graph_diffusion_3,36,6.900430944335272,3.915026664910759,0.2722969781725646
79,s1_clean,7.059635179641974,3.643912026483358,False,False,False,laplacian,36,6.891468756324431,3.9128387297307428,0.4160869996524779
80,s1_clean,7.111230980212548,3.866216527347812,False,False,False,static_raw,36,7.526222342350836,4.230063423483195,0.516085284400031
80,s1_clean,7.111230980212548,3.866216527347812,False,False,False,graph_diffusion_1,36,7.508981342595086,4.227698911906955,0.3900923488790542
80,s1_clean,7.111230980212548,3.866216527347812,False,False,False,graph_diffusion_3,36,7.476484554630541,4.223550231342346,0.24209199132060413
80,s1_clean,7.111230980212548,3.866216527347812,False,False,False,laplacian,36,7.50450840111376,4.230134268357936,0.3791074557341984
81,s1_clean,7.093666462300226,4.151666727840037,False,False,False,static_raw,47,7.339800286704863,4.322365845309125,0.5735903586328599
81,s1_clean,7.093666462300226,4.151666727840037,False,False,False,graph_diffusion_1,47,7.338589353385016,4.322401696334609,0.4395622887490137
81,s1_clean,7.093666462300226,4.151666727840037,False,False,False,graph_diffusion_3,47,7.338631113052731,4.322384974203275,0.2801289456061968
81,s1_clean,7.093666462300226,4.151666727840037,False,False,False,laplacian,47,7.334505965846353,4.32273595848397,0.4279576283257381
82,s1_clean,7.179940304559092,4.40982120831966,False,False,False,static_raw,47,7.484679393748919,4.598481159286909,0.5648729113919764
82,s1_clean,7.179940304559092,4.40982120831966,False,False,False,graph_diffusion_1,47,7.480715806010947,4.598426451639426,0.43266425158579314
82,s1_clean,7.179940304559092,4.40982120831966,False,False,False,graph_diffusion_3,47,7.475256848980666,4.597956260578499,0.2755574631793353
82,s1_clean,7.179940304559092,4.40982120831966,False,False,False,laplacian,47,7.475953966551884,4.598589839973905,0.4211673735071169
83,s1_clean,7.389306456175779,4.728806808316636,False,False,False,static_raw,47,7.298894674482761,4.159165202967903,0.5735524895577704
83,s1_clean,7.389306456175779,4.728806808316636,False,False,False,graph_diffusion_1,47,7.300231611954383,4.1588763488875795,0.44083137398877126
83,s1_clean,7.389306456175779,4.728806808316636,False,False,False,graph_diffusion_3,47,7.305468599730769,4.1583726460949615,0.28241715442237453
83,s1_clean,7.389306456175779,4.728806808316636,False,False,False,laplacian,47,7.296580231219557,4.159452050300757,0.42921338460799646
84,s1_clean,7.471099094223947,5.062300262899215,False,False,False,static_raw,57,7.910051565072878,5.916896599973899,0.3350985940331674
84,s1_clean,7.471099094223947,5.062300262899215,False,False,False,graph_diffusion_1,57,7.892757020561967,5.916005814022025,0.26990878723278944
84,s1_clean,7.471099094223947,5.062300262899215,False,False,False,graph_diffusion_3,57,7.861182237189046,5.913886463521637,0.1871515508880279
84,s1_clean,7.471099094223947,5.062300262899215,False,False,False,laplacian,57,7.88610833575323,5.915986929300647,0.26118332938711103
85,s1_clean,7.639476103338564,5.452330212055501,False,False,False,static_raw,57,7.812278347108405,5.259805273458728,0.5509327573488784
85,s1_clean,7.639476103338564,5.452330212055501,False,False,False,graph_diffusion_1,57,7.807601304341174,5.259486694031982,0.42326350147411523
85,s1_clean,7.639476103338564,5.452330212055501,False,False,False,graph_diffusion_3,57,7.799034031397471,5.259314380110883,0.27149416642727314
85,s1_clean,7.639476103338564,5.452330212055501,False,False,False,laplacian,57,7.800367648759105,5.259798488648324,0.41234066541075337
86,s1_clean,7.590210281547375,5.578300437724326,False,False,False,static_raw,57,7.046910573692605,5.695567547780884,0.5530389278812983
86,s1_clean,7.590210281547375,5.578300437724326,False,False,False,graph_diffusion_1,57,7.048179902022809,5.696040871702863,0.4255899612329918
86,s1_clean,7.590210281547375,5.578300437724326,False,False,False,graph_diffusion_3,57,7.0547720157149145,5.696950249434325,0.27343472397384455
86,s1_clean,7.590210281547375,5.578300437724326,False,False,False,laplacian,57,7.046057147502622,5.695505893501177,0.4141699335969602
87,s1_clean,7.462795792010998,5.791477714093946,False,False,False,static_raw,57,6.8318606576644605,5.555917936286583,0.5423073076839787
87,s1_clean,7.462795792010998,5.791477714093946,False,False,False,graph_diffusion_1,57,6.832903857550853,5.556944915934895,0.41460341267313466
87,s1_clean,7.462795792010998,5.791477714093946,False,False,False,graph_diffusion_3,57,6.838620277347846,5.558715233890064,0.2628949940960171
87,s1_clean,7.462795792010998,5.791477714093946,False,False,False,laplacian,57,6.830257591477419,5.555809548215884,0.40363431195897254
88,s1_clean,7.440607753073426,5.980848219358611,False,False,False,static_raw,66,7.076911485923146,6.36335451093522,0.5184799985821839
88,s1_clean,7.440607753073426,5.980848219358611,False,False,False,graph_diffusion_1,66,7.077517994061946,6.364739637979478,0.3951534151648524
88,s1_clean,7.440607753073426,5.980848219358611,False,False,False,graph_diffusion_3,66,7.075627784973038,6.366989865117245,0.2502484428354838
88,s1_clean,7.440607753073426,5.980848219358611,False,False,False,laplacian,66,7.069289101389773,6.3627237123251055,0.3855552573648354
89,s1_clean,7.440906125309533,6.113793031097752,False,False,False,static_raw,66,6.00835535688384,6.038543437003297,0.5223922773913604
89,s1_clean,7.440906125309533,6.113793031097752,False,False,False,graph_diffusion_1,66,6.0088710141592205,6.03903477192823,0.3976695171961519
89,s1_clean,7.440906125309533,6.113793031097752,False,False,False,graph_diffusion_3,66,6.009771112443082,6.040100044446887,0.2511157111378563
89,s1_clean,7.440906125309533,6.113793031097752,False,False,False,laplacian,66,6.007914109648353,6.0384316752429665,0.3874431153248582
90,s1_clean,7.279806471044582,6.464561962588011,False,False,False,static_raw,67,7.159749301490421,6.409187830117193,0.5745571994949705
90,s1_clean,7.279806471044582,6.464561962588011,False,False,False,graph_diffusion_1,67,7.16211409000871,6.411032762844642,0.4397243090443699
90,s1_clean,7.279806471044582,6.464561962588011,False,False,False,graph_diffusion_3,67,7.168857683859624,6.414450228063231,0.27929901266533674
90,s1_clean,7.279806471044582,6.464561962588011,False,False,False,laplacian,67,7.15716033601391,6.408557523913591,0.428394515310686
91,s1_clean,7.195775699002211,6.545903417221667,False,False,False,static_raw,67,6.957180803747605,6.260021950120773,0.5605963349037499
91,s1_clean,7.195775699002211,6.545903417221667,False,False,False,graph_diffusion_1,67,6.958814139355783,6.260817455992742,0.42855668618955095
91,s1_clean,7.195775699002211,6.545903417221667,False,False,False,graph_diffusion_3,67,6.965662805693884,6.262959761166552,0.2717163533025184
91,s1_clean,7.195775699002211,6.545903417221667,False,False,False,laplacian,67,6.9559381132391795,6.259806546781445,0.4172721691985179
92,s1_clean,7.071679731335141,6.664553875446808,False,False,False,static_raw,67,7.175672079366885,6.724513318945869,0.5580716440476863
92,s1_clean,7.071679731335141,6.664553875446808,False,False,False,graph_diffusion_1,67,7.176704819997379,6.727982163787289,0.42500568143556805
92,s1_clean,7.071679731335141,6.664553875446808,False,False,False,graph_diffusion_3,67,7.179772775336765,6.73166926353508,0.26764369092439766
92,s1_clean,7.071679731335141,6.664553875446808,False,False,False,laplacian,67,7.171066072964497,6.721514639445559,0.414772907126803
93,s1_clean,6.88601961932652,6.885266262387327,False,False,False,static_raw,76,5.798778888516884,7.905234368367457,0.5297823061768395
93,s1_clean,6.88601961932652,6.885266262387327,False,False,False,graph_diffusion_1,76,5.797858311452803,7.897341715014239,0.3996743065336363
93,s1_clean,6.88601961932652,6.885266262387327,False,False,False,graph_diffusion_3,76,5.797105936146806,7.883775221655748,0.24717778165378265
93,s1_clean,6.88601961932652,6.885266262387327,False,False,False,laplacian,76,5.798697171246962,7.889338892193605,0.38987956016118025
94,s1_clean,6.836265376227635,7.09347815473235,False,False,False,static_raw,76,6.179283024573306,7.536992631622372,0.573461705336863
94,s1_clean,6.836265376227635,7.09347815473235,False,False,False,graph_diffusion_1,76,6.180433337524136,7.536374648206129,0.4361791015590783
94,s1_clean,6.836265376227635,7.09347815473235,False,False,False,graph_diffusion_3,76,6.183293147084479,7.537835947898048,0.27417848111483634
94,s1_clean,6.836265376227635,7.09347815473235,False,False,False,laplacian,76,6.179028572645603,7.53108934866127,0.42525521591641074
95,s1_clean,6.749970613133377,7.2047970050942345,False,False,False,static_raw,76,5.762316922567485,7.25344529348631,0.5265562130526857
95,s1_clean,6.749970613133377,7.2047970050942345,False,False,False,graph_diffusion_1,76,5.761387377229052,7.254393016263347,0.39956324129520737
95,s1_clean,6.749970613133377,7.2047970050942345,False,False,False,graph_diffusion_3,76,5.7607772651464035,7.2595084807963834,0.24998299201293547
95,s1_clean,6.749970613133377,7.2047970050942345,False,False,False,laplacian,76,5.762279657594478,7.250766719903143,0.38950752939453837
96,s1_clean,6.520102407663193,7.416654680272662,False,False,False,static_raw,76,6.095069235507905,8.10471858156996,0.5236277867789941
96,s1_clean,6.520102407663193,7.416654680272662,False,False,False,graph_diffusion_1,76,6.096927827238069,8.090149878322196,0.39490576431973623
96,s1_clean,6.520102407663193,7.416654680272662,False,False,False,graph_diffusion_3,76,6.100033832417017,8.06442419627333,0.24422032336100755
96,s1_clean,6.520102407663193,7.416654680272662,False,False,False,laplacian,76,6.094637438467312,8.081723803205902,0.38495418732751085
97,s1_clean,6.235078071420909,7.80527981884087,False,False,False,static_raw,76,6.419604614634227,7.796624862861936,0.6210208665118564
97,s1_clean,6.235078071420909,7.80527981884087,False,False,False,graph_diffusion_1,76,6.420561016818983,7.794143747565707,0.4759828327471868
97,s1_clean,6.235078071420909,7.80527981884087,False,False,False,graph_diffusion_3,76,6.423401406053944,7.790625547922852,0.30262317792164534
97,s1_clean,6.235078071420909,7.80527981884087,False,False,False,laplacian,76,6.419460179314913,7.787239588198285,0.463394666244831
98,s1_clean,5.98823397903378,7.93574951314563,False,False,False,static_raw,96,6.071809733286544,8.771051323668297,0.5417945210583195
98,s1_clean,5.98823397903378,7.93574951314563,False,False,False,graph_diffusion_1,96,6.067552297835596,8.730344970963296,0.42160417447438064
98,s1_clean,5.98823397903378,7.93574951314563,False,False,False,graph_diffusion_3,96,6.060462063519893,8.656064801966275,0.2786543942182438
98,s1_clean,5.98823397903378,7.93574951314563,False,False,False,laplacian,96,6.07177178971202,8.718965187265661,0.43280227500375806
99,s1_clean,5.822657938153183,7.968265377624689,False,False,False,static_raw,96,5.807308273868624,8.667251652259322,0.4719747654492808
99,s1_clean,5.822657938153183,7.968265377624689,False,False,False,graph_diffusion_1,96,5.8000063602844785,8.630991846903017,0.36357147227472536
99,s1_clean,5.822657938153183,7.968265377624689,False,False,False,graph_diffusion_3,96,5.788219511604191,8.564660940827393,0.23765798267697533
99,s1_clean,5.822657938153183,7.968265377624689,False,False,False,laplacian,96,5.807279768251631,8.620520683663507,0.37535908092183956
0,s2_wifi_degraded,8.548260044884431,3.875368266732585,False,False,False,static_raw,39,8.588792475366091,2.8704382530319097,0.5581480765890854
0,s2_wifi_degraded,8.548260044884431,3.875368266732585,False,False,False,graph_diffusion_1,39,8.542799375416793,2.8702474660641513,0.429968448030699
0,s2_wifi_degraded,8.548260044884431,3.875368266732585,False,False,False,graph_diffusion_3,39,8.460761232220015,2.870185190624096,0.27972107080264264
0,s2_wifi_degraded,8.548260044884431,3.875368266732585,False,False,False,laplacian,39,8.534664676626912,2.880189478249488,0.44231906066373605
1,s2_wifi_degraded,8.648647791547123,3.682160416153107,False,False,False,static_raw,38,8.600735083656842,3.9225456201034876,0.5393008957564009
1,s2_wifi_degraded,8.648647791547123,3.682160416153107,False,False,False,graph_diffusion_1,38,8.59397012644855,3.91683812974818,0.4120926567170774
1,s2_wifi_degraded,8.648647791547123,3.682160416153107,False,False,False,graph_diffusion_3,38,8.569640375743015,3.9081964209312665,0.2657727821973007
1,s2_wifi_degraded,8.648647791547123,3.682160416153107,False,False,False,laplacian,38,8.57403025158368,3.922683288948398,0.40512350040953676
2,s2_wifi_degraded,8.904314502785434,3.314602216855924,False,False,False,static_raw,38,8.376597784407856,2.829124264363709,0.5096722296526133
2,s2_wifi_degraded,8.904314502785434,3.314602216855924,False,False,False,graph_diffusion_1,38,8.384139275219864,2.8340321126146772,0.3892491276520112
2,s2_wifi_degraded,8.904314502785434,3.314602216855924,False,False,False,graph_diffusion_3,38,8.384123961629443,2.8385179806013063,0.24972722201992315
2,s2_wifi_degraded,8.904314502785434,3.314602216855924,False,False,False,laplacian,38,8.363060235894828,2.8336519061139693,0.38407400774805556
3,s2_wifi_degraded,9.310389003930128,3.04167485894367,False,False,False,static_raw,29,9.064096205746775,2.867005794987656,0.523158453336895
3,s2_wifi_degraded,9.310389003930128,3.04167485894367,False,False,False,graph_diffusion_1,29,9.012844464847339,2.8703853776592374,0.4132568343548851
3,s2_wifi_degraded,9.310389003930128,3.04167485894367,False,False,False,graph_diffusion_3,29,8.920400826172974,2.86531292810761,0.2824089835403931
3,s2_wifi_degraded,9.310389003930128,3.04167485894367,False,False,False,laplacian,29,8.996583419046354,2.8688223852980164,0.42274428537219616
4,s2_wifi_degraded,9.706838327803332,2.8964874698404373,False,False,False,static_raw,39,9.022920911922384,2.968889434229636,0.5587906026506307
4,s2_wifi_degraded,9.706838327803332,2.8964874698404373,False,False,False,graph_diffusion_1,39,8.9731781157072,2.9655912973142398,0.43865588544212253
4,s2_wifi_degraded,9.706838327803332,2.8964874698404373,False,False,False,graph_diffusion_3,39,8.882503699235778,2.956291623326902,0.29603797539017224
4,s2_wifi_degraded,9.706838327803332,2.8964874698404373,False,False,False,laplacian,39,8.958077255740537,2.9734727246020425,0.44917620655039947
5,s2_wifi_degraded,9.41844096729231,2.900422758078939,False,False,False,static_raw,29,8.849053469512628,2.361185673041965,0.5712310368443393
5,s2_wifi_degraded,9.41844096729231,2.900422758078939,False,False,False,graph_diffusion_1,29,8.8053897323961,2.359534613576847,0.4469323091711515
5,s2_wifi_degraded,9.41844096729231,2.900422758078939,False,False,False,graph_diffusion_3,29,8.728967112417747,2.348466920384253,0.2974064598474051
5,s2_wifi_degraded,9.41844096729231,2.900422758078939,False,False,False,laplacian,29,8.794386093438217,2.365494325989867,0.4587332152664384
6,s2_wifi_degraded,8.964378339140287,2.9597287260816096,False,False,False,static_raw,29,9.085244948733418,2.7289377193421,0.5810472282591305
6,s2_wifi_degraded,8.964378339140287,2.9597287260816096,False,False,False,graph_diffusion_1,29,9.035657295471518,2.7311211332165444,0.4565817873996787
6,s2_wifi_degraded,8.964378339140287,2.9597287260816096,False,False,False,graph_diffusion_3,29,8.945911690273267,2.7232406102803495,0.30821091138368073
6,s2_wifi_degraded,8.964378339140287,2.9597287260816096,False,False,False,laplacian,29,9.019116562175572,2.730391813488014,0.46764381977628827
7,s2_wifi_degraded,8.774353844140126,3.131454780222936,False,False,False,static_raw,38,8.488479228502351,3.443861976584947,0.6253590845419479
7,s2_wifi_degraded,8.774353844140126,3.131454780222936,False,False,False,graph_diffusion_1,38,8.486976694599154,3.4443980978480604,0.4784353500876127
7,s2_wifi_degraded,8.774353844140126,3.131454780222936,False,False,False,graph_diffusion_3,38,8.471287386271582,3.444085855066231,0.3066708896349402
7,s2_wifi_degraded,8.774353844140126,3.131454780222936,False,False,False,laplacian,38,8.466566442846721,3.4448238077826363,0.47003742833656725
8,s2_wifi_degraded,8.418152736801511,3.188810020474088,False,False,False,static_raw,38,7.554507572324533,2.6845926912087865,0.5108296343225874
8,s2_wifi_degraded,8.418152736801511,3.188810020474088,False,False,False,graph_diffusion_1,38,7.572975443932276,2.695950686352769,0.3802902338483203
8,s2_wifi_degraded,8.418152736801511,3.188810020474088,False,False,False,graph_diffusion_3,38,7.591700721355634,2.7154172154598286,0.2322374266711367
8,s2_wifi_degraded,8.418152736801511,3.188810020474088,False,False,False,laplacian,38,7.550206947028398,2.695208376663295,0.37498533611501317
9,s2_wifi_degraded,8.165062128503568,3.3554638975618585,False,False,False,static_raw,38,7.534139272994667,3.34826111245943,0.511605197345509
9,s2_wifi_degraded,8.165062128503568,3.3554638975618585,False,False,False,graph_diffusion_1,38,7.554071414214442,3.3489277228505787,0.3840455527245787
9,s2_wifi_degraded,8.165062128503568,3.3554638975618585,False,False,False,graph_diffusion_3,38,7.574178556387365,3.349326765490474,0.23846204354092998
9,s2_wifi_degraded,8.165062128503568,3.3554638975618585,False,False,False,laplacian,38,7.529691444853961,3.3495111484774065,0.3783445497622569
10,s2_wifi_degraded,8.047852018915972,3.3896047138916883,True,False,False,static_raw,37,8.057828819311174,3.633593368499253,0.3571560494185882
10,s2_wifi_degraded,8.047852018915972,3.3896047138916883,True,False,False,graph_diffusion_1,37,8.05878331573855,3.6330507332544237,0.29112882710232446
10,s2_wifi_degraded,8.047852018915972,3.3896047138916883,True,False,False,graph_diffusion_3,37,8.053147948805664,3.6315169396939093,0.20545462852354957
10,s2_wifi_degraded,8.047852018915972,3.3896047138916883,True,False,False,laplacian,37,8.043785483514602,3.634017935479442,0.28308172730318476
11,s2_wifi_degraded,7.628992597812742,3.5120336380508936,True,False,False,static_raw,37,6.705601749638646,2.76877046536404,0.5154704483225796
11,s2_wifi_degraded,7.628992597812742,3.5120336380508936,True,False,False,graph_diffusion_1,37,6.705396341752185,2.7768115688397463,0.3896103506064737
11,s2_wifi_degraded,7.628992597812742,3.5120336380508936,True,False,False,graph_diffusion_3,37,6.709760139073399,2.7938719190478016,0.24165372868358886
11,s2_wifi_degraded,7.628992597812742,3.5120336380508936,True,False,False,laplacian,37,6.704483667823579,2.7813924003584543,0.3793274027739175
12,s2_wifi_degraded,7.264240580596287,3.551955010215912,True,False,False,static_raw,37,7.06949053642144,4.485315997096552,0.5011816963350574
12,s2_wifi_degraded,7.264240580596287,3.551955010215912,True,False,False,graph_diffusion_1,37,7.0709378405811,4.48637854604405,0.37744960691134655
12,s2_wifi_degraded,7.264240580596287,3.551955010215912,True,False,False,graph_diffusion_3,37,7.077540706863817,4.486786351091816,0.23299261925024223
12,s2_wifi_degraded,7.264240580596287,3.551955010215912,True,False,False,laplacian,37,7.068393094276791,4.485322214997871,0.3680842475903277
13,s2_wifi_degraded,6.807654944686304,3.3798711617406227,True,False,False,static_raw,37,7.000520879616917,2.7034997237267424,0.5072812268634068
13,s2_wifi_degraded,6.807654944686304,3.3798711617406227,True,False,False,graph_diffusion_1,37,6.998539862977408,2.699029024253668,0.3835425546040464
13,s2_wifi_degraded,6.807654944686304,3.3798711617406227,True,False,False,graph_diffusion_3,37,7.0006239731000495,2.6969870423824958,0.2391427141733774
13,s2_wifi_degraded,6.807654944686304,3.3798711617406227,True,False,False,laplacian,37,7.000079863405981,2.710070663925155,0.37505590000261096
14,s2_wifi_degraded,6.644376635151973,3.2678225998295574,True,False,False,static_raw,36,3.5827230861491,4.462364086063764,0.4999999999510001
14,s2_wifi_degraded,6.644376635151973,3.2678225998295574,True,False,False,graph_diffusion_1,36,3.631564464962327,4.4555325062027125,0.37770503700253016
14,s2_wifi_degraded,6.644376635151973,3.2678225998295574,True,False,False,graph_diffusion_3,36,3.7172015039958404,4.444460408988518,0.23284273207535947
14,s2_wifi_degraded,6.644376635151973,3.2678225998295574,True,False,False,laplacian,36,3.6219449120949982,4.462267974066231,0.3647865003599829
15,s2_wifi_degraded,6.164360277507891,3.220123101722137,True,False,False,static_raw,36,3.662520422298626,3.8049204558002803,0.5000000014521385
15,s2_wifi_degraded,6.164360277507891,3.220123101722137,True,False,False,graph_diffusion_1,36,3.7059410385538394,3.8024231688285997,0.37731650229350694
15,s2_wifi_degraded,6.164360277507891,3.220123101722137,True,False,False,graph_diffusion_3,36,3.7824336832241103,3.797994501563135,0.23222532591429468
15,s2_wifi_degraded,6.164360277507891,3.220123101722137,True,False,False,laplacian,36,3.6980536820981156,3.805259733893529,0.36478825867010545
16,s2_wifi_degraded,5.921670782647944,3.170353913208966,True,False,False,static_raw,25,6.258606431911711,2.803015341575788,0.534292249216091
16,s2_wifi_degraded,5.921670782647944,3.170353913208966,True,False,False,graph_diffusion_1,25,6.256065869228981,2.80523593221113,0.4074563146721473
16,s2_wifi_degraded,5.921670782647944,3.170353913208966,True,False,False,graph_diffusion_3,25,6.249585048427392,2.805757313691396,0.25723014278820355
16,s2_wifi_degraded,5.921670782647944,3.170353913208966,True,False,False,laplacian,25,6.253224573512612,2.8076950653284247,0.39667083629652183
17,s2_wifi_degraded,5.679154300480839,2.9818995639648525,True,False,False,static_raw,25,6.786145686005218,2.1980043301594265,0.5000005650307561
17,s2_wifi_degraded,5.679154300480839,2.9818995639648525,True,False,False,graph_diffusion_1,25,6.790448738290421,2.1993940924867488,0.37335017439780577
17,s2_wifi_degraded,5.679154300480839,2.9818995639648525,True,False,False,graph_diffusion_3,25,6.795673376006485,2.1994913428469216,0.2257354804601123
17,s2_wifi_degraded,5.679154300480839,2.9818995639648525,True,False,False,laplacian,25,6.779299138246985,2.2060517942268314,0.36515861742534883
18,s2_wifi_degraded,5.40719635144305,2.708371836226452,True,False,False,static_raw,25,3.0417054865679796,3.00993983491223,0.500000000039447
18,s2_wifi_degraded,5.40719635144305,2.708371836226452,True,False,False,graph_diffusion_1,25,3.0949689728238394,3.005215250069714,0.3785236462686982
18,s2_wifi_degraded,5.40719635144305,2.708371836226452,True,False,False,graph_diffusion_3,25,3.19047175289232,2.992280100569837,0.23366459541684168
18,s2_wifi_degraded,5.40719635144305,2.708371836226452,True,False,False,laplacian,25,3.084787555491074,3.0106642074592007,0.3647895929209414
19,s2_wifi_degraded,5.231798982702207,2.4839699101632213,True,False,False,static_raw,25,5.214137172778624,1.5940841560531063,0.5029527087961653
19,s2_wifi_degraded,5.231798982702207,2.4839699101632213,True,False,False,graph_diffusion_1,25,5.216143214341339,1.6278574919540167,0.3822102629742594
19,s2_wifi_degraded,5.231798982702207,2.4839699101632213,True,False,False,graph_diffusion_3,25,5.219944874873272,1.6865877892887937,0.2403413484387604
19,s2_wifi_degraded,5.231798982702207,2.4839699101632213,True,False,False,laplacian,25,5.214135938330706,1.6329423337695588,0.3702245081117738
20,s2_wifi_degraded,5.28923634607891,2.192766390499288,False,False,False,static_raw,15,4.706486116409845,1.6838619340148817,0.27203399124097843
20,s2_wifi_degraded,5.28923634607891,2.192766390499288,False,False,False,graph_diffusion_1,15,4.710595959314044,1.6888735520527811,0.22321872151787658
20,s2_wifi_degraded,5.28923634607891,2.192766390499288,False,False,False,graph_diffusion_3,15,4.7166898584912325,1.7060040663798919,0.1613996369958282
20,s2_wifi_degraded,5.28923634607891,2.192766390499288,False,False,False,laplacian,15,4.706579860985246,1.7047801642927878,0.21762095300556722
21,s2_wifi_degraded,5.38054459804343,2.090291333531373,False,False,False,static_raw,25,5.238340238099249,2.806327713926484,0.5551038022233832
21,s2_wifi_degraded,5.38054459804343,2.090291333531373,False,False,False,graph_diffusion_1,25,5.238192606694989,2.8062232093825887,0.42679611856028327
21,s2_wifi_degraded,5.38054459804343,2.090291333531373,False,False,False,graph_diffusion_3,25,5.2383141777904205,2.8027491625751906,0.27379460989129156
21,s2_wifi_degraded,5.38054459804343,2.090291333531373,False,False,False,laplacian,25,5.238346900470023,2.8091403631221863,0.41541502110927625
22,s2_wifi_degraded,5.395660287878729,1.904575277898607,False,False,False,static_raw,15,5.948986376188882,1.6529047818391485,0.5525757675390256
22,s2_wifi_degraded,5.395660287878729,1.904575277898607,False,False,False,graph_diffusion_1,15,5.944880713438491,1.6484161000662683,0.4209100476158987
22,s2_wifi_degraded,5.395660287878729,1.904575277898607,False,False,False,graph_diffusion_3,15,5.9398349034724225,1.654427634518643,0.2695541902962245
22,s2_wifi_degraded,5.395660287878729,1.904575277898607,False,False,False,laplacian,15,5.948461757625179,1.6697872845260482,0.41460575762511176
23,s2_wifi_degraded,5.346981386445022,1.7399481748937806,False,False,False,static_raw,15,5.810591504131251,1.9774465461385051,0.5687520475890135
23,s2_wifi_degraded,5.346981386445022,1.7399481748937806,False,False,False,graph_diffusion_1,15,5.807452299799583,1.9662537919750909,0.4316280513631457
23,s2_wifi_degraded,5.346981386445022,1.7399481748937806,False,False,False,graph_diffusion_3,15,5.803244362198042,1.9606997378243476,0.2732480155433871
23,s2_wifi_degraded,5.346981386445022,1.7399481748937806,False,False,False,laplacian,15,5.8096436214145655,1.9888561435782972,0.42472873463250277
24,s2_wifi_degraded,5.356397214861652,1.3990305548570758,False,False,False,static_raw,15,5.671311470718651,1.7056009327240524,0.5976016899646355
24,s2_wifi_degraded,5.356397214861652,1.3990305548570758,False,False,False,graph_diffusion_1,15,5.669612359959689,1.7011077693394656,0.45636147354948364
24,s2_wifi_degraded,5.356397214861652,1.3990305548570758,False,False,False,graph_diffusion_3,15,5.667460420025928,1.7068078543977656,0.29193176701488843
24,s2_wifi_degraded,5.356397214861652,1.3990305548570758,False,False,False,laplacian,15,5.67093218453234,1.7225164198586496,0.44864573791262824
25,s2_wifi_degraded,5.55511192506875,1.1971395250192285,False,False,False,static_raw,15,5.510387479415643,2.4095505330862297,0.5244187311849303
25,s2_wifi_degraded,5.55511192506875,1.1971395250192285,False,False,False,graph_diffusion_1,15,5.510394636528456,2.389729407540093,0.39463086878299736
25,s2_wifi_degraded,5.55511192506875,1.1971395250192285,False,False,False,graph_diffusion_3,15,5.5105426550750085,2.369662845015404,0.2461567779442638
25,s2_wifi_degraded,5.55511192506875,1.1971395250192285,False,False,False,laplacian,15,5.510266964919623,2.414738598771953,0.388526873649719
26,s2_wifi_degraded,5.644488914276651,1.1264421585125568,False,False,False,static_raw,15,4.66107068077714,1.65037335246279,0.5041391943195471
26,s2_wifi_degraded,5.644488914276651,1.1264421585125568,False,False,False,graph_diffusion_1,15,4.6698077525682695,1.6483226996746008,0.3794345548568968
26,s2_wifi_degraded,5.644488914276651,1.1264421585125568,False,False,False,graph_diffusion_3,15,4.681690226891313,1.6580396198930951,0.23816417417693628
26,s2_wifi_degraded,5.644488914276651,1.1264421585125568,False,False,False,laplacian,15,4.661872168376059,1.6692664336671288,0.3739185223575233
27,s2_wifi_degraded,5.99191614365339,0.7779056103368667,False,False,False,static_raw,6,7.26105359780937,1.657689759368287,0.5097985096946229
27,s2_wifi_degraded,5.99191614365339,0.7779056103368667,False,False,False,graph_diffusion_1,6,7.266545431612627,1.704136323877648,0.38837534255828055
27,s2_wifi_degraded,5.99191614365339,0.7779056103368667,False,False,False,graph_diffusion_3,6,7.273846627943171,1.7846824604429927,0.24790236007432984
27,s2_wifi_degraded,5.99191614365339,0.7779056103368667,False,False,False,laplacian,6,7.251900571238487,1.7058350926687669,0.4015463848620377
28,s2_wifi_degraded,6.3719359824611015,0.5133126785859624,False,False,False,static_raw,6,7.498678385970953,2.2789135389242166,0.5063616367060714
28,s2_wifi_degraded,6.3719359824611015,0.5133126785859624,False,False,False,graph_diffusion_1,6,7.490981597084209,2.3250857824519593,0.3853377252243123
28,s2_wifi_degraded,6.3719359824611015,0.5133126785859624,False,False,False,graph_diffusion_3,6,7.473756028916915,2.405765102471228,0.24488609074541576
28,s2_wifi_degraded,6.3719359824611015,0.5133126785859624,False,False,False,laplacian,6,7.477032844997857,2.3256168370672223,0.39720131519793694
29,s2_wifi_degraded,6.642725720701172,0.2610300095402053,False,False,False,static_raw,6,5.730518947336906,0.6706150144087496,0.5146371345316058
29,s2_wifi_degraded,6.642725720701172,0.2610300095402053,False,False,False,graph_diffusion_1,6,5.725757376277616,0.7268250140302136,0.4049262678376289
29,s2_wifi_degraded,6.642725720701172,0.2610300095402053,False,False,False,graph_diffusion_3,6,5.718792874381724,0.8313896759240077,0.27649378039666644
29,s2_wifi_degraded,6.642725720701172,0.2610300095402053,False,False,False,laplacian,6,5.730492379273538,0.7491725232527877,0.413896673632716
30,s2_wifi_degraded,6.746242668239441,0.1917048919949815,False,False,False,static_raw,6,7.377164944882237,1.2661111660990814,0.5164921312782045
30,s2_wifi_degraded,6.746242668239441,0.1917048919949815,False,False,False,graph_diffusion_1,6,7.374736651759426,1.3115770927248958,0.4007832751287293
30,s2_wifi_degraded,6.746242668239441,0.1917048919949815,False,False,False,graph_diffusion_3,6,7.371971684089445,1.3921405683750443,0.2645066167277654
30,s2_wifi_degraded,6.746242668239441,0.1917048919949815,False,False,False,laplacian,6,7.362314924757803,1.3226393260431573,0.41139327896609523
31,s2_wifi_degraded,6.356442515941112,0.4369455288091974,False,False,False,static_raw,6,6.952838414040317,1.432315035050509,0.6070245796500708
31,s2_wifi_degraded,6.356442515941112,0.4369455288091974,False,False,False,graph_diffusion_1,6,6.946814630350217,1.4810660086230008,0.4697492890971136
31,s2_wifi_degraded,6.356442515941112,0.4369455288091974,False,False,False,graph_diffusion_3,6,6.935190873484766,1.5694424370656739,0.3079416353287236
31,s2_wifi_degraded,6.356442515941112,0.4369455288091974,False,False,False,laplacian,6,6.940618403788561,1.4929024551052037,0.4813998470924152
32,s2_wifi_degraded,6.090439232524188,0.6864641265250186,False,False,False,static_raw,6,6.572316075196715,0.8001487360072856,0.7022759868700084
32,s2_wifi_degraded,6.090439232524188,0.6864641265250186,False,False,False,graph_diffusion_1,6,6.57331591499881,0.8525264069836395,0.5495654666018108
32,s2_wifi_degraded,6.090439232524188,0.6864641265250186,False,False,False,graph_diffusion_3,6,6.57715250511784,0.9498248171722166,0.36726249296207064
32,s2_wifi_degraded,6.090439232524188,0.6864641265250186,False,False,False,laplacian,6,6.572008730386284,0.8716755161848146,0.5617750952283955
33,s2_wifi_degraded,5.949226125977861,0.8518939098654703,False,False,False,static_raw,6,6.784397430219827,1.8717351795106256,0.5055391459825828
33,s2_wifi_degraded,5.949226125977861,0.8518939098654703,False,False,False,graph_diffusion_1,6,6.789156730982118,1.919367195113021,0.3848127581616488
33,s2_wifi_degraded,5.949226125977861,0.8518939098654703,False,False,False,graph_diffusion_3,6,6.797441064260481,2.0027376422729968,0.2454979217268918
33,s2_wifi_degraded,5.949226125977861,0.8518939098654703,False,False,False,laplacian,6,6.782809729360057,1.9185165692871584,0.3979050745419709
34,s2_wifi_degraded,5.8095047430555145,1.1091466717902831,False,False,False,static_raw,15,6.516906786496857,2.2155087760860632,0.5068304921113812
34,s2_wifi_degraded,5.8095047430555145,1.1091466717902831,False,False,False,graph_diffusion_1,15,6.504063141716779,2.2003621315668567,0.3795109337609397
34,s2_wifi_degraded,5.8095047430555145,1.1091466717902831,False,False,False,graph_diffusion_3,15,6.484491121380735,2.18776209828973,0.2348352780624709
34,s2_wifi_degraded,5.8095047430555145,1.1091466717902831,False,False,False,laplacian,15,6.509812814725809,2.2233667286527017,0.3740139430870243
35,s2_wifi_degraded,5.579978519259318,1.272432489793561,True,False,False,static_raw,15,5.096016822886217,1.021702453458879,0.5041199798061731
35,s2_wifi_degraded,5.579978519259318,1.272432489793561,True,False,False,graph_diffusion_1,15,5.104135221046984,1.0512924693030747,0.3856167273567673
35,s2_wifi_degraded,5.579978519259318,1.272432489793561,True,False,False,graph_diffusion_3,15,5.116323989539293,1.1120430399858225,0.2525712529545677
35,s2_wifi_degraded,5.579978519259318,1.272432489793561,True,False,False,laplacian,15,5.096055194017651,1.069720093925251,0.3781246507307961
36,s2_wifi_degraded,5.338528190625762,1.3036592905789073,True,False,False,static_raw,15,4.7635577059230965,2.329842313086089,0.5034515282353116
36,s2_wifi_degraded,5.338528190625762,1.3036592905789073,True,False,False,graph_diffusion_1,15,4.770471218235998,2.31035360538992,0.3758886887871363
36,s2_wifi_degraded,5.338528190625762,1.3036592905789073,True,False,False,graph_diffusion_3,15,4.7791594808927425,2.290660944420773,0.23135607410334888
36,s2_wifi_degraded,5.338528190625762,1.3036592905789073,True,False,False,laplacian,15,4.763664486706588,2.334802751699936,0.3705304790927979
37,s2_wifi_degraded,4.912072310282084,1.4157812756540196,True,False,False,static_raw,4,4.879451615213426,0.5162977695862977,0.6463880399547317
37,s2_wifi_degraded,4.912072310282084,1.4157812756540196,True,False,False,graph_diffusion_1,4,4.879713072937429,0.5793953053167018,0.5206480486873838
37,s2_wifi_degraded,4.912072310282084,1.4157812756540196,True,False,False,graph_diffusion_3,4,4.880178126318434,0.6966624646209884,0.364026013854599
37,s2_wifi_degraded,4.912072310282084,1.4157812756540196,True,False,False,laplacian,4,4.879451065475024,0.6065563172767281,0.5250644036894049
38,s2_wifi_degraded,4.826303961432351,1.586236364932186,True,False,False,static_raw,14,2.511381274514656,4.078083662668307,0.5000000263882856
38,s2_wifi_degraded,4.826303961432351,1.586236364932186,True,False,False,graph_diffusion_1,14,2.5838821899854114,4.010641160007047,0.3749260967297495
38,s2_wifi_degraded,4.826303961432351,1.586236364932186,True,False,False,graph_diffusion_3,14,2.700194959488771,3.9188228993019387,0.23016556928410664
38,s2_wifi_degraded,4.826303961432351,1.586236364932186,True,False,False,laplacian,14,2.5562747249736537,4.078492259639676,0.36493485944026416
39,s2_wifi_degraded,4.8018178978276085,1.8759997678234683,True,False,False,static_raw,14,3.0902821408619547,2.590565362529248,0.500558749717046
39,s2_wifi_degraded,4.8018178978276085,1.8759997678234683,True,False,False,graph_diffusion_1,14,3.123179165631908,2.5671430104301356,0.3744618851384061
39,s2_wifi_degraded,4.8018178978276085,1.8759997678234683,True,False,False,graph_diffusion_3,14,3.1762246212389895,2.5413321660055836,0.2303322349295088
39,s2_wifi_degraded,4.8018178978276085,1.8759997678234683,True,False,False,laplacian,14,3.1106120573406897,2.5969946079662596,0.3675819102134051
40,s2_wifi_degraded,4.769561461430565,2.1910721381589235,True,False,False,static_raw,24,5.583560346192376,2.3497678398723987,0.4673191523015892
40,s2_wifi_degraded,4.769561461430565,2.1910721381589235,True,False,False,graph_diffusion_1,24,5.58538507947025,2.3476706719360525,0.3531894812661907
40,s2_wifi_degraded,4.769561461430565,2.1910721381589235,True,False,False,graph_diffusion_3,24,5.588356618560179,2.3443100364197624,0.21967682330968336
40,s2_wifi_degraded,4.769561461430565,2.1910721381589235,True,False,False,laplacian,24,5.583186921729807,2.355343309320435,0.3450673761492432
41,s2_wifi_degraded,4.525918490013359,2.572296491893161,True,False,False,static_raw,24,3.955848575470876,3.837221249132714,0.501954623184403
41,s2_wifi_degraded,4.525918490013359,2.572296491893161,True,False,False,graph_diffusion_1,24,3.9549851148964734,3.8390931885095227,0.3773195955862916
41,s2_wifi_degraded,4.525918490013359,2.572296491893161,True,False,False,graph_diffusion_3,24,3.955473285252379,3.8367070594238606,0.23133822326336323
41,s2_wifi_degraded,4.525918490013359,2.572296491893161,True,False,False,laplacian,24,3.9591606732534017,3.8375029678198422,0.36767591049915316
42,s2_wifi_degraded,4.603145206950584,2.691606464543516,True,False,False,static_raw,24,6.95133227033282,4.6067518984757525,0.500000001101477
42,s2_wifi_degraded,4.603145206950584,2.691606464543516,True,False,False,graph_diffusion_1,24,6.901580479490021,4.588325601156029,0.3780355863478502
42,s2_wifi_degraded,4.603145206950584,2.691606464543516,True,False,False,graph_diffusion_3,24,6.811043488586991,4.5512111551112335,0.2329313508408325
42,s2_wifi_degraded,4.603145206950584,2.691606464543516,True,False,False,laplacian,24,6.909360438469074,4.604501874281849,0.3647873638010622
43,s2_wifi_degraded,4.636858519470941,2.83301729155527,True,False,False,static_raw,24,2.522700019921726,4.04129887935764,0.5000000007491536
43,s2_wifi_degraded,4.636858519470941,2.83301729155527,True,False,False,graph_diffusion_1,24,2.571988752262292,4.026884079627185,0.3785384319372325
43,s2_wifi_degraded,4.636858519470941,2.83301729155527,True,False,False,graph_diffusion_3,24,2.6610853958004324,3.99775997867198,0.23375185528098782
43,s2_wifi_degraded,4.636858519470941,2.83301729155527,True,False,False,laplacian,24,2.5666411622051664,4.041288266152019,0.36478792583384884
44,s2_wifi_degraded,4.734121569139968,3.1877348970907184,True,False,False,static_raw,34,3.9955594812625166,2.4728049148079636,0.5005563668214821
44,s2_wifi_degraded,4.734121569139968,3.1877348970907184,True,False,False,graph_diffusion_1,34,3.9946885587622174,2.479586242100635,0.37569454640988753
44,s2_wifi_degraded,4.734121569139968,3.1877348970907184,True,False,False,graph_diffusion_3,34,3.992162176307673,2.495719346131004,0.23084460686311187
44,s2_wifi_degraded,4.734121569139968,3.1877348970907184,True,False,False,laplacian,34,3.9957065334820214,2.4888589866150883,0.3667356965918251
45,s2_wifi_degraded,4.820450082367587,3.2794971977323337,True,False,False,static_raw,34,6.995393177927922,5.279644043188781,0.5000000008187206
45,s2_wifi_degraded,4.820450082367587,3.2794971977323337,True,False,False,graph_diffusion_1,34,6.93249636234119,5.248252066174867,0.3795129734650296
45,s2_wifi_degraded,4.820450082367587,3.2794971977323337,True,False,False,graph_diffusion_3,34,6.827187953106211,5.200460498077485,0.23550219115147084
45,s2_wifi_degraded,4.820450082367587,3.2794971977323337,True,False,False,laplacian,34,6.949953946204664,5.2729391381390105,0.3647864737351917
46,s2_wifi_degraded,5.062857013263392,3.3252726841438496,True,False,False,static_raw,35,4.950210570718175,4.542524635944633,0.5012989807053557
46,s2_wifi_degraded,5.062857013263392,3.3252726841438496,True,False,False,graph_diffusion_1,35,4.950112936064468,4.542562927152452,0.3772443528165097
46,s2_wifi_degraded,5.062857013263392,3.3252726841438496,True,False,False,graph_diffusion_3,35,4.949615039739503,4.542705293941235,0.23266074508386436
46,s2_wifi_degraded,5.062857013263392,3.3252726841438496,True,False,False,laplacian,35,4.950239421897875,4.542539898352646,0.36755262806391903
47,s2_wifi_degraded,5.223527674927983,3.3636079119505795,True,False,False,static_raw,35,4.950913654068499,3.2366971328735876,0.5396894825723384
47,s2_wifi_degraded,5.223527674927983,3.3636079119505795,True,False,False,graph_diffusion_1,35,4.95072315983791,3.237942207835811,0.41272524113880676
47,s2_wifi_degraded,5.223527674927983,3.3636079119505795,True,False,False,graph_diffusion_3,35,4.950367150305643,3.2405312529211905,0.26272479965571555
47,s2_wifi_degraded,5.223527674927983,3.3636079119505795,True,False,False,laplacian,35,4.951522498874325,3.240836412614293,0.4018929887357054
48,s2_wifi_degraded,5.715643126853525,3.4347811219492,True,False,False,static_raw,35,6.0543321834709545,2.133695863523341,0.5000035526891423
48,s2_wifi_degraded,5.715643126853525,3.4347811219492,True,False,False,graph_diffusion_1,35,6.0505349281372816,2.1698266329874287,0.3775920486313766
48,s2_wifi_degraded,5.715643126853525,3.4347811219492,True,False,False,graph_diffusion_3,35,6.045993048918449,2.2332374567394666,0.23276146615887117
48,s2_wifi_degraded,5.715643126853525,3.4347811219492,True,False,False,laplacian,35,6.053647832590437,2.170859303497324,0.3649709655630458
49,s2_wifi_degraded,6.036475943181564,3.33849425496013,True,False,False,static_raw,36,3.8028336056813727,4.098576794994813,0.5000083155742154
49,s2_wifi_degraded,6.036475943181564,3.33849425496013,True,False,False,graph_diffusion_1,36,3.8428838430034844,4.093927862194939,0.3771528048141555
49,s2_wifi_degraded,6.036475943181564,3.33849425496013,True,False,False,graph_diffusion_3,36,3.9132974276461083,4.086349506496663,0.232000276432655
49,s2_wifi_degraded,6.036475943181564,3.33849425496013,True,False,False,laplacian,36,3.835076179329286,4.099675144354688,0.36483988077117285
50,s2_wifi_degraded,6.26597077792921,3.2310160910129526,False,False,False,static_raw,36,6.571398237389946,3.269141138497355,0.590943378762993
50,s2_wifi_degraded,6.26597077792921,3.2310160910129526,False,False,False,graph_diffusion_1,36,6.571968139340065,3.268760444210419,0.4551831256736605
50,s2_wifi_degraded,6.26597077792921,3.2310160910129526,False,False,False,graph_diffusion_3,36,6.5730822847569,3.268228204810184,0.2925058435760314
50,s2_wifi_degraded,6.26597077792921,3.2310160910129526,False,False,False,laplacian,36,6.5702266800957085,3.2714656669442927,0.4427650626552429
51,s2_wifi_degraded,6.557154939381723,3.0499936079927075,False,False,False,static_raw,26,7.5462839655702965,3.3006045239229134,0.5032238704536056
51,s2_wifi_degraded,6.557154939381723,3.0499936079927075,False,False,False,graph_diffusion_1,26,7.5359227527447175,3.3009178697918435,0.3781943751170361
51,s2_wifi_degraded,6.557154939381723,3.0499936079927075,False,False,False,graph_diffusion_3,26,7.512210630205333,3.296082744965101,0.23204501709989991
51,s2_wifi_degraded,6.557154939381723,3.0499936079927075,False,False,False,laplacian,26,7.528123918423704,3.300972267445012,0.3685044076172166
52,s2_wifi_degraded,6.7452470995562726,2.868494108966797,False,False,False,static_raw,26,6.731271278214353,2.498519176190429,0.5990410885193524
52,s2_wifi_degraded,6.7452470995562726,2.868494108966797,False,False,False,graph_diffusion_1,26,6.7314636019731156,2.500847461391289,0.45959395672663345
52,s2_wifi_degraded,6.7452470995562726,2.868494108966797,False,False,False,graph_diffusion_3,26,6.7314797960467825,2.502836900853993,0.2929817151675322
52,s2_wifi_degraded,6.7452470995562726,2.868494108966797,False,False,False,laplacian,26,6.729005405121396,2.5047494693756365,0.44743678503756007
53,s2_wifi_degraded,6.89633119872926,2.646701910339533,False,False,False,static_raw,26,6.698792884004319,2.69277441713037,0.6073821360599492
53,s2_wifi_degraded,6.89633119872926,2.646701910339533,False,False,False,graph_diffusion_1,26,6.699841151420418,2.692716044960093,0.46590373004935776
53,s2_wifi_degraded,6.89633119872926,2.646701910339533,False,False,False,graph_diffusion_3,26,6.701577936860172,2.6894690206007392,0.29701994381188307
53,s2_wifi_degraded,6.89633119872926,2.646701910339533,False,False,False,laplacian,26,6.697500451945807,2.695446110646203,0.4536873545174144
54,s2_wifi_degraded,7.093839490462012,2.230395250989873,False,False,False,static_raw,27,7.397755252116278,2.3447338933580903,0.6261379950525313
54,s2_wifi_degraded,7.093839490462012,2.230395250989873,False,False,False,graph_diffusion_1,27,7.397401321559904,2.3476232366917538,0.4775779291612365
54,s2_wifi_degraded,7.093839490462012,2.230395250989873,False,False,False,graph_diffusion_3,27,7.400969576371865,2.350953964652167,0.30126009618751076
54,s2_wifi_degraded,7.093839490462012,2.230395250989873,False,False,False,laplacian,27,7.394749646048171,2.3524012905268687,0.4656494437156715
55,s2_wifi_degraded,7.327799421114381,2.083866639869165,False,False,False,static_raw,27,6.814301187982272,1.955762887516843,0.5096399218128357
55,s2_wifi_degraded,7.327799421114381,2.083866639869165,False,False,False,graph_diffusion_1,27,6.8148050587389655,1.9689792253894258,0.38666861294819294
55,s2_wifi_degraded,7.327799421114381,2.083866639869165,False,False,False,graph_diffusion_3,27,6.82178490023101,1.9935915383847982,0.24201688489379342
55,s2_wifi_degraded,7.327799421114381,2.083866639869165,False,False,False,laplacian,27,6.813765092191818,1.9757058509683447,0.37660017509009314
56,s2_wifi_degraded,7.4404788553418495,2.0885416935474934,False,False,False,static_raw,17,7.343042474586516,1.866686188443263,0.43426938320574515
56,s2_wifi_degraded,7.4404788553418495,2.0885416935474934,False,False,False,graph_diffusion_1,17,7.34413775666049,1.8599615677158927,0.3439424303243604
56,s2_wifi_degraded,7.4404788553418495,2.0885416935474934,False,False,False,graph_diffusion_3,17,7.350500003960295,1.8586021485029303,0.23347434703552217
56,s2_wifi_degraded,7.4404788553418495,2.0885416935474934,False,False,False,laplacian,17,7.340782893522594,1.878742316782422,0.336898693734684
57,s2_wifi_degraded,7.579211275373233,2.0714456103345764,False,False,False,static_raw,27,7.422846237790211,2.3697132941420724,0.5843282597154624
57,s2_wifi_degraded,7.579211275373233,2.0714456103345764,False,False,False,graph_diffusion_1,27,7.4227998291770865,2.3694751702149106,0.4494738539487782
57,s2_wifi_degraded,7.579211275373233,2.0714456103345764,False,False,False,graph_diffusion_3,27,7.426544559279169,2.3684525951099253,0.28783520219600484
57,s2_wifi_degraded,7.579211275373233,2.0714456103345764,False,False,False,laplacian,27,7.4197928179350106,2.3759191186399313,0.43833789571461146
58,s2_wifi_degraded,7.844337613028887,1.6670430401807117,False,False,False,static_raw,17,8.021927427191645,1.7402501306313236,0.4939370683623336
58,s2_wifi_degraded,7.844337613028887,1.6670430401807117,False,False,False,graph_diffusion_1,17,8.01690396936261,1.7310817666217082,0.37850884523383616
58,s2_wifi_degraded,7.844337613028887,1.6670430401807117,False,False,False,graph_diffusion_3,17,8.00973355452978,1.7244766511748248,0.24397303197570577
58,s2_wifi_degraded,7.844337613028887,1.6670430401807117,False,False,False,laplacian,17,8.00872594054275,1.7518931632561896,0.37400850476266645
59,s2_wifi_degraded,7.979950544975631,1.4630004361001532,False,False,False,static_raw,17,8.14248065575446,1.3881324594718012,0.5155818508834324
59,s2_wifi_degraded,7.979950544975631,1.4630004361001532,False,False,False,graph_diffusion_1,17,8.133755970460001,1.3839346405837796,0.39188800760777154
59,s2_wifi_degraded,7.979950544975631,1.4630004361001532,False,False,False,graph_diffusion_3,17,8.112160534316029,1.3959752633993356,0.250828218669334
59,s2_wifi_degraded,7.979950544975631,1.4630004361001532,False,False,False,laplacian,17,8.124538682116372,1.4080380616252033,0.3886747862373056
60,s2_wifi_degraded,8.127206923732981,1.3162437323059886,True,False,False,static_raw,18,8.483892251807285,1.2633301810546493,0.7385392614228162
60,s2_wifi_degraded,8.127206923732981,1.3162437323059886,True,False,False,graph_diffusion_1,18,8.50755253595521,1.266082116396444,0.5502040058879666
60,s2_wifi_degraded,8.127206923732981,1.3162437323059886,True,False,False,graph_diffusion_3,18,8.52385024313253,1.2878264146643328,0.3399421659153649
60,s2_wifi_degraded,8.127206923732981,1.3162437323059886,True,False,False,laplacian,18,8.475767896907195,1.290880688870043,0.5539536968341653
61,s2_wifi_degraded,8.189098931075993,1.1020139318013231,True,False,False,static_raw,18,8.558610451866816,1.4340598856093791,0.8657873295172507
61,s2_wifi_degraded,8.189098931075993,1.1020139318013231,True,False,False,graph_diffusion_1,18,8.572614750751503,1.420970590952577,0.6331023000176521
61,s2_wifi_degraded,8.189098931075993,1.1020139318013231,True,False,False,graph_diffusion_3,18,8.57984118531608,1.415052009557789,0.37777843827655594
61,s2_wifi_degraded,8.189098931075993,1.1020139318013231,True,False,False,laplacian,18,8.545628202688059,1.4476941576069398,0.6393399950777313
62,s2_wifi_degraded,8.244559866287215,0.9834290739202508,True,False,False,static_raw,18,8.921991694963816,1.1398910433862461,0.5104883206228301
62,s2_wifi_degraded,8.244559866287215,0.9834290739202508,True,False,False,graph_diffusion_1,18,8.87873759960058,1.1771564366523943,0.3944899068069785
62,s2_wifi_degraded,8.244559866287215,0.9834290739202508,True,False,False,graph_diffusion_3,18,8.806583415225894,1.2397130468104414,0.2622745387536937
62,s2_wifi_degraded,8.244559866287215,0.9834290739202508,True,False,False,laplacian,18,8.878363714394117,1.1777992264203194,0.38620207302179893
63,s2_wifi_degraded,8.469449233099015,0.5380851752887181,True,False,False,static_raw,8,8.711533815871167,1.4819639386345842,0.5000641520310551
63,s2_wifi_degraded,8.469449233099015,0.5380851752887181,True,False,False,graph_diffusion_1,8,8.711963634457764,1.5013624573610986,0.3725736906517619
63,s2_wifi_degraded,8.469449233099015,0.5380851752887181,True,False,False,graph_diffusion_3,8,8.68378071705437,1.5566885925485436,0.2383602927645596
63,s2_wifi_degraded,8.469449233099015,0.5380851752887181,True,False,False,laplacian,8,8.682063443117165,1.5292435510027218,0.3936908109772884
64,s2_wifi_degraded,8.61129496830597,0.2850740111733432,True,False,False,static_raw,8,8.542290661939727,0.8298111248398946,0.6557273681854828
64,s2_wifi_degraded,8.61129496830597,0.2850740111733432,True,False,False,graph_diffusion_1,8,8.57048973568257,0.868235817925967,0.5051127023729152
64,s2_wifi_degraded,8.61129496830597,0.2850740111733432,True,False,False,graph_diffusion_3,8,8.576021566115182,0.9537724225915608,0.3403258660153492
64,s2_wifi_degraded,8.61129496830597,0.2850740111733432,True,False,False,laplacian,8,8.530996074095665,0.8937470795958522,0.5322690359263282
65,s2_wifi_degraded,8.649656672908945,0.1829723899998202,True,False,False,static_raw,9,9.418528498731506,0.5544795704682117,0.8712608948234082
65,s2_wifi_degraded,8.649656672908945,0.1829723899998202,True,False,False,graph_diffusion_1,9,9.332686727744264,0.6407029796408525,0.7188122488104117
65,s2_wifi_degraded,8.649656672908945,0.1829723899998202,True,False,False,graph_diffusion_3,9,9.18395186416929,0.7908764947002245,0.5165241452268817
65,s2_wifi_degraded,8.649656672908945,0.1829723899998202,True,False,False,laplacian,9,9.333735337754002,0.6415257170865258,0.7437476985412534
66,s2_wifi_degraded,8.433510539178341,0.5984305923139432,True,False,False,static_raw,8,8.797333720117077,1.3732783899790075,0.5049181606762896
66,s2_wifi_degraded,8.433510539178341,0.5984305923139432,True,False,False,graph_diffusion_1,8,8.789655206325317,1.3934593457755138,0.3804346474210446
66,s2_wifi_degraded,8.433510539178341,0.5984305923139432,True,False,False,graph_diffusion_3,8,8.75021941432739,1.4498919107485686,0.24730908269669874
66,s2_wifi_degraded,8.433510539178341,0.5984305923139432,True,False,False,laplacian,8,8.760909828774206,1.4237413700814812,0.3993997476333951
67,s2_wifi_degraded,8.390725265666473,0.8870681197350446,True,False,False,static_raw,8,8.070148475746688,0.5368333577400863,0.5126341305656267
67,s2_wifi_degraded,8.390725265666473,0.8870681197350446,True,False,False,graph_diffusion_1,8,8.096407317018606,0.597718626820368,0.4225017064964165
67,s2_wifi_degraded,8.390725265666473,0.8870681197350446,True,False,False,graph_diffusion_3,8,8.109553565006951,0.7155129707815687,0.3118262975081428
67,s2_wifi_degraded,8.390725265666473,0.8870681197350446,True,False,False,laplacian,8,8.063278637041025,0.6259631497363495,0.42995522819351895
68,s2_wifi_degraded,8.28586833451047,1.075450447649671,True,False,False,static_raw,18,8.53762867749373,1.3490736832102224,0.822590445499791
68,s2_wifi_degraded,8.28586833451047,1.075450447649671,True,False,False,graph_diffusion_1,18,8.555583143787537,1.3442478721659594,0.6050622124330629
68,s2_wifi_degraded,8.28586833451047,1.075450447649671,True,False,False,graph_diffusion_3,18,8.566505775033821,1.3521741779974186,0.3652087055215667
68,s2_wifi_degraded,8.28586833451047,1.075450447649671,True,False,False,laplacian,18,8.526783109480126,1.3694272136965946,0.6103081901614582
69,s2_wifi_degraded,8.00771188370768,1.2586421068158191,True,False,False,static_raw,18,8.557409387057582,1.2176766466787936,0.6909629056735009
69,s2_wifi_degraded,8.00771188370768,1.2586421068158191,True,False,False,graph_diffusion_1,18,8.57369263075271,1.2265323587998014,0.5189939353294718
69,s2_wifi_degraded,8.00771188370768,1.2586421068158191,True,False,False,graph_diffusion_3,18,8.578729675964428,1.2575374644145023,0.32557796538405614
69,s2_wifi_degraded,8.00771188370768,1.2586421068158191,True,False,False,laplacian,18,8.544902118022318,1.2490570883966834,0.5208353727508676
70,s2_wifi_degraded,7.876253087162693,1.4325757096206515,True,False,False,static_raw,7,7.610962123676938,1.0449523802941725,0.33563682087859237
70,s2_wifi_degraded,7.876253087162693,1.4325757096206515,True,False,False,graph_diffusion_1,7,7.627954208709343,1.0745600033892555,0.2831035571843089
70,s2_wifi_degraded,7.876253087162693,1.4325757096206515,True,False,False,graph_diffusion_3,7,7.659461154142635,1.1318297749670385,0.21608777130551704
70,s2_wifi_degraded,7.876253087162693,1.4325757096206515,True,False,False,laplacian,7,7.608645203965634,1.090865824652162,0.2885122949739402
71,s2_wifi_degraded,7.764584357169141,1.783515740895847,True,False,False,static_raw,17,7.964035287019783,1.3008944995540284,0.5493165116244719
71,s2_wifi_degraded,7.764584357169141,1.783515740895847,True,False,False,graph_diffusion_1,17,7.970214566267525,1.301314040175784,0.41820193971045594
71,s2_wifi_degraded,7.764584357169141,1.783515740895847,True,False,False,graph_diffusion_3,17,7.971219845366897,1.3210227116686204,0.26843172266285914
71,s2_wifi_degraded,7.764584357169141,1.783515740895847,True,False,False,laplacian,17,7.956018474559823,1.326061068355469,0.4154843632870187
72,s2_wifi_degraded,7.724461665749093,1.919199890822522,True,False,False,static_raw,17,7.39532434216799,1.054744916186257,0.5084946634507969
72,s2_wifi_degraded,7.724461665749093,1.919199890822522,True,False,False,graph_diffusion_1,17,7.396934220956847,1.083101124620049,0.4034999233412461
72,s2_wifi_degraded,7.724461665749093,1.919199890822522,True,False,False,graph_diffusion_3,17,7.409091463078296,1.1405489079832554,0.2737541892834107
72,s2_wifi_degraded,7.724461665749093,1.919199890822522,True,False,False,laplacian,17,7.393865566958366,1.101425550818942,0.3927881975080956
73,s2_wifi_degraded,7.434410446855592,2.196460502510213,False,False,False,static_raw,27,7.140979021858622,2.445270782609098,0.2729051179433275
73,s2_wifi_degraded,7.434410446855592,2.196460502510213,False,False,False,graph_diffusion_1,27,7.143050233656501,2.4349665463437913,0.23113070128746882
73,s2_wifi_degraded,7.434410446855592,2.196460502510213,False,False,False,graph_diffusion_3,27,7.150439813890971,2.4224412462098805,0.17259294267966557
73,s2_wifi_degraded,7.434410446855592,2.196460502510213,False,False,False,laplacian,27,7.139733842096837,2.449566047243465,0.22450546855223324
74,s2_wifi_degraded,7.329501734941545,2.341512908882469,False,False,False,static_raw,27,7.4634430789639605,2.3870240170629997,0.6268630638436585
74,s2_wifi_degraded,7.329501734941545,2.341512908882469,False,False,False,graph_diffusion_1,27,7.462602536406318,2.3900144002726558,0.47799619873419763
74,s2_wifi_degraded,7.329501734941545,2.341512908882469,False,False,False,graph_diffusion_3,27,7.464766173949924,2.392916138092674,0.3013360413001616
74,s2_wifi_degraded,7.329501734941545,2.341512908882469,False,False,False,laplacian,27,7.459339880918028,2.3942111274849975,0.46600754591377413
75,s2_wifi_degraded,7.071931175766185,2.639246667376174,False,False,False,static_raw,27,7.140965548227971,1.7099596015407859,0.518188192910407
75,s2_wifi_degraded,7.071931175766185,2.639246667376174,False,False,False,graph_diffusion_1,27,7.142703618718487,1.734963791558653,0.3935398563466011
75,s2_wifi_degraded,7.071931175766185,2.639246667376174,False,False,False,graph_diffusion_3,27,7.152524461122289,1.779412865540683,0.24674205509874317
75,s2_wifi_degraded,7.071931175766185,2.639246667376174,False,False,False,laplacian,27,7.140341982099089,1.7411142191519446,0.38232796269770347
76,s2_wifi_degraded,6.978026390337671,2.8586906033898587,False,False,False,static_raw,26,6.8840997798232015,2.9764543331167346,0.5595276244051962
76,s2_wifi_degraded,6.978026390337671,2.8586906033898587,False,False,False,graph_diffusion_1,26,6.88646214391995,2.977138444826157,0.4271421913808873
76,s2_wifi_degraded,6.978026390337671,2.8586906033898587,False,False,False,graph_diffusion_3,26,6.889417732302439,2.973829899086224,0.27067438463153864
76,s2_wifi_degraded,6.978026390337671,2.8586906033898587,False,False,False,laplacian,26,6.881917011832341,2.977300789833379,0.4164688671260447
77,s2_wifi_degraded,7.056281076272732,3.07562739707137,False,False,False,static_raw,37,6.762081736419832,2.9797208798361816,0.5220758446798303
77,s2_wifi_degraded,7.056281076272732,3.07562739707137,False,False,False,graph_diffusion_1,37,6.761381938501038,2.9826641757470953,0.39590178532339165
77,s2_wifi_degraded,7.056281076272732,3.07562739707137,False,False,False,graph_diffusion_3,37,6.764750797776521,2.9899706435878617,0.24737164331940215
77,s2_wifi_degraded,7.056281076272732,3.07562739707137,False,False,False,laplacian,37,6.761032437472694,2.9870530658525856,0.3857402617753422
78,s2_wifi_degraded,6.986478911581751,3.499417790512807,False,False,False,static_raw,37,7.725607258228332,4.076583556535717,0.5274795562127709
78,s2_wifi_degraded,6.986478911581751,3.499417790512807,False,False,False,graph_diffusion_1,37,7.721445700422678,4.077242827393198,0.40291559329662036
78,s2_wifi_degraded,6.986478911581751,3.499417790512807,False,False,False,graph_diffusion_3,37,7.71437289777155,4.076893043898959,0.2559068179795944
78,s2_wifi_degraded,6.986478911581751,3.499417790512807,False,False,False,laplacian,37,7.714995319627079,4.076651860890059,0.3927418805535753
79,s2_wifi_degraded,7.059635179641974,3.643912026483358,False,False,False,static_raw,36,6.751506880790257,3.5536391415428077,0.5865898576588101
79,s2_wifi_degraded,7.059635179641974,3.643912026483358,False,False,False,graph_diffusion_1,36,6.751054902539479,3.5540028210237073,0.44978662660438395
79,s2_wifi_degraded,7.059635179641974,3.643912026483358,False,False,False,graph_diffusion_3,36,6.749430699374703,3.554303009864056,0.2869366610205024
79,s2_wifi_degraded,7.059635179641974,3.643912026483358,False,False,False,laplacian,36,6.747700441972514,3.554932663447589,0.4376931194257945
80,s2_wifi_degraded,7.111230980212548,3.866216527347812,False,False,False,static_raw,36,6.535665843604454,3.824078325768233,0.5671829472851578
80,s2_wifi_degraded,7.111230980212548,3.866216527347812,False,False,False,graph_diffusion_1,36,6.536563284582855,3.8245471671652633,0.4354877049949945
80,s2_wifi_degraded,7.111230980212548,3.866216527347812,False,False,False,graph_diffusion_3,36,6.537785590533545,3.8249787821726415,0.2790429661266279
80,s2_wifi_degraded,7.111230980212548,3.866216527347812,False,False,False,laplacian,36,6.533898437457351,3.8243490569037295,0.42387767521096675
81,s2_wifi_degraded,7.093666462300226,4.151666727840037,False,False,False,static_raw,47,7.264524687884901,4.5418368936340725,0.5528858975713893
81,s2_wifi_degraded,7.093666462300226,4.151666727840037,False,False,False,graph_diffusion_1,47,7.261764160159626,4.541837586944346,0.42278812386792647
81,s2_wifi_degraded,7.093666462300226,4.151666727840037,False,False,False,graph_diffusion_3,47,7.259251952859497,4.541556521682712,0.26844059397964226
81,s2_wifi_degraded,7.093666462300226,4.151666727840037,False,False,False,laplacian,47,7.257997330283997,4.542016265219485,0.4115823655189394
82,s2_wifi_degraded,7.179940304559092,4.40982120831966,False,False,False,static_raw,47,7.666046816310135,4.643087712255481,0.5841441139633248
82,s2_wifi_degraded,7.179940304559092,4.40982120831966,False,False,False,graph_diffusion_1,47,7.663405494956749,4.643434109784979,0.44869306180916935
82,s2_wifi_degraded,7.179940304559092,4.40982120831966,False,False,False,graph_diffusion_3,47,7.65921017690782,4.6435380552231384,0.2871014005777992
82,s2_wifi_degraded,7.179940304559092,4.40982120831966,False,False,False,laplacian,47,7.656989357298082,4.643109625243026,0.43686097372510485
83,s2_wifi_degraded,7.389306456175779,4.728806808316636,False,False,False,static_raw,46,6.980527551606965,4.055866165667041,0.4716901325056604
83,s2_wifi_degraded,7.389306456175779,4.728806808316636,False,False,False,graph_diffusion_1,46,6.975682040444429,4.056279576267824,0.36357285553366997
83,s2_wifi_degraded,7.389306456175779,4.728806808316636,False,False,False,graph_diffusion_3,46,6.9663239815130344,4.056975223928804,0.23463618474832526
83,s2_wifi_degraded,7.389306456175779,4.728806808316636,False,False,False,laplacian,46,6.972298001086504,4.058042398621761,0.3536909125468203
84,s2_wifi_degraded,7.471099094223947,5.062300262899215,False,False,False,static_raw,59,7.914215374569577,4.708848921425949,0.499561126751338
84,s2_wifi_degraded,7.471099094223947,5.062300262899215,False,False,False,graph_diffusion_1,59,7.866161570948142,4.700007850958731,0.37897509392864215
84,s2_wifi_degraded,7.471099094223947,5.062300262899215,False,False,False,graph_diffusion_3,59,7.78203800255768,4.684915405635465,0.23976201205491596
84,s2_wifi_degraded,7.471099094223947,5.062300262899215,False,False,False,laplacian,59,7.868052015696091,4.70908776061772,0.39181026220867465
85,s2_wifi_degraded,7.639476103338564,5.452330212055501,True,False,False,static_raw,57,7.191006592100017,7.2837663875882575,0.5000001934018871
85,s2_wifi_degraded,7.639476103338564,5.452330212055501,True,False,False,graph_diffusion_1,57,7.193252792543651,7.257126763559623,0.376146907292105
85,s2_wifi_degraded,7.639476103338564,5.452330212055501,True,False,False,graph_diffusion_3,57,7.203218994259663,7.2072429260676705,0.22983246567269627
85,s2_wifi_degraded,7.639476103338564,5.452330212055501,True,False,False,laplacian,57,7.190427891962969,7.253653790760771,0.3648693865311465
86,s2_wifi_degraded,7.590210281547375,5.578300437724326,True,False,False,static_raw,57,8.432568786086737,5.3232226266025515,0.5008898805448764
86,s2_wifi_degraded,7.590210281547375,5.578300437724326,True,False,False,graph_diffusion_1,57,8.39620015896331,5.324133227624517,0.3801268887620222
86,s2_wifi_degraded,7.590210281547375,5.578300437724326,True,False,False,graph_diffusion_3,57,8.33329056167037,5.326149076873692,0.2382990196889431
86,s2_wifi_degraded,7.590210281547375,5.578300437724326,True,False,False,laplacian,57,8.391518685895576,5.323184855708176,0.3679063555380752
87,s2_wifi_degraded,7.462795792010998,5.791477714093946,True,False,False,static_raw,57,6.554501903915406,7.409725061093613,0.5000000073241823
87,s2_wifi_degraded,7.462795792010998,5.791477714093946,True,False,False,graph_diffusion_1,57,6.560908006897963,7.373316288124642,0.3767636332606225
87,s2_wifi_degraded,7.462795792010998,5.791477714093946,True,False,False,graph_diffusion_3,57,6.574669580099263,7.306766088692628,0.23072037765704637
87,s2_wifi_degraded,7.462795792010998,5.791477714093946,True,False,False,laplacian,57,6.553807793041,7.3708292918729805,0.3648152109970908
88,s2_wifi_degraded,7.440607753073426,5.980848219358611,True,False,False,static_raw,66,7.600451682378982,5.468996093549823,0.4999826693097202
88,s2_wifi_degraded,7.440607753073426,5.980848219358611,True,False,False,graph_diffusion_1,66,7.5851639821508385,5.469416247257177,0.3753492371701229
88,s2_wifi_degraded,7.440607753073426,5.980848219358611,True,False,False,graph_diffusion_3,66,7.5551590446836405,5.470397432354811,0.22940525361611852
88,s2_wifi_degraded,7.440607753073426,5.980848219358611,True,False,False,laplacian,66,7.5788719465485315,5.468999642565532,0.3650053939129636
89,s2_wifi_degraded,7.440906125309533,6.113793031097752,True,False,False,static_raw,66,7.861479574247243,7.5697128714744295,0.5000002195523785
89,s2_wifi_degraded,7.440906125309533,6.113793031097752,True,False,False,graph_diffusion_1,66,7.802361112410411,7.520151639542878,0.3823645128037049
89,s2_wifi_degraded,7.440906125309533,6.113793031097752,True,False,False,graph_diffusion_3,66,7.706496782148309,7.444835315437568,0.2395351448520438
89,s2_wifi_degraded,7.440906125309533,6.113793031097752,True,False,False,laplacian,66,7.818953886986424,7.546623373340942,0.36481867981291954
90,s2_wifi_degraded,7.279806471044582,6.464561962588011,True,False,False,static_raw,67,8.006280503886709,7.96054637447728,0.5000023650784613
90,s2_wifi_degraded,7.279806471044582,6.464561962588011,True,False,False,graph_diffusion_1,67,7.982335338816175,7.911098962970862,0.37901015711360453
90,s2_wifi_degraded,7.279806471044582,6.464561962588011,True,False,False,graph_diffusion_3,67,7.941185024586961,7.821080238436359,0.23482216379830295
90,s2_wifi_degraded,7.279806471044582,6.464561962588011,True,False,False,laplacian,67,7.986629252247553,7.917929760289532,0.36486935585601366
91,s2_wifi_degraded,7.195775699002211,6.545903417221667,True,False,False,static_raw,67,8.4458534672432,6.24180987349756,0.5001025310537687
91,s2_wifi_degraded,7.195775699002211,6.545903417221667,True,False,False,graph_diffusion_1,67,8.408198463124954,6.2433505180520195,0.3788044502866466
91,s2_wifi_degraded,7.195775699002211,6.545903417221667,True,False,False,graph_diffusion_3,67,8.343240576302307,6.24684581991614,0.2360747229803285
91,s2_wifi_degraded,7.195775699002211,6.545903417221667,True,False,False,laplacian,67,8.403615241386047,6.241134969709377,0.3663641932730981
92,s2_wifi_degraded,7.071679731335141,6.664553875446808,True,False,False,static_raw,67,6.557792800225254,6.60710487240712,0.5141672303127289
92,s2_wifi_degraded,7.071679731335141,6.664553875446808,True,False,False,graph_diffusion_1,67,6.5579165825436085,6.607831353474358,0.3920710683766653
92,s2_wifi_degraded,7.071679731335141,6.664553875446808,True,False,False,graph_diffusion_3,67,6.563097954384222,6.609922093355317,0.24787166587772638
92,s2_wifi_degraded,7.071679731335141,6.664553875446808,True,False,False,laplacian,67,6.557407015948319,6.606611204989673,0.3818507800572032
93,s2_wifi_degraded,6.88601961932652,6.885266262387327,True,False,False,static_raw,76,6.87213540699351,8.30417371285642,0.5116843426718098
93,s2_wifi_degraded,6.88601961932652,6.885266262387327,True,False,False,graph_diffusion_1,76,6.87390296288354,8.279916092726987,0.38777487312592107
93,s2_wifi_degraded,6.88601961932652,6.885266262387327,True,False,False,graph_diffusion_3,76,6.8790879621884935,8.238041204835373,0.24268653162868642
93,s2_wifi_degraded,6.88601961932652,6.885266262387327,True,False,False,laplacian,76,6.871487222463395,8.272507801612555,0.3772200915571953
94,s2_wifi_degraded,6.836265376227635,7.09347815473235,True,False,False,static_raw,76,5.472058241131874,8.04475956983778,0.5000012014228274
94,s2_wifi_degraded,6.836265376227635,7.09347815473235,True,False,False,graph_diffusion_1,76,5.4654824934889294,8.048491957556237,0.37287220543747074
94,s2_wifi_degraded,6.836265376227635,7.09347815473235,True,False,False,graph_diffusion_3,76,5.458352141079916,8.048577074225062,0.22618751796109818
94,s2_wifi_degraded,6.836265376227635,7.09347815473235,True,False,False,laplacian,76,5.4720367071400595,8.03388479158405,0.36559570243020134
95,s2_wifi_degraded,6.749970613133377,7.2047970050942345,False,False,False,static_raw,76,6.336841057613197,7.412699338136691,0.6294107697714215
95,s2_wifi_degraded,6.749970613133377,7.2047970050942345,False,False,False,graph_diffusion_1,76,6.337804274808968,7.4138133407886135,0.48123308000067205
95,s2_wifi_degraded,6.749970613133377,7.2047970050942345,False,False,False,graph_diffusion_3,76,6.34060253784771,7.41941379728803,0.304986407045502
95,s2_wifi_degraded,6.749970613133377,7.2047970050942345,False,False,False,laplacian,76,6.336684123483938,7.410168252372925,0.46858758416276847
96,s2_wifi_degraded,6.520102407663193,7.416654680272662,False,False,False,static_raw,76,6.401761044729196,7.87412217332688,0.5755452356514851
96,s2_wifi_degraded,6.520102407663193,7.416654680272662,False,False,False,graph_diffusion_1,76,6.403752275965979,7.867407232684431,0.4370809015032205
96,s2_wifi_degraded,6.520102407663193,7.416654680272662,False,False,False,graph_diffusion_3,76,6.408294186372444,7.856756549918977,0.2740214991376879
96,s2_wifi_degraded,6.520102407663193,7.416654680272662,False,False,False,laplacian,76,6.40142383228768,7.860423121999995,0.4261041371031618
97,s2_wifi_degraded,6.235078071420909,7.80527981884087,False,False,False,static_raw,76,5.888395969378344,7.583929216746755,0.5844318335394547
97,s2_wifi_degraded,6.235078071420909,7.80527981884087,False,False,False,graph_diffusion_1,76,5.888029408083004,7.583127759953346,0.44424087234352355
97,s2_wifi_degraded,6.235078071420909,7.80527981884087,False,False,False,graph_diffusion_3,76,5.888324758526012,7.58445777050201,0.27836627913184553
97,s2_wifi_degraded,6.235078071420909,7.80527981884087,False,False,False,laplacian,76,5.888339629741658,7.5783494016045525,0.4327341518940647
98,s2_wifi_degraded,5.98823397903378,7.93574951314563,False,False,False,static_raw,96,6.56728597047889,9.253061117882362,0.5785932408833112
98,s2_wifi_degraded,5.98823397903378,7.93574951314563,False,False,False,graph_diffusion_1,96,6.570351606385798,9.19856086858635,0.4568060134126815
98,s2_wifi_degraded,5.98823397903378,7.93574951314563,False,False,False,graph_diffusion_3,96,6.577971944595893,9.097567616096075,0.31098718198124164
98,s2_wifi_degraded,5.98823397903378,7.93574951314563,False,False,False,laplacian,96,6.566868139530224,9.178095615497535,0.4663159768695932
99,s2_wifi_degraded,5.822657938153183,7.968265377624689,False,False,False,static_raw,85,5.372885406624343,8.551898520723919,0.4990670059065654
99,s2_wifi_degraded,5.822657938153183,7.968265377624689,False,False,False,graph_diffusion_1,85,5.374387021728941,8.550053797313476,0.3811844063814721
99,s2_wifi_degraded,5.822657938153183,7.968265377624689,False,False,False,graph_diffusion_3,85,5.376462624582455,8.533770315022005,0.24615263677296054
99,s2_wifi_degraded,5.822657938153183,7.968265377624689,False,False,False,laplacian,85,5.372877984203608,8.529535393703785,0.3753102793970212
0,s3_vlp_blocked,8.548260044884431,3.875368266732585,False,False,False,static_raw,39,7.881685234718893,2.8137476832593227,0.5048456840646857
0,s3_vlp_blocked,8.548260044884431,3.875368266732585,False,False,False,graph_diffusion_1,39,7.832274161592043,2.8134124077218092,0.3838439027704487
0,s3_vlp_blocked,8.548260044884431,3.875368266732585,False,False,False,graph_diffusion_3,39,7.746160801137541,2.815496624879994,0.24389222415170242
0,s3_vlp_blocked,8.548260044884431,3.875368266732585,False,False,False,laplacian,39,7.834608128615574,2.8251339991561792,0.39651323322699206
1,s3_vlp_blocked,8.648647791547123,3.682160416153107,False,False,False,static_raw,38,8.49133217632449,3.0755320586847334,0.5694248052679801
1,s3_vlp_blocked,8.648647791547123,3.682160416153107,False,False,False,graph_diffusion_1,38,8.491913330138791,3.0796681979953213,0.43398542477924673
1,s3_vlp_blocked,8.648647791547123,3.682160416153107,False,False,False,graph_diffusion_3,38,8.480273146464317,3.0820959364708562,0.2777603705741639
1,s3_vlp_blocked,8.648647791547123,3.682160416153107,False,False,False,laplacian,38,8.471443354300732,3.077767130417762,0.42752182011685264
2,s3_vlp_blocked,8.904314502785434,3.314602216855924,False,False,False,static_raw,38,8.230280612144561,2.8602839816321346,0.5486861292947656
2,s3_vlp_blocked,8.904314502785434,3.314602216855924,False,False,False,graph_diffusion_1,38,8.236689638247292,2.872772471522581,0.4149792741502192
2,s3_vlp_blocked,8.904314502785434,3.314602216855924,False,False,False,graph_diffusion_3,38,8.2360405332779,2.890208408836678,0.2615765128168374
2,s3_vlp_blocked,8.904314502785434,3.314602216855924,False,False,False,laplacian,38,8.215580198688729,2.869463484104801,0.4084634881838512
3,s3_vlp_blocked,9.310389003930128,3.04167485894367,False,False,False,static_raw,29,9.137763918425556,3.037895119255581,0.5073275534928369
3,s3_vlp_blocked,9.310389003930128,3.04167485894367,False,False,False,graph_diffusion_1,29,9.085314776957228,3.042061258732068,0.40088048525096276
3,s3_vlp_blocked,9.310389003930128,3.04167485894367,False,False,False,graph_diffusion_3,29,8.990026415101951,3.0378932608418396,0.2745487060174121
3,s3_vlp_blocked,9.310389003930128,3.04167485894367,False,False,False,laplacian,29,9.06745805193642,3.0388046976912664,0.4100196770657274
4,s3_vlp_blocked,9.706838327803332,2.8964874698404373,False,False,False,static_raw,39,9.069068047634717,3.160719045890167,0.626073281771601
4,s3_vlp_blocked,9.706838327803332,2.8964874698404373,False,False,False,graph_diffusion_1,39,9.01808727490085,3.158202367841396,0.4898121569962456
4,s3_vlp_blocked,9.706838327803332,2.8964874698404373,False,False,False,graph_diffusion_3,39,8.924480302369462,3.150796336403358,0.3276337307915885
4,s3_vlp_blocked,9.706838327803332,2.8964874698404373,False,False,False,laplacian,39,9.001931482546784,3.1633240821790927,0.5012909535804496
5,s3_vlp_blocked,9.41844096729231,2.900422758078939,False,False,False,static_raw,29,8.902658749502734,2.631181770700592,0.5545629173909172
5,s3_vlp_blocked,9.41844096729231,2.900422758078939,False,False,False,graph_diffusion_1,29,8.857074765287592,2.6329496253555957,0.4318957507278782
5,s3_vlp_blocked,9.41844096729231,2.900422758078939,False,False,False,graph_diffusion_3,29,8.776038780177183,2.6254198205140624,0.28774668410881904
5,s3_vlp_blocked,9.41844096729231,2.900422758078939,False,False,False,laplacian,29,8.844200492735576,2.63344680944349,0.4442624698805001
6,s3_vlp_blocked,8.964378339140287,2.9597287260816096,False,False,False,static_raw,29,8.745631624454571,2.5969081135229497,0.5271463388941089
6,s3_vlp_blocked,8.964378339140287,2.9597287260816096,False,False,False,graph_diffusion_1,29,8.70142576815845,2.598726569260193,0.4071662941066971
6,s3_vlp_blocked,8.964378339140287,2.9597287260816096,False,False,False,graph_diffusion_3,29,8.624461701603048,2.5922908700351575,0.26803852588807936
6,s3_vlp_blocked,8.964378339140287,2.9597287260816096,False,False,False,laplacian,29,8.691582851905029,2.59990145719078,0.4202224892071893
7,s3_vlp_blocked,8.774353844140126,3.131454780222936,False,False,False,static_raw,38,8.055271190006112,3.0745727628129784,0.5799649375904388
7,s3_vlp_blocked,8.774353844140126,3.131454780222936,False,False,False,graph_diffusion_1,38,8.066932132753546,3.08043426164211,0.4377038014302694
7,s3_vlp_blocked,8.774353844140126,3.131454780222936,False,False,False,graph_diffusion_3,38,8.073729651130126,3.088703317555241,0.27447185984571865
7,s3_vlp_blocked,8.774353844140126,3.131454780222936,False,False,False,laplacian,38,8.045084329423574,3.0792828265597585,0.43127869326903734
8,s3_vlp_blocked,8.418152736801511,3.188810020474088,False,False,False,static_raw,38,8.138096063001615,3.4575394070016996,0.5898939798545515
8,s3_vlp_blocked,8.418152736801511,3.188810020474088,False,False,False,graph_diffusion_1,38,8.14979023451594,3.4580759246251187,0.4490917931165265
8,s3_vlp_blocked,8.418152736801511,3.188810020474088,False,False,False,graph_diffusion_3,38,8.155781271851525,3.458094105094609,0.28568411030709945
8,s3_vlp_blocked,8.418152736801511,3.188810020474088,False,False,False,laplacian,38,8.127271688097737,3.458431381237275,0.44204441687010076
9,s3_vlp_blocked,8.165062128503568,3.3554638975618585,False,False,False,static_raw,38,8.288857611079505,3.3420492338683796,0.6331456965616056
9,s3_vlp_blocked,8.165062128503568,3.3554638975618585,False,False,False,graph_diffusion_1,38,8.298975141169732,3.3433769147065147,0.48049472227347867
9,s3_vlp_blocked,8.165062128503568,3.3554638975618585,False,False,False,graph_diffusion_3,38,8.302003329472774,3.3434741138417747,0.3041839886401487
9,s3_vlp_blocked,8.165062128503568,3.3554638975618585,False,False,False,laplacian,38,8.276649546892868,3.3427155845846723,0.4735232589338031
10,s3_vlp_blocked,8.047852018915972,3.3896047138916883,False,False,False,static_raw,38,8.651297049183535,3.8862773401511403,0.5243351194749252
10,s3_vlp_blocked,8.047852018915972,3.3896047138916883,False,False,False,graph_diffusion_1,38,8.638427006472606,3.87986744889275,0.4003351417376254
10,s3_vlp_blocked,8.047852018915972,3.3896047138916883,False,False,False,graph_diffusion_3,38,8.60464938785269,3.8701793240920317,0.25840316568661104
10,s3_vlp_blocked,8.047852018915972,3.3896047138916883,False,False,False,laplacian,38,8.619435823120439,3.887009540867123,0.39308836471724484
11,s3_vlp_blocked,7.628992597812742,3.5120336380508936,False,False,False,static_raw,37,7.836062305982866,2.859383850335682,0.507404117689538
11,s3_vlp_blocked,7.628992597812742,3.5120336380508936,False,False,False,graph_diffusion_1,37,7.828803985788198,2.8629223740807017,0.3878774158542324
11,s3_vlp_blocked,7.628992597812742,3.5120336380508936,False,False,False,graph_diffusion_3,37,7.8191730369657435,2.8676187883984268,0.24644914009977897
11,s3_vlp_blocked,7.628992597812742,3.5120336380508936,False,False,False,laplacian,37,7.8236492906001915,2.8666346283077235,0.3779394126497796
12,s3_vlp_blocked,7.264240580596287,3.551955010215912,False,False,False,static_raw,37,7.290756322989099,2.941149360022164,0.5568691835921592
12,s3_vlp_blocked,7.264240580596287,3.551955010215912,False,False,False,graph_diffusion_1,37,7.290638077019259,2.9411797040105343,0.42677279931249756
12,s3_vlp_blocked,7.264240580596287,3.551955010215912,False,False,False,graph_diffusion_3,37,7.294438820652094,2.9430979542091045,0.2716772229446503
12,s3_vlp_blocked,7.264240580596287,3.551955010215912,False,False,False,laplacian,37,7.288764741625038,2.946458102142258,0.4158404011851375
13,s3_vlp_blocked,6.807654944686304,3.3798711617406227,False,False,False,static_raw,37,7.567346530385923,3.390864156951038,0.6015120330569103
13,s3_vlp_blocked,6.807654944686304,3.3798711617406227,False,False,False,graph_diffusion_1,37,7.565250317778963,3.391104152495319,0.4614228428730177
13,s3_vlp_blocked,6.807654944686304,3.3798711617406227,False,False,False,graph_diffusion_3,37,7.562949675962237,3.3912356421939926,0.294234078538157
13,s3_vlp_blocked,6.807654944686304,3.3798711617406227,False,False,False,laplacian,37,7.5603397396989545,3.3925276650696916,0.4492745683898778
14,s3_vlp_blocked,6.644376635151973,3.2678225998295574,False,False,False,static_raw,36,6.706471986026051,4.089204272495506,0.5400381215512987
14,s3_vlp_blocked,6.644376635151973,3.2678225998295574,False,False,False,graph_diffusion_1,36,6.708554536717694,4.090192197477003,0.4130244363199145
14,s3_vlp_blocked,6.644376635151973,3.2678225998295574,False,False,False,graph_diffusion_3,36,6.7118824921037366,4.091715488831515,0.2630954996670288
14,s3_vlp_blocked,6.644376635151973,3.2678225998295574,False,False,False,laplacian,36,6.704862363178174,4.089250971171389,0.4024094048497479
15,s3_vlp_blocked,6.164360277507891,3.220123101722137,False,True,False,static_raw,36,5.822211191931764,2.7744081797378737,0.5110683032851727
15,s3_vlp_blocked,6.164360277507891,3.220123101722137,False,True,False,graph_diffusion_1,36,5.822799795741851,2.7873107262695007,0.38660421242723214
15,s3_vlp_blocked,6.164360277507891,3.220123101722137,False,True,False,graph_diffusion_3,36,5.8238014966328615,2.8110449168668166,0.24059131226253644
15,s3_vlp_blocked,6.164360277507891,3.220123101722137,False,True,False,laplacian,36,5.821647713440778,2.7903637083826585,0.37587346942590605
16,s3_vlp_blocked,5.921670782647944,3.170353913208966,False,True,False,static_raw,15,6.047895858467992,2.617410654744931,0.5116778627000093
16,s3_vlp_blocked,5.921670782647944,3.170353913208966,False,True,False,graph_diffusion_1,15,6.043351961440003,2.596571842098916,0.3822887318545279
16,s3_vlp_blocked,5.921670782647944,3.170353913208966,False,True,False,graph_diffusion_3,15,6.037225256301361,2.575273656743263,0.23494446759362628
16,s3_vlp_blocked,5.921670782647944,3.170353913208966,False,True,False,laplacian,15,6.046266325354299,2.6219558231047886,0.3765146698823022
17,s3_vlp_blocked,5.679154300480839,2.9818995639648525,False,True,False,static_raw,15,5.8739145738082055,2.6563757625612077,0.5125811379264474
17,s3_vlp_blocked,5.679154300480839,2.9818995639648525,False,True,False,graph_diffusion_1,15,5.870700371325113,2.6349090348780875,0.3833181321832895
17,s3_vlp_blocked,5.679154300480839,2.9818995639648525,False,True,False,graph_diffusion_3,15,5.866268962026008,2.612651578743878,0.23595717608826208
17,s3_vlp_blocked,5.679154300480839,2.9818995639648525,False,True,False,laplacian,15,5.872572935979534,2.660935377556424,0.37741151658230054
18,s3_vlp_blocked,5.40719635144305,2.708371836226452,False,True,False,static_raw,49,7.085351351631866,2.715956990743531,0.5000001360708867
18,s3_vlp_blocked,5.40719635144305,2.708371836226452,False,True,False,graph_diffusion_1,49,7.036815028107826,2.7253466536590434,0.3803174855686743
18,s3_vlp_blocked,5.40719635144305,2.708371836226452,False,True,False,graph_diffusion_3,49,6.952098543305045,2.7476141065161057,0.241247622516195
18,s3_vlp_blocked,5.40719635144305,2.708371836226452,False,True,False,laplacian,49,7.0395529096691805,2.746344441482515,0.3915390770962913
19,s3_vlp_blocked,5.231798982702207,2.4839699101632213,False,True,False,static_raw,44,4.707924581884835,3.597849802527331,0.5119263997187645
19,s3_vlp_blocked,5.231798982702207,2.4839699101632213,False,True,False,graph_diffusion_1,44,4.70815951167893,3.596683480990276,0.3889218798978551
19,s3_vlp_blocked,5.231798982702207,2.4839699101632213,False,True,False,graph_diffusion_3,44,4.7085821079007975,3.5955296926865152,0.24482077116235998
19,s3_vlp_blocked,5.231798982702207,2.4839699101632213,False,True,False,laplacian,44,4.707935971976463,3.6017292393866245,0.3792097670925303
20,s3_vlp_blocked,5.28923634607891,2.192766390499288,False,True,False,static_raw,40,3.0183743996176227,3.9342613985011967,0.5000928939810237
20,s3_vlp_blocked,5.28923634607891,2.192766390499288,False,True,False,graph_diffusion_1,40,3.0777504274399,3.928285075816828,0.3788687739425247
20,s3_vlp_blocked,5.28923634607891,2.192766390499288,False,True,False,graph_diffusion_3,40,3.1807425688943862,3.9185115415533134,0.23863179666103296
20,s3_vlp_blocked,5.28923634607891,2.192766390499288,False,True,False,laplacian,40,3.063621557441098,3.936339277455892,0.3916658245561305
21,s3_vlp_blocked,5.38054459804343,2.090291333531373,False,True,False,static_raw,45,5.53947139039226,3.254687493720354,0.501646582487575
21,s3_vlp_blocked,5.38054459804343,2.090291333531373,False,True,False,graph_diffusion_1,45,5.539461492214867,3.2569219340028788,0.37783891138099374
21,s3_vlp_blocked,5.38054459804343,2.090291333531373,False,True,False,graph_diffusion_3,45,5.539633691282366,3.2635850092237617,0.23367846580191706
21,s3_vlp_blocked,5.38054459804343,2.090291333531373,False,True,False,laplacian,45,5.5394142884514626,3.264414362062251,0.36857038210701104
22,s3_vlp_blocked,5.395660287878729,1.904575277898607,False,True,False,static_raw,45,5.805964560341655,3.97652493536482,0.5277331965007196
22,s3_vlp_blocked,5.395660287878729,1.904575277898607,False,True,False,graph_diffusion_1,45,5.80625283798505,3.9763435441819173,0.4040110013782823
22,s3_vlp_blocked,5.395660287878729,1.904575277898607,False,True,False,graph_diffusion_3,45,5.806612103425205,3.9759069811228978,0.25786875042515833
22,s3_vlp_blocked,5.395660287878729,1.904575277898607,False,True,False,laplacian,45,5.804766920298894,3.9782242578702665,0.3934805486785559
23,s3_vlp_blocked,5.346981386445022,1.7399481748937806,False,True,False,static_raw,15,6.259274645463682,2.232696600380161,0.5106027509860674
23,s3_vlp_blocked,5.346981386445022,1.7399481748937806,False,True,False,graph_diffusion_1,15,6.253378042979839,2.215950686655088,0.3824166269105346
23,s3_vlp_blocked,5.346981386445022,1.7399481748937806,False,True,False,graph_diffusion_3,15,6.245974878227753,2.2008767317585476,0.2369610544388899
23,s3_vlp_blocked,5.346981386445022,1.7399481748937806,False,True,False,laplacian,15,6.2574470517351655,2.2387512060378567,0.37721954055116574
24,s3_vlp_blocked,5.356397214861652,1.3990305548570758,False,True,False,static_raw,15,5.724384496577883,1.9560470920941395,0.574916657094747
24,s3_vlp_blocked,5.356397214861652,1.3990305548570758,False,True,False,graph_diffusion_1,15,5.722300060624688,1.9438115050686922,0.4366081421752763
24,s3_vlp_blocked,5.356397214861652,1.3990305548570758,False,True,False,graph_diffusion_3,15,5.719740985696664,1.9365897736171518,0.27677777895753647
24,s3_vlp_blocked,5.356397214861652,1.3990305548570758,False,True,False,laplacian,15,5.724032589928467,1.9666092179585304,0.4297145299690418
25,s3_vlp_blocked,5.55511192506875,1.1971395250192285,False,True,False,static_raw,4,4.914814062987573,1.316836170626891,0.5150863476136375
25,s3_vlp_blocked,5.55511192506875,1.1971395250192285,False,True,False,graph_diffusion_1,4,4.9183191826309685,1.3651390853338097,0.4027357214588387
25,s3_vlp_blocked,5.55511192506875,1.1971395250192285,False,True,False,graph_diffusion_3,4,4.924009373752999,1.4529142276143407,0.27058250326708444
25,s3_vlp_blocked,5.55511192506875,1.1971395250192285,False,True,False,laplacian,4,4.914422257372213,1.3753552189893667,0.4131064055942218
26,s3_vlp_blocked,5.644488914276651,1.1264421585125568,False,False,False,static_raw,15,5.547050258157688,1.669337516946581,0.5961655089918556
26,s3_vlp_blocked,5.644488914276651,1.1264421585125568,False,False,False,graph_diffusion_1,15,5.546463373395247,1.6675217455217184,0.45670509983228275
26,s3_vlp_blocked,5.644488914276651,1.1264421585125568,False,False,False,graph_diffusion_3,15,5.5456729673430125,1.6774510334319481,0.29348921909933035
26,s3_vlp_blocked,5.644488914276651,1.1264421585125568,False,False,False,laplacian,15,5.546592986202483,1.688497972222901,0.44851870004033767
27,s3_vlp_blocked,5.99191614365339,0.7779056103368667,False,False,False,static_raw,6,6.781112917100884,0.7971938664866117,0.6129360254448859
27,s3_vlp_blocked,5.99191614365339,0.7779056103368667,False,False,False,graph_diffusion_1,6,6.7843278702022705,0.8482272299674563,0.4838495315662886
27,s3_vlp_blocked,5.99191614365339,0.7779056103368667,False,False,False,graph_diffusion_3,6,6.794144543452351,0.943248974547681,0.3296923088107301
27,s3_vlp_blocked,5.99191614365339,0.7779056103368667,False,False,False,laplacian,6,6.780715882099867,0.8674324107313935,0.4944807583983443
28,s3_vlp_blocked,6.3719359824611015,0.5133126785859624,False,False,False,static_raw,6,6.533552620788795,0.5851648268936772,0.8569682553682723
28,s3_vlp_blocked,6.3719359824611015,0.5133126785859624,False,False,False,graph_diffusion_1,6,6.533601019919756,0.6460113380257332,0.6648535555996894
28,s3_vlp_blocked,6.3719359824611015,0.5133126785859624,False,False,False,graph_diffusion_3,6,6.535591443051818,0.7588774614350379,0.43628804455781034
28,s3_vlp_blocked,6.3719359824611015,0.5133126785859624,False,False,False,laplacian,6,6.53303437802661,0.6710433584496851,0.6782907447360703
29,s3_vlp_blocked,6.642725720701172,0.2610300095402053,False,False,False,static_raw,6,6.404356770486118,0.7828964000759087,0.7001110771882667
29,s3_vlp_blocked,6.642725720701172,0.2610300095402053,False,False,False,graph_diffusion_1,6,6.40386052916985,0.8363896192868687,0.54839152994431
29,s3_vlp_blocked,6.642725720701172,0.2610300095402053,False,False,False,graph_diffusion_3,6,6.4041432763016735,0.9356694876396171,0.36734606849536616
29,s3_vlp_blocked,6.642725720701172,0.2610300095402053,False,False,False,laplacian,6,6.404145872591782,0.8559870540940309,0.5602281124915572
30,s3_vlp_blocked,6.746242668239441,0.1917048919949815,False,False,False,static_raw,6,6.420290724721156,0.9066356181538773,0.6539570297362436
30,s3_vlp_blocked,6.746242668239441,0.1917048919949815,False,False,False,graph_diffusion_1,6,6.419778375830091,0.957302860479337,0.5118529555973558
30,s3_vlp_blocked,6.746242668239441,0.1917048919949815,False,False,False,graph_diffusion_3,6,6.419976388485054,1.0510934344020277,0.34297822632987257
30,s3_vlp_blocked,6.746242668239441,0.1917048919949815,False,False,False,laplacian,6,6.419923555649467,0.9742759941477973,0.5237461658212362
31,s3_vlp_blocked,6.356442515941112,0.4369455288091974,False,False,False,static_raw,6,6.760411600059654,2.1950649213407627,0.5020411269397625
31,s3_vlp_blocked,6.356442515941112,0.4369455288091974,False,False,False,graph_diffusion_1,6,6.756598752064587,2.2441772843297025,0.3821687304605581
31,s3_vlp_blocked,6.356442515941112,0.4369455288091974,False,False,False,graph_diffusion_3,6,6.748606737971792,2.3299906963859107,0.2435401684374811
31,s3_vlp_blocked,6.356442515941112,0.4369455288091974,False,False,False,laplacian,6,6.75187299842457,2.24297218996817,0.39459167696640535
32,s3_vlp_blocked,6.090439232524188,0.6864641265250186,False,False,False,static_raw,6,6.733695220904794,0.9951447633655169,0.6176529199363858
32,s3_vlp_blocked,6.090439232524188,0.6864641265250186,False,False,False,graph_diffusion_1,6,6.736663265977662,1.0432601304201867,0.482656557926891
32,s3_vlp_blocked,6.090439232524188,0.6864641265250186,False,False,False,graph_diffusion_3,6,6.744174537223399,1.1320458807217864,0.3224732210646704
32,s3_vlp_blocked,6.090439232524188,0.6864641265250186,False,False,False,laplacian,6,6.732713292306798,1.0581630070477615,0.49469345661297554
33,s3_vlp_blocked,5.949226125977861,0.8518939098654703,False,False,False,static_raw,15,5.70002419992051,2.10643908531811,0.5587661447872196
33,s3_vlp_blocked,5.949226125977861,0.8518939098654703,False,False,False,graph_diffusion_1,15,5.698200832581411,2.09085748402829,0.4232707417083751
33,s3_vlp_blocked,5.949226125977861,0.8518939098654703,False,False,False,graph_diffusion_3,15,5.696010529065314,2.0779219554785464,0.26712868369507387
33,s3_vlp_blocked,5.949226125977861,0.8518939098654703,False,False,False,laplacian,15,5.6997563756534735,2.1143766187931226,0.41665925987150715
34,s3_vlp_blocked,5.8095047430555145,1.1091466717902831,False,False,False,static_raw,15,5.80234224721856,1.2087481351586196,0.5532463507635513
34,s3_vlp_blocked,5.8095047430555145,1.1091466717902831,False,False,False,graph_diffusion_1,15,5.79826245315604,1.2243438096516879,0.42595436090683064
34,s3_vlp_blocked,5.8095047430555145,1.1091466717902831,False,False,False,graph_diffusion_3,15,5.792713309988379,1.26297743118284,0.27853377943290275
34,s3_vlp_blocked,5.8095047430555145,1.1091466717902831,False,False,False,laplacian,15,5.802283655481695,1.2435439610505923,0.417986530071877
35,s3_vlp_blocked,5.579978519259318,1.272432489793561,False,False,False,static_raw,15,5.395629393600003,1.8413875614290482,0.5712711744794289
35,s3_vlp_blocked,5.579978519259318,1.272432489793561,False,False,False,graph_diffusion_1,15,5.396632214236496,1.8340510175589477,0.43577862994154826
35,s3_vlp_blocked,5.579978519259318,1.272432489793561,False,False,False,graph_diffusion_3,15,5.397998262934647,1.8347833272274072,0.2785054548591596
35,s3_vlp_blocked,5.579978519259318,1.272432489793561,False,False,False,laplacian,15,5.395417062270461,1.8559870377216225,0.42847789618227866
36,s3_vlp_blocked,5.338528190625762,1.3036592905789073,False,False,False,static_raw,15,5.179471682244798,1.4065991713770025,0.5676495898052467
36,s3_vlp_blocked,5.338528190625762,1.3036592905789073,False,False,False,graph_diffusion_1,15,5.183039432240102,1.4115490525931669,0.4351762829571399
36,s3_vlp_blocked,5.338528190625762,1.3036592905789073,False,False,False,graph_diffusion_3,15,5.188094387463104,1.433059538452894,0.2817540393457765
36,s3_vlp_blocked,5.338528190625762,1.3036592905789073,False,False,False,laplacian,15,5.179474856777108,1.4318278625885308,0.4278100979700355
37,s3_vlp_blocked,4.912072310282084,1.4157812756540196,False,False,False,static_raw,4,5.243898522120674,1.1811460887392442,0.5057981168642015
37,s3_vlp_blocked,4.912072310282084,1.4157812756540196,False,False,False,graph_diffusion_1,4,5.252699213008327,1.2260037677359041,0.3887930801048167
37,s3_vlp_blocked,4.912072310282084,1.4157812756540196,False,False,False,graph_diffusion_3,4,5.2674227046474105,1.3084621047360094,0.25477584018882493
37,s3_vlp_blocked,4.912072310282084,1.4157812756540196,False,False,False,laplacian,4,5.243763462589157,1.2383143835487747,0.40157774994248974
38,s3_vlp_blocked,4.826303961432351,1.586236364932186,False,False,False,static_raw,14,5.363328429609405,1.813849845593592,0.5038768948171465
38,s3_vlp_blocked,4.826303961432351,1.586236364932186,False,False,False,graph_diffusion_1,14,5.355828471478302,1.8032753792518756,0.37797512455708576
38,s3_vlp_blocked,4.826303961432351,1.586236364932186,False,False,False,graph_diffusion_3,14,5.3464230038710765,1.799174133566559,0.23531203042028578
38,s3_vlp_blocked,4.826303961432351,1.586236364932186,False,False,False,laplacian,14,5.363060688919921,1.8257586897654507,0.37293594210376224
39,s3_vlp_blocked,4.8018178978276085,1.8759997678234683,False,False,False,static_raw,14,4.472611199021244,2.4737916503380695,0.5187898666591166
39,s3_vlp_blocked,4.8018178978276085,1.8759997678234683,False,False,False,graph_diffusion_1,14,4.47270585618138,2.4537689160145524,0.3899476878118384
39,s3_vlp_blocked,4.8018178978276085,1.8759997678234683,False,False,False,graph_diffusion_3,14,4.472755025563186,2.433443912644519,0.2426297767328141
39,s3_vlp_blocked,4.8018178978276085,1.8759997678234683,False,False,False,laplacian,14,4.472899087129008,2.478984838318289,0.3838757115471328
40,s3_vlp_blocked,4.769561461430565,2.1910721381589235,False,False,False,static_raw,14,4.488326256466417,1.4443883104062163,0.3384658678214427
40,s3_vlp_blocked,4.769561461430565,2.1910721381589235,False,False,False,graph_diffusion_1,14,4.4883348022120435,1.4641434141844316,0.28648581210031204
40,s3_vlp_blocked,4.769561461430565,2.1910721381589235,False,False,False,graph_diffusion_3,14,4.488244141128057,1.5051915717703435,0.21468350137726205
40,s3_vlp_blocked,4.769561461430565,2.1910721381589235,False,False,False,laplacian,14,4.488338627621659,1.4781451034885058,0.27723785612398993
41,s3_vlp_blocked,4.525918490013359,2.572296491893161,False,False,False,static_raw,24,4.217023909072936,2.5241818216089227,0.5860584672937187
41,s3_vlp_blocked,4.525918490013359,2.572296491893161,False,False,False,graph_diffusion_1,24,4.216634576150304,2.524511645230678,0.4511441072642566
41,s3_vlp_blocked,4.525918490013359,2.572296491893161,False,False,False,graph_diffusion_3,24,4.216069545654758,2.5231722930629408,0.28954730575278553
41,s3_vlp_blocked,4.525918490013359,2.572296491893161,False,False,False,laplacian,24,4.217282234658969,2.529193876439983,0.43908619935031
42,s3_vlp_blocked,4.603145206950584,2.691606464543516,False,False,False,static_raw,24,5.387439199399562,2.8839504705078394,0.5086550622391862
42,s3_vlp_blocked,4.603145206950584,2.691606464543516,False,False,False,graph_diffusion_1,24,5.388319039572576,2.8845022596230034,0.38622109311931924
42,s3_vlp_blocked,4.603145206950584,2.691606464543516,False,False,False,graph_diffusion_3,24,5.388402075159019,2.8817741939356125,0.24236096928240683
42,s3_vlp_blocked,4.603145206950584,2.691606464543516,False,False,False,laplacian,24,5.386261187820305,2.8864248096592053,0.376489551164909
43,s3_vlp_blocked,4.636858519470941,2.83301729155527,False,False,False,static_raw,24,3.9252896508619513,3.0060609908214198,0.5521508101703202
43,s3_vlp_blocked,4.636858519470941,2.83301729155527,False,False,False,graph_diffusion_1,24,3.9280355270936935,3.0071573802953075,0.4212628400032912
43,s3_vlp_blocked,4.636858519470941,2.83301729155527,False,False,False,graph_diffusion_3,24,3.9345270284369724,3.0051217037629647,0.2660075874197413
43,s3_vlp_blocked,4.636858519470941,2.83301729155527,False,False,False,laplacian,24,3.930116980639242,3.009190140430594,0.40993734595352527
44,s3_vlp_blocked,4.734121569139968,3.1877348970907184,False,False,False,static_raw,34,4.983831407058916,2.776904639013593,0.5180109565834622
44,s3_vlp_blocked,4.734121569139968,3.1877348970907184,False,False,False,graph_diffusion_1,34,4.983924423288775,2.7837371052076167,0.3932655684456995
44,s3_vlp_blocked,4.734121569139968,3.1877348970907184,False,False,False,graph_diffusion_3,34,4.984157908445856,2.797505579460897,0.247148563209569
44,s3_vlp_blocked,4.734121569139968,3.1877348970907184,False,False,False,laplacian,34,4.983603973564204,2.7886424609647236,0.3831475994585422
45,s3_vlp_blocked,4.820450082367587,3.2794971977323337,False,True,False,static_raw,40,3.031799536599882,2.9287010591481595,0.5000036271123399
45,s3_vlp_blocked,4.820450082367587,3.2794971977323337,False,True,False,graph_diffusion_1,40,3.085008269059539,2.9321741438100917,0.3797319647080441
45,s3_vlp_blocked,4.820450082367587,3.2794971977323337,False,True,False,graph_diffusion_3,40,3.1775843230230474,2.943162338659329,0.24020734822603276
45,s3_vlp_blocked,4.820450082367587,3.2794971977323337,False,True,False,laplacian,40,3.0773293646870434,2.9516123051332364,0.39154251812475355
46,s3_vlp_blocked,5.062857013263392,3.3252726841438496,False,True,False,static_raw,49,7.239749468180502,4.147895363105359,0.5001341404142144
46,s3_vlp_blocked,5.062857013263392,3.3252726841438496,False,True,False,graph_diffusion_1,49,7.183693960253181,4.1437370442674375,0.37903083353645306
46,s3_vlp_blocked,5.062857013263392,3.3252726841438496,False,True,False,graph_diffusion_3,49,7.086136046426254,4.136548835191556,0.23896380831149766
46,s3_vlp_blocked,5.062857013263392,3.3252726841438496,False,True,False,laplacian,49,7.1939531764231734,4.148422759962105,0.39176595677309894
47,s3_vlp_blocked,5.223527674927983,3.3636079119505795,False,True,False,static_raw,5,4.650177382886856,1.8760126130789314,0.5008210169641779
47,s3_vlp_blocked,5.223527674927983,3.3636079119505795,False,True,False,graph_diffusion_1,5,4.64013500406733,1.9227263187314498,0.3801813458731285
47,s3_vlp_blocked,5.223527674927983,3.3636079119505795,False,True,False,graph_diffusion_3,5,4.62317403938841,2.004987102941518,0.24123129127288884
47,s3_vlp_blocked,5.223527674927983,3.3636079119505795,False,True,False,laplacian,5,4.650689135451238,1.9233602757765538,0.3932257392226109
48,s3_vlp_blocked,5.715643126853525,3.4347811219492,False,True,False,static_raw,5,5.319778139788677,3.3145161991600434,0.500000519026405
48,s3_vlp_blocked,5.715643126853525,3.4347811219492,False,True,False,graph_diffusion_1,5,5.3175604462016635,3.3823951089068074,0.3783038257392824
48,s3_vlp_blocked,5.715643126853525,3.4347811219492,False,True,False,graph_diffusion_3,5,5.313771397213995,3.4980517339979,0.2377677179244455
48,s3_vlp_blocked,5.715643126853525,3.4347811219492,False,True,False,laplacian,5,5.319353542365573,3.3593523942306622,0.39154142800596864
49,s3_vlp_blocked,6.036475943181564,3.33849425496013,False,True,False,static_raw,6,6.437475406851867,1.3670965715442478,0.5410613181056335
49,s3_vlp_blocked,6.036475943181564,3.33849425496013,False,True,False,graph_diffusion_1,6,6.4368019289784515,1.412275156448623,0.4181806390357407
49,s3_vlp_blocked,6.036475943181564,3.33849425496013,False,True,False,graph_diffusion_3,6,6.436467312721301,1.4940706105999753,0.2754904478276278
49,s3_vlp_blocked,6.036475943181564,3.33849425496013,False,True,False,laplacian,6,6.436771495558122,1.4210289344214768,0.430722532383603
50,s3_vlp_blocked,6.26597077792921,3.2310160910129526,False,True,False,static_raw,4,5.390929976411196,1.3987308980169735,0.5054792530185912
50,s3_vlp_blocked,6.26597077792921,3.2310160910129526,False,True,False,graph_diffusion_1,4,5.399090323126871,1.4469986053045212,0.38991971003971443
50,s3_vlp_blocked,6.26597077792921,3.2310160910129526,False,True,False,graph_diffusion_3,4,5.4122004008994,1.534213615168557,0.25599683963333136
50,s3_vlp_blocked,6.26597077792921,3.2310160910129526,False,True,False,laplacian,4,5.388637091398712,1.4555679093835814,0.4016050916548865
51,s3_vlp_blocked,6.557154939381723,3.0499936079927075,False,True,False,static_raw,29,7.903070794409312,3.041739396631869,0.4999994960920907
51,s3_vlp_blocked,6.557154939381723,3.0499936079927075,False,True,False,graph_diffusion_1,29,7.8543391086867835,3.0473861535145494,0.37874355898792084
51,s3_vlp_blocked,6.557154939381723,3.0499936079927075,False,True,False,graph_diffusion_3,29,7.775819065110602,3.046309202134832,0.23763642504965593
51,s3_vlp_blocked,6.557154939381723,3.0499936079927075,False,True,False,laplacian,29,7.856758498444834,3.0427020480301885,0.3916931282597708
52,s3_vlp_blocked,6.7452470995562726,2.868494108966797,False,True,False,static_raw,7,7.548698251669104,1.5602556577667288,0.4930895013216169
52,s3_vlp_blocked,6.7452470995562726,2.868494108966797,False,True,False,graph_diffusion_1,7,7.543511022786344,1.6061115068973084,0.37908630623320094
52,s3_vlp_blocked,6.7452470995562726,2.868494108966797,False,True,False,graph_diffusion_3,7,7.540798428671786,1.6834817190555604,0.24690789630147048
52,s3_vlp_blocked,6.7452470995562726,2.868494108966797,False,True,False,laplacian,7,7.5395308952648605,1.6121685229819187,0.39121730889045764
53,s3_vlp_blocked,6.89633119872926,2.646701910339533,False,True,False,static_raw,16,6.896836464627701,2.5006297174068104,0.5065138856131531
53,s3_vlp_blocked,6.89633119872926,2.646701910339533,False,True,False,graph_diffusion_1,16,6.892708717667499,2.4820762632782056,0.3809090549622656
53,s3_vlp_blocked,6.89633119872926,2.646701910339533,False,True,False,graph_diffusion_3,16,6.885885893030899,2.463769878231693,0.236823887213492
53,s3_vlp_blocked,6.89633119872926,2.646701910339533,False,True,False,laplacian,16,6.892362645527945,2.505644913725847,0.37498716816245786
54,s3_vlp_blocked,7.093839490462012,2.230395250989873,False,True,False,static_raw,17,7.097353569349391,2.3506032146421734,0.500003796997504
54,s3_vlp_blocked,7.093839490462012,2.230395250989873,False,True,False,graph_diffusion_1,17,7.097972436851379,2.3338568036573526,0.37177015004405395
54,s3_vlp_blocked,7.093839490462012,2.230395250989873,False,True,False,graph_diffusion_3,17,7.101345360565696,2.3173701325385023,0.22638822043659554
54,s3_vlp_blocked,7.093839490462012,2.230395250989873,False,True,False,laplacian,17,7.0917654540873345,2.359189617054415,0.3662833679162038
55,s3_vlp_blocked,7.327799421114381,2.083866639869165,False,True,False,static_raw,17,7.71228987946831,1.5541059090950387,0.6561068028372447
55,s3_vlp_blocked,7.327799421114381,2.083866639869165,False,True,False,graph_diffusion_1,17,7.708074669513981,1.552716170623254,0.49722775502439315
55,s3_vlp_blocked,7.327799421114381,2.083866639869165,False,True,False,graph_diffusion_3,17,7.706778176169397,1.5611496461633518,0.3125572814967743
55,s3_vlp_blocked,7.327799421114381,2.083866639869165,False,True,False,laplacian,17,7.705564787608954,1.572550788386426,0.4897143167426187
56,s3_vlp_blocked,7.4404788553418495,2.0885416935474934,False,True,False,static_raw,17,7.672277439255889,1.5082581219193776,0.6723539459605704
56,s3_vlp_blocked,7.4404788553418495,2.0885416935474934,False,True,False,graph_diffusion_1,17,7.669527561761059,1.5082585683642742,0.5098309150733248
56,s3_vlp_blocked,7.4404788553418495,2.0885416935474934,False,True,False,graph_diffusion_3,17,7.670997464883037,1.5194215729113385,0.3205611820908969
56,s3_vlp_blocked,7.4404788553418495,2.0885416935474934,False,True,False,laplacian,17,7.666945929070077,1.5280812867976568,0.5020643988041146
57,s3_vlp_blocked,7.579211275373233,2.0714456103345764,False,True,False,static_raw,17,7.92828753255382,2.1068581000096342,0.5326027984357715
57,s3_vlp_blocked,7.579211275373233,2.0714456103345764,False,True,False,graph_diffusion_1,17,7.914572211593173,2.0914298332480707,0.4027634191944335
57,s3_vlp_blocked,7.579211275373233,2.0714456103345764,False,True,False,graph_diffusion_3,17,7.894273220976559,2.0749321800824654,0.2525989195903595
57,s3_vlp_blocked,7.579211275373233,2.0714456103345764,False,True,False,laplacian,17,7.912917034261246,2.1136987166080643,0.3962973522106746
58,s3_vlp_blocked,7.844337613028887,1.6670430401807117,False,True,False,static_raw,17,7.737296330584657,1.557209507438379,0.6547946358437333
58,s3_vlp_blocked,7.844337613028887,1.6670430401807117,False,True,False,graph_diffusion_1,17,7.732773749372331,1.555554349372059,0.49568375452359364
58,s3_vlp_blocked,7.844337613028887,1.6670430401807117,False,True,False,graph_diffusion_3,17,7.730736606936682,1.563461682512638,0.3111094135615747
58,s3_vlp_blocked,7.844337613028887,1.6670430401807117,False,True,False,laplacian,17,7.730051488422178,1.5754073069991745,0.48838627052578526
59,s3_vlp_blocked,7.979950544975631,1.4630004361001532,False,True,False,static_raw,5,7.044024502138889,1.038152923622812,0.5000000005125107
59,s3_vlp_blocked,7.979950544975631,1.4630004361001532,False,True,False,graph_diffusion_1,5,7.065694874136886,1.0817896191222212,0.3762481724249938
59,s3_vlp_blocked,7.979950544975631,1.4630004361001532,False,True,False,graph_diffusion_3,5,7.0904683966967825,1.1633623177481531,0.23535014199090584
59,s3_vlp_blocked,7.979950544975631,1.4630004361001532,False,True,False,laplacian,5,7.0294280305009025,1.095766177582566,0.3917697543457467
60,s3_vlp_blocked,8.127206923732981,1.3162437323059886,False,True,False,static_raw,18,8.724621900816313,1.2894686729537246,0.6568597575474432
60,s3_vlp_blocked,8.127206923732981,1.3162437323059886,False,True,False,graph_diffusion_1,18,8.716955667950419,1.2956482420996847,0.49597103534698767
60,s3_vlp_blocked,8.127206923732981,1.3162437323059886,False,True,False,graph_diffusion_3,18,8.690639336208736,1.3197748117542472,0.3141266299837006
60,s3_vlp_blocked,8.127206923732981,1.3162437323059886,False,True,False,laplacian,18,8.698081237653785,1.3148282156876228,0.4949498373227107
61,s3_vlp_blocked,8.189098931075993,1.1020139318013231,False,True,False,static_raw,18,8.67391649014215,1.2578767906447952,0.6649962269896046
61,s3_vlp_blocked,8.189098931075993,1.1020139318013231,False,True,False,graph_diffusion_1,18,8.672538539835186,1.266529050244018,0.5014542725028486
61,s3_vlp_blocked,8.189098931075993,1.1020139318013231,False,True,False,graph_diffusion_3,18,8.654973364801675,1.2947587176067428,0.3168225575746726
61,s3_vlp_blocked,8.189098931075993,1.1020139318013231,False,True,False,laplacian,18,8.651625412520723,1.2858863955746787,0.5009432469377899
62,s3_vlp_blocked,8.244559866287215,0.9834290739202508,False,False,False,static_raw,18,8.780363744112256,1.122284824976347,0.5485340407016664
62,s3_vlp_blocked,8.244559866287215,0.9834290739202508,False,False,False,graph_diffusion_1,18,8.7586260205254,1.153080787735087,0.42216771785587137
62,s3_vlp_blocked,8.244559866287215,0.9834290739202508,False,False,False,graph_diffusion_3,18,8.71504920524755,1.2106872586239255,0.277507937759921
62,s3_vlp_blocked,8.244559866287215,0.9834290739202508,False,False,False,laplacian,18,8.749145093875105,1.1616711330334903,0.4165963310059725
63,s3_vlp_blocked,8.469449233099015,0.5380851752887181,False,False,False,static_raw,8,8.709682233883658,0.7684714432348284,0.6374138149574945
63,s3_vlp_blocked,8.469449233099015,0.5380851752887181,False,False,False,graph_diffusion_1,8,8.715855090486516,0.8124893561099349,0.49165522410488566
63,s3_vlp_blocked,8.469449233099015,0.5380851752887181,False,False,False,graph_diffusion_3,8,8.690802239202382,0.9072673655256223,0.3348731185575477
63,s3_vlp_blocked,8.469449233099015,0.5380851752887181,False,False,False,laplacian,8,8.68439665365706,0.8375503860961627,0.5155169743483627
64,s3_vlp_blocked,8.61129496830597,0.2850740111733432,False,False,False,static_raw,9,9.243358837152961,1.0418929215108188,0.5691686014701096
64,s3_vlp_blocked,8.61129496830597,0.2850740111733432,False,False,False,graph_diffusion_1,9,9.168107374475282,1.1169628616296963,0.46545864001922105
64,s3_vlp_blocked,8.61129496830597,0.2850740111733432,False,False,False,graph_diffusion_3,9,9.0408450107373,1.23715504894733,0.337930701975904
64,s3_vlp_blocked,8.61129496830597,0.2850740111733432,False,False,False,laplacian,9,9.170408762367577,1.1015769943684381,0.49194789631246766
65,s3_vlp_blocked,8.649656672908945,0.1829723899998202,False,False,False,static_raw,9,9.253208819310759,0.7014734840138905,0.6470007555055847
65,s3_vlp_blocked,8.649656672908945,0.1829723899998202,False,False,False,graph_diffusion_1,9,9.179523674618657,0.7769799090881045,0.5416784628835167
65,s3_vlp_blocked,8.649656672908945,0.1829723899998202,False,False,False,graph_diffusion_3,9,9.053233861984866,0.9070912889776048,0.40519412169509056
65,s3_vlp_blocked,8.649656672908945,0.1829723899998202,False,False,False,laplacian,9,9.182272245237092,0.7761988295923176,0.5642537200093223
66,s3_vlp_blocked,8.433510539178341,0.5984305923139432,False,False,False,static_raw,8,8.736482973314644,0.7876379786579865,0.614473764705584
66,s3_vlp_blocked,8.433510539178341,0.5984305923139432,False,False,False,graph_diffusion_1,8,8.739798524339127,0.8298907878751911,0.4749078339056878
66,s3_vlp_blocked,8.433510539178341,0.5984305923139432,False,False,False,graph_diffusion_3,8,8.710859302124698,0.9222102445070717,0.32536530875922876
66,s3_vlp_blocked,8.433510539178341,0.5984305923139432,False,False,False,laplacian,8,8.708946815011263,0.8551120394501411,0.4977918442838566
67,s3_vlp_blocked,8.390725265666473,0.8870681197350446,False,False,False,static_raw,7,8.1740073559375,0.7612427474431656,0.4962372746452716
67,s3_vlp_blocked,8.390725265666473,0.8870681197350446,False,False,False,graph_diffusion_1,7,8.176287770853415,0.812086680974593,0.38764409425908136
67,s3_vlp_blocked,8.390725265666473,0.8870681197350446,False,False,False,graph_diffusion_3,7,8.170761536667491,0.9078149949098075,0.2635532917123461
67,s3_vlp_blocked,8.390725265666473,0.8870681197350446,False,False,False,laplacian,7,8.15550276536412,0.8309515042542198,0.400638999615772
68,s3_vlp_blocked,8.28586833451047,1.075450447649671,False,False,False,static_raw,18,8.779867763176929,1.2411088706820241,0.6023523095114006
68,s3_vlp_blocked,8.28586833451047,1.075450447649671,False,False,False,graph_diffusion_1,18,8.763099138159784,1.255777932433213,0.4592158782331397
68,s3_vlp_blocked,8.28586833451047,1.075450447649671,False,False,False,graph_diffusion_3,18,8.724614654152587,1.2911074838466046,0.2961809208577632
68,s3_vlp_blocked,8.28586833451047,1.075450447649671,False,False,False,laplacian,18,8.748692057625576,1.2705251597250198,0.4559363321337877
69,s3_vlp_blocked,8.00771188370768,1.2586421068158191,False,False,False,static_raw,18,8.405642854944745,1.1949118293127956,0.39320348763090196
69,s3_vlp_blocked,8.00771188370768,1.2586421068158191,False,False,False,graph_diffusion_1,18,8.40050431099688,1.2109749334146054,0.3189726138587946
69,s3_vlp_blocked,8.00771188370768,1.2586421068158191,False,False,False,graph_diffusion_3,18,8.381192155532013,1.251359883536225,0.2268084266987712
69,s3_vlp_blocked,8.00771188370768,1.2586421068158191,False,False,False,laplacian,18,8.38618853047824,1.2288274957116612,0.3147537885862711
70,s3_vlp_blocked,7.876253087162693,1.4325757096206515,False,False,False,static_raw,18,8.599303907644886,1.2831631176251104,0.554411104598493
70,s3_vlp_blocked,7.876253087162693,1.4325757096206515,False,False,False,graph_diffusion_1,18,8.592356850457024,1.289593182130596,0.4281043521372245
70,s3_vlp_blocked,7.876253087162693,1.4325757096206515,False,False,False,graph_diffusion_3,18,8.568322038511122,1.3149564199581791,0.2813059170645716
70,s3_vlp_blocked,7.876253087162693,1.4325757096206515,False,False,False,laplacian,18,8.5750447486092,1.3092656507022777,0.42569500696546564
71,s3_vlp_blocked,7.764584357169141,1.783515740895847,False,False,False,static_raw,17,7.944713972818432,1.656397481749972,0.6091700844969483
71,s3_vlp_blocked,7.764584357169141,1.783515740895847,False,False,False,graph_diffusion_1,17,7.937510091995038,1.6479553046352968,0.4564425982386336
71,s3_vlp_blocked,7.764584357169141,1.783515740895847,False,False,False,graph_diffusion_3,17,7.926145516824356,1.646230986451854,0.28353760848257864
71,s3_vlp_blocked,7.764584357169141,1.783515740895847,False,False,False,laplacian,17,7.932351547188204,1.6693481518047244,0.4519527792751988
72,s3_vlp_blocked,7.724461665749093,1.919199890822522,False,False,False,static_raw,17,7.769264081338499,1.7069649451245246,0.6345923976631844
72,s3_vlp_blocked,7.724461665749093,1.919199890822522,False,False,False,graph_diffusion_1,17,7.764317192904127,1.6994918832754617,0.47883585042440957
72,s3_vlp_blocked,7.724461665749093,1.919199890822522,False,False,False,graph_diffusion_3,17,7.760370905361129,1.6974755464079045,0.29951842189814487
72,s3_vlp_blocked,7.724461665749093,1.919199890822522,False,False,False,laplacian,17,7.761244773782389,1.7197027795236803,0.47248881174119384
73,s3_vlp_blocked,7.434410446855592,2.196460502510213,False,False,False,static_raw,27,7.518579252714884,2.42657438980569,0.5772151576549921
73,s3_vlp_blocked,7.434410446855592,2.196460502510213,False,False,False,graph_diffusion_1,27,7.515039694554873,2.4310332011880753,0.4401673460188983
73,s3_vlp_blocked,7.434410446855592,2.196460502510213,False,False,False,graph_diffusion_3,27,7.511729102396662,2.4365135645172966,0.27804981136953183
73,s3_vlp_blocked,7.434410446855592,2.196460502510213,False,False,False,laplacian,27,7.511414712727327,2.435105995201011,0.4289783991726036
74,s3_vlp_blocked,7.329501734941545,2.341512908882469,False,False,False,static_raw,27,7.4020186130302426,2.654776665836116,0.5877999760158822
74,s3_vlp_blocked,7.329501734941545,2.341512908882469,False,False,False,graph_diffusion_1,27,7.40239726134082,2.655208332103345,0.45164112941813334
74,s3_vlp_blocked,7.329501734941545,2.341512908882469,False,False,False,graph_diffusion_3,27,7.406128344014199,2.652274092161678,0.28881914415745935
74,s3_vlp_blocked,7.329501734941545,2.341512908882469,False,False,False,laplacian,27,7.39902865994996,2.657616023966607,0.4401427455537353
75,s3_vlp_blocked,7.071931175766185,2.639246667376174,False,True,False,static_raw,28,7.589042192156102,3.472206746938296,0.5000006815954191
75,s3_vlp_blocked,7.071931175766185,2.639246667376174,False,True,False,graph_diffusion_1,28,7.60950642245373,3.4632620338425424,0.37098093148893035
75,s3_vlp_blocked,7.071931175766185,2.639246667376174,False,True,False,graph_diffusion_3,28,7.632350317038598,3.445780206486437,0.22422500101412401
75,s3_vlp_blocked,7.071931175766185,2.639246667376174,False,True,False,laplacian,28,7.583924551267892,3.4725876447803277,0.36542452182480983
76,s3_vlp_blocked,6.978026390337671,2.8586906033898587,False,True,False,static_raw,26,6.891853576036839,2.188711494716233,0.5341523554479849
76,s3_vlp_blocked,6.978026390337671,2.8586906033898587,False,True,False,graph_diffusion_1,26,6.892498802928182,2.1942252686949617,0.41301836864842084
76,s3_vlp_blocked,6.978026390337671,2.8586906033898587,False,True,False,graph_diffusion_3,26,6.894787766531373,2.202519115754199,0.26702634729720015
76,s3_vlp_blocked,6.978026390337671,2.8586906033898587,False,True,False,laplacian,26,6.889521378081841,2.200012251582423,0.40196666830914163
77,s3_vlp_blocked,7.056281076272732,3.07562739707137,False,True,False,static_raw,45,5.8702152907171925,3.4644894526964958,0.5021236018341787
77,s3_vlp_blocked,7.056281076272732,3.07562739707137,False,True,False,graph_diffusion_1,45,5.8708414729733835,3.462811489090891,0.378029295879771
77,s3_vlp_blocked,7.056281076272732,3.07562739707137,False,True,False,graph_diffusion_3,45,5.872458249096993,3.461446493857986,0.23380376777995038
77,s3_vlp_blocked,7.056281076272732,3.07562739707137,False,True,False,laplacian,45,5.869958670525518,3.469443855199041,0.3690303221695807
78,s3_vlp_blocked,6.986478911581751,3.499417790512807,False,True,False,static_raw,38,8.457314004041132,3.0271487969375057,0.4645421908706581
78,s3_vlp_blocked,6.986478911581751,3.499417790512807,False,True,False,graph_diffusion_1,38,8.448694609016062,3.036844005600145,0.3637944185582191
78,s3_vlp_blocked,6.986478911581751,3.499417790512807,False,True,False,graph_diffusion_3,38,8.425108125463035,3.049042136147932,0.24311739332372348
78,s3_vlp_blocked,6.986478911581751,3.499417790512807,False,True,False,laplacian,38,8.430857367809317,3.0340760558272555,0.3555741323304866
79,s3_vlp_blocked,7.059635179641974,3.643912026483358,False,True,False,static_raw,55,5.890792041452103,3.9527632438975697,0.5000150750861112
79,s3_vlp_blocked,7.059635179641974,3.643912026483358,False,True,False,graph_diffusion_1,55,5.891419412653619,3.9519565179825835,0.37459710509300803
79,s3_vlp_blocked,7.059635179641974,3.643912026483358,False,True,False,graph_diffusion_3,55,5.892924972360437,3.952025974951464,0.2281802895810191
79,s3_vlp_blocked,7.059635179641974,3.643912026483358,False,True,False,laplacian,55,5.890337774204498,3.958767140408897,0.3651365518220819
80,s3_vlp_blocked,7.111230980212548,3.866216527347812,False,True,False,static_raw,39,7.6395957178564755,3.2817963014974154,0.5002289165021887
80,s3_vlp_blocked,7.111230980212548,3.866216527347812,False,True,False,graph_diffusion_1,39,7.587050000412942,3.2790658329572406,0.37901436245697206
80,s3_vlp_blocked,7.111230980212548,3.866216527347812,False,True,False,graph_diffusion_3,39,7.495634662986522,3.274484479801717,0.23902986405172583
80,s3_vlp_blocked,7.111230980212548,3.866216527347812,False,True,False,laplacian,39,7.593513741942165,3.284287736065178,0.39201193275074553
81,s3_vlp_blocked,7.093666462300226,4.151666727840037,False,True,False,static_raw,55,6.565372541512806,4.268406726565475,0.5000023896423963
81,s3_vlp_blocked,7.093666462300226,4.151666727840037,False,True,False,graph_diffusion_1,55,6.565874903858884,4.266681595138941,0.37432993531764763
81,s3_vlp_blocked,7.093666462300226,4.151666727840037,False,True,False,graph_diffusion_3,55,6.565472679840095,4.2628855393580665,0.22740885251809828
81,s3_vlp_blocked,7.093666462300226,4.151666727840037,False,True,False,laplacian,55,6.559507505231672,4.270503534890633,0.36488191814869386
82,s3_vlp_blocked,7.179940304559092,4.40982120831966,False,True,False,static_raw,48,7.697236735715525,4.716479471316246,0.5180536238452852
82,s3_vlp_blocked,7.179940304559092,4.40982120831966,False,True,False,graph_diffusion_1,48,7.716796244363753,4.714957371049883,0.3900258367744209
82,s3_vlp_blocked,7.179940304559092,4.40982120831966,False,True,False,graph_diffusion_3,48,7.736259086252367,4.713029901425922,0.24405897869212156
82,s3_vlp_blocked,7.179940304559092,4.40982120831966,False,True,False,laplacian,48,7.69153856970064,4.716485574448286,0.3843533391294419
83,s3_vlp_blocked,7.389306456175779,4.728806808316636,False,True,False,static_raw,49,8.560863537787947,4.3852519130873135,0.5378455735994865
83,s3_vlp_blocked,7.389306456175779,4.728806808316636,False,True,False,graph_diffusion_1,49,8.51595926343513,4.384059810351995,0.4156357784488752
83,s3_vlp_blocked,7.389306456175779,4.728806808316636,False,True,False,graph_diffusion_3,49,8.434624249155695,4.3817156006951805,0.27338299426137885
83,s3_vlp_blocked,7.389306456175779,4.728806808316636,False,True,False,laplacian,49,8.50766891986696,4.385448374581412,0.4279202764023637
84,s3_vlp_blocked,7.471099094223947,5.062300262899215,False,True,False,static_raw,5,7.190839232530492,2.890480385159739,0.5000003706853363
84,s3_vlp_blocked,7.471099094223947,5.062300262899215,False,True,False,graph_diffusion_1,5,7.187648696499829,2.9423388139556854,0.3796573495217721
84,s3_vlp_blocked,7.471099094223947,5.062300262899215,False,True,False,graph_diffusion_3,5,7.175955487239649,3.0323817419645565,0.24012871463732854
84,s3_vlp_blocked,7.471099094223947,5.062300262899215,False,True,False,laplacian,5,7.165309041774007,2.936246263300608,0.39154007601007507
85,s3_vlp_blocked,7.639476103338564,5.452330212055501,False,True,False,static_raw,58,7.7656514865822235,5.701143698083442,0.5234719374188126
85,s3_vlp_blocked,7.639476103338564,5.452330212055501,False,True,False,graph_diffusion_1,58,7.785079757770224,5.700147630875199,0.39487669381696744
85,s3_vlp_blocked,7.639476103338564,5.452330212055501,False,True,False,graph_diffusion_3,58,7.804484279398841,5.699450799616039,0.24806693199944382
85,s3_vlp_blocked,7.639476103338564,5.452330212055501,False,True,False,laplacian,58,7.760137326943784,5.701038796264324,0.38922617609881655
86,s3_vlp_blocked,7.590210281547375,5.578300437724326,False,True,False,static_raw,99,8.286837436254986,7.828467276840573,0.500506208936377
86,s3_vlp_blocked,7.590210281547375,5.578300437724326,False,True,False,graph_diffusion_1,99,8.191043391480624,7.711086154501406,0.39147883659517146
86,s3_vlp_blocked,7.590210281547375,5.578300437724326,False,True,False,graph_diffusion_3,99,8.050758104130104,7.542529614099444,0.25882715761177444
86,s3_vlp_blocked,7.590210281547375,5.578300437724326,False,True,False,laplacian,99,8.23784235854098,7.782252796332822,0.4230543649516846
87,s3_vlp_blocked,7.462795792010998,5.791477714093946,False,True,False,static_raw,58,7.845686168932256,5.624124583834431,0.5334668401590025
87,s3_vlp_blocked,7.462795792010998,5.791477714093946,False,True,False,graph_diffusion_1,58,7.864386345647043,5.623523785073045,0.4037151020011634
87,s3_vlp_blocked,7.462795792010998,5.791477714093946,False,True,False,graph_diffusion_3,58,7.882710844389596,5.6231894445312385,0.25504053141646404
87,s3_vlp_blocked,7.462795792010998,5.791477714093946,False,True,False,laplacian,58,7.840039226573552,5.624067605230091,0.3978351185137655
88,s3_vlp_blocked,7.440607753073426,5.980848219358611,False,True,False,static_raw,45,6.31348700739828,5.665290673383811,0.5016110109743112
88,s3_vlp_blocked,7.440607753073426,5.980848219358611,False,True,False,graph_diffusion_1,45,6.319618619659773,5.670989748040064,0.3766741429175362
88,s3_vlp_blocked,7.440607753073426,5.980848219358611,False,True,False,graph_diffusion_3,45,6.328866651872283,5.680681281100074,0.23099922439974147
88,s3_vlp_blocked,7.440607753073426,5.980848219358611,False,True,False,laplacian,45,6.311012871211927,5.663674598872516,0.3677201529345836
89,s3_vlp_blocked,7.440906125309533,6.113793031097752,False,False,False,static_raw,66,7.385579838920797,6.443468943274053,0.5072838623689295
89,s3_vlp_blocked,7.440906125309533,6.113793031097752,False,False,False,graph_diffusion_1,66,7.37978061640548,6.44435472585919,0.3842108838532818
89,s3_vlp_blocked,7.440906125309533,6.113793031097752,False,False,False,graph_diffusion_3,66,7.365847381027587,6.44562785399433,0.2403823149739035
89,s3_vlp_blocked,7.440906125309533,6.113793031097752,False,False,False,laplacian,66,7.371040149443743,6.442564549543274,0.3748146547904267
90,s3_vlp_blocked,7.279806471044582,6.464561962588011,False,False,False,static_raw,67,7.181982836922246,6.387041436734952,0.558703104563837
90,s3_vlp_blocked,7.279806471044582,6.464561962588011,False,False,False,graph_diffusion_1,67,7.182455593501832,6.389031510062527,0.42599382869540475
90,s3_vlp_blocked,7.279806471044582,6.464561962588011,False,False,False,graph_diffusion_3,67,7.185105764167522,6.392212759452549,0.2690047983640771
90,s3_vlp_blocked,7.279806471044582,6.464561962588011,False,False,False,laplacian,67,7.177172756321224,6.3861359338133346,0.41533963926748385
91,s3_vlp_blocked,7.195775699002211,6.545903417221667,False,False,False,static_raw,67,6.61220081361238,6.661616330139017,0.5411306134264604
91,s3_vlp_blocked,7.195775699002211,6.545903417221667,False,False,False,graph_diffusion_1,67,6.610564869622123,6.6648683571491425,0.4103448723308547
91,s3_vlp_blocked,7.195775699002211,6.545903417221667,False,False,False,graph_diffusion_3,67,6.611813796069645,6.668446362611844,0.25608870299741443
91,s3_vlp_blocked,7.195775699002211,6.545903417221667,False,False,False,laplacian,67,6.610233785457367,6.658857780514815,0.40034752449348604
92,s3_vlp_blocked,7.071679731335141,6.664553875446808,False,False,False,static_raw,67,7.298991494045177,6.756562844206195,0.5650383943720898
92,s3_vlp_blocked,7.071679731335141,6.664553875446808,False,False,False,graph_diffusion_1,67,7.301829345477618,6.760205132213142,0.43169788735718406
92,s3_vlp_blocked,7.071679731335141,6.664553875446808,False,False,False,graph_diffusion_3,67,7.307678449952345,6.7644983100410405,0.27337382105508373
92,s3_vlp_blocked,7.071679731335141,6.664553875446808,False,False,False,laplacian,67,7.294909925160283,6.753666346655692,0.42118859640124456
93,s3_vlp_blocked,6.88601961932652,6.885266262387327,False,False,False,static_raw,67,7.0472501656884825,7.492195114638103,0.5048511570762304
93,s3_vlp_blocked,6.88601961932652,6.885266262387327,False,False,False,graph_diffusion_1,67,7.049865519245503,7.486090410695536,0.3809351292887493
93,s3_vlp_blocked,6.88601961932652,6.885266262387327,False,False,False,graph_diffusion_3,67,7.0552325708975525,7.467966624090292,0.235970860052665
93,s3_vlp_blocked,6.88601961932652,6.885266262387327,False,False,False,laplacian,67,7.044501078585449,7.473917628481927,0.37223905000894225
94,s3_vlp_blocked,6.836265376227635,7.09347815473235,False,False,False,static_raw,76,5.422375842857216,7.637589584194984,0.5287713333979683
94,s3_vlp_blocked,6.836265376227635,7.09347815473235,False,False,False,graph_diffusion_1,76,5.418623060212776,7.635511360417171,0.39855486887711034
94,s3_vlp_blocked,6.836265376227635,7.09347815473235,False,False,False,graph_diffusion_3,76,5.4134229933201174,7.633494317492107,0.24577536557657248
94,s3_vlp_blocked,6.836265376227635,7.09347815473235,False,False,False,laplacian,76,5.422633516497041,7.629019351442287,0.3887654278611583
95,s3_vlp_blocked,6.749970613133377,7.2047970050942345,False,False,False,static_raw,76,6.650702285067511,7.3814827061552855,0.587211006594356
95,s3_vlp_blocked,6.749970613133377,7.2047970050942345,False,False,False,graph_diffusion_1,76,6.65334547005916,7.383008361590795,0.4514579993067573
95,s3_vlp_blocked,6.749970613133377,7.2047970050942345,False,False,False,graph_diffusion_3,76,6.658818252339941,7.3890221744307025,0.2892928200772657
95,s3_vlp_blocked,6.749970613133377,7.2047970050942345,False,False,False,laplacian,76,6.650175664745061,7.378878361049866,0.43976861161301023
96,s3_vlp_blocked,6.520102407663193,7.416654680272662,False,False,False,static_raw,76,6.714166914326725,7.869364731450197,0.5861228230779919
96,s3_vlp_blocked,6.520102407663193,7.416654680272662,False,False,False,graph_diffusion_1,76,6.717100314742782,7.864522716244165,0.44607622162572
96,s3_vlp_blocked,6.520102407663193,7.416654680272662,False,False,False,graph_diffusion_3,76,6.723403449634396,7.856666892741358,0.2810718569055665
96,s3_vlp_blocked,6.520102407663193,7.416654680272662,False,False,False,laplacian,76,6.713647719898046,7.856810400398581,0.4351919809410916
97,s3_vlp_blocked,6.235078071420909,7.80527981884087,False,False,False,static_raw,76,5.604067232088101,7.988963439629179,0.5068441652766135
97,s3_vlp_blocked,6.235078071420909,7.80527981884087,False,False,False,graph_diffusion_1,76,5.603230358521336,7.980268950208745,0.3879069354752184
97,s3_vlp_blocked,6.235078071420909,7.80527981884087,False,False,False,graph_diffusion_3,76,5.603699065042085,7.964566677926909,0.24586778566705075
97,s3_vlp_blocked,6.235078071420909,7.80527981884087,False,False,False,laplacian,76,5.604046433782829,7.973047500595124,0.3772314122491376
98,s3_vlp_blocked,5.98823397903378,7.93574951314563,False,False,False,static_raw,96,6.228297550755852,8.903572824513402,0.5870205922504448
98,s3_vlp_blocked,5.98823397903378,7.93574951314563,False,False,False,graph_diffusion_1,96,6.225830355069919,8.860635847611535,0.4593146343311172
98,s3_vlp_blocked,5.98823397903378,7.93574951314563,False,False,False,graph_diffusion_3,96,6.2220320490794645,8.781274021521353,0.30652488201656125
98,s3_vlp_blocked,5.98823397903378,7.93574951314563,False,False,False,laplacian,96,6.2282487548322445,8.846758062266435,0.4705420899777385
99,s3_vlp_blocked,5.822657938153183,7.968265377624689,False,False,False,static_raw,96,6.041218912539436,8.86982330453685,0.5623378954830467
99,s3_vlp_blocked,5.822657938153183,7.968265377624689,False,False,False,graph_diffusion_1,96,6.036341259114513,8.827428699540812,0.43775597028675683
99,s3_vlp_blocked,5.822657938153183,7.968265377624689,False,False,False,graph_diffusion_3,96,6.028478298193765,8.74933956963368,0.2896367908849172
99,s3_vlp_blocked,5.822657938153183,7.968265377624689,False,False,False,laplacian,96,6.041181956561069,8.814228812570773,0.4492458515607572
0,s4_mixed_dynamic,8.548260044884431,3.875368266732585,False,False,True,static_raw,39,9.12193122796413,3.746415812201852,0.6066420847053428
0,s4_mixed_dynamic,8.548260044884431,3.875368266732585,False,False,True,graph_diffusion_1,39,9.071345289568479,3.7483937967154572,0.47655658081728175
0,s4_mixed_dynamic,8.548260044884431,3.875368266732585,False,False,True,graph_diffusion_3,39,8.977501699300534,3.7506460602284735,0.3224106337206325
0,s4_mixed_dynamic,8.548260044884431,3.875368266732585,False,False,True,laplacian,39,9.053665403065478,3.746540072008522,0.4875549738471799
1,s4_mixed_dynamic,8.648647791547123,3.682160416153107,False,False,True,static_raw,38,7.854704565891829,2.999891676381732,0.5513567089745219
1,s4_mixed_dynamic,8.648647791547123,3.682160416153107,False,False,True,graph_diffusion_1,38,7.870330190122035,3.0057164278283146,0.41441683445309335
1,s4_mixed_dynamic,8.648647791547123,3.682160416153107,False,False,True,graph_diffusion_3,38,7.883976016791452,3.014448087416242,0.2580159714436202
1,s4_mixed_dynamic,8.648647791547123,3.682160416153107,False,False,True,laplacian,38,7.848157540077603,3.0049510734916223,0.4085913772546222
2,s4_mixed_dynamic,8.904314502785434,3.314602216855924,False,False,True,static_raw,38,8.673444696167488,3.8618893930063343,0.563564889720792
2,s4_mixed_dynamic,8.904314502785434,3.314602216855924,False,False,True,graph_diffusion_1,38,8.664964829885752,3.8572616616826667,0.432010498435138
2,s4_mixed_dynamic,8.904314502785434,3.314602216855924,False,False,True,graph_diffusion_3,38,8.637621931996438,3.8501592087665992,0.27956699042190736
2,s4_mixed_dynamic,8.904314502785434,3.314602216855924,False,False,True,laplacian,38,8.64501435324845,3.8619499050873287,0.42441539142211243
3,s4_mixed_dynamic,9.310389003930128,3.04167485894367,False,False,True,static_raw,29,8.402557923964663,2.2669575202200622,0.509545981445878
3,s4_mixed_dynamic,9.310389003930128,3.04167485894367,False,False,True,graph_diffusion_1,29,8.357299567634712,2.2707580341745723,0.3893799093212113
3,s4_mixed_dynamic,9.310389003930128,3.04167485894367,False,False,True,graph_diffusion_3,29,8.282483222139277,2.2720911631876994,0.2502626246944385
3,s4_mixed_dynamic,9.310389003930128,3.04167485894367,False,False,True,laplacian,29,8.353093371113285,2.277830423649492,0.4024290508764281
4,s4_mixed_dynamic,9.706838327803332,2.8964874698404373,False,False,True,static_raw,39,8.71488052338627,2.618460005376963,0.5008290411485933
4,s4_mixed_dynamic,9.706838327803332,2.8964874698404373,False,False,True,graph_diffusion_1,39,8.671522797452774,2.611298430319464,0.3820238148860383
4,s4_mixed_dynamic,9.706838327803332,2.8964874698404373,False,False,True,graph_diffusion_3,39,8.59542600948377,2.600196984352115,0.24685924498028794
4,s4_mixed_dynamic,9.706838327803332,2.8964874698404373,False,False,True,laplacian,39,8.663756001949062,2.629122996613505,0.39615900490632705
5,s4_mixed_dynamic,9.41844096729231,2.900422758078939,False,False,True,static_raw,29,8.94457072112853,2.1303319873530167,0.6495015341948717
5,s4_mixed_dynamic,9.41844096729231,2.900422758078939,False,False,True,graph_diffusion_1,29,8.897147436359102,2.135918462249534,0.5027662903569666
5,s4_mixed_dynamic,9.41844096729231,2.900422758078939,False,False,True,graph_diffusion_3,29,8.814278354823033,2.1378137197538596,0.32704381695377205
5,s4_mixed_dynamic,9.41844096729231,2.900422758078939,False,False,True,laplacian,29,8.88282484437286,2.1439267125918056,0.5154753164725167
6,s4_mixed_dynamic,8.964378339140287,2.9597287260816096,False,False,True,static_raw,29,9.109336473871023,2.450803678887513,0.686694180606873
6,s4_mixed_dynamic,8.964378339140287,2.9597287260816096,False,False,True,graph_diffusion_1,29,9.057306067796372,2.452477296147945,0.53511203661132
6,s4_mixed_dynamic,8.964378339140287,2.9597287260816096,False,False,True,graph_diffusion_3,29,8.964148698373931,2.4440608211099004,0.3527566050205373
6,s4_mixed_dynamic,8.964378339140287,2.9597287260816096,False,False,True,laplacian,29,9.040201032969563,2.4558557854491445,0.5475001354669538
7,s4_mixed_dynamic,8.774353844140126,3.131454780222936,False,False,True,static_raw,29,9.210159383414142,3.017227976076794,0.4723340184817771
7,s4_mixed_dynamic,8.774353844140126,3.131454780222936,False,False,True,graph_diffusion_1,29,9.158190650666995,3.0206290411523935,0.3812963734623356
7,s4_mixed_dynamic,8.774353844140126,3.131454780222936,False,False,True,graph_diffusion_3,29,9.062708357908678,3.0158283682703373,0.2709636909119066
7,s4_mixed_dynamic,8.774353844140126,3.131454780222936,False,False,True,laplacian,29,9.138610459830886,3.0180453078293947,0.3880022000949271
8,s4_mixed_dynamic,8.418152736801511,3.188810020474088,False,False,True,static_raw,38,7.882674255762607,3.2492533482431876,0.5484919475500136
8,s4_mixed_dynamic,8.418152736801511,3.188810020474088,False,False,True,graph_diffusion_1,38,7.8967492156916705,3.2530204399044567,0.41511244264951513
8,s4_mixed_dynamic,8.418152736801511,3.188810020474088,False,False,True,graph_diffusion_3,38,7.907075300790737,3.2587507618156684,0.2612424347177135
8,s4_mixed_dynamic,8.418152736801511,3.188810020474088,False,False,True,laplacian,38,7.873788752044747,3.2529397865476937,0.40854215577208575
9,s4_mixed_dynamic,8.165062128503568,3.3554638975618585,False,False,True,static_raw,38,8.685870511637695,3.0587207043533367,0.5382998115017601
9,s4_mixed_dynamic,8.165062128503568,3.3554638975618585,False,False,True,graph_diffusion_1,38,8.674067867095133,3.0656233360411944,0.4123953489628646
9,s4_mixed_dynamic,8.165062128503568,3.3554638975618585,False,False,True,graph_diffusion_3,38,8.643329053585896,3.071024138962552,0.2671136337775299
9,s4_mixed_dynamic,8.165062128503568,3.3554638975618585,False,False,True,laplacian,38,8.655080348548218,3.0617590374319508,0.40509645543272077
10,s4_mixed_dynamic,8.047852018915972,3.3896047138916883,True,False,True,static_raw,38,8.882329998003076,2.917702415901928,0.5003722500468505
10,s4_mixed_dynamic,8.047852018915972,3.3896047138916883,True,False,True,graph_diffusion_1,38,8.857496962206909,2.932230062114729,0.37691344437652397
10,s4_mixed_dynamic,8.047852018915972,3.3896047138916883,True,False,True,graph_diffusion_3,38,8.807027230534835,2.9457419068856314,0.24106005796026586
10,s4_mixed_dynamic,8.047852018915972,3.3896047138916883,True,False,True,laplacian,38,8.838656933488078,2.9223118480250068,0.3705390626195404
11,s4_mixed_dynamic,7.628992597812742,3.5120336380508936,True,False,True,static_raw,37,7.368600971999461,4.293996131640149,0.5129065892097364
11,s4_mixed_dynamic,7.628992597812742,3.5120336380508936,True,False,True,graph_diffusion_1,37,7.370959824489974,4.295422904800354,0.3901943370001218
11,s4_mixed_dynamic,7.628992597812742,3.5120336380508936,True,False,True,graph_diffusion_3,37,7.377746264685067,4.296538974429068,0.24600174426737575
11,s4_mixed_dynamic,7.628992597812742,3.5120336380508936,True,False,True,laplacian,37,7.366379131292954,4.294019605474419,0.38064119484415115
12,s4_mixed_dynamic,7.264240580596287,3.551955010215912,True,False,True,static_raw,37,8.426881586122514,3.9605199296402587,0.5037530538668806
12,s4_mixed_dynamic,7.264240580596287,3.551955010215912,True,False,True,graph_diffusion_1,37,8.390934829160043,3.956462832403418,0.3821322670374483
12,s4_mixed_dynamic,7.264240580596287,3.551955010215912,True,False,True,graph_diffusion_3,37,8.328681842579007,3.948774766847171,0.2386896720372257
12,s4_mixed_dynamic,7.264240580596287,3.551955010215912,True,False,True,laplacian,37,8.386234502845866,3.960568602438975,0.36960786294783066
13,s4_mixed_dynamic,6.807654944686304,3.3798711617406227,True,False,True,static_raw,37,5.560875765413925,2.347109215674661,0.500000024019053
13,s4_mixed_dynamic,6.807654944686304,3.3798711617406227,True,False,True,graph_diffusion_1,37,5.561627530893292,2.3623220442369908,0.3751811939088626
13,s4_mixed_dynamic,6.807654944686304,3.3798711617406227,True,False,True,graph_diffusion_3,37,5.5691159094108045,2.394440728724573,0.22844763440782798
13,s4_mixed_dynamic,6.807654944686304,3.3798711617406227,True,False,True,laplacian,37,5.560653304135964,2.369584885055589,0.3647903170563335
14,s4_mixed_dynamic,6.644376635151973,3.2678225998295574,True,False,True,static_raw,36,6.484440115173777,2.0158581023955655,0.5000000897729759
14,s4_mixed_dynamic,6.644376635151973,3.2678225998295574,True,False,True,graph_diffusion_1,36,6.484623147667946,2.061437936100028,0.3787145043479449
14,s4_mixed_dynamic,6.644376635151973,3.2678225998295574,True,False,True,graph_diffusion_3,36,6.486488089556561,2.1406320937660643,0.23454964847280052
14,s4_mixed_dynamic,6.644376635151973,3.2678225998295574,True,False,True,laplacian,36,6.484347403725729,2.0604018310282153,0.3649726590509135
15,s4_mixed_dynamic,6.164360277507891,3.220123101722137,True,False,True,static_raw,36,7.5746091990677105,3.9028605298822527,0.5015887546483113
15,s4_mixed_dynamic,6.164360277507891,3.220123101722137,True,False,True,graph_diffusion_1,36,7.566233502436858,3.9037973835129773,0.37766110311702966
15,s4_mixed_dynamic,6.164360277507891,3.220123101722137,True,False,True,graph_diffusion_3,36,7.546743965010829,3.9047101750931392,0.23347641472065994
15,s4_mixed_dynamic,6.164360277507891,3.220123101722137,True,False,True,laplacian,36,7.5568451926191935,3.902902002059939,0.36840326769492476
16,s4_mixed_dynamic,5.921670782647944,3.170353913208966,True,False,True,static_raw,25,4.868595712835663,2.628451286032482,0.5242040279032165
16,s4_mixed_dynamic,5.921670782647944,3.170353913208966,True,False,True,graph_diffusion_1,25,4.867899498497372,2.627997148416471,0.40119298987810337
16,s4_mixed_dynamic,5.921670782647944,3.170353913208966,True,False,True,graph_diffusion_3,25,4.867405661798945,2.6246396977541924,0.25575342992574457
16,s4_mixed_dynamic,5.921670782647944,3.170353913208966,True,False,True,laplacian,25,4.868712290721731,2.632046807291105,0.3910494627737394
17,s4_mixed_dynamic,5.679154300480839,2.9818995639648525,True,False,True,static_raw,25,5.999139108284305,2.6241538182760693,0.5451366794866764
17,s4_mixed_dynamic,5.679154300480839,2.9818995639648525,True,False,True,graph_diffusion_1,25,5.999948647253461,2.6217048667553295,0.42059131883329637
17,s4_mixed_dynamic,5.679154300480839,2.9818995639648525,True,False,True,graph_diffusion_3,25,6.001982636956557,2.614031172965835,0.27152043289918004
17,s4_mixed_dynamic,5.679154300480839,2.9818995639648525,True,False,True,laplacian,25,5.999015572852233,2.6254595563286953,0.4095679201211489
18,s4_mixed_dynamic,5.40719635144305,2.708371836226452,True,False,True,static_raw,25,5.133040076910606,3.9930845095805596,0.500130474102324
18,s4_mixed_dynamic,5.40719635144305,2.708371836226452,True,False,True,graph_diffusion_1,25,5.132778580761021,3.993506191406772,0.37525530703164245
18,s4_mixed_dynamic,5.40719635144305,2.708371836226452,True,False,True,graph_diffusion_3,25,5.13279708628586,3.9887441300337736,0.22885841691880662
18,s4_mixed_dynamic,5.40719635144305,2.708371836226452,True,False,True,laplacian,25,5.133093044391115,3.9933861595519264,0.36532225401892154
19,s4_mixed_dynamic,5.231798982702207,2.4839699101632213,True,False,True,static_raw,25,5.956031093587327,1.9633646708082955,0.5116144649265965
19,s4_mixed_dynamic,5.231798982702207,2.4839699101632213,True,False,True,graph_diffusion_1,25,5.949754993474677,1.9870434361525682,0.3900286263828625
19,s4_mixed_dynamic,5.231798982702207,2.4839699101632213,True,False,True,graph_diffusion_3,25,5.938153490164722,2.027252623584546,0.24649526031968516
19,s4_mixed_dynamic,5.231798982702207,2.4839699101632213,True,False,True,laplacian,25,5.950588521696237,1.9918589438356213,0.3780025034585071
20,s4_mixed_dynamic,5.28923634607891,2.192766390499288,False,False,True,static_raw,25,6.29077126381044,2.9395498657156125,0.5392595905645825
20,s4_mixed_dynamic,5.28923634607891,2.192766390499288,False,False,True,graph_diffusion_1,25,6.285612494522985,2.9411447503595247,0.41071504578151186
20,s4_mixed_dynamic,5.28923634607891,2.192766390499288,False,False,True,graph_diffusion_3,25,6.2743442088595005,2.9402234853119404,0.25848986944884295
20,s4_mixed_dynamic,5.28923634607891,2.192766390499288,False,False,True,laplacian,25,6.283292359894276,2.9437580164373616,0.39961019484609306
21,s4_mixed_dynamic,5.38054459804343,2.090291333531373,False,False,True,static_raw,25,5.037274720747155,2.4930756204738644,0.3502486845347548
21,s4_mixed_dynamic,5.38054459804343,2.090291333531373,False,False,True,graph_diffusion_1,25,5.03870814582142,2.4850973102909255,0.28342933741082316
21,s4_mixed_dynamic,5.38054459804343,2.090291333531373,False,False,True,graph_diffusion_3,25,5.040860835819943,2.4754989175884456,0.19836569045846134
21,s4_mixed_dynamic,5.38054459804343,2.090291333531373,False,False,True,laplacian,25,5.037350156395045,2.4978543777317754,0.27579427084691194
22,s4_mixed_dynamic,5.395660287878729,1.904575277898607,False,False,True,static_raw,15,5.477560316378307,2.4954241213058723,0.5200118546661481
22,s4_mixed_dynamic,5.395660287878729,1.904575277898607,False,False,True,graph_diffusion_1,15,5.4775976852451,2.475670931746449,0.39050275844963284
22,s4_mixed_dynamic,5.395660287878729,1.904575277898607,False,False,True,graph_diffusion_3,15,5.477443114631104,2.455973575304638,0.24254794923772932
22,s4_mixed_dynamic,5.395660287878729,1.904575277898607,False,False,True,laplacian,15,5.476837665085664,2.50120910862329,0.38443049366609444
23,s4_mixed_dynamic,5.346981386445022,1.7399481748937806,False,False,True,static_raw,15,4.942209677176907,1.3123983868522657,0.5228721513898573
23,s4_mixed_dynamic,5.346981386445022,1.7399481748937806,False,False,True,graph_diffusion_1,15,4.9488473946443,1.321602691783217,0.39832978189596724
23,s4_mixed_dynamic,5.346981386445022,1.7399481748937806,False,False,True,graph_diffusion_3,15,4.958278201004629,1.3501005122241456,0.25636487346332104
23,s4_mixed_dynamic,5.346981386445022,1.7399481748937806,False,False,True,laplacian,15,4.942229486202228,1.3414691654910558,0.39192738436796803
24,s4_mixed_dynamic,5.356397214861652,1.3990305548570758,False,False,True,static_raw,15,5.42522683001046,1.6062382265769064,0.5935840479323469
24,s4_mixed_dynamic,5.356397214861652,1.3990305548570758,False,False,True,graph_diffusion_1,15,5.426056737157306,1.6059454310028267,0.4551868767275701
24,s4_mixed_dynamic,5.356397214861652,1.3990305548570758,False,False,True,graph_diffusion_3,15,5.427265702278839,1.6184155514124448,0.2933032988500081
24,s4_mixed_dynamic,5.356397214861652,1.3990305548570758,False,False,True,laplacian,15,5.425065195266643,1.6266576627854419,0.4470514677642485
25,s4_mixed_dynamic,5.55511192506875,1.1971395250192285,False,True,True,static_raw,15,5.174963796658279,1.1730415267860363,0.5474079142233266
25,s4_mixed_dynamic,5.55511192506875,1.1971395250192285,False,True,True,graph_diffusion_1,15,5.179809361927173,1.1909746044860858,0.4213393262000213
25,s4_mixed_dynamic,5.55511192506875,1.1971395250192285,False,True,True,graph_diffusion_3,15,5.186940560892204,1.2333359438676452,0.2755000492244334
25,s4_mixed_dynamic,5.55511192506875,1.1971395250192285,False,True,True,laplacian,15,5.17496378438833,1.2099899018938411,0.4132386453052244
26,s4_mixed_dynamic,5.644488914276651,1.1264421585125568,False,True,True,static_raw,4,5.384269907567508,1.239127460673111,0.5018945274838382
26,s4_mixed_dynamic,5.644488914276651,1.1264421585125568,False,True,True,graph_diffusion_1,4,5.39499404099389,1.2834447054708147,0.3832561944817164
26,s4_mixed_dynamic,5.644488914276651,1.1264421585125568,False,True,True,graph_diffusion_3,4,5.413111609919233,1.3646735162890709,0.24766654693616527
26,s4_mixed_dynamic,5.644488914276651,1.1264421585125568,False,True,True,laplacian,4,5.3840009663826605,1.2946575525557902,0.3965189232759793
27,s4_mixed_dynamic,5.99191614365339,0.7779056103368667,False,True,True,static_raw,9,7.903899016601448,1.0037013320377686,0.499999999955033
27,s4_mixed_dynamic,5.99191614365339,0.7779056103368667,False,True,True,graph_diffusion_1,9,7.790900036543916,1.080636747887709,0.39122183489201
27,s4_mixed_dynamic,5.99191614365339,0.7779056103368667,False,True,True,graph_diffusion_3,9,7.628930262060397,1.2042495200995038,0.2584003358833445
27,s4_mixed_dynamic,5.99191614365339,0.7779056103368667,False,True,True,laplacian,9,7.8578089611225925,1.0669775666623176,0.4222561595180707
28,s4_mixed_dynamic,6.3719359824611015,0.5133126785859624,False,True,True,static_raw,44,5.751337056093414,3.0734301268622892,0.500000086066559
28,s4_mixed_dynamic,6.3719359824611015,0.5133126785859624,False,True,True,graph_diffusion_1,44,5.75308347676899,3.0802235631387527,0.3745717519740444
28,s4_mixed_dynamic,6.3719359824611015,0.5133126785859624,False,True,True,graph_diffusion_3,44,5.75854439294924,3.0939584703252647,0.22768476441372057
28,s4_mixed_dynamic,6.3719359824611015,0.5133126785859624,False,True,True,laplacian,44,5.750224761460534,3.087754294433456,0.36480238814886645
29,s4_mixed_dynamic,6.642725720701172,0.2610300095402053,False,True,True,static_raw,9,7.954499654929142,0.8220193608472199,0.5000000001169315
29,s4_mixed_dynamic,6.642725720701172,0.2610300095402053,False,True,True,graph_diffusion_1,9,7.84656112933703,0.8969865051076835,0.3919749156194393
29,s4_mixed_dynamic,6.642725720701172,0.2610300095402053,False,True,True,graph_diffusion_3,9,7.6921194433538105,1.0216972109778832,0.2600973732761355
29,s4_mixed_dynamic,6.642725720701172,0.2610300095402053,False,True,True,laplacian,9,7.908511068377349,0.8926343074582163,0.4223395127849202
30,s4_mixed_dynamic,6.746242668239441,0.1917048919949815,False,True,True,static_raw,9,8.698795626171549,1.0272611903775444,0.5001055048189504
30,s4_mixed_dynamic,6.746242668239441,0.1917048919949815,False,True,True,graph_diffusion_1,9,8.617523654055537,1.1050104413540387,0.39098963199184894
30,s4_mixed_dynamic,6.746242668239441,0.1917048919949815,False,True,True,graph_diffusion_3,9,8.49734009466391,1.2272040238743387,0.2630285223019929
30,s4_mixed_dynamic,6.746242668239441,0.1917048919949815,False,True,True,laplacian,9,8.646996832003955,1.0887015717316288,0.42363517925447297
31,s4_mixed_dynamic,6.356442515941112,0.4369455288091974,False,True,True,static_raw,6,6.958072224489991,1.8030079476418484,0.5153687458369692
31,s4_mixed_dynamic,6.356442515941112,0.4369455288091974,False,True,True,graph_diffusion_1,6,6.962935647378415,1.8509052571473683,0.39328658716814024
31,s4_mixed_dynamic,6.356442515941112,0.4369455288091974,False,True,True,graph_diffusion_3,6,6.970029338632545,1.934716050049817,0.2519353128060489
31,s4_mixed_dynamic,6.356442515941112,0.4369455288091974,False,True,True,laplacian,6,6.953464821742631,1.8509261365558027,0.4063169425599874
32,s4_mixed_dynamic,6.090439232524188,0.6864641265250186,False,True,True,static_raw,6,6.054352895489264,0.9529590148141721,0.5383275637015495
32,s4_mixed_dynamic,6.090439232524188,0.6864641265250186,False,True,True,graph_diffusion_1,6,6.049392287701884,1.0001533980656303,0.4209859450829172
32,s4_mixed_dynamic,6.090439232524188,0.6864641265250186,False,True,True,graph_diffusion_3,6,6.042169566530671,1.0879014949574406,0.28458071871454094
32,s4_mixed_dynamic,6.090439232524188,0.6864641265250186,False,True,True,laplacian,6,6.054307916288048,1.0166168629496743,0.4325026648637436
33,s4_mixed_dynamic,5.949226125977861,0.8518939098654703,False,True,True,static_raw,44,6.0709187072952275,3.1893321553333243,0.499986989280357
33,s4_mixed_dynamic,5.949226125977861,0.8518939098654703,False,True,True,graph_diffusion_1,44,6.066173153741809,3.1998488204871354,0.3752253403539613
33,s4_mixed_dynamic,5.949226125977861,0.8518939098654703,False,True,True,graph_diffusion_3,44,6.061211475209432,3.2165538018915716,0.22858603444740383
33,s4_mixed_dynamic,5.949226125977861,0.8518939098654703,False,True,True,laplacian,44,6.0638283465919205,3.2031794450618087,0.36478304653596094
34,s4_mixed_dynamic,5.8095047430555145,1.1091466717902831,False,True,True,static_raw,15,5.362906248447988,1.504010008814037,0.5975275839511496
34,s4_mixed_dynamic,5.8095047430555145,1.1091466717902831,False,True,True,graph_diffusion_1,15,5.364447065031982,1.5061421413496985,0.4586266260604153
34,s4_mixed_dynamic,5.8095047430555145,1.1091466717902831,False,True,True,graph_diffusion_3,15,5.366671843581699,1.5227974706856806,0.2962275929976302
34,s4_mixed_dynamic,5.8095047430555145,1.1091466717902831,False,True,True,laplacian,15,5.362873537030167,1.5266068694001547,0.4504579877525395
35,s4_mixed_dynamic,5.579978519259318,1.272432489793561,False,True,True,static_raw,15,5.184858866453924,1.50331043550929,0.5651827548787823
35,s4_mixed_dynamic,5.579978519259318,1.272432489793561,False,True,True,graph_diffusion_1,15,5.18823162906278,1.5049272239975,0.4327370849152724
35,s4_mixed_dynamic,5.579978519259318,1.272432489793561,False,True,True,graph_diffusion_3,15,5.192947206877591,1.5208202120812986,0.2794682355699525
35,s4_mixed_dynamic,5.579978519259318,1.272432489793561,False,True,True,laplacian,15,5.184868276710402,1.5255205812684658,0.4255673216072223
36,s4_mixed_dynamic,5.338528190625762,1.3036592905789073,False,False,True,static_raw,15,5.363993621564488,1.9671589712290594,0.5636039793356494
36,s4_mixed_dynamic,5.338528190625762,1.3036592905789073,False,False,True,graph_diffusion_1,15,5.365241931658156,1.9544129492028421,0.42849981694485706
36,s4_mixed_dynamic,5.338528190625762,1.3036592905789073,False,False,True,graph_diffusion_3,15,5.366951485601694,1.9462388158317,0.2724062911942016
36,s4_mixed_dynamic,5.338528190625762,1.3036592905789073,False,False,True,laplacian,15,5.363949200374302,1.977435813941103,0.4217277474714754
37,s4_mixed_dynamic,4.912072310282084,1.4157812756540196,False,False,True,static_raw,4,4.9493106046300746,0.798623602109834,0.5622807087302762
37,s4_mixed_dynamic,4.912072310282084,1.4157812756540196,False,False,True,graph_diffusion_1,4,4.9526803153920795,0.8528937625429975,0.447444182631329
37,s4_mixed_dynamic,4.912072310282084,1.4157812756540196,False,False,True,graph_diffusion_3,4,4.9581718959593974,0.9533607095371718,0.3093638555292271
37,s4_mixed_dynamic,4.912072310282084,1.4157812756540196,False,False,True,laplacian,4,4.949236217780736,0.8721857936659845,0.45565591197369043
38,s4_mixed_dynamic,4.826303961432351,1.586236364932186,False,False,True,static_raw,4,3.8623064475373825,2.4558934441531397,0.2809533992733068
38,s4_mixed_dynamic,4.826303961432351,1.586236364932186,False,False,True,graph_diffusion_1,4,3.8595839126375484,2.4773390355364078,0.22950264621059643
38,s4_mixed_dynamic,4.826303961432351,1.586236364932186,False,False,True,graph_diffusion_3,4,3.854497248005681,2.5195885464213594,0.1634818397678989
38,s4_mixed_dynamic,4.826303961432351,1.586236364932186,False,False,True,laplacian,4,3.8636360175285303,2.4834819926785157,0.23306211209546795
39,s4_mixed_dynamic,4.8018178978276085,1.8759997678234683,False,False,True,static_raw,14,5.146870011593891,1.88494495612944,0.5146745813493525
39,s4_mixed_dynamic,4.8018178978276085,1.8759997678234683,False,False,True,graph_diffusion_1,14,5.14030824127301,1.8763360068079065,0.3889442237319737
39,s4_mixed_dynamic,4.8018178978276085,1.8759997678234683,False,False,True,graph_diffusion_3,14,5.131402802130383,1.8750467624251725,0.2458931581707321
39,s4_mixed_dynamic,4.8018178978276085,1.8759997678234683,False,False,True,laplacian,14,5.14623143008724,1.8985220274601,0.3833087031802203
40,s4_mixed_dynamic,4.769561461430565,2.1910721381589235,False,False,True,static_raw,24,4.757490337036568,2.40475863599219,0.5736846186602265
40,s4_mixed_dynamic,4.769561461430565,2.1910721381589235,False,False,True,graph_diffusion_1,24,4.757839818433853,2.4042593762291835,0.4427305870462306
40,s4_mixed_dynamic,4.769561461430565,2.1910721381589235,False,False,True,graph_diffusion_3,24,4.75803783722273,2.4026868999581277,0.2856542060152348
40,s4_mixed_dynamic,4.769561461430565,2.1910721381589235,False,False,True,laplacian,24,4.757491756821035,2.410781847803444,0.4310693559578478
41,s4_mixed_dynamic,4.525918490013359,2.572296491893161,False,False,True,static_raw,24,5.096761711820082,2.4787954506994714,0.5260606362564205
41,s4_mixed_dynamic,4.525918490013359,2.572296491893161,False,False,True,graph_diffusion_1,24,5.096971283937143,2.4826974922924094,0.4024515222646425
41,s4_mixed_dynamic,4.525918490013359,2.572296491893161,False,False,True,graph_diffusion_3,24,5.096414031104339,2.4876119745082166,0.256338301802835
41,s4_mixed_dynamic,4.525918490013359,2.572296491893161,False,False,True,laplacian,24,5.096231091837796,2.486887895817022,0.3920674442702033
42,s4_mixed_dynamic,4.603145206950584,2.691606464543516,False,False,True,static_raw,24,3.418003616404602,3.091975502027759,0.5034754132040242
42,s4_mixed_dynamic,4.603145206950584,2.691606464543516,False,False,True,graph_diffusion_1,24,3.416097081814858,3.09327588701576,0.3795377558105238
42,s4_mixed_dynamic,4.603145206950584,2.691606464543516,False,False,True,graph_diffusion_3,24,3.416659449125358,3.090677461735877,0.23440328177759517
42,s4_mixed_dynamic,4.603145206950584,2.691606464543516,False,False,True,laplacian,24,3.423513422626134,3.0926911403042014,0.37028030237512094
43,s4_mixed_dynamic,4.636858519470941,2.83301729155527,False,False,True,static_raw,24,4.527147537637497,2.1733135377324313,0.5666387103969414
43,s4_mixed_dynamic,4.636858519470941,2.83301729155527,False,False,True,graph_diffusion_1,24,4.52713369328115,2.1814659377793504,0.4375360960282286
43,s4_mixed_dynamic,4.636858519470941,2.83301729155527,False,False,True,graph_diffusion_3,24,4.526955634080169,2.1955264492341,0.28239094887280236
43,s4_mixed_dynamic,4.636858519470941,2.83301729155527,False,False,True,laplacian,24,4.527237362174224,2.187439348929129,0.4253245256950496
44,s4_mixed_dynamic,4.734121569139968,3.1877348970907184,False,False,True,static_raw,34,4.74835414557523,2.5820703848462148,0.5156326437721501
44,s4_mixed_dynamic,4.734121569139968,3.1877348970907184,False,False,True,graph_diffusion_1,34,4.748467442622059,2.5904128183573856,0.39167621156021887
44,s4_mixed_dynamic,4.734121569139968,3.1877348970907184,False,False,True,graph_diffusion_3,34,4.748605907918166,2.6079697146449994,0.2462901010778402
44,s4_mixed_dynamic,4.734121569139968,3.1877348970907184,False,False,True,laplacian,34,4.748356418105923,2.597099992585613,0.38157395138670863
45,s4_mixed_dynamic,4.820450082367587,3.2794971977323337,True,False,True,static_raw,34,6.256432857330754,4.618193760730973,0.5000081975525745
45,s4_mixed_dynamic,4.820450082367587,3.2794971977323337,True,False,True,graph_diffusion_1,34,6.258743091973891,4.621378545581979,0.3741924515207977
45,s4_mixed_dynamic,4.820450082367587,3.2794971977323337,True,False,True,graph_diffusion_3,34,6.258859337945677,4.626532922758974,0.22731528120502675
45,s4_mixed_dynamic,4.820450082367587,3.2794971977323337,True,False,True,laplacian,34,6.247658398184582,4.618116764742177,0.3648837236858506
46,s4_mixed_dynamic,5.062857013263392,3.3252726841438496,True,False,True,static_raw,35,6.530058505092654,2.215890525170716,0.5000000018495476
46,s4_mixed_dynamic,5.062857013263392,3.3252726841438496,True,False,True,graph_diffusion_1,35,6.526655953955873,2.2423797697182013,0.3762951391492289
46,s4_mixed_dynamic,5.062857013263392,3.3252726841438496,True,False,True,graph_diffusion_3,35,6.5293389141533265,2.286139294493121,0.22994717936505776
46,s4_mixed_dynamic,5.062857013263392,3.3252726841438496,True,False,True,laplacian,35,6.528627793187893,2.2464040454980396,0.3648200900792849
47,s4_mixed_dynamic,5.223527674927983,3.3636079119505795,True,False,True,static_raw,35,6.6743203434772385,3.321865660874418,0.5002800939336807
47,s4_mixed_dynamic,5.223527674927983,3.3636079119505795,True,False,True,graph_diffusion_1,35,6.681813289355694,3.3210555862242193,0.37490802455650096
47,s4_mixed_dynamic,5.223527674927983,3.3636079119505795,True,False,True,graph_diffusion_3,35,6.692664309711154,3.3177426033502693,0.2295109407405109
47,s4_mixed_dynamic,5.223527674927983,3.3636079119505795,True,False,True,laplacian,35,6.670863278177069,3.322233664299924,0.36657172092056645
48,s4_mixed_dynamic,5.715643126853525,3.4347811219492,True,False,True,static_raw,35,5.325065699370107,2.565391162138167,0.5227235077095943
48,s4_mixed_dynamic,5.715643126853525,3.4347811219492,True,False,True,graph_diffusion_1,35,5.325267916379263,2.58022107958139,0.39797891185218837
48,s4_mixed_dynamic,5.715643126853525,3.4347811219492,True,False,True,graph_diffusion_3,35,5.325608725255283,2.6079677719273517,0.25077056951273474
48,s4_mixed_dynamic,5.715643126853525,3.4347811219492,True,False,True,laplacian,35,5.324935458511667,2.5842006700589293,0.38680734193284255
49,s4_mixed_dynamic,6.036475943181564,3.33849425496013,True,False,True,static_raw,36,7.832086093749036,4.389792460407105,0.5047646325213345
49,s4_mixed_dynamic,6.036475943181564,3.33849425496013,True,False,True,graph_diffusion_1,36,7.795382901285298,4.38223281950081,0.38181951918361867
49,s4_mixed_dynamic,6.036475943181564,3.33849425496013,True,False,True,graph_diffusion_3,36,7.730455089957031,4.370044819969106,0.23623657127907352
49,s4_mixed_dynamic,6.036475943181564,3.33849425496013,True,False,True,laplacian,36,7.794957874786024,4.390037157748375,0.3689265006997525
50,s4_mixed_dynamic,6.26597077792921,3.2310160910129526,True,False,True,static_raw,36,7.27808699184402,3.110155770358952,0.5032768093590213
50,s4_mixed_dynamic,6.26597077792921,3.2310160910129526,True,False,True,graph_diffusion_1,36,7.272843912481232,3.111121436045963,0.3805870970851356
50,s4_mixed_dynamic,6.26597077792921,3.2310160910129526,True,False,True,graph_diffusion_3,36,7.262816989387385,3.111302872018712,0.2382753376807808
50,s4_mixed_dynamic,6.26597077792921,3.2310160910129526,True,False,True,laplacian,36,7.267218160064889,3.113783589457119,0.3716377699663548
51,s4_mixed_dynamic,6.557154939381723,3.0499936079927075,True,False,True,static_raw,26,7.199158262803182,3.3095394535926026,0.5113450849103165
51,s4_mixed_dynamic,6.557154939381723,3.0499936079927075,True,False,True,graph_diffusion_1,26,7.200267578709093,3.311593378829278,0.38542243237449497
51,s4_mixed_dynamic,6.557154939381723,3.0499936079927075,True,False,True,graph_diffusion_3,26,7.198051763239174,3.3098399015021207,0.23850086098925213
51,s4_mixed_dynamic,6.557154939381723,3.0499936079927075,True,False,True,laplacian,26,7.192166894843633,3.309932753695223,0.3763405525637814
52,s4_mixed_dynamic,6.7452470995562726,2.868494108966797,True,False,True,static_raw,26,6.9455999919464935,1.6310625815675501,0.5001174607660884
52,s4_mixed_dynamic,6.7452470995562726,2.868494108966797,True,False,True,graph_diffusion_1,26,6.943502213475895,1.6602743866408023,0.37786271238156494
52,s4_mixed_dynamic,6.7452470995562726,2.868494108966797,True,False,True,graph_diffusion_3,26,6.9469535200387025,1.7086195420059593,0.23470576868225315
52,s4_mixed_dynamic,6.7452470995562726,2.868494108966797,True,False,True,laplacian,26,6.945249748627371,1.6664220732078046,0.3669687417540732
53,s4_mixed_dynamic,6.89633119872926,2.646701910339533,True,False,True,static_raw,26,5.5435965437949495,1.7591394188747524,0.5004234967675499
53,s4_mixed_dynamic,6.89633119872926,2.646701910339533,True,False,True,graph_diffusion_1,26,5.546628143886799,1.7821753095983672,0.37716364696981297
53,s4_mixed_dynamic,6.89633119872926,2.646701910339533,True,False,True,graph_diffusion_3,26,5.553549322804595,1.8228500945841803,0.2323095385817957
53,s4_mixed_dynamic,6.89633119872926,2.646701910339533,True,False,True,laplacian,26,5.543590211824459,1.7882272702679247,0.36615184051668986
54,s4_mixed_dynamic,7.093839490462012,2.230395250989873,True,False,True,static_raw,27,6.463281788639679,1.9848431102168922,0.49067554315175604
54,s4_mixed_dynamic,7.093839490462012,2.230395250989873,True,False,True,graph_diffusion_1,27,6.461426044402703,1.9902999004174513,0.3695907106104941
54,s4_mixed_dynamic,7.093839490462012,2.230395250989873,True,False,True,graph_diffusion_3,27,6.465854343913526,2.003184993973222,0.2277830191454504
54,s4_mixed_dynamic,7.093839490462012,2.230395250989873,True,False,True,laplacian,27,6.462950990004417,1.9999648322303771,0.36076485208308706
55,s4_mixed_dynamic,7.327799421114381,2.083866639869165,True,False,True,static_raw,27,8.039986931309569,1.9099645503450755,0.49754574506863836
55,s4_mixed_dynamic,7.327799421114381,2.083866639869165,True,False,True,graph_diffusion_1,27,8.056443787239493,1.898171555054064,0.36684679809296955
55,s4_mixed_dynamic,7.327799421114381,2.083866639869165,True,False,True,graph_diffusion_3,27,8.07261995803458,1.889184255698166,0.22391126790351168
55,s4_mixed_dynamic,7.327799421114381,2.083866639869165,True,False,True,laplacian,27,8.032464760755088,1.9214981261575583,0.36619021803182616
56,s4_mixed_dynamic,7.4404788553418495,2.0885416935474934,True,False,True,static_raw,17,5.189469758564648,2.0948672083726603,0.4841445340195799
56,s4_mixed_dynamic,7.4404788553418495,2.0885416935474934,True,False,True,graph_diffusion_1,17,5.206690257690165,2.0792186476095256,0.3597068457086133
56,s4_mixed_dynamic,7.4404788553418495,2.0885416935474934,True,False,True,graph_diffusion_3,17,5.234263753874067,2.0640945388435576,0.2172210657487114
56,s4_mixed_dynamic,7.4404788553418495,2.0885416935474934,True,False,True,laplacian,17,5.190304778056919,2.1009626103044363,0.3542169971265242
57,s4_mixed_dynamic,7.579211275373233,2.0714456103345764,True,False,True,static_raw,17,8.163810342204831,1.3706079236603645,0.4988640457981675
57,s4_mixed_dynamic,7.579211275373233,2.0714456103345764,True,False,True,graph_diffusion_1,17,8.157490416650564,1.363686198009582,0.3815113416874377
57,s4_mixed_dynamic,7.579211275373233,2.0714456103345764,True,False,True,graph_diffusion_3,17,8.13846709819452,1.372696648074718,0.24654735618709467
57,s4_mixed_dynamic,7.579211275373233,2.0714456103345764,True,False,True,laplacian,17,8.145896883396379,1.3892416281186728,0.37879800162949995
58,s4_mixed_dynamic,7.844337613028887,1.6670430401807117,True,False,True,static_raw,17,6.402030799697801,1.03128920991506,0.500006816980637
58,s4_mixed_dynamic,7.844337613028887,1.6670430401807117,True,False,True,graph_diffusion_1,17,6.423509971649595,1.0599152143465291,0.37477773351245625
58,s4_mixed_dynamic,7.844337613028887,1.6670430401807117,True,False,True,graph_diffusion_3,17,6.46164248497044,1.1196602010601868,0.23116364526425415
58,s4_mixed_dynamic,7.844337613028887,1.6670430401807117,True,False,True,laplacian,17,6.401704676926956,1.0783598747607062,0.3659706813969758
59,s4_mixed_dynamic,7.979950544975631,1.4630004361001532,True,False,True,static_raw,18,8.918789948298185,1.1607399319072726,0.5228070674078863
59,s4_mixed_dynamic,7.979950544975631,1.4630004361001532,True,False,True,graph_diffusion_1,18,8.878508978437466,1.194174127378505,0.4033654457172751
59,s4_mixed_dynamic,7.979950544975631,1.4630004361001532,True,False,True,graph_diffusion_3,18,8.809700309978979,1.2519363923951294,0.26710636935067306
59,s4_mixed_dynamic,7.979950544975631,1.4630004361001532,True,False,True,laplacian,18,8.875929376324441,1.1968984780102716,0.39569857529826347
60,s4_mixed_dynamic,8.127206923732981,1.3162437323059886,False,False,True,static_raw,18,8.589858891143557,1.187483082564175,0.6292356872696525
60,s4_mixed_dynamic,8.127206923732981,1.3162437323059886,False,False,True,graph_diffusion_1,18,8.598030381021758,1.2013956305558249,0.47802094581797194
60,s4_mixed_dynamic,8.127206923732981,1.3162437323059886,False,False,True,graph_diffusion_3,18,8.592395078081626,1.2393634198495813,0.3059449172564731
60,s4_mixed_dynamic,8.127206923732981,1.3162437323059886,False,False,True,laplacian,18,8.573379592775218,1.2214051736451652,0.4776441940996401
61,s4_mixed_dynamic,8.189098931075993,1.1020139318013231,False,False,True,static_raw,18,8.739932164077999,1.7721822523252144,0.5238690724530936
61,s4_mixed_dynamic,8.189098931075993,1.1020139318013231,False,False,True,graph_diffusion_1,18,8.724767563210758,1.7590573158762923,0.3981933590216458
61,s4_mixed_dynamic,8.189098931075993,1.1020139318013231,False,False,True,graph_diffusion_3,18,8.692180911655505,1.743697290734311,0.2571428294208098
61,s4_mixed_dynamic,8.189098931075993,1.1020139318013231,False,False,True,laplacian,18,8.708135391745447,1.783092213933428,0.3960406508129798
62,s4_mixed_dynamic,8.244559866287215,0.9834290739202508,False,False,True,static_raw,18,8.735072122442995,1.2488737808109993,0.62745431128373
62,s4_mixed_dynamic,8.244559866287215,0.9834290739202508,False,False,True,graph_diffusion_1,18,8.72471948390347,1.2608243284259453,0.4762445428922681
62,s4_mixed_dynamic,8.244559866287215,0.9834290739202508,False,False,True,graph_diffusion_3,18,8.694955936005913,1.2929715958910313,0.3045774519525027
62,s4_mixed_dynamic,8.244559866287215,0.9834290739202508,False,False,True,laplacian,18,8.707616153844587,1.2776417875728352,0.474081663551595
63,s4_mixed_dynamic,8.469449233099015,0.5380851752887181,False,False,True,static_raw,8,8.703146081870951,0.7717434504727828,0.6382672720692677
63,s4_mixed_dynamic,8.469449233099015,0.5380851752887181,False,False,True,graph_diffusion_1,8,8.71018645595304,0.8154415078944423,0.4921257006000937
63,s4_mixed_dynamic,8.469449233099015,0.5380851752887181,False,False,True,graph_diffusion_3,8,8.68629426357317,0.9097485335058111,0.33493616941490945
63,s4_mixed_dynamic,8.469449233099015,0.5380851752887181,False,False,True,laplacian,8,8.678383863966653,0.8405699527674341,0.5161913777303353
64,s4_mixed_dynamic,8.61129496830597,0.2850740111733432,False,False,True,static_raw,8,8.764394754182687,0.8256466384646138,0.5836283084975651
64,s4_mixed_dynamic,8.61129496830597,0.2850740111733432,False,False,True,graph_diffusion_1,8,8.765656268253084,0.8639374351128238,0.451379522684717
64,s4_mixed_dynamic,8.61129496830597,0.2850740111733432,False,False,True,graph_diffusion_3,8,8.73355919741956,0.9508863822997602,0.311112524568284
64,s4_mixed_dynamic,8.61129496830597,0.2850740111733432,False,False,True,laplacian,8,8.734518869457792,0.8899265412673127,0.4736596277271217
65,s4_mixed_dynamic,8.649656672908945,0.1829723899998202,False,True,True,static_raw,9,9.001014616312487,1.0827725249578308,0.5237787466670278
65,s4_mixed_dynamic,8.649656672908945,0.1829723899998202,False,True,True,graph_diffusion_1,9,8.925885471324285,1.1594976861941606,0.4183427566899438
65,s4_mixed_dynamic,8.649656672908945,0.1829723899998202,False,True,True,graph_diffusion_3,9,8.806190797571197,1.279471277386007,0.29295805249527573
65,s4_mixed_dynamic,8.649656672908945,0.1829723899998202,False,True,True,laplacian,9,8.939890831271125,1.141122805084441,0.4486431914257782
66,s4_mixed_dynamic,8.433510539178341,0.5984305923139432,False,True,True,static_raw,8,8.735303081368654,0.7315136342183667,0.6431106780119642
66,s4_mixed_dynamic,8.433510539178341,0.5984305923139432,False,True,True,graph_diffusion_1,8,8.73628626661805,0.779629298482877,0.4974413141851969
66,s4_mixed_dynamic,8.433510539178341,0.5984305923139432,False,True,True,graph_diffusion_3,8,8.704615312340536,0.8802327533798567,0.33992076209765404
66,s4_mixed_dynamic,8.433510539178341,0.5984305923139432,False,True,True,laplacian,8,8.70751636421735,0.8039701695342317,0.5198354978414299
67,s4_mixed_dynamic,8.390725265666473,0.8870681197350446,False,True,True,static_raw,19,9.24485837901015,1.249847186852832,0.6255917003333141
67,s4_mixed_dynamic,8.390725265666473,0.8870681197350446,False,True,True,graph_diffusion_1,19,9.199240077175402,1.2493493449948487,0.4841212362056903
67,s4_mixed_dynamic,8.390725265666473,0.8870681197350446,False,True,True,graph_diffusion_3,19,9.102153706996084,1.2818820556936776,0.33185770681948135
67,s4_mixed_dynamic,8.390725265666473,0.8870681197350446,False,True,True,laplacian,19,9.174620291862789,1.278575909222138,0.5063690873048979
68,s4_mixed_dynamic,8.28586833451047,1.075450447649671,False,True,True,static_raw,18,8.793873423494624,1.280646401540356,0.6076752813835166
68,s4_mixed_dynamic,8.28586833451047,1.075450447649671,False,True,True,graph_diffusion_1,18,8.77640639351896,1.290836761057645,0.4627743913977996
68,s4_mixed_dynamic,8.28586833451047,1.075450447649671,False,True,True,graph_diffusion_3,18,8.736488352765036,1.319826773358486,0.29786024209088324
68,s4_mixed_dynamic,8.28586833451047,1.075450447649671,False,True,True,laplacian,18,8.761419526490467,1.307098468948902,0.4599032793351713
69,s4_mixed_dynamic,8.00771188370768,1.2586421068158191,False,True,True,static_raw,18,8.604485691372993,1.770980671667115,0.5222534756889238
69,s4_mixed_dynamic,8.00771188370768,1.2586421068158191,False,True,True,graph_diffusion_1,18,8.599324835809563,1.7577338336972856,0.3988814825766699
69,s4_mixed_dynamic,8.00771188370768,1.2586421068158191,False,True,True,graph_diffusion_3,18,8.582701534928486,1.7423030792448242,0.2586385201117996
69,s4_mixed_dynamic,8.00771188370768,1.2586421068158191,False,True,True,laplacian,18,8.580247710646109,1.7815560410306475,0.39700204910523623
70,s4_mixed_dynamic,7.876253087162693,1.4325757096206515,False,True,True,static_raw,18,8.605593305272007,1.1870424919693898,0.6268011149233182
70,s4_mixed_dynamic,7.876253087162693,1.4325757096206515,False,True,True,graph_diffusion_1,18,8.611562142272405,1.2016978758468373,0.4762434307179564
70,s4_mixed_dynamic,7.876253087162693,1.4325757096206515,False,True,True,graph_diffusion_3,18,8.603199071192288,1.2403375008009976,0.30496121639718554
70,s4_mixed_dynamic,7.876253087162693,1.4325757096206515,False,True,True,laplacian,18,8.587953541589089,1.2210166629450923,0.47554059758689177
71,s4_mixed_dynamic,7.764584357169141,1.783515740895847,False,True,True,static_raw,18,8.252698716335816,1.7398326416545578,0.43884356654722917
71,s4_mixed_dynamic,7.764584357169141,1.783515740895847,False,True,True,graph_diffusion_1,18,8.266689397112168,1.72999584743878,0.34748607702565554
71,s4_mixed_dynamic,7.764584357169141,1.783515740895847,False,True,True,graph_diffusion_3,18,8.281510655211378,1.7206783745763217,0.2365774617815393
71,s4_mixed_dynamic,7.764584357169141,1.783515740895847,False,True,True,laplacian,18,8.243771405712002,1.7506209295025195,0.3447927895037625
72,s4_mixed_dynamic,7.724461665749093,1.919199890822522,False,True,True,static_raw,17,7.997640946151139,1.5580630431290852,0.5813627449188019
72,s4_mixed_dynamic,7.724461665749093,1.919199890822522,False,True,True,graph_diffusion_1,17,7.982832820413358,1.555956087260233,0.4387670383254545
72,s4_mixed_dynamic,7.724461665749093,1.919199890822522,False,True,True,graph_diffusion_3,17,7.96001153820126,1.5644243435062783,0.27533838157142154
72,s4_mixed_dynamic,7.724461665749093,1.919199890822522,False,True,True,laplacian,17,7.980993540847278,1.5764053254101178,0.4325142577658466
73,s4_mixed_dynamic,7.434410446855592,2.196460502510213,False,True,True,static_raw,17,7.457447943820169,1.652366874260005,0.6283037939655994
73,s4_mixed_dynamic,7.434410446855592,2.196460502510213,False,True,True,graph_diffusion_1,17,7.458567784678075,1.6444092062238953,0.4799880884845992
73,s4_mixed_dynamic,7.434410446855592,2.196460502510213,False,True,True,graph_diffusion_3,17,7.465869634886296,1.6438568815705064,0.30603874884606896
73,s4_mixed_dynamic,7.434410446855592,2.196460502510213,False,True,True,laplacian,17,7.455557650952798,1.6658454323921204,0.4727170457245449
74,s4_mixed_dynamic,7.329501734941545,2.341512908882469,False,False,True,static_raw,27,8.265620272872667,2.8256600234326683,0.5264761791488144
74,s4_mixed_dynamic,7.329501734941545,2.341512908882469,False,False,True,graph_diffusion_1,27,8.239889007716489,2.824088212112933,0.3998788934114088
74,s4_mixed_dynamic,7.329501734941545,2.341512908882469,False,False,True,graph_diffusion_3,27,8.19482582296628,2.814761347919378,0.25049181561099704
74,s4_mixed_dynamic,7.329501734941545,2.341512908882469,False,False,True,laplacian,27,8.234546649265718,2.826942038194894,0.388204974341204
75,s4_mixed_dynamic,7.071931175766185,2.639246667376174,False,False,True,static_raw,27,7.24708078387357,2.6150289261985646,0.5673037796115712
75,s4_mixed_dynamic,7.071931175766185,2.639246667376174,False,False,True,graph_diffusion_1,27,7.247363276305391,2.61474471586377,0.437246287471602
75,s4_mixed_dynamic,7.071931175766185,2.639246667376174,False,False,True,graph_diffusion_3,27,7.252104433148905,2.611184852043987,0.28122632109392204
75,s4_mixed_dynamic,7.071931175766185,2.639246667376174,False,False,True,laplacian,27,7.245521348842382,2.61802637213823,0.425965856018738
76,s4_mixed_dynamic,6.978026390337671,2.8586906033898587,False,False,True,static_raw,26,6.662159927340072,2.011666154138296,0.5454533566509948
76,s4_mixed_dynamic,6.978026390337671,2.8586906033898587,False,False,True,graph_diffusion_1,26,6.662718520070692,2.0184906346995013,0.42253091533706805
76,s4_mixed_dynamic,6.978026390337671,2.8586906033898587,False,False,True,graph_diffusion_3,26,6.665470848458138,2.031524174213601,0.2741203657939154
76,s4_mixed_dynamic,6.978026390337671,2.8586906033898587,False,False,True,laplacian,26,6.66174335136279,2.0268183140843563,0.4111356277348877
77,s4_mixed_dynamic,7.056281076272732,3.07562739707137,False,False,True,static_raw,37,7.212650047062491,3.2459374620520847,0.589253179865687
77,s4_mixed_dynamic,7.056281076272732,3.07562739707137,False,False,True,graph_diffusion_1,37,7.212956410003603,3.245305934038645,0.4511745295008108
77,s4_mixed_dynamic,7.056281076272732,3.07562739707137,False,False,True,graph_diffusion_3,37,7.217017218287864,3.2446353315212337,0.2870347364988693
77,s4_mixed_dynamic,7.056281076272732,3.07562739707137,False,False,True,laplacian,37,7.210828121716348,3.2480456523482424,0.4395427133653819
78,s4_mixed_dynamic,6.986478911581751,3.499417790512807,False,False,True,static_raw,37,7.660727331396853,3.2896960464227365,0.5903117982463763
78,s4_mixed_dynamic,6.986478911581751,3.499417790512807,False,False,True,graph_diffusion_1,37,7.658742028245587,3.2896848643892116,0.45537640635076354
78,s4_mixed_dynamic,6.986478911581751,3.499417790512807,False,False,True,graph_diffusion_3,37,7.656285644313034,3.289094391186901,0.29276577209658233
78,s4_mixed_dynamic,6.986478911581751,3.499417790512807,False,False,True,laplacian,37,7.653095203951005,3.291396054055758,0.44309954085459896
79,s4_mixed_dynamic,7.059635179641974,3.643912026483358,False,False,True,static_raw,36,6.576982786598405,3.213563668565298,0.5846911238849626
79,s4_mixed_dynamic,7.059635179641974,3.643912026483358,False,False,True,graph_diffusion_1,36,6.577555884070167,3.213059941477129,0.45067576303368284
79,s4_mixed_dynamic,7.059635179641974,3.643912026483358,False,False,True,graph_diffusion_3,36,6.578767406670889,3.2124700737111924,0.2899596495630757
79,s4_mixed_dynamic,7.059635179641974,3.643912026483358,False,False,True,laplacian,36,6.575913960901983,3.216224686456432,0.4383949436658318
80,s4_mixed_dynamic,7.111230980212548,3.866216527347812,True,False,True,static_raw,36,5.923599182742393,2.355494011569225,0.5054645968226923
80,s4_mixed_dynamic,7.111230980212548,3.866216527347812,True,False,True,graph_diffusion_1,36,5.925500195592,2.3819471637135217,0.38178054851368637
80,s4_mixed_dynamic,7.111230980212548,3.866216527347812,True,False,True,graph_diffusion_3,36,5.928703716905472,2.4295518906070397,0.23620792893341808
80,s4_mixed_dynamic,7.111230980212548,3.866216527347812,True,False,True,laplacian,36,5.922663536682008,2.3841211121909023,0.3700506016591611
81,s4_mixed_dynamic,7.093666462300226,4.151666727840037,True,False,True,static_raw,47,7.315530392223694,5.212405127202719,0.5240241224795192
81,s4_mixed_dynamic,7.093666462300226,4.151666727840037,True,False,True,graph_diffusion_1,47,7.31777711142546,5.213494360857207,0.3996060510882307
81,s4_mixed_dynamic,7.093666462300226,4.151666727840037,True,False,True,graph_diffusion_3,47,7.325089630509707,5.214938131629523,0.25295177607991837
81,s4_mixed_dynamic,7.093666462300226,4.151666727840037,True,False,True,laplacian,47,7.314028422227505,5.212338532745267,0.38963701434389253
82,s4_mixed_dynamic,7.179940304559092,4.40982120831966,True,False,True,static_raw,47,8.38003911768789,6.078377035032063,0.5001604371201542
82,s4_mixed_dynamic,7.179940304559092,4.40982120831966,True,False,True,graph_diffusion_1,47,8.348678382278155,6.065720469437098,0.3771473868528007
82,s4_mixed_dynamic,7.179940304559092,4.40982120831966,True,False,True,graph_diffusion_3,47,8.293164451729371,6.038689053243579,0.23178058214810776
82,s4_mixed_dynamic,7.179940304559092,4.40982120831966,True,False,True,laplacian,47,8.343299865836812,6.070811872705985,0.3651810826381887
83,s4_mixed_dynamic,7.389306456175779,4.728806808316636,True,False,True,static_raw,47,8.275572350858658,4.7829047159590825,0.5181528607386054
83,s4_mixed_dynamic,7.389306456175779,4.728806808316636,True,False,True,graph_diffusion_1,47,8.25132957022426,4.781354605417355,0.3953185905312219
83,s4_mixed_dynamic,7.389306456175779,4.728806808316636,True,False,True,graph_diffusion_3,47,8.208469598012382,4.778412114983157,0.2503599601902851
83,s4_mixed_dynamic,7.389306456175779,4.728806808316636,True,False,True,laplacian,47,8.245069830249783,4.782888902047689,0.38380193202143487
84,s4_mixed_dynamic,7.471099094223947,5.062300262899215,True,False,True,static_raw,59,7.874576509683925,4.020200374253871,0.4997990610905206
84,s4_mixed_dynamic,7.471099094223947,5.062300262899215,True,False,True,graph_diffusion_1,59,7.823434126056799,4.0017461401800265,0.3782430213268725
84,s4_mixed_dynamic,7.471099094223947,5.062300262899215,True,False,True,graph_diffusion_3,59,7.734455764731094,3.9724033946086106,0.23784840180490055
84,s4_mixed_dynamic,7.471099094223947,5.062300262899215,True,False,True,laplacian,59,7.828543952456628,4.024246569843017,0.3914729122618305
85,s4_mixed_dynamic,7.639476103338564,5.452330212055501,True,False,True,static_raw,57,8.12078479719163,6.219386775676366,0.5224685793145165
85,s4_mixed_dynamic,7.639476103338564,5.452330212055501,True,False,True,graph_diffusion_1,57,8.105153495997097,6.219190949691711,0.396035674010994
85,s4_mixed_dynamic,7.639476103338564,5.452330212055501,True,False,True,graph_diffusion_3,57,8.076283297972905,6.21585146404967,0.24744344329136556
85,s4_mixed_dynamic,7.639476103338564,5.452330212055501,True,False,True,laplacian,57,8.097104754154156,6.216710311915288,0.3856431508016592
86,s4_mixed_dynamic,7.590210281547375,5.578300437724326,True,False,True,static_raw,57,8.498139872301378,6.14738147716198,0.5000041807691037
86,s4_mixed_dynamic,7.590210281547375,5.578300437724326,True,False,True,graph_diffusion_1,57,8.45284874664386,6.128674502384322,0.37972806724131963
86,s4_mixed_dynamic,7.590210281547375,5.578300437724326,True,False,True,graph_diffusion_3,57,8.376806421254063,6.100462365739228,0.2368818340287083
86,s4_mixed_dynamic,7.590210281547375,5.578300437724326,True,False,True,laplacian,57,8.452165696602647,6.141266286013534,0.36563316146226904
87,s4_mixed_dynamic,7.462795792010998,5.791477714093946,True,False,True,static_raw,57,6.901886761483762,6.5649262508151045,0.5039102212306759
87,s4_mixed_dynamic,7.462795792010998,5.791477714093946,True,False,True,graph_diffusion_1,57,6.899894898202124,6.569355421485589,0.3788071335067464
87,s4_mixed_dynamic,7.462795792010998,5.791477714093946,True,False,True,graph_diffusion_3,57,6.899032855963265,6.569610178205626,0.23296780536973904
87,s4_mixed_dynamic,7.462795792010998,5.791477714093946,True,False,True,laplacian,57,6.897812539078822,6.557004309490241,0.3704425558993553
88,s4_mixed_dynamic,7.440607753073426,5.980848219358611,True,False,True,static_raw,66,5.166927921048177,7.729088174408797,0.5000000093206607
88,s4_mixed_dynamic,7.440607753073426,5.980848219358611,True,False,True,graph_diffusion_1,66,5.167959558040105,7.710854761045069,0.3754119420754312
88,s4_mixed_dynamic,7.440607753073426,5.980848219358611,True,False,True,graph_diffusion_3,66,5.170462060298911,7.674942074131201,0.22942394302588348
88,s4_mixed_dynamic,7.440607753073426,5.980848219358611,True,False,True,laplacian,66,5.16692196431578,7.7035775601723895,0.36488075739335946
89,s4_mixed_dynamic,7.440906125309533,6.113793031097752,True,False,True,static_raw,66,7.809391303384481,6.2981084933920055,0.5000236465658296
89,s4_mixed_dynamic,7.440906125309533,6.113793031097752,True,False,True,graph_diffusion_1,66,7.775902740661814,6.297873090881617,0.3773731861348144
89,s4_mixed_dynamic,7.440906125309533,6.113793031097752,True,False,True,graph_diffusion_3,66,7.71626942023003,6.297912432926681,0.2328013489819383
89,s4_mixed_dynamic,7.440906125309533,6.113793031097752,True,False,True,laplacian,66,7.77412038225692,6.297376677190951,0.36526015676186707
90,s4_mixed_dynamic,7.279806471044582,6.464561962588011,True,False,True,static_raw,67,4.489836233745671,4.9916524654356005,0.5000000000393601
90,s4_mixed_dynamic,7.279806471044582,6.464561962588011,True,False,True,graph_diffusion_1,67,4.526755718221121,5.002121185789727,0.3769964309498645
90,s4_mixed_dynamic,7.279806471044582,6.464561962588011,True,False,True,graph_diffusion_3,67,4.5993357173558875,5.0226349126406875,0.2312945266751372
90,s4_mixed_dynamic,7.279806471044582,6.464561962588011,True,False,True,laplacian,67,4.51650918388975,4.997332863517884,0.36478728211962375
91,s4_mixed_dynamic,7.195775699002211,6.545903417221667,True,False,True,static_raw,67,4.797571303299665,5.9660053835618765,0.5000965709506476
91,s4_mixed_dynamic,7.195775699002211,6.545903417221667,True,False,True,graph_diffusion_1,67,4.799842943608596,5.96551167890985,0.3747044037093268
91,s4_mixed_dynamic,7.195775699002211,6.545903417221667,True,False,True,graph_diffusion_3,67,4.814942620948275,5.965826397953326,0.22758939120982075
91,s4_mixed_dynamic,7.195775699002211,6.545903417221667,True,False,True,laplacian,67,4.808203519795316,5.965906873004617,0.3648787835136658
92,s4_mixed_dynamic,7.071679731335141,6.664553875446808,True,False,True,static_raw,67,8.270380386097123,7.71408784490314,0.5005667474282643
92,s4_mixed_dynamic,7.071679731335141,6.664553875446808,True,False,True,graph_diffusion_1,67,8.242271078452536,7.682948294567098,0.37819831355206235
92,s4_mixed_dynamic,7.071679731335141,6.664553875446808,True,False,True,graph_diffusion_3,67,8.19240606899087,7.624296285552781,0.2335092477748919
92,s4_mixed_dynamic,7.071679731335141,6.664553875446808,True,False,True,laplacian,67,8.242083536599923,7.687134988615146,0.3657458881256141
93,s4_mixed_dynamic,6.88601961932652,6.885266262387327,False,False,True,static_raw,67,6.780883461971717,6.951864595701256,0.5068342001477609
93,s4_mixed_dynamic,6.88601961932652,6.885266262387327,False,False,True,graph_diffusion_1,67,6.781005843142299,6.953553113670487,0.38459168361858287
93,s4_mixed_dynamic,6.88601961932652,6.885266262387327,False,False,True,graph_diffusion_3,67,6.785855761652878,6.956424390121853,0.242101769572344
93,s4_mixed_dynamic,6.88601961932652,6.885266262387327,False,False,True,laplacian,67,6.780471255910901,6.949476878877328,0.3755416464068463
94,s4_mixed_dynamic,6.836265376227635,7.09347815473235,False,False,True,static_raw,76,6.016764105071822,7.486471972272139,0.5252745249648993
94,s4_mixed_dynamic,6.836265376227635,7.09347815473235,False,False,True,graph_diffusion_1,76,6.017085184955721,7.486627461708212,0.398903315307708
94,s4_mixed_dynamic,6.836265376227635,7.09347815473235,False,False,True,graph_diffusion_3,76,6.018061760341346,7.488470594180332,0.250049461304065
94,s4_mixed_dynamic,6.836265376227635,7.09347815473235,False,False,True,laplacian,76,6.01632546623382,7.48024762321125,0.38927633131391276
95,s4_mixed_dynamic,6.749970613133377,7.2047970050942345,False,False,True,static_raw,76,6.543339146830243,7.533019094276424,0.5305047596201355
95,s4_mixed_dynamic,6.749970613133377,7.2047970050942345,False,False,True,graph_diffusion_1,76,6.5476509904234765,7.533351784896081,0.4048007361322354
95,s4_mixed_dynamic,6.749970613133377,7.2047970050942345,False,False,True,graph_diffusion_3,76,6.553881361725042,7.535124670110576,0.25632722038235684
95,s4_mixed_dynamic,6.749970613133377,7.2047970050942345,False,False,True,laplacian,76,6.541991390432349,7.5264335693838085,0.3951910602740914
96,s4_mixed_dynamic,6.520102407663193,7.416654680272662,False,False,True,static_raw,76,6.6489554695471496,7.934475720960961,0.5590064315816876
96,s4_mixed_dynamic,6.520102407663193,7.416654680272662,False,False,True,graph_diffusion_1,76,6.652604716181616,7.92678266426959,0.4241099050559826
96,s4_mixed_dynamic,6.520102407663193,7.416654680272662,False,False,True,graph_diffusion_3,76,6.659262007906994,7.91372492865738,0.26581849732454294
96,s4_mixed_dynamic,6.520102407663193,7.416654680272662,False,False,True,laplacian,76,6.648260767673685,7.918838803882747,0.41384723564369635
97,s4_mixed_dynamic,6.235078071420909,7.80527981884087,False,False,True,static_raw,86,5.846910135001979,8.414780655810716,0.575987942426862
97,s4_mixed_dynamic,6.235078071420909,7.80527981884087,False,False,True,graph_diffusion_1,86,5.853156058140377,8.418149717871499,0.43500309082123295
97,s4_mixed_dynamic,6.235078071420909,7.80527981884087,False,False,True,graph_diffusion_3,86,5.861776373657682,8.411033644277682,0.2725099728719196
97,s4_mixed_dynamic,6.235078071420909,7.80527981884087,False,False,True,laplacian,86,5.846876172232835,8.397371101190247,0.4280083631307755
98,s4_mixed_dynamic,5.98823397903378,7.93574951314563,False,False,True,static_raw,96,5.516485677993731,8.711654983872354,0.5160798542008361
98,s4_mixed_dynamic,5.98823397903378,7.93574951314563,False,False,True,graph_diffusion_1,96,5.504067354305466,8.669570192662066,0.39345525700937406
98,s4_mixed_dynamic,5.98823397903378,7.93574951314563,False,False,True,graph_diffusion_3,96,5.483756798697267,8.593629861636865,0.25092629606720035
98,s4_mixed_dynamic,5.98823397903378,7.93574951314563,False,False,True,laplacian,96,5.51647628586104,8.659602589539553,0.406374437934688
99,s4_mixed_dynamic,5.822657938153183,7.968265377624689,False,False,True,static_raw,96,5.610195664428905,9.001101667040047,0.5510666298341969
99,s4_mixed_dynamic,5.822657938153183,7.968265377624689,False,False,True,graph_diffusion_1,96,5.599755004386012,8.955046864568182,0.42308761803637984
99,s4_mixed_dynamic,5.822657938153183,7.968265377624689,False,False,True,graph_diffusion_3,96,5.583562683234286,8.869824141428596,0.2734395388344216
99,s4_mixed_dynamic,5.822657938153183,7.968265377624689,False,False,True,laplacian,96,5.61017354270178,8.939645772606926,0.43579313262911673
