stress_group,stress_level,stress_parameter,stress_value,seed,method_label,mean_error_m,median_error_m,p90_error_m,failure_rate,zone_accuracy,trajectory_smoothness_m_per_step,notes
mixed_dynamic,mild,wifi_sigma_db+blockage_prob,0.0,101,adaptive_fusion,0.515024631982514,0.4246893061170207,0.9060115790478028,0.01,0.92,0.4471236489833192,"exact overrides: {'wifi_model.noisy_sigma_db': 4.0, 'vlp_model.blockage_prob': 0.1}; source scenario=s4_mixed_dynamic"
mixed_dynamic,mild,wifi_sigma_db+blockage_prob,0.0,101,graph_diffusion_3,0.8920545337319045,0.7942257451460447,1.4878776512470533,0.04,0.68,1.171109830548469,"exact overrides: {'wifi_model.noisy_sigma_db': 4.0, 'vlp_model.blockage_prob': 0.1}; source scenario=s4_mixed_dynamic"
mixed_dynamic,mild,wifi_sigma_db+blockage_prob,0.0,101,static_fusion,0.6688480156069496,0.4406486152443275,1.0282163009744014,0.06,0.87,0.7566646276591121,"exact overrides: {'wifi_model.noisy_sigma_db': 4.0, 'vlp_model.blockage_prob': 0.1}; source scenario=s4_mixed_dynamic"
mixed_dynamic,mild,wifi_sigma_db+blockage_prob,0.0,101,vlp_only,0.6688480156069496,0.4406486152443275,1.0282163009744014,0.06,0.87,0.7566646276591121,"exact overrides: {'wifi_model.noisy_sigma_db': 4.0, 'vlp_model.blockage_prob': 0.1}; source scenario=s4_mixed_dynamic"
mixed_dynamic,mild,wifi_sigma_db+blockage_prob,0.0,101,wifi_only,1.711890626518666,1.5075837128189826,3.1274474141682984,0.29,0.3,2.360159138534058,"exact overrides: {'wifi_model.noisy_sigma_db': 4.0, 'vlp_model.blockage_prob': 0.1}; source scenario=s4_mixed_dynamic"
mixed_dynamic,mild,wifi_sigma_db+blockage_prob,0.0,102,adaptive_fusion,0.6038988198845202,0.4857606486940208,0.9530842991045776,0.04,0.92,0.5230893379190338,"exact overrides: {'wifi_model.noisy_sigma_db': 4.0, 'vlp_model.blockage_prob': 0.1}; source scenario=s4_mixed_dynamic"
mixed_dynamic,mild,wifi_sigma_db+blockage_prob,0.0,102,graph_diffusion_3,1.039763901417622,0.8952519178021325,1.894483049441262,0.09,0.56,1.3472901399621902,"exact overrides: {'wifi_model.noisy_sigma_db': 4.0, 'vlp_model.blockage_prob': 0.1}; source scenario=s4_mixed_dynamic"
mixed_dynamic,mild,wifi_sigma_db+blockage_prob,0.0,102,static_fusion,0.7031695551388876,0.4586724164334607,1.0427028642676668,0.09,0.89,0.911427617085693,"exact overrides: {'wifi_model.noisy_sigma_db': 4.0, 'vlp_model.blockage_prob': 0.1}; source scenario=s4_mixed_dynamic"
mixed_dynamic,mild,wifi_sigma_db+blockage_prob,0.0,102,vlp_only,0.7031695551388876,0.4586724164334607,1.0427028642676668,0.09,0.89,0.911427617085693,"exact overrides: {'wifi_model.noisy_sigma_db': 4.0, 'vlp_model.blockage_prob': 0.1}; source scenario=s4_mixed_dynamic"
mixed_dynamic,mild,wifi_sigma_db+blockage_prob,0.0,102,wifi_only,2.0321416849617067,1.672635318831557,3.7738129260987856,0.43,0.32,3.1240211809920404,"exact overrides: {'wifi_model.noisy_sigma_db': 4.0, 'vlp_model.blockage_prob': 0.1}; source scenario=s4_mixed_dynamic"
mixed_dynamic,mild,wifi_sigma_db+blockage_prob,0.0,103,adaptive_fusion,0.7121006175237405,0.5139351684298541,1.4034049420718384,0.08,0.8,0.6199240298006197,"exact overrides: {'wifi_model.noisy_sigma_db': 4.0, 'vlp_model.blockage_prob': 0.1}; source scenario=s4_mixed_dynamic"
mixed_dynamic,mild,wifi_sigma_db+blockage_prob,0.0,103,graph_diffusion_3,0.9714909069006926,0.7620377645162815,2.033481740857707,0.11,0.67,1.176410374994227,"exact overrides: {'wifi_model.noisy_sigma_db': 4.0, 'vlp_model.blockage_prob': 0.1}; source scenario=s4_mixed_dynamic"
mixed_dynamic,mild,wifi_sigma_db+blockage_prob,0.0,103,static_fusion,0.8007883479448368,0.5139351684298541,1.8354275187333104,0.1,0.81,0.9697176309140082,"exact overrides: {'wifi_model.noisy_sigma_db': 4.0, 'vlp_model.blockage_prob': 0.1}; source scenario=s4_mixed_dynamic"
mixed_dynamic,mild,wifi_sigma_db+blockage_prob,0.0,103,vlp_only,0.8007883479448368,0.5139351684298541,1.8354275187333104,0.1,0.81,0.9697176309140082,"exact overrides: {'wifi_model.noisy_sigma_db': 4.0, 'vlp_model.blockage_prob': 0.1}; source scenario=s4_mixed_dynamic"
mixed_dynamic,mild,wifi_sigma_db+blockage_prob,0.0,103,wifi_only,1.5983137029131302,1.1027078539901394,3.315037299527672,0.28,0.43,2.3377511183680144,"exact overrides: {'wifi_model.noisy_sigma_db': 4.0, 'vlp_model.blockage_prob': 0.1}; source scenario=s4_mixed_dynamic"
mixed_dynamic,mild,wifi_sigma_db+blockage_prob,0.0,104,adaptive_fusion,0.6421139790133894,0.4335620751112874,1.2521456863369516,0.04,0.86,0.6818039062765906,"exact overrides: {'wifi_model.noisy_sigma_db': 4.0, 'vlp_model.blockage_prob': 0.1}; source scenario=s4_mixed_dynamic"
mixed_dynamic,mild,wifi_sigma_db+blockage_prob,0.0,104,graph_diffusion_3,1.1395982500564898,0.8589279920634703,2.755146047279587,0.15,0.59,1.222203487058284,"exact overrides: {'wifi_model.noisy_sigma_db': 4.0, 'vlp_model.blockage_prob': 0.1}; source scenario=s4_mixed_dynamic"
mixed_dynamic,mild,wifi_sigma_db+blockage_prob,0.0,104,static_fusion,0.911703516761611,0.4377608299208551,2.4702917317588824,0.13,0.82,1.1032774966595682,"exact overrides: {'wifi_model.noisy_sigma_db': 4.0, 'vlp_model.blockage_prob': 0.1}; source scenario=s4_mixed_dynamic"
mixed_dynamic,mild,wifi_sigma_db+blockage_prob,0.0,104,vlp_only,0.911703516761611,0.4377608299208551,2.4702917317588824,0.13,0.82,1.1032774966595682,"exact overrides: {'wifi_model.noisy_sigma_db': 4.0, 'vlp_model.blockage_prob': 0.1}; source scenario=s4_mixed_dynamic"
mixed_dynamic,mild,wifi_sigma_db+blockage_prob,0.0,104,wifi_only,1.5482999854006008,1.017728726590437,2.8326719570909797,0.17,0.49,2.060433533194075,"exact overrides: {'wifi_model.noisy_sigma_db': 4.0, 'vlp_model.blockage_prob': 0.1}; source scenario=s4_mixed_dynamic"
mixed_dynamic,mild,wifi_sigma_db+blockage_prob,0.0,105,adaptive_fusion,0.5351858055065751,0.3987360257660191,1.015012342575508,0.01,0.89,0.5488516066789301,"exact overrides: {'wifi_model.noisy_sigma_db': 4.0, 'vlp_model.blockage_prob': 0.1}; source scenario=s4_mixed_dynamic"
mixed_dynamic,mild,wifi_sigma_db+blockage_prob,0.0,105,graph_diffusion_3,0.9179300964283492,0.8126195602664119,1.791032834547239,0.07,0.62,1.1303102138160634,"exact overrides: {'wifi_model.noisy_sigma_db': 4.0, 'vlp_model.blockage_prob': 0.1}; source scenario=s4_mixed_dynamic"
mixed_dynamic,mild,wifi_sigma_db+blockage_prob,0.0,105,static_fusion,0.7476531139747945,0.4236925984693393,1.4444021940268217,0.09,0.82,0.9952218946184318,"exact overrides: {'wifi_model.noisy_sigma_db': 4.0, 'vlp_model.blockage_prob': 0.1}; source scenario=s4_mixed_dynamic"
mixed_dynamic,mild,wifi_sigma_db+blockage_prob,0.0,105,vlp_only,0.7476531139747945,0.4236925984693393,1.4444021940268217,0.09,0.82,0.9952218946184318,"exact overrides: {'wifi_model.noisy_sigma_db': 4.0, 'vlp_model.blockage_prob': 0.1}; source scenario=s4_mixed_dynamic"
mixed_dynamic,mild,wifi_sigma_db+blockage_prob,0.0,105,wifi_only,1.666225038869391,1.348108062309992,3.346740729329273,0.28,0.4,2.376212429222257,"exact overrides: {'wifi_model.noisy_sigma_db': 4.0, 'vlp_model.blockage_prob': 0.1}; source scenario=s4_mixed_dynamic"
mixed_dynamic,mild,wifi_sigma_db+blockage_prob,0.0,106,adaptive_fusion,0.5324446506531708,0.4783866658000923,0.8341221412241013,0.01,0.94,0.5880121559151154,"exact overrides: {'wifi_model.noisy_sigma_db': 4.0, 'vlp_model.blockage_prob': 0.1}; source scenario=s4_mixed_dynamic"
mixed_dynamic,mild,wifi_sigma_db+blockage_prob,0.0,106,graph_diffusion_3,0.9994743984554852,0.7014224393923473,1.8766812439884248,0.1,0.65,1.1670738677300687,"exact overrides: {'wifi_model.noisy_sigma_db': 4.0, 'vlp_model.blockage_prob': 0.1}; source scenario=s4_mixed_dynamic"
mixed_dynamic,mild,wifi_sigma_db+blockage_prob,0.0,106,static_fusion,0.7281897230179898,0.4774128924967865,1.1766099617408714,0.07,0.88,0.9221014994794084,"exact overrides: {'wifi_model.noisy_sigma_db': 4.0, 'vlp_model.blockage_prob': 0.1}; source scenario=s4_mixed_dynamic"
mixed_dynamic,mild,wifi_sigma_db+blockage_prob,0.0,106,vlp_only,0.7281897230179898,0.4774128924967865,1.1766099617408714,0.07,0.88,0.9221014994794084,"exact overrides: {'wifi_model.noisy_sigma_db': 4.0, 'vlp_model.blockage_prob': 0.1}; source scenario=s4_mixed_dynamic"
mixed_dynamic,mild,wifi_sigma_db+blockage_prob,0.0,106,wifi_only,1.9374260256827744,1.3076555722412355,3.9635519377388313,0.3,0.41,2.6457662352996616,"exact overrides: {'wifi_model.noisy_sigma_db': 4.0, 'vlp_model.blockage_prob': 0.1}; source scenario=s4_mixed_dynamic"
mixed_dynamic,mild,wifi_sigma_db+blockage_prob,0.0,107,adaptive_fusion,0.7181302697379779,0.4211236348800579,1.424807187201511,0.05,0.85,0.612198978475869,"exact overrides: {'wifi_model.noisy_sigma_db': 4.0, 'vlp_model.blockage_prob': 0.1}; source scenario=s4_mixed_dynamic"
mixed_dynamic,mild,wifi_sigma_db+blockage_prob,0.0,107,graph_diffusion_3,1.0017029870248846,0.7284403928168066,2.4281737941211308,0.12,0.68,1.1207705997801416,"exact overrides: {'wifi_model.noisy_sigma_db': 4.0, 'vlp_model.blockage_prob': 0.1}; source scenario=s4_mixed_dynamic"
mixed_dynamic,mild,wifi_sigma_db+blockage_prob,0.0,107,static_fusion,0.7757894305977154,0.400778442216459,1.921016383857368,0.1,0.86,0.8490440385360147,"exact overrides: {'wifi_model.noisy_sigma_db': 4.0, 'vlp_model.blockage_prob': 0.1}; source scenario=s4_mixed_dynamic"
mixed_dynamic,mild,wifi_sigma_db+blockage_prob,0.0,107,vlp_only,0.7757894305977154,0.400778442216459,1.921016383857368,0.1,0.86,0.8490440385360147,"exact overrides: {'wifi_model.noisy_sigma_db': 4.0, 'vlp_model.blockage_prob': 0.1}; source scenario=s4_mixed_dynamic"
mixed_dynamic,mild,wifi_sigma_db+blockage_prob,0.0,107,wifi_only,1.7982526321120802,1.3288003889460231,3.4407987555731845,0.3,0.35,2.449018970920403,"exact overrides: {'wifi_model.noisy_sigma_db': 4.0, 'vlp_model.blockage_prob': 0.1}; source scenario=s4_mixed_dynamic"
mixed_dynamic,mild,wifi_sigma_db+blockage_prob,0.0,108,adaptive_fusion,0.8519157051729976,0.490656108214217,1.5361040151662984,0.08,0.79,0.7032527141011743,"exact overrides: {'wifi_model.noisy_sigma_db': 4.0, 'vlp_model.blockage_prob': 0.1}; source scenario=s4_mixed_dynamic"
mixed_dynamic,mild,wifi_sigma_db+blockage_prob,0.0,108,graph_diffusion_3,1.1821190571859597,0.8802767239391642,2.638272323260729,0.18,0.57,1.52870853631287,"exact overrides: {'wifi_model.noisy_sigma_db': 4.0, 'vlp_model.blockage_prob': 0.1}; source scenario=s4_mixed_dynamic"
mixed_dynamic,mild,wifi_sigma_db+blockage_prob,0.0,108,static_fusion,0.8899818913520846,0.4792958777300186,2.467465619673124,0.11,0.79,0.8005380832098571,"exact overrides: {'wifi_model.noisy_sigma_db': 4.0, 'vlp_model.blockage_prob': 0.1}; source scenario=s4_mixed_dynamic"
mixed_dynamic,mild,wifi_sigma_db+blockage_prob,0.0,108,vlp_only,0.8899818913520846,0.4792958777300186,2.467465619673124,0.11,0.79,0.8005380832098571,"exact overrides: {'wifi_model.noisy_sigma_db': 4.0, 'vlp_model.blockage_prob': 0.1}; source scenario=s4_mixed_dynamic"
mixed_dynamic,mild,wifi_sigma_db+blockage_prob,0.0,108,wifi_only,2.364207132719163,1.5085420999625845,5.506873293047176,0.42,0.26,3.530034602535597,"exact overrides: {'wifi_model.noisy_sigma_db': 4.0, 'vlp_model.blockage_prob': 0.1}; source scenario=s4_mixed_dynamic"
mixed_dynamic,mild,wifi_sigma_db+blockage_prob,0.0,109,adaptive_fusion,0.6203649500976247,0.4729181780379952,0.946783541884028,0.03,0.9,0.5254808137598922,"exact overrides: {'wifi_model.noisy_sigma_db': 4.0, 'vlp_model.blockage_prob': 0.1}; source scenario=s4_mixed_dynamic"
mixed_dynamic,mild,wifi_sigma_db+blockage_prob,0.0,109,graph_diffusion_3,1.001016738994073,0.7963098907289327,1.8460325151642745,0.09,0.59,1.2217104743967384,"exact overrides: {'wifi_model.noisy_sigma_db': 4.0, 'vlp_model.blockage_prob': 0.1}; source scenario=s4_mixed_dynamic"
mixed_dynamic,mild,wifi_sigma_db+blockage_prob,0.0,109,static_fusion,0.9404436492587877,0.4804093700794947,2.1247616926091863,0.11,0.81,1.2708234184182,"exact overrides: {'wifi_model.noisy_sigma_db': 4.0, 'vlp_model.blockage_prob': 0.1}; source scenario=s4_mixed_dynamic"
mixed_dynamic,mild,wifi_sigma_db+blockage_prob,0.0,109,vlp_only,0.9404436492587877,0.4804093700794947,2.1247616926091863,0.11,0.81,1.2708234184182,"exact overrides: {'wifi_model.noisy_sigma_db': 4.0, 'vlp_model.blockage_prob': 0.1}; source scenario=s4_mixed_dynamic"
mixed_dynamic,mild,wifi_sigma_db+blockage_prob,0.0,109,wifi_only,1.6936229195084953,1.3460134649028657,3.369684477204956,0.32,0.38,2.343074607203274,"exact overrides: {'wifi_model.noisy_sigma_db': 4.0, 'vlp_model.blockage_prob': 0.1}; source scenario=s4_mixed_dynamic"
mixed_dynamic,mild,wifi_sigma_db+blockage_prob,0.0,110,adaptive_fusion,0.6854221253801025,0.4231273342742086,1.4147059515394873,0.04,0.77,0.6347580236479282,"exact overrides: {'wifi_model.noisy_sigma_db': 4.0, 'vlp_model.blockage_prob': 0.1}; source scenario=s4_mixed_dynamic"
mixed_dynamic,mild,wifi_sigma_db+blockage_prob,0.0,110,graph_diffusion_3,1.0101125876020407,0.7804479375790077,1.9632517314490296,0.08,0.6,1.2592075811876222,"exact overrides: {'wifi_model.noisy_sigma_db': 4.0, 'vlp_model.blockage_prob': 0.1}; source scenario=s4_mixed_dynamic"
mixed_dynamic,mild,wifi_sigma_db+blockage_prob,0.0,110,static_fusion,0.920907008672166,0.4224467903698636,2.7964836961704,0.14,0.72,1.109487685377624,"exact overrides: {'wifi_model.noisy_sigma_db': 4.0, 'vlp_model.blockage_prob': 0.1}; source scenario=s4_mixed_dynamic"
mixed_dynamic,mild,wifi_sigma_db+blockage_prob,0.0,110,vlp_only,0.920907008672166,0.4224467903698636,2.7964836961704,0.14,0.72,1.109487685377624,"exact overrides: {'wifi_model.noisy_sigma_db': 4.0, 'vlp_model.blockage_prob': 0.1}; source scenario=s4_mixed_dynamic"
mixed_dynamic,mild,wifi_sigma_db+blockage_prob,0.0,110,wifi_only,2.07623654140176,1.4738864903981184,4.813460861405318,0.37,0.35,2.8192381332265555,"exact overrides: {'wifi_model.noisy_sigma_db': 4.0, 'vlp_model.blockage_prob': 0.1}; source scenario=s4_mixed_dynamic"
mixed_dynamic,nominal,wifi_sigma_db+blockage_prob,1.0,101,adaptive_fusion,0.5730375989599916,0.4502513430133578,1.0055069188466277,0.03,0.89,0.494585757968259,"exact overrides: {'wifi_model.noisy_sigma_db': 6.0, 'vlp_model.blockage_prob': 0.2}; source scenario=s4_mixed_dynamic"
mixed_dynamic,nominal,wifi_sigma_db+blockage_prob,1.0,101,graph_diffusion_3,0.9732586502515304,0.8263967479816503,1.871738129317441,0.07,0.64,1.2575214755294644,"exact overrides: {'wifi_model.noisy_sigma_db': 6.0, 'vlp_model.blockage_prob': 0.2}; source scenario=s4_mixed_dynamic"
mixed_dynamic,nominal,wifi_sigma_db+blockage_prob,1.0,101,static_fusion,0.6687505634050117,0.4621360452191105,1.147504710556281,0.06,0.85,0.7355440978915595,"exact overrides: {'wifi_model.noisy_sigma_db': 6.0, 'vlp_model.blockage_prob': 0.2}; source scenario=s4_mixed_dynamic"
mixed_dynamic,nominal,wifi_sigma_db+blockage_prob,1.0,101,vlp_only,0.6687505634050117,0.4621360452191105,1.147504710556281,0.06,0.85,0.7355440978915595,"exact overrides: {'wifi_model.noisy_sigma_db': 6.0, 'vlp_model.blockage_prob': 0.2}; source scenario=s4_mixed_dynamic"
mixed_dynamic,nominal,wifi_sigma_db+blockage_prob,1.0,101,wifi_only,1.8853963306247412,1.5786553619184334,3.505148215478899,0.35,0.27,2.613727830747695,"exact overrides: {'wifi_model.noisy_sigma_db': 6.0, 'vlp_model.blockage_prob': 0.2}; source scenario=s4_mixed_dynamic"
mixed_dynamic,nominal,wifi_sigma_db+blockage_prob,1.0,102,adaptive_fusion,0.5614174994201913,0.4632878560887047,0.820116674704623,0.04,0.93,0.5450637802259628,"exact overrides: {'wifi_model.noisy_sigma_db': 6.0, 'vlp_model.blockage_prob': 0.2}; source scenario=s4_mixed_dynamic"
mixed_dynamic,nominal,wifi_sigma_db+blockage_prob,1.0,102,graph_diffusion_3,1.1147025759142777,0.9206233292610588,2.0975035370913533,0.11,0.53,1.462669575142073,"exact overrides: {'wifi_model.noisy_sigma_db': 6.0, 'vlp_model.blockage_prob': 0.2}; source scenario=s4_mixed_dynamic"
mixed_dynamic,nominal,wifi_sigma_db+blockage_prob,1.0,102,static_fusion,0.6341576803514319,0.4632878560887047,0.8577546135421579,0.07,0.9,0.7736515197452964,"exact overrides: {'wifi_model.noisy_sigma_db': 6.0, 'vlp_model.blockage_prob': 0.2}; source scenario=s4_mixed_dynamic"
mixed_dynamic,nominal,wifi_sigma_db+blockage_prob,1.0,102,vlp_only,0.6341576803514319,0.4632878560887047,0.8577546135421579,0.07,0.9,0.7736515197452964,"exact overrides: {'wifi_model.noisy_sigma_db': 6.0, 'vlp_model.blockage_prob': 0.2}; source scenario=s4_mixed_dynamic"
mixed_dynamic,nominal,wifi_sigma_db+blockage_prob,1.0,102,wifi_only,2.3029890981401717,1.812724886305951,4.599304521983863,0.47,0.29,3.4480881409538906,"exact overrides: {'wifi_model.noisy_sigma_db': 6.0, 'vlp_model.blockage_prob': 0.2}; source scenario=s4_mixed_dynamic"
mixed_dynamic,nominal,wifi_sigma_db+blockage_prob,1.0,103,adaptive_fusion,0.7490706515348416,0.5139351684298541,1.714062487380208,0.08,0.8,0.6049806278272432,"exact overrides: {'wifi_model.noisy_sigma_db': 6.0, 'vlp_model.blockage_prob': 0.2}; source scenario=s4_mixed_dynamic"
mixed_dynamic,nominal,wifi_sigma_db+blockage_prob,1.0,103,graph_diffusion_3,1.096379818361065,0.8297705164852848,2.2055394251435594,0.16,0.6,1.2776607061340115,"exact overrides: {'wifi_model.noisy_sigma_db': 6.0, 'vlp_model.blockage_prob': 0.2}; source scenario=s4_mixed_dynamic"
mixed_dynamic,nominal,wifi_sigma_db+blockage_prob,1.0,103,static_fusion,0.8361576903281486,0.5026539894127589,2.3231459919231385,0.13,0.82,0.9809871749276252,"exact overrides: {'wifi_model.noisy_sigma_db': 6.0, 'vlp_model.blockage_prob': 0.2}; source scenario=s4_mixed_dynamic"
mixed_dynamic,nominal,wifi_sigma_db+blockage_prob,1.0,103,vlp_only,0.8361576903281486,0.5026539894127589,2.3231459919231385,0.13,0.82,0.9809871749276252,"exact overrides: {'wifi_model.noisy_sigma_db': 6.0, 'vlp_model.blockage_prob': 0.2}; source scenario=s4_mixed_dynamic"
mixed_dynamic,nominal,wifi_sigma_db+blockage_prob,1.0,103,wifi_only,1.7441667478400993,1.2109163850402986,3.315037299527672,0.3,0.4,2.514723496707824,"exact overrides: {'wifi_model.noisy_sigma_db': 6.0, 'vlp_model.blockage_prob': 0.2}; source scenario=s4_mixed_dynamic"
mixed_dynamic,nominal,wifi_sigma_db+blockage_prob,1.0,104,adaptive_fusion,0.5852724685255755,0.437959994609538,1.2454767294978364,0.02,0.88,0.587945764908858,"exact overrides: {'wifi_model.noisy_sigma_db': 6.0, 'vlp_model.blockage_prob': 0.2}; source scenario=s4_mixed_dynamic"
mixed_dynamic,nominal,wifi_sigma_db+blockage_prob,1.0,104,graph_diffusion_3,1.1656524697025916,0.896275728842308,2.7736609370583323,0.15,0.59,1.341142597710746,"exact overrides: {'wifi_model.noisy_sigma_db': 6.0, 'vlp_model.blockage_prob': 0.2}; source scenario=s4_mixed_dynamic"
mixed_dynamic,nominal,wifi_sigma_db+blockage_prob,1.0,104,static_fusion,0.8553146014498416,0.4473096722162952,2.015821835786465,0.1,0.82,1.0906494266716975,"exact overrides: {'wifi_model.noisy_sigma_db': 6.0, 'vlp_model.blockage_prob': 0.2}; source scenario=s4_mixed_dynamic"
mixed_dynamic,nominal,wifi_sigma_db+blockage_prob,1.0,104,vlp_only,0.8553146014498416,0.4473096722162952,2.015821835786465,0.1,0.82,1.0906494266716975,"exact overrides: {'wifi_model.noisy_sigma_db': 6.0, 'vlp_model.blockage_prob': 0.2}; source scenario=s4_mixed_dynamic"
mixed_dynamic,nominal,wifi_sigma_db+blockage_prob,1.0,104,wifi_only,1.7643165702026806,1.086988900756318,4.646363157784259,0.21,0.46,2.243147704841105,"exact overrides: {'wifi_model.noisy_sigma_db': 6.0, 'vlp_model.blockage_prob': 0.2}; source scenario=s4_mixed_dynamic"
mixed_dynamic,nominal,wifi_sigma_db+blockage_prob,1.0,105,adaptive_fusion,0.5871779599318766,0.4344233829685989,1.2047839297524026,0.03,0.85,0.444014316456951,"exact overrides: {'wifi_model.noisy_sigma_db': 6.0, 'vlp_model.blockage_prob': 0.2}; source scenario=s4_mixed_dynamic"
mixed_dynamic,nominal,wifi_sigma_db+blockage_prob,1.0,105,graph_diffusion_3,1.0675833544789226,0.970934813688932,1.89864305381373,0.09,0.51,1.308389767310233,"exact overrides: {'wifi_model.noisy_sigma_db': 6.0, 'vlp_model.blockage_prob': 0.2}; source scenario=s4_mixed_dynamic"
mixed_dynamic,nominal,wifi_sigma_db+blockage_prob,1.0,105,static_fusion,0.8014179790774633,0.4253540856842672,2.401300481298985,0.14,0.82,1.0040490888495317,"exact overrides: {'wifi_model.noisy_sigma_db': 6.0, 'vlp_model.blockage_prob': 0.2}; source scenario=s4_mixed_dynamic"
mixed_dynamic,nominal,wifi_sigma_db+blockage_prob,1.0,105,vlp_only,0.8014179790774633,0.4253540856842672,2.401300481298985,0.14,0.82,1.0040490888495317,"exact overrides: {'wifi_model.noisy_sigma_db': 6.0, 'vlp_model.blockage_prob': 0.2}; source scenario=s4_mixed_dynamic"
mixed_dynamic,nominal,wifi_sigma_db+blockage_prob,1.0,105,wifi_only,1.8913497904281515,1.5325407947630365,3.8632258400080377,0.35,0.37,2.7517306461601696,"exact overrides: {'wifi_model.noisy_sigma_db': 6.0, 'vlp_model.blockage_prob': 0.2}; source scenario=s4_mixed_dynamic"
mixed_dynamic,nominal,wifi_sigma_db+blockage_prob,1.0,106,adaptive_fusion,0.6385771049968566,0.482121582020676,1.1799540974042688,0.03,0.87,0.6366513650616528,"exact overrides: {'wifi_model.noisy_sigma_db': 6.0, 'vlp_model.blockage_prob': 0.2}; source scenario=s4_mixed_dynamic"
mixed_dynamic,nominal,wifi_sigma_db+blockage_prob,1.0,106,graph_diffusion_3,1.116115358968482,0.8925394578755268,2.2063048297853425,0.14,0.57,1.2386274963726984,"exact overrides: {'wifi_model.noisy_sigma_db': 6.0, 'vlp_model.blockage_prob': 0.2}; source scenario=s4_mixed_dynamic"
mixed_dynamic,nominal,wifi_sigma_db+blockage_prob,1.0,106,static_fusion,0.7721436230250991,0.482121582020676,1.4844189519950766,0.09,0.85,0.9229087104539454,"exact overrides: {'wifi_model.noisy_sigma_db': 6.0, 'vlp_model.blockage_prob': 0.2}; source scenario=s4_mixed_dynamic"
mixed_dynamic,nominal,wifi_sigma_db+blockage_prob,1.0,106,vlp_only,0.7721436230250991,0.482121582020676,1.4844189519950766,0.09,0.85,0.9229087104539454,"exact overrides: {'wifi_model.noisy_sigma_db': 6.0, 'vlp_model.blockage_prob': 0.2}; source scenario=s4_mixed_dynamic"
mixed_dynamic,nominal,wifi_sigma_db+blockage_prob,1.0,106,wifi_only,2.1039775719003697,1.363221157810809,4.909830290228843,0.33,0.38,2.710842312392682,"exact overrides: {'wifi_model.noisy_sigma_db': 6.0, 'vlp_model.blockage_prob': 0.2}; source scenario=s4_mixed_dynamic"
mixed_dynamic,nominal,wifi_sigma_db+blockage_prob,1.0,107,adaptive_fusion,0.6782972002713195,0.4332707470129058,1.3260674186985306,0.05,0.87,0.6492696822004284,"exact overrides: {'wifi_model.noisy_sigma_db': 6.0, 'vlp_model.blockage_prob': 0.2}; source scenario=s4_mixed_dynamic"
mixed_dynamic,nominal,wifi_sigma_db+blockage_prob,1.0,107,graph_diffusion_3,1.0967672563414006,0.8569904839394871,2.3090283650295933,0.14,0.61,1.2731444185821323,"exact overrides: {'wifi_model.noisy_sigma_db': 6.0, 'vlp_model.blockage_prob': 0.2}; source scenario=s4_mixed_dynamic"
mixed_dynamic,nominal,wifi_sigma_db+blockage_prob,1.0,107,static_fusion,0.767396471954278,0.4292650209278784,1.570073630287166,0.07,0.86,0.8943444854828159,"exact overrides: {'wifi_model.noisy_sigma_db': 6.0, 'vlp_model.blockage_prob': 0.2}; source scenario=s4_mixed_dynamic"
mixed_dynamic,nominal,wifi_sigma_db+blockage_prob,1.0,107,vlp_only,0.767396471954278,0.4292650209278784,1.570073630287166,0.07,0.86,0.8943444854828159,"exact overrides: {'wifi_model.noisy_sigma_db': 6.0, 'vlp_model.blockage_prob': 0.2}; source scenario=s4_mixed_dynamic"
mixed_dynamic,nominal,wifi_sigma_db+blockage_prob,1.0,107,wifi_only,1.9514538760886408,1.4999439798793586,4.512950775094916,0.34,0.34,2.661410145581913,"exact overrides: {'wifi_model.noisy_sigma_db': 6.0, 'vlp_model.blockage_prob': 0.2}; source scenario=s4_mixed_dynamic"
mixed_dynamic,nominal,wifi_sigma_db+blockage_prob,1.0,108,adaptive_fusion,0.7417983740278876,0.4649716225849811,1.5340719692752356,0.08,0.8,0.5995822767704763,"exact overrides: {'wifi_model.noisy_sigma_db': 6.0, 'vlp_model.blockage_prob': 0.2}; source scenario=s4_mixed_dynamic"
mixed_dynamic,nominal,wifi_sigma_db+blockage_prob,1.0,108,graph_diffusion_3,1.2859871093296351,0.9889195083359268,2.499240087930163,0.22,0.51,1.6032087107165902,"exact overrides: {'wifi_model.noisy_sigma_db': 6.0, 'vlp_model.blockage_prob': 0.2}; source scenario=s4_mixed_dynamic"
mixed_dynamic,nominal,wifi_sigma_db+blockage_prob,1.0,108,static_fusion,0.9034563566598176,0.4792958777300186,2.618077139978204,0.12,0.77,0.9921809502015386,"exact overrides: {'wifi_model.noisy_sigma_db': 6.0, 'vlp_model.blockage_prob': 0.2}; source scenario=s4_mixed_dynamic"
mixed_dynamic,nominal,wifi_sigma_db+blockage_prob,1.0,108,vlp_only,0.9034563566598176,0.4792958777300186,2.618077139978204,0.12,0.77,0.9921809502015386,"exact overrides: {'wifi_model.noisy_sigma_db': 6.0, 'vlp_model.blockage_prob': 0.2}; source scenario=s4_mixed_dynamic"
mixed_dynamic,nominal,wifi_sigma_db+blockage_prob,1.0,108,wifi_only,2.532087399753654,1.6523214202194625,5.906492174024456,0.44,0.28,3.660133546748223,"exact overrides: {'wifi_model.noisy_sigma_db': 6.0, 'vlp_model.blockage_prob': 0.2}; source scenario=s4_mixed_dynamic"
mixed_dynamic,nominal,wifi_sigma_db+blockage_prob,1.0,109,adaptive_fusion,0.7056279678654559,0.5058201488398952,1.118950043074778,0.04,0.86,0.6593863650920098,"exact overrides: {'wifi_model.noisy_sigma_db': 6.0, 'vlp_model.blockage_prob': 0.2}; source scenario=s4_mixed_dynamic"
mixed_dynamic,nominal,wifi_sigma_db+blockage_prob,1.0,109,graph_diffusion_3,1.1092327311575794,0.8017781041772113,2.202524860091275,0.12,0.56,1.414546852973562,"exact overrides: {'wifi_model.noisy_sigma_db': 6.0, 'vlp_model.blockage_prob': 0.2}; source scenario=s4_mixed_dynamic"
mixed_dynamic,nominal,wifi_sigma_db+blockage_prob,1.0,109,static_fusion,0.9602574096650468,0.5234331623674591,2.9094444674568933,0.12,0.78,1.257151782999363,"exact overrides: {'wifi_model.noisy_sigma_db': 6.0, 'vlp_model.blockage_prob': 0.2}; source scenario=s4_mixed_dynamic"
mixed_dynamic,nominal,wifi_sigma_db+blockage_prob,1.0,109,vlp_only,0.9602574096650468,0.5234331623674591,2.9094444674568933,0.12,0.78,1.257151782999363,"exact overrides: {'wifi_model.noisy_sigma_db': 6.0, 'vlp_model.blockage_prob': 0.2}; source scenario=s4_mixed_dynamic"
mixed_dynamic,nominal,wifi_sigma_db+blockage_prob,1.0,109,wifi_only,1.9646741765733104,1.4233352369337295,4.085492780987751,0.35,0.35,2.7742452278980463,"exact overrides: {'wifi_model.noisy_sigma_db': 6.0, 'vlp_model.blockage_prob': 0.2}; source scenario=s4_mixed_dynamic"
mixed_dynamic,nominal,wifi_sigma_db+blockage_prob,1.0,110,adaptive_fusion,0.6236938023513293,0.4244652447947794,1.3870670889367702,0.0,0.78,0.4868692728924993,"exact overrides: {'wifi_model.noisy_sigma_db': 6.0, 'vlp_model.blockage_prob': 0.2}; source scenario=s4_mixed_dynamic"
mixed_dynamic,nominal,wifi_sigma_db+blockage_prob,1.0,110,graph_diffusion_3,1.106472926919878,0.8413292189092192,2.2785352963049785,0.12,0.55,1.4332013338029637,"exact overrides: {'wifi_model.noisy_sigma_db': 6.0, 'vlp_model.blockage_prob': 0.2}; source scenario=s4_mixed_dynamic"
mixed_dynamic,nominal,wifi_sigma_db+blockage_prob,1.0,110,static_fusion,0.9061367323591766,0.4461087220159082,2.2420607744890737,0.13,0.71,1.1485295625363978,"exact overrides: {'wifi_model.noisy_sigma_db': 6.0, 'vlp_model.blockage_prob': 0.2}; source scenario=s4_mixed_dynamic"
mixed_dynamic,nominal,wifi_sigma_db+blockage_prob,1.0,110,vlp_only,0.9061367323591766,0.4461087220159082,2.2420607744890737,0.13,0.71,1.1485295625363978,"exact overrides: {'wifi_model.noisy_sigma_db': 6.0, 'vlp_model.blockage_prob': 0.2}; source scenario=s4_mixed_dynamic"
mixed_dynamic,nominal,wifi_sigma_db+blockage_prob,1.0,110,wifi_only,2.1969825870147246,1.5517277503949596,4.847917228527453,0.38,0.32,2.926187712036869,"exact overrides: {'wifi_model.noisy_sigma_db': 6.0, 'vlp_model.blockage_prob': 0.2}; source scenario=s4_mixed_dynamic"
mixed_dynamic,severe,wifi_sigma_db+blockage_prob,2.0,101,adaptive_fusion,0.7305541613793358,0.4621360452191105,1.5250961474865696,0.08,0.83,0.5345002301941566,"exact overrides: {'wifi_model.noisy_sigma_db': 9.0, 'vlp_model.blockage_prob': 0.4}; source scenario=s4_mixed_dynamic"
mixed_dynamic,severe,wifi_sigma_db+blockage_prob,2.0,101,graph_diffusion_3,1.1986728715538597,0.9796130961655252,2.34280476678426,0.18,0.51,1.5828500753059584,"exact overrides: {'wifi_model.noisy_sigma_db': 9.0, 'vlp_model.blockage_prob': 0.4}; source scenario=s4_mixed_dynamic"
mixed_dynamic,severe,wifi_sigma_db+blockage_prob,2.0,101,static_fusion,0.9219490543617852,0.4788227243389012,3.133742147330421,0.14,0.78,1.1731068802674278,"exact overrides: {'wifi_model.noisy_sigma_db': 9.0, 'vlp_model.blockage_prob': 0.4}; source scenario=s4_mixed_dynamic"
mixed_dynamic,severe,wifi_sigma_db+blockage_prob,2.0,101,vlp_only,0.9149407362866304,0.4788227243389012,3.133742147330421,0.14,0.79,1.1588218947889115,"exact overrides: {'wifi_model.noisy_sigma_db': 9.0, 'vlp_model.blockage_prob': 0.4}; source scenario=s4_mixed_dynamic"
mixed_dynamic,severe,wifi_sigma_db+blockage_prob,2.0,101,wifi_only,2.1301313331108305,1.6756387674588114,4.370726242419932,0.41,0.26,2.8505124573873784,"exact overrides: {'wifi_model.noisy_sigma_db': 9.0, 'vlp_model.blockage_prob': 0.4}; source scenario=s4_mixed_dynamic"
mixed_dynamic,severe,wifi_sigma_db+blockage_prob,2.0,102,adaptive_fusion,0.5602923998217677,0.489254188049676,0.9294316402764348,0.02,0.93,0.5859929833044838,"exact overrides: {'wifi_model.noisy_sigma_db': 9.0, 'vlp_model.blockage_prob': 0.4}; source scenario=s4_mixed_dynamic"
mixed_dynamic,severe,wifi_sigma_db+blockage_prob,2.0,102,graph_diffusion_3,1.2546987916716312,1.0017205115319556,2.41905279025538,0.2,0.5,1.6640334363325735,"exact overrides: {'wifi_model.noisy_sigma_db': 9.0, 'vlp_model.blockage_prob': 0.4}; source scenario=s4_mixed_dynamic"
mixed_dynamic,severe,wifi_sigma_db+blockage_prob,2.0,102,static_fusion,0.7291258837069086,0.4924108737333932,1.3311488665961917,0.08,0.86,0.9066295416846276,"exact overrides: {'wifi_model.noisy_sigma_db': 9.0, 'vlp_model.blockage_prob': 0.4}; source scenario=s4_mixed_dynamic"
mixed_dynamic,severe,wifi_sigma_db+blockage_prob,2.0,102,vlp_only,0.7291258837069086,0.4924108737333932,1.3311488665961917,0.08,0.86,0.9066295416846276,"exact overrides: {'wifi_model.noisy_sigma_db': 9.0, 'vlp_model.blockage_prob': 0.4}; source scenario=s4_mixed_dynamic"
mixed_dynamic,severe,wifi_sigma_db+blockage_prob,2.0,102,wifi_only,2.5509133928618373,2.002744509901551,5.901804784333031,0.5,0.29,3.708202892316128,"exact overrides: {'wifi_model.noisy_sigma_db': 9.0, 'vlp_model.blockage_prob': 0.4}; source scenario=s4_mixed_dynamic"
mixed_dynamic,severe,wifi_sigma_db+blockage_prob,2.0,103,adaptive_fusion,0.8398168130608223,0.5245191179203055,2.2958931305474284,0.11,0.74,0.6945829772909573,"exact overrides: {'wifi_model.noisy_sigma_db': 9.0, 'vlp_model.blockage_prob': 0.4}; source scenario=s4_mixed_dynamic"
mixed_dynamic,severe,wifi_sigma_db+blockage_prob,2.0,103,graph_diffusion_3,1.2217086495643024,0.9700398717319064,2.5658380029700867,0.18,0.54,1.4051176632631015,"exact overrides: {'wifi_model.noisy_sigma_db': 9.0, 'vlp_model.blockage_prob': 0.4}; source scenario=s4_mixed_dynamic"
mixed_dynamic,severe,wifi_sigma_db+blockage_prob,2.0,103,static_fusion,0.8924368469920643,0.5139351684298541,2.504434224660728,0.14,0.77,0.9251484833507396,"exact overrides: {'wifi_model.noisy_sigma_db': 9.0, 'vlp_model.blockage_prob': 0.4}; source scenario=s4_mixed_dynamic"
mixed_dynamic,severe,wifi_sigma_db+blockage_prob,2.0,103,vlp_only,0.8924368469920643,0.5139351684298541,2.504434224660728,0.14,0.77,0.9251484833507396,"exact overrides: {'wifi_model.noisy_sigma_db': 9.0, 'vlp_model.blockage_prob': 0.4}; source scenario=s4_mixed_dynamic"
mixed_dynamic,severe,wifi_sigma_db+blockage_prob,2.0,103,wifi_only,1.9837181423108468,1.3345486979525305,4.049918100612392,0.35,0.38,2.78984674651908,"exact overrides: {'wifi_model.noisy_sigma_db': 9.0, 'vlp_model.blockage_prob': 0.4}; source scenario=s4_mixed_dynamic"
mixed_dynamic,severe,wifi_sigma_db+blockage_prob,2.0,104,adaptive_fusion,0.6951689836287166,0.4377608299208551,1.3009847964846069,0.05,0.85,0.6456113413052676,"exact overrides: {'wifi_model.noisy_sigma_db': 9.0, 'vlp_model.blockage_prob': 0.4}; source scenario=s4_mixed_dynamic"
mixed_dynamic,severe,wifi_sigma_db+blockage_prob,2.0,104,graph_diffusion_3,1.3286105050980903,0.9551026335226231,3.3201641807216933,0.2,0.53,1.4545500138986382,"exact overrides: {'wifi_model.noisy_sigma_db': 9.0, 'vlp_model.blockage_prob': 0.4}; source scenario=s4_mixed_dynamic"
mixed_dynamic,severe,wifi_sigma_db+blockage_prob,2.0,104,static_fusion,0.8851265364583152,0.4420733805149933,2.578870719683377,0.14,0.81,0.9503290813045916,"exact overrides: {'wifi_model.noisy_sigma_db': 9.0, 'vlp_model.blockage_prob': 0.4}; source scenario=s4_mixed_dynamic"
mixed_dynamic,severe,wifi_sigma_db+blockage_prob,2.0,104,vlp_only,0.8851265364583152,0.4420733805149933,2.578870719683377,0.14,0.81,0.9503290813045916,"exact overrides: {'wifi_model.noisy_sigma_db': 9.0, 'vlp_model.blockage_prob': 0.4}; source scenario=s4_mixed_dynamic"
mixed_dynamic,severe,wifi_sigma_db+blockage_prob,2.0,104,wifi_only,2.041373065374906,1.2391142607311814,6.063811278864075,0.25,0.42,2.741815036032316,"exact overrides: {'wifi_model.noisy_sigma_db': 9.0, 'vlp_model.blockage_prob': 0.4}; source scenario=s4_mixed_dynamic"
mixed_dynamic,severe,wifi_sigma_db+blockage_prob,2.0,105,adaptive_fusion,0.8435339130456357,0.4578596739217394,2.082258787393275,0.11,0.77,0.737078006832142,"exact overrides: {'wifi_model.noisy_sigma_db': 9.0, 'vlp_model.blockage_prob': 0.4}; source scenario=s4_mixed_dynamic"
mixed_dynamic,severe,wifi_sigma_db+blockage_prob,2.0,105,graph_diffusion_3,1.2220582146129342,1.110948775839174,2.229323663551363,0.2,0.44,1.5838893673699246,"exact overrides: {'wifi_model.noisy_sigma_db': 9.0, 'vlp_model.blockage_prob': 0.4}; source scenario=s4_mixed_dynamic"
mixed_dynamic,severe,wifi_sigma_db+blockage_prob,2.0,105,static_fusion,0.8973297929969583,0.4488844843945142,2.3843489505843816,0.15,0.73,1.2050999299758995,"exact overrides: {'wifi_model.noisy_sigma_db': 9.0, 'vlp_model.blockage_prob': 0.4}; source scenario=s4_mixed_dynamic"
mixed_dynamic,severe,wifi_sigma_db+blockage_prob,2.0,105,vlp_only,0.9067024699960616,0.4573325975037152,2.3843489505843816,0.15,0.72,1.2050999299758995,"exact overrides: {'wifi_model.noisy_sigma_db': 9.0, 'vlp_model.blockage_prob': 0.4}; source scenario=s4_mixed_dynamic"
mixed_dynamic,severe,wifi_sigma_db+blockage_prob,2.0,105,wifi_only,2.2511490863011736,1.5758146754710247,4.782696560258767,0.42,0.35,3.3144735432738304,"exact overrides: {'wifi_model.noisy_sigma_db': 9.0, 'vlp_model.blockage_prob': 0.4}; source scenario=s4_mixed_dynamic"
mixed_dynamic,severe,wifi_sigma_db+blockage_prob,2.0,106,adaptive_fusion,0.6197073027098632,0.482121582020676,1.0029652841716084,0.03,0.89,0.7115424111462295,"exact overrides: {'wifi_model.noisy_sigma_db': 9.0, 'vlp_model.blockage_prob': 0.4}; source scenario=s4_mixed_dynamic"
mixed_dynamic,severe,wifi_sigma_db+blockage_prob,2.0,106,graph_diffusion_3,1.2102568775099938,0.8253547308603235,2.55563169332105,0.19,0.57,1.3918520685216718,"exact overrides: {'wifi_model.noisy_sigma_db': 9.0, 'vlp_model.blockage_prob': 0.4}; source scenario=s4_mixed_dynamic"
mixed_dynamic,severe,wifi_sigma_db+blockage_prob,2.0,106,static_fusion,0.6909844955285506,0.4773044983851322,1.2707855104380654,0.07,0.87,0.9195364828234184,"exact overrides: {'wifi_model.noisy_sigma_db': 9.0, 'vlp_model.blockage_prob': 0.4}; source scenario=s4_mixed_dynamic"
mixed_dynamic,severe,wifi_sigma_db+blockage_prob,2.0,106,vlp_only,0.6909844955285506,0.4773044983851322,1.2707855104380654,0.07,0.87,0.9195364828234184,"exact overrides: {'wifi_model.noisy_sigma_db': 9.0, 'vlp_model.blockage_prob': 0.4}; source scenario=s4_mixed_dynamic"
mixed_dynamic,severe,wifi_sigma_db+blockage_prob,2.0,106,wifi_only,2.341879946614021,1.4312879746660072,5.482002734541485,0.37,0.37,2.8821943367647225,"exact overrides: {'wifi_model.noisy_sigma_db': 9.0, 'vlp_model.blockage_prob': 0.4}; source scenario=s4_mixed_dynamic"
mixed_dynamic,severe,wifi_sigma_db+blockage_prob,2.0,107,adaptive_fusion,0.5547574263393197,0.4142222705376666,1.227074401293183,0.0,0.87,0.4712813560554786,"exact overrides: {'wifi_model.noisy_sigma_db': 9.0, 'vlp_model.blockage_prob': 0.4}; source scenario=s4_mixed_dynamic"
mixed_dynamic,severe,wifi_sigma_db+blockage_prob,2.0,107,graph_diffusion_3,1.223618997820829,0.9262951194735188,2.4652174820949417,0.18,0.54,1.449451180809771,"exact overrides: {'wifi_model.noisy_sigma_db': 9.0, 'vlp_model.blockage_prob': 0.4}; source scenario=s4_mixed_dynamic"
mixed_dynamic,severe,wifi_sigma_db+blockage_prob,2.0,107,static_fusion,0.8151577390654821,0.4192812866894867,1.8770953429416148,0.08,0.81,1.0574307457528742,"exact overrides: {'wifi_model.noisy_sigma_db': 9.0, 'vlp_model.blockage_prob': 0.4}; source scenario=s4_mixed_dynamic"
mixed_dynamic,severe,wifi_sigma_db+blockage_prob,2.0,107,vlp_only,0.8151577390654821,0.4192812866894867,1.8770953429416148,0.08,0.81,1.0574307457528742,"exact overrides: {'wifi_model.noisy_sigma_db': 9.0, 'vlp_model.blockage_prob': 0.4}; source scenario=s4_mixed_dynamic"
mixed_dynamic,severe,wifi_sigma_db+blockage_prob,2.0,107,wifi_only,2.321645077325732,1.6433792217598149,5.138366643288896,0.42,0.31,2.991205547735053,"exact overrides: {'wifi_model.noisy_sigma_db': 9.0, 'vlp_model.blockage_prob': 0.4}; source scenario=s4_mixed_dynamic"
mixed_dynamic,severe,wifi_sigma_db+blockage_prob,2.0,108,adaptive_fusion,0.7820869253865632,0.490656108214217,1.5967984113822635,0.05,0.76,0.6932730951168445,"exact overrides: {'wifi_model.noisy_sigma_db': 9.0, 'vlp_model.blockage_prob': 0.4}; source scenario=s4_mixed_dynamic"
mixed_dynamic,severe,wifi_sigma_db+blockage_prob,2.0,108,graph_diffusion_3,1.3589814008143253,0.9979890651623184,2.7362195539877625,0.25,0.51,1.673785142342119,"exact overrides: {'wifi_model.noisy_sigma_db': 9.0, 'vlp_model.blockage_prob': 0.4}; source scenario=s4_mixed_dynamic"
mixed_dynamic,severe,wifi_sigma_db+blockage_prob,2.0,108,static_fusion,0.867924319147577,0.4861551701906068,1.9254001054615424,0.1,0.77,0.9108902520309228,"exact overrides: {'wifi_model.noisy_sigma_db': 9.0, 'vlp_model.blockage_prob': 0.4}; source scenario=s4_mixed_dynamic"
mixed_dynamic,severe,wifi_sigma_db+blockage_prob,2.0,108,vlp_only,0.867924319147577,0.4861551701906068,1.9254001054615424,0.1,0.77,0.9108902520309228,"exact overrides: {'wifi_model.noisy_sigma_db': 9.0, 'vlp_model.blockage_prob': 0.4}; source scenario=s4_mixed_dynamic"
mixed_dynamic,severe,wifi_sigma_db+blockage_prob,2.0,108,wifi_only,2.70296618801218,1.7476773320464711,6.600263412071021,0.46,0.24,3.845676241469982,"exact overrides: {'wifi_model.noisy_sigma_db': 9.0, 'vlp_model.blockage_prob': 0.4}; source scenario=s4_mixed_dynamic"
mixed_dynamic,severe,wifi_sigma_db+blockage_prob,2.0,109,adaptive_fusion,0.7793148506628333,0.5058201488398952,1.437704223104157,0.08,0.85,0.6726242077745997,"exact overrides: {'wifi_model.noisy_sigma_db': 9.0, 'vlp_model.blockage_prob': 0.4}; source scenario=s4_mixed_dynamic"
mixed_dynamic,severe,wifi_sigma_db+blockage_prob,2.0,109,graph_diffusion_3,1.2652160407343,0.8986286051651111,2.503601093893124,0.2,0.53,1.5764933664279508,"exact overrides: {'wifi_model.noisy_sigma_db': 9.0, 'vlp_model.blockage_prob': 0.4}; source scenario=s4_mixed_dynamic"
mixed_dynamic,severe,wifi_sigma_db+blockage_prob,2.0,109,static_fusion,0.9579856518854508,0.496266100778516,2.929967366966201,0.12,0.78,1.115282208196006,"exact overrides: {'wifi_model.noisy_sigma_db': 9.0, 'vlp_model.blockage_prob': 0.4}; source scenario=s4_mixed_dynamic"
mixed_dynamic,severe,wifi_sigma_db+blockage_prob,2.0,109,vlp_only,0.9579856518854508,0.496266100778516,2.929967366966201,0.12,0.78,1.115282208196006,"exact overrides: {'wifi_model.noisy_sigma_db': 9.0, 'vlp_model.blockage_prob': 0.4}; source scenario=s4_mixed_dynamic"
mixed_dynamic,severe,wifi_sigma_db+blockage_prob,2.0,109,wifi_only,2.1974489108738045,1.4895493091461574,5.0669754075772,0.38,0.34,3.180287214296219,"exact overrides: {'wifi_model.noisy_sigma_db': 9.0, 'vlp_model.blockage_prob': 0.4}; source scenario=s4_mixed_dynamic"
mixed_dynamic,severe,wifi_sigma_db+blockage_prob,2.0,110,adaptive_fusion,0.7118198594089772,0.3959759096018123,1.7197595453964831,0.05,0.72,0.6049736770116352,"exact overrides: {'wifi_model.noisy_sigma_db': 9.0, 'vlp_model.blockage_prob': 0.4}; source scenario=s4_mixed_dynamic"
mixed_dynamic,severe,wifi_sigma_db+blockage_prob,2.0,110,graph_diffusion_3,1.251195355296279,0.9915138360934728,2.341334997821637,0.16,0.5,1.5684278527281612,"exact overrides: {'wifi_model.noisy_sigma_db': 9.0, 'vlp_model.blockage_prob': 0.4}; source scenario=s4_mixed_dynamic"
mixed_dynamic,severe,wifi_sigma_db+blockage_prob,2.0,110,static_fusion,0.9451216229973196,0.4467892659202532,2.8077313273612168,0.15,0.67,1.216313264349245,"exact overrides: {'wifi_model.noisy_sigma_db': 9.0, 'vlp_model.blockage_prob': 0.4}; source scenario=s4_mixed_dynamic"
mixed_dynamic,severe,wifi_sigma_db+blockage_prob,2.0,110,vlp_only,0.9048327828361372,0.4231273342742086,2.407344438850287,0.14,0.68,1.1259670834401625,"exact overrides: {'wifi_model.noisy_sigma_db': 9.0, 'vlp_model.blockage_prob': 0.4}; source scenario=s4_mixed_dynamic"
mixed_dynamic,severe,wifi_sigma_db+blockage_prob,2.0,110,wifi_only,2.471559257250962,1.8508778427650427,5.911079936528539,0.45,0.28,3.2391173801133397,"exact overrides: {'wifi_model.noisy_sigma_db': 9.0, 'vlp_model.blockage_prob': 0.4}; source scenario=s4_mixed_dynamic"
vlp_blockage,0.10,blockage_prob,0.1,101,adaptive_fusion,0.6150150268695208,0.5017922712031361,1.1152713132888996,0.01,0.82,0.5320423633470405,exact overrides: {'vlp_model.blockage_prob': 0.1}; source scenario=s3_vlp_blocked
vlp_blockage,0.10,blockage_prob,0.1,101,graph_diffusion_3,0.8278214812850271,0.6423703048389999,1.7688562010058173,0.08,0.76,1.064128252224807,exact overrides: {'vlp_model.blockage_prob': 0.1}; source scenario=s3_vlp_blocked
vlp_blockage,0.10,blockage_prob,0.1,101,static_fusion,1.0719768763543387,0.5776988288625371,2.6083754924684963,0.2,0.65,1.3905800583552692,exact overrides: {'vlp_model.blockage_prob': 0.1}; source scenario=s3_vlp_blocked
vlp_blockage,0.10,blockage_prob,0.1,101,vlp_only,1.0719768763543387,0.5776988288625371,2.6083754924684963,0.2,0.65,1.3905800583552692,exact overrides: {'vlp_model.blockage_prob': 0.1}; source scenario=s3_vlp_blocked
vlp_blockage,0.10,blockage_prob,0.1,101,wifi_only,1.1911889807599452,0.9980954368542334,2.386653611413091,0.14,0.5,1.654648921504455,exact overrides: {'vlp_model.blockage_prob': 0.1}; source scenario=s3_vlp_blocked
vlp_blockage,0.10,blockage_prob,0.1,102,adaptive_fusion,0.6008648449003652,0.5070139304956127,1.1663216733188149,0.02,0.85,0.5498598585238103,exact overrides: {'vlp_model.blockage_prob': 0.1}; source scenario=s3_vlp_blocked
vlp_blockage,0.10,blockage_prob,0.1,102,graph_diffusion_3,0.8781936968611587,0.7330550888491455,1.531353636441897,0.04,0.68,1.1448308824206126,exact overrides: {'vlp_model.blockage_prob': 0.1}; source scenario=s3_vlp_blocked
vlp_blockage,0.10,blockage_prob,0.1,102,static_fusion,0.8120484979071959,0.5048394290923677,1.8108679885947312,0.1,0.82,1.1331904663564605,exact overrides: {'vlp_model.blockage_prob': 0.1}; source scenario=s3_vlp_blocked
vlp_blockage,0.10,blockage_prob,0.1,102,vlp_only,0.8120484979071959,0.5048394290923677,1.8108679885947312,0.1,0.82,1.1331904663564605,exact overrides: {'vlp_model.blockage_prob': 0.1}; source scenario=s3_vlp_blocked
vlp_blockage,0.10,blockage_prob,0.1,102,wifi_only,1.4443992969179933,1.12361300536368,2.9969556564452504,0.21,0.44,2.0954188438701133,exact overrides: {'vlp_model.blockage_prob': 0.1}; source scenario=s3_vlp_blocked
vlp_blockage,0.10,blockage_prob,0.1,103,adaptive_fusion,0.6824554941673122,0.5181407082448478,1.2143251297114337,0.04,0.81,0.5623453936500709,exact overrides: {'vlp_model.blockage_prob': 0.1}; source scenario=s3_vlp_blocked
vlp_blockage,0.10,blockage_prob,0.1,103,graph_diffusion_3,0.8857993305890173,0.7349429395795397,1.814765709879676,0.07,0.69,1.0280591157275687,exact overrides: {'vlp_model.blockage_prob': 0.1}; source scenario=s3_vlp_blocked
vlp_blockage,0.10,blockage_prob,0.1,103,static_fusion,0.8452589275236542,0.5181407082448478,1.738069775667023,0.1,0.78,0.9216520088524156,exact overrides: {'vlp_model.blockage_prob': 0.1}; source scenario=s3_vlp_blocked
vlp_blockage,0.10,blockage_prob,0.1,103,vlp_only,0.8452589275236542,0.5181407082448478,1.738069775667023,0.1,0.78,0.9216520088524156,exact overrides: {'vlp_model.blockage_prob': 0.1}; source scenario=s3_vlp_blocked
vlp_blockage,0.10,blockage_prob,0.1,103,wifi_only,1.232109238548603,1.009438676432861,2.2470011083321784,0.15,0.49,1.826201171598548,exact overrides: {'vlp_model.blockage_prob': 0.1}; source scenario=s3_vlp_blocked
vlp_blockage,0.10,blockage_prob,0.1,104,adaptive_fusion,0.5459625361374091,0.4708901805996039,1.0157844605228314,0.0,0.88,0.399492691681662,exact overrides: {'vlp_model.blockage_prob': 0.1}; source scenario=s3_vlp_blocked
vlp_blockage,0.10,blockage_prob,0.1,104,graph_diffusion_3,0.995678172715516,0.778178901383815,1.917493211304604,0.09,0.6,1.1299439061845964,exact overrides: {'vlp_model.blockage_prob': 0.1}; source scenario=s3_vlp_blocked
vlp_blockage,0.10,blockage_prob,0.1,104,static_fusion,0.8323897473931925,0.4760364750220429,1.856654236498097,0.08,0.78,1.134053391476039,exact overrides: {'vlp_model.blockage_prob': 0.1}; source scenario=s3_vlp_blocked
vlp_blockage,0.10,blockage_prob,0.1,104,vlp_only,0.83237394796101,0.4760364750220429,1.856654236498097,0.08,0.78,1.1281363567525344,exact overrides: {'vlp_model.blockage_prob': 0.1}; source scenario=s3_vlp_blocked
vlp_blockage,0.10,blockage_prob,0.1,104,wifi_only,1.4854834072793108,1.0147789176047444,2.939789222728657,0.21,0.49,2.214346400235757,exact overrides: {'vlp_model.blockage_prob': 0.1}; source scenario=s3_vlp_blocked
vlp_blockage,0.10,blockage_prob,0.1,105,adaptive_fusion,0.6501897225951312,0.5186364255185478,1.2927602141740366,0.04,0.81,0.6425408997299454,exact overrides: {'vlp_model.blockage_prob': 0.1}; source scenario=s3_vlp_blocked
vlp_blockage,0.10,blockage_prob,0.1,105,graph_diffusion_3,0.8896454896508709,0.7556799983760347,1.6044659200178952,0.06,0.69,1.0731124270874115,exact overrides: {'vlp_model.blockage_prob': 0.1}; source scenario=s3_vlp_blocked
vlp_blockage,0.10,blockage_prob,0.1,105,static_fusion,0.951277851557758,0.5569647324555528,2.616986919692933,0.16,0.72,1.2423060334794551,exact overrides: {'vlp_model.blockage_prob': 0.1}; source scenario=s3_vlp_blocked
vlp_blockage,0.10,blockage_prob,0.1,105,vlp_only,0.951277851557758,0.5569647324555528,2.616986919692933,0.16,0.72,1.2423060334794551,exact overrides: {'vlp_model.blockage_prob': 0.1}; source scenario=s3_vlp_blocked
vlp_blockage,0.10,blockage_prob,0.1,105,wifi_only,1.494204646977188,1.0893256394552742,3.390196907250577,0.25,0.46,2.098783241931102,exact overrides: {'vlp_model.blockage_prob': 0.1}; source scenario=s3_vlp_blocked
vlp_blockage,0.10,blockage_prob,0.1,106,adaptive_fusion,0.7704044672066422,0.5144911985047518,1.2620907836568975,0.07,0.82,0.672917743662706,exact overrides: {'vlp_model.blockage_prob': 0.1}; source scenario=s3_vlp_blocked
vlp_blockage,0.10,blockage_prob,0.1,106,graph_diffusion_3,1.0584582946315646,0.811482411391905,2.3343510501812736,0.14,0.62,1.1136182306131448,exact overrides: {'vlp_model.blockage_prob': 0.1}; source scenario=s3_vlp_blocked
vlp_blockage,0.10,blockage_prob,0.1,106,static_fusion,1.1626141559767624,0.4984415596231335,4.002957495435266,0.21,0.72,1.5849701622027912,exact overrides: {'vlp_model.blockage_prob': 0.1}; source scenario=s3_vlp_blocked
vlp_blockage,0.10,blockage_prob,0.1,106,vlp_only,1.1652514279431898,0.507569116495171,4.002957495435266,0.21,0.72,1.5849701622027912,exact overrides: {'vlp_model.blockage_prob': 0.1}; source scenario=s3_vlp_blocked
vlp_blockage,0.10,blockage_prob,0.1,106,wifi_only,1.4258034896728136,1.0672991565312404,2.847022850369372,0.16,0.48,1.8930709510091976,exact overrides: {'vlp_model.blockage_prob': 0.1}; source scenario=s3_vlp_blocked
vlp_blockage,0.10,blockage_prob,0.1,107,adaptive_fusion,0.6723165190885672,0.4835788926693369,1.4801723621099157,0.01,0.8,0.5347631252983154,exact overrides: {'vlp_model.blockage_prob': 0.1}; source scenario=s3_vlp_blocked
vlp_blockage,0.10,blockage_prob,0.1,107,graph_diffusion_3,0.7804589704090229,0.677616527846574,1.365262091621834,0.02,0.78,0.861408786985314,exact overrides: {'vlp_model.blockage_prob': 0.1}; source scenario=s3_vlp_blocked
vlp_blockage,0.10,blockage_prob,0.1,107,static_fusion,0.9300893886655728,0.4802846939098615,2.7360811476737346,0.15,0.73,0.9766315424220092,exact overrides: {'vlp_model.blockage_prob': 0.1}; source scenario=s3_vlp_blocked
vlp_blockage,0.10,blockage_prob,0.1,107,vlp_only,0.9300893886655728,0.4802846939098615,2.7360811476737346,0.15,0.73,0.9766315424220092,exact overrides: {'vlp_model.blockage_prob': 0.1}; source scenario=s3_vlp_blocked
vlp_blockage,0.10,blockage_prob,0.1,107,wifi_only,1.1923234896130803,1.1055623354298445,2.304182575820048,0.16,0.45,1.5301517391679176,exact overrides: {'vlp_model.blockage_prob': 0.1}; source scenario=s3_vlp_blocked
vlp_blockage,0.10,blockage_prob,0.1,108,adaptive_fusion,0.7870754087387095,0.567078634651597,1.4433226813278308,0.05,0.74,0.6158642701866377,exact overrides: {'vlp_model.blockage_prob': 0.1}; source scenario=s3_vlp_blocked
vlp_blockage,0.10,blockage_prob,0.1,108,graph_diffusion_3,1.040797905731242,0.8790787116947736,2.1023253017963706,0.12,0.58,1.2267322854743643,exact overrides: {'vlp_model.blockage_prob': 0.1}; source scenario=s3_vlp_blocked
vlp_blockage,0.10,blockage_prob,0.1,108,static_fusion,1.091626404042614,0.567078634651597,3.016015427497754,0.16,0.67,1.3330371376896508,exact overrides: {'vlp_model.blockage_prob': 0.1}; source scenario=s3_vlp_blocked
vlp_blockage,0.10,blockage_prob,0.1,108,vlp_only,1.091626404042614,0.567078634651597,3.016015427497754,0.16,0.67,1.3330371376896508,exact overrides: {'vlp_model.blockage_prob': 0.1}; source scenario=s3_vlp_blocked
vlp_blockage,0.10,blockage_prob,0.1,108,wifi_only,1.6057848105377992,1.212133047379237,3.0616169090448078,0.26,0.4,2.309216523699529,exact overrides: {'vlp_model.blockage_prob': 0.1}; source scenario=s3_vlp_blocked
vlp_blockage,0.10,blockage_prob,0.1,109,adaptive_fusion,0.700143221352535,0.5531300242306827,1.3547414125782784,0.03,0.81,0.5080589956997963,exact overrides: {'vlp_model.blockage_prob': 0.1}; source scenario=s3_vlp_blocked
vlp_blockage,0.10,blockage_prob,0.1,109,graph_diffusion_3,0.8590630791371423,0.8330703094074094,1.5384077682309265,0.02,0.64,1.0136671150493786,exact overrides: {'vlp_model.blockage_prob': 0.1}; source scenario=s3_vlp_blocked
vlp_blockage,0.10,blockage_prob,0.1,109,static_fusion,1.0994537741020656,0.648392040003769,2.806547724908596,0.19,0.71,1.3378517786769393,exact overrides: {'vlp_model.blockage_prob': 0.1}; source scenario=s3_vlp_blocked
vlp_blockage,0.10,blockage_prob,0.1,109,vlp_only,1.0994537741020656,0.648392040003769,2.806547724908596,0.19,0.71,1.3378517786769393,exact overrides: {'vlp_model.blockage_prob': 0.1}; source scenario=s3_vlp_blocked
vlp_blockage,0.10,blockage_prob,0.1,109,wifi_only,1.2331413387219328,1.129738397679491,2.2655556130052426,0.17,0.44,1.695070291567684,exact overrides: {'vlp_model.blockage_prob': 0.1}; source scenario=s3_vlp_blocked
vlp_blockage,0.10,blockage_prob,0.1,110,adaptive_fusion,0.9180180380839978,0.6475632681343501,1.873321201886127,0.09,0.64,0.6141688925782249,exact overrides: {'vlp_model.blockage_prob': 0.1}; source scenario=s3_vlp_blocked
vlp_blockage,0.10,blockage_prob,0.1,110,graph_diffusion_3,0.8662020524601916,0.6017674214352673,1.9019145809411648,0.09,0.71,1.0709469265761538,exact overrides: {'vlp_model.blockage_prob': 0.1}; source scenario=s3_vlp_blocked
vlp_blockage,0.10,blockage_prob,0.1,110,static_fusion,1.211118698435453,0.678518185137813,3.719355977719184,0.19,0.59,1.3543330614736055,exact overrides: {'vlp_model.blockage_prob': 0.1}; source scenario=s3_vlp_blocked
vlp_blockage,0.10,blockage_prob,0.1,110,vlp_only,1.211118698435453,0.678518185137813,3.719355977719184,0.19,0.59,1.3543330614736055,exact overrides: {'vlp_model.blockage_prob': 0.1}; source scenario=s3_vlp_blocked
vlp_blockage,0.10,blockage_prob,0.1,110,wifi_only,1.269949311742513,1.1599074834741256,2.4242677213657604,0.16,0.46,1.71683384083647,exact overrides: {'vlp_model.blockage_prob': 0.1}; source scenario=s3_vlp_blocked
vlp_blockage,0.20,blockage_prob,0.2,101,adaptive_fusion,0.7920870602466327,0.520547751145602,1.6779166312889469,0.09,0.76,0.734646536117963,exact overrides: {'vlp_model.blockage_prob': 0.2}; source scenario=s3_vlp_blocked
vlp_blockage,0.20,blockage_prob,0.2,101,graph_diffusion_3,0.7870168847448425,0.6499990994919209,1.524225891368371,0.05,0.75,1.0174790257999695,exact overrides: {'vlp_model.blockage_prob': 0.2}; source scenario=s3_vlp_blocked
vlp_blockage,0.20,blockage_prob,0.2,101,static_fusion,1.1517575853600277,0.5853322379312011,2.8761749647411783,0.22,0.65,1.434473844064955,exact overrides: {'vlp_model.blockage_prob': 0.2}; source scenario=s3_vlp_blocked
vlp_blockage,0.20,blockage_prob,0.2,101,vlp_only,1.1517575853600277,0.5853322379312011,2.8761749647411783,0.22,0.65,1.434473844064955,exact overrides: {'vlp_model.blockage_prob': 0.2}; source scenario=s3_vlp_blocked
vlp_blockage,0.20,blockage_prob,0.2,101,wifi_only,1.1911889807599452,0.9980954368542334,2.386653611413091,0.14,0.5,1.654648921504455,exact overrides: {'vlp_model.blockage_prob': 0.2}; source scenario=s3_vlp_blocked
vlp_blockage,0.20,blockage_prob,0.2,102,adaptive_fusion,0.7347233815858134,0.5132766093557498,1.3719163824610037,0.06,0.82,0.6513680939610451,exact overrides: {'vlp_model.blockage_prob': 0.2}; source scenario=s3_vlp_blocked
vlp_blockage,0.20,blockage_prob,0.2,102,graph_diffusion_3,0.9764748524860496,0.847700218333991,1.8273357493046656,0.08,0.62,1.1662969581642495,exact overrides: {'vlp_model.blockage_prob': 0.2}; source scenario=s3_vlp_blocked
vlp_blockage,0.20,blockage_prob,0.2,102,static_fusion,0.9929580257820972,0.5176930096091821,2.739026172073153,0.16,0.77,1.1913032133240355,exact overrides: {'vlp_model.blockage_prob': 0.2}; source scenario=s3_vlp_blocked
vlp_blockage,0.20,blockage_prob,0.2,102,vlp_only,1.0038411759950152,0.5176930096091821,2.8500020309499097,0.17,0.77,1.2104511399145217,exact overrides: {'vlp_model.blockage_prob': 0.2}; source scenario=s3_vlp_blocked
vlp_blockage,0.20,blockage_prob,0.2,102,wifi_only,1.4443992969179933,1.12361300536368,2.9969556564452504,0.21,0.44,2.0954188438701133,exact overrides: {'vlp_model.blockage_prob': 0.2}; source scenario=s3_vlp_blocked
vlp_blockage,0.20,blockage_prob,0.2,103,adaptive_fusion,0.7151501729449973,0.4845323889059454,1.4489732872598402,0.08,0.82,0.6313263558267516,exact overrides: {'vlp_model.blockage_prob': 0.2}; source scenario=s3_vlp_blocked
vlp_blockage,0.20,blockage_prob,0.2,103,graph_diffusion_3,0.8786363279067557,0.7096336921164075,1.956448681763921,0.1,0.7,1.0840659965989838,exact overrides: {'vlp_model.blockage_prob': 0.2}; source scenario=s3_vlp_blocked
vlp_blockage,0.20,blockage_prob,0.2,103,static_fusion,0.9060097777344166,0.4878810318173871,2.1411100459436856,0.13,0.78,1.1313308711911108,exact overrides: {'vlp_model.blockage_prob': 0.2}; source scenario=s3_vlp_blocked
vlp_blockage,0.20,blockage_prob,0.2,103,vlp_only,0.9060097777344166,0.4878810318173871,2.1411100459436856,0.13,0.78,1.1313308711911108,exact overrides: {'vlp_model.blockage_prob': 0.2}; source scenario=s3_vlp_blocked
vlp_blockage,0.20,blockage_prob,0.2,103,wifi_only,1.232109238548603,1.009438676432861,2.2470011083321784,0.15,0.49,1.826201171598548,exact overrides: {'vlp_model.blockage_prob': 0.2}; source scenario=s3_vlp_blocked
vlp_blockage,0.20,blockage_prob,0.2,104,adaptive_fusion,0.773989835468149,0.5110816021763073,1.5164605964552018,0.07,0.78,0.599779834355866,exact overrides: {'vlp_model.blockage_prob': 0.2}; source scenario=s3_vlp_blocked
vlp_blockage,0.20,blockage_prob,0.2,104,graph_diffusion_3,1.0168825411302196,0.7848990512186806,2.0457483884108054,0.11,0.62,1.1279894870424538,exact overrides: {'vlp_model.blockage_prob': 0.2}; source scenario=s3_vlp_blocked
vlp_blockage,0.20,blockage_prob,0.2,104,static_fusion,0.9705243034658246,0.5053313303777734,2.878812927960542,0.12,0.75,1.2345653580590057,exact overrides: {'vlp_model.blockage_prob': 0.2}; source scenario=s3_vlp_blocked
vlp_blockage,0.20,blockage_prob,0.2,104,vlp_only,0.9705085040336422,0.5053313303777734,2.878812927960542,0.12,0.75,1.2286483233355017,exact overrides: {'vlp_model.blockage_prob': 0.2}; source scenario=s3_vlp_blocked
vlp_blockage,0.20,blockage_prob,0.2,104,wifi_only,1.4854834072793108,1.0147789176047444,2.939789222728657,0.21,0.49,2.214346400235757,exact overrides: {'vlp_model.blockage_prob': 0.2}; source scenario=s3_vlp_blocked
vlp_blockage,0.20,blockage_prob,0.2,105,adaptive_fusion,0.740563409396787,0.4981926419173642,1.874800708784392,0.07,0.79,0.7439092466130848,exact overrides: {'vlp_model.blockage_prob': 0.2}; source scenario=s3_vlp_blocked
vlp_blockage,0.20,blockage_prob,0.2,105,graph_diffusion_3,0.9535162717968484,0.7603231981783444,1.9167083824760405,0.08,0.65,1.1944337083605436,exact overrides: {'vlp_model.blockage_prob': 0.2}; source scenario=s3_vlp_blocked
vlp_blockage,0.20,blockage_prob,0.2,105,static_fusion,1.043055168681014,0.5280714247528739,2.698797420625102,0.21,0.7,1.4215619357137004,exact overrides: {'vlp_model.blockage_prob': 0.2}; source scenario=s3_vlp_blocked
vlp_blockage,0.20,blockage_prob,0.2,105,vlp_only,1.043055168681014,0.5280714247528739,2.698797420625102,0.21,0.7,1.4215619357137004,exact overrides: {'vlp_model.blockage_prob': 0.2}; source scenario=s3_vlp_blocked
vlp_blockage,0.20,blockage_prob,0.2,105,wifi_only,1.494204646977188,1.0893256394552742,3.390196907250577,0.25,0.46,2.098783241931102,exact overrides: {'vlp_model.blockage_prob': 0.2}; source scenario=s3_vlp_blocked
vlp_blockage,0.20,blockage_prob,0.2,106,adaptive_fusion,0.984680466627676,0.5398714811972551,2.844403488238867,0.16,0.71,0.7500330327048065,exact overrides: {'vlp_model.blockage_prob': 0.2}; source scenario=s3_vlp_blocked
vlp_blockage,0.20,blockage_prob,0.2,106,graph_diffusion_3,1.0028997096950052,0.7775931554152447,1.920901944590777,0.1,0.6,1.025090395755398,exact overrides: {'vlp_model.blockage_prob': 0.2}; source scenario=s3_vlp_blocked
vlp_blockage,0.20,blockage_prob,0.2,106,static_fusion,1.2107930103081876,0.507569116495171,3.490473881395015,0.24,0.66,1.4845226550912771,exact overrides: {'vlp_model.blockage_prob': 0.2}; source scenario=s3_vlp_blocked
vlp_blockage,0.20,blockage_prob,0.2,106,vlp_only,1.2134302822746152,0.5150715934214184,3.490473881395015,0.24,0.66,1.4845226550912771,exact overrides: {'vlp_model.blockage_prob': 0.2}; source scenario=s3_vlp_blocked
vlp_blockage,0.20,blockage_prob,0.2,106,wifi_only,1.4258034896728136,1.0672991565312404,2.847022850369372,0.16,0.48,1.8930709510091976,exact overrides: {'vlp_model.blockage_prob': 0.2}; source scenario=s3_vlp_blocked
vlp_blockage,0.20,blockage_prob,0.2,107,adaptive_fusion,0.735508290891991,0.4802846939098615,1.2936863175108575,0.04,0.8,0.6026830430478537,exact overrides: {'vlp_model.blockage_prob': 0.2}; source scenario=s3_vlp_blocked
vlp_blockage,0.20,blockage_prob,0.2,107,graph_diffusion_3,0.8757414948846312,0.7034709224297802,1.7291200615277833,0.06,0.74,0.969267212639161,exact overrides: {'vlp_model.blockage_prob': 0.2}; source scenario=s3_vlp_blocked
vlp_blockage,0.20,blockage_prob,0.2,107,static_fusion,1.0650018947666628,0.4727939253065041,2.9998548223625985,0.21,0.74,1.202211006101156,exact overrides: {'vlp_model.blockage_prob': 0.2}; source scenario=s3_vlp_blocked
vlp_blockage,0.20,blockage_prob,0.2,107,vlp_only,1.0650018947666628,0.4727939253065041,2.9998548223625985,0.21,0.74,1.202211006101156,exact overrides: {'vlp_model.blockage_prob': 0.2}; source scenario=s3_vlp_blocked
vlp_blockage,0.20,blockage_prob,0.2,107,wifi_only,1.1923234896130803,1.1055623354298445,2.304182575820048,0.16,0.45,1.5301517391679176,exact overrides: {'vlp_model.blockage_prob': 0.2}; source scenario=s3_vlp_blocked
vlp_blockage,0.20,blockage_prob,0.2,108,adaptive_fusion,0.7571902146733582,0.5350711896001173,1.5340719692752356,0.05,0.75,0.6106655639565082,exact overrides: {'vlp_model.blockage_prob': 0.2}; source scenario=s3_vlp_blocked
vlp_blockage,0.20,blockage_prob,0.2,108,graph_diffusion_3,1.0063287242686123,0.8506341106535457,1.947902277134224,0.09,0.59,1.242705388221583,exact overrides: {'vlp_model.blockage_prob': 0.2}; source scenario=s3_vlp_blocked
vlp_blockage,0.20,blockage_prob,0.2,108,static_fusion,1.0216517730113637,0.5505039268194003,2.469121534743518,0.15,0.69,1.2582626103205612,exact overrides: {'vlp_model.blockage_prob': 0.2}; source scenario=s3_vlp_blocked
vlp_blockage,0.20,blockage_prob,0.2,108,vlp_only,1.0216517730113637,0.5505039268194003,2.469121534743518,0.15,0.69,1.2582626103205612,exact overrides: {'vlp_model.blockage_prob': 0.2}; source scenario=s3_vlp_blocked
vlp_blockage,0.20,blockage_prob,0.2,108,wifi_only,1.6057848105377992,1.212133047379237,3.0616169090448078,0.26,0.4,2.309216523699529,exact overrides: {'vlp_model.blockage_prob': 0.2}; source scenario=s3_vlp_blocked
vlp_blockage,0.20,blockage_prob,0.2,109,adaptive_fusion,0.8962719876993859,0.5458004859604597,1.3634667129869436,0.07,0.79,0.7069202530433477,exact overrides: {'vlp_model.blockage_prob': 0.2}; source scenario=s3_vlp_blocked
vlp_blockage,0.20,blockage_prob,0.2,109,graph_diffusion_3,0.8999832830095914,0.7463379013934657,1.8561934057429328,0.07,0.63,1.0639177911461364,exact overrides: {'vlp_model.blockage_prob': 0.2}; source scenario=s3_vlp_blocked
vlp_blockage,0.20,blockage_prob,0.2,109,static_fusion,1.1310597482339988,0.551422568833539,3.391417749612212,0.16,0.74,1.2632598963005135,exact overrides: {'vlp_model.blockage_prob': 0.2}; source scenario=s3_vlp_blocked
vlp_blockage,0.20,blockage_prob,0.2,109,vlp_only,1.1310597482339988,0.551422568833539,3.391417749612212,0.16,0.74,1.2632598963005135,exact overrides: {'vlp_model.blockage_prob': 0.2}; source scenario=s3_vlp_blocked
vlp_blockage,0.20,blockage_prob,0.2,109,wifi_only,1.2331413387219328,1.129738397679491,2.2655556130052426,0.17,0.44,1.695070291567684,exact overrides: {'vlp_model.blockage_prob': 0.2}; source scenario=s3_vlp_blocked
vlp_blockage,0.20,blockage_prob,0.2,110,adaptive_fusion,0.9277165923998372,0.6475632681343501,2.121812772107643,0.14,0.63,0.759101642059404,exact overrides: {'vlp_model.blockage_prob': 0.2}; source scenario=s3_vlp_blocked
vlp_blockage,0.20,blockage_prob,0.2,110,graph_diffusion_3,0.8684326221310519,0.6174397170680408,1.9289992369726443,0.1,0.68,1.1424500205713402,exact overrides: {'vlp_model.blockage_prob': 0.2}; source scenario=s3_vlp_blocked
vlp_blockage,0.20,blockage_prob,0.2,110,static_fusion,1.285807318696509,0.7873266649449158,3.403587645849232,0.24,0.56,1.668817989307467,exact overrides: {'vlp_model.blockage_prob': 0.2}; source scenario=s3_vlp_blocked
vlp_blockage,0.20,blockage_prob,0.2,110,vlp_only,1.285807318696509,0.7873266649449158,3.403587645849232,0.24,0.56,1.668817989307467,exact overrides: {'vlp_model.blockage_prob': 0.2}; source scenario=s3_vlp_blocked
vlp_blockage,0.20,blockage_prob,0.2,110,wifi_only,1.269949311742513,1.1599074834741256,2.4242677213657604,0.16,0.46,1.71683384083647,exact overrides: {'vlp_model.blockage_prob': 0.2}; source scenario=s3_vlp_blocked
vlp_blockage,0.30,blockage_prob,0.3,101,adaptive_fusion,0.9753839471311324,0.5780150518524216,2.492171230601629,0.17,0.67,0.7866437135739663,exact overrides: {'vlp_model.blockage_prob': 0.3}; source scenario=s3_vlp_blocked
vlp_blockage,0.30,blockage_prob,0.3,101,graph_diffusion_3,0.8676225815905606,0.7003585549885298,1.7392659958336762,0.08,0.69,1.0710162336274498,exact overrides: {'vlp_model.blockage_prob': 0.3}; source scenario=s3_vlp_blocked
vlp_blockage,0.30,blockage_prob,0.3,101,static_fusion,1.218646034285304,0.624988504164428,2.888610758330608,0.24,0.64,1.5320552396432856,exact overrides: {'vlp_model.blockage_prob': 0.3}; source scenario=s3_vlp_blocked
vlp_blockage,0.30,blockage_prob,0.3,101,vlp_only,1.2161946950902405,0.6070701826308602,2.888610758330608,0.24,0.64,1.5320552396432856,exact overrides: {'vlp_model.blockage_prob': 0.3}; source scenario=s3_vlp_blocked
vlp_blockage,0.30,blockage_prob,0.3,101,wifi_only,1.1911889807599452,0.9980954368542334,2.386653611413091,0.14,0.5,1.654648921504455,exact overrides: {'vlp_model.blockage_prob': 0.3}; source scenario=s3_vlp_blocked
vlp_blockage,0.30,blockage_prob,0.3,102,adaptive_fusion,0.7262304918931748,0.5176930096091821,1.2985251088817085,0.05,0.82,0.6394385180191852,exact overrides: {'vlp_model.blockage_prob': 0.3}; source scenario=s3_vlp_blocked
vlp_blockage,0.30,blockage_prob,0.3,102,graph_diffusion_3,0.9261003251426904,0.7962706826104906,1.753751723094523,0.06,0.63,1.1217891191380571,exact overrides: {'vlp_model.blockage_prob': 0.3}; source scenario=s3_vlp_blocked
vlp_blockage,0.30,blockage_prob,0.3,102,static_fusion,0.866304718119883,0.5070139304956127,2.2590686851414,0.12,0.81,1.0838792425147874,exact overrides: {'vlp_model.blockage_prob': 0.3}; source scenario=s3_vlp_blocked
vlp_blockage,0.30,blockage_prob,0.3,102,vlp_only,0.877187868332801,0.5070139304956127,2.597388540165925,0.13,0.81,1.103027169105273,exact overrides: {'vlp_model.blockage_prob': 0.3}; source scenario=s3_vlp_blocked
vlp_blockage,0.30,blockage_prob,0.3,102,wifi_only,1.4443992969179933,1.12361300536368,2.9969556564452504,0.21,0.44,2.0954188438701133,exact overrides: {'vlp_model.blockage_prob': 0.3}; source scenario=s3_vlp_blocked
vlp_blockage,0.30,blockage_prob,0.3,103,adaptive_fusion,0.6872251370658521,0.4667713675448822,1.2148390194871488,0.06,0.83,0.5410400869161832,exact overrides: {'vlp_model.blockage_prob': 0.3}; source scenario=s3_vlp_blocked
vlp_blockage,0.30,blockage_prob,0.3,103,graph_diffusion_3,0.8792311895677646,0.7269015867657416,1.70590749736477,0.07,0.69,1.0701421980380064,exact overrides: {'vlp_model.blockage_prob': 0.3}; source scenario=s3_vlp_blocked
vlp_blockage,0.30,blockage_prob,0.3,103,static_fusion,0.9077892231379786,0.4845323889059454,2.490095132412269,0.13,0.79,1.0623859753186324,exact overrides: {'vlp_model.blockage_prob': 0.3}; source scenario=s3_vlp_blocked
vlp_blockage,0.30,blockage_prob,0.3,103,vlp_only,0.9077892231379786,0.4845323889059454,2.490095132412269,0.13,0.79,1.0623859753186324,exact overrides: {'vlp_model.blockage_prob': 0.3}; source scenario=s3_vlp_blocked
vlp_blockage,0.30,blockage_prob,0.3,103,wifi_only,1.232109238548603,1.009438676432861,2.2470011083321784,0.15,0.49,1.826201171598548,exact overrides: {'vlp_model.blockage_prob': 0.3}; source scenario=s3_vlp_blocked
vlp_blockage,0.30,blockage_prob,0.3,104,adaptive_fusion,0.849704234707114,0.5035577104068547,1.7269873165014773,0.09,0.78,0.5892556470829705,exact overrides: {'vlp_model.blockage_prob': 0.3}; source scenario=s3_vlp_blocked
vlp_blockage,0.30,blockage_prob,0.3,104,graph_diffusion_3,1.1364526255103566,0.9297453346857754,2.4415536805424525,0.16,0.54,1.2035949975811011,exact overrides: {'vlp_model.blockage_prob': 0.3}; source scenario=s3_vlp_blocked
vlp_blockage,0.30,blockage_prob,0.3,104,static_fusion,1.19237817438774,0.5053313303777734,3.892482958957757,0.18,0.7,1.5532133846124654,exact overrides: {'vlp_model.blockage_prob': 0.3}; source scenario=s3_vlp_blocked
vlp_blockage,0.30,blockage_prob,0.3,104,vlp_only,1.1923623749555574,0.5053313303777734,3.892482958957757,0.18,0.7,1.5472963498889614,exact overrides: {'vlp_model.blockage_prob': 0.3}; source scenario=s3_vlp_blocked
vlp_blockage,0.30,blockage_prob,0.3,104,wifi_only,1.4854834072793108,1.0147789176047444,2.939789222728657,0.21,0.49,2.214346400235757,exact overrides: {'vlp_model.blockage_prob': 0.3}; source scenario=s3_vlp_blocked
vlp_blockage,0.30,blockage_prob,0.3,105,adaptive_fusion,0.8740693092231929,0.5280714247528739,2.1311755533540406,0.12,0.7,0.6121800446696485,exact overrides: {'vlp_model.blockage_prob': 0.3}; source scenario=s3_vlp_blocked
vlp_blockage,0.30,blockage_prob,0.3,105,graph_diffusion_3,0.9609259170696298,0.8323804270535564,1.7056963342998657,0.06,0.62,1.1905462831900488,exact overrides: {'vlp_model.blockage_prob': 0.3}; source scenario=s3_vlp_blocked
vlp_blockage,0.30,blockage_prob,0.3,105,static_fusion,1.09734651849006,0.5307616494086411,2.877795372144453,0.25,0.68,1.5684020200038404,exact overrides: {'vlp_model.blockage_prob': 0.3}; source scenario=s3_vlp_blocked
vlp_blockage,0.30,blockage_prob,0.3,105,vlp_only,1.09734651849006,0.5307616494086411,2.877795372144453,0.25,0.68,1.5684020200038404,exact overrides: {'vlp_model.blockage_prob': 0.3}; source scenario=s3_vlp_blocked
vlp_blockage,0.30,blockage_prob,0.3,105,wifi_only,1.494204646977188,1.0893256394552742,3.390196907250577,0.25,0.46,2.098783241931102,exact overrides: {'vlp_model.blockage_prob': 0.3}; source scenario=s3_vlp_blocked
vlp_blockage,0.30,blockage_prob,0.3,106,adaptive_fusion,0.8129081004535058,0.5144911985047518,1.8388997091865609,0.1,0.79,0.8458915331638635,exact overrides: {'vlp_model.blockage_prob': 0.3}; source scenario=s3_vlp_blocked
vlp_blockage,0.30,blockage_prob,0.3,106,graph_diffusion_3,0.9953036015724136,0.7768999596959328,2.089901605737102,0.12,0.63,1.07525465000863,exact overrides: {'vlp_model.blockage_prob': 0.3}; source scenario=s3_vlp_blocked
vlp_blockage,0.30,blockage_prob,0.3,106,static_fusion,1.1633081878773284,0.5190129602549529,2.9057099218573,0.23,0.65,1.481242363412246,exact overrides: {'vlp_model.blockage_prob': 0.3}; source scenario=s3_vlp_blocked
vlp_blockage,0.30,blockage_prob,0.3,106,vlp_only,1.1659454598437555,0.5287858657639257,2.9057099218573,0.23,0.65,1.481242363412246,exact overrides: {'vlp_model.blockage_prob': 0.3}; source scenario=s3_vlp_blocked
vlp_blockage,0.30,blockage_prob,0.3,106,wifi_only,1.4258034896728136,1.0672991565312404,2.847022850369372,0.16,0.48,1.8930709510091976,exact overrides: {'vlp_model.blockage_prob': 0.3}; source scenario=s3_vlp_blocked
vlp_blockage,0.30,blockage_prob,0.3,107,adaptive_fusion,0.8260181622966556,0.4942665179973633,1.9950565426752171,0.1,0.76,0.7996172434187024,exact overrides: {'vlp_model.blockage_prob': 0.3}; source scenario=s3_vlp_blocked
vlp_blockage,0.30,blockage_prob,0.3,107,graph_diffusion_3,0.8167000772884304,0.6909682018948035,1.5596027728488508,0.02,0.75,0.945612425547765,exact overrides: {'vlp_model.blockage_prob': 0.3}; source scenario=s3_vlp_blocked
vlp_blockage,0.30,blockage_prob,0.3,107,static_fusion,0.9624008183326472,0.4835788926693369,2.812003720683653,0.17,0.71,1.208065464878513,exact overrides: {'vlp_model.blockage_prob': 0.3}; source scenario=s3_vlp_blocked
vlp_blockage,0.30,blockage_prob,0.3,107,vlp_only,0.9624008183326472,0.4835788926693369,2.812003720683653,0.17,0.71,1.208065464878513,exact overrides: {'vlp_model.blockage_prob': 0.3}; source scenario=s3_vlp_blocked
vlp_blockage,0.30,blockage_prob,0.3,107,wifi_only,1.1923234896130803,1.1055623354298445,2.304182575820048,0.16,0.45,1.5301517391679176,exact overrides: {'vlp_model.blockage_prob': 0.3}; source scenario=s3_vlp_blocked
vlp_blockage,0.30,blockage_prob,0.3,108,adaptive_fusion,0.8071954412492444,0.5584841918709024,1.5340719692752356,0.06,0.72,0.7525315262232647,exact overrides: {'vlp_model.blockage_prob': 0.3}; source scenario=s3_vlp_blocked
vlp_blockage,0.30,blockage_prob,0.3,108,graph_diffusion_3,1.0426346003222435,0.878503731353499,1.7196367922626905,0.09,0.59,1.309503112786892,exact overrides: {'vlp_model.blockage_prob': 0.3}; source scenario=s3_vlp_blocked
vlp_blockage,0.30,blockage_prob,0.3,108,static_fusion,1.1368049514807057,0.6249702093871189,3.089078931937374,0.17,0.67,1.4696360886016149,exact overrides: {'vlp_model.blockage_prob': 0.3}; source scenario=s3_vlp_blocked
vlp_blockage,0.30,blockage_prob,0.3,108,vlp_only,1.1368049514807057,0.6249702093871189,3.089078931937374,0.17,0.67,1.4696360886016149,exact overrides: {'vlp_model.blockage_prob': 0.3}; source scenario=s3_vlp_blocked
vlp_blockage,0.30,blockage_prob,0.3,108,wifi_only,1.6057848105377992,1.212133047379237,3.0616169090448078,0.26,0.4,2.309216523699529,exact overrides: {'vlp_model.blockage_prob': 0.3}; source scenario=s3_vlp_blocked
vlp_blockage,0.30,blockage_prob,0.3,109,adaptive_fusion,1.0259666508740375,0.645896350950499,2.752009772626307,0.13,0.76,0.8512418123124587,exact overrides: {'vlp_model.blockage_prob': 0.3}; source scenario=s3_vlp_blocked
vlp_blockage,0.30,blockage_prob,0.3,109,graph_diffusion_3,0.9418172552861148,0.8424399567174643,1.767038742704418,0.06,0.59,1.1700920977463976,exact overrides: {'vlp_model.blockage_prob': 0.3}; source scenario=s3_vlp_blocked
vlp_blockage,0.30,blockage_prob,0.3,109,static_fusion,1.194570567299197,0.6316481331111952,3.1292672669277195,0.22,0.7,1.487377564267595,exact overrides: {'vlp_model.blockage_prob': 0.3}; source scenario=s3_vlp_blocked
vlp_blockage,0.30,blockage_prob,0.3,109,vlp_only,1.194570567299197,0.6316481331111952,3.1292672669277195,0.22,0.7,1.487377564267595,exact overrides: {'vlp_model.blockage_prob': 0.3}; source scenario=s3_vlp_blocked
vlp_blockage,0.30,blockage_prob,0.3,109,wifi_only,1.2331413387219328,1.129738397679491,2.2655556130052426,0.17,0.44,1.695070291567684,exact overrides: {'vlp_model.blockage_prob': 0.3}; source scenario=s3_vlp_blocked
vlp_blockage,0.30,blockage_prob,0.3,110,adaptive_fusion,1.1672685559435303,0.7072118773371274,2.8580988945032217,0.19,0.58,0.9297059711719334,exact overrides: {'vlp_model.blockage_prob': 0.3}; source scenario=s3_vlp_blocked
vlp_blockage,0.30,blockage_prob,0.3,110,graph_diffusion_3,0.928525529742062,0.7190217712896136,2.0934139995960828,0.11,0.69,1.1313899501101978,exact overrides: {'vlp_model.blockage_prob': 0.3}; source scenario=s3_vlp_blocked
vlp_blockage,0.30,blockage_prob,0.3,110,static_fusion,1.4882821318055357,0.7937193221624728,4.199373656510963,0.28,0.54,1.7704416540956065,exact overrides: {'vlp_model.blockage_prob': 0.3}; source scenario=s3_vlp_blocked
vlp_blockage,0.30,blockage_prob,0.3,110,vlp_only,1.4790586961423615,0.7937193221624728,4.199373656510963,0.27,0.54,1.7906436742976266,exact overrides: {'vlp_model.blockage_prob': 0.3}; source scenario=s3_vlp_blocked
vlp_blockage,0.30,blockage_prob,0.3,110,wifi_only,1.269949311742513,1.1599074834741256,2.4242677213657604,0.16,0.46,1.71683384083647,exact overrides: {'vlp_model.blockage_prob': 0.3}; source scenario=s3_vlp_blocked
vlp_blockage,0.40,blockage_prob,0.4,101,adaptive_fusion,1.1102208456513714,0.5990422376437834,2.808305623218631,0.21,0.66,0.8636787036385782,exact overrides: {'vlp_model.blockage_prob': 0.4}; source scenario=s3_vlp_blocked
vlp_blockage,0.40,blockage_prob,0.4,101,graph_diffusion_3,0.8857636055806312,0.7087554963795775,1.8546574975840788,0.07,0.69,1.0579947432313015,exact overrides: {'vlp_model.blockage_prob': 0.4}; source scenario=s3_vlp_blocked
vlp_blockage,0.40,blockage_prob,0.4,101,static_fusion,1.2886848205359465,0.7011158539625826,3.145187472132939,0.26,0.6,1.508111788117263,exact overrides: {'vlp_model.blockage_prob': 0.4}; source scenario=s3_vlp_blocked
vlp_blockage,0.40,blockage_prob,0.4,101,vlp_only,1.2886848205359465,0.7011158539625826,3.145187472132939,0.26,0.6,1.508111788117263,exact overrides: {'vlp_model.blockage_prob': 0.4}; source scenario=s3_vlp_blocked
vlp_blockage,0.40,blockage_prob,0.4,101,wifi_only,1.1911889807599452,0.9980954368542334,2.386653611413091,0.14,0.5,1.654648921504455,exact overrides: {'vlp_model.blockage_prob': 0.4}; source scenario=s3_vlp_blocked
vlp_blockage,0.40,blockage_prob,0.4,102,adaptive_fusion,0.7803942737987499,0.5145321191862589,1.350815017596339,0.08,0.81,0.7822855481575026,exact overrides: {'vlp_model.blockage_prob': 0.4}; source scenario=s3_vlp_blocked
vlp_blockage,0.40,blockage_prob,0.4,102,graph_diffusion_3,0.9552152409067418,0.8304078835089368,1.7537517230961763,0.05,0.61,1.169575111512705,exact overrides: {'vlp_model.blockage_prob': 0.4}; source scenario=s3_vlp_blocked
vlp_blockage,0.40,blockage_prob,0.4,102,static_fusion,0.933383605060512,0.5059157526362479,2.6694622901210847,0.14,0.79,1.2283437480725123,exact overrides: {'vlp_model.blockage_prob': 0.4}; source scenario=s3_vlp_blocked
vlp_blockage,0.40,blockage_prob,0.4,102,vlp_only,0.94426675527343,0.5059157526362479,2.6927132030708187,0.15,0.79,1.247491674662998,exact overrides: {'vlp_model.blockage_prob': 0.4}; source scenario=s3_vlp_blocked
vlp_blockage,0.40,blockage_prob,0.4,102,wifi_only,1.4443992969179933,1.12361300536368,2.9969556564452504,0.21,0.44,2.0954188438701133,exact overrides: {'vlp_model.blockage_prob': 0.4}; source scenario=s3_vlp_blocked
vlp_blockage,0.40,blockage_prob,0.4,103,adaptive_fusion,0.9345895975075248,0.5276183385663618,1.732946704144541,0.09,0.76,0.8626360009228785,exact overrides: {'vlp_model.blockage_prob': 0.4}; source scenario=s3_vlp_blocked
vlp_blockage,0.40,blockage_prob,0.4,103,graph_diffusion_3,0.9604265180859876,0.7316769402262855,2.110567875193844,0.12,0.69,1.0029492355450458,exact overrides: {'vlp_model.blockage_prob': 0.4}; source scenario=s3_vlp_blocked
vlp_blockage,0.40,blockage_prob,0.4,103,static_fusion,1.0289702469145474,0.5196849276720461,2.4742211118262367,0.14,0.76,1.0668042247329244,exact overrides: {'vlp_model.blockage_prob': 0.4}; source scenario=s3_vlp_blocked
vlp_blockage,0.40,blockage_prob,0.4,103,vlp_only,1.0321638908889166,0.5245191179203055,2.4742211118262367,0.14,0.76,1.087006244934945,exact overrides: {'vlp_model.blockage_prob': 0.4}; source scenario=s3_vlp_blocked
vlp_blockage,0.40,blockage_prob,0.4,103,wifi_only,1.232109238548603,1.009438676432861,2.2470011083321784,0.15,0.49,1.826201171598548,exact overrides: {'vlp_model.blockage_prob': 0.4}; source scenario=s3_vlp_blocked
vlp_blockage,0.40,blockage_prob,0.4,104,adaptive_fusion,0.916746027624121,0.4760364750220429,2.859850357950822,0.11,0.79,1.0103574286569428,exact overrides: {'vlp_model.blockage_prob': 0.4}; source scenario=s3_vlp_blocked
vlp_blockage,0.40,blockage_prob,0.4,104,graph_diffusion_3,1.1530965820975403,0.911029441541416,2.398675425873741,0.16,0.55,1.3396821496286189,exact overrides: {'vlp_model.blockage_prob': 0.4}; source scenario=s3_vlp_blocked
vlp_blockage,0.40,blockage_prob,0.4,104,static_fusion,1.2143917890225804,0.5096413083147798,4.104227443793746,0.22,0.69,1.537778733439621,exact overrides: {'vlp_model.blockage_prob': 0.4}; source scenario=s3_vlp_blocked
vlp_blockage,0.40,blockage_prob,0.4,104,vlp_only,1.2142043264543034,0.5096413083147798,4.104227443793746,0.22,0.69,1.5318616987161164,exact overrides: {'vlp_model.blockage_prob': 0.4}; source scenario=s3_vlp_blocked
vlp_blockage,0.40,blockage_prob,0.4,104,wifi_only,1.4854834072793108,1.0147789176047444,2.939789222728657,0.21,0.49,2.214346400235757,exact overrides: {'vlp_model.blockage_prob': 0.4}; source scenario=s3_vlp_blocked
vlp_blockage,0.40,blockage_prob,0.4,105,adaptive_fusion,1.0681286653020898,0.5491321615586943,2.722101925489929,0.2,0.67,0.7989939496123152,exact overrides: {'vlp_model.blockage_prob': 0.4}; source scenario=s3_vlp_blocked
vlp_blockage,0.40,blockage_prob,0.4,105,graph_diffusion_3,0.9578098661337106,0.8134526208384123,1.8180785618599644,0.06,0.62,1.2071344874270094,exact overrides: {'vlp_model.blockage_prob': 0.4}; source scenario=s3_vlp_blocked
vlp_blockage,0.40,blockage_prob,0.4,105,static_fusion,1.181015727758319,0.5524167501598375,3.453905787264385,0.23,0.67,1.6544058071031278,exact overrides: {'vlp_model.blockage_prob': 0.4}; source scenario=s3_vlp_blocked
vlp_blockage,0.40,blockage_prob,0.4,105,vlp_only,1.181015727758319,0.5524167501598375,3.453905787264385,0.23,0.67,1.6544058071031278,exact overrides: {'vlp_model.blockage_prob': 0.4}; source scenario=s3_vlp_blocked
vlp_blockage,0.40,blockage_prob,0.4,105,wifi_only,1.494204646977188,1.0893256394552742,3.390196907250577,0.25,0.46,2.098783241931102,exact overrides: {'vlp_model.blockage_prob': 0.4}; source scenario=s3_vlp_blocked
vlp_blockage,0.40,blockage_prob,0.4,106,adaptive_fusion,0.9009874255124212,0.5262580466367435,2.245152394815478,0.12,0.73,0.9262990604062384,exact overrides: {'vlp_model.blockage_prob': 0.4}; source scenario=s3_vlp_blocked
vlp_blockage,0.40,blockage_prob,0.4,106,graph_diffusion_3,0.9767950387810322,0.7859155256250396,1.833454342852473,0.06,0.63,1.0988089436298845,exact overrides: {'vlp_model.blockage_prob': 0.4}; source scenario=s3_vlp_blocked
vlp_blockage,0.40,blockage_prob,0.4,106,static_fusion,1.1333937551536346,0.5253750313053548,2.8671800159503995,0.21,0.65,1.6632794932480754,exact overrides: {'vlp_model.blockage_prob': 0.4}; source scenario=s3_vlp_blocked
vlp_blockage,0.40,blockage_prob,0.4,106,vlp_only,1.136031027120062,0.5434031254877307,2.8671800159503995,0.21,0.65,1.6632794932480754,exact overrides: {'vlp_model.blockage_prob': 0.4}; source scenario=s3_vlp_blocked
vlp_blockage,0.40,blockage_prob,0.4,106,wifi_only,1.4258034896728136,1.0672991565312404,2.847022850369372,0.16,0.48,1.8930709510091976,exact overrides: {'vlp_model.blockage_prob': 0.4}; source scenario=s3_vlp_blocked
vlp_blockage,0.40,blockage_prob,0.4,107,adaptive_fusion,0.851668845607998,0.5046476461674541,1.8905025376771607,0.08,0.73,0.7940053330294108,exact overrides: {'vlp_model.blockage_prob': 0.4}; source scenario=s3_vlp_blocked
vlp_blockage,0.40,blockage_prob,0.4,107,graph_diffusion_3,0.8659222727637789,0.7584280179755696,1.612500943769486,0.04,0.74,0.9882125935044986,exact overrides: {'vlp_model.blockage_prob': 0.4}; source scenario=s3_vlp_blocked
vlp_blockage,0.40,blockage_prob,0.4,107,static_fusion,1.0466337737196283,0.5039727449958997,2.6288823271141952,0.2,0.67,1.2287208425381544,exact overrides: {'vlp_model.blockage_prob': 0.4}; source scenario=s3_vlp_blocked
vlp_blockage,0.40,blockage_prob,0.4,107,vlp_only,1.0466337737196283,0.5039727449958997,2.6288823271141952,0.2,0.67,1.2287208425381544,exact overrides: {'vlp_model.blockage_prob': 0.4}; source scenario=s3_vlp_blocked
vlp_blockage,0.40,blockage_prob,0.4,107,wifi_only,1.1923234896130803,1.1055623354298445,2.304182575820048,0.16,0.45,1.5301517391679176,exact overrides: {'vlp_model.blockage_prob': 0.4}; source scenario=s3_vlp_blocked
vlp_blockage,0.40,blockage_prob,0.4,108,adaptive_fusion,1.0745510730286283,0.6884026699944168,2.6579806695206,0.16,0.66,0.8992112366816579,exact overrides: {'vlp_model.blockage_prob': 0.4}; source scenario=s3_vlp_blocked
vlp_blockage,0.40,blockage_prob,0.4,108,graph_diffusion_3,1.0802793283435916,0.8757570223862301,2.2268298976567102,0.12,0.58,1.3912491558763644,exact overrides: {'vlp_model.blockage_prob': 0.4}; source scenario=s3_vlp_blocked
vlp_blockage,0.40,blockage_prob,0.4,108,static_fusion,1.195421490839113,0.6249702093871189,3.058456869644368,0.22,0.63,1.5475674361264615,exact overrides: {'vlp_model.blockage_prob': 0.4}; source scenario=s3_vlp_blocked
vlp_blockage,0.40,blockage_prob,0.4,108,vlp_only,1.1916973180072334,0.6078360328636263,3.058456869644368,0.22,0.63,1.5416504014029575,exact overrides: {'vlp_model.blockage_prob': 0.4}; source scenario=s3_vlp_blocked
vlp_blockage,0.40,blockage_prob,0.4,108,wifi_only,1.6057848105377992,1.212133047379237,3.0616169090448078,0.26,0.4,2.309216523699529,exact overrides: {'vlp_model.blockage_prob': 0.4}; source scenario=s3_vlp_blocked
vlp_blockage,0.40,blockage_prob,0.4,109,adaptive_fusion,1.241008969258322,0.500476002174007,4.149284534567449,0.2,0.75,0.9228210542761308,exact overrides: {'vlp_model.blockage_prob': 0.4}; source scenario=s3_vlp_blocked
vlp_blockage,0.40,blockage_prob,0.4,109,graph_diffusion_3,1.0235922277115193,0.9221911754466896,2.100613100329243,0.12,0.55,1.1313432976584152,exact overrides: {'vlp_model.blockage_prob': 0.4}; source scenario=s3_vlp_blocked
vlp_blockage,0.40,blockage_prob,0.4,109,static_fusion,1.3518185006266048,0.6050703617834875,3.903706283153663,0.26,0.68,1.3958652750166398,exact overrides: {'vlp_model.blockage_prob': 0.4}; source scenario=s3_vlp_blocked
vlp_blockage,0.40,blockage_prob,0.4,109,vlp_only,1.3528518912103165,0.6064051116453961,3.903706283153663,0.26,0.68,1.3899482402931358,exact overrides: {'vlp_model.blockage_prob': 0.4}; source scenario=s3_vlp_blocked
vlp_blockage,0.40,blockage_prob,0.4,109,wifi_only,1.2331413387219328,1.129738397679491,2.2655556130052426,0.17,0.44,1.695070291567684,exact overrides: {'vlp_model.blockage_prob': 0.4}; source scenario=s3_vlp_blocked
vlp_blockage,0.40,blockage_prob,0.4,110,adaptive_fusion,1.1526886085373989,0.7873266649449158,2.6349963921958985,0.18,0.56,0.9058563097730457,exact overrides: {'vlp_model.blockage_prob': 0.4}; source scenario=s3_vlp_blocked
vlp_blockage,0.40,blockage_prob,0.4,110,graph_diffusion_3,0.8503424686842935,0.7239444363930039,1.690879238400928,0.06,0.69,1.1398814729014328,exact overrides: {'vlp_model.blockage_prob': 0.4}; source scenario=s3_vlp_blocked
vlp_blockage,0.40,blockage_prob,0.4,110,static_fusion,1.4030765171329305,0.8061309402512788,3.568598738629416,0.27,0.54,1.7756034235033218,exact overrides: {'vlp_model.blockage_prob': 0.4}; source scenario=s3_vlp_blocked
vlp_blockage,0.40,blockage_prob,0.4,110,vlp_only,1.4030765171329305,0.8061309402512788,3.568598738629416,0.27,0.54,1.7756034235033218,exact overrides: {'vlp_model.blockage_prob': 0.4}; source scenario=s3_vlp_blocked
vlp_blockage,0.40,blockage_prob,0.4,110,wifi_only,1.269949311742513,1.1599074834741256,2.4242677213657604,0.16,0.46,1.71683384083647,exact overrides: {'vlp_model.blockage_prob': 0.4}; source scenario=s3_vlp_blocked
wifi_noise,3.0,noisy_sigma_db,3.0,101,adaptive_fusion,0.4749042209216395,0.436415894802767,0.7242944988915151,0.01,0.94,0.5224103721845699,exact overrides: {'wifi_model.noisy_sigma_db': 3.0}; source scenario=s2_wifi_degraded
wifi_noise,3.0,noisy_sigma_db,3.0,101,graph_diffusion_3,0.8007539278021655,0.5968764349114266,1.6579530465690997,0.09,0.76,1.089435209714009,exact overrides: {'wifi_model.noisy_sigma_db': 3.0}; source scenario=s2_wifi_degraded
wifi_noise,3.0,noisy_sigma_db,3.0,101,static_fusion,0.4738622649083796,0.4312906007852566,0.7324910383168483,0.01,0.93,0.5366953576630861,exact overrides: {'wifi_model.noisy_sigma_db': 3.0}; source scenario=s2_wifi_degraded
wifi_noise,3.0,noisy_sigma_db,3.0,101,vlp_only,0.4724528817265758,0.4312906007852566,0.7242944988915151,0.01,0.94,0.5224103721845699,exact overrides: {'wifi_model.noisy_sigma_db': 3.0}; source scenario=s2_wifi_degraded
wifi_noise,3.0,noisy_sigma_db,3.0,101,wifi_only,1.6710811882464889,1.1783250310852016,3.595983134859178,0.26,0.42,2.540491380322395,exact overrides: {'wifi_model.noisy_sigma_db': 3.0}; source scenario=s2_wifi_degraded
wifi_noise,3.0,noisy_sigma_db,3.0,102,adaptive_fusion,0.4424130664402262,0.4342978842799154,0.7144998913897004,0.0,0.97,0.4618982026399784,exact overrides: {'wifi_model.noisy_sigma_db': 3.0}; source scenario=s2_wifi_degraded
wifi_noise,3.0,noisy_sigma_db,3.0,102,graph_diffusion_3,0.9684256523956728,0.7900490505936214,1.8003340746954817,0.09,0.64,1.2310135693482605,exact overrides: {'wifi_model.noisy_sigma_db': 3.0}; source scenario=s2_wifi_degraded
wifi_noise,3.0,noisy_sigma_db,3.0,102,static_fusion,0.4424130664402262,0.4342978842799154,0.7144998913897004,0.0,0.97,0.4618982026399784,exact overrides: {'wifi_model.noisy_sigma_db': 3.0}; source scenario=s2_wifi_degraded
wifi_noise,3.0,noisy_sigma_db,3.0,102,vlp_only,0.4424130664402262,0.4342978842799154,0.7144998913897004,0.0,0.97,0.4618982026399784,exact overrides: {'wifi_model.noisy_sigma_db': 3.0}; source scenario=s2_wifi_degraded
wifi_noise,3.0,noisy_sigma_db,3.0,102,wifi_only,2.0103359938730514,1.4711920174878448,3.602805453058583,0.38,0.35,2.7704768806021023,exact overrides: {'wifi_model.noisy_sigma_db': 3.0}; source scenario=s2_wifi_degraded
wifi_noise,3.0,noisy_sigma_db,3.0,103,adaptive_fusion,0.4677483400811955,0.4153217833274535,0.9081688342424128,0.0,0.94,0.4232272215819361,exact overrides: {'wifi_model.noisy_sigma_db': 3.0}; source scenario=s2_wifi_degraded
wifi_noise,3.0,noisy_sigma_db,3.0,103,graph_diffusion_3,0.9502615596132103,0.7504814251387275,1.866080909927564,0.08,0.68,1.121140655398755,exact overrides: {'wifi_model.noisy_sigma_db': 3.0}; source scenario=s2_wifi_degraded
wifi_noise,3.0,noisy_sigma_db,3.0,103,static_fusion,0.4677483400811955,0.4153217833274535,0.9081688342424128,0.0,0.94,0.4232272215819361,exact overrides: {'wifi_model.noisy_sigma_db': 3.0}; source scenario=s2_wifi_degraded
wifi_noise,3.0,noisy_sigma_db,3.0,103,vlp_only,0.4677483400811955,0.4153217833274535,0.9081688342424128,0.0,0.94,0.4232272215819361,exact overrides: {'wifi_model.noisy_sigma_db': 3.0}; source scenario=s2_wifi_degraded
wifi_noise,3.0,noisy_sigma_db,3.0,103,wifi_only,1.7326890215544026,1.3420254819534447,3.794278789113111,0.19,0.38,2.4873109052661686,exact overrides: {'wifi_model.noisy_sigma_db': 3.0}; source scenario=s2_wifi_degraded
wifi_noise,3.0,noisy_sigma_db,3.0,104,adaptive_fusion,0.4334722863974383,0.392968903720244,0.6841837291248524,0.0,0.95,0.4719992127409885,exact overrides: {'wifi_model.noisy_sigma_db': 3.0}; source scenario=s2_wifi_degraded
wifi_noise,3.0,noisy_sigma_db,3.0,104,graph_diffusion_3,1.0848396241731244,0.8271340237455397,2.2716754625430777,0.14,0.6,1.235482243278086,exact overrides: {'wifi_model.noisy_sigma_db': 3.0}; source scenario=s2_wifi_degraded
wifi_noise,3.0,noisy_sigma_db,3.0,104,static_fusion,0.4334722863974383,0.392968903720244,0.6841837291248524,0.0,0.95,0.4719992127409885,exact overrides: {'wifi_model.noisy_sigma_db': 3.0}; source scenario=s2_wifi_degraded
wifi_noise,3.0,noisy_sigma_db,3.0,104,vlp_only,0.4334722863974383,0.392968903720244,0.6841837291248524,0.0,0.95,0.4719992127409885,exact overrides: {'wifi_model.noisy_sigma_db': 3.0}; source scenario=s2_wifi_degraded
wifi_noise,3.0,noisy_sigma_db,3.0,104,wifi_only,2.229048297952191,1.2859692154090945,6.7298057781693466,0.32,0.4,3.316589003032152,exact overrides: {'wifi_model.noisy_sigma_db': 3.0}; source scenario=s2_wifi_degraded
wifi_noise,3.0,noisy_sigma_db,3.0,105,adaptive_fusion,0.4373248074117314,0.3535679952703964,0.7553605502779075,0.01,0.94,0.4297957219846924,exact overrides: {'wifi_model.noisy_sigma_db': 3.0}; source scenario=s2_wifi_degraded
wifi_noise,3.0,noisy_sigma_db,3.0,105,graph_diffusion_3,0.840556733432186,0.6294797184892573,1.5814715682895786,0.08,0.7,1.0315597457407466,exact overrides: {'wifi_model.noisy_sigma_db': 3.0}; source scenario=s2_wifi_degraded
wifi_noise,3.0,noisy_sigma_db,3.0,105,static_fusion,0.4373248074117314,0.3535679952703964,0.7553605502779075,0.01,0.94,0.4297957219846924,exact overrides: {'wifi_model.noisy_sigma_db': 3.0}; source scenario=s2_wifi_degraded
wifi_noise,3.0,noisy_sigma_db,3.0,105,vlp_only,0.4373248074117314,0.3535679952703964,0.7553605502779075,0.01,0.94,0.4297957219846924,exact overrides: {'wifi_model.noisy_sigma_db': 3.0}; source scenario=s2_wifi_degraded
wifi_noise,3.0,noisy_sigma_db,3.0,105,wifi_only,1.7467809582797482,1.2984765891121248,4.077873184856272,0.28,0.36,2.082224244109269,exact overrides: {'wifi_model.noisy_sigma_db': 3.0}; source scenario=s2_wifi_degraded
wifi_noise,3.0,noisy_sigma_db,3.0,106,adaptive_fusion,0.4984513376885455,0.4463161201900688,0.8136727957162307,0.01,0.94,0.5737271704365993,exact overrides: {'wifi_model.noisy_sigma_db': 3.0}; source scenario=s2_wifi_degraded
wifi_noise,3.0,noisy_sigma_db,3.0,106,graph_diffusion_3,0.8335409003393619,0.7216819041405371,1.6500625839245842,0.03,0.72,1.0483735837061765,exact overrides: {'wifi_model.noisy_sigma_db': 3.0}; source scenario=s2_wifi_degraded
wifi_noise,3.0,noisy_sigma_db,3.0,106,static_fusion,0.4984513376885455,0.4463161201900688,0.8136727957162307,0.01,0.94,0.5737271704365993,exact overrides: {'wifi_model.noisy_sigma_db': 3.0}; source scenario=s2_wifi_degraded
wifi_noise,3.0,noisy_sigma_db,3.0,106,vlp_only,0.4984513376885455,0.4463161201900688,0.8136727957162307,0.01,0.94,0.5737271704365993,exact overrides: {'wifi_model.noisy_sigma_db': 3.0}; source scenario=s2_wifi_degraded
wifi_noise,3.0,noisy_sigma_db,3.0,106,wifi_only,1.755961424366513,1.3867228779816805,3.185161977458204,0.3,0.31,2.370950828946742,exact overrides: {'wifi_model.noisy_sigma_db': 3.0}; source scenario=s2_wifi_degraded
wifi_noise,3.0,noisy_sigma_db,3.0,107,adaptive_fusion,0.4359430170775947,0.3915094502504059,0.6487135823153114,0.0,0.96,0.376839755448134,exact overrides: {'wifi_model.noisy_sigma_db': 3.0}; source scenario=s2_wifi_degraded
wifi_noise,3.0,noisy_sigma_db,3.0,107,graph_diffusion_3,0.7660231587272464,0.5956393300793323,1.5228420801738651,0.04,0.75,0.9238986717587224,exact overrides: {'wifi_model.noisy_sigma_db': 3.0}; source scenario=s2_wifi_degraded
wifi_noise,3.0,noisy_sigma_db,3.0,107,static_fusion,0.4359430170775947,0.3915094502504059,0.6487135823153114,0.0,0.96,0.376839755448134,exact overrides: {'wifi_model.noisy_sigma_db': 3.0}; source scenario=s2_wifi_degraded
wifi_noise,3.0,noisy_sigma_db,3.0,107,vlp_only,0.4359430170775947,0.3915094502504059,0.6487135823153114,0.0,0.96,0.376839755448134,exact overrides: {'wifi_model.noisy_sigma_db': 3.0}; source scenario=s2_wifi_degraded
wifi_noise,3.0,noisy_sigma_db,3.0,107,wifi_only,1.5505764646512423,1.1617034806044448,3.204801538740421,0.21,0.44,2.115653992203903,exact overrides: {'wifi_model.noisy_sigma_db': 3.0}; source scenario=s2_wifi_degraded
wifi_noise,3.0,noisy_sigma_db,3.0,108,adaptive_fusion,0.4959348446759345,0.4067043014157168,0.9025222903796032,0.0,0.92,0.4416297914317006,exact overrides: {'wifi_model.noisy_sigma_db': 3.0}; source scenario=s2_wifi_degraded
wifi_noise,3.0,noisy_sigma_db,3.0,108,graph_diffusion_3,1.0855366832838549,0.8552433137074137,2.197288323342804,0.14,0.56,1.3533172254441226,exact overrides: {'wifi_model.noisy_sigma_db': 3.0}; source scenario=s2_wifi_degraded
wifi_noise,3.0,noisy_sigma_db,3.0,108,static_fusion,0.4959348446759345,0.4067043014157168,0.9025222903796032,0.0,0.92,0.4416297914317006,exact overrides: {'wifi_model.noisy_sigma_db': 3.0}; source scenario=s2_wifi_degraded
wifi_noise,3.0,noisy_sigma_db,3.0,108,vlp_only,0.4964121616511916,0.4067043014157168,0.9025222903796032,0.0,0.92,0.4416297914317006,exact overrides: {'wifi_model.noisy_sigma_db': 3.0}; source scenario=s2_wifi_degraded
wifi_noise,3.0,noisy_sigma_db,3.0,108,wifi_only,2.469353825632699,1.736647471142966,6.004610948718388,0.41,0.23,3.510339369859578,exact overrides: {'wifi_model.noisy_sigma_db': 3.0}; source scenario=s2_wifi_degraded
wifi_noise,3.0,noisy_sigma_db,3.0,109,adaptive_fusion,0.4763581922950312,0.4556255145190814,0.7537213914404403,0.0,0.98,0.5124032531450289,exact overrides: {'wifi_model.noisy_sigma_db': 3.0}; source scenario=s2_wifi_degraded
wifi_noise,3.0,noisy_sigma_db,3.0,109,graph_diffusion_3,0.8238458468275549,0.6472814198867798,1.585517695208888,0.03,0.69,1.0348760520284588,exact overrides: {'wifi_model.noisy_sigma_db': 3.0}; source scenario=s2_wifi_degraded
wifi_noise,3.0,noisy_sigma_db,3.0,109,static_fusion,0.4743553018005297,0.4511869862249946,0.7537213914404403,0.0,0.98,0.5124032531450289,exact overrides: {'wifi_model.noisy_sigma_db': 3.0}; source scenario=s2_wifi_degraded
wifi_noise,3.0,noisy_sigma_db,3.0,109,vlp_only,0.4763581922950312,0.4556255145190814,0.7537213914404403,0.0,0.98,0.5124032531450289,exact overrides: {'wifi_model.noisy_sigma_db': 3.0}; source scenario=s2_wifi_degraded
wifi_noise,3.0,noisy_sigma_db,3.0,109,wifi_only,1.6717994849617943,1.2073860169013195,3.2348444611019,0.35,0.42,2.452268349013062,exact overrides: {'wifi_model.noisy_sigma_db': 3.0}; source scenario=s2_wifi_degraded
wifi_noise,3.0,noisy_sigma_db,3.0,110,adaptive_fusion,0.5447942701200942,0.3688712161570558,1.3696263897661525,0.01,0.82,0.564211235008584,exact overrides: {'wifi_model.noisy_sigma_db': 3.0}; source scenario=s2_wifi_degraded
wifi_noise,3.0,noisy_sigma_db,3.0,110,graph_diffusion_3,0.7570378294313734,0.6915618026700638,1.3078439824343624,0.02,0.71,0.914224457892684,exact overrides: {'wifi_model.noisy_sigma_db': 3.0}; source scenario=s2_wifi_degraded
wifi_noise,3.0,noisy_sigma_db,3.0,110,static_fusion,0.5480735176934566,0.3688712161570558,1.3696263897661525,0.01,0.82,0.5036051744025234,exact overrides: {'wifi_model.noisy_sigma_db': 3.0}; source scenario=s2_wifi_degraded
wifi_noise,3.0,noisy_sigma_db,3.0,110,vlp_only,0.5447942701200942,0.3688712161570558,1.3696263897661525,0.01,0.82,0.564211235008584,exact overrides: {'wifi_model.noisy_sigma_db': 3.0}; source scenario=s2_wifi_degraded
wifi_noise,3.0,noisy_sigma_db,3.0,110,wifi_only,1.5827662241869884,1.3509588900871563,2.798763817925473,0.23,0.32,1.9887462669842788,exact overrides: {'wifi_model.noisy_sigma_db': 3.0}; source scenario=s2_wifi_degraded
wifi_noise,6.0,noisy_sigma_db,6.0,101,adaptive_fusion,0.4749042209216395,0.436415894802767,0.7242944988915151,0.01,0.94,0.5224103721845699,exact overrides: {'wifi_model.noisy_sigma_db': 6.0}; source scenario=s2_wifi_degraded
wifi_noise,6.0,noisy_sigma_db,6.0,101,graph_diffusion_3,0.92690298627556,0.7390063194323236,1.7616641584106438,0.09,0.65,1.271895281688483,exact overrides: {'wifi_model.noisy_sigma_db': 6.0}; source scenario=s2_wifi_degraded
wifi_noise,6.0,noisy_sigma_db,6.0,101,static_fusion,0.4747966065737545,0.4312906007852566,0.7324910383168483,0.01,0.93,0.5366953576630861,exact overrides: {'wifi_model.noisy_sigma_db': 6.0}; source scenario=s2_wifi_degraded
wifi_noise,6.0,noisy_sigma_db,6.0,101,vlp_only,0.4724528817265758,0.4312906007852566,0.7242944988915151,0.01,0.94,0.5224103721845699,exact overrides: {'wifi_model.noisy_sigma_db': 6.0}; source scenario=s2_wifi_degraded
wifi_noise,6.0,noisy_sigma_db,6.0,101,wifi_only,1.9292904681760064,1.5485600049459387,4.276704392001074,0.38,0.36,2.8083561776850687,exact overrides: {'wifi_model.noisy_sigma_db': 6.0}; source scenario=s2_wifi_degraded
wifi_noise,6.0,noisy_sigma_db,6.0,102,adaptive_fusion,0.4424130664402262,0.4342978842799154,0.7144998913897004,0.0,0.97,0.4618982026399784,exact overrides: {'wifi_model.noisy_sigma_db': 6.0}; source scenario=s2_wifi_degraded
wifi_noise,6.0,noisy_sigma_db,6.0,102,graph_diffusion_3,1.1316837822707595,0.916781813317555,2.5317645929093984,0.12,0.55,1.4648415291399663,exact overrides: {'wifi_model.noisy_sigma_db': 6.0}; source scenario=s2_wifi_degraded
wifi_noise,6.0,noisy_sigma_db,6.0,102,static_fusion,0.4424130664402262,0.4342978842799154,0.7144998913897004,0.0,0.97,0.4618982026399784,exact overrides: {'wifi_model.noisy_sigma_db': 6.0}; source scenario=s2_wifi_degraded
wifi_noise,6.0,noisy_sigma_db,6.0,102,vlp_only,0.4424130664402262,0.4342978842799154,0.7144998913897004,0.0,0.97,0.4618982026399784,exact overrides: {'wifi_model.noisy_sigma_db': 6.0}; source scenario=s2_wifi_degraded
wifi_noise,6.0,noisy_sigma_db,6.0,102,wifi_only,2.324002950885694,1.803081424083071,4.795798437693061,0.46,0.31,3.238004314593245,exact overrides: {'wifi_model.noisy_sigma_db': 6.0}; source scenario=s2_wifi_degraded
wifi_noise,6.0,noisy_sigma_db,6.0,103,adaptive_fusion,0.4677483400811955,0.4153217833274535,0.9081688342424128,0.0,0.94,0.4232272215819361,exact overrides: {'wifi_model.noisy_sigma_db': 6.0}; source scenario=s2_wifi_degraded
wifi_noise,6.0,noisy_sigma_db,6.0,103,graph_diffusion_3,1.091221134023621,0.8689349825790812,2.0103125752254205,0.1,0.6,1.3364743251341162,exact overrides: {'wifi_model.noisy_sigma_db': 6.0}; source scenario=s2_wifi_degraded
wifi_noise,6.0,noisy_sigma_db,6.0,103,static_fusion,0.4677483400811955,0.4153217833274535,0.9081688342424128,0.0,0.94,0.4232272215819361,exact overrides: {'wifi_model.noisy_sigma_db': 6.0}; source scenario=s2_wifi_degraded
wifi_noise,6.0,noisy_sigma_db,6.0,103,vlp_only,0.4677483400811955,0.4153217833274535,0.9081688342424128,0.0,0.94,0.4232272215819361,exact overrides: {'wifi_model.noisy_sigma_db': 6.0}; source scenario=s2_wifi_degraded
wifi_noise,6.0,noisy_sigma_db,6.0,103,wifi_only,1.984341625877691,1.3817601578211804,4.078915094222718,0.29,0.34,2.870542301467099,exact overrides: {'wifi_model.noisy_sigma_db': 6.0}; source scenario=s2_wifi_degraded
wifi_noise,6.0,noisy_sigma_db,6.0,104,adaptive_fusion,0.4334722863974383,0.392968903720244,0.6841837291248524,0.0,0.95,0.4719992127409885,exact overrides: {'wifi_model.noisy_sigma_db': 6.0}; source scenario=s2_wifi_degraded
wifi_noise,6.0,noisy_sigma_db,6.0,104,graph_diffusion_3,1.3313141837347724,0.9630727226468287,3.035071544350597,0.24,0.52,1.5596094577418178,exact overrides: {'wifi_model.noisy_sigma_db': 6.0}; source scenario=s2_wifi_degraded
wifi_noise,6.0,noisy_sigma_db,6.0,104,static_fusion,0.5104740090767603,0.392968903720244,0.6841837291248524,0.01,0.94,0.629990844819416,exact overrides: {'wifi_model.noisy_sigma_db': 6.0}; source scenario=s2_wifi_degraded
wifi_noise,6.0,noisy_sigma_db,6.0,104,vlp_only,0.4334722863974383,0.392968903720244,0.6841837291248524,0.0,0.95,0.4719992127409885,exact overrides: {'wifi_model.noisy_sigma_db': 6.0}; source scenario=s2_wifi_degraded
wifi_noise,6.0,noisy_sigma_db,6.0,104,wifi_only,2.706220778070177,1.7765072470287309,6.794706937234629,0.43,0.31,3.8504114494554,exact overrides: {'wifi_model.noisy_sigma_db': 6.0}; source scenario=s2_wifi_degraded
wifi_noise,6.0,noisy_sigma_db,6.0,105,adaptive_fusion,0.4373248074117314,0.3535679952703964,0.7553605502779075,0.01,0.94,0.4297957219846924,exact overrides: {'wifi_model.noisy_sigma_db': 6.0}; source scenario=s2_wifi_degraded
wifi_noise,6.0,noisy_sigma_db,6.0,105,graph_diffusion_3,1.0578373600619415,0.7775084326040791,2.1997605687524984,0.14,0.56,1.35888821330536,exact overrides: {'wifi_model.noisy_sigma_db': 6.0}; source scenario=s2_wifi_degraded
wifi_noise,6.0,noisy_sigma_db,6.0,105,static_fusion,0.4373248074117314,0.3535679952703964,0.7553605502779075,0.01,0.94,0.4297957219846924,exact overrides: {'wifi_model.noisy_sigma_db': 6.0}; source scenario=s2_wifi_degraded
wifi_noise,6.0,noisy_sigma_db,6.0,105,vlp_only,0.4373248074117314,0.3535679952703964,0.7553605502779075,0.01,0.94,0.4297957219846924,exact overrides: {'wifi_model.noisy_sigma_db': 6.0}; source scenario=s2_wifi_degraded
wifi_noise,6.0,noisy_sigma_db,6.0,105,wifi_only,2.2171138277895293,1.4569958475764246,5.4517161902882885,0.4,0.31,2.830530161731492,exact overrides: {'wifi_model.noisy_sigma_db': 6.0}; source scenario=s2_wifi_degraded
wifi_noise,6.0,noisy_sigma_db,6.0,106,adaptive_fusion,0.4984513376885455,0.4463161201900688,0.8136727957162307,0.01,0.94,0.5737271704365993,exact overrides: {'wifi_model.noisy_sigma_db': 6.0}; source scenario=s2_wifi_degraded
wifi_noise,6.0,noisy_sigma_db,6.0,106,graph_diffusion_3,1.034890646880931,0.8197509799778961,2.118618735291665,0.11,0.62,1.2873384529792946,exact overrides: {'wifi_model.noisy_sigma_db': 6.0}; source scenario=s2_wifi_degraded
wifi_noise,6.0,noisy_sigma_db,6.0,106,static_fusion,0.5078451813511546,0.4463161201900688,0.8149894745732846,0.01,0.93,0.5921297402863639,exact overrides: {'wifi_model.noisy_sigma_db': 6.0}; source scenario=s2_wifi_degraded
wifi_noise,6.0,noisy_sigma_db,6.0,106,vlp_only,0.4984513376885455,0.4463161201900688,0.8136727957162307,0.01,0.94,0.5737271704365993,exact overrides: {'wifi_model.noisy_sigma_db': 6.0}; source scenario=s2_wifi_degraded
wifi_noise,6.0,noisy_sigma_db,6.0,106,wifi_only,2.154607928662672,1.560519489243668,4.573139066577385,0.39,0.27,2.758711361564436,exact overrides: {'wifi_model.noisy_sigma_db': 6.0}; source scenario=s2_wifi_degraded
wifi_noise,6.0,noisy_sigma_db,6.0,107,adaptive_fusion,0.4359430170775947,0.3915094502504059,0.6487135823153114,0.0,0.96,0.376839755448134,exact overrides: {'wifi_model.noisy_sigma_db': 6.0}; source scenario=s2_wifi_degraded
wifi_noise,6.0,noisy_sigma_db,6.0,107,graph_diffusion_3,0.9453169908626587,0.7152496789446452,1.7949645045054454,0.08,0.66,1.143834509297199,exact overrides: {'wifi_model.noisy_sigma_db': 6.0}; source scenario=s2_wifi_degraded
wifi_noise,6.0,noisy_sigma_db,6.0,107,static_fusion,0.4359430170775947,0.3915094502504059,0.6487135823153114,0.0,0.96,0.376839755448134,exact overrides: {'wifi_model.noisy_sigma_db': 6.0}; source scenario=s2_wifi_degraded
wifi_noise,6.0,noisy_sigma_db,6.0,107,vlp_only,0.4359430170775947,0.3915094502504059,0.6487135823153114,0.0,0.96,0.376839755448134,exact overrides: {'wifi_model.noisy_sigma_db': 6.0}; source scenario=s2_wifi_degraded
wifi_noise,6.0,noisy_sigma_db,6.0,107,wifi_only,1.8660971195497424,1.274732157020991,4.325459042100898,0.33,0.37,2.5378026832179845,exact overrides: {'wifi_model.noisy_sigma_db': 6.0}; source scenario=s2_wifi_degraded
wifi_noise,6.0,noisy_sigma_db,6.0,108,adaptive_fusion,0.4959348446759345,0.4067043014157168,0.9025222903796032,0.0,0.92,0.4416297914317006,exact overrides: {'wifi_model.noisy_sigma_db': 6.0}; source scenario=s2_wifi_degraded
wifi_noise,6.0,noisy_sigma_db,6.0,108,graph_diffusion_3,1.2956880918620035,0.9415898558443486,2.442415274415972,0.2,0.52,1.5699114866434194,exact overrides: {'wifi_model.noisy_sigma_db': 6.0}; source scenario=s2_wifi_degraded
wifi_noise,6.0,noisy_sigma_db,6.0,108,static_fusion,0.4959348446759345,0.4067043014157168,0.9025222903796032,0.0,0.92,0.4416297914317006,exact overrides: {'wifi_model.noisy_sigma_db': 6.0}; source scenario=s2_wifi_degraded
wifi_noise,6.0,noisy_sigma_db,6.0,108,vlp_only,0.4964121616511916,0.4067043014157168,0.9025222903796032,0.0,0.92,0.4416297914317006,exact overrides: {'wifi_model.noisy_sigma_db': 6.0}; source scenario=s2_wifi_degraded
wifi_noise,6.0,noisy_sigma_db,6.0,108,wifi_only,2.846030275237948,1.924011186536457,6.237242316360674,0.47,0.19,3.845316791426728,exact overrides: {'wifi_model.noisy_sigma_db': 6.0}; source scenario=s2_wifi_degraded
wifi_noise,6.0,noisy_sigma_db,6.0,109,adaptive_fusion,0.4763581922950312,0.4556255145190814,0.7537213914404403,0.0,0.98,0.5124032531450289,exact overrides: {'wifi_model.noisy_sigma_db': 6.0}; source scenario=s2_wifi_degraded
wifi_noise,6.0,noisy_sigma_db,6.0,109,graph_diffusion_3,1.0042174112236844,0.7493039353527526,1.974522323052332,0.1,0.6,1.250714223394651,exact overrides: {'wifi_model.noisy_sigma_db': 6.0}; source scenario=s2_wifi_degraded
wifi_noise,6.0,noisy_sigma_db,6.0,109,static_fusion,0.4743553018005297,0.4511869862249946,0.7537213914404403,0.0,0.98,0.5124032531450289,exact overrides: {'wifi_model.noisy_sigma_db': 6.0}; source scenario=s2_wifi_degraded
wifi_noise,6.0,noisy_sigma_db,6.0,109,vlp_only,0.4763581922950312,0.4556255145190814,0.7537213914404403,0.0,0.98,0.5124032531450289,exact overrides: {'wifi_model.noisy_sigma_db': 6.0}; source scenario=s2_wifi_degraded
wifi_noise,6.0,noisy_sigma_db,6.0,109,wifi_only,1.952166415329682,1.4754949765317806,4.141047975381451,0.42,0.38,2.7487973670511696,exact overrides: {'wifi_model.noisy_sigma_db': 6.0}; source scenario=s2_wifi_degraded
wifi_noise,6.0,noisy_sigma_db,6.0,110,adaptive_fusion,0.5447942701200942,0.3688712161570558,1.3696263897661525,0.01,0.82,0.564211235008584,exact overrides: {'wifi_model.noisy_sigma_db': 6.0}; source scenario=s2_wifi_degraded
wifi_noise,6.0,noisy_sigma_db,6.0,110,graph_diffusion_3,0.8947821648045291,0.8155501124770823,1.557150160233861,0.03,0.65,1.1074146105430267,exact overrides: {'wifi_model.noisy_sigma_db': 6.0}; source scenario=s2_wifi_degraded
wifi_noise,6.0,noisy_sigma_db,6.0,110,static_fusion,0.552765095746507,0.3688712161570558,1.3696263897661525,0.02,0.82,0.5238071946045436,exact overrides: {'wifi_model.noisy_sigma_db': 6.0}; source scenario=s2_wifi_degraded
wifi_noise,6.0,noisy_sigma_db,6.0,110,vlp_only,0.5447942701200942,0.3688712161570558,1.3696263897661525,0.01,0.82,0.564211235008584,exact overrides: {'wifi_model.noisy_sigma_db': 6.0}; source scenario=s2_wifi_degraded
wifi_noise,6.0,noisy_sigma_db,6.0,110,wifi_only,1.8742321413013427,1.5605258829322572,3.1931128486010314,0.38,0.27,2.447189064470793,exact overrides: {'wifi_model.noisy_sigma_db': 6.0}; source scenario=s2_wifi_degraded
wifi_noise,9.0,noisy_sigma_db,9.0,101,adaptive_fusion,0.4749042209216395,0.436415894802767,0.7242944988915151,0.01,0.94,0.5224103721845699,exact overrides: {'wifi_model.noisy_sigma_db': 9.0}; source scenario=s2_wifi_degraded
wifi_noise,9.0,noisy_sigma_db,9.0,101,graph_diffusion_3,1.0179409496501974,0.8113687569555129,2.111598158886144,0.11,0.61,1.400898134351773,exact overrides: {'wifi_model.noisy_sigma_db': 9.0}; source scenario=s2_wifi_degraded
wifi_noise,9.0,noisy_sigma_db,9.0,101,static_fusion,0.4685629105222862,0.4246893061170207,0.7242944988915151,0.01,0.94,0.5224103721845699,exact overrides: {'wifi_model.noisy_sigma_db': 9.0}; source scenario=s2_wifi_degraded
wifi_noise,9.0,noisy_sigma_db,9.0,101,vlp_only,0.4724528817265758,0.4312906007852566,0.7242944988915151,0.01,0.94,0.5224103721845699,exact overrides: {'wifi_model.noisy_sigma_db': 9.0}; source scenario=s2_wifi_degraded
wifi_noise,9.0,noisy_sigma_db,9.0,101,wifi_only,2.078401371455273,1.660721394345703,4.468632447013153,0.42,0.34,3.02005517773665,exact overrides: {'wifi_model.noisy_sigma_db': 9.0}; source scenario=s2_wifi_degraded
wifi_noise,9.0,noisy_sigma_db,9.0,102,adaptive_fusion,0.4424130664402262,0.4342978842799154,0.7144998913897004,0.0,0.97,0.4618982026399784,exact overrides: {'wifi_model.noisy_sigma_db': 9.0}; source scenario=s2_wifi_degraded
wifi_noise,9.0,noisy_sigma_db,9.0,102,graph_diffusion_3,1.2455077341509404,0.9853610642491324,3.03194091155772,0.15,0.53,1.6528758866575737,exact overrides: {'wifi_model.noisy_sigma_db': 9.0}; source scenario=s2_wifi_degraded
wifi_noise,9.0,noisy_sigma_db,9.0,102,static_fusion,0.4424130664402262,0.4342978842799154,0.7144998913897004,0.0,0.97,0.4618982026399784,exact overrides: {'wifi_model.noisy_sigma_db': 9.0}; source scenario=s2_wifi_degraded
wifi_noise,9.0,noisy_sigma_db,9.0,102,vlp_only,0.4424130664402262,0.4342978842799154,0.7144998913897004,0.0,0.97,0.4618982026399784,exact overrides: {'wifi_model.noisy_sigma_db': 9.0}; source scenario=s2_wifi_degraded
wifi_noise,9.0,noisy_sigma_db,9.0,102,wifi_only,2.6602498605905778,1.9673656452201496,6.601457474544154,0.49,0.28,3.751037266010776,exact overrides: {'wifi_model.noisy_sigma_db': 9.0}; source scenario=s2_wifi_degraded
wifi_noise,9.0,noisy_sigma_db,9.0,103,adaptive_fusion,0.4677483400811955,0.4153217833274535,0.9081688342424128,0.0,0.94,0.4232272215819361,exact overrides: {'wifi_model.noisy_sigma_db': 9.0}; source scenario=s2_wifi_degraded
wifi_noise,9.0,noisy_sigma_db,9.0,103,graph_diffusion_3,1.2097159997135905,0.9095158763662504,2.5237920150968365,0.13,0.58,1.5442241315032093,exact overrides: {'wifi_model.noisy_sigma_db': 9.0}; source scenario=s2_wifi_degraded
wifi_noise,9.0,noisy_sigma_db,9.0,103,static_fusion,0.473055039753516,0.4153217833274535,0.9101541626833016,0.0,0.94,0.4232272215819361,exact overrides: {'wifi_model.noisy_sigma_db': 9.0}; source scenario=s2_wifi_degraded
wifi_noise,9.0,noisy_sigma_db,9.0,103,vlp_only,0.4677483400811955,0.4153217833274535,0.9081688342424128,0.0,0.94,0.4232272215819361,exact overrides: {'wifi_model.noisy_sigma_db': 9.0}; source scenario=s2_wifi_degraded
wifi_noise,9.0,noisy_sigma_db,9.0,103,wifi_only,2.2464955456641285,1.4278234872247424,5.612045521662608,0.31,0.34,3.3372881243631736,exact overrides: {'wifi_model.noisy_sigma_db': 9.0}; source scenario=s2_wifi_degraded
wifi_noise,9.0,noisy_sigma_db,9.0,104,adaptive_fusion,0.4334722863974383,0.392968903720244,0.6841837291248524,0.0,0.95,0.4719992127409885,exact overrides: {'wifi_model.noisy_sigma_db': 9.0}; source scenario=s2_wifi_degraded
wifi_noise,9.0,noisy_sigma_db,9.0,104,graph_diffusion_3,1.509470690173391,0.993355986458845,3.428118365952706,0.27,0.5,1.7532012232349954,exact overrides: {'wifi_model.noisy_sigma_db': 9.0}; source scenario=s2_wifi_degraded
wifi_noise,9.0,noisy_sigma_db,9.0,104,static_fusion,0.5781028965959001,0.392968903720244,0.6841837291248524,0.02,0.93,0.7560683138373082,exact overrides: {'wifi_model.noisy_sigma_db': 9.0}; source scenario=s2_wifi_degraded
wifi_noise,9.0,noisy_sigma_db,9.0,104,vlp_only,0.4334722863974383,0.392968903720244,0.6841837291248524,0.0,0.95,0.4719992127409885,exact overrides: {'wifi_model.noisy_sigma_db': 9.0}; source scenario=s2_wifi_degraded
wifi_noise,9.0,noisy_sigma_db,9.0,104,wifi_only,3.0592323233418197,1.825004816961313,7.675193483437437,0.46,0.27,4.288860930998862,exact overrides: {'wifi_model.noisy_sigma_db': 9.0}; source scenario=s2_wifi_degraded
wifi_noise,9.0,noisy_sigma_db,9.0,105,adaptive_fusion,0.4373248074117314,0.3535679952703964,0.7553605502779075,0.01,0.94,0.4297957219846924,exact overrides: {'wifi_model.noisy_sigma_db': 9.0}; source scenario=s2_wifi_degraded
wifi_noise,9.0,noisy_sigma_db,9.0,105,graph_diffusion_3,1.1891563700938177,0.8978385517387397,2.667761703629934,0.19,0.52,1.5585410906704773,exact overrides: {'wifi_model.noisy_sigma_db': 9.0}; source scenario=s2_wifi_degraded
wifi_noise,9.0,noisy_sigma_db,9.0,105,static_fusion,0.4373248074117314,0.3535679952703964,0.7553605502779075,0.01,0.94,0.4297957219846924,exact overrides: {'wifi_model.noisy_sigma_db': 9.0}; source scenario=s2_wifi_degraded
wifi_noise,9.0,noisy_sigma_db,9.0,105,vlp_only,0.4373248074117314,0.3535679952703964,0.7553605502779075,0.01,0.94,0.4297957219846924,exact overrides: {'wifi_model.noisy_sigma_db': 9.0}; source scenario=s2_wifi_degraded
wifi_noise,9.0,noisy_sigma_db,9.0,105,wifi_only,2.512464489784562,1.6597194766332892,5.858165973013747,0.44,0.28,3.247784842571521,exact overrides: {'wifi_model.noisy_sigma_db': 9.0}; source scenario=s2_wifi_degraded
wifi_noise,9.0,noisy_sigma_db,9.0,106,adaptive_fusion,0.4984513376885455,0.4463161201900688,0.8136727957162307,0.01,0.94,0.5737271704365993,exact overrides: {'wifi_model.noisy_sigma_db': 9.0}; source scenario=s2_wifi_degraded
wifi_noise,9.0,noisy_sigma_db,9.0,106,graph_diffusion_3,1.1920609413311,0.8849815626676625,2.784803405838871,0.18,0.56,1.533182102886793,exact overrides: {'wifi_model.noisy_sigma_db': 9.0}; source scenario=s2_wifi_degraded
wifi_noise,9.0,noisy_sigma_db,9.0,106,static_fusion,0.5599193289992457,0.4463161201900688,0.8149894745732846,0.02,0.93,0.6847718905414528,exact overrides: {'wifi_model.noisy_sigma_db': 9.0}; source scenario=s2_wifi_degraded
wifi_noise,9.0,noisy_sigma_db,9.0,106,vlp_only,0.4984513376885455,0.4463161201900688,0.8136727957162307,0.01,0.94,0.5737271704365993,exact overrides: {'wifi_model.noisy_sigma_db': 9.0}; source scenario=s2_wifi_degraded
wifi_noise,9.0,noisy_sigma_db,9.0,106,wifi_only,2.56777889668606,1.7692283703202438,6.252821803165473,0.46,0.25,3.4281196971417183,exact overrides: {'wifi_model.noisy_sigma_db': 9.0}; source scenario=s2_wifi_degraded
wifi_noise,9.0,noisy_sigma_db,9.0,107,adaptive_fusion,0.4359430170775947,0.3915094502504059,0.6487135823153114,0.0,0.96,0.376839755448134,exact overrides: {'wifi_model.noisy_sigma_db': 9.0}; source scenario=s2_wifi_degraded
wifi_noise,9.0,noisy_sigma_db,9.0,107,graph_diffusion_3,1.1167385616221208,0.7539906536218333,2.4519023082658986,0.14,0.59,1.3711896394867418,exact overrides: {'wifi_model.noisy_sigma_db': 9.0}; source scenario=s2_wifi_degraded
wifi_noise,9.0,noisy_sigma_db,9.0,107,static_fusion,0.4359430170775947,0.3915094502504059,0.6487135823153114,0.0,0.96,0.376839755448134,exact overrides: {'wifi_model.noisy_sigma_db': 9.0}; source scenario=s2_wifi_degraded
wifi_noise,9.0,noisy_sigma_db,9.0,107,vlp_only,0.4359430170775947,0.3915094502504059,0.6487135823153114,0.0,0.96,0.376839755448134,exact overrides: {'wifi_model.noisy_sigma_db': 9.0}; source scenario=s2_wifi_degraded
wifi_noise,9.0,noisy_sigma_db,9.0,107,wifi_only,2.200644538431715,1.278273357387084,5.233750651870558,0.37,0.37,2.998940143788332,exact overrides: {'wifi_model.noisy_sigma_db': 9.0}; source scenario=s2_wifi_degraded
wifi_noise,9.0,noisy_sigma_db,9.0,108,adaptive_fusion,0.4959348446759345,0.4067043014157168,0.9025222903796032,0.0,0.92,0.4416297914317006,exact overrides: {'wifi_model.noisy_sigma_db': 9.0}; source scenario=s2_wifi_degraded
wifi_noise,9.0,noisy_sigma_db,9.0,108,graph_diffusion_3,1.4393790071558836,1.0151940986110763,2.9218940735268486,0.27,0.47,1.6751026834534897,exact overrides: {'wifi_model.noisy_sigma_db': 9.0}; source scenario=s2_wifi_degraded
wifi_noise,9.0,noisy_sigma_db,9.0,108,static_fusion,0.5545309105075785,0.4352329381265838,0.9447681561321978,0.01,0.9,0.5394561141712935,exact overrides: {'wifi_model.noisy_sigma_db': 9.0}; source scenario=s2_wifi_degraded
wifi_noise,9.0,noisy_sigma_db,9.0,108,vlp_only,0.4964121616511916,0.4067043014157168,0.9025222903796032,0.0,0.92,0.4416297914317006,exact overrides: {'wifi_model.noisy_sigma_db': 9.0}; source scenario=s2_wifi_degraded
wifi_noise,9.0,noisy_sigma_db,9.0,108,wifi_only,3.120750129524999,1.9394568640557208,6.670846278636778,0.47,0.14,3.940671298604716,exact overrides: {'wifi_model.noisy_sigma_db': 9.0}; source scenario=s2_wifi_degraded
wifi_noise,9.0,noisy_sigma_db,9.0,109,adaptive_fusion,0.4763581922950312,0.4556255145190814,0.7537213914404403,0.0,0.98,0.5124032531450289,exact overrides: {'wifi_model.noisy_sigma_db': 9.0}; source scenario=s2_wifi_degraded
wifi_noise,9.0,noisy_sigma_db,9.0,109,graph_diffusion_3,1.1807369628872844,0.8916443932464602,2.3213085989517803,0.15,0.53,1.4263335893742357,exact overrides: {'wifi_model.noisy_sigma_db': 9.0}; source scenario=s2_wifi_degraded
wifi_noise,9.0,noisy_sigma_db,9.0,109,static_fusion,0.4743553018005297,0.4511869862249946,0.7537213914404403,0.0,0.98,0.5124032531450289,exact overrides: {'wifi_model.noisy_sigma_db': 9.0}; source scenario=s2_wifi_degraded
wifi_noise,9.0,noisy_sigma_db,9.0,109,vlp_only,0.4763581922950312,0.4556255145190814,0.7537213914404403,0.0,0.98,0.5124032531450289,exact overrides: {'wifi_model.noisy_sigma_db': 9.0}; source scenario=s2_wifi_degraded
wifi_noise,9.0,noisy_sigma_db,9.0,109,wifi_only,2.3741559706401274,1.6911119175653195,4.738738115845519,0.48,0.35,3.174923296454155,exact overrides: {'wifi_model.noisy_sigma_db': 9.0}; source scenario=s2_wifi_degraded
wifi_noise,9.0,noisy_sigma_db,9.0,110,adaptive_fusion,0.5447942701200942,0.3688712161570558,1.3696263897661525,0.01,0.82,0.564211235008584,exact overrides: {'wifi_model.noisy_sigma_db': 9.0}; source scenario=s2_wifi_degraded
wifi_noise,9.0,noisy_sigma_db,9.0,110,graph_diffusion_3,1.0268681929091867,0.8716182040370299,1.908494956140055,0.09,0.56,1.2917529766745388,exact overrides: {'wifi_model.noisy_sigma_db': 9.0}; source scenario=s2_wifi_degraded
wifi_noise,9.0,noisy_sigma_db,9.0,110,static_fusion,0.552765095746507,0.3688712161570558,1.3696263897661525,0.02,0.82,0.5238071946045436,exact overrides: {'wifi_model.noisy_sigma_db': 9.0}; source scenario=s2_wifi_degraded
wifi_noise,9.0,noisy_sigma_db,9.0,110,vlp_only,0.5447942701200942,0.3688712161570558,1.3696263897661525,0.01,0.82,0.564211235008584,exact overrides: {'wifi_model.noisy_sigma_db': 9.0}; source scenario=s2_wifi_degraded
wifi_noise,9.0,noisy_sigma_db,9.0,110,wifi_only,2.121227039182564,1.9227859838902936,3.60054894963404,0.47,0.25,2.774120597798464,exact overrides: {'wifi_model.noisy_sigma_db': 9.0}; source scenario=s2_wifi_degraded
